event	round	count	exit
cache-misses:u	1	600201	0
cache-misses:u	2	600361	0
tx-capacity:u	1	0	0
tx-capacity:u	2	0	0
tx-capacity:u	3	0	0
tx-capacity:u	4	0	0
tx-capacity:u	5	0	0
tx-capacity:u	6	0	0
tx-capacity:u	7	0	0
tx-capacity:u	8	0	0
tx-capacity:u	9	0	0
tx-capacity:u	10	0	0
tx-capacity:u	11	0	0
tx-capacity:u	12	0	0
tx-capacity:u	13	0	0
tx-capacity:u	14	0	0
tx-capacity:u	15	0	0
tx-capacity:u	16	0	0
tx-capacity:u	17	0	0
tx-capacity:u	18	0	0
tx-capacity:u	19	0	0
tx-capacity:u	20	0	0
tx-capacity:u	21	0	0
tx-capacity:u	22	0	0
tx-capacity:u	23	0	0
tx-capacity:u	24	0	0
tx-capacity:u	25	0	0
tx-capacity:u	26	0	0
tx-capacity:u	27	0	0
tx-capacity:u	28	0	0
tx-capacity:u	29	0	0
tx-capacity:u	30	0	0
tx-capacity:u	31	0	0
tx-capacity:u	32	0	0
tx-capacity:u	33	0	0
tx-capacity:u	34	0	0
tx-capacity:u	35	0	0
tx-capacity:u	36	0	0
tx-capacity:u	37	0	0
tx-capacity:u	38	0	0
tx-capacity:u	39	0	0
tx-capacity:u	40	0	0
tx-capacity:u	41	0	0
tx-capacity:u	42	0	0
tx-capacity:u	43	0	0
tx-capacity:u	44	0	0
tx-capacity:u	45	0	0
tx-capacity:u	46	0	0
tx-capacity:u	47	0	0
tx-capacity:u	48	0	0
tx-capacity:u	49	0	0
tx-capacity:u	50	0	0
tx-capacity:u	51	0	0
tx-capacity:u	52	0	0
tx-capacity:u	53	0	0
tx-capacity:u	54	0	0
tx-capacity:u	55	0	0
tx-capacity:u	56	0	0
tx-capacity:u	57	0	0
tx-capacity:u	58	0	0
tx-capacity:u	59	0	0
tx-capacity:u	60	0	0
tx-capacity:u	61	0	0
tx-capacity:u	62	0	0
tx-capacity:u	63	0	0
tx-capacity:u	64	0	0
tx-capacity:u	65	0	0
tx-capacity:u	66	0	0
tx-capacity:u	67	0	0
tx-capacity:u	68	0	0
tx-capacity:u	69	0	0
tx-capacity:u	70	0	0
tx-capacity:u	71	0	0
tx-capacity:u	72	0	0
tx-capacity:u	73	0	0
tx-capacity:u	74	0	0
tx-capacity:u	75	0	0
tx-capacity:u	76	0	0
tx-capacity:u	77	0	0
tx-capacity:u	78	0	0
tx-capacity:u	79	0	0
tx-capacity:u	80	0	0
tx-capacity:u	81	0	0
tx-capacity:u	82	0	0
tx-capacity:u	83	0	0
tx-capacity:u	84	0	0
tx-capacity:u	85	0	0
tx-capacity:u	86	0	0
tx-capacity:u	87	0	0
tx-capacity:u	88	0	0
tx-capacity:u	89	0	0
tx-capacity:u	90	0	0
tx-capacity:u	91	0	0
tx-capacity:u	92	0	0
tx-capacity:u	93	0	0
tx-capacity:u	94	0	0
tx-capacity:u	95	0	0
tx-capacity:u	96	0	0
tx-capacity:u	97	0	0
tx-capacity:u	98	0	0
tx-capacity:u	99	0	0
tx-capacity:u	100	0	0
tx-capacity:u	101	0	0
tx-capacity:u	102	0	0
tx-capacity:u	103	0	0
tx-capacity:u	104	0	0
tx-capacity:u	105	0	0
tx-capacity:u	106	0	0
tx-capacity:u	107	0	0
tx-capacity:u	108	0	0
tx-capacity:u	109	0	0
tx-capacity:u	110	0	0
tx-capacity:u	111	0	0
tx-capacity:u	112	0	0
tx-capacity:u	113	0	0
tx-capacity:u	114	0	0
tx-capacity:u	115	0	0
tx-capacity:u	116	0	0
tx-capacity:u	117	0	0
tx-capacity:u	118	0	0
tx-capacity:u	119	0	0
tx-capacity:u	120	0	0
tx-capacity:u	121	0	0
tx-capacity:u	122	0	0
tx-capacity:u	123	0	0
tx-capacity:u	124	0	0
tx-capacity:u	125	0	0
tx-capacity:u	126	0	0
tx-capacity:u	127	0	0
tx-capacity:u	128	0	0
tx-capacity:u	129	0	0
tx-capacity:u	130	0	0
tx-capacity:u	131	0	0
tx-capacity:u	132	0	0
tx-capacity:u	133	0	0
tx-capacity:u	134	0	0
tx-capacity:u	135	0	0
tx-capacity:u	136	0	0
tx-capacity:u	137	0	0
tx-capacity:u	138	0	0
tx-capacity:u	139	0	0
tx-capacity:u	140	0	0
tx-capacity:u	141	0	0
tx-capacity:u	142	0	0
tx-capacity:u	143	0	0
tx-capacity:u	144	0	0
tx-capacity:u	145	0	0
tx-capacity:u	146	0	0
tx-capacity:u	147	0	0
tx-capacity:u	148	0	0
tx-capacity:u	149	0	0
tx-capacity:u	150	0	0
tx-capacity:u	151	0	0
tx-capacity:u	152	0	0
tx-capacity:u	153	0	0
tx-capacity:u	154	0	0
tx-capacity:u	155	0	0
tx-capacity:u	156	0	0
tx-capacity:u	157	0	0
tx-capacity:u	158	0	0
tx-capacity:u	159	0	0
tx-capacity:u	160	0	0
tx-capacity:u	161	0	0
tx-capacity:u	162	0	0
tx-capacity:u	163	0	0
tx-capacity:u	164	0	0
tx-capacity:u	165	0	0
tx-capacity:u	166	0	0
tx-capacity:u	167	0	0
tx-capacity:u	168	0	0
tx-capacity:u	169	0	0
tx-capacity:u	170	0	0
tx-capacity:u	171	0	0
tx-capacity:u	172	0	0
tx-capacity:u	173	0	0
tx-capacity:u	174	0	0
tx-capacity:u	175	0	0
tx-capacity:u	176	0	0
tx-capacity:u	177	0	0
tx-capacity:u	178	0	0
tx-capacity:u	179	0	0
tx-capacity:u	180	0	0
tx-capacity:u	181	0	0
tx-capacity:u	182	0	0
tx-capacity:u	183	0	0
tx-capacity:u	184	0	0
tx-capacity:u	185	0	0
tx-capacity:u	186	0	0
tx-capacity:u	187	0	0
tx-capacity:u	188	0	0
tx-capacity:u	189	0	0
tx-capacity:u	190	0	0
tx-capacity:u	191	0	0
tx-capacity:u	192	0	0
tx-capacity:u	193	0	0
tx-capacity:u	194	0	0
tx-capacity:u	195	0	0
tx-capacity:u	196	0	0
tx-capacity:u	197	0	0
tx-capacity:u	198	0	0
tx-capacity:u	199	0	0
tx-capacity:u	200	0	0
tx-capacity:u	201	0	0
tx-capacity:u	202	0	0
tx-capacity:u	203	0	0
tx-capacity:u	204	0	0
tx-capacity:u	205	0	0
tx-capacity:u	206	0	0
tx-capacity:u	207	0	0
tx-capacity:u	208	0	0
tx-capacity:u	209	0	0
tx-capacity:u	210	0	0
tx-capacity:u	211	0	0
tx-capacity:u	212	0	0
tx-capacity:u	213	0	0
tx-capacity:u	214	0	0
tx-capacity:u	215	0	0
tx-capacity:u	216	0	0
tx-capacity:u	217	0	0
tx-capacity:u	218	0	0
tx-capacity:u	219	0	0
tx-capacity:u	220	0	0
tx-capacity:u	221	0	0
tx-capacity:u	222	0	0
tx-capacity:u	223	0	0
tx-capacity:u	224	0	0
tx-capacity:u	225	0	0
tx-capacity:u	226	0	0
tx-capacity:u	227	0	0
tx-capacity:u	228	0	0
tx-capacity:u	229	0	0
tx-capacity:u	230	0	0
tx-capacity:u	231	0	0
tx-capacity:u	232	0	0
tx-capacity:u	233	0	0
tx-capacity:u	234	0	0
tx-capacity:u	235	0	0
tx-capacity:u	236	0	0
tx-capacity:u	237	0	0
tx-capacity:u	238	0	0
tx-capacity:u	239	0	0
tx-capacity:u	240	0	0
tx-capacity:u	241	0	0
tx-capacity:u	242	0	0
tx-capacity:u	243	0	0
tx-capacity:u	244	0	0
tx-capacity:u	245	0	0
tx-capacity:u	246	0	0
tx-capacity:u	247	0	0
tx-capacity:u	248	0	0
tx-capacity:u	249	0	0
tx-capacity:u	250	0	0
tx-capacity:u	251	0	0
tx-capacity:u	252	0	0
tx-capacity:u	253	0	0
tx-capacity:u	254	0	0
tx-capacity:u	255	0	0
tx-capacity:u	256	0	0
tx-capacity:u	257	0	0
tx-capacity:u	258	0	0
tx-capacity:u	259	0	0
tx-capacity:u	260	0	0
tx-capacity:u	261	0	0
tx-capacity:u	262	0	0
tx-capacity:u	263	0	0
tx-capacity:u	264	0	0
tx-capacity:u	265	0	0
tx-capacity:u	266	0	0
tx-capacity:u	267	0	0
tx-capacity:u	268	0	0
tx-capacity:u	269	0	0
tx-capacity:u	270	0	0
tx-capacity:u	271	0	0
tx-capacity:u	272	0	0
tx-capacity:u	273	0	0
tx-capacity:u	274	0	0
tx-capacity:u	275	0	0
tx-capacity:u	276	0	0
tx-capacity:u	277	0	0
tx-capacity:u	278	0	0
tx-capacity:u	279	0	0
tx-capacity:u	280	0	0
tx-capacity:u	281	0	0
tx-capacity:u	282	0	0
tx-capacity:u	283	0	0
tx-capacity:u	284	0	0
tx-capacity:u	285	0	0
tx-capacity:u	286	0	0
tx-capacity:u	287	0	0
tx-capacity:u	288	0	0
tx-capacity:u	289	0	0
tx-capacity:u	290	0	0
tx-capacity:u	291	0	0
tx-capacity:u	292	0	0
tx-capacity:u	293	0	0
tx-capacity:u	294	0	0
tx-capacity:u	295	0	0
tx-capacity:u	296	0	0
tx-capacity:u	297	0	0
tx-capacity:u	298	0	0
tx-capacity:u	299	0	0
tx-capacity:u	300	0	0
tx-capacity:u	301	0	0
tx-capacity:u	302	0	0
tx-capacity:u	303	0	0
tx-capacity:u	304	0	0
tx-capacity:u	305	0	0
tx-capacity:u	306	0	0
tx-capacity:u	307	0	0
tx-capacity:u	308	0	0
tx-capacity:u	309	0	0
tx-capacity:u	310	0	0
tx-capacity:u	311	0	0
tx-capacity:u	312	0	0
tx-capacity:u	313	0	0
tx-capacity:u	314	0	0
tx-capacity:u	315	0	0
tx-capacity:u	316	0	0
tx-capacity:u	317	0	0
tx-capacity:u	318	0	0
tx-capacity:u	319	0	0
tx-capacity:u	320	0	0
tx-capacity:u	321	0	0
tx-capacity:u	322	0	0
tx-capacity:u	323	0	0
tx-capacity:u	324	0	0
tx-capacity:u	325	0	0
tx-capacity:u	326	0	0
tx-capacity:u	327	0	0
tx-capacity:u	328	0	0
tx-capacity:u	329	0	0
tx-capacity:u	330	0	0
tx-capacity:u	331	0	0
tx-capacity:u	332	0	0
tx-capacity:u	333	0	0
tx-capacity:u	334	0	0
tx-capacity:u	335	0	0
tx-capacity:u	336	0	0
tx-capacity:u	337	0	0
tx-capacity:u	338	0	0
tx-capacity:u	339	0	0
tx-capacity:u	340	0	0
tx-capacity:u	341	0	0
tx-capacity:u	342	0	0
tx-capacity:u	343	0	0
tx-capacity:u	344	0	0
tx-capacity:u	345	0	0
tx-capacity:u	346	0	0
tx-capacity:u	347	0	0
tx-capacity:u	348	0	0
tx-capacity:u	349	0	0
tx-capacity:u	350	0	0
tx-capacity:u	351	0	0
tx-capacity:u	352	0	0
tx-capacity:u	353	0	0
tx-capacity:u	354	0	0
tx-capacity:u	355	0	0
tx-capacity:u	356	0	0
tx-capacity:u	357	0	0
tx-capacity:u	358	0	0
tx-capacity:u	359	0	0
tx-capacity:u	360	0	0
tx-capacity:u	361	0	0
tx-capacity:u	362	0	0
tx-capacity:u	363	0	0
tx-capacity:u	364	0	0
tx-capacity:u	365	0	0
tx-capacity:u	366	0	0
tx-capacity:u	367	0	0
tx-capacity:u	368	0	0
tx-capacity:u	369	0	0
tx-capacity:u	370	0	0
tx-capacity:u	371	0	0
tx-capacity:u	372	0	0
tx-capacity:u	373	0	0
tx-capacity:u	374	0	0
tx-capacity:u	375	0	0
tx-capacity:u	376	0	0
tx-capacity:u	377	0	0
tx-capacity:u	378	0	0
tx-capacity:u	379	0	0
tx-capacity:u	380	0	0
tx-capacity:u	381	0	0
tx-capacity:u	382	0	0
tx-capacity:u	383	0	0
tx-capacity:u	384	0	0
tx-capacity:u	385	0	0
tx-capacity:u	386	0	0
tx-capacity:u	387	0	0
tx-capacity:u	388	0	0
tx-capacity:u	389	0	0
tx-capacity:u	390	0	0
tx-capacity:u	391	0	0
tx-capacity:u	392	0	0
tx-capacity:u	393	0	0
tx-capacity:u	394	0	0
tx-capacity:u	395	0	0
tx-capacity:u	396	0	0
tx-capacity:u	397	0	0
tx-capacity:u	398	0	0
tx-capacity:u	399	0	0
tx-capacity:u	400	0	0
tx-capacity:u	401	0	0
tx-capacity:u	402	0	0
tx-capacity:u	403	0	0
tx-capacity:u	404	0	0
tx-capacity:u	405	0	0
tx-capacity:u	406	0	0
tx-capacity:u	407	0	0
tx-capacity:u	408	0	0
tx-capacity:u	409	0	0
tx-capacity:u	410	0	0
tx-capacity:u	411	0	0
tx-capacity:u	412	0	0
tx-capacity:u	413	0	0
tx-capacity:u	414	0	0
tx-capacity:u	415	0	0
tx-capacity:u	416	0	0
tx-capacity:u	417	0	0
tx-capacity:u	418	0	0
tx-capacity:u	419	0	0
tx-capacity:u	420	0	0
tx-capacity:u	421	0	0
tx-capacity:u	422	0	0
tx-capacity:u	423	0	0
tx-capacity:u	424	0	0
tx-capacity:u	425	0	0
tx-capacity:u	426	0	0
tx-capacity:u	427	0	0
tx-capacity:u	428	0	0
tx-capacity:u	429	0	0
tx-capacity:u	430	0	0
tx-capacity:u	431	0	0
tx-capacity:u	432	0	0
tx-capacity:u	433	0	0
tx-capacity:u	434	0	0
tx-capacity:u	435	0	0
tx-capacity:u	436	0	0
tx-capacity:u	437	0	0
tx-capacity:u	438	0	0
tx-capacity:u	439	0	0
tx-capacity:u	440	0	0
tx-capacity:u	441	0	0
tx-capacity:u	442	0	0
tx-capacity:u	443	0	0
tx-capacity:u	444	0	0
tx-capacity:u	445	0	0
tx-capacity:u	446	0	0
tx-capacity:u	447	0	0
tx-capacity:u	448	0	0
tx-capacity:u	449	0	0
tx-capacity:u	450	0	0
tx-capacity:u	451	0	0
tx-capacity:u	452	0	0
tx-capacity:u	453	0	0
tx-capacity:u	454	0	0
tx-capacity:u	455	0	0
tx-capacity:u	456	0	0
tx-capacity:u	457	0	0
tx-capacity:u	458	0	0
tx-capacity:u	459	0	0
tx-capacity:u	460	0	0
tx-capacity:u	461	0	0
tx-capacity:u	462	0	0
tx-capacity:u	463	0	0
tx-capacity:u	464	0	0
tx-capacity:u	465	0	0
tx-capacity:u	466	0	0
tx-capacity:u	467	0	0
tx-capacity:u	468	0	0
tx-capacity:u	469	0	0
tx-capacity:u	470	0	0
tx-capacity:u	471	0	0
tx-capacity:u	472	0	0
tx-capacity:u	473	0	0
tx-capacity:u	474	0	0
tx-capacity:u	475	0	0
tx-capacity:u	476	0	0
tx-capacity:u	477	0	0
tx-capacity:u	478	0	0
tx-capacity:u	479	0	0
tx-capacity:u	480	0	0
tx-capacity:u	481	0	0
tx-capacity:u	482	0	0
tx-capacity:u	483	0	0
tx-capacity:u	484	0	0
tx-capacity:u	485	0	0
tx-capacity:u	486	0	0
tx-capacity:u	487	0	0
tx-capacity:u	488	0	0
tx-capacity:u	489	0	0
tx-capacity:u	490	0	0
tx-capacity:u	491	0	0
tx-capacity:u	492	0	0
tx-capacity:u	493	0	0
tx-capacity:u	494	0	0
tx-capacity:u	495	0	0
tx-capacity:u	496	0	0
tx-capacity:u	497	0	0
tx-capacity:u	498	0	0
tx-capacity:u	499	0	0
tx-capacity:u	500	0	0
tx-capacity:u	501	0	0
tx-capacity:u	502	0	0
tx-capacity:u	503	0	0
tx-capacity:u	504	0	0
tx-capacity:u	505	0	0
tx-capacity:u	506	0	0
tx-capacity:u	507	0	0
tx-capacity:u	508	0	0
tx-capacity:u	509	0	0
tx-capacity:u	510	0	0
tx-capacity:u	511	0	0
tx-capacity:u	512	0	0
tx-capacity:u	513	0	0
tx-capacity:u	514	0	0
tx-capacity:u	515	0	0
tx-capacity:u	516	0	0
tx-capacity:u	517	0	0
tx-capacity:u	518	0	0
tx-capacity:u	519	0	0
tx-capacity:u	520	0	0
tx-capacity:u	521	0	0
tx-capacity:u	522	0	0
tx-capacity:u	523	0	0
tx-capacity:u	524	0	0
tx-capacity:u	525	0	0
tx-capacity:u	526	0	0
tx-capacity:u	527	0	0
tx-capacity:u	528	0	0
tx-capacity:u	529	0	0
tx-capacity:u	530	0	0
tx-capacity:u	531	0	0
tx-capacity:u	532	0	0
tx-capacity:u	533	0	0
tx-capacity:u	534	0	0
tx-capacity:u	535	0	0
tx-capacity:u	536	0	0
tx-capacity:u	537	0	0
tx-capacity:u	538	0	0
tx-capacity:u	539	0	0
tx-capacity:u	540	0	0
tx-capacity:u	541	0	0
tx-capacity:u	542	0	0
tx-capacity:u	543	0	0
tx-capacity:u	544	0	0
tx-capacity:u	545	0	0
tx-capacity:u	546	0	0
tx-capacity:u	547	0	0
tx-capacity:u	548	0	0
tx-capacity:u	549	0	0
tx-capacity:u	550	0	0
tx-capacity:u	551	0	0
tx-capacity:u	552	0	0
tx-capacity:u	553	0	0
tx-capacity:u	554	0	0
tx-capacity:u	555	0	0
tx-capacity:u	556	0	0
tx-capacity:u	557	0	0
tx-capacity:u	558	0	0
tx-capacity:u	559	0	0
tx-capacity:u	560	0	0
tx-capacity:u	561	0	0
tx-capacity:u	562	0	0
tx-capacity:u	563	0	0
tx-capacity:u	564	0	0
tx-capacity:u	565	0	0
tx-capacity:u	566	0	0
tx-capacity:u	567	0	0
tx-capacity:u	568	0	0
tx-capacity:u	569	0	0
tx-capacity:u	570	0	0
tx-capacity:u	571	0	0
tx-capacity:u	572	0	0
tx-capacity:u	573	0	0
tx-capacity:u	574	0	0
tx-capacity:u	575	0	0
tx-capacity:u	576	0	0
tx-capacity:u	577	0	0
tx-capacity:u	578	0	0
tx-capacity:u	579	0	0
tx-capacity:u	580	0	0
tx-capacity:u	581	0	0
tx-capacity:u	582	0	0
tx-capacity:u	583	0	0
tx-capacity:u	584	0	0
tx-capacity:u	585	0	0
tx-capacity:u	586	0	0
tx-capacity:u	587	0	0
tx-capacity:u	588	0	0
tx-capacity:u	589	0	0
tx-capacity:u	590	0	0
tx-capacity:u	591	0	0
tx-capacity:u	592	0	0
tx-capacity:u	593	0	0
tx-capacity:u	594	0	0
tx-capacity:u	595	0	0
tx-capacity:u	596	0	0
tx-capacity:u	597	0	0
tx-capacity:u	598	0	0
tx-capacity:u	599	0	0
tx-capacity:u	600	0	0
tx-capacity:u	601	0	0
tx-capacity:u	602	0	0
tx-capacity:u	603	0	0
tx-capacity:u	604	0	0
tx-capacity:u	605	0	0
tx-capacity:u	606	0	0
tx-capacity:u	607	0	0
tx-capacity:u	608	0	0
tx-capacity:u	609	0	0
tx-capacity:u	610	0	0
tx-capacity:u	611	0	0
tx-capacity:u	612	0	0
tx-capacity:u	613	0	0
tx-capacity:u	614	0	0
tx-capacity:u	615	0	0
tx-capacity:u	616	0	0
tx-capacity:u	617	0	0
tx-capacity:u	618	0	0
tx-capacity:u	619	0	0
tx-capacity:u	620	0	0
tx-capacity:u	621	0	0
tx-capacity:u	622	0	0
tx-capacity:u	623	0	0
tx-capacity:u	624	0	0
tx-capacity:u	625	0	0
tx-capacity:u	626	0	0
tx-capacity:u	627	0	0
tx-capacity:u	628	0	0
tx-capacity:u	629	0	0
tx-capacity:u	630	0	0
tx-capacity:u	631	0	0
tx-capacity:u	632	0	0
tx-capacity:u	633	0	0
tx-capacity:u	634	0	0
tx-capacity:u	635	0	0
tx-capacity:u	636	0	0
tx-capacity:u	637	0	0
tx-capacity:u	638	0	0
tx-capacity:u	639	0	0
tx-capacity:u	640	0	0
tx-capacity:u	641	0	0
tx-capacity:u	642	0	0
tx-capacity:u	643	0	0
tx-capacity:u	644	0	0
tx-capacity:u	645	0	0
tx-capacity:u	646	0	0
tx-capacity:u	647	0	0
tx-capacity:u	648	0	0
tx-capacity:u	649	0	0
tx-capacity:u	650	0	0
tx-capacity:u	651	0	0
tx-capacity:u	652	0	0
tx-capacity:u	653	0	0
tx-capacity:u	654	0	0
tx-capacity:u	655	0	0
tx-capacity:u	656	0	0
tx-capacity:u	657	0	0
tx-capacity:u	658	0	0
tx-capacity:u	659	0	0
tx-capacity:u	660	0	0
tx-capacity:u	661	0	0
tx-capacity:u	662	0	0
tx-capacity:u	663	0	0
tx-capacity:u	664	0	0
tx-capacity:u	665	0	0
tx-capacity:u	666	0	0
tx-capacity:u	667	0	0
tx-capacity:u	668	0	0
tx-capacity:u	669	0	0
tx-capacity:u	670	0	0
tx-capacity:u	671	0	0
tx-capacity:u	672	0	0
tx-capacity:u	673	0	0
tx-capacity:u	674	0	0
tx-capacity:u	675	0	0
tx-capacity:u	676	0	0
tx-capacity:u	677	0	0
tx-capacity:u	678	0	0
tx-capacity:u	679	0	0
tx-capacity:u	680	0	0
tx-capacity:u	681	0	0
tx-capacity:u	682	0	0
tx-capacity:u	683	0	0
tx-capacity:u	684	0	0
tx-capacity:u	685	0	0
tx-capacity:u	686	0	0
tx-capacity:u	687	0	0
tx-capacity:u	688	0	0
tx-capacity:u	689	0	0
tx-capacity:u	690	0	0
tx-capacity:u	691	0	0
tx-capacity:u	692	0	0
tx-capacity:u	693	0	0
tx-capacity:u	694	0	0
tx-capacity:u	695	0	0
tx-capacity:u	696	0	0
tx-capacity:u	697	0	0
tx-capacity:u	698	0	0
tx-capacity:u	699	0	0
tx-capacity:u	700	0	0
tx-capacity:u	701	0	0
tx-capacity:u	702	0	0
tx-capacity:u	703	0	0
tx-capacity:u	704	0	0
tx-capacity:u	705	0	0
tx-capacity:u	706	0	0
tx-capacity:u	707	0	0
tx-capacity:u	708	0	0
tx-capacity:u	709	0	0
tx-capacity:u	710	0	0
tx-capacity:u	711	0	0
tx-capacity:u	712	0	0
tx-capacity:u	713	0	0
tx-capacity:u	714	0	0
tx-capacity:u	715	0	0
tx-capacity:u	716	0	0
tx-capacity:u	717	0	0
tx-capacity:u	718	0	0
tx-capacity:u	719	0	0
tx-capacity:u	720	0	0
tx-capacity:u	721	0	0
tx-capacity:u	722	0	0
tx-capacity:u	723	0	0
tx-capacity:u	724	0	0
tx-capacity:u	725	0	0
tx-capacity:u	726	0	0
tx-capacity:u	727	0	0
tx-capacity:u	728	0	0
tx-capacity:u	729	0	0
tx-capacity:u	730	0	0
tx-capacity:u	731	0	0
tx-capacity:u	732	0	0
tx-capacity:u	733	0	0
tx-capacity:u	734	0	0
tx-capacity:u	735	0	0
tx-capacity:u	736	0	0
tx-capacity:u	737	0	0
tx-capacity:u	738	0	0
tx-capacity:u	739	0	0
tx-capacity:u	740	0	0
tx-capacity:u	741	0	0
tx-capacity:u	742	0	0
tx-capacity:u	743	0	0
tx-capacity:u	744	0	0
tx-capacity:u	745	0	0
tx-capacity:u	746	0	0
tx-capacity:u	747	0	0
tx-capacity:u	748	0	0
tx-capacity:u	749	0	0
tx-capacity:u	750	0	0
tx-capacity:u	751	0	0
tx-capacity:u	752	0	0
tx-capacity:u	753	0	0
tx-capacity:u	754	0	0
tx-capacity:u	755	0	0
tx-capacity:u	756	0	0
tx-capacity:u	757	0	0
tx-capacity:u	758	0	0
tx-capacity:u	759	0	0
tx-capacity:u	760	0	0
tx-capacity:u	761	0	0
tx-capacity:u	762	0	0
tx-capacity:u	763	0	0
tx-capacity:u	764	0	0
tx-capacity:u	765	0	0
tx-capacity:u	766	0	0
tx-capacity:u	767	0	0
tx-capacity:u	768	0	0
tx-capacity:u	769	0	0
tx-capacity:u	770	0	0
tx-capacity:u	771	0	0
tx-capacity:u	772	0	0
tx-capacity:u	773	0	0
tx-capacity:u	774	0	0
tx-capacity:u	775	0	0
tx-capacity:u	776	0	0
tx-capacity:u	777	0	0
tx-capacity:u	778	0	0
tx-capacity:u	779	0	0
tx-capacity:u	780	0	0
tx-capacity:u	781	0	0
tx-capacity:u	782	0	0
tx-capacity:u	783	0	0
tx-capacity:u	784	0	0
tx-capacity:u	785	0	0
tx-capacity:u	786	0	0
tx-capacity:u	787	0	0
tx-capacity:u	788	0	0
tx-capacity:u	789	0	0
tx-capacity:u	790	0	0
tx-capacity:u	791	0	0
tx-capacity:u	792	0	0
tx-capacity:u	793	0	0
tx-capacity:u	794	0	0
tx-capacity:u	795	0	0
tx-capacity:u	796	0	0
tx-capacity:u	797	0	0
tx-capacity:u	798	0	0
tx-capacity:u	799	0	0
tx-capacity:u	800	0	0
tx-capacity:u	801	0	0
tx-capacity:u	802	0	0
tx-capacity:u	803	0	0
tx-capacity:u	804	0	0
tx-capacity:u	805	0	0
tx-capacity:u	806	0	0
tx-capacity:u	807	0	0
tx-capacity:u	808	0	0
tx-capacity:u	809	0	0
tx-capacity:u	810	0	0
tx-capacity:u	811	0	0
tx-capacity:u	812	0	0
tx-capacity:u	813	0	0
tx-capacity:u	814	0	0
tx-capacity:u	815	0	0
tx-capacity:u	816	0	0
tx-capacity:u	817	0	0
tx-capacity:u	818	0	0
tx-capacity:u	819	0	0
tx-capacity:u	820	0	0
tx-capacity:u	821	0	0
tx-capacity:u	822	0	0
tx-capacity:u	823	0	0
tx-capacity:u	824	0	0
tx-capacity:u	825	0	0
tx-capacity:u	826	0	0
tx-capacity:u	827	0	0
tx-capacity:u	828	0	0
tx-capacity:u	829	0	0
tx-capacity:u	830	0	0
tx-capacity:u	831	0	0
tx-capacity:u	832	0	0
tx-capacity:u	833	0	0
tx-capacity:u	834	0	0
tx-capacity:u	835	0	0
tx-capacity:u	836	0	0
tx-capacity:u	837	0	0
tx-capacity:u	838	0	0
tx-capacity:u	839	0	0
tx-capacity:u	840	0	0
tx-capacity:u	841	0	0
tx-capacity:u	842	0	0
tx-capacity:u	843	0	0
tx-capacity:u	844	0	0
tx-capacity:u	845	0	0
tx-capacity:u	846	0	0
tx-capacity:u	847	0	0
tx-capacity:u	848	0	0
tx-capacity:u	849	0	0
tx-capacity:u	850	0	0
tx-capacity:u	851	0	0
tx-capacity:u	852	0	0
tx-capacity:u	853	0	0
tx-capacity:u	854	0	0
tx-capacity:u	855	0	0
tx-capacity:u	856	0	0
tx-capacity:u	857	0	0
tx-capacity:u	858	0	0
tx-capacity:u	859	0	0
tx-capacity:u	860	0	0
tx-capacity:u	861	0	0
tx-capacity:u	862	0	0
tx-capacity:u	863	0	0
tx-capacity:u	864	0	0
tx-capacity:u	865	0	0
tx-capacity:u	866	0	0
tx-capacity:u	867	0	0
tx-capacity:u	868	0	0
tx-capacity:u	869	0	0
tx-capacity:u	870	0	0
tx-capacity:u	871	0	0
tx-capacity:u	872	0	0
tx-capacity:u	873	0	0
tx-capacity:u	874	0	0
tx-capacity:u	875	0	0
tx-capacity:u	876	0	0
tx-capacity:u	877	0	0
tx-capacity:u	878	0	0
tx-capacity:u	879	0	0
tx-capacity:u	880	0	0
tx-capacity:u	881	0	0
tx-capacity:u	882	0	0
tx-capacity:u	883	0	0
tx-capacity:u	884	0	0
tx-capacity:u	885	0	0
tx-capacity:u	886	0	0
tx-capacity:u	887	0	0
tx-capacity:u	888	0	0
tx-capacity:u	889	0	0
tx-capacity:u	890	0	0
tx-capacity:u	891	0	0
tx-capacity:u	892	0	0
tx-capacity:u	893	0	0
tx-capacity:u	894	0	0
tx-capacity:u	895	0	0
tx-capacity:u	896	0	0
tx-capacity:u	897	0	0
tx-capacity:u	898	0	0
tx-capacity:u	899	0	0
tx-capacity:u	900	0	0
tx-capacity:u	901	0	0
tx-capacity:u	902	0	0
tx-capacity:u	903	0	0
tx-capacity:u	904	0	0
tx-capacity:u	905	0	0
tx-capacity:u	906	0	0
tx-capacity:u	907	0	0
tx-capacity:u	908	0	0
tx-capacity:u	909	0	0
tx-capacity:u	910	0	0
tx-capacity:u	911	0	0
tx-capacity:u	912	0	0
tx-capacity:u	913	0	0
tx-capacity:u	914	0	0
tx-capacity:u	915	0	0
tx-capacity:u	916	0	0
tx-capacity:u	917	0	0
tx-capacity:u	918	0	0
tx-capacity:u	919	0	0
tx-capacity:u	920	0	0
tx-capacity:u	921	0	0
tx-capacity:u	922	0	0
tx-capacity:u	923	0	0
tx-capacity:u	924	0	0
tx-capacity:u	925	0	0
tx-capacity:u	926	0	0
tx-capacity:u	927	0	0
tx-capacity:u	928	0	0
tx-capacity:u	929	0	0
tx-capacity:u	930	0	0
tx-capacity:u	931	0	0
tx-capacity:u	932	0	0
tx-capacity:u	933	0	0
tx-capacity:u	934	0	0
tx-capacity:u	935	0	0
tx-capacity:u	936	0	0
tx-capacity:u	937	0	0
tx-capacity:u	938	0	0
tx-capacity:u	939	0	0
tx-capacity:u	940	0	0
tx-capacity:u	941	0	0
tx-capacity:u	942	0	0
tx-capacity:u	943	0	0
tx-capacity:u	944	0	0
tx-capacity:u	945	0	0
tx-capacity:u	946	0	0
tx-capacity:u	947	0	0
tx-capacity:u	948	0	0
tx-capacity:u	949	0	0
tx-capacity:u	950	0	0
tx-capacity:u	951	0	0
tx-capacity:u	952	0	0
tx-capacity:u	953	0	0
tx-capacity:u	954	0	0
tx-capacity:u	955	0	0
tx-capacity:u	956	0	0
tx-capacity:u	957	0	0
tx-capacity:u	958	0	0
tx-capacity:u	959	0	0
tx-capacity:u	960	0	0
tx-capacity:u	961	0	0
tx-capacity:u	962	0	0
tx-capacity:u	963	0	0
tx-capacity:u	964	0	0
tx-capacity:u	965	0	0
tx-capacity:u	966	0	0
tx-capacity:u	967	0	0
tx-capacity:u	968	0	0
tx-capacity:u	969	0	0
tx-capacity:u	970	0	0
tx-capacity:u	971	0	0
tx-capacity:u	972	0	0
tx-capacity:u	973	0	0
tx-capacity:u	974	0	0
tx-capacity:u	975	0	0
tx-capacity:u	976	0	0
tx-capacity:u	977	0	0
tx-capacity:u	978	0	0
tx-capacity:u	979	0	0
tx-capacity:u	980	0	0
tx-capacity:u	981	0	0
tx-capacity:u	982	0	0
tx-capacity:u	983	0	0
tx-capacity:u	984	0	0
tx-capacity:u	985	0	0
tx-capacity:u	986	0	0
tx-capacity:u	987	0	0
tx-capacity:u	988	0	0
tx-capacity:u	989	0	0
tx-capacity:u	990	0	0
tx-capacity:u	991	0	0
tx-capacity:u	992	0	0
tx-capacity:u	993	0	0
tx-capacity:u	994	0	0
tx-capacity:u	995	0	0
tx-capacity:u	996	0	0
tx-capacity:u	997	0	0
tx-capacity:u	998	0	0
tx-capacity:u	999	0	0
tx-capacity:u	1000	0	0
l2_rqsts.code_rd_hit:u	1	21343	0
l2_rqsts.code_rd_hit:u	2	20137	0
mem_inst_retired.stlb_miss_loads:u	1	400004	0
mem_inst_retired.stlb_miss_loads:u	2	400003	0
sw_prefetch_access.nta:u	1	100016	0
sw_prefetch_access.nta:u	2	100016	0
sw_prefetch_access.nta:u	3	100026	0
dsb2mite_switches.count:u	1	1215575	0
dsb2mite_switches.count:u	2	1209229	0
idq.ms_mite_uops:u	1	12864740495	0
idq.ms_mite_uops:u	2	12862989113	0
machine_clears.memory_ordering:u	1	99980	0
machine_clears.memory_ordering:u	2	99986	0
tx_mem.abort_hle_store_to_elided_lock:u	1	0	0
tx_mem.abort_hle_store_to_elided_lock:u	2	0	0
tx_mem.abort_hle_store_to_elided_lock:u	3	0	0
tx_mem.abort_hle_store_to_elided_lock:u	4	0	0
tx_mem.abort_hle_store_to_elided_lock:u	5	0	0
tx_mem.abort_hle_store_to_elided_lock:u	6	0	0
tx_mem.abort_hle_store_to_elided_lock:u	7	0	0
tx_mem.abort_hle_store_to_elided_lock:u	8	0	0
tx_mem.abort_hle_store_to_elided_lock:u	9	0	0
tx_mem.abort_hle_store_to_elided_lock:u	10	0	0
tx_mem.abort_hle_store_to_elided_lock:u	11	0	0
tx_mem.abort_hle_store_to_elided_lock:u	12	0	0
tx_mem.abort_hle_store_to_elided_lock:u	13	0	0
tx_mem.abort_hle_store_to_elided_lock:u	14	0	0
tx_mem.abort_hle_store_to_elided_lock:u	15	0	0
tx_mem.abort_hle_store_to_elided_lock:u	16	0	0
tx_mem.abort_hle_store_to_elided_lock:u	17	0	0
tx_mem.abort_hle_store_to_elided_lock:u	18	0	0
tx_mem.abort_hle_store_to_elided_lock:u	19	0	0
tx_mem.abort_hle_store_to_elided_lock:u	20	0	0
tx_mem.abort_hle_store_to_elided_lock:u	21	0	0
tx_mem.abort_hle_store_to_elided_lock:u	22	0	0
tx_mem.abort_hle_store_to_elided_lock:u	23	0	0
tx_mem.abort_hle_store_to_elided_lock:u	24	0	0
tx_mem.abort_hle_store_to_elided_lock:u	25	0	0
tx_mem.abort_hle_store_to_elided_lock:u	26	0	0
tx_mem.abort_hle_store_to_elided_lock:u	27	0	0
tx_mem.abort_hle_store_to_elided_lock:u	28	0	0
tx_mem.abort_hle_store_to_elided_lock:u	29	0	0
tx_mem.abort_hle_store_to_elided_lock:u	30	0	0
tx_mem.abort_hle_store_to_elided_lock:u	31	0	0
tx_mem.abort_hle_store_to_elided_lock:u	32	0	0
tx_mem.abort_hle_store_to_elided_lock:u	33	0	0
tx_mem.abort_hle_store_to_elided_lock:u	34	0	0
tx_mem.abort_hle_store_to_elided_lock:u	35	0	0
tx_mem.abort_hle_store_to_elided_lock:u	36	0	0
tx_mem.abort_hle_store_to_elided_lock:u	37	0	0
tx_mem.abort_hle_store_to_elided_lock:u	38	0	0
tx_mem.abort_hle_store_to_elided_lock:u	39	0	0
tx_mem.abort_hle_store_to_elided_lock:u	40	0	0
tx_mem.abort_hle_store_to_elided_lock:u	41	0	0
tx_mem.abort_hle_store_to_elided_lock:u	42	0	0
tx_mem.abort_hle_store_to_elided_lock:u	43	0	0
tx_mem.abort_hle_store_to_elided_lock:u	44	0	0
tx_mem.abort_hle_store_to_elided_lock:u	45	0	0
tx_mem.abort_hle_store_to_elided_lock:u	46	0	0
tx_mem.abort_hle_store_to_elided_lock:u	47	0	0
tx_mem.abort_hle_store_to_elided_lock:u	48	0	0
tx_mem.abort_hle_store_to_elided_lock:u	49	0	0
tx_mem.abort_hle_store_to_elided_lock:u	50	0	0
tx_mem.abort_hle_store_to_elided_lock:u	51	0	0
tx_mem.abort_hle_store_to_elided_lock:u	52	0	0
tx_mem.abort_hle_store_to_elided_lock:u	53	0	0
tx_mem.abort_hle_store_to_elided_lock:u	54	0	0
tx_mem.abort_hle_store_to_elided_lock:u	55	0	0
tx_mem.abort_hle_store_to_elided_lock:u	56	0	0
tx_mem.abort_hle_store_to_elided_lock:u	57	0	0
tx_mem.abort_hle_store_to_elided_lock:u	58	0	0
tx_mem.abort_hle_store_to_elided_lock:u	59	0	0
tx_mem.abort_hle_store_to_elided_lock:u	60	0	0
tx_mem.abort_hle_store_to_elided_lock:u	61	0	0
tx_mem.abort_hle_store_to_elided_lock:u	62	0	0
tx_mem.abort_hle_store_to_elided_lock:u	63	0	0
tx_mem.abort_hle_store_to_elided_lock:u	64	0	0
tx_mem.abort_hle_store_to_elided_lock:u	65	0	0
tx_mem.abort_hle_store_to_elided_lock:u	66	0	0
tx_mem.abort_hle_store_to_elided_lock:u	67	0	0
tx_mem.abort_hle_store_to_elided_lock:u	68	0	0
tx_mem.abort_hle_store_to_elided_lock:u	69	0	0
tx_mem.abort_hle_store_to_elided_lock:u	70	0	0
tx_mem.abort_hle_store_to_elided_lock:u	71	0	0
tx_mem.abort_hle_store_to_elided_lock:u	72	0	0
tx_mem.abort_hle_store_to_elided_lock:u	73	0	0
tx_mem.abort_hle_store_to_elided_lock:u	74	0	0
tx_mem.abort_hle_store_to_elided_lock:u	75	0	0
tx_mem.abort_hle_store_to_elided_lock:u	76	0	0
tx_mem.abort_hle_store_to_elided_lock:u	77	0	0
tx_mem.abort_hle_store_to_elided_lock:u	78	0	0
tx_mem.abort_hle_store_to_elided_lock:u	79	0	0
tx_mem.abort_hle_store_to_elided_lock:u	80	0	0
tx_mem.abort_hle_store_to_elided_lock:u	81	0	0
tx_mem.abort_hle_store_to_elided_lock:u	82	0	0
tx_mem.abort_hle_store_to_elided_lock:u	83	0	0
tx_mem.abort_hle_store_to_elided_lock:u	84	0	0
tx_mem.abort_hle_store_to_elided_lock:u	85	0	0
tx_mem.abort_hle_store_to_elided_lock:u	86	0	0
tx_mem.abort_hle_store_to_elided_lock:u	87	0	0
tx_mem.abort_hle_store_to_elided_lock:u	88	0	0
tx_mem.abort_hle_store_to_elided_lock:u	89	0	0
tx_mem.abort_hle_store_to_elided_lock:u	90	0	0
tx_mem.abort_hle_store_to_elided_lock:u	91	0	0
tx_mem.abort_hle_store_to_elided_lock:u	92	0	0
tx_mem.abort_hle_store_to_elided_lock:u	93	0	0
tx_mem.abort_hle_store_to_elided_lock:u	94	0	0
tx_mem.abort_hle_store_to_elided_lock:u	95	0	0
tx_mem.abort_hle_store_to_elided_lock:u	96	0	0
tx_mem.abort_hle_store_to_elided_lock:u	97	0	0
tx_mem.abort_hle_store_to_elided_lock:u	98	0	0
tx_mem.abort_hle_store_to_elided_lock:u	99	0	0
tx_mem.abort_hle_store_to_elided_lock:u	100	0	0
tx_mem.abort_hle_store_to_elided_lock:u	101	0	0
tx_mem.abort_hle_store_to_elided_lock:u	102	0	0
tx_mem.abort_hle_store_to_elided_lock:u	103	0	0
tx_mem.abort_hle_store_to_elided_lock:u	104	0	0
tx_mem.abort_hle_store_to_elided_lock:u	105	0	0
tx_mem.abort_hle_store_to_elided_lock:u	106	0	0
tx_mem.abort_hle_store_to_elided_lock:u	107	0	0
tx_mem.abort_hle_store_to_elided_lock:u	108	0	0
tx_mem.abort_hle_store_to_elided_lock:u	109	0	0
tx_mem.abort_hle_store_to_elided_lock:u	110	0	0
tx_mem.abort_hle_store_to_elided_lock:u	111	0	0
tx_mem.abort_hle_store_to_elided_lock:u	112	0	0
tx_mem.abort_hle_store_to_elided_lock:u	113	0	0
tx_mem.abort_hle_store_to_elided_lock:u	114	0	0
tx_mem.abort_hle_store_to_elided_lock:u	115	0	0
tx_mem.abort_hle_store_to_elided_lock:u	116	0	0
tx_mem.abort_hle_store_to_elided_lock:u	117	0	0
tx_mem.abort_hle_store_to_elided_lock:u	118	0	0
tx_mem.abort_hle_store_to_elided_lock:u	119	0	0
tx_mem.abort_hle_store_to_elided_lock:u	120	0	0
tx_mem.abort_hle_store_to_elided_lock:u	121	0	0
tx_mem.abort_hle_store_to_elided_lock:u	122	0	0
tx_mem.abort_hle_store_to_elided_lock:u	123	0	0
tx_mem.abort_hle_store_to_elided_lock:u	124	0	0
tx_mem.abort_hle_store_to_elided_lock:u	125	0	0
tx_mem.abort_hle_store_to_elided_lock:u	126	0	0
tx_mem.abort_hle_store_to_elided_lock:u	127	0	0
tx_mem.abort_hle_store_to_elided_lock:u	128	0	0
tx_mem.abort_hle_store_to_elided_lock:u	129	0	0
tx_mem.abort_hle_store_to_elided_lock:u	130	0	0
tx_mem.abort_hle_store_to_elided_lock:u	131	0	0
tx_mem.abort_hle_store_to_elided_lock:u	132	0	0
tx_mem.abort_hle_store_to_elided_lock:u	133	0	0
tx_mem.abort_hle_store_to_elided_lock:u	134	0	0
tx_mem.abort_hle_store_to_elided_lock:u	135	0	0
tx_mem.abort_hle_store_to_elided_lock:u	136	0	0
tx_mem.abort_hle_store_to_elided_lock:u	137	0	0
tx_mem.abort_hle_store_to_elided_lock:u	138	0	0
tx_mem.abort_hle_store_to_elided_lock:u	139	0	0
tx_mem.abort_hle_store_to_elided_lock:u	140	0	0
tx_mem.abort_hle_store_to_elided_lock:u	141	0	0
tx_mem.abort_hle_store_to_elided_lock:u	142	0	0
tx_mem.abort_hle_store_to_elided_lock:u	143	0	0
tx_mem.abort_hle_store_to_elided_lock:u	144	0	0
tx_mem.abort_hle_store_to_elided_lock:u	145	0	0
tx_mem.abort_hle_store_to_elided_lock:u	146	0	0
tx_mem.abort_hle_store_to_elided_lock:u	147	0	0
tx_mem.abort_hle_store_to_elided_lock:u	148	0	0
tx_mem.abort_hle_store_to_elided_lock:u	149	0	0
tx_mem.abort_hle_store_to_elided_lock:u	150	0	0
tx_mem.abort_hle_store_to_elided_lock:u	151	0	0
tx_mem.abort_hle_store_to_elided_lock:u	152	0	0
tx_mem.abort_hle_store_to_elided_lock:u	153	0	0
tx_mem.abort_hle_store_to_elided_lock:u	154	0	0
tx_mem.abort_hle_store_to_elided_lock:u	155	0	0
tx_mem.abort_hle_store_to_elided_lock:u	156	0	0
tx_mem.abort_hle_store_to_elided_lock:u	157	0	0
tx_mem.abort_hle_store_to_elided_lock:u	158	0	0
tx_mem.abort_hle_store_to_elided_lock:u	159	0	0
tx_mem.abort_hle_store_to_elided_lock:u	160	0	0
tx_mem.abort_hle_store_to_elided_lock:u	161	0	0
tx_mem.abort_hle_store_to_elided_lock:u	162	0	0
tx_mem.abort_hle_store_to_elided_lock:u	163	0	0
tx_mem.abort_hle_store_to_elided_lock:u	164	0	0
tx_mem.abort_hle_store_to_elided_lock:u	165	0	0
tx_mem.abort_hle_store_to_elided_lock:u	166	0	0
tx_mem.abort_hle_store_to_elided_lock:u	167	0	0
tx_mem.abort_hle_store_to_elided_lock:u	168	0	0
tx_mem.abort_hle_store_to_elided_lock:u	169	0	0
tx_mem.abort_hle_store_to_elided_lock:u	170	0	0
tx_mem.abort_hle_store_to_elided_lock:u	171	0	0
tx_mem.abort_hle_store_to_elided_lock:u	172	0	0
tx_mem.abort_hle_store_to_elided_lock:u	173	0	0
tx_mem.abort_hle_store_to_elided_lock:u	174	0	0
tx_mem.abort_hle_store_to_elided_lock:u	175	0	0
tx_mem.abort_hle_store_to_elided_lock:u	176	0	0
tx_mem.abort_hle_store_to_elided_lock:u	177	0	0
tx_mem.abort_hle_store_to_elided_lock:u	178	0	0
tx_mem.abort_hle_store_to_elided_lock:u	179	0	0
tx_mem.abort_hle_store_to_elided_lock:u	180	0	0
tx_mem.abort_hle_store_to_elided_lock:u	181	0	0
tx_mem.abort_hle_store_to_elided_lock:u	182	0	0
tx_mem.abort_hle_store_to_elided_lock:u	183	0	0
tx_mem.abort_hle_store_to_elided_lock:u	184	0	0
tx_mem.abort_hle_store_to_elided_lock:u	185	0	0
tx_mem.abort_hle_store_to_elided_lock:u	186	0	0
tx_mem.abort_hle_store_to_elided_lock:u	187	0	0
tx_mem.abort_hle_store_to_elided_lock:u	188	0	0
tx_mem.abort_hle_store_to_elided_lock:u	189	0	0
tx_mem.abort_hle_store_to_elided_lock:u	190	0	0
tx_mem.abort_hle_store_to_elided_lock:u	191	0	0
tx_mem.abort_hle_store_to_elided_lock:u	192	0	0
tx_mem.abort_hle_store_to_elided_lock:u	193	0	0
tx_mem.abort_hle_store_to_elided_lock:u	194	0	0
tx_mem.abort_hle_store_to_elided_lock:u	195	0	0
tx_mem.abort_hle_store_to_elided_lock:u	196	0	0
tx_mem.abort_hle_store_to_elided_lock:u	197	0	0
tx_mem.abort_hle_store_to_elided_lock:u	198	0	0
tx_mem.abort_hle_store_to_elided_lock:u	199	0	0
tx_mem.abort_hle_store_to_elided_lock:u	200	0	0
tx_mem.abort_hle_store_to_elided_lock:u	201	0	0
tx_mem.abort_hle_store_to_elided_lock:u	202	0	0
tx_mem.abort_hle_store_to_elided_lock:u	203	0	0
tx_mem.abort_hle_store_to_elided_lock:u	204	0	0
tx_mem.abort_hle_store_to_elided_lock:u	205	0	0
tx_mem.abort_hle_store_to_elided_lock:u	206	0	0
tx_mem.abort_hle_store_to_elided_lock:u	207	0	0
tx_mem.abort_hle_store_to_elided_lock:u	208	0	0
tx_mem.abort_hle_store_to_elided_lock:u	209	0	0
tx_mem.abort_hle_store_to_elided_lock:u	210	0	0
tx_mem.abort_hle_store_to_elided_lock:u	211	0	0
tx_mem.abort_hle_store_to_elided_lock:u	212	0	0
tx_mem.abort_hle_store_to_elided_lock:u	213	0	0
tx_mem.abort_hle_store_to_elided_lock:u	214	0	0
tx_mem.abort_hle_store_to_elided_lock:u	215	0	0
tx_mem.abort_hle_store_to_elided_lock:u	216	0	0
tx_mem.abort_hle_store_to_elided_lock:u	217	0	0
tx_mem.abort_hle_store_to_elided_lock:u	218	0	0
tx_mem.abort_hle_store_to_elided_lock:u	219	0	0
tx_mem.abort_hle_store_to_elided_lock:u	220	0	0
tx_mem.abort_hle_store_to_elided_lock:u	221	0	0
tx_mem.abort_hle_store_to_elided_lock:u	222	0	0
tx_mem.abort_hle_store_to_elided_lock:u	223	0	0
tx_mem.abort_hle_store_to_elided_lock:u	224	0	0
tx_mem.abort_hle_store_to_elided_lock:u	225	0	0
tx_mem.abort_hle_store_to_elided_lock:u	226	0	0
tx_mem.abort_hle_store_to_elided_lock:u	227	0	0
tx_mem.abort_hle_store_to_elided_lock:u	228	0	0
tx_mem.abort_hle_store_to_elided_lock:u	229	0	0
tx_mem.abort_hle_store_to_elided_lock:u	230	0	0
tx_mem.abort_hle_store_to_elided_lock:u	231	0	0
tx_mem.abort_hle_store_to_elided_lock:u	232	0	0
tx_mem.abort_hle_store_to_elided_lock:u	233	0	0
tx_mem.abort_hle_store_to_elided_lock:u	234	0	0
tx_mem.abort_hle_store_to_elided_lock:u	235	0	0
tx_mem.abort_hle_store_to_elided_lock:u	236	0	0
tx_mem.abort_hle_store_to_elided_lock:u	237	0	0
tx_mem.abort_hle_store_to_elided_lock:u	238	0	0
tx_mem.abort_hle_store_to_elided_lock:u	239	0	0
tx_mem.abort_hle_store_to_elided_lock:u	240	0	0
tx_mem.abort_hle_store_to_elided_lock:u	241	0	0
tx_mem.abort_hle_store_to_elided_lock:u	242	0	0
tx_mem.abort_hle_store_to_elided_lock:u	243	0	0
tx_mem.abort_hle_store_to_elided_lock:u	244	0	0
tx_mem.abort_hle_store_to_elided_lock:u	245	0	0
tx_mem.abort_hle_store_to_elided_lock:u	246	0	0
tx_mem.abort_hle_store_to_elided_lock:u	247	0	0
tx_mem.abort_hle_store_to_elided_lock:u	248	0	0
tx_mem.abort_hle_store_to_elided_lock:u	249	0	0
tx_mem.abort_hle_store_to_elided_lock:u	250	0	0
tx_mem.abort_hle_store_to_elided_lock:u	251	0	0
tx_mem.abort_hle_store_to_elided_lock:u	252	0	0
tx_mem.abort_hle_store_to_elided_lock:u	253	0	0
tx_mem.abort_hle_store_to_elided_lock:u	254	0	0
tx_mem.abort_hle_store_to_elided_lock:u	255	0	0
tx_mem.abort_hle_store_to_elided_lock:u	256	0	0
tx_mem.abort_hle_store_to_elided_lock:u	257	0	0
tx_mem.abort_hle_store_to_elided_lock:u	258	0	0
tx_mem.abort_hle_store_to_elided_lock:u	259	0	0
tx_mem.abort_hle_store_to_elided_lock:u	260	0	0
tx_mem.abort_hle_store_to_elided_lock:u	261	0	0
tx_mem.abort_hle_store_to_elided_lock:u	262	0	0
tx_mem.abort_hle_store_to_elided_lock:u	263	0	0
tx_mem.abort_hle_store_to_elided_lock:u	264	0	0
tx_mem.abort_hle_store_to_elided_lock:u	265	0	0
tx_mem.abort_hle_store_to_elided_lock:u	266	0	0
tx_mem.abort_hle_store_to_elided_lock:u	267	0	0
tx_mem.abort_hle_store_to_elided_lock:u	268	0	0
tx_mem.abort_hle_store_to_elided_lock:u	269	0	0
tx_mem.abort_hle_store_to_elided_lock:u	270	0	0
tx_mem.abort_hle_store_to_elided_lock:u	271	0	0
tx_mem.abort_hle_store_to_elided_lock:u	272	0	0
tx_mem.abort_hle_store_to_elided_lock:u	273	0	0
tx_mem.abort_hle_store_to_elided_lock:u	274	0	0
tx_mem.abort_hle_store_to_elided_lock:u	275	0	0
tx_mem.abort_hle_store_to_elided_lock:u	276	0	0
tx_mem.abort_hle_store_to_elided_lock:u	277	0	0
tx_mem.abort_hle_store_to_elided_lock:u	278	0	0
tx_mem.abort_hle_store_to_elided_lock:u	279	0	0
tx_mem.abort_hle_store_to_elided_lock:u	280	0	0
tx_mem.abort_hle_store_to_elided_lock:u	281	0	0
tx_mem.abort_hle_store_to_elided_lock:u	282	0	0
tx_mem.abort_hle_store_to_elided_lock:u	283	0	0
tx_mem.abort_hle_store_to_elided_lock:u	284	0	0
tx_mem.abort_hle_store_to_elided_lock:u	285	0	0
tx_mem.abort_hle_store_to_elided_lock:u	286	0	0
tx_mem.abort_hle_store_to_elided_lock:u	287	0	0
tx_mem.abort_hle_store_to_elided_lock:u	288	0	0
tx_mem.abort_hle_store_to_elided_lock:u	289	0	0
tx_mem.abort_hle_store_to_elided_lock:u	290	0	0
tx_mem.abort_hle_store_to_elided_lock:u	291	0	0
tx_mem.abort_hle_store_to_elided_lock:u	292	0	0
tx_mem.abort_hle_store_to_elided_lock:u	293	0	0
tx_mem.abort_hle_store_to_elided_lock:u	294	0	0
tx_mem.abort_hle_store_to_elided_lock:u	295	0	0
tx_mem.abort_hle_store_to_elided_lock:u	296	0	0
tx_mem.abort_hle_store_to_elided_lock:u	297	0	0
tx_mem.abort_hle_store_to_elided_lock:u	298	0	0
tx_mem.abort_hle_store_to_elided_lock:u	299	0	0
tx_mem.abort_hle_store_to_elided_lock:u	300	0	0
tx_mem.abort_hle_store_to_elided_lock:u	301	0	0
tx_mem.abort_hle_store_to_elided_lock:u	302	0	0
tx_mem.abort_hle_store_to_elided_lock:u	303	0	0
tx_mem.abort_hle_store_to_elided_lock:u	304	0	0
tx_mem.abort_hle_store_to_elided_lock:u	305	0	0
tx_mem.abort_hle_store_to_elided_lock:u	306	0	0
tx_mem.abort_hle_store_to_elided_lock:u	307	0	0
tx_mem.abort_hle_store_to_elided_lock:u	308	0	0
tx_mem.abort_hle_store_to_elided_lock:u	309	0	0
tx_mem.abort_hle_store_to_elided_lock:u	310	0	0
tx_mem.abort_hle_store_to_elided_lock:u	311	0	0
tx_mem.abort_hle_store_to_elided_lock:u	312	0	0
tx_mem.abort_hle_store_to_elided_lock:u	313	0	0
tx_mem.abort_hle_store_to_elided_lock:u	314	0	0
tx_mem.abort_hle_store_to_elided_lock:u	315	0	0
tx_mem.abort_hle_store_to_elided_lock:u	316	0	0
tx_mem.abort_hle_store_to_elided_lock:u	317	0	0
tx_mem.abort_hle_store_to_elided_lock:u	318	0	0
tx_mem.abort_hle_store_to_elided_lock:u	319	0	0
tx_mem.abort_hle_store_to_elided_lock:u	320	0	0
tx_mem.abort_hle_store_to_elided_lock:u	321	0	0
tx_mem.abort_hle_store_to_elided_lock:u	322	0	0
tx_mem.abort_hle_store_to_elided_lock:u	323	0	0
tx_mem.abort_hle_store_to_elided_lock:u	324	0	0
tx_mem.abort_hle_store_to_elided_lock:u	325	0	0
tx_mem.abort_hle_store_to_elided_lock:u	326	0	0
tx_mem.abort_hle_store_to_elided_lock:u	327	0	0
tx_mem.abort_hle_store_to_elided_lock:u	328	0	0
tx_mem.abort_hle_store_to_elided_lock:u	329	0	0
tx_mem.abort_hle_store_to_elided_lock:u	330	0	0
tx_mem.abort_hle_store_to_elided_lock:u	331	0	0
tx_mem.abort_hle_store_to_elided_lock:u	332	0	0
tx_mem.abort_hle_store_to_elided_lock:u	333	0	0
tx_mem.abort_hle_store_to_elided_lock:u	334	0	0
tx_mem.abort_hle_store_to_elided_lock:u	335	0	0
tx_mem.abort_hle_store_to_elided_lock:u	336	0	0
tx_mem.abort_hle_store_to_elided_lock:u	337	0	0
tx_mem.abort_hle_store_to_elided_lock:u	338	0	0
tx_mem.abort_hle_store_to_elided_lock:u	339	0	0
tx_mem.abort_hle_store_to_elided_lock:u	340	0	0
tx_mem.abort_hle_store_to_elided_lock:u	341	0	0
tx_mem.abort_hle_store_to_elided_lock:u	342	0	0
tx_mem.abort_hle_store_to_elided_lock:u	343	0	0
tx_mem.abort_hle_store_to_elided_lock:u	344	0	0
tx_mem.abort_hle_store_to_elided_lock:u	345	0	0
tx_mem.abort_hle_store_to_elided_lock:u	346	0	0
tx_mem.abort_hle_store_to_elided_lock:u	347	0	0
tx_mem.abort_hle_store_to_elided_lock:u	348	0	0
tx_mem.abort_hle_store_to_elided_lock:u	349	0	0
tx_mem.abort_hle_store_to_elided_lock:u	350	0	0
tx_mem.abort_hle_store_to_elided_lock:u	351	0	0
tx_mem.abort_hle_store_to_elided_lock:u	352	0	0
tx_mem.abort_hle_store_to_elided_lock:u	353	0	0
tx_mem.abort_hle_store_to_elided_lock:u	354	0	0
tx_mem.abort_hle_store_to_elided_lock:u	355	0	0
tx_mem.abort_hle_store_to_elided_lock:u	356	0	0
tx_mem.abort_hle_store_to_elided_lock:u	357	0	0
tx_mem.abort_hle_store_to_elided_lock:u	358	0	0
tx_mem.abort_hle_store_to_elided_lock:u	359	0	0
tx_mem.abort_hle_store_to_elided_lock:u	360	0	0
tx_mem.abort_hle_store_to_elided_lock:u	361	0	0
tx_mem.abort_hle_store_to_elided_lock:u	362	0	0
tx_mem.abort_hle_store_to_elided_lock:u	363	0	0
tx_mem.abort_hle_store_to_elided_lock:u	364	0	0
tx_mem.abort_hle_store_to_elided_lock:u	365	0	0
tx_mem.abort_hle_store_to_elided_lock:u	366	0	0
tx_mem.abort_hle_store_to_elided_lock:u	367	0	0
tx_mem.abort_hle_store_to_elided_lock:u	368	0	0
tx_mem.abort_hle_store_to_elided_lock:u	369	0	0
tx_mem.abort_hle_store_to_elided_lock:u	370	0	0
tx_mem.abort_hle_store_to_elided_lock:u	371	0	0
tx_mem.abort_hle_store_to_elided_lock:u	372	0	0
tx_mem.abort_hle_store_to_elided_lock:u	373	0	0
tx_mem.abort_hle_store_to_elided_lock:u	374	0	0
tx_mem.abort_hle_store_to_elided_lock:u	375	0	0
tx_mem.abort_hle_store_to_elided_lock:u	376	0	0
tx_mem.abort_hle_store_to_elided_lock:u	377	0	0
tx_mem.abort_hle_store_to_elided_lock:u	378	0	0
tx_mem.abort_hle_store_to_elided_lock:u	379	0	0
tx_mem.abort_hle_store_to_elided_lock:u	380	0	0
tx_mem.abort_hle_store_to_elided_lock:u	381	0	0
tx_mem.abort_hle_store_to_elided_lock:u	382	0	0
tx_mem.abort_hle_store_to_elided_lock:u	383	0	0
tx_mem.abort_hle_store_to_elided_lock:u	384	0	0
tx_mem.abort_hle_store_to_elided_lock:u	385	0	0
tx_mem.abort_hle_store_to_elided_lock:u	386	0	0
tx_mem.abort_hle_store_to_elided_lock:u	387	0	0
tx_mem.abort_hle_store_to_elided_lock:u	388	0	0
tx_mem.abort_hle_store_to_elided_lock:u	389	0	0
tx_mem.abort_hle_store_to_elided_lock:u	390	0	0
tx_mem.abort_hle_store_to_elided_lock:u	391	0	0
tx_mem.abort_hle_store_to_elided_lock:u	392	0	0
tx_mem.abort_hle_store_to_elided_lock:u	393	0	0
tx_mem.abort_hle_store_to_elided_lock:u	394	0	0
tx_mem.abort_hle_store_to_elided_lock:u	395	0	0
tx_mem.abort_hle_store_to_elided_lock:u	396	0	0
tx_mem.abort_hle_store_to_elided_lock:u	397	0	0
tx_mem.abort_hle_store_to_elided_lock:u	398	0	0
tx_mem.abort_hle_store_to_elided_lock:u	399	0	0
tx_mem.abort_hle_store_to_elided_lock:u	400	0	0
tx_mem.abort_hle_store_to_elided_lock:u	401	0	0
tx_mem.abort_hle_store_to_elided_lock:u	402	0	0
tx_mem.abort_hle_store_to_elided_lock:u	403	0	0
tx_mem.abort_hle_store_to_elided_lock:u	404	0	0
tx_mem.abort_hle_store_to_elided_lock:u	405	0	0
tx_mem.abort_hle_store_to_elided_lock:u	406	0	0
tx_mem.abort_hle_store_to_elided_lock:u	407	0	0
tx_mem.abort_hle_store_to_elided_lock:u	408	0	0
tx_mem.abort_hle_store_to_elided_lock:u	409	0	0
tx_mem.abort_hle_store_to_elided_lock:u	410	0	0
tx_mem.abort_hle_store_to_elided_lock:u	411	0	0
tx_mem.abort_hle_store_to_elided_lock:u	412	0	0
tx_mem.abort_hle_store_to_elided_lock:u	413	0	0
tx_mem.abort_hle_store_to_elided_lock:u	414	0	0
tx_mem.abort_hle_store_to_elided_lock:u	415	0	0
tx_mem.abort_hle_store_to_elided_lock:u	416	0	0
tx_mem.abort_hle_store_to_elided_lock:u	417	0	0
tx_mem.abort_hle_store_to_elided_lock:u	418	0	0
tx_mem.abort_hle_store_to_elided_lock:u	419	0	0
tx_mem.abort_hle_store_to_elided_lock:u	420	0	0
tx_mem.abort_hle_store_to_elided_lock:u	421	0	0
tx_mem.abort_hle_store_to_elided_lock:u	422	0	0
tx_mem.abort_hle_store_to_elided_lock:u	423	0	0
tx_mem.abort_hle_store_to_elided_lock:u	424	0	0
tx_mem.abort_hle_store_to_elided_lock:u	425	0	0
tx_mem.abort_hle_store_to_elided_lock:u	426	0	0
tx_mem.abort_hle_store_to_elided_lock:u	427	0	0
tx_mem.abort_hle_store_to_elided_lock:u	428	0	0
tx_mem.abort_hle_store_to_elided_lock:u	429	0	0
tx_mem.abort_hle_store_to_elided_lock:u	430	0	0
tx_mem.abort_hle_store_to_elided_lock:u	431	0	0
tx_mem.abort_hle_store_to_elided_lock:u	432	0	0
tx_mem.abort_hle_store_to_elided_lock:u	433	0	0
tx_mem.abort_hle_store_to_elided_lock:u	434	0	0
tx_mem.abort_hle_store_to_elided_lock:u	435	0	0
tx_mem.abort_hle_store_to_elided_lock:u	436	0	0
tx_mem.abort_hle_store_to_elided_lock:u	437	0	0
tx_mem.abort_hle_store_to_elided_lock:u	438	0	0
tx_mem.abort_hle_store_to_elided_lock:u	439	0	0
tx_mem.abort_hle_store_to_elided_lock:u	440	0	0
tx_mem.abort_hle_store_to_elided_lock:u	441	0	0
tx_mem.abort_hle_store_to_elided_lock:u	442	0	0
tx_mem.abort_hle_store_to_elided_lock:u	443	0	0
tx_mem.abort_hle_store_to_elided_lock:u	444	0	0
tx_mem.abort_hle_store_to_elided_lock:u	445	0	0
tx_mem.abort_hle_store_to_elided_lock:u	446	0	0
tx_mem.abort_hle_store_to_elided_lock:u	447	0	0
tx_mem.abort_hle_store_to_elided_lock:u	448	0	0
tx_mem.abort_hle_store_to_elided_lock:u	449	0	0
tx_mem.abort_hle_store_to_elided_lock:u	450	0	0
tx_mem.abort_hle_store_to_elided_lock:u	451	0	0
tx_mem.abort_hle_store_to_elided_lock:u	452	0	0
tx_mem.abort_hle_store_to_elided_lock:u	453	0	0
tx_mem.abort_hle_store_to_elided_lock:u	454	0	0
tx_mem.abort_hle_store_to_elided_lock:u	455	0	0
tx_mem.abort_hle_store_to_elided_lock:u	456	0	0
tx_mem.abort_hle_store_to_elided_lock:u	457	0	0
tx_mem.abort_hle_store_to_elided_lock:u	458	0	0
tx_mem.abort_hle_store_to_elided_lock:u	459	0	0
tx_mem.abort_hle_store_to_elided_lock:u	460	0	0
tx_mem.abort_hle_store_to_elided_lock:u	461	0	0
tx_mem.abort_hle_store_to_elided_lock:u	462	0	0
tx_mem.abort_hle_store_to_elided_lock:u	463	0	0
tx_mem.abort_hle_store_to_elided_lock:u	464	0	0
tx_mem.abort_hle_store_to_elided_lock:u	465	0	0
tx_mem.abort_hle_store_to_elided_lock:u	466	0	0
tx_mem.abort_hle_store_to_elided_lock:u	467	0	0
tx_mem.abort_hle_store_to_elided_lock:u	468	0	0
tx_mem.abort_hle_store_to_elided_lock:u	469	0	0
tx_mem.abort_hle_store_to_elided_lock:u	470	0	0
tx_mem.abort_hle_store_to_elided_lock:u	471	0	0
tx_mem.abort_hle_store_to_elided_lock:u	472	0	0
tx_mem.abort_hle_store_to_elided_lock:u	473	0	0
tx_mem.abort_hle_store_to_elided_lock:u	474	0	0
tx_mem.abort_hle_store_to_elided_lock:u	475	0	0
tx_mem.abort_hle_store_to_elided_lock:u	476	0	0
tx_mem.abort_hle_store_to_elided_lock:u	477	0	0
tx_mem.abort_hle_store_to_elided_lock:u	478	0	0
tx_mem.abort_hle_store_to_elided_lock:u	479	0	0
tx_mem.abort_hle_store_to_elided_lock:u	480	0	0
tx_mem.abort_hle_store_to_elided_lock:u	481	0	0
tx_mem.abort_hle_store_to_elided_lock:u	482	0	0
tx_mem.abort_hle_store_to_elided_lock:u	483	0	0
tx_mem.abort_hle_store_to_elided_lock:u	484	0	0
tx_mem.abort_hle_store_to_elided_lock:u	485	0	0
tx_mem.abort_hle_store_to_elided_lock:u	486	0	0
tx_mem.abort_hle_store_to_elided_lock:u	487	0	0
tx_mem.abort_hle_store_to_elided_lock:u	488	0	0
tx_mem.abort_hle_store_to_elided_lock:u	489	0	0
tx_mem.abort_hle_store_to_elided_lock:u	490	0	0
tx_mem.abort_hle_store_to_elided_lock:u	491	0	0
tx_mem.abort_hle_store_to_elided_lock:u	492	0	0
tx_mem.abort_hle_store_to_elided_lock:u	493	0	0
tx_mem.abort_hle_store_to_elided_lock:u	494	0	0
tx_mem.abort_hle_store_to_elided_lock:u	495	0	0
tx_mem.abort_hle_store_to_elided_lock:u	496	0	0
tx_mem.abort_hle_store_to_elided_lock:u	497	0	0
tx_mem.abort_hle_store_to_elided_lock:u	498	0	0
tx_mem.abort_hle_store_to_elided_lock:u	499	0	0
tx_mem.abort_hle_store_to_elided_lock:u	500	0	0
tx_mem.abort_hle_store_to_elided_lock:u	501	0	0
tx_mem.abort_hle_store_to_elided_lock:u	502	0	0
tx_mem.abort_hle_store_to_elided_lock:u	503	0	0
tx_mem.abort_hle_store_to_elided_lock:u	504	0	0
tx_mem.abort_hle_store_to_elided_lock:u	505	0	0
tx_mem.abort_hle_store_to_elided_lock:u	506	0	0
tx_mem.abort_hle_store_to_elided_lock:u	507	0	0
tx_mem.abort_hle_store_to_elided_lock:u	508	0	0
tx_mem.abort_hle_store_to_elided_lock:u	509	0	0
tx_mem.abort_hle_store_to_elided_lock:u	510	0	0
tx_mem.abort_hle_store_to_elided_lock:u	511	0	0
tx_mem.abort_hle_store_to_elided_lock:u	512	0	0
tx_mem.abort_hle_store_to_elided_lock:u	513	0	0
tx_mem.abort_hle_store_to_elided_lock:u	514	0	0
tx_mem.abort_hle_store_to_elided_lock:u	515	0	0
tx_mem.abort_hle_store_to_elided_lock:u	516	0	0
tx_mem.abort_hle_store_to_elided_lock:u	517	0	0
tx_mem.abort_hle_store_to_elided_lock:u	518	0	0
tx_mem.abort_hle_store_to_elided_lock:u	519	0	0
tx_mem.abort_hle_store_to_elided_lock:u	520	0	0
tx_mem.abort_hle_store_to_elided_lock:u	521	0	0
tx_mem.abort_hle_store_to_elided_lock:u	522	0	0
tx_mem.abort_hle_store_to_elided_lock:u	523	0	0
tx_mem.abort_hle_store_to_elided_lock:u	524	0	0
tx_mem.abort_hle_store_to_elided_lock:u	525	0	0
tx_mem.abort_hle_store_to_elided_lock:u	526	0	0
tx_mem.abort_hle_store_to_elided_lock:u	527	0	0
tx_mem.abort_hle_store_to_elided_lock:u	528	0	0
tx_mem.abort_hle_store_to_elided_lock:u	529	0	0
tx_mem.abort_hle_store_to_elided_lock:u	530	0	0
tx_mem.abort_hle_store_to_elided_lock:u	531	0	0
tx_mem.abort_hle_store_to_elided_lock:u	532	0	0
tx_mem.abort_hle_store_to_elided_lock:u	533	0	0
tx_mem.abort_hle_store_to_elided_lock:u	534	0	0
tx_mem.abort_hle_store_to_elided_lock:u	535	0	0
tx_mem.abort_hle_store_to_elided_lock:u	536	0	0
tx_mem.abort_hle_store_to_elided_lock:u	537	0	0
tx_mem.abort_hle_store_to_elided_lock:u	538	0	0
tx_mem.abort_hle_store_to_elided_lock:u	539	0	0
tx_mem.abort_hle_store_to_elided_lock:u	540	0	0
tx_mem.abort_hle_store_to_elided_lock:u	541	0	0
tx_mem.abort_hle_store_to_elided_lock:u	542	0	0
tx_mem.abort_hle_store_to_elided_lock:u	543	0	0
tx_mem.abort_hle_store_to_elided_lock:u	544	0	0
tx_mem.abort_hle_store_to_elided_lock:u	545	0	0
tx_mem.abort_hle_store_to_elided_lock:u	546	0	0
tx_mem.abort_hle_store_to_elided_lock:u	547	0	0
tx_mem.abort_hle_store_to_elided_lock:u	548	0	0
tx_mem.abort_hle_store_to_elided_lock:u	549	0	0
tx_mem.abort_hle_store_to_elided_lock:u	550	0	0
tx_mem.abort_hle_store_to_elided_lock:u	551	0	0
tx_mem.abort_hle_store_to_elided_lock:u	552	0	0
tx_mem.abort_hle_store_to_elided_lock:u	553	0	0
tx_mem.abort_hle_store_to_elided_lock:u	554	0	0
tx_mem.abort_hle_store_to_elided_lock:u	555	0	0
tx_mem.abort_hle_store_to_elided_lock:u	556	0	0
tx_mem.abort_hle_store_to_elided_lock:u	557	0	0
tx_mem.abort_hle_store_to_elided_lock:u	558	0	0
tx_mem.abort_hle_store_to_elided_lock:u	559	0	0
tx_mem.abort_hle_store_to_elided_lock:u	560	0	0
tx_mem.abort_hle_store_to_elided_lock:u	561	0	0
tx_mem.abort_hle_store_to_elided_lock:u	562	0	0
tx_mem.abort_hle_store_to_elided_lock:u	563	0	0
tx_mem.abort_hle_store_to_elided_lock:u	564	0	0
tx_mem.abort_hle_store_to_elided_lock:u	565	0	0
tx_mem.abort_hle_store_to_elided_lock:u	566	0	0
tx_mem.abort_hle_store_to_elided_lock:u	567	0	0
tx_mem.abort_hle_store_to_elided_lock:u	568	0	0
tx_mem.abort_hle_store_to_elided_lock:u	569	0	0
tx_mem.abort_hle_store_to_elided_lock:u	570	0	0
tx_mem.abort_hle_store_to_elided_lock:u	571	0	0
tx_mem.abort_hle_store_to_elided_lock:u	572	0	0
tx_mem.abort_hle_store_to_elided_lock:u	573	0	0
tx_mem.abort_hle_store_to_elided_lock:u	574	0	0
tx_mem.abort_hle_store_to_elided_lock:u	575	0	0
tx_mem.abort_hle_store_to_elided_lock:u	576	0	0
tx_mem.abort_hle_store_to_elided_lock:u	577	0	0
tx_mem.abort_hle_store_to_elided_lock:u	578	0	0
tx_mem.abort_hle_store_to_elided_lock:u	579	0	0
tx_mem.abort_hle_store_to_elided_lock:u	580	0	0
tx_mem.abort_hle_store_to_elided_lock:u	581	0	0
tx_mem.abort_hle_store_to_elided_lock:u	582	0	0
tx_mem.abort_hle_store_to_elided_lock:u	583	0	0
tx_mem.abort_hle_store_to_elided_lock:u	584	0	0
tx_mem.abort_hle_store_to_elided_lock:u	585	0	0
tx_mem.abort_hle_store_to_elided_lock:u	586	0	0
tx_mem.abort_hle_store_to_elided_lock:u	587	0	0
tx_mem.abort_hle_store_to_elided_lock:u	588	0	0
tx_mem.abort_hle_store_to_elided_lock:u	589	0	0
tx_mem.abort_hle_store_to_elided_lock:u	590	0	0
tx_mem.abort_hle_store_to_elided_lock:u	591	0	0
tx_mem.abort_hle_store_to_elided_lock:u	592	0	0
tx_mem.abort_hle_store_to_elided_lock:u	593	0	0
tx_mem.abort_hle_store_to_elided_lock:u	594	0	0
tx_mem.abort_hle_store_to_elided_lock:u	595	0	0
tx_mem.abort_hle_store_to_elided_lock:u	596	0	0
tx_mem.abort_hle_store_to_elided_lock:u	597	0	0
tx_mem.abort_hle_store_to_elided_lock:u	598	0	0
tx_mem.abort_hle_store_to_elided_lock:u	599	0	0
tx_mem.abort_hle_store_to_elided_lock:u	600	0	0
tx_mem.abort_hle_store_to_elided_lock:u	601	0	0
tx_mem.abort_hle_store_to_elided_lock:u	602	0	0
tx_mem.abort_hle_store_to_elided_lock:u	603	0	0
tx_mem.abort_hle_store_to_elided_lock:u	604	0	0
tx_mem.abort_hle_store_to_elided_lock:u	605	0	0
tx_mem.abort_hle_store_to_elided_lock:u	606	0	0
tx_mem.abort_hle_store_to_elided_lock:u	607	0	0
tx_mem.abort_hle_store_to_elided_lock:u	608	0	0
tx_mem.abort_hle_store_to_elided_lock:u	609	0	0
tx_mem.abort_hle_store_to_elided_lock:u	610	0	0
tx_mem.abort_hle_store_to_elided_lock:u	611	0	0
tx_mem.abort_hle_store_to_elided_lock:u	612	0	0
tx_mem.abort_hle_store_to_elided_lock:u	613	0	0
tx_mem.abort_hle_store_to_elided_lock:u	614	0	0
tx_mem.abort_hle_store_to_elided_lock:u	615	0	0
tx_mem.abort_hle_store_to_elided_lock:u	616	0	0
tx_mem.abort_hle_store_to_elided_lock:u	617	0	0
tx_mem.abort_hle_store_to_elided_lock:u	618	0	0
tx_mem.abort_hle_store_to_elided_lock:u	619	0	0
tx_mem.abort_hle_store_to_elided_lock:u	620	0	0
tx_mem.abort_hle_store_to_elided_lock:u	621	0	0
tx_mem.abort_hle_store_to_elided_lock:u	622	0	0
tx_mem.abort_hle_store_to_elided_lock:u	623	0	0
tx_mem.abort_hle_store_to_elided_lock:u	624	0	0
tx_mem.abort_hle_store_to_elided_lock:u	625	0	0
tx_mem.abort_hle_store_to_elided_lock:u	626	0	0
tx_mem.abort_hle_store_to_elided_lock:u	627	0	0
tx_mem.abort_hle_store_to_elided_lock:u	628	0	0
tx_mem.abort_hle_store_to_elided_lock:u	629	0	0
tx_mem.abort_hle_store_to_elided_lock:u	630	0	0
tx_mem.abort_hle_store_to_elided_lock:u	631	0	0
tx_mem.abort_hle_store_to_elided_lock:u	632	0	0
tx_mem.abort_hle_store_to_elided_lock:u	633	0	0
tx_mem.abort_hle_store_to_elided_lock:u	634	0	0
tx_mem.abort_hle_store_to_elided_lock:u	635	0	0
tx_mem.abort_hle_store_to_elided_lock:u	636	0	0
tx_mem.abort_hle_store_to_elided_lock:u	637	0	0
tx_mem.abort_hle_store_to_elided_lock:u	638	0	0
tx_mem.abort_hle_store_to_elided_lock:u	639	0	0
tx_mem.abort_hle_store_to_elided_lock:u	640	0	0
tx_mem.abort_hle_store_to_elided_lock:u	641	0	0
tx_mem.abort_hle_store_to_elided_lock:u	642	0	0
tx_mem.abort_hle_store_to_elided_lock:u	643	0	0
tx_mem.abort_hle_store_to_elided_lock:u	644	0	0
tx_mem.abort_hle_store_to_elided_lock:u	645	0	0
tx_mem.abort_hle_store_to_elided_lock:u	646	0	0
tx_mem.abort_hle_store_to_elided_lock:u	647	0	0
tx_mem.abort_hle_store_to_elided_lock:u	648	0	0
tx_mem.abort_hle_store_to_elided_lock:u	649	0	0
tx_mem.abort_hle_store_to_elided_lock:u	650	0	0
tx_mem.abort_hle_store_to_elided_lock:u	651	0	0
tx_mem.abort_hle_store_to_elided_lock:u	652	0	0
tx_mem.abort_hle_store_to_elided_lock:u	653	0	0
tx_mem.abort_hle_store_to_elided_lock:u	654	0	0
tx_mem.abort_hle_store_to_elided_lock:u	655	0	0
tx_mem.abort_hle_store_to_elided_lock:u	656	0	0
tx_mem.abort_hle_store_to_elided_lock:u	657	0	0
tx_mem.abort_hle_store_to_elided_lock:u	658	0	0
tx_mem.abort_hle_store_to_elided_lock:u	659	0	0
tx_mem.abort_hle_store_to_elided_lock:u	660	0	0
tx_mem.abort_hle_store_to_elided_lock:u	661	0	0
tx_mem.abort_hle_store_to_elided_lock:u	662	0	0
tx_mem.abort_hle_store_to_elided_lock:u	663	0	0
tx_mem.abort_hle_store_to_elided_lock:u	664	0	0
tx_mem.abort_hle_store_to_elided_lock:u	665	0	0
tx_mem.abort_hle_store_to_elided_lock:u	666	0	0
tx_mem.abort_hle_store_to_elided_lock:u	667	0	0
tx_mem.abort_hle_store_to_elided_lock:u	668	0	0
tx_mem.abort_hle_store_to_elided_lock:u	669	0	0
tx_mem.abort_hle_store_to_elided_lock:u	670	0	0
tx_mem.abort_hle_store_to_elided_lock:u	671	0	0
tx_mem.abort_hle_store_to_elided_lock:u	672	0	0
tx_mem.abort_hle_store_to_elided_lock:u	673	0	0
tx_mem.abort_hle_store_to_elided_lock:u	674	0	0
tx_mem.abort_hle_store_to_elided_lock:u	675	0	0
tx_mem.abort_hle_store_to_elided_lock:u	676	0	0
tx_mem.abort_hle_store_to_elided_lock:u	677	0	0
tx_mem.abort_hle_store_to_elided_lock:u	678	0	0
tx_mem.abort_hle_store_to_elided_lock:u	679	0	0
tx_mem.abort_hle_store_to_elided_lock:u	680	0	0
tx_mem.abort_hle_store_to_elided_lock:u	681	0	0
tx_mem.abort_hle_store_to_elided_lock:u	682	0	0
tx_mem.abort_hle_store_to_elided_lock:u	683	0	0
tx_mem.abort_hle_store_to_elided_lock:u	684	0	0
tx_mem.abort_hle_store_to_elided_lock:u	685	0	0
tx_mem.abort_hle_store_to_elided_lock:u	686	0	0
tx_mem.abort_hle_store_to_elided_lock:u	687	0	0
tx_mem.abort_hle_store_to_elided_lock:u	688	0	0
tx_mem.abort_hle_store_to_elided_lock:u	689	0	0
tx_mem.abort_hle_store_to_elided_lock:u	690	0	0
tx_mem.abort_hle_store_to_elided_lock:u	691	0	0
tx_mem.abort_hle_store_to_elided_lock:u	692	0	0
tx_mem.abort_hle_store_to_elided_lock:u	693	0	0
tx_mem.abort_hle_store_to_elided_lock:u	694	0	0
tx_mem.abort_hle_store_to_elided_lock:u	695	0	0
tx_mem.abort_hle_store_to_elided_lock:u	696	0	0
tx_mem.abort_hle_store_to_elided_lock:u	697	0	0
tx_mem.abort_hle_store_to_elided_lock:u	698	0	0
tx_mem.abort_hle_store_to_elided_lock:u	699	0	0
tx_mem.abort_hle_store_to_elided_lock:u	700	0	0
tx_mem.abort_hle_store_to_elided_lock:u	701	0	0
tx_mem.abort_hle_store_to_elided_lock:u	702	0	0
tx_mem.abort_hle_store_to_elided_lock:u	703	0	0
tx_mem.abort_hle_store_to_elided_lock:u	704	0	0
tx_mem.abort_hle_store_to_elided_lock:u	705	0	0
tx_mem.abort_hle_store_to_elided_lock:u	706	0	0
tx_mem.abort_hle_store_to_elided_lock:u	707	0	0
tx_mem.abort_hle_store_to_elided_lock:u	708	0	0
tx_mem.abort_hle_store_to_elided_lock:u	709	0	0
tx_mem.abort_hle_store_to_elided_lock:u	710	0	0
tx_mem.abort_hle_store_to_elided_lock:u	711	0	0
tx_mem.abort_hle_store_to_elided_lock:u	712	0	0
tx_mem.abort_hle_store_to_elided_lock:u	713	0	0
tx_mem.abort_hle_store_to_elided_lock:u	714	0	0
tx_mem.abort_hle_store_to_elided_lock:u	715	0	0
tx_mem.abort_hle_store_to_elided_lock:u	716	0	0
tx_mem.abort_hle_store_to_elided_lock:u	717	0	0
tx_mem.abort_hle_store_to_elided_lock:u	718	0	0
tx_mem.abort_hle_store_to_elided_lock:u	719	0	0
tx_mem.abort_hle_store_to_elided_lock:u	720	0	0
tx_mem.abort_hle_store_to_elided_lock:u	721	0	0
tx_mem.abort_hle_store_to_elided_lock:u	722	0	0
tx_mem.abort_hle_store_to_elided_lock:u	723	0	0
tx_mem.abort_hle_store_to_elided_lock:u	724	0	0
tx_mem.abort_hle_store_to_elided_lock:u	725	0	0
tx_mem.abort_hle_store_to_elided_lock:u	726	0	0
tx_mem.abort_hle_store_to_elided_lock:u	727	0	0
tx_mem.abort_hle_store_to_elided_lock:u	728	0	0
tx_mem.abort_hle_store_to_elided_lock:u	729	0	0
tx_mem.abort_hle_store_to_elided_lock:u	730	0	0
tx_mem.abort_hle_store_to_elided_lock:u	731	0	0
tx_mem.abort_hle_store_to_elided_lock:u	732	0	0
tx_mem.abort_hle_store_to_elided_lock:u	733	0	0
tx_mem.abort_hle_store_to_elided_lock:u	734	0	0
tx_mem.abort_hle_store_to_elided_lock:u	735	0	0
tx_mem.abort_hle_store_to_elided_lock:u	736	0	0
tx_mem.abort_hle_store_to_elided_lock:u	737	0	0
tx_mem.abort_hle_store_to_elided_lock:u	738	0	0
tx_mem.abort_hle_store_to_elided_lock:u	739	0	0
tx_mem.abort_hle_store_to_elided_lock:u	740	0	0
tx_mem.abort_hle_store_to_elided_lock:u	741	0	0
tx_mem.abort_hle_store_to_elided_lock:u	742	0	0
tx_mem.abort_hle_store_to_elided_lock:u	743	0	0
tx_mem.abort_hle_store_to_elided_lock:u	744	0	0
tx_mem.abort_hle_store_to_elided_lock:u	745	0	0
tx_mem.abort_hle_store_to_elided_lock:u	746	0	0
tx_mem.abort_hle_store_to_elided_lock:u	747	0	0
tx_mem.abort_hle_store_to_elided_lock:u	748	0	0
tx_mem.abort_hle_store_to_elided_lock:u	749	0	0
tx_mem.abort_hle_store_to_elided_lock:u	750	0	0
tx_mem.abort_hle_store_to_elided_lock:u	751	0	0
tx_mem.abort_hle_store_to_elided_lock:u	752	0	0
tx_mem.abort_hle_store_to_elided_lock:u	753	0	0
tx_mem.abort_hle_store_to_elided_lock:u	754	0	0
tx_mem.abort_hle_store_to_elided_lock:u	755	0	0
tx_mem.abort_hle_store_to_elided_lock:u	756	0	0
tx_mem.abort_hle_store_to_elided_lock:u	757	0	0
tx_mem.abort_hle_store_to_elided_lock:u	758	0	0
tx_mem.abort_hle_store_to_elided_lock:u	759	0	0
tx_mem.abort_hle_store_to_elided_lock:u	760	0	0
tx_mem.abort_hle_store_to_elided_lock:u	761	0	0
tx_mem.abort_hle_store_to_elided_lock:u	762	0	0
tx_mem.abort_hle_store_to_elided_lock:u	763	0	0
tx_mem.abort_hle_store_to_elided_lock:u	764	0	0
tx_mem.abort_hle_store_to_elided_lock:u	765	0	0
tx_mem.abort_hle_store_to_elided_lock:u	766	0	0
tx_mem.abort_hle_store_to_elided_lock:u	767	0	0
tx_mem.abort_hle_store_to_elided_lock:u	768	0	0
tx_mem.abort_hle_store_to_elided_lock:u	769	0	0
tx_mem.abort_hle_store_to_elided_lock:u	770	0	0
tx_mem.abort_hle_store_to_elided_lock:u	771	0	0
tx_mem.abort_hle_store_to_elided_lock:u	772	0	0
tx_mem.abort_hle_store_to_elided_lock:u	773	0	0
tx_mem.abort_hle_store_to_elided_lock:u	774	0	0
tx_mem.abort_hle_store_to_elided_lock:u	775	0	0
tx_mem.abort_hle_store_to_elided_lock:u	776	0	0
tx_mem.abort_hle_store_to_elided_lock:u	777	0	0
tx_mem.abort_hle_store_to_elided_lock:u	778	0	0
tx_mem.abort_hle_store_to_elided_lock:u	779	0	0
tx_mem.abort_hle_store_to_elided_lock:u	780	0	0
tx_mem.abort_hle_store_to_elided_lock:u	781	0	0
tx_mem.abort_hle_store_to_elided_lock:u	782	0	0
tx_mem.abort_hle_store_to_elided_lock:u	783	0	0
tx_mem.abort_hle_store_to_elided_lock:u	784	0	0
tx_mem.abort_hle_store_to_elided_lock:u	785	0	0
tx_mem.abort_hle_store_to_elided_lock:u	786	0	0
tx_mem.abort_hle_store_to_elided_lock:u	787	0	0
tx_mem.abort_hle_store_to_elided_lock:u	788	0	0
tx_mem.abort_hle_store_to_elided_lock:u	789	0	0
tx_mem.abort_hle_store_to_elided_lock:u	790	0	0
tx_mem.abort_hle_store_to_elided_lock:u	791	0	0
tx_mem.abort_hle_store_to_elided_lock:u	792	0	0
tx_mem.abort_hle_store_to_elided_lock:u	793	0	0
tx_mem.abort_hle_store_to_elided_lock:u	794	0	0
tx_mem.abort_hle_store_to_elided_lock:u	795	0	0
tx_mem.abort_hle_store_to_elided_lock:u	796	0	0
tx_mem.abort_hle_store_to_elided_lock:u	797	0	0
tx_mem.abort_hle_store_to_elided_lock:u	798	0	0
tx_mem.abort_hle_store_to_elided_lock:u	799	0	0
tx_mem.abort_hle_store_to_elided_lock:u	800	0	0
tx_mem.abort_hle_store_to_elided_lock:u	801	0	0
tx_mem.abort_hle_store_to_elided_lock:u	802	0	0
tx_mem.abort_hle_store_to_elided_lock:u	803	0	0
tx_mem.abort_hle_store_to_elided_lock:u	804	0	0
tx_mem.abort_hle_store_to_elided_lock:u	805	0	0
tx_mem.abort_hle_store_to_elided_lock:u	806	0	0
tx_mem.abort_hle_store_to_elided_lock:u	807	0	0
tx_mem.abort_hle_store_to_elided_lock:u	808	0	0
tx_mem.abort_hle_store_to_elided_lock:u	809	0	0
tx_mem.abort_hle_store_to_elided_lock:u	810	0	0
tx_mem.abort_hle_store_to_elided_lock:u	811	0	0
tx_mem.abort_hle_store_to_elided_lock:u	812	0	0
tx_mem.abort_hle_store_to_elided_lock:u	813	0	0
tx_mem.abort_hle_store_to_elided_lock:u	814	0	0
tx_mem.abort_hle_store_to_elided_lock:u	815	0	0
tx_mem.abort_hle_store_to_elided_lock:u	816	0	0
tx_mem.abort_hle_store_to_elided_lock:u	817	0	0
tx_mem.abort_hle_store_to_elided_lock:u	818	0	0
tx_mem.abort_hle_store_to_elided_lock:u	819	0	0
tx_mem.abort_hle_store_to_elided_lock:u	820	0	0
tx_mem.abort_hle_store_to_elided_lock:u	821	0	0
tx_mem.abort_hle_store_to_elided_lock:u	822	0	0
tx_mem.abort_hle_store_to_elided_lock:u	823	0	0
tx_mem.abort_hle_store_to_elided_lock:u	824	0	0
tx_mem.abort_hle_store_to_elided_lock:u	825	0	0
tx_mem.abort_hle_store_to_elided_lock:u	826	0	0
tx_mem.abort_hle_store_to_elided_lock:u	827	0	0
tx_mem.abort_hle_store_to_elided_lock:u	828	0	0
tx_mem.abort_hle_store_to_elided_lock:u	829	0	0
tx_mem.abort_hle_store_to_elided_lock:u	830	0	0
tx_mem.abort_hle_store_to_elided_lock:u	831	0	0
tx_mem.abort_hle_store_to_elided_lock:u	832	0	0
tx_mem.abort_hle_store_to_elided_lock:u	833	0	0
tx_mem.abort_hle_store_to_elided_lock:u	834	0	0
tx_mem.abort_hle_store_to_elided_lock:u	835	0	0
tx_mem.abort_hle_store_to_elided_lock:u	836	0	0
tx_mem.abort_hle_store_to_elided_lock:u	837	0	0
tx_mem.abort_hle_store_to_elided_lock:u	838	0	0
tx_mem.abort_hle_store_to_elided_lock:u	839	0	0
tx_mem.abort_hle_store_to_elided_lock:u	840	0	0
tx_mem.abort_hle_store_to_elided_lock:u	841	0	0
tx_mem.abort_hle_store_to_elided_lock:u	842	0	0
tx_mem.abort_hle_store_to_elided_lock:u	843	0	0
tx_mem.abort_hle_store_to_elided_lock:u	844	0	0
tx_mem.abort_hle_store_to_elided_lock:u	845	0	0
tx_mem.abort_hle_store_to_elided_lock:u	846	0	0
tx_mem.abort_hle_store_to_elided_lock:u	847	0	0
tx_mem.abort_hle_store_to_elided_lock:u	848	0	0
tx_mem.abort_hle_store_to_elided_lock:u	849	0	0
tx_mem.abort_hle_store_to_elided_lock:u	850	0	0
tx_mem.abort_hle_store_to_elided_lock:u	851	0	0
tx_mem.abort_hle_store_to_elided_lock:u	852	0	0
tx_mem.abort_hle_store_to_elided_lock:u	853	0	0
tx_mem.abort_hle_store_to_elided_lock:u	854	0	0
tx_mem.abort_hle_store_to_elided_lock:u	855	0	0
tx_mem.abort_hle_store_to_elided_lock:u	856	0	0
tx_mem.abort_hle_store_to_elided_lock:u	857	0	0
tx_mem.abort_hle_store_to_elided_lock:u	858	0	0
tx_mem.abort_hle_store_to_elided_lock:u	859	0	0
tx_mem.abort_hle_store_to_elided_lock:u	860	0	0
tx_mem.abort_hle_store_to_elided_lock:u	861	0	0
tx_mem.abort_hle_store_to_elided_lock:u	862	0	0
tx_mem.abort_hle_store_to_elided_lock:u	863	0	0
tx_mem.abort_hle_store_to_elided_lock:u	864	0	0
tx_mem.abort_hle_store_to_elided_lock:u	865	0	0
tx_mem.abort_hle_store_to_elided_lock:u	866	0	0
tx_mem.abort_hle_store_to_elided_lock:u	867	0	0
tx_mem.abort_hle_store_to_elided_lock:u	868	0	0
tx_mem.abort_hle_store_to_elided_lock:u	869	0	0
tx_mem.abort_hle_store_to_elided_lock:u	870	0	0
tx_mem.abort_hle_store_to_elided_lock:u	871	0	0
tx_mem.abort_hle_store_to_elided_lock:u	872	0	0
tx_mem.abort_hle_store_to_elided_lock:u	873	0	0
tx_mem.abort_hle_store_to_elided_lock:u	874	0	0
tx_mem.abort_hle_store_to_elided_lock:u	875	0	0
tx_mem.abort_hle_store_to_elided_lock:u	876	0	0
tx_mem.abort_hle_store_to_elided_lock:u	877	0	0
tx_mem.abort_hle_store_to_elided_lock:u	878	0	0
tx_mem.abort_hle_store_to_elided_lock:u	879	0	0
tx_mem.abort_hle_store_to_elided_lock:u	880	0	0
tx_mem.abort_hle_store_to_elided_lock:u	881	0	0
tx_mem.abort_hle_store_to_elided_lock:u	882	0	0
tx_mem.abort_hle_store_to_elided_lock:u	883	0	0
tx_mem.abort_hle_store_to_elided_lock:u	884	0	0
tx_mem.abort_hle_store_to_elided_lock:u	885	0	0
tx_mem.abort_hle_store_to_elided_lock:u	886	0	0
tx_mem.abort_hle_store_to_elided_lock:u	887	0	0
tx_mem.abort_hle_store_to_elided_lock:u	888	0	0
tx_mem.abort_hle_store_to_elided_lock:u	889	0	0
tx_mem.abort_hle_store_to_elided_lock:u	890	0	0
tx_mem.abort_hle_store_to_elided_lock:u	891	0	0
tx_mem.abort_hle_store_to_elided_lock:u	892	0	0
tx_mem.abort_hle_store_to_elided_lock:u	893	0	0
tx_mem.abort_hle_store_to_elided_lock:u	894	0	0
tx_mem.abort_hle_store_to_elided_lock:u	895	0	0
tx_mem.abort_hle_store_to_elided_lock:u	896	0	0
tx_mem.abort_hle_store_to_elided_lock:u	897	0	0
tx_mem.abort_hle_store_to_elided_lock:u	898	0	0
tx_mem.abort_hle_store_to_elided_lock:u	899	0	0
tx_mem.abort_hle_store_to_elided_lock:u	900	0	0
tx_mem.abort_hle_store_to_elided_lock:u	901	0	0
tx_mem.abort_hle_store_to_elided_lock:u	902	0	0
tx_mem.abort_hle_store_to_elided_lock:u	903	0	0
tx_mem.abort_hle_store_to_elided_lock:u	904	0	0
tx_mem.abort_hle_store_to_elided_lock:u	905	0	0
tx_mem.abort_hle_store_to_elided_lock:u	906	0	0
tx_mem.abort_hle_store_to_elided_lock:u	907	0	0
tx_mem.abort_hle_store_to_elided_lock:u	908	0	0
tx_mem.abort_hle_store_to_elided_lock:u	909	0	0
tx_mem.abort_hle_store_to_elided_lock:u	910	0	0
tx_mem.abort_hle_store_to_elided_lock:u	911	0	0
tx_mem.abort_hle_store_to_elided_lock:u	912	0	0
tx_mem.abort_hle_store_to_elided_lock:u	913	0	0
tx_mem.abort_hle_store_to_elided_lock:u	914	0	0
tx_mem.abort_hle_store_to_elided_lock:u	915	0	0
tx_mem.abort_hle_store_to_elided_lock:u	916	0	0
tx_mem.abort_hle_store_to_elided_lock:u	917	0	0
tx_mem.abort_hle_store_to_elided_lock:u	918	0	0
tx_mem.abort_hle_store_to_elided_lock:u	919	0	0
tx_mem.abort_hle_store_to_elided_lock:u	920	0	0
tx_mem.abort_hle_store_to_elided_lock:u	921	0	0
tx_mem.abort_hle_store_to_elided_lock:u	922	0	0
tx_mem.abort_hle_store_to_elided_lock:u	923	0	0
tx_mem.abort_hle_store_to_elided_lock:u	924	0	0
tx_mem.abort_hle_store_to_elided_lock:u	925	0	0
tx_mem.abort_hle_store_to_elided_lock:u	926	0	0
tx_mem.abort_hle_store_to_elided_lock:u	927	0	0
tx_mem.abort_hle_store_to_elided_lock:u	928	0	0
tx_mem.abort_hle_store_to_elided_lock:u	929	0	0
tx_mem.abort_hle_store_to_elided_lock:u	930	0	0
tx_mem.abort_hle_store_to_elided_lock:u	931	0	0
tx_mem.abort_hle_store_to_elided_lock:u	932	0	0
tx_mem.abort_hle_store_to_elided_lock:u	933	0	0
tx_mem.abort_hle_store_to_elided_lock:u	934	0	0
tx_mem.abort_hle_store_to_elided_lock:u	935	0	0
tx_mem.abort_hle_store_to_elided_lock:u	936	0	0
tx_mem.abort_hle_store_to_elided_lock:u	937	0	0
tx_mem.abort_hle_store_to_elided_lock:u	938	0	0
tx_mem.abort_hle_store_to_elided_lock:u	939	0	0
tx_mem.abort_hle_store_to_elided_lock:u	940	0	0
tx_mem.abort_hle_store_to_elided_lock:u	941	0	0
tx_mem.abort_hle_store_to_elided_lock:u	942	0	0
tx_mem.abort_hle_store_to_elided_lock:u	943	0	0
tx_mem.abort_hle_store_to_elided_lock:u	944	0	0
tx_mem.abort_hle_store_to_elided_lock:u	945	0	0
tx_mem.abort_hle_store_to_elided_lock:u	946	0	0
tx_mem.abort_hle_store_to_elided_lock:u	947	0	0
tx_mem.abort_hle_store_to_elided_lock:u	948	0	0
tx_mem.abort_hle_store_to_elided_lock:u	949	0	0
tx_mem.abort_hle_store_to_elided_lock:u	950	0	0
tx_mem.abort_hle_store_to_elided_lock:u	951	0	0
tx_mem.abort_hle_store_to_elided_lock:u	952	0	0
tx_mem.abort_hle_store_to_elided_lock:u	953	0	0
tx_mem.abort_hle_store_to_elided_lock:u	954	0	0
tx_mem.abort_hle_store_to_elided_lock:u	955	0	0
tx_mem.abort_hle_store_to_elided_lock:u	956	0	0
tx_mem.abort_hle_store_to_elided_lock:u	957	0	0
tx_mem.abort_hle_store_to_elided_lock:u	958	0	0
tx_mem.abort_hle_store_to_elided_lock:u	959	0	0
tx_mem.abort_hle_store_to_elided_lock:u	960	0	0
tx_mem.abort_hle_store_to_elided_lock:u	961	0	0
tx_mem.abort_hle_store_to_elided_lock:u	962	0	0
tx_mem.abort_hle_store_to_elided_lock:u	963	0	0
tx_mem.abort_hle_store_to_elided_lock:u	964	0	0
tx_mem.abort_hle_store_to_elided_lock:u	965	0	0
tx_mem.abort_hle_store_to_elided_lock:u	966	0	0
tx_mem.abort_hle_store_to_elided_lock:u	967	0	0
tx_mem.abort_hle_store_to_elided_lock:u	968	0	0
tx_mem.abort_hle_store_to_elided_lock:u	969	0	0
tx_mem.abort_hle_store_to_elided_lock:u	970	0	0
tx_mem.abort_hle_store_to_elided_lock:u	971	0	0
tx_mem.abort_hle_store_to_elided_lock:u	972	0	0
tx_mem.abort_hle_store_to_elided_lock:u	973	0	0
tx_mem.abort_hle_store_to_elided_lock:u	974	0	0
tx_mem.abort_hle_store_to_elided_lock:u	975	0	0
tx_mem.abort_hle_store_to_elided_lock:u	976	0	0
tx_mem.abort_hle_store_to_elided_lock:u	977	0	0
tx_mem.abort_hle_store_to_elided_lock:u	978	0	0
tx_mem.abort_hle_store_to_elided_lock:u	979	0	0
tx_mem.abort_hle_store_to_elided_lock:u	980	0	0
tx_mem.abort_hle_store_to_elided_lock:u	981	0	0
tx_mem.abort_hle_store_to_elided_lock:u	982	0	0
tx_mem.abort_hle_store_to_elided_lock:u	983	0	0
tx_mem.abort_hle_store_to_elided_lock:u	984	0	0
tx_mem.abort_hle_store_to_elided_lock:u	985	0	0
tx_mem.abort_hle_store_to_elided_lock:u	986	0	0
tx_mem.abort_hle_store_to_elided_lock:u	987	0	0
tx_mem.abort_hle_store_to_elided_lock:u	988	0	0
tx_mem.abort_hle_store_to_elided_lock:u	989	0	0
tx_mem.abort_hle_store_to_elided_lock:u	990	0	0
tx_mem.abort_hle_store_to_elided_lock:u	991	0	0
tx_mem.abort_hle_store_to_elided_lock:u	992	0	0
tx_mem.abort_hle_store_to_elided_lock:u	993	0	0
tx_mem.abort_hle_store_to_elided_lock:u	994	0	0
tx_mem.abort_hle_store_to_elided_lock:u	995	0	0
tx_mem.abort_hle_store_to_elided_lock:u	996	0	0
tx_mem.abort_hle_store_to_elided_lock:u	997	0	0
tx_mem.abort_hle_store_to_elided_lock:u	998	0	0
tx_mem.abort_hle_store_to_elided_lock:u	999	0	0
tx_mem.abort_hle_store_to_elided_lock:u	1000	0	0
br_inst_retired.cond_ntaken:u	1	2400016	0
br_inst_retired.cond_ntaken:u	2	2400016	0
br_inst_retired.cond_ntaken:u	3	2400016	0
br_inst_retired.cond_ntaken:u	4	2400016	0
br_inst_retired.cond_ntaken:u	5	2400016	0
br_inst_retired.cond_ntaken:u	6	2400016	0
br_inst_retired.cond_ntaken:u	7	2400016	0
br_inst_retired.cond_ntaken:u	8	2400016	0
br_inst_retired.cond_ntaken:u	9	2400016	0
br_inst_retired.cond_ntaken:u	10	2400016	0
br_inst_retired.cond_ntaken:u	11	2400016	0
br_inst_retired.cond_ntaken:u	12	2400016	0
br_inst_retired.cond_ntaken:u	13	2400016	0
br_inst_retired.cond_ntaken:u	14	2400016	0
br_inst_retired.cond_ntaken:u	15	2400016	0
br_inst_retired.cond_ntaken:u	16	2400016	0
br_inst_retired.cond_ntaken:u	17	2400016	0
br_inst_retired.cond_ntaken:u	18	2400016	0
br_inst_retired.cond_ntaken:u	19	2400016	0
br_inst_retired.cond_ntaken:u	20	2400016	0
br_inst_retired.cond_ntaken:u	21	2400016	0
br_inst_retired.cond_ntaken:u	22	2400016	0
br_inst_retired.cond_ntaken:u	23	2400016	0
br_inst_retired.cond_ntaken:u	24	2400016	0
br_inst_retired.cond_ntaken:u	25	2400016	0
br_inst_retired.cond_ntaken:u	26	2400016	0
br_inst_retired.cond_ntaken:u	27	2400016	0
br_inst_retired.cond_ntaken:u	28	2400016	0
br_inst_retired.cond_ntaken:u	29	2400016	0
br_inst_retired.cond_ntaken:u	30	2400016	0
br_inst_retired.cond_ntaken:u	31	2400016	0
br_inst_retired.cond_ntaken:u	32	2400016	0
br_inst_retired.cond_ntaken:u	33	2400016	0
br_inst_retired.cond_ntaken:u	34	2400016	0
br_inst_retired.cond_ntaken:u	35	2400016	0
br_inst_retired.cond_ntaken:u	36	2400016	0
br_inst_retired.cond_ntaken:u	37	2400016	0
br_inst_retired.cond_ntaken:u	38	2400016	0
br_inst_retired.cond_ntaken:u	39	2400016	0
br_inst_retired.cond_ntaken:u	40	2400016	0
br_inst_retired.cond_ntaken:u	41	2400016	0
br_inst_retired.cond_ntaken:u	42	2400016	0
br_inst_retired.cond_ntaken:u	43	2400016	0
br_inst_retired.cond_ntaken:u	44	2400016	0
br_inst_retired.cond_ntaken:u	45	2400016	0
br_inst_retired.cond_ntaken:u	46	2400016	0
br_inst_retired.cond_ntaken:u	47	2400016	0
br_inst_retired.cond_ntaken:u	48	2400016	0
br_inst_retired.cond_ntaken:u	49	2400016	0
br_inst_retired.cond_ntaken:u	50	2400016	0
br_inst_retired.cond_ntaken:u	51	2400016	0
br_inst_retired.cond_ntaken:u	52	2400016	0
br_inst_retired.cond_ntaken:u	53	2400016	0
br_inst_retired.cond_ntaken:u	54	2400016	0
br_inst_retired.cond_ntaken:u	55	2400016	0
br_inst_retired.cond_ntaken:u	56	2400016	0
br_inst_retired.cond_ntaken:u	57	2400016	0
br_inst_retired.cond_ntaken:u	58	2400016	0
br_inst_retired.cond_ntaken:u	59	2400016	0
br_inst_retired.cond_ntaken:u	60	2400016	0
br_inst_retired.cond_ntaken:u	61	2400016	0
br_inst_retired.cond_ntaken:u	62	2400016	0
br_inst_retired.cond_ntaken:u	63	2400016	0
br_inst_retired.cond_ntaken:u	64	2400016	0
br_inst_retired.cond_ntaken:u	65	2400016	0
br_inst_retired.cond_ntaken:u	66	2400016	0
br_inst_retired.cond_ntaken:u	67	2400016	0
br_inst_retired.cond_ntaken:u	68	2400016	0
br_inst_retired.cond_ntaken:u	69	2400016	0
br_inst_retired.cond_ntaken:u	70	2400016	0
br_inst_retired.cond_ntaken:u	71	2400016	0
br_inst_retired.cond_ntaken:u	72	2400016	0
br_inst_retired.cond_ntaken:u	73	2400016	0
br_inst_retired.cond_ntaken:u	74	2400016	0
br_inst_retired.cond_ntaken:u	75	2400016	0
br_inst_retired.cond_ntaken:u	76	2400016	0
br_inst_retired.cond_ntaken:u	77	2400016	0
br_inst_retired.cond_ntaken:u	78	2400016	0
br_inst_retired.cond_ntaken:u	79	2400016	0
br_inst_retired.cond_ntaken:u	80	2400016	0
br_inst_retired.cond_ntaken:u	81	2400016	0
br_inst_retired.cond_ntaken:u	82	2400016	0
br_inst_retired.cond_ntaken:u	83	2400016	0
br_inst_retired.cond_ntaken:u	84	2400016	0
br_inst_retired.cond_ntaken:u	85	2400016	0
br_inst_retired.cond_ntaken:u	86	2400016	0
br_inst_retired.cond_ntaken:u	87	2400016	0
br_inst_retired.cond_ntaken:u	88	2400016	0
br_inst_retired.cond_ntaken:u	89	2400016	0
br_inst_retired.cond_ntaken:u	90	2400016	0
br_inst_retired.cond_ntaken:u	91	2400016	0
br_inst_retired.cond_ntaken:u	92	2400016	0
br_inst_retired.cond_ntaken:u	93	2400016	0
br_inst_retired.cond_ntaken:u	94	2400016	0
br_inst_retired.cond_ntaken:u	95	2400016	0
br_inst_retired.cond_ntaken:u	96	2400016	0
br_inst_retired.cond_ntaken:u	97	2400016	0
br_inst_retired.cond_ntaken:u	98	2400016	0
br_inst_retired.cond_ntaken:u	99	2400016	0
br_inst_retired.cond_ntaken:u	100	2400016	0
br_inst_retired.cond_ntaken:u	101	2400016	0
br_inst_retired.cond_ntaken:u	102	2400016	0
br_inst_retired.cond_ntaken:u	103	2400016	0
br_inst_retired.cond_ntaken:u	104	2400016	0
br_inst_retired.cond_ntaken:u	105	2400016	0
br_inst_retired.cond_ntaken:u	106	2400016	0
br_inst_retired.cond_ntaken:u	107	2400016	0
br_inst_retired.cond_ntaken:u	108	2400016	0
br_inst_retired.cond_ntaken:u	109	2400016	0
br_inst_retired.cond_ntaken:u	110	2400016	0
br_inst_retired.cond_ntaken:u	111	2400016	0
br_inst_retired.cond_ntaken:u	112	2400016	0
br_inst_retired.cond_ntaken:u	113	2400016	0
br_inst_retired.cond_ntaken:u	114	2400016	0
br_inst_retired.cond_ntaken:u	115	2400016	0
br_inst_retired.cond_ntaken:u	116	2400016	0
br_inst_retired.cond_ntaken:u	117	2400016	0
br_inst_retired.cond_ntaken:u	118	2400016	0
br_inst_retired.cond_ntaken:u	119	2400016	0
br_inst_retired.cond_ntaken:u	120	2400016	0
br_inst_retired.cond_ntaken:u	121	2400016	0
br_inst_retired.cond_ntaken:u	122	2400016	0
br_inst_retired.cond_ntaken:u	123	2400016	0
br_inst_retired.cond_ntaken:u	124	2400016	0
br_inst_retired.cond_ntaken:u	125	2400016	0
br_inst_retired.cond_ntaken:u	126	2400016	0
br_inst_retired.cond_ntaken:u	127	2400016	0
br_inst_retired.cond_ntaken:u	128	2400016	0
br_inst_retired.cond_ntaken:u	129	2400016	0
br_inst_retired.cond_ntaken:u	130	2400016	0
br_inst_retired.cond_ntaken:u	131	2400016	0
br_inst_retired.cond_ntaken:u	132	2400016	0
br_inst_retired.cond_ntaken:u	133	2400016	0
br_inst_retired.cond_ntaken:u	134	2400016	0
br_inst_retired.cond_ntaken:u	135	2400016	0
br_inst_retired.cond_ntaken:u	136	2400016	0
br_inst_retired.cond_ntaken:u	137	2400016	0
br_inst_retired.cond_ntaken:u	138	2400016	0
br_inst_retired.cond_ntaken:u	139	2400016	0
br_inst_retired.cond_ntaken:u	140	2400016	0
br_inst_retired.cond_ntaken:u	141	2400016	0
br_inst_retired.cond_ntaken:u	142	2400016	0
br_inst_retired.cond_ntaken:u	143	2400016	0
br_inst_retired.cond_ntaken:u	144	2400016	0
br_inst_retired.cond_ntaken:u	145	2400016	0
br_inst_retired.cond_ntaken:u	146	2400016	0
br_inst_retired.cond_ntaken:u	147	2400016	0
br_inst_retired.cond_ntaken:u	148	2400016	0
br_inst_retired.cond_ntaken:u	149	2400016	0
br_inst_retired.cond_ntaken:u	150	2400016	0
br_inst_retired.cond_ntaken:u	151	2400016	0
br_inst_retired.cond_ntaken:u	152	2400016	0
br_inst_retired.cond_ntaken:u	153	2400016	0
br_inst_retired.cond_ntaken:u	154	2400016	0
br_inst_retired.cond_ntaken:u	155	2400016	0
br_inst_retired.cond_ntaken:u	156	2400016	0
br_inst_retired.cond_ntaken:u	157	2400016	0
br_inst_retired.cond_ntaken:u	158	2400016	0
br_inst_retired.cond_ntaken:u	159	2400016	0
br_inst_retired.cond_ntaken:u	160	2400016	0
br_inst_retired.cond_ntaken:u	161	2400016	0
br_inst_retired.cond_ntaken:u	162	2400016	0
br_inst_retired.cond_ntaken:u	163	2400016	0
br_inst_retired.cond_ntaken:u	164	2400016	0
br_inst_retired.cond_ntaken:u	165	2400016	0
br_inst_retired.cond_ntaken:u	166	2400016	0
br_inst_retired.cond_ntaken:u	167	2400016	0
br_inst_retired.cond_ntaken:u	168	2400016	0
br_inst_retired.cond_ntaken:u	169	2400016	0
br_inst_retired.cond_ntaken:u	170	2400016	0
br_inst_retired.cond_ntaken:u	171	2400016	0
br_inst_retired.cond_ntaken:u	172	2400016	0
br_inst_retired.cond_ntaken:u	173	2400016	0
br_inst_retired.cond_ntaken:u	174	2400016	0
br_inst_retired.cond_ntaken:u	175	2400016	0
br_inst_retired.cond_ntaken:u	176	2400016	0
br_inst_retired.cond_ntaken:u	177	2400016	0
br_inst_retired.cond_ntaken:u	178	2400016	0
br_inst_retired.cond_ntaken:u	179	2400016	0
br_inst_retired.cond_ntaken:u	180	2400016	0
br_inst_retired.cond_ntaken:u	181	2400016	0
br_inst_retired.cond_ntaken:u	182	2400016	0
br_inst_retired.cond_ntaken:u	183	2400016	0
br_inst_retired.cond_ntaken:u	184	2400016	0
br_inst_retired.cond_ntaken:u	185	2400016	0
br_inst_retired.cond_ntaken:u	186	2400016	0
br_inst_retired.cond_ntaken:u	187	2400016	0
br_inst_retired.cond_ntaken:u	188	2400016	0
br_inst_retired.cond_ntaken:u	189	2400016	0
br_inst_retired.cond_ntaken:u	190	2400016	0
br_inst_retired.cond_ntaken:u	191	2400016	0
br_inst_retired.cond_ntaken:u	192	2400016	0
br_inst_retired.cond_ntaken:u	193	2400016	0
br_inst_retired.cond_ntaken:u	194	2400016	0
br_inst_retired.cond_ntaken:u	195	2400016	0
br_inst_retired.cond_ntaken:u	196	2400016	0
br_inst_retired.cond_ntaken:u	197	2400016	0
br_inst_retired.cond_ntaken:u	198	2400016	0
br_inst_retired.cond_ntaken:u	199	2400016	0
br_inst_retired.cond_ntaken:u	200	2400016	0
br_inst_retired.cond_ntaken:u	201	2400016	0
br_inst_retired.cond_ntaken:u	202	2400016	0
br_inst_retired.cond_ntaken:u	203	2400016	0
br_inst_retired.cond_ntaken:u	204	2400016	0
br_inst_retired.cond_ntaken:u	205	2400016	0
br_inst_retired.cond_ntaken:u	206	2400016	0
br_inst_retired.cond_ntaken:u	207	2400016	0
br_inst_retired.cond_ntaken:u	208	2400016	0
br_inst_retired.cond_ntaken:u	209	2400016	0
br_inst_retired.cond_ntaken:u	210	2400016	0
br_inst_retired.cond_ntaken:u	211	2400016	0
br_inst_retired.cond_ntaken:u	212	2400016	0
br_inst_retired.cond_ntaken:u	213	2400016	0
br_inst_retired.cond_ntaken:u	214	2400016	0
br_inst_retired.cond_ntaken:u	215	2400016	0
br_inst_retired.cond_ntaken:u	216	2400016	0
br_inst_retired.cond_ntaken:u	217	2400016	0
br_inst_retired.cond_ntaken:u	218	2400016	0
br_inst_retired.cond_ntaken:u	219	2400016	0
br_inst_retired.cond_ntaken:u	220	2400016	0
br_inst_retired.cond_ntaken:u	221	2400016	0
br_inst_retired.cond_ntaken:u	222	2400016	0
br_inst_retired.cond_ntaken:u	223	2400016	0
br_inst_retired.cond_ntaken:u	224	2400016	0
br_inst_retired.cond_ntaken:u	225	2400016	0
br_inst_retired.cond_ntaken:u	226	2400016	0
br_inst_retired.cond_ntaken:u	227	2400016	0
br_inst_retired.cond_ntaken:u	228	2400016	0
br_inst_retired.cond_ntaken:u	229	2400016	0
br_inst_retired.cond_ntaken:u	230	2400016	0
br_inst_retired.cond_ntaken:u	231	2400016	0
br_inst_retired.cond_ntaken:u	232	2400016	0
br_inst_retired.cond_ntaken:u	233	2400016	0
br_inst_retired.cond_ntaken:u	234	2400016	0
br_inst_retired.cond_ntaken:u	235	2400016	0
br_inst_retired.cond_ntaken:u	236	2400016	0
br_inst_retired.cond_ntaken:u	237	2400016	0
br_inst_retired.cond_ntaken:u	238	2400016	0
br_inst_retired.cond_ntaken:u	239	2400016	0
br_inst_retired.cond_ntaken:u	240	2400016	0
br_inst_retired.cond_ntaken:u	241	2400016	0
br_inst_retired.cond_ntaken:u	242	2400016	0
br_inst_retired.cond_ntaken:u	243	2400016	0
br_inst_retired.cond_ntaken:u	244	2400016	0
br_inst_retired.cond_ntaken:u	245	2400016	0
br_inst_retired.cond_ntaken:u	246	2400016	0
br_inst_retired.cond_ntaken:u	247	2400016	0
br_inst_retired.cond_ntaken:u	248	2400016	0
br_inst_retired.cond_ntaken:u	249	2400016	0
br_inst_retired.cond_ntaken:u	250	2400016	0
br_inst_retired.cond_ntaken:u	251	2400016	0
br_inst_retired.cond_ntaken:u	252	2400016	0
br_inst_retired.cond_ntaken:u	253	2400016	0
br_inst_retired.cond_ntaken:u	254	2400016	0
br_inst_retired.cond_ntaken:u	255	2400016	0
br_inst_retired.cond_ntaken:u	256	2400016	0
br_inst_retired.cond_ntaken:u	257	2400016	0
br_inst_retired.cond_ntaken:u	258	2400016	0
br_inst_retired.cond_ntaken:u	259	2400016	0
br_inst_retired.cond_ntaken:u	260	2400016	0
br_inst_retired.cond_ntaken:u	261	2400016	0
br_inst_retired.cond_ntaken:u	262	2400016	0
br_inst_retired.cond_ntaken:u	263	2400016	0
br_inst_retired.cond_ntaken:u	264	2400016	0
br_inst_retired.cond_ntaken:u	265	2400016	0
br_inst_retired.cond_ntaken:u	266	2400016	0
br_inst_retired.cond_ntaken:u	267	2400016	0
br_inst_retired.cond_ntaken:u	268	2400016	0
br_inst_retired.cond_ntaken:u	269	2400016	0
br_inst_retired.cond_ntaken:u	270	2400016	0
br_inst_retired.cond_ntaken:u	271	2400016	0
br_inst_retired.cond_ntaken:u	272	2400016	0
br_inst_retired.cond_ntaken:u	273	2400016	0
br_inst_retired.cond_ntaken:u	274	2400016	0
br_inst_retired.cond_ntaken:u	275	2400016	0
br_inst_retired.cond_ntaken:u	276	2400016	0
br_inst_retired.cond_ntaken:u	277	2400016	0
br_inst_retired.cond_ntaken:u	278	2400016	0
br_inst_retired.cond_ntaken:u	279	2400016	0
br_inst_retired.cond_ntaken:u	280	2400016	0
br_inst_retired.cond_ntaken:u	281	2400016	0
br_inst_retired.cond_ntaken:u	282	2400016	0
br_inst_retired.cond_ntaken:u	283	2400016	0
br_inst_retired.cond_ntaken:u	284	2400016	0
br_inst_retired.cond_ntaken:u	285	2400016	0
br_inst_retired.cond_ntaken:u	286	2400016	0
br_inst_retired.cond_ntaken:u	287	2400016	0
br_inst_retired.cond_ntaken:u	288	2400016	0
br_inst_retired.cond_ntaken:u	289	2400016	0
br_inst_retired.cond_ntaken:u	290	2400016	0
br_inst_retired.cond_ntaken:u	291	2400016	0
br_inst_retired.cond_ntaken:u	292	2400016	0
br_inst_retired.cond_ntaken:u	293	2400016	0
br_inst_retired.cond_ntaken:u	294	2400016	0
br_inst_retired.cond_ntaken:u	295	2400016	0
br_inst_retired.cond_ntaken:u	296	2400016	0
br_inst_retired.cond_ntaken:u	297	2400016	0
br_inst_retired.cond_ntaken:u	298	2400016	0
br_inst_retired.cond_ntaken:u	299	2400016	0
br_inst_retired.cond_ntaken:u	300	2400016	0
br_inst_retired.cond_ntaken:u	301	2400016	0
br_inst_retired.cond_ntaken:u	302	2400016	0
br_inst_retired.cond_ntaken:u	303	2400016	0
br_inst_retired.cond_ntaken:u	304	2400016	0
br_inst_retired.cond_ntaken:u	305	2400016	0
br_inst_retired.cond_ntaken:u	306	2400016	0
br_inst_retired.cond_ntaken:u	307	2400016	0
br_inst_retired.cond_ntaken:u	308	2400016	0
br_inst_retired.cond_ntaken:u	309	2400016	0
br_inst_retired.cond_ntaken:u	310	2400016	0
br_inst_retired.cond_ntaken:u	311	2400016	0
br_inst_retired.cond_ntaken:u	312	2400016	0
br_inst_retired.cond_ntaken:u	313	2400016	0
br_inst_retired.cond_ntaken:u	314	2400016	0
br_inst_retired.cond_ntaken:u	315	2400016	0
br_inst_retired.cond_ntaken:u	316	2400016	0
br_inst_retired.cond_ntaken:u	317	2400016	0
br_inst_retired.cond_ntaken:u	318	2400016	0
br_inst_retired.cond_ntaken:u	319	2400016	0
br_inst_retired.cond_ntaken:u	320	2400016	0
br_inst_retired.cond_ntaken:u	321	2400016	0
br_inst_retired.cond_ntaken:u	322	2400016	0
br_inst_retired.cond_ntaken:u	323	2400016	0
br_inst_retired.cond_ntaken:u	324	2400016	0
br_inst_retired.cond_ntaken:u	325	2400016	0
br_inst_retired.cond_ntaken:u	326	2400016	0
br_inst_retired.cond_ntaken:u	327	2400016	0
br_inst_retired.cond_ntaken:u	328	2400016	0
br_inst_retired.cond_ntaken:u	329	2400016	0
br_inst_retired.cond_ntaken:u	330	2400016	0
br_inst_retired.cond_ntaken:u	331	2400016	0
br_inst_retired.cond_ntaken:u	332	2400016	0
br_inst_retired.cond_ntaken:u	333	2400016	0
br_inst_retired.cond_ntaken:u	334	2400016	0
br_inst_retired.cond_ntaken:u	335	2400016	0
br_inst_retired.cond_ntaken:u	336	2400016	0
br_inst_retired.cond_ntaken:u	337	2400016	0
br_inst_retired.cond_ntaken:u	338	2400016	0
br_inst_retired.cond_ntaken:u	339	2400016	0
br_inst_retired.cond_ntaken:u	340	2400016	0
br_inst_retired.cond_ntaken:u	341	2400016	0
br_inst_retired.cond_ntaken:u	342	2400016	0
br_inst_retired.cond_ntaken:u	343	2400016	0
br_inst_retired.cond_ntaken:u	344	2400016	0
br_inst_retired.cond_ntaken:u	345	2400016	0
br_inst_retired.cond_ntaken:u	346	2400016	0
br_inst_retired.cond_ntaken:u	347	2400016	0
br_inst_retired.cond_ntaken:u	348	2400016	0
br_inst_retired.cond_ntaken:u	349	2400016	0
br_inst_retired.cond_ntaken:u	350	2400016	0
br_inst_retired.cond_ntaken:u	351	2400016	0
br_inst_retired.cond_ntaken:u	352	2400016	0
br_inst_retired.cond_ntaken:u	353	2400016	0
br_inst_retired.cond_ntaken:u	354	2400016	0
br_inst_retired.cond_ntaken:u	355	2400016	0
br_inst_retired.cond_ntaken:u	356	2400016	0
br_inst_retired.cond_ntaken:u	357	2400016	0
br_inst_retired.cond_ntaken:u	358	2400016	0
br_inst_retired.cond_ntaken:u	359	2400016	0
br_inst_retired.cond_ntaken:u	360	2400016	0
br_inst_retired.cond_ntaken:u	361	2400016	0
br_inst_retired.cond_ntaken:u	362	2400016	0
br_inst_retired.cond_ntaken:u	363	2400016	0
br_inst_retired.cond_ntaken:u	364	2400016	0
br_inst_retired.cond_ntaken:u	365	2400016	0
br_inst_retired.cond_ntaken:u	366	2400016	0
br_inst_retired.cond_ntaken:u	367	2400016	0
br_inst_retired.cond_ntaken:u	368	2400016	0
br_inst_retired.cond_ntaken:u	369	2400016	0
br_inst_retired.cond_ntaken:u	370	2400016	0
br_inst_retired.cond_ntaken:u	371	2400016	0
br_inst_retired.cond_ntaken:u	372	2400016	0
br_inst_retired.cond_ntaken:u	373	2400016	0
br_inst_retired.cond_ntaken:u	374	2400016	0
br_inst_retired.cond_ntaken:u	375	2400016	0
br_inst_retired.cond_ntaken:u	376	2400016	0
br_inst_retired.cond_ntaken:u	377	2400016	0
br_inst_retired.cond_ntaken:u	378	2400016	0
br_inst_retired.cond_ntaken:u	379	2400016	0
br_inst_retired.cond_ntaken:u	380	2400016	0
br_inst_retired.cond_ntaken:u	381	2400016	0
br_inst_retired.cond_ntaken:u	382	2400016	0
br_inst_retired.cond_ntaken:u	383	2400016	0
br_inst_retired.cond_ntaken:u	384	2400016	0
br_inst_retired.cond_ntaken:u	385	2400016	0
br_inst_retired.cond_ntaken:u	386	2400016	0
br_inst_retired.cond_ntaken:u	387	2400016	0
br_inst_retired.cond_ntaken:u	388	2400016	0
br_inst_retired.cond_ntaken:u	389	2400016	0
br_inst_retired.cond_ntaken:u	390	2400016	0
br_inst_retired.cond_ntaken:u	391	2400016	0
br_inst_retired.cond_ntaken:u	392	2400016	0
br_inst_retired.cond_ntaken:u	393	2400016	0
br_inst_retired.cond_ntaken:u	394	2400016	0
br_inst_retired.cond_ntaken:u	395	2400016	0
br_inst_retired.cond_ntaken:u	396	2400016	0
br_inst_retired.cond_ntaken:u	397	2400016	0
br_inst_retired.cond_ntaken:u	398	2400016	0
br_inst_retired.cond_ntaken:u	399	2400016	0
br_inst_retired.cond_ntaken:u	400	2400016	0
br_inst_retired.cond_ntaken:u	401	2400016	0
br_inst_retired.cond_ntaken:u	402	2400016	0
br_inst_retired.cond_ntaken:u	403	2400016	0
br_inst_retired.cond_ntaken:u	404	2400016	0
br_inst_retired.cond_ntaken:u	405	2400016	0
br_inst_retired.cond_ntaken:u	406	2400016	0
br_inst_retired.cond_ntaken:u	407	2400016	0
br_inst_retired.cond_ntaken:u	408	2400016	0
br_inst_retired.cond_ntaken:u	409	2400016	0
br_inst_retired.cond_ntaken:u	410	2400016	0
br_inst_retired.cond_ntaken:u	411	2400016	0
br_inst_retired.cond_ntaken:u	412	2400016	0
br_inst_retired.cond_ntaken:u	413	2400016	0
br_inst_retired.cond_ntaken:u	414	2400016	0
br_inst_retired.cond_ntaken:u	415	2400016	0
br_inst_retired.cond_ntaken:u	416	2400016	0
br_inst_retired.cond_ntaken:u	417	2400016	0
br_inst_retired.cond_ntaken:u	418	2400016	0
br_inst_retired.cond_ntaken:u	419	2400016	0
br_inst_retired.cond_ntaken:u	420	2400016	0
br_inst_retired.cond_ntaken:u	421	2400016	0
br_inst_retired.cond_ntaken:u	422	2400016	0
br_inst_retired.cond_ntaken:u	423	2400016	0
br_inst_retired.cond_ntaken:u	424	2400016	0
br_inst_retired.cond_ntaken:u	425	2400016	0
br_inst_retired.cond_ntaken:u	426	2400016	0
br_inst_retired.cond_ntaken:u	427	2400016	0
br_inst_retired.cond_ntaken:u	428	2400016	0
br_inst_retired.cond_ntaken:u	429	2400016	0
br_inst_retired.cond_ntaken:u	430	2400016	0
br_inst_retired.cond_ntaken:u	431	2400016	0
br_inst_retired.cond_ntaken:u	432	2400016	0
br_inst_retired.cond_ntaken:u	433	2400016	0
br_inst_retired.cond_ntaken:u	434	2400016	0
br_inst_retired.cond_ntaken:u	435	2400016	0
br_inst_retired.cond_ntaken:u	436	2400016	0
br_inst_retired.cond_ntaken:u	437	2400016	0
br_inst_retired.cond_ntaken:u	438	2400016	0
br_inst_retired.cond_ntaken:u	439	2400016	0
br_inst_retired.cond_ntaken:u	440	2400016	0
br_inst_retired.cond_ntaken:u	441	2400016	0
br_inst_retired.cond_ntaken:u	442	2400016	0
br_inst_retired.cond_ntaken:u	443	2400016	0
br_inst_retired.cond_ntaken:u	444	2400016	0
br_inst_retired.cond_ntaken:u	445	2400016	0
br_inst_retired.cond_ntaken:u	446	2400016	0
br_inst_retired.cond_ntaken:u	447	2400016	0
br_inst_retired.cond_ntaken:u	448	2400016	0
br_inst_retired.cond_ntaken:u	449	2400016	0
br_inst_retired.cond_ntaken:u	450	2400016	0
br_inst_retired.cond_ntaken:u	451	2400016	0
br_inst_retired.cond_ntaken:u	452	2400016	0
br_inst_retired.cond_ntaken:u	453	2400016	0
br_inst_retired.cond_ntaken:u	454	2400016	0
br_inst_retired.cond_ntaken:u	455	2400016	0
br_inst_retired.cond_ntaken:u	456	2400016	0
br_inst_retired.cond_ntaken:u	457	2400016	0
br_inst_retired.cond_ntaken:u	458	2400016	0
br_inst_retired.cond_ntaken:u	459	2400016	0
br_inst_retired.cond_ntaken:u	460	2400016	0
br_inst_retired.cond_ntaken:u	461	2400016	0
br_inst_retired.cond_ntaken:u	462	2400016	0
br_inst_retired.cond_ntaken:u	463	2400016	0
br_inst_retired.cond_ntaken:u	464	2400016	0
br_inst_retired.cond_ntaken:u	465	2400016	0
br_inst_retired.cond_ntaken:u	466	2400016	0
br_inst_retired.cond_ntaken:u	467	2400016	0
br_inst_retired.cond_ntaken:u	468	2400016	0
br_inst_retired.cond_ntaken:u	469	2400016	0
br_inst_retired.cond_ntaken:u	470	2400016	0
br_inst_retired.cond_ntaken:u	471	2400016	0
br_inst_retired.cond_ntaken:u	472	2400016	0
br_inst_retired.cond_ntaken:u	473	2400016	0
br_inst_retired.cond_ntaken:u	474	2400016	0
br_inst_retired.cond_ntaken:u	475	2400016	0
br_inst_retired.cond_ntaken:u	476	2400016	0
br_inst_retired.cond_ntaken:u	477	2400016	0
br_inst_retired.cond_ntaken:u	478	2400016	0
br_inst_retired.cond_ntaken:u	479	2400016	0
br_inst_retired.cond_ntaken:u	480	2400016	0
br_inst_retired.cond_ntaken:u	481	2400016	0
br_inst_retired.cond_ntaken:u	482	2400016	0
br_inst_retired.cond_ntaken:u	483	2400016	0
br_inst_retired.cond_ntaken:u	484	2400016	0
br_inst_retired.cond_ntaken:u	485	2400016	0
br_inst_retired.cond_ntaken:u	486	2400016	0
br_inst_retired.cond_ntaken:u	487	2400016	0
br_inst_retired.cond_ntaken:u	488	2400016	0
br_inst_retired.cond_ntaken:u	489	2400016	0
br_inst_retired.cond_ntaken:u	490	2400016	0
br_inst_retired.cond_ntaken:u	491	2400016	0
br_inst_retired.cond_ntaken:u	492	2400016	0
br_inst_retired.cond_ntaken:u	493	2400016	0
br_inst_retired.cond_ntaken:u	494	2400016	0
br_inst_retired.cond_ntaken:u	495	2400016	0
br_inst_retired.cond_ntaken:u	496	2400016	0
br_inst_retired.cond_ntaken:u	497	2400016	0
br_inst_retired.cond_ntaken:u	498	2400016	0
br_inst_retired.cond_ntaken:u	499	2400016	0
br_inst_retired.cond_ntaken:u	500	2400016	0
br_inst_retired.cond_ntaken:u	501	2400016	0
br_inst_retired.cond_ntaken:u	502	2400016	0
br_inst_retired.cond_ntaken:u	503	2400016	0
br_inst_retired.cond_ntaken:u	504	2400016	0
br_inst_retired.cond_ntaken:u	505	2400016	0
br_inst_retired.cond_ntaken:u	506	2400016	0
br_inst_retired.cond_ntaken:u	507	2400016	0
br_inst_retired.cond_ntaken:u	508	2400016	0
br_inst_retired.cond_ntaken:u	509	2400016	0
br_inst_retired.cond_ntaken:u	510	2400016	0
br_inst_retired.cond_ntaken:u	511	2400016	0
br_inst_retired.cond_ntaken:u	512	2400016	0
br_inst_retired.cond_ntaken:u	513	2400016	0
br_inst_retired.cond_ntaken:u	514	2400016	0
br_inst_retired.cond_ntaken:u	515	2400016	0
br_inst_retired.cond_ntaken:u	516	2400016	0
br_inst_retired.cond_ntaken:u	517	2400016	0
br_inst_retired.cond_ntaken:u	518	2400016	0
br_inst_retired.cond_ntaken:u	519	2400016	0
br_inst_retired.cond_ntaken:u	520	2400016	0
br_inst_retired.cond_ntaken:u	521	2400016	0
br_inst_retired.cond_ntaken:u	522	2400016	0
br_inst_retired.cond_ntaken:u	523	2400016	0
br_inst_retired.cond_ntaken:u	524	2400016	0
br_inst_retired.cond_ntaken:u	525	2400016	0
br_inst_retired.cond_ntaken:u	526	2400016	0
br_inst_retired.cond_ntaken:u	527	2400016	0
br_inst_retired.cond_ntaken:u	528	2400016	0
br_inst_retired.cond_ntaken:u	529	2400016	0
br_inst_retired.cond_ntaken:u	530	2400016	0
br_inst_retired.cond_ntaken:u	531	2400016	0
br_inst_retired.cond_ntaken:u	532	2400016	0
br_inst_retired.cond_ntaken:u	533	2400016	0
br_inst_retired.cond_ntaken:u	534	2400016	0
br_inst_retired.cond_ntaken:u	535	2400016	0
br_inst_retired.cond_ntaken:u	536	2400016	0
br_inst_retired.cond_ntaken:u	537	2400016	0
br_inst_retired.cond_ntaken:u	538	2400016	0
br_inst_retired.cond_ntaken:u	539	2400016	0
br_inst_retired.cond_ntaken:u	540	2400016	0
br_inst_retired.cond_ntaken:u	541	2400016	0
br_inst_retired.cond_ntaken:u	542	2400016	0
br_inst_retired.cond_ntaken:u	543	2400016	0
br_inst_retired.cond_ntaken:u	544	2400016	0
br_inst_retired.cond_ntaken:u	545	2400016	0
br_inst_retired.cond_ntaken:u	546	2400016	0
br_inst_retired.cond_ntaken:u	547	2400016	0
br_inst_retired.cond_ntaken:u	548	2400016	0
br_inst_retired.cond_ntaken:u	549	2400016	0
br_inst_retired.cond_ntaken:u	550	2400016	0
br_inst_retired.cond_ntaken:u	551	2400016	0
br_inst_retired.cond_ntaken:u	552	2400016	0
br_inst_retired.cond_ntaken:u	553	2400016	0
br_inst_retired.cond_ntaken:u	554	2400016	0
br_inst_retired.cond_ntaken:u	555	2400016	0
br_inst_retired.cond_ntaken:u	556	2400016	0
br_inst_retired.cond_ntaken:u	557	2400016	0
br_inst_retired.cond_ntaken:u	558	2400016	0
br_inst_retired.cond_ntaken:u	559	2400016	0
br_inst_retired.cond_ntaken:u	560	2400016	0
br_inst_retired.cond_ntaken:u	561	2400016	0
br_inst_retired.cond_ntaken:u	562	2400016	0
br_inst_retired.cond_ntaken:u	563	2400016	0
br_inst_retired.cond_ntaken:u	564	2400016	0
br_inst_retired.cond_ntaken:u	565	2400016	0
br_inst_retired.cond_ntaken:u	566	2400016	0
br_inst_retired.cond_ntaken:u	567	2400016	0
br_inst_retired.cond_ntaken:u	568	2400016	0
br_inst_retired.cond_ntaken:u	569	2400016	0
br_inst_retired.cond_ntaken:u	570	2400016	0
br_inst_retired.cond_ntaken:u	571	2400016	0
br_inst_retired.cond_ntaken:u	572	2400016	0
br_inst_retired.cond_ntaken:u	573	2400016	0
br_inst_retired.cond_ntaken:u	574	2400016	0
br_inst_retired.cond_ntaken:u	575	2400016	0
br_inst_retired.cond_ntaken:u	576	2400016	0
br_inst_retired.cond_ntaken:u	577	2400016	0
br_inst_retired.cond_ntaken:u	578	2400016	0
br_inst_retired.cond_ntaken:u	579	2400016	0
br_inst_retired.cond_ntaken:u	580	2400016	0
br_inst_retired.cond_ntaken:u	581	2400016	0
br_inst_retired.cond_ntaken:u	582	2400016	0
br_inst_retired.cond_ntaken:u	583	2400016	0
br_inst_retired.cond_ntaken:u	584	2400016	0
br_inst_retired.cond_ntaken:u	585	2400016	0
br_inst_retired.cond_ntaken:u	586	2400016	0
br_inst_retired.cond_ntaken:u	587	2400016	0
br_inst_retired.cond_ntaken:u	588	2400016	0
br_inst_retired.cond_ntaken:u	589	2400016	0
br_inst_retired.cond_ntaken:u	590	2400016	0
br_inst_retired.cond_ntaken:u	591	2400016	0
br_inst_retired.cond_ntaken:u	592	2400016	0
br_inst_retired.cond_ntaken:u	593	2400016	0
br_inst_retired.cond_ntaken:u	594	2400016	0
br_inst_retired.cond_ntaken:u	595	2400016	0
br_inst_retired.cond_ntaken:u	596	2400016	0
br_inst_retired.cond_ntaken:u	597	2400016	0
br_inst_retired.cond_ntaken:u	598	2400016	0
br_inst_retired.cond_ntaken:u	599	2400016	0
br_inst_retired.cond_ntaken:u	600	2400016	0
br_inst_retired.cond_ntaken:u	601	2400016	0
br_inst_retired.cond_ntaken:u	602	2400016	0
br_inst_retired.cond_ntaken:u	603	2400016	0
br_inst_retired.cond_ntaken:u	604	2400016	0
br_inst_retired.cond_ntaken:u	605	2400016	0
br_inst_retired.cond_ntaken:u	606	2400016	0
br_inst_retired.cond_ntaken:u	607	2400016	0
br_inst_retired.cond_ntaken:u	608	2400016	0
br_inst_retired.cond_ntaken:u	609	2400016	0
br_inst_retired.cond_ntaken:u	610	2400016	0
br_inst_retired.cond_ntaken:u	611	2400016	0
br_inst_retired.cond_ntaken:u	612	2400016	0
br_inst_retired.cond_ntaken:u	613	2400016	0
br_inst_retired.cond_ntaken:u	614	2400016	0
br_inst_retired.cond_ntaken:u	615	2400016	0
br_inst_retired.cond_ntaken:u	616	2400016	0
br_inst_retired.cond_ntaken:u	617	2400016	0
br_inst_retired.cond_ntaken:u	618	2400016	0
br_inst_retired.cond_ntaken:u	619	2400016	0
br_inst_retired.cond_ntaken:u	620	2400016	0
br_inst_retired.cond_ntaken:u	621	2400016	0
br_inst_retired.cond_ntaken:u	622	2400016	0
br_inst_retired.cond_ntaken:u	623	2400016	0
br_inst_retired.cond_ntaken:u	624	2400016	0
br_inst_retired.cond_ntaken:u	625	2400016	0
br_inst_retired.cond_ntaken:u	626	2400016	0
br_inst_retired.cond_ntaken:u	627	2400016	0
br_inst_retired.cond_ntaken:u	628	2400016	0
br_inst_retired.cond_ntaken:u	629	2400016	0
br_inst_retired.cond_ntaken:u	630	2400016	0
br_inst_retired.cond_ntaken:u	631	2400016	0
br_inst_retired.cond_ntaken:u	632	2400016	0
br_inst_retired.cond_ntaken:u	633	2400016	0
br_inst_retired.cond_ntaken:u	634	2400016	0
br_inst_retired.cond_ntaken:u	635	2400016	0
br_inst_retired.cond_ntaken:u	636	2400016	0
br_inst_retired.cond_ntaken:u	637	2400016	0
br_inst_retired.cond_ntaken:u	638	2400016	0
br_inst_retired.cond_ntaken:u	639	2400016	0
br_inst_retired.cond_ntaken:u	640	2400016	0
br_inst_retired.cond_ntaken:u	641	2400016	0
br_inst_retired.cond_ntaken:u	642	2400016	0
br_inst_retired.cond_ntaken:u	643	2400016	0
br_inst_retired.cond_ntaken:u	644	2400016	0
br_inst_retired.cond_ntaken:u	645	2400016	0
br_inst_retired.cond_ntaken:u	646	2400016	0
br_inst_retired.cond_ntaken:u	647	2400016	0
br_inst_retired.cond_ntaken:u	648	2400016	0
br_inst_retired.cond_ntaken:u	649	2400016	0
br_inst_retired.cond_ntaken:u	650	2400016	0
br_inst_retired.cond_ntaken:u	651	2400016	0
br_inst_retired.cond_ntaken:u	652	2400016	0
br_inst_retired.cond_ntaken:u	653	2400016	0
br_inst_retired.cond_ntaken:u	654	2400016	0
br_inst_retired.cond_ntaken:u	655	2400016	0
br_inst_retired.cond_ntaken:u	656	2400016	0
br_inst_retired.cond_ntaken:u	657	2400016	0
br_inst_retired.cond_ntaken:u	658	2400016	0
br_inst_retired.cond_ntaken:u	659	2400016	0
br_inst_retired.cond_ntaken:u	660	2400016	0
br_inst_retired.cond_ntaken:u	661	2400016	0
br_inst_retired.cond_ntaken:u	662	2400016	0
br_inst_retired.cond_ntaken:u	663	2400016	0
br_inst_retired.cond_ntaken:u	664	2400016	0
br_inst_retired.cond_ntaken:u	665	2400016	0
br_inst_retired.cond_ntaken:u	666	2400016	0
br_inst_retired.cond_ntaken:u	667	2400016	0
br_inst_retired.cond_ntaken:u	668	2400016	0
br_inst_retired.cond_ntaken:u	669	2400016	0
br_inst_retired.cond_ntaken:u	670	2400016	0
br_inst_retired.cond_ntaken:u	671	2400016	0
br_inst_retired.cond_ntaken:u	672	2400016	0
br_inst_retired.cond_ntaken:u	673	2400016	0
br_inst_retired.cond_ntaken:u	674	2400016	0
br_inst_retired.cond_ntaken:u	675	2400016	0
br_inst_retired.cond_ntaken:u	676	2400016	0
br_inst_retired.cond_ntaken:u	677	2400016	0
br_inst_retired.cond_ntaken:u	678	2400016	0
br_inst_retired.cond_ntaken:u	679	2400016	0
br_inst_retired.cond_ntaken:u	680	2400016	0
br_inst_retired.cond_ntaken:u	681	2400016	0
br_inst_retired.cond_ntaken:u	682	2400016	0
br_inst_retired.cond_ntaken:u	683	2400016	0
br_inst_retired.cond_ntaken:u	684	2400016	0
br_inst_retired.cond_ntaken:u	685	2400016	0
br_inst_retired.cond_ntaken:u	686	2400016	0
br_inst_retired.cond_ntaken:u	687	2400016	0
br_inst_retired.cond_ntaken:u	688	2400016	0
br_inst_retired.cond_ntaken:u	689	2400016	0
br_inst_retired.cond_ntaken:u	690	2400016	0
br_inst_retired.cond_ntaken:u	691	2400016	0
br_inst_retired.cond_ntaken:u	692	2400016	0
br_inst_retired.cond_ntaken:u	693	2400016	0
br_inst_retired.cond_ntaken:u	694	2400016	0
br_inst_retired.cond_ntaken:u	695	2400016	0
br_inst_retired.cond_ntaken:u	696	2400016	0
br_inst_retired.cond_ntaken:u	697	2400016	0
br_inst_retired.cond_ntaken:u	698	2400016	0
br_inst_retired.cond_ntaken:u	699	2400016	0
br_inst_retired.cond_ntaken:u	700	2400016	0
br_inst_retired.cond_ntaken:u	701	2400016	0
br_inst_retired.cond_ntaken:u	702	2400016	0
br_inst_retired.cond_ntaken:u	703	2400016	0
br_inst_retired.cond_ntaken:u	704	2400016	0
br_inst_retired.cond_ntaken:u	705	2400016	0
br_inst_retired.cond_ntaken:u	706	2400016	0
br_inst_retired.cond_ntaken:u	707	2400016	0
br_inst_retired.cond_ntaken:u	708	2400016	0
br_inst_retired.cond_ntaken:u	709	2400016	0
br_inst_retired.cond_ntaken:u	710	2400016	0
br_inst_retired.cond_ntaken:u	711	2400016	0
br_inst_retired.cond_ntaken:u	712	2400016	0
br_inst_retired.cond_ntaken:u	713	2400016	0
br_inst_retired.cond_ntaken:u	714	2400016	0
br_inst_retired.cond_ntaken:u	715	2400016	0
br_inst_retired.cond_ntaken:u	716	2400016	0
br_inst_retired.cond_ntaken:u	717	2400016	0
br_inst_retired.cond_ntaken:u	718	2400016	0
br_inst_retired.cond_ntaken:u	719	2400016	0
br_inst_retired.cond_ntaken:u	720	2400016	0
br_inst_retired.cond_ntaken:u	721	2400016	0
br_inst_retired.cond_ntaken:u	722	2400016	0
br_inst_retired.cond_ntaken:u	723	2400016	0
br_inst_retired.cond_ntaken:u	724	2400016	0
br_inst_retired.cond_ntaken:u	725	2400016	0
br_inst_retired.cond_ntaken:u	726	2400016	0
br_inst_retired.cond_ntaken:u	727	2400016	0
br_inst_retired.cond_ntaken:u	728	2400016	0
br_inst_retired.cond_ntaken:u	729	2400016	0
br_inst_retired.cond_ntaken:u	730	2400016	0
br_inst_retired.cond_ntaken:u	731	2400016	0
br_inst_retired.cond_ntaken:u	732	2400016	0
br_inst_retired.cond_ntaken:u	733	2400016	0
br_inst_retired.cond_ntaken:u	734	2400016	0
br_inst_retired.cond_ntaken:u	735	2400016	0
br_inst_retired.cond_ntaken:u	736	2400016	0
br_inst_retired.cond_ntaken:u	737	2400016	0
br_inst_retired.cond_ntaken:u	738	2400016	0
br_inst_retired.cond_ntaken:u	739	2400016	0
br_inst_retired.cond_ntaken:u	740	2400016	0
br_inst_retired.cond_ntaken:u	741	2400016	0
br_inst_retired.cond_ntaken:u	742	2400016	0
br_inst_retired.cond_ntaken:u	743	2400016	0
br_inst_retired.cond_ntaken:u	744	2400016	0
br_inst_retired.cond_ntaken:u	745	2400016	0
br_inst_retired.cond_ntaken:u	746	2400016	0
br_inst_retired.cond_ntaken:u	747	2400016	0
br_inst_retired.cond_ntaken:u	748	2400016	0
br_inst_retired.cond_ntaken:u	749	2400016	0
br_inst_retired.cond_ntaken:u	750	2400016	0
br_inst_retired.cond_ntaken:u	751	2400016	0
br_inst_retired.cond_ntaken:u	752	2400016	0
br_inst_retired.cond_ntaken:u	753	2400016	0
br_inst_retired.cond_ntaken:u	754	2400016	0
br_inst_retired.cond_ntaken:u	755	2400016	0
br_inst_retired.cond_ntaken:u	756	2400016	0
br_inst_retired.cond_ntaken:u	757	2400016	0
br_inst_retired.cond_ntaken:u	758	2400016	0
br_inst_retired.cond_ntaken:u	759	2400016	0
br_inst_retired.cond_ntaken:u	760	2400016	0
br_inst_retired.cond_ntaken:u	761	2400016	0
br_inst_retired.cond_ntaken:u	762	2400016	0
br_inst_retired.cond_ntaken:u	763	2400016	0
br_inst_retired.cond_ntaken:u	764	2400016	0
br_inst_retired.cond_ntaken:u	765	2400016	0
br_inst_retired.cond_ntaken:u	766	2400016	0
br_inst_retired.cond_ntaken:u	767	2400016	0
br_inst_retired.cond_ntaken:u	768	2400016	0
br_inst_retired.cond_ntaken:u	769	2400016	0
br_inst_retired.cond_ntaken:u	770	2400016	0
br_inst_retired.cond_ntaken:u	771	2400016	0
br_inst_retired.cond_ntaken:u	772	2400016	0
br_inst_retired.cond_ntaken:u	773	2400016	0
br_inst_retired.cond_ntaken:u	774	2400016	0
br_inst_retired.cond_ntaken:u	775	2400016	0
br_inst_retired.cond_ntaken:u	776	2400016	0
br_inst_retired.cond_ntaken:u	777	2400016	0
