event	round	count	exit
cycles-ct:u	1	0	0
cycles-ct:u	2	0	0
cycles-ct:u	3	0	0
cycles-ct:u	4	0	0
cycles-ct:u	5	0	0
cycles-ct:u	6	0	0
cycles-ct:u	7	0	0
cycles-ct:u	8	0	0
cycles-ct:u	9	0	0
cycles-ct:u	10	0	0
cycles-ct:u	11	0	0
cycles-ct:u	12	0	0
cycles-ct:u	13	0	0
cycles-ct:u	14	0	0
cycles-ct:u	15	0	0
cycles-ct:u	16	0	0
cycles-ct:u	17	0	0
cycles-ct:u	18	0	0
cycles-ct:u	19	0	0
cycles-ct:u	20	0	0
cycles-ct:u	21	0	0
cycles-ct:u	22	0	0
cycles-ct:u	23	0	0
cycles-ct:u	24	0	0
cycles-ct:u	25	0	0
cycles-ct:u	26	0	0
cycles-ct:u	27	0	0
cycles-ct:u	28	0	0
cycles-ct:u	29	0	0
cycles-ct:u	30	0	0
cycles-ct:u	31	0	0
cycles-ct:u	32	0	0
cycles-ct:u	33	0	0
cycles-ct:u	34	0	0
cycles-ct:u	35	0	0
cycles-ct:u	36	0	0
cycles-ct:u	37	0	0
cycles-ct:u	38	0	0
cycles-ct:u	39	0	0
cycles-ct:u	40	0	0
cycles-ct:u	41	0	0
cycles-ct:u	42	0	0
cycles-ct:u	43	0	0
cycles-ct:u	44	0	0
cycles-ct:u	45	0	0
cycles-ct:u	46	0	0
cycles-ct:u	47	0	0
cycles-ct:u	48	0	0
cycles-ct:u	49	0	0
cycles-ct:u	50	0	0
cycles-ct:u	51	0	0
cycles-ct:u	52	0	0
cycles-ct:u	53	0	0
cycles-ct:u	54	0	0
cycles-ct:u	55	0	0
cycles-ct:u	56	0	0
cycles-ct:u	57	0	0
cycles-ct:u	58	0	0
cycles-ct:u	59	0	0
cycles-ct:u	60	0	0
cycles-ct:u	61	0	0
cycles-ct:u	62	0	0
cycles-ct:u	63	0	0
cycles-ct:u	64	0	0
cycles-ct:u	65	0	0
cycles-ct:u	66	0	0
cycles-ct:u	67	0	0
cycles-ct:u	68	0	0
cycles-ct:u	69	0	0
cycles-ct:u	70	0	0
cycles-ct:u	71	0	0
cycles-ct:u	72	0	0
cycles-ct:u	73	0	0
cycles-ct:u	74	0	0
cycles-ct:u	75	0	0
cycles-ct:u	76	0	0
cycles-ct:u	77	0	0
cycles-ct:u	78	0	0
cycles-ct:u	79	0	0
cycles-ct:u	80	0	0
cycles-ct:u	81	0	0
cycles-ct:u	82	0	0
cycles-ct:u	83	0	0
cycles-ct:u	84	0	0
cycles-ct:u	85	0	0
cycles-ct:u	86	0	0
cycles-ct:u	87	0	0
cycles-ct:u	88	0	0
cycles-ct:u	89	0	0
cycles-ct:u	90	0	0
cycles-ct:u	91	0	0
cycles-ct:u	92	0	0
cycles-ct:u	93	0	0
cycles-ct:u	94	0	0
cycles-ct:u	95	0	0
cycles-ct:u	96	0	0
cycles-ct:u	97	0	0
cycles-ct:u	98	0	0
cycles-ct:u	99	0	0
cycles-ct:u	100	0	0
cycles-ct:u	101	0	0
cycles-ct:u	102	0	0
cycles-ct:u	103	0	0
cycles-ct:u	104	0	0
cycles-ct:u	105	0	0
cycles-ct:u	106	0	0
cycles-ct:u	107	0	0
cycles-ct:u	108	0	0
cycles-ct:u	109	0	0
cycles-ct:u	110	0	0
cycles-ct:u	111	0	0
cycles-ct:u	112	0	0
cycles-ct:u	113	0	0
cycles-ct:u	114	0	0
cycles-ct:u	115	0	0
cycles-ct:u	116	0	0
cycles-ct:u	117	0	0
cycles-ct:u	118	0	0
cycles-ct:u	119	0	0
cycles-ct:u	120	0	0
cycles-ct:u	121	0	0
cycles-ct:u	122	0	0
cycles-ct:u	123	0	0
cycles-ct:u	124	0	0
cycles-ct:u	125	0	0
cycles-ct:u	126	0	0
cycles-ct:u	127	0	0
cycles-ct:u	128	0	0
cycles-ct:u	129	0	0
cycles-ct:u	130	0	0
cycles-ct:u	131	0	0
cycles-ct:u	132	0	0
cycles-ct:u	133	0	0
cycles-ct:u	134	0	0
cycles-ct:u	135	0	0
cycles-ct:u	136	0	0
cycles-ct:u	137	0	0
cycles-ct:u	138	0	0
cycles-ct:u	139	0	0
cycles-ct:u	140	0	0
cycles-ct:u	141	0	0
cycles-ct:u	142	0	0
cycles-ct:u	143	0	0
cycles-ct:u	144	0	0
cycles-ct:u	145	0	0
cycles-ct:u	146	0	0
cycles-ct:u	147	0	0
cycles-ct:u	148	0	0
cycles-ct:u	149	0	0
cycles-ct:u	150	0	0
cycles-ct:u	151	0	0
cycles-ct:u	152	0	0
cycles-ct:u	153	0	0
cycles-ct:u	154	0	0
cycles-ct:u	155	0	0
cycles-ct:u	156	0	0
cycles-ct:u	157	0	0
cycles-ct:u	158	0	0
cycles-ct:u	159	0	0
cycles-ct:u	160	0	0
cycles-ct:u	161	0	0
cycles-ct:u	162	0	0
cycles-ct:u	163	0	0
cycles-ct:u	164	0	0
cycles-ct:u	165	0	0
cycles-ct:u	166	0	0
cycles-ct:u	167	0	0
cycles-ct:u	168	0	0
cycles-ct:u	169	0	0
cycles-ct:u	170	0	0
cycles-ct:u	171	0	0
cycles-ct:u	172	0	0
cycles-ct:u	173	0	0
cycles-ct:u	174	0	0
cycles-ct:u	175	0	0
cycles-ct:u	176	0	0
cycles-ct:u	177	0	0
cycles-ct:u	178	0	0
cycles-ct:u	179	0	0
cycles-ct:u	180	0	0
cycles-ct:u	181	0	0
cycles-ct:u	182	0	0
cycles-ct:u	183	0	0
cycles-ct:u	184	0	0
cycles-ct:u	185	0	0
cycles-ct:u	186	0	0
cycles-ct:u	187	0	0
cycles-ct:u	188	0	0
cycles-ct:u	189	0	0
cycles-ct:u	190	0	0
cycles-ct:u	191	0	0
cycles-ct:u	192	0	0
cycles-ct:u	193	0	0
cycles-ct:u	194	0	0
cycles-ct:u	195	0	0
cycles-ct:u	196	0	0
cycles-ct:u	197	0	0
cycles-ct:u	198	0	0
cycles-ct:u	199	0	0
cycles-ct:u	200	0	0
cycles-ct:u	201	0	0
cycles-ct:u	202	0	0
cycles-ct:u	203	0	0
cycles-ct:u	204	0	0
cycles-ct:u	205	0	0
cycles-ct:u	206	0	0
cycles-ct:u	207	0	0
cycles-ct:u	208	0	0
cycles-ct:u	209	0	0
cycles-ct:u	210	0	0
cycles-ct:u	211	0	0
cycles-ct:u	212	0	0
cycles-ct:u	213	0	0
cycles-ct:u	214	0	0
cycles-ct:u	215	0	0
cycles-ct:u	216	0	0
cycles-ct:u	217	0	0
cycles-ct:u	218	0	0
cycles-ct:u	219	0	0
cycles-ct:u	220	0	0
cycles-ct:u	221	0	0
cycles-ct:u	222	0	0
cycles-ct:u	223	0	0
cycles-ct:u	224	0	0
cycles-ct:u	225	0	0
cycles-ct:u	226	0	0
cycles-ct:u	227	0	0
cycles-ct:u	228	0	0
cycles-ct:u	229	0	0
cycles-ct:u	230	0	0
cycles-ct:u	231	0	0
cycles-ct:u	232	0	0
cycles-ct:u	233	0	0
cycles-ct:u	234	0	0
cycles-ct:u	235	0	0
cycles-ct:u	236	0	0
cycles-ct:u	237	0	0
cycles-ct:u	238	0	0
cycles-ct:u	239	0	0
cycles-ct:u	240	0	0
cycles-ct:u	241	0	0
cycles-ct:u	242	0	0
cycles-ct:u	243	0	0
cycles-ct:u	244	0	0
cycles-ct:u	245	0	0
cycles-ct:u	246	0	0
cycles-ct:u	247	0	0
cycles-ct:u	248	0	0
cycles-ct:u	249	0	0
cycles-ct:u	250	0	0
cycles-ct:u	251	0	0
cycles-ct:u	252	0	0
cycles-ct:u	253	0	0
cycles-ct:u	254	0	0
cycles-ct:u	255	0	0
cycles-ct:u	256	0	0
cycles-ct:u	257	0	0
cycles-ct:u	258	0	0
cycles-ct:u	259	0	0
cycles-ct:u	260	0	0
cycles-ct:u	261	0	0
cycles-ct:u	262	0	0
cycles-ct:u	263	0	0
cycles-ct:u	264	0	0
cycles-ct:u	265	0	0
cycles-ct:u	266	0	0
cycles-ct:u	267	0	0
cycles-ct:u	268	0	0
cycles-ct:u	269	0	0
cycles-ct:u	270	0	0
cycles-ct:u	271	0	0
cycles-ct:u	272	0	0
cycles-ct:u	273	0	0
cycles-ct:u	274	0	0
cycles-ct:u	275	0	0
cycles-ct:u	276	0	0
cycles-ct:u	277	0	0
cycles-ct:u	278	0	0
cycles-ct:u	279	0	0
cycles-ct:u	280	0	0
cycles-ct:u	281	0	0
cycles-ct:u	282	0	0
cycles-ct:u	283	0	0
cycles-ct:u	284	0	0
cycles-ct:u	285	0	0
cycles-ct:u	286	0	0
cycles-ct:u	287	0	0
cycles-ct:u	288	0	0
cycles-ct:u	289	0	0
cycles-ct:u	290	0	0
cycles-ct:u	291	0	0
cycles-ct:u	292	0	0
cycles-ct:u	293	0	0
cycles-ct:u	294	0	0
cycles-ct:u	295	0	0
cycles-ct:u	296	0	0
cycles-ct:u	297	0	0
cycles-ct:u	298	0	0
cycles-ct:u	299	0	0
cycles-ct:u	300	0	0
cycles-ct:u	301	0	0
cycles-ct:u	302	0	0
cycles-ct:u	303	0	0
cycles-ct:u	304	0	0
cycles-ct:u	305	0	0
cycles-ct:u	306	0	0
cycles-ct:u	307	0	0
cycles-ct:u	308	0	0
cycles-ct:u	309	0	0
cycles-ct:u	310	0	0
cycles-ct:u	311	0	0
cycles-ct:u	312	0	0
cycles-ct:u	313	0	0
cycles-ct:u	314	0	0
cycles-ct:u	315	0	0
cycles-ct:u	316	0	0
cycles-ct:u	317	0	0
cycles-ct:u	318	0	0
cycles-ct:u	319	0	0
cycles-ct:u	320	0	0
cycles-ct:u	321	0	0
cycles-ct:u	322	0	0
cycles-ct:u	323	0	0
cycles-ct:u	324	0	0
cycles-ct:u	325	0	0
cycles-ct:u	326	0	0
cycles-ct:u	327	0	0
cycles-ct:u	328	0	0
cycles-ct:u	329	0	0
cycles-ct:u	330	0	0
cycles-ct:u	331	0	0
cycles-ct:u	332	0	0
cycles-ct:u	333	0	0
cycles-ct:u	334	0	0
cycles-ct:u	335	0	0
cycles-ct:u	336	0	0
cycles-ct:u	337	0	0
cycles-ct:u	338	0	0
cycles-ct:u	339	0	0
cycles-ct:u	340	0	0
cycles-ct:u	341	0	0
cycles-ct:u	342	0	0
cycles-ct:u	343	0	0
cycles-ct:u	344	0	0
cycles-ct:u	345	0	0
cycles-ct:u	346	0	0
cycles-ct:u	347	0	0
cycles-ct:u	348	0	0
cycles-ct:u	349	0	0
cycles-ct:u	350	0	0
cycles-ct:u	351	0	0
cycles-ct:u	352	0	0
cycles-ct:u	353	0	0
cycles-ct:u	354	0	0
cycles-ct:u	355	0	0
cycles-ct:u	356	0	0
cycles-ct:u	357	0	0
cycles-ct:u	358	0	0
cycles-ct:u	359	0	0
cycles-ct:u	360	0	0
cycles-ct:u	361	0	0
cycles-ct:u	362	0	0
cycles-ct:u	363	0	0
cycles-ct:u	364	0	0
cycles-ct:u	365	0	0
cycles-ct:u	366	0	0
cycles-ct:u	367	0	0
cycles-ct:u	368	0	0
cycles-ct:u	369	0	0
cycles-ct:u	370	0	0
cycles-ct:u	371	0	0
cycles-ct:u	372	0	0
cycles-ct:u	373	0	0
cycles-ct:u	374	0	0
cycles-ct:u	375	0	0
cycles-ct:u	376	0	0
cycles-ct:u	377	0	0
cycles-ct:u	378	0	0
cycles-ct:u	379	0	0
cycles-ct:u	380	0	0
cycles-ct:u	381	0	0
cycles-ct:u	382	0	0
cycles-ct:u	383	0	0
cycles-ct:u	384	0	0
cycles-ct:u	385	0	0
cycles-ct:u	386	0	0
cycles-ct:u	387	0	0
cycles-ct:u	388	0	0
cycles-ct:u	389	0	0
cycles-ct:u	390	0	0
cycles-ct:u	391	0	0
cycles-ct:u	392	0	0
cycles-ct:u	393	0	0
cycles-ct:u	394	0	0
cycles-ct:u	395	0	0
cycles-ct:u	396	0	0
cycles-ct:u	397	0	0
cycles-ct:u	398	0	0
cycles-ct:u	399	0	0
cycles-ct:u	400	0	0
cycles-ct:u	401	0	0
cycles-ct:u	402	0	0
cycles-ct:u	403	0	0
cycles-ct:u	404	0	0
cycles-ct:u	405	0	0
cycles-ct:u	406	0	0
cycles-ct:u	407	0	0
cycles-ct:u	408	0	0
cycles-ct:u	409	0	0
cycles-ct:u	410	0	0
cycles-ct:u	411	0	0
cycles-ct:u	412	0	0
cycles-ct:u	413	0	0
cycles-ct:u	414	0	0
cycles-ct:u	415	0	0
cycles-ct:u	416	0	0
cycles-ct:u	417	0	0
cycles-ct:u	418	0	0
cycles-ct:u	419	0	0
cycles-ct:u	420	0	0
cycles-ct:u	421	0	0
cycles-ct:u	422	0	0
cycles-ct:u	423	0	0
cycles-ct:u	424	0	0
cycles-ct:u	425	0	0
cycles-ct:u	426	0	0
cycles-ct:u	427	0	0
cycles-ct:u	428	0	0
cycles-ct:u	429	0	0
cycles-ct:u	430	0	0
cycles-ct:u	431	0	0
cycles-ct:u	432	0	0
cycles-ct:u	433	0	0
cycles-ct:u	434	0	0
cycles-ct:u	435	0	0
cycles-ct:u	436	0	0
cycles-ct:u	437	0	0
cycles-ct:u	438	0	0
cycles-ct:u	439	0	0
cycles-ct:u	440	0	0
cycles-ct:u	441	0	0
cycles-ct:u	442	0	0
cycles-ct:u	443	0	0
cycles-ct:u	444	0	0
cycles-ct:u	445	0	0
cycles-ct:u	446	0	0
cycles-ct:u	447	0	0
cycles-ct:u	448	0	0
cycles-ct:u	449	0	0
cycles-ct:u	450	0	0
cycles-ct:u	451	0	0
cycles-ct:u	452	0	0
cycles-ct:u	453	0	0
cycles-ct:u	454	0	0
cycles-ct:u	455	0	0
cycles-ct:u	456	0	0
cycles-ct:u	457	0	0
cycles-ct:u	458	0	0
cycles-ct:u	459	0	0
cycles-ct:u	460	0	0
cycles-ct:u	461	0	0
cycles-ct:u	462	0	0
cycles-ct:u	463	0	0
cycles-ct:u	464	0	0
cycles-ct:u	465	0	0
cycles-ct:u	466	0	0
cycles-ct:u	467	0	0
cycles-ct:u	468	0	0
cycles-ct:u	469	0	0
cycles-ct:u	470	0	0
cycles-ct:u	471	0	0
cycles-ct:u	472	0	0
cycles-ct:u	473	0	0
cycles-ct:u	474	0	0
cycles-ct:u	475	0	0
cycles-ct:u	476	0	0
cycles-ct:u	477	0	0
cycles-ct:u	478	0	0
cycles-ct:u	479	0	0
cycles-ct:u	480	0	0
cycles-ct:u	481	0	0
cycles-ct:u	482	0	0
cycles-ct:u	483	0	0
cycles-ct:u	484	0	0
cycles-ct:u	485	0	0
cycles-ct:u	486	0	0
cycles-ct:u	487	0	0
cycles-ct:u	488	0	0
cycles-ct:u	489	0	0
cycles-ct:u	490	0	0
cycles-ct:u	491	0	0
cycles-ct:u	492	0	0
cycles-ct:u	493	0	0
cycles-ct:u	494	0	0
cycles-ct:u	495	0	0
cycles-ct:u	496	0	0
cycles-ct:u	497	0	0
cycles-ct:u	498	0	0
cycles-ct:u	499	0	0
cycles-ct:u	500	0	0
cycles-ct:u	501	0	0
cycles-ct:u	502	0	0
cycles-ct:u	503	0	0
cycles-ct:u	504	0	0
cycles-ct:u	505	0	0
cycles-ct:u	506	0	0
cycles-ct:u	507	0	0
cycles-ct:u	508	0	0
cycles-ct:u	509	0	0
cycles-ct:u	510	0	0
cycles-ct:u	511	0	0
cycles-ct:u	512	0	0
cycles-ct:u	513	0	0
cycles-ct:u	514	0	0
cycles-ct:u	515	0	0
cycles-ct:u	516	0	0
cycles-ct:u	517	0	0
cycles-ct:u	518	0	0
cycles-ct:u	519	0	0
cycles-ct:u	520	0	0
cycles-ct:u	521	0	0
cycles-ct:u	522	0	0
cycles-ct:u	523	0	0
cycles-ct:u	524	0	0
cycles-ct:u	525	0	0
cycles-ct:u	526	0	0
cycles-ct:u	527	0	0
cycles-ct:u	528	0	0
cycles-ct:u	529	0	0
cycles-ct:u	530	0	0
cycles-ct:u	531	0	0
cycles-ct:u	532	0	0
cycles-ct:u	533	0	0
cycles-ct:u	534	0	0
cycles-ct:u	535	0	0
cycles-ct:u	536	0	0
cycles-ct:u	537	0	0
cycles-ct:u	538	0	0
cycles-ct:u	539	0	0
cycles-ct:u	540	0	0
cycles-ct:u	541	0	0
cycles-ct:u	542	0	0
cycles-ct:u	543	0	0
cycles-ct:u	544	0	0
cycles-ct:u	545	0	0
cycles-ct:u	546	0	0
cycles-ct:u	547	0	0
cycles-ct:u	548	0	0
cycles-ct:u	549	0	0
cycles-ct:u	550	0	0
cycles-ct:u	551	0	0
cycles-ct:u	552	0	0
cycles-ct:u	553	0	0
cycles-ct:u	554	0	0
cycles-ct:u	555	0	0
cycles-ct:u	556	0	0
cycles-ct:u	557	0	0
cycles-ct:u	558	0	0
cycles-ct:u	559	0	0
cycles-ct:u	560	0	0
cycles-ct:u	561	0	0
cycles-ct:u	562	0	0
cycles-ct:u	563	0	0
cycles-ct:u	564	0	0
cycles-ct:u	565	0	0
cycles-ct:u	566	0	0
cycles-ct:u	567	0	0
cycles-ct:u	568	0	0
cycles-ct:u	569	0	0
cycles-ct:u	570	0	0
cycles-ct:u	571	0	0
cycles-ct:u	572	0	0
cycles-ct:u	573	0	0
cycles-ct:u	574	0	0
cycles-ct:u	575	0	0
cycles-ct:u	576	0	0
cycles-ct:u	577	0	0
cycles-ct:u	578	0	0
cycles-ct:u	579	0	0
cycles-ct:u	580	0	0
cycles-ct:u	581	0	0
cycles-ct:u	582	0	0
cycles-ct:u	583	0	0
cycles-ct:u	584	0	0
cycles-ct:u	585	0	0
cycles-ct:u	586	0	0
cycles-ct:u	587	0	0
cycles-ct:u	588	0	0
cycles-ct:u	589	0	0
cycles-ct:u	590	0	0
cycles-ct:u	591	0	0
cycles-ct:u	592	0	0
cycles-ct:u	593	0	0
cycles-ct:u	594	0	0
cycles-ct:u	595	0	0
cycles-ct:u	596	0	0
cycles-ct:u	597	0	0
cycles-ct:u	598	0	0
cycles-ct:u	599	0	0
cycles-ct:u	600	0	0
cycles-ct:u	601	0	0
cycles-ct:u	602	0	0
cycles-ct:u	603	0	0
cycles-ct:u	604	0	0
cycles-ct:u	605	0	0
cycles-ct:u	606	0	0
cycles-ct:u	607	0	0
cycles-ct:u	608	0	0
cycles-ct:u	609	0	0
cycles-ct:u	610	0	0
cycles-ct:u	611	0	0
cycles-ct:u	612	0	0
cycles-ct:u	613	0	0
cycles-ct:u	614	0	0
cycles-ct:u	615	0	0
cycles-ct:u	616	0	0
cycles-ct:u	617	0	0
cycles-ct:u	618	0	0
cycles-ct:u	619	0	0
cycles-ct:u	620	0	0
cycles-ct:u	621	0	0
cycles-ct:u	622	0	0
cycles-ct:u	623	0	0
cycles-ct:u	624	0	0
cycles-ct:u	625	0	0
cycles-ct:u	626	0	0
cycles-ct:u	627	0	0
cycles-ct:u	628	0	0
cycles-ct:u	629	0	0
cycles-ct:u	630	0	0
cycles-ct:u	631	0	0
cycles-ct:u	632	0	0
cycles-ct:u	633	0	0
cycles-ct:u	634	0	0
cycles-ct:u	635	0	0
cycles-ct:u	636	0	0
cycles-ct:u	637	0	0
cycles-ct:u	638	0	0
cycles-ct:u	639	0	0
cycles-ct:u	640	0	0
cycles-ct:u	641	0	0
cycles-ct:u	642	0	0
cycles-ct:u	643	0	0
cycles-ct:u	644	0	0
cycles-ct:u	645	0	0
cycles-ct:u	646	0	0
cycles-ct:u	647	0	0
cycles-ct:u	648	0	0
cycles-ct:u	649	0	0
cycles-ct:u	650	0	0
cycles-ct:u	651	0	0
cycles-ct:u	652	0	0
cycles-ct:u	653	0	0
cycles-ct:u	654	0	0
cycles-ct:u	655	0	0
cycles-ct:u	656	0	0
cycles-ct:u	657	0	0
cycles-ct:u	658	0	0
cycles-ct:u	659	0	0
cycles-ct:u	660	0	0
cycles-ct:u	661	0	0
cycles-ct:u	662	0	0
cycles-ct:u	663	0	0
cycles-ct:u	664	0	0
cycles-ct:u	665	0	0
cycles-ct:u	666	0	0
cycles-ct:u	667	0	0
cycles-ct:u	668	0	0
cycles-ct:u	669	0	0
cycles-ct:u	670	0	0
cycles-ct:u	671	0	0
cycles-ct:u	672	0	0
cycles-ct:u	673	0	0
cycles-ct:u	674	0	0
cycles-ct:u	675	0	0
cycles-ct:u	676	0	0
cycles-ct:u	677	0	0
cycles-ct:u	678	0	0
cycles-ct:u	679	0	0
cycles-ct:u	680	0	0
cycles-ct:u	681	0	0
cycles-ct:u	682	0	0
cycles-ct:u	683	0	0
cycles-ct:u	684	0	0
cycles-ct:u	685	0	0
cycles-ct:u	686	0	0
cycles-ct:u	687	0	0
cycles-ct:u	688	0	0
cycles-ct:u	689	0	0
cycles-ct:u	690	0	0
cycles-ct:u	691	0	0
cycles-ct:u	692	0	0
cycles-ct:u	693	0	0
cycles-ct:u	694	0	0
cycles-ct:u	695	0	0
cycles-ct:u	696	0	0
cycles-ct:u	697	0	0
cycles-ct:u	698	0	0
cycles-ct:u	699	0	0
cycles-ct:u	700	0	0
cycles-ct:u	701	0	0
cycles-ct:u	702	0	0
cycles-ct:u	703	0	0
cycles-ct:u	704	0	0
cycles-ct:u	705	0	0
cycles-ct:u	706	0	0
cycles-ct:u	707	0	0
cycles-ct:u	708	0	0
cycles-ct:u	709	0	0
cycles-ct:u	710	0	0
cycles-ct:u	711	0	0
cycles-ct:u	712	0	0
cycles-ct:u	713	0	0
cycles-ct:u	714	0	0
cycles-ct:u	715	0	0
cycles-ct:u	716	0	0
cycles-ct:u	717	0	0
cycles-ct:u	718	0	0
cycles-ct:u	719	0	0
cycles-ct:u	720	0	0
cycles-ct:u	721	0	0
cycles-ct:u	722	0	0
cycles-ct:u	723	0	0
cycles-ct:u	724	0	0
cycles-ct:u	725	0	0
cycles-ct:u	726	0	0
cycles-ct:u	727	0	0
cycles-ct:u	728	0	0
cycles-ct:u	729	0	0
cycles-ct:u	730	0	0
cycles-ct:u	731	0	0
cycles-ct:u	732	0	0
cycles-ct:u	733	0	0
cycles-ct:u	734	0	0
cycles-ct:u	735	0	0
cycles-ct:u	736	0	0
cycles-ct:u	737	0	0
cycles-ct:u	738	0	0
cycles-ct:u	739	0	0
cycles-ct:u	740	0	0
cycles-ct:u	741	0	0
cycles-ct:u	742	0	0
cycles-ct:u	743	0	0
cycles-ct:u	744	0	0
cycles-ct:u	745	0	0
cycles-ct:u	746	0	0
cycles-ct:u	747	0	0
cycles-ct:u	748	0	0
cycles-ct:u	749	0	0
cycles-ct:u	750	0	0
cycles-ct:u	751	0	0
cycles-ct:u	752	0	0
cycles-ct:u	753	0	0
cycles-ct:u	754	0	0
cycles-ct:u	755	0	0
cycles-ct:u	756	0	0
cycles-ct:u	757	0	0
cycles-ct:u	758	0	0
cycles-ct:u	759	0	0
cycles-ct:u	760	0	0
cycles-ct:u	761	0	0
cycles-ct:u	762	0	0
cycles-ct:u	763	0	0
cycles-ct:u	764	0	0
cycles-ct:u	765	0	0
cycles-ct:u	766	0	0
cycles-ct:u	767	0	0
cycles-ct:u	768	0	0
cycles-ct:u	769	0	0
cycles-ct:u	770	0	0
cycles-ct:u	771	0	0
cycles-ct:u	772	0	0
cycles-ct:u	773	0	0
cycles-ct:u	774	0	0
cycles-ct:u	775	0	0
cycles-ct:u	776	0	0
cycles-ct:u	777	0	0
cycles-ct:u	778	0	0
cycles-ct:u	779	0	0
cycles-ct:u	780	0	0
cycles-ct:u	781	0	0
cycles-ct:u	782	0	0
cycles-ct:u	783	0	0
cycles-ct:u	784	0	0
cycles-ct:u	785	0	0
cycles-ct:u	786	0	0
cycles-ct:u	787	0	0
cycles-ct:u	788	0	0
cycles-ct:u	789	0	0
cycles-ct:u	790	0	0
cycles-ct:u	791	0	0
cycles-ct:u	792	0	0
cycles-ct:u	793	0	0
cycles-ct:u	794	0	0
cycles-ct:u	795	0	0
cycles-ct:u	796	0	0
cycles-ct:u	797	0	0
cycles-ct:u	798	0	0
cycles-ct:u	799	0	0
cycles-ct:u	800	0	0
cycles-ct:u	801	0	0
cycles-ct:u	802	0	0
cycles-ct:u	803	0	0
cycles-ct:u	804	0	0
cycles-ct:u	805	0	0
cycles-ct:u	806	0	0
cycles-ct:u	807	0	0
cycles-ct:u	808	0	0
cycles-ct:u	809	0	0
cycles-ct:u	810	0	0
cycles-ct:u	811	0	0
cycles-ct:u	812	0	0
cycles-ct:u	813	0	0
cycles-ct:u	814	0	0
cycles-ct:u	815	0	0
cycles-ct:u	816	0	0
cycles-ct:u	817	0	0
cycles-ct:u	818	0	0
cycles-ct:u	819	0	0
cycles-ct:u	820	0	0
cycles-ct:u	821	0	0
cycles-ct:u	822	0	0
cycles-ct:u	823	0	0
cycles-ct:u	824	0	0
cycles-ct:u	825	0	0
cycles-ct:u	826	0	0
cycles-ct:u	827	0	0
cycles-ct:u	828	0	0
cycles-ct:u	829	0	0
cycles-ct:u	830	0	0
cycles-ct:u	831	0	0
cycles-ct:u	832	0	0
cycles-ct:u	833	0	0
cycles-ct:u	834	0	0
cycles-ct:u	835	0	0
cycles-ct:u	836	0	0
cycles-ct:u	837	0	0
cycles-ct:u	838	0	0
cycles-ct:u	839	0	0
cycles-ct:u	840	0	0
cycles-ct:u	841	0	0
cycles-ct:u	842	0	0
cycles-ct:u	843	0	0
cycles-ct:u	844	0	0
cycles-ct:u	845	0	0
cycles-ct:u	846	0	0
cycles-ct:u	847	0	0
cycles-ct:u	848	0	0
cycles-ct:u	849	0	0
cycles-ct:u	850	0	0
cycles-ct:u	851	0	0
cycles-ct:u	852	0	0
cycles-ct:u	853	0	0
cycles-ct:u	854	0	0
cycles-ct:u	855	0	0
cycles-ct:u	856	0	0
cycles-ct:u	857	0	0
cycles-ct:u	858	0	0
cycles-ct:u	859	0	0
cycles-ct:u	860	0	0
cycles-ct:u	861	0	0
cycles-ct:u	862	0	0
cycles-ct:u	863	0	0
cycles-ct:u	864	0	0
cycles-ct:u	865	0	0
cycles-ct:u	866	0	0
cycles-ct:u	867	0	0
cycles-ct:u	868	0	0
cycles-ct:u	869	0	0
cycles-ct:u	870	0	0
cycles-ct:u	871	0	0
cycles-ct:u	872	0	0
cycles-ct:u	873	0	0
cycles-ct:u	874	0	0
cycles-ct:u	875	0	0
cycles-ct:u	876	0	0
cycles-ct:u	877	0	0
cycles-ct:u	878	0	0
cycles-ct:u	879	0	0
cycles-ct:u	880	0	0
cycles-ct:u	881	0	0
cycles-ct:u	882	0	0
cycles-ct:u	883	0	0
cycles-ct:u	884	0	0
cycles-ct:u	885	0	0
cycles-ct:u	886	0	0
cycles-ct:u	887	0	0
cycles-ct:u	888	0	0
cycles-ct:u	889	0	0
cycles-ct:u	890	0	0
cycles-ct:u	891	0	0
cycles-ct:u	892	0	0
cycles-ct:u	893	0	0
cycles-ct:u	894	0	0
cycles-ct:u	895	0	0
cycles-ct:u	896	0	0
cycles-ct:u	897	0	0
cycles-ct:u	898	0	0
cycles-ct:u	899	0	0
cycles-ct:u	900	0	0
cycles-ct:u	901	0	0
cycles-ct:u	902	0	0
cycles-ct:u	903	0	0
cycles-ct:u	904	0	0
cycles-ct:u	905	0	0
cycles-ct:u	906	0	0
cycles-ct:u	907	0	0
cycles-ct:u	908	0	0
cycles-ct:u	909	0	0
cycles-ct:u	910	0	0
cycles-ct:u	911	0	0
cycles-ct:u	912	0	0
cycles-ct:u	913	0	0
cycles-ct:u	914	0	0
cycles-ct:u	915	0	0
cycles-ct:u	916	0	0
cycles-ct:u	917	0	0
cycles-ct:u	918	0	0
cycles-ct:u	919	0	0
cycles-ct:u	920	0	0
cycles-ct:u	921	0	0
cycles-ct:u	922	0	0
cycles-ct:u	923	0	0
cycles-ct:u	924	0	0
cycles-ct:u	925	0	0
cycles-ct:u	926	0	0
cycles-ct:u	927	0	0
cycles-ct:u	928	0	0
cycles-ct:u	929	0	0
cycles-ct:u	930	0	0
cycles-ct:u	931	0	0
cycles-ct:u	932	0	0
cycles-ct:u	933	0	0
cycles-ct:u	934	0	0
cycles-ct:u	935	0	0
cycles-ct:u	936	0	0
cycles-ct:u	937	0	0
cycles-ct:u	938	0	0
cycles-ct:u	939	0	0
cycles-ct:u	940	0	0
cycles-ct:u	941	0	0
cycles-ct:u	942	0	0
cycles-ct:u	943	0	0
cycles-ct:u	944	0	0
cycles-ct:u	945	0	0
cycles-ct:u	946	0	0
cycles-ct:u	947	0	0
cycles-ct:u	948	0	0
cycles-ct:u	949	0	0
cycles-ct:u	950	0	0
cycles-ct:u	951	0	0
cycles-ct:u	952	0	0
cycles-ct:u	953	0	0
cycles-ct:u	954	0	0
cycles-ct:u	955	0	0
cycles-ct:u	956	0	0
cycles-ct:u	957	0	0
cycles-ct:u	958	0	0
cycles-ct:u	959	0	0
cycles-ct:u	960	0	0
cycles-ct:u	961	0	0
cycles-ct:u	962	0	0
cycles-ct:u	963	0	0
cycles-ct:u	964	0	0
cycles-ct:u	965	0	0
cycles-ct:u	966	0	0
cycles-ct:u	967	0	0
cycles-ct:u	968	0	0
cycles-ct:u	969	0	0
cycles-ct:u	970	0	0
cycles-ct:u	971	0	0
cycles-ct:u	972	0	0
cycles-ct:u	973	0	0
cycles-ct:u	974	0	0
cycles-ct:u	975	0	0
cycles-ct:u	976	0	0
cycles-ct:u	977	0	0
cycles-ct:u	978	0	0
cycles-ct:u	979	0	0
cycles-ct:u	980	0	0
cycles-ct:u	981	0	0
cycles-ct:u	982	0	0
cycles-ct:u	983	0	0
cycles-ct:u	984	0	0
cycles-ct:u	985	0	0
cycles-ct:u	986	0	0
cycles-ct:u	987	0	0
cycles-ct:u	988	0	0
cycles-ct:u	989	0	0
cycles-ct:u	990	0	0
cycles-ct:u	991	0	0
cycles-ct:u	992	0	0
cycles-ct:u	993	0	0
cycles-ct:u	994	0	0
cycles-ct:u	995	0	0
cycles-ct:u	996	0	0
cycles-ct:u	997	0	0
cycles-ct:u	998	0	0
cycles-ct:u	999	0	0
cycles-ct:u	1000	0	0
tx-start:u	1	0	0
tx-start:u	2	0	0
tx-start:u	3	0	0
tx-start:u	4	0	0
tx-start:u	5	0	0
tx-start:u	6	0	0
tx-start:u	7	0	0
tx-start:u	8	0	0
tx-start:u	9	0	0
tx-start:u	10	0	0
tx-start:u	11	0	0
tx-start:u	12	0	0
tx-start:u	13	0	0
tx-start:u	14	0	0
tx-start:u	15	0	0
tx-start:u	16	0	0
tx-start:u	17	0	0
tx-start:u	18	0	0
tx-start:u	19	0	0
tx-start:u	20	0	0
tx-start:u	21	0	0
tx-start:u	22	0	0
tx-start:u	23	0	0
tx-start:u	24	0	0
tx-start:u	25	0	0
tx-start:u	26	0	0
tx-start:u	27	0	0
tx-start:u	28	0	0
tx-start:u	29	0	0
tx-start:u	30	0	0
tx-start:u	31	0	0
tx-start:u	32	0	0
tx-start:u	33	0	0
tx-start:u	34	0	0
tx-start:u	35	0	0
tx-start:u	36	0	0
tx-start:u	37	0	0
tx-start:u	38	0	0
tx-start:u	39	0	0
tx-start:u	40	0	0
tx-start:u	41	0	0
tx-start:u	42	0	0
tx-start:u	43	0	0
tx-start:u	44	0	0
tx-start:u	45	0	0
tx-start:u	46	0	0
tx-start:u	47	0	0
tx-start:u	48	0	0
tx-start:u	49	0	0
tx-start:u	50	0	0
tx-start:u	51	0	0
tx-start:u	52	0	0
tx-start:u	53	0	0
tx-start:u	54	0	0
tx-start:u	55	0	0
tx-start:u	56	0	0
tx-start:u	57	0	0
tx-start:u	58	0	0
tx-start:u	59	0	0
tx-start:u	60	0	0
tx-start:u	61	0	0
tx-start:u	62	0	0
tx-start:u	63	0	0
tx-start:u	64	0	0
tx-start:u	65	0	0
tx-start:u	66	0	0
tx-start:u	67	0	0
tx-start:u	68	0	0
tx-start:u	69	0	0
tx-start:u	70	0	0
tx-start:u	71	0	0
tx-start:u	72	0	0
tx-start:u	73	0	0
tx-start:u	74	0	0
tx-start:u	75	0	0
tx-start:u	76	0	0
tx-start:u	77	0	0
tx-start:u	78	0	0
tx-start:u	79	0	0
tx-start:u	80	0	0
tx-start:u	81	0	0
tx-start:u	82	0	0
tx-start:u	83	0	0
tx-start:u	84	0	0
tx-start:u	85	0	0
tx-start:u	86	0	0
tx-start:u	87	0	0
tx-start:u	88	0	0
tx-start:u	89	0	0
tx-start:u	90	0	0
tx-start:u	91	0	0
tx-start:u	92	0	0
tx-start:u	93	0	0
tx-start:u	94	0	0
tx-start:u	95	0	0
tx-start:u	96	0	0
tx-start:u	97	0	0
tx-start:u	98	0	0
tx-start:u	99	0	0
tx-start:u	100	0	0
tx-start:u	101	0	0
tx-start:u	102	0	0
tx-start:u	103	0	0
tx-start:u	104	0	0
tx-start:u	105	0	0
tx-start:u	106	0	0
tx-start:u	107	0	0
tx-start:u	108	0	0
tx-start:u	109	0	0
tx-start:u	110	0	0
tx-start:u	111	0	0
tx-start:u	112	0	0
tx-start:u	113	0	0
tx-start:u	114	0	0
tx-start:u	115	0	0
tx-start:u	116	0	0
tx-start:u	117	0	0
tx-start:u	118	0	0
tx-start:u	119	0	0
tx-start:u	120	0	0
tx-start:u	121	0	0
tx-start:u	122	0	0
tx-start:u	123	0	0
tx-start:u	124	0	0
tx-start:u	125	0	0
tx-start:u	126	0	0
tx-start:u	127	0	0
tx-start:u	128	0	0
tx-start:u	129	0	0
tx-start:u	130	0	0
tx-start:u	131	0	0
tx-start:u	132	0	0
tx-start:u	133	0	0
tx-start:u	134	0	0
tx-start:u	135	0	0
tx-start:u	136	0	0
tx-start:u	137	0	0
tx-start:u	138	0	0
tx-start:u	139	0	0
tx-start:u	140	0	0
tx-start:u	141	0	0
tx-start:u	142	0	0
tx-start:u	143	0	0
tx-start:u	144	0	0
tx-start:u	145	0	0
tx-start:u	146	0	0
tx-start:u	147	0	0
tx-start:u	148	0	0
tx-start:u	149	0	0
tx-start:u	150	0	0
tx-start:u	151	0	0
tx-start:u	152	0	0
tx-start:u	153	0	0
tx-start:u	154	0	0
tx-start:u	155	0	0
tx-start:u	156	0	0
tx-start:u	157	0	0
tx-start:u	158	0	0
tx-start:u	159	0	0
tx-start:u	160	0	0
tx-start:u	161	0	0
tx-start:u	162	0	0
tx-start:u	163	0	0
tx-start:u	164	0	0
tx-start:u	165	0	0
tx-start:u	166	0	0
tx-start:u	167	0	0
tx-start:u	168	0	0
tx-start:u	169	0	0
tx-start:u	170	0	0
tx-start:u	171	0	0
tx-start:u	172	0	0
tx-start:u	173	0	0
tx-start:u	174	0	0
tx-start:u	175	0	0
tx-start:u	176	0	0
tx-start:u	177	0	0
tx-start:u	178	0	0
tx-start:u	179	0	0
tx-start:u	180	0	0
tx-start:u	181	0	0
tx-start:u	182	0	0
tx-start:u	183	0	0
tx-start:u	184	0	0
tx-start:u	185	0	0
tx-start:u	186	0	0
tx-start:u	187	0	0
tx-start:u	188	0	0
tx-start:u	189	0	0
tx-start:u	190	0	0
tx-start:u	191	0	0
tx-start:u	192	0	0
tx-start:u	193	0	0
tx-start:u	194	0	0
tx-start:u	195	0	0
tx-start:u	196	0	0
tx-start:u	197	0	0
tx-start:u	198	0	0
tx-start:u	199	0	0
tx-start:u	200	0	0
tx-start:u	201	0	0
tx-start:u	202	0	0
tx-start:u	203	0	0
tx-start:u	204	0	0
tx-start:u	205	0	0
tx-start:u	206	0	0
tx-start:u	207	0	0
tx-start:u	208	0	0
tx-start:u	209	0	0
tx-start:u	210	0	0
tx-start:u	211	0	0
tx-start:u	212	0	0
tx-start:u	213	0	0
tx-start:u	214	0	0
tx-start:u	215	0	0
tx-start:u	216	0	0
tx-start:u	217	0	0
tx-start:u	218	0	0
tx-start:u	219	0	0
tx-start:u	220	0	0
tx-start:u	221	0	0
tx-start:u	222	0	0
tx-start:u	223	0	0
tx-start:u	224	0	0
tx-start:u	225	0	0
tx-start:u	226	0	0
tx-start:u	227	0	0
tx-start:u	228	0	0
tx-start:u	229	0	0
tx-start:u	230	0	0
tx-start:u	231	0	0
tx-start:u	232	0	0
tx-start:u	233	0	0
tx-start:u	234	0	0
tx-start:u	235	0	0
tx-start:u	236	0	0
tx-start:u	237	0	0
tx-start:u	238	0	0
tx-start:u	239	0	0
tx-start:u	240	0	0
tx-start:u	241	0	0
tx-start:u	242	0	0
tx-start:u	243	0	0
tx-start:u	244	0	0
tx-start:u	245	0	0
tx-start:u	246	0	0
tx-start:u	247	0	0
tx-start:u	248	0	0
tx-start:u	249	0	0
tx-start:u	250	0	0
tx-start:u	251	0	0
tx-start:u	252	0	0
tx-start:u	253	0	0
tx-start:u	254	0	0
tx-start:u	255	0	0
tx-start:u	256	0	0
tx-start:u	257	0	0
tx-start:u	258	0	0
tx-start:u	259	0	0
tx-start:u	260	0	0
tx-start:u	261	0	0
tx-start:u	262	0	0
tx-start:u	263	0	0
tx-start:u	264	0	0
tx-start:u	265	0	0
tx-start:u	266	0	0
tx-start:u	267	0	0
tx-start:u	268	0	0
tx-start:u	269	0	0
tx-start:u	270	0	0
tx-start:u	271	0	0
tx-start:u	272	0	0
tx-start:u	273	0	0
tx-start:u	274	0	0
tx-start:u	275	0	0
tx-start:u	276	0	0
tx-start:u	277	0	0
tx-start:u	278	0	0
tx-start:u	279	0	0
tx-start:u	280	0	0
tx-start:u	281	0	0
tx-start:u	282	0	0
tx-start:u	283	0	0
tx-start:u	284	0	0
tx-start:u	285	0	0
tx-start:u	286	0	0
tx-start:u	287	0	0
tx-start:u	288	0	0
tx-start:u	289	0	0
tx-start:u	290	0	0
tx-start:u	291	0	0
tx-start:u	292	0	0
tx-start:u	293	0	0
tx-start:u	294	0	0
tx-start:u	295	0	0
tx-start:u	296	0	0
tx-start:u	297	0	0
tx-start:u	298	0	0
tx-start:u	299	0	0
tx-start:u	300	0	0
tx-start:u	301	0	0
tx-start:u	302	0	0
tx-start:u	303	0	0
tx-start:u	304	0	0
tx-start:u	305	0	0
tx-start:u	306	0	0
tx-start:u	307	0	0
tx-start:u	308	0	0
tx-start:u	309	0	0
tx-start:u	310	0	0
tx-start:u	311	0	0
tx-start:u	312	0	0
tx-start:u	313	0	0
tx-start:u	314	0	0
tx-start:u	315	0	0
tx-start:u	316	0	0
tx-start:u	317	0	0
tx-start:u	318	0	0
tx-start:u	319	0	0
tx-start:u	320	0	0
tx-start:u	321	0	0
tx-start:u	322	0	0
tx-start:u	323	0	0
tx-start:u	324	0	0
tx-start:u	325	0	0
tx-start:u	326	0	0
tx-start:u	327	0	0
tx-start:u	328	0	0
tx-start:u	329	0	0
tx-start:u	330	0	0
tx-start:u	331	0	0
tx-start:u	332	0	0
tx-start:u	333	0	0
tx-start:u	334	0	0
tx-start:u	335	0	0
tx-start:u	336	0	0
tx-start:u	337	0	0
tx-start:u	338	0	0
tx-start:u	339	0	0
tx-start:u	340	0	0
tx-start:u	341	0	0
tx-start:u	342	0	0
tx-start:u	343	0	0
tx-start:u	344	0	0
tx-start:u	345	0	0
tx-start:u	346	0	0
tx-start:u	347	0	0
tx-start:u	348	0	0
tx-start:u	349	0	0
tx-start:u	350	0	0
tx-start:u	351	0	0
tx-start:u	352	0	0
tx-start:u	353	0	0
tx-start:u	354	0	0
tx-start:u	355	0	0
tx-start:u	356	0	0
tx-start:u	357	0	0
tx-start:u	358	0	0
tx-start:u	359	0	0
tx-start:u	360	0	0
tx-start:u	361	0	0
tx-start:u	362	0	0
tx-start:u	363	0	0
tx-start:u	364	0	0
tx-start:u	365	0	0
tx-start:u	366	0	0
tx-start:u	367	0	0
tx-start:u	368	0	0
tx-start:u	369	0	0
tx-start:u	370	0	0
tx-start:u	371	0	0
tx-start:u	372	0	0
tx-start:u	373	0	0
tx-start:u	374	0	0
tx-start:u	375	0	0
tx-start:u	376	0	0
tx-start:u	377	0	0
tx-start:u	378	0	0
tx-start:u	379	0	0
tx-start:u	380	0	0
tx-start:u	381	0	0
tx-start:u	382	0	0
tx-start:u	383	0	0
tx-start:u	384	0	0
tx-start:u	385	0	0
tx-start:u	386	0	0
tx-start:u	387	0	0
tx-start:u	388	0	0
tx-start:u	389	0	0
tx-start:u	390	0	0
tx-start:u	391	0	0
tx-start:u	392	0	0
tx-start:u	393	0	0
tx-start:u	394	0	0
tx-start:u	395	0	0
tx-start:u	396	0	0
tx-start:u	397	0	0
tx-start:u	398	0	0
tx-start:u	399	0	0
tx-start:u	400	0	0
tx-start:u	401	0	0
tx-start:u	402	0	0
tx-start:u	403	0	0
tx-start:u	404	0	0
tx-start:u	405	0	0
tx-start:u	406	0	0
tx-start:u	407	0	0
tx-start:u	408	0	0
tx-start:u	409	0	0
tx-start:u	410	0	0
tx-start:u	411	0	0
tx-start:u	412	0	0
tx-start:u	413	0	0
tx-start:u	414	0	0
tx-start:u	415	0	0
tx-start:u	416	0	0
tx-start:u	417	0	0
tx-start:u	418	0	0
tx-start:u	419	0	0
tx-start:u	420	0	0
tx-start:u	421	0	0
tx-start:u	422	0	0
tx-start:u	423	0	0
tx-start:u	424	0	0
tx-start:u	425	0	0
tx-start:u	426	0	0
tx-start:u	427	0	0
tx-start:u	428	0	0
tx-start:u	429	0	0
tx-start:u	430	0	0
tx-start:u	431	0	0
tx-start:u	432	0	0
tx-start:u	433	0	0
tx-start:u	434	0	0
tx-start:u	435	0	0
tx-start:u	436	0	0
tx-start:u	437	0	0
tx-start:u	438	0	0
tx-start:u	439	0	0
tx-start:u	440	0	0
tx-start:u	441	0	0
tx-start:u	442	0	0
tx-start:u	443	0	0
tx-start:u	444	0	0
tx-start:u	445	0	0
tx-start:u	446	0	0
tx-start:u	447	0	0
tx-start:u	448	0	0
tx-start:u	449	0	0
tx-start:u	450	0	0
tx-start:u	451	0	0
tx-start:u	452	0	0
tx-start:u	453	0	0
tx-start:u	454	0	0
tx-start:u	455	0	0
tx-start:u	456	0	0
tx-start:u	457	0	0
tx-start:u	458	0	0
tx-start:u	459	0	0
tx-start:u	460	0	0
tx-start:u	461	0	0
tx-start:u	462	0	0
tx-start:u	463	0	0
tx-start:u	464	0	0
tx-start:u	465	0	0
tx-start:u	466	0	0
tx-start:u	467	0	0
tx-start:u	468	0	0
tx-start:u	469	0	0
tx-start:u	470	0	0
tx-start:u	471	0	0
tx-start:u	472	0	0
tx-start:u	473	0	0
tx-start:u	474	0	0
tx-start:u	475	0	0
tx-start:u	476	0	0
tx-start:u	477	0	0
tx-start:u	478	0	0
tx-start:u	479	0	0
tx-start:u	480	0	0
tx-start:u	481	0	0
tx-start:u	482	0	0
tx-start:u	483	0	0
tx-start:u	484	0	0
tx-start:u	485	0	0
tx-start:u	486	0	0
tx-start:u	487	0	0
tx-start:u	488	0	0
tx-start:u	489	0	0
tx-start:u	490	0	0
tx-start:u	491	0	0
tx-start:u	492	0	0
tx-start:u	493	0	0
tx-start:u	494	0	0
tx-start:u	495	0	0
tx-start:u	496	0	0
tx-start:u	497	0	0
tx-start:u	498	0	0
tx-start:u	499	0	0
tx-start:u	500	0	0
tx-start:u	501	0	0
tx-start:u	502	0	0
tx-start:u	503	0	0
tx-start:u	504	0	0
tx-start:u	505	0	0
tx-start:u	506	0	0
tx-start:u	507	0	0
tx-start:u	508	0	0
tx-start:u	509	0	0
tx-start:u	510	0	0
tx-start:u	511	0	0
tx-start:u	512	0	0
tx-start:u	513	0	0
tx-start:u	514	0	0
tx-start:u	515	0	0
tx-start:u	516	0	0
tx-start:u	517	0	0
tx-start:u	518	0	0
tx-start:u	519	0	0
tx-start:u	520	0	0
tx-start:u	521	0	0
tx-start:u	522	0	0
tx-start:u	523	0	0
tx-start:u	524	0	0
tx-start:u	525	0	0
tx-start:u	526	0	0
tx-start:u	527	0	0
tx-start:u	528	0	0
tx-start:u	529	0	0
tx-start:u	530	0	0
tx-start:u	531	0	0
tx-start:u	532	0	0
tx-start:u	533	0	0
tx-start:u	534	0	0
tx-start:u	535	0	0
tx-start:u	536	0	0
tx-start:u	537	0	0
tx-start:u	538	0	0
tx-start:u	539	0	0
tx-start:u	540	0	0
tx-start:u	541	0	0
tx-start:u	542	0	0
tx-start:u	543	0	0
tx-start:u	544	0	0
tx-start:u	545	0	0
tx-start:u	546	0	0
tx-start:u	547	0	0
tx-start:u	548	0	0
tx-start:u	549	0	0
tx-start:u	550	0	0
tx-start:u	551	0	0
tx-start:u	552	0	0
tx-start:u	553	0	0
tx-start:u	554	0	0
tx-start:u	555	0	0
tx-start:u	556	0	0
tx-start:u	557	0	0
tx-start:u	558	0	0
tx-start:u	559	0	0
tx-start:u	560	0	0
tx-start:u	561	0	0
tx-start:u	562	0	0
tx-start:u	563	0	0
tx-start:u	564	0	0
tx-start:u	565	0	0
tx-start:u	566	0	0
tx-start:u	567	0	0
tx-start:u	568	0	0
tx-start:u	569	0	0
tx-start:u	570	0	0
tx-start:u	571	0	0
tx-start:u	572	0	0
tx-start:u	573	0	0
tx-start:u	574	0	0
tx-start:u	575	0	0
tx-start:u	576	0	0
tx-start:u	577	0	0
tx-start:u	578	0	0
tx-start:u	579	0	0
tx-start:u	580	0	0
tx-start:u	581	0	0
tx-start:u	582	0	0
tx-start:u	583	0	0
tx-start:u	584	0	0
tx-start:u	585	0	0
tx-start:u	586	0	0
tx-start:u	587	0	0
tx-start:u	588	0	0
tx-start:u	589	0	0
tx-start:u	590	0	0
tx-start:u	591	0	0
tx-start:u	592	0	0
tx-start:u	593	0	0
tx-start:u	594	0	0
tx-start:u	595	0	0
tx-start:u	596	0	0
tx-start:u	597	0	0
tx-start:u	598	0	0
tx-start:u	599	0	0
tx-start:u	600	0	0
tx-start:u	601	0	0
tx-start:u	602	0	0
tx-start:u	603	0	0
tx-start:u	604	0	0
tx-start:u	605	0	0
tx-start:u	606	0	0
tx-start:u	607	0	0
tx-start:u	608	0	0
tx-start:u	609	0	0
tx-start:u	610	0	0
tx-start:u	611	0	0
tx-start:u	612	0	0
tx-start:u	613	0	0
tx-start:u	614	0	0
tx-start:u	615	0	0
tx-start:u	616	0	0
tx-start:u	617	0	0
tx-start:u	618	0	0
tx-start:u	619	0	0
tx-start:u	620	0	0
tx-start:u	621	0	0
tx-start:u	622	0	0
tx-start:u	623	0	0
tx-start:u	624	0	0
tx-start:u	625	0	0
tx-start:u	626	0	0
tx-start:u	627	0	0
tx-start:u	628	0	0
tx-start:u	629	0	0
tx-start:u	630	0	0
tx-start:u	631	0	0
tx-start:u	632	0	0
tx-start:u	633	0	0
tx-start:u	634	0	0
tx-start:u	635	0	0
tx-start:u	636	0	0
tx-start:u	637	0	0
tx-start:u	638	0	0
tx-start:u	639	0	0
tx-start:u	640	0	0
tx-start:u	641	0	0
tx-start:u	642	0	0
tx-start:u	643	0	0
tx-start:u	644	0	0
tx-start:u	645	0	0
tx-start:u	646	0	0
tx-start:u	647	0	0
tx-start:u	648	0	0
tx-start:u	649	0	0
tx-start:u	650	0	0
tx-start:u	651	0	0
tx-start:u	652	0	0
tx-start:u	653	0	0
tx-start:u	654	0	0
tx-start:u	655	0	0
tx-start:u	656	0	0
tx-start:u	657	0	0
tx-start:u	658	0	0
tx-start:u	659	0	0
tx-start:u	660	0	0
tx-start:u	661	0	0
tx-start:u	662	0	0
tx-start:u	663	0	0
tx-start:u	664	0	0
tx-start:u	665	0	0
tx-start:u	666	0	0
tx-start:u	667	0	0
tx-start:u	668	0	0
tx-start:u	669	0	0
tx-start:u	670	0	0
tx-start:u	671	0	0
tx-start:u	672	0	0
tx-start:u	673	0	0
tx-start:u	674	0	0
tx-start:u	675	0	0
tx-start:u	676	0	0
tx-start:u	677	0	0
tx-start:u	678	0	0
tx-start:u	679	0	0
tx-start:u	680	0	0
tx-start:u	681	0	0
tx-start:u	682	0	0
tx-start:u	683	0	0
tx-start:u	684	0	0
tx-start:u	685	0	0
tx-start:u	686	0	0
tx-start:u	687	0	0
tx-start:u	688	0	0
tx-start:u	689	0	0
tx-start:u	690	0	0
tx-start:u	691	0	0
tx-start:u	692	0	0
tx-start:u	693	0	0
tx-start:u	694	0	0
tx-start:u	695	0	0
tx-start:u	696	0	0
tx-start:u	697	0	0
tx-start:u	698	0	0
tx-start:u	699	0	0
tx-start:u	700	0	0
tx-start:u	701	0	0
tx-start:u	702	0	0
tx-start:u	703	0	0
tx-start:u	704	0	0
tx-start:u	705	0	0
tx-start:u	706	0	0
tx-start:u	707	0	0
tx-start:u	708	0	0
tx-start:u	709	0	0
tx-start:u	710	0	0
tx-start:u	711	0	0
tx-start:u	712	0	0
tx-start:u	713	0	0
tx-start:u	714	0	0
tx-start:u	715	0	0
tx-start:u	716	0	0
tx-start:u	717	0	0
tx-start:u	718	0	0
tx-start:u	719	0	0
tx-start:u	720	0	0
tx-start:u	721	0	0
tx-start:u	722	0	0
tx-start:u	723	0	0
tx-start:u	724	0	0
tx-start:u	725	0	0
tx-start:u	726	0	0
tx-start:u	727	0	0
tx-start:u	728	0	0
tx-start:u	729	0	0
tx-start:u	730	0	0
tx-start:u	731	0	0
tx-start:u	732	0	0
tx-start:u	733	0	0
tx-start:u	734	0	0
tx-start:u	735	0	0
tx-start:u	736	0	0
tx-start:u	737	0	0
tx-start:u	738	0	0
tx-start:u	739	0	0
tx-start:u	740	0	0
tx-start:u	741	0	0
tx-start:u	742	0	0
tx-start:u	743	0	0
tx-start:u	744	0	0
tx-start:u	745	0	0
tx-start:u	746	0	0
tx-start:u	747	0	0
tx-start:u	748	0	0
tx-start:u	749	0	0
tx-start:u	750	0	0
tx-start:u	751	0	0
tx-start:u	752	0	0
tx-start:u	753	0	0
tx-start:u	754	0	0
tx-start:u	755	0	0
tx-start:u	756	0	0
tx-start:u	757	0	0
tx-start:u	758	0	0
tx-start:u	759	0	0
tx-start:u	760	0	0
tx-start:u	761	0	0
tx-start:u	762	0	0
tx-start:u	763	0	0
tx-start:u	764	0	0
tx-start:u	765	0	0
tx-start:u	766	0	0
tx-start:u	767	0	0
tx-start:u	768	0	0
tx-start:u	769	0	0
tx-start:u	770	0	0
tx-start:u	771	0	0
tx-start:u	772	0	0
tx-start:u	773	0	0
tx-start:u	774	0	0
tx-start:u	775	0	0
tx-start:u	776	0	0
tx-start:u	777	0	0
tx-start:u	778	0	0
tx-start:u	779	0	0
tx-start:u	780	0	0
tx-start:u	781	0	0
tx-start:u	782	0	0
tx-start:u	783	0	0
tx-start:u	784	0	0
tx-start:u	785	0	0
tx-start:u	786	0	0
tx-start:u	787	0	0
tx-start:u	788	0	0
tx-start:u	789	0	0
tx-start:u	790	0	0
tx-start:u	791	0	0
tx-start:u	792	0	0
tx-start:u	793	0	0
tx-start:u	794	0	0
tx-start:u	795	0	0
tx-start:u	796	0	0
tx-start:u	797	0	0
tx-start:u	798	0	0
tx-start:u	799	0	0
tx-start:u	800	0	0
tx-start:u	801	0	0
tx-start:u	802	0	0
tx-start:u	803	0	0
tx-start:u	804	0	0
tx-start:u	805	0	0
tx-start:u	806	0	0
tx-start:u	807	0	0
tx-start:u	808	0	0
tx-start:u	809	0	0
tx-start:u	810	0	0
tx-start:u	811	0	0
tx-start:u	812	0	0
tx-start:u	813	0	0
tx-start:u	814	0	0
tx-start:u	815	0	0
tx-start:u	816	0	0
tx-start:u	817	0	0
tx-start:u	818	0	0
tx-start:u	819	0	0
tx-start:u	820	0	0
tx-start:u	821	0	0
tx-start:u	822	0	0
tx-start:u	823	0	0
tx-start:u	824	0	0
tx-start:u	825	0	0
tx-start:u	826	0	0
tx-start:u	827	0	0
tx-start:u	828	0	0
tx-start:u	829	0	0
tx-start:u	830	0	0
tx-start:u	831	0	0
tx-start:u	832	0	0
tx-start:u	833	0	0
tx-start:u	834	0	0
tx-start:u	835	0	0
tx-start:u	836	0	0
tx-start:u	837	0	0
tx-start:u	838	0	0
tx-start:u	839	0	0
tx-start:u	840	0	0
tx-start:u	841	0	0
tx-start:u	842	0	0
tx-start:u	843	0	0
tx-start:u	844	0	0
tx-start:u	845	0	0
tx-start:u	846	0	0
tx-start:u	847	0	0
tx-start:u	848	0	0
tx-start:u	849	0	0
tx-start:u	850	0	0
tx-start:u	851	0	0
tx-start:u	852	0	0
tx-start:u	853	0	0
tx-start:u	854	0	0
tx-start:u	855	0	0
tx-start:u	856	0	0
tx-start:u	857	0	0
tx-start:u	858	0	0
tx-start:u	859	0	0
tx-start:u	860	0	0
tx-start:u	861	0	0
tx-start:u	862	0	0
tx-start:u	863	0	0
tx-start:u	864	0	0
tx-start:u	865	0	0
tx-start:u	866	0	0
tx-start:u	867	0	0
tx-start:u	868	0	0
tx-start:u	869	0	0
tx-start:u	870	0	0
tx-start:u	871	0	0
tx-start:u	872	0	0
tx-start:u	873	0	0
tx-start:u	874	0	0
tx-start:u	875	0	0
tx-start:u	876	0	0
tx-start:u	877	0	0
tx-start:u	878	0	0
tx-start:u	879	0	0
tx-start:u	880	0	0
tx-start:u	881	0	0
tx-start:u	882	0	0
tx-start:u	883	0	0
tx-start:u	884	0	0
tx-start:u	885	0	0
tx-start:u	886	0	0
tx-start:u	887	0	0
tx-start:u	888	0	0
tx-start:u	889	0	0
tx-start:u	890	0	0
tx-start:u	891	0	0
tx-start:u	892	0	0
tx-start:u	893	0	0
tx-start:u	894	0	0
tx-start:u	895	0	0
tx-start:u	896	0	0
tx-start:u	897	0	0
tx-start:u	898	0	0
tx-start:u	899	0	0
tx-start:u	900	0	0
tx-start:u	901	0	0
tx-start:u	902	0	0
tx-start:u	903	0	0
tx-start:u	904	0	0
tx-start:u	905	0	0
tx-start:u	906	0	0
tx-start:u	907	0	0
tx-start:u	908	0	0
tx-start:u	909	0	0
tx-start:u	910	0	0
tx-start:u	911	0	0
tx-start:u	912	0	0
tx-start:u	913	0	0
tx-start:u	914	0	0
tx-start:u	915	0	0
tx-start:u	916	0	0
tx-start:u	917	0	0
tx-start:u	918	0	0
tx-start:u	919	0	0
tx-start:u	920	0	0
tx-start:u	921	0	0
tx-start:u	922	0	0
tx-start:u	923	0	0
tx-start:u	924	0	0
tx-start:u	925	0	0
tx-start:u	926	0	0
tx-start:u	927	0	0
tx-start:u	928	0	0
tx-start:u	929	0	0
tx-start:u	930	0	0
tx-start:u	931	0	0
tx-start:u	932	0	0
tx-start:u	933	0	0
tx-start:u	934	0	0
tx-start:u	935	0	0
tx-start:u	936	0	0
tx-start:u	937	0	0
tx-start:u	938	0	0
tx-start:u	939	0	0
tx-start:u	940	0	0
tx-start:u	941	0	0
tx-start:u	942	0	0
tx-start:u	943	0	0
tx-start:u	944	0	0
tx-start:u	945	0	0
tx-start:u	946	0	0
tx-start:u	947	0	0
tx-start:u	948	0	0
tx-start:u	949	0	0
tx-start:u	950	0	0
tx-start:u	951	0	0
tx-start:u	952	0	0
tx-start:u	953	0	0
tx-start:u	954	0	0
tx-start:u	955	0	0
tx-start:u	956	0	0
tx-start:u	957	0	0
tx-start:u	958	0	0
tx-start:u	959	0	0
tx-start:u	960	0	0
tx-start:u	961	0	0
tx-start:u	962	0	0
tx-start:u	963	0	0
tx-start:u	964	0	0
tx-start:u	965	0	0
tx-start:u	966	0	0
tx-start:u	967	0	0
tx-start:u	968	0	0
tx-start:u	969	0	0
tx-start:u	970	0	0
tx-start:u	971	0	0
tx-start:u	972	0	0
tx-start:u	973	0	0
tx-start:u	974	0	0
tx-start:u	975	0	0
tx-start:u	976	0	0
tx-start:u	977	0	0
tx-start:u	978	0	0
tx-start:u	979	0	0
tx-start:u	980	0	0
tx-start:u	981	0	0
tx-start:u	982	0	0
tx-start:u	983	0	0
tx-start:u	984	0	0
tx-start:u	985	0	0
tx-start:u	986	0	0
tx-start:u	987	0	0
tx-start:u	988	0	0
tx-start:u	989	0	0
tx-start:u	990	0	0
tx-start:u	991	0	0
tx-start:u	992	0	0
tx-start:u	993	0	0
tx-start:u	994	0	0
tx-start:u	995	0	0
tx-start:u	996	0	0
tx-start:u	997	0	0
tx-start:u	998	0	0
tx-start:u	999	0	0
tx-start:u	1000	0	0
l2_rqsts.demand_data_rd_miss:u	1	480397	0
l2_rqsts.demand_data_rd_miss:u	2	476807	0
mem_load_l3_hit_retired.xsnp_hitm:u	1	2	0
mem_load_l3_hit_retired.xsnp_hitm:u	2	1	0
sw_prefetch_access.t1_t2:u	1	200008	0
sw_prefetch_access.t1_t2:u	2	200010	0
icache_64b.iftag_hit:u	1	56329725	0
icache_64b.iftag_hit:u	2	56654296	0
idq_uops_not_delivered.core:u	1	14490624948	0
idq_uops_not_delivered.core:u	2	14489701503	0
rtm_retired.aborted_mem:u	1	0	0
rtm_retired.aborted_mem:u	2	0	0
rtm_retired.aborted_mem:u	3	0	0
rtm_retired.aborted_mem:u	4	0	0
rtm_retired.aborted_mem:u	5	0	0
rtm_retired.aborted_mem:u	6	0	0
rtm_retired.aborted_mem:u	7	0	0
rtm_retired.aborted_mem:u	8	0	0
rtm_retired.aborted_mem:u	9	0	0
rtm_retired.aborted_mem:u	10	0	0
rtm_retired.aborted_mem:u	11	0	0
rtm_retired.aborted_mem:u	12	0	0
rtm_retired.aborted_mem:u	13	0	0
rtm_retired.aborted_mem:u	14	0	0
rtm_retired.aborted_mem:u	15	0	0
rtm_retired.aborted_mem:u	16	0	0
rtm_retired.aborted_mem:u	17	0	0
rtm_retired.aborted_mem:u	18	0	0
rtm_retired.aborted_mem:u	19	0	0
rtm_retired.aborted_mem:u	20	0	0
rtm_retired.aborted_mem:u	21	0	0
rtm_retired.aborted_mem:u	22	0	0
rtm_retired.aborted_mem:u	23	0	0
rtm_retired.aborted_mem:u	24	0	0
rtm_retired.aborted_mem:u	25	0	0
rtm_retired.aborted_mem:u	26	0	0
rtm_retired.aborted_mem:u	27	0	0
rtm_retired.aborted_mem:u	28	0	0
rtm_retired.aborted_mem:u	29	0	0
rtm_retired.aborted_mem:u	30	0	0
rtm_retired.aborted_mem:u	31	0	0
rtm_retired.aborted_mem:u	32	0	0
rtm_retired.aborted_mem:u	33	0	0
rtm_retired.aborted_mem:u	34	0	0
rtm_retired.aborted_mem:u	35	0	0
rtm_retired.aborted_mem:u	36	0	0
rtm_retired.aborted_mem:u	37	0	0
rtm_retired.aborted_mem:u	38	0	0
rtm_retired.aborted_mem:u	39	0	0
rtm_retired.aborted_mem:u	40	0	0
rtm_retired.aborted_mem:u	41	0	0
rtm_retired.aborted_mem:u	42	0	0
rtm_retired.aborted_mem:u	43	0	0
rtm_retired.aborted_mem:u	44	0	0
rtm_retired.aborted_mem:u	45	0	0
rtm_retired.aborted_mem:u	46	0	0
rtm_retired.aborted_mem:u	47	0	0
rtm_retired.aborted_mem:u	48	0	0
rtm_retired.aborted_mem:u	49	0	0
rtm_retired.aborted_mem:u	50	0	0
rtm_retired.aborted_mem:u	51	0	0
rtm_retired.aborted_mem:u	52	0	0
rtm_retired.aborted_mem:u	53	0	0
rtm_retired.aborted_mem:u	54	0	0
rtm_retired.aborted_mem:u	55	0	0
rtm_retired.aborted_mem:u	56	0	0
rtm_retired.aborted_mem:u	57	0	0
rtm_retired.aborted_mem:u	58	0	0
rtm_retired.aborted_mem:u	59	0	0
rtm_retired.aborted_mem:u	60	0	0
rtm_retired.aborted_mem:u	61	0	0
rtm_retired.aborted_mem:u	62	0	0
rtm_retired.aborted_mem:u	63	0	0
rtm_retired.aborted_mem:u	64	0	0
rtm_retired.aborted_mem:u	65	0	0
rtm_retired.aborted_mem:u	66	0	0
rtm_retired.aborted_mem:u	67	0	0
rtm_retired.aborted_mem:u	68	0	0
rtm_retired.aborted_mem:u	69	0	0
rtm_retired.aborted_mem:u	70	0	0
rtm_retired.aborted_mem:u	71	0	0
rtm_retired.aborted_mem:u	72	0	0
rtm_retired.aborted_mem:u	73	0	0
rtm_retired.aborted_mem:u	74	0	0
rtm_retired.aborted_mem:u	75	0	0
rtm_retired.aborted_mem:u	76	0	0
rtm_retired.aborted_mem:u	77	0	0
rtm_retired.aborted_mem:u	78	0	0
rtm_retired.aborted_mem:u	79	0	0
rtm_retired.aborted_mem:u	80	0	0
rtm_retired.aborted_mem:u	81	0	0
rtm_retired.aborted_mem:u	82	0	0
rtm_retired.aborted_mem:u	83	0	0
rtm_retired.aborted_mem:u	84	0	0
rtm_retired.aborted_mem:u	85	0	0
rtm_retired.aborted_mem:u	86	0	0
rtm_retired.aborted_mem:u	87	0	0
rtm_retired.aborted_mem:u	88	0	0
rtm_retired.aborted_mem:u	89	0	0
rtm_retired.aborted_mem:u	90	0	0
rtm_retired.aborted_mem:u	91	0	0
rtm_retired.aborted_mem:u	92	0	0
rtm_retired.aborted_mem:u	93	0	0
rtm_retired.aborted_mem:u	94	0	0
rtm_retired.aborted_mem:u	95	0	0
rtm_retired.aborted_mem:u	96	0	0
rtm_retired.aborted_mem:u	97	0	0
rtm_retired.aborted_mem:u	98	0	0
rtm_retired.aborted_mem:u	99	0	0
rtm_retired.aborted_mem:u	100	0	0
rtm_retired.aborted_mem:u	101	0	0
rtm_retired.aborted_mem:u	102	0	0
rtm_retired.aborted_mem:u	103	0	0
rtm_retired.aborted_mem:u	104	0	0
rtm_retired.aborted_mem:u	105	0	0
rtm_retired.aborted_mem:u	106	0	0
rtm_retired.aborted_mem:u	107	0	0
rtm_retired.aborted_mem:u	108	0	0
rtm_retired.aborted_mem:u	109	0	0
rtm_retired.aborted_mem:u	110	0	0
rtm_retired.aborted_mem:u	111	0	0
rtm_retired.aborted_mem:u	112	0	0
rtm_retired.aborted_mem:u	113	0	0
rtm_retired.aborted_mem:u	114	0	0
rtm_retired.aborted_mem:u	115	0	0
rtm_retired.aborted_mem:u	116	0	0
rtm_retired.aborted_mem:u	117	0	0
rtm_retired.aborted_mem:u	118	0	0
rtm_retired.aborted_mem:u	119	0	0
rtm_retired.aborted_mem:u	120	0	0
rtm_retired.aborted_mem:u	121	0	0
rtm_retired.aborted_mem:u	122	0	0
rtm_retired.aborted_mem:u	123	0	0
rtm_retired.aborted_mem:u	124	0	0
rtm_retired.aborted_mem:u	125	0	0
rtm_retired.aborted_mem:u	126	0	0
rtm_retired.aborted_mem:u	127	0	0
rtm_retired.aborted_mem:u	128	0	0
rtm_retired.aborted_mem:u	129	0	0
rtm_retired.aborted_mem:u	130	0	0
rtm_retired.aborted_mem:u	131	0	0
rtm_retired.aborted_mem:u	132	0	0
rtm_retired.aborted_mem:u	133	0	0
rtm_retired.aborted_mem:u	134	0	0
rtm_retired.aborted_mem:u	135	0	0
rtm_retired.aborted_mem:u	136	0	0
rtm_retired.aborted_mem:u	137	0	0
rtm_retired.aborted_mem:u	138	0	0
rtm_retired.aborted_mem:u	139	0	0
rtm_retired.aborted_mem:u	140	0	0
rtm_retired.aborted_mem:u	141	0	0
rtm_retired.aborted_mem:u	142	0	0
rtm_retired.aborted_mem:u	143	0	0
rtm_retired.aborted_mem:u	144	0	0
rtm_retired.aborted_mem:u	145	0	0
rtm_retired.aborted_mem:u	146	0	0
rtm_retired.aborted_mem:u	147	0	0
rtm_retired.aborted_mem:u	148	0	0
rtm_retired.aborted_mem:u	149	0	0
rtm_retired.aborted_mem:u	150	0	0
rtm_retired.aborted_mem:u	151	0	0
rtm_retired.aborted_mem:u	152	0	0
rtm_retired.aborted_mem:u	153	0	0
rtm_retired.aborted_mem:u	154	0	0
rtm_retired.aborted_mem:u	155	0	0
rtm_retired.aborted_mem:u	156	0	0
rtm_retired.aborted_mem:u	157	0	0
rtm_retired.aborted_mem:u	158	0	0
rtm_retired.aborted_mem:u	159	0	0
rtm_retired.aborted_mem:u	160	0	0
rtm_retired.aborted_mem:u	161	0	0
rtm_retired.aborted_mem:u	162	0	0
rtm_retired.aborted_mem:u	163	0	0
rtm_retired.aborted_mem:u	164	0	0
rtm_retired.aborted_mem:u	165	0	0
rtm_retired.aborted_mem:u	166	0	0
rtm_retired.aborted_mem:u	167	0	0
rtm_retired.aborted_mem:u	168	0	0
rtm_retired.aborted_mem:u	169	0	0
rtm_retired.aborted_mem:u	170	0	0
rtm_retired.aborted_mem:u	171	0	0
rtm_retired.aborted_mem:u	172	0	0
rtm_retired.aborted_mem:u	173	0	0
rtm_retired.aborted_mem:u	174	0	0
rtm_retired.aborted_mem:u	175	0	0
rtm_retired.aborted_mem:u	176	0	0
rtm_retired.aborted_mem:u	177	0	0
rtm_retired.aborted_mem:u	178	0	0
rtm_retired.aborted_mem:u	179	0	0
rtm_retired.aborted_mem:u	180	0	0
rtm_retired.aborted_mem:u	181	0	0
rtm_retired.aborted_mem:u	182	0	0
rtm_retired.aborted_mem:u	183	0	0
rtm_retired.aborted_mem:u	184	0	0
rtm_retired.aborted_mem:u	185	0	0
rtm_retired.aborted_mem:u	186	0	0
rtm_retired.aborted_mem:u	187	0	0
rtm_retired.aborted_mem:u	188	0	0
rtm_retired.aborted_mem:u	189	0	0
rtm_retired.aborted_mem:u	190	0	0
rtm_retired.aborted_mem:u	191	0	0
rtm_retired.aborted_mem:u	192	0	0
rtm_retired.aborted_mem:u	193	0	0
rtm_retired.aborted_mem:u	194	0	0
rtm_retired.aborted_mem:u	195	0	0
rtm_retired.aborted_mem:u	196	0	0
rtm_retired.aborted_mem:u	197	0	0
rtm_retired.aborted_mem:u	198	0	0
rtm_retired.aborted_mem:u	199	0	0
rtm_retired.aborted_mem:u	200	0	0
rtm_retired.aborted_mem:u	201	0	0
rtm_retired.aborted_mem:u	202	0	0
rtm_retired.aborted_mem:u	203	0	0
rtm_retired.aborted_mem:u	204	0	0
rtm_retired.aborted_mem:u	205	0	0
rtm_retired.aborted_mem:u	206	0	0
rtm_retired.aborted_mem:u	207	0	0
rtm_retired.aborted_mem:u	208	0	0
rtm_retired.aborted_mem:u	209	0	0
rtm_retired.aborted_mem:u	210	0	0
rtm_retired.aborted_mem:u	211	0	0
rtm_retired.aborted_mem:u	212	0	0
rtm_retired.aborted_mem:u	213	0	0
rtm_retired.aborted_mem:u	214	0	0
rtm_retired.aborted_mem:u	215	0	0
rtm_retired.aborted_mem:u	216	0	0
rtm_retired.aborted_mem:u	217	0	0
rtm_retired.aborted_mem:u	218	0	0
rtm_retired.aborted_mem:u	219	0	0
rtm_retired.aborted_mem:u	220	0	0
rtm_retired.aborted_mem:u	221	0	0
rtm_retired.aborted_mem:u	222	0	0
rtm_retired.aborted_mem:u	223	0	0
rtm_retired.aborted_mem:u	224	0	0
rtm_retired.aborted_mem:u	225	0	0
rtm_retired.aborted_mem:u	226	0	0
rtm_retired.aborted_mem:u	227	0	0
rtm_retired.aborted_mem:u	228	0	0
rtm_retired.aborted_mem:u	229	0	0
rtm_retired.aborted_mem:u	230	0	0
rtm_retired.aborted_mem:u	231	0	0
rtm_retired.aborted_mem:u	232	0	0
rtm_retired.aborted_mem:u	233	0	0
rtm_retired.aborted_mem:u	234	0	0
rtm_retired.aborted_mem:u	235	0	0
rtm_retired.aborted_mem:u	236	0	0
rtm_retired.aborted_mem:u	237	0	0
rtm_retired.aborted_mem:u	238	0	0
rtm_retired.aborted_mem:u	239	0	0
rtm_retired.aborted_mem:u	240	0	0
rtm_retired.aborted_mem:u	241	0	0
rtm_retired.aborted_mem:u	242	0	0
rtm_retired.aborted_mem:u	243	0	0
rtm_retired.aborted_mem:u	244	0	0
rtm_retired.aborted_mem:u	245	0	0
rtm_retired.aborted_mem:u	246	0	0
rtm_retired.aborted_mem:u	247	0	0
rtm_retired.aborted_mem:u	248	0	0
rtm_retired.aborted_mem:u	249	0	0
rtm_retired.aborted_mem:u	250	0	0
rtm_retired.aborted_mem:u	251	0	0
rtm_retired.aborted_mem:u	252	0	0
rtm_retired.aborted_mem:u	253	0	0
rtm_retired.aborted_mem:u	254	0	0
rtm_retired.aborted_mem:u	255	0	0
rtm_retired.aborted_mem:u	256	0	0
rtm_retired.aborted_mem:u	257	0	0
rtm_retired.aborted_mem:u	258	0	0
rtm_retired.aborted_mem:u	259	0	0
rtm_retired.aborted_mem:u	260	0	0
rtm_retired.aborted_mem:u	261	0	0
rtm_retired.aborted_mem:u	262	0	0
rtm_retired.aborted_mem:u	263	0	0
rtm_retired.aborted_mem:u	264	0	0
rtm_retired.aborted_mem:u	265	0	0
rtm_retired.aborted_mem:u	266	0	0
rtm_retired.aborted_mem:u	267	0	0
rtm_retired.aborted_mem:u	268	0	0
rtm_retired.aborted_mem:u	269	0	0
rtm_retired.aborted_mem:u	270	0	0
rtm_retired.aborted_mem:u	271	0	0
rtm_retired.aborted_mem:u	272	0	0
rtm_retired.aborted_mem:u	273	0	0
rtm_retired.aborted_mem:u	274	0	0
rtm_retired.aborted_mem:u	275	0	0
rtm_retired.aborted_mem:u	276	0	0
rtm_retired.aborted_mem:u	277	0	0
rtm_retired.aborted_mem:u	278	0	0
rtm_retired.aborted_mem:u	279	0	0
rtm_retired.aborted_mem:u	280	0	0
rtm_retired.aborted_mem:u	281	0	0
rtm_retired.aborted_mem:u	282	0	0
rtm_retired.aborted_mem:u	283	0	0
rtm_retired.aborted_mem:u	284	0	0
rtm_retired.aborted_mem:u	285	0	0
rtm_retired.aborted_mem:u	286	0	0
rtm_retired.aborted_mem:u	287	0	0
rtm_retired.aborted_mem:u	288	0	0
rtm_retired.aborted_mem:u	289	0	0
rtm_retired.aborted_mem:u	290	0	0
rtm_retired.aborted_mem:u	291	0	0
rtm_retired.aborted_mem:u	292	0	0
rtm_retired.aborted_mem:u	293	0	0
rtm_retired.aborted_mem:u	294	0	0
rtm_retired.aborted_mem:u	295	0	0
rtm_retired.aborted_mem:u	296	0	0
rtm_retired.aborted_mem:u	297	0	0
rtm_retired.aborted_mem:u	298	0	0
rtm_retired.aborted_mem:u	299	0	0
rtm_retired.aborted_mem:u	300	0	0
rtm_retired.aborted_mem:u	301	0	0
rtm_retired.aborted_mem:u	302	0	0
rtm_retired.aborted_mem:u	303	0	0
rtm_retired.aborted_mem:u	304	0	0
rtm_retired.aborted_mem:u	305	0	0
rtm_retired.aborted_mem:u	306	0	0
rtm_retired.aborted_mem:u	307	0	0
rtm_retired.aborted_mem:u	308	0	0
rtm_retired.aborted_mem:u	309	0	0
rtm_retired.aborted_mem:u	310	0	0
rtm_retired.aborted_mem:u	311	0	0
rtm_retired.aborted_mem:u	312	0	0
rtm_retired.aborted_mem:u	313	0	0
rtm_retired.aborted_mem:u	314	0	0
rtm_retired.aborted_mem:u	315	0	0
rtm_retired.aborted_mem:u	316	0	0
rtm_retired.aborted_mem:u	317	0	0
rtm_retired.aborted_mem:u	318	0	0
rtm_retired.aborted_mem:u	319	0	0
rtm_retired.aborted_mem:u	320	0	0
rtm_retired.aborted_mem:u	321	0	0
rtm_retired.aborted_mem:u	322	0	0
rtm_retired.aborted_mem:u	323	0	0
rtm_retired.aborted_mem:u	324	0	0
rtm_retired.aborted_mem:u	325	0	0
rtm_retired.aborted_mem:u	326	0	0
rtm_retired.aborted_mem:u	327	0	0
rtm_retired.aborted_mem:u	328	0	0
rtm_retired.aborted_mem:u	329	0	0
rtm_retired.aborted_mem:u	330	0	0
rtm_retired.aborted_mem:u	331	0	0
rtm_retired.aborted_mem:u	332	0	0
rtm_retired.aborted_mem:u	333	0	0
rtm_retired.aborted_mem:u	334	0	0
rtm_retired.aborted_mem:u	335	0	0
rtm_retired.aborted_mem:u	336	0	0
rtm_retired.aborted_mem:u	337	0	0
rtm_retired.aborted_mem:u	338	0	0
rtm_retired.aborted_mem:u	339	0	0
rtm_retired.aborted_mem:u	340	0	0
rtm_retired.aborted_mem:u	341	0	0
rtm_retired.aborted_mem:u	342	0	0
rtm_retired.aborted_mem:u	343	0	0
rtm_retired.aborted_mem:u	344	0	0
rtm_retired.aborted_mem:u	345	0	0
rtm_retired.aborted_mem:u	346	0	0
rtm_retired.aborted_mem:u	347	0	0
rtm_retired.aborted_mem:u	348	0	0
rtm_retired.aborted_mem:u	349	0	0
rtm_retired.aborted_mem:u	350	0	0
rtm_retired.aborted_mem:u	351	0	0
rtm_retired.aborted_mem:u	352	0	0
rtm_retired.aborted_mem:u	353	0	0
rtm_retired.aborted_mem:u	354	0	0
rtm_retired.aborted_mem:u	355	0	0
rtm_retired.aborted_mem:u	356	0	0
rtm_retired.aborted_mem:u	357	0	0
rtm_retired.aborted_mem:u	358	0	0
rtm_retired.aborted_mem:u	359	0	0
rtm_retired.aborted_mem:u	360	0	0
rtm_retired.aborted_mem:u	361	0	0
rtm_retired.aborted_mem:u	362	0	0
rtm_retired.aborted_mem:u	363	0	0
rtm_retired.aborted_mem:u	364	0	0
rtm_retired.aborted_mem:u	365	0	0
rtm_retired.aborted_mem:u	366	0	0
rtm_retired.aborted_mem:u	367	0	0
rtm_retired.aborted_mem:u	368	0	0
rtm_retired.aborted_mem:u	369	0	0
rtm_retired.aborted_mem:u	370	0	0
rtm_retired.aborted_mem:u	371	0	0
rtm_retired.aborted_mem:u	372	0	0
rtm_retired.aborted_mem:u	373	0	0
rtm_retired.aborted_mem:u	374	0	0
rtm_retired.aborted_mem:u	375	0	0
rtm_retired.aborted_mem:u	376	0	0
rtm_retired.aborted_mem:u	377	0	0
rtm_retired.aborted_mem:u	378	0	0
rtm_retired.aborted_mem:u	379	0	0
rtm_retired.aborted_mem:u	380	0	0
rtm_retired.aborted_mem:u	381	0	0
rtm_retired.aborted_mem:u	382	0	0
rtm_retired.aborted_mem:u	383	0	0
rtm_retired.aborted_mem:u	384	0	0
rtm_retired.aborted_mem:u	385	0	0
rtm_retired.aborted_mem:u	386	0	0
rtm_retired.aborted_mem:u	387	0	0
rtm_retired.aborted_mem:u	388	0	0
rtm_retired.aborted_mem:u	389	0	0
rtm_retired.aborted_mem:u	390	0	0
rtm_retired.aborted_mem:u	391	0	0
rtm_retired.aborted_mem:u	392	0	0
rtm_retired.aborted_mem:u	393	0	0
rtm_retired.aborted_mem:u	394	0	0
rtm_retired.aborted_mem:u	395	0	0
rtm_retired.aborted_mem:u	396	0	0
rtm_retired.aborted_mem:u	397	0	0
rtm_retired.aborted_mem:u	398	0	0
rtm_retired.aborted_mem:u	399	0	0
rtm_retired.aborted_mem:u	400	0	0
rtm_retired.aborted_mem:u	401	0	0
rtm_retired.aborted_mem:u	402	0	0
rtm_retired.aborted_mem:u	403	0	0
rtm_retired.aborted_mem:u	404	0	0
rtm_retired.aborted_mem:u	405	0	0
rtm_retired.aborted_mem:u	406	0	0
rtm_retired.aborted_mem:u	407	0	0
rtm_retired.aborted_mem:u	408	0	0
rtm_retired.aborted_mem:u	409	0	0
rtm_retired.aborted_mem:u	410	0	0
rtm_retired.aborted_mem:u	411	0	0
rtm_retired.aborted_mem:u	412	0	0
rtm_retired.aborted_mem:u	413	0	0
rtm_retired.aborted_mem:u	414	0	0
rtm_retired.aborted_mem:u	415	0	0
rtm_retired.aborted_mem:u	416	0	0
rtm_retired.aborted_mem:u	417	0	0
rtm_retired.aborted_mem:u	418	0	0
rtm_retired.aborted_mem:u	419	0	0
rtm_retired.aborted_mem:u	420	0	0
rtm_retired.aborted_mem:u	421	0	0
rtm_retired.aborted_mem:u	422	0	0
rtm_retired.aborted_mem:u	423	0	0
rtm_retired.aborted_mem:u	424	0	0
rtm_retired.aborted_mem:u	425	0	0
rtm_retired.aborted_mem:u	426	0	0
rtm_retired.aborted_mem:u	427	0	0
rtm_retired.aborted_mem:u	428	0	0
rtm_retired.aborted_mem:u	429	0	0
rtm_retired.aborted_mem:u	430	0	0
rtm_retired.aborted_mem:u	431	0	0
rtm_retired.aborted_mem:u	432	0	0
rtm_retired.aborted_mem:u	433	0	0
rtm_retired.aborted_mem:u	434	0	0
rtm_retired.aborted_mem:u	435	0	0
rtm_retired.aborted_mem:u	436	0	0
rtm_retired.aborted_mem:u	437	0	0
rtm_retired.aborted_mem:u	438	0	0
rtm_retired.aborted_mem:u	439	0	0
rtm_retired.aborted_mem:u	440	0	0
rtm_retired.aborted_mem:u	441	0	0
rtm_retired.aborted_mem:u	442	0	0
rtm_retired.aborted_mem:u	443	0	0
rtm_retired.aborted_mem:u	444	0	0
rtm_retired.aborted_mem:u	445	0	0
rtm_retired.aborted_mem:u	446	0	0
rtm_retired.aborted_mem:u	447	0	0
rtm_retired.aborted_mem:u	448	0	0
rtm_retired.aborted_mem:u	449	0	0
rtm_retired.aborted_mem:u	450	0	0
rtm_retired.aborted_mem:u	451	0	0
rtm_retired.aborted_mem:u	452	0	0
rtm_retired.aborted_mem:u	453	0	0
rtm_retired.aborted_mem:u	454	0	0
rtm_retired.aborted_mem:u	455	0	0
rtm_retired.aborted_mem:u	456	0	0
rtm_retired.aborted_mem:u	457	0	0
rtm_retired.aborted_mem:u	458	0	0
rtm_retired.aborted_mem:u	459	0	0
rtm_retired.aborted_mem:u	460	0	0
rtm_retired.aborted_mem:u	461	0	0
rtm_retired.aborted_mem:u	462	0	0
rtm_retired.aborted_mem:u	463	0	0
rtm_retired.aborted_mem:u	464	0	0
rtm_retired.aborted_mem:u	465	0	0
rtm_retired.aborted_mem:u	466	0	0
rtm_retired.aborted_mem:u	467	0	0
rtm_retired.aborted_mem:u	468	0	0
rtm_retired.aborted_mem:u	469	0	0
rtm_retired.aborted_mem:u	470	0	0
rtm_retired.aborted_mem:u	471	0	0
rtm_retired.aborted_mem:u	472	0	0
rtm_retired.aborted_mem:u	473	0	0
rtm_retired.aborted_mem:u	474	0	0
rtm_retired.aborted_mem:u	475	0	0
rtm_retired.aborted_mem:u	476	0	0
rtm_retired.aborted_mem:u	477	0	0
rtm_retired.aborted_mem:u	478	0	0
rtm_retired.aborted_mem:u	479	0	0
rtm_retired.aborted_mem:u	480	0	0
rtm_retired.aborted_mem:u	481	0	0
rtm_retired.aborted_mem:u	482	0	0
rtm_retired.aborted_mem:u	483	0	0
rtm_retired.aborted_mem:u	484	0	0
rtm_retired.aborted_mem:u	485	0	0
rtm_retired.aborted_mem:u	486	0	0
rtm_retired.aborted_mem:u	487	0	0
rtm_retired.aborted_mem:u	488	0	0
rtm_retired.aborted_mem:u	489	0	0
rtm_retired.aborted_mem:u	490	0	0
rtm_retired.aborted_mem:u	491	0	0
rtm_retired.aborted_mem:u	492	0	0
rtm_retired.aborted_mem:u	493	0	0
rtm_retired.aborted_mem:u	494	0	0
rtm_retired.aborted_mem:u	495	0	0
rtm_retired.aborted_mem:u	496	0	0
rtm_retired.aborted_mem:u	497	0	0
rtm_retired.aborted_mem:u	498	0	0
rtm_retired.aborted_mem:u	499	0	0
rtm_retired.aborted_mem:u	500	0	0
rtm_retired.aborted_mem:u	501	0	0
rtm_retired.aborted_mem:u	502	0	0
rtm_retired.aborted_mem:u	503	0	0
rtm_retired.aborted_mem:u	504	0	0
rtm_retired.aborted_mem:u	505	0	0
rtm_retired.aborted_mem:u	506	0	0
rtm_retired.aborted_mem:u	507	0	0
rtm_retired.aborted_mem:u	508	0	0
rtm_retired.aborted_mem:u	509	0	0
rtm_retired.aborted_mem:u	510	0	0
rtm_retired.aborted_mem:u	511	0	0
rtm_retired.aborted_mem:u	512	0	0
rtm_retired.aborted_mem:u	513	0	0
rtm_retired.aborted_mem:u	514	0	0
rtm_retired.aborted_mem:u	515	0	0
rtm_retired.aborted_mem:u	516	0	0
rtm_retired.aborted_mem:u	517	0	0
rtm_retired.aborted_mem:u	518	0	0
rtm_retired.aborted_mem:u	519	0	0
rtm_retired.aborted_mem:u	520	0	0
rtm_retired.aborted_mem:u	521	0	0
rtm_retired.aborted_mem:u	522	0	0
rtm_retired.aborted_mem:u	523	0	0
rtm_retired.aborted_mem:u	524	0	0
rtm_retired.aborted_mem:u	525	0	0
rtm_retired.aborted_mem:u	526	0	0
rtm_retired.aborted_mem:u	527	0	0
rtm_retired.aborted_mem:u	528	0	0
rtm_retired.aborted_mem:u	529	0	0
rtm_retired.aborted_mem:u	530	0	0
rtm_retired.aborted_mem:u	531	0	0
rtm_retired.aborted_mem:u	532	0	0
rtm_retired.aborted_mem:u	533	0	0
rtm_retired.aborted_mem:u	534	0	0
rtm_retired.aborted_mem:u	535	0	0
rtm_retired.aborted_mem:u	536	0	0
rtm_retired.aborted_mem:u	537	0	0
rtm_retired.aborted_mem:u	538	0	0
rtm_retired.aborted_mem:u	539	0	0
rtm_retired.aborted_mem:u	540	0	0
rtm_retired.aborted_mem:u	541	0	0
rtm_retired.aborted_mem:u	542	0	0
rtm_retired.aborted_mem:u	543	0	0
rtm_retired.aborted_mem:u	544	0	0
rtm_retired.aborted_mem:u	545	0	0
rtm_retired.aborted_mem:u	546	0	0
rtm_retired.aborted_mem:u	547	0	0
rtm_retired.aborted_mem:u	548	0	0
rtm_retired.aborted_mem:u	549	0	0
rtm_retired.aborted_mem:u	550	0	0
rtm_retired.aborted_mem:u	551	0	0
rtm_retired.aborted_mem:u	552	0	0
rtm_retired.aborted_mem:u	553	0	0
rtm_retired.aborted_mem:u	554	0	0
rtm_retired.aborted_mem:u	555	0	0
rtm_retired.aborted_mem:u	556	0	0
rtm_retired.aborted_mem:u	557	0	0
rtm_retired.aborted_mem:u	558	0	0
rtm_retired.aborted_mem:u	559	0	0
rtm_retired.aborted_mem:u	560	0	0
rtm_retired.aborted_mem:u	561	0	0
rtm_retired.aborted_mem:u	562	0	0
rtm_retired.aborted_mem:u	563	0	0
rtm_retired.aborted_mem:u	564	0	0
rtm_retired.aborted_mem:u	565	0	0
rtm_retired.aborted_mem:u	566	0	0
rtm_retired.aborted_mem:u	567	0	0
rtm_retired.aborted_mem:u	568	0	0
rtm_retired.aborted_mem:u	569	0	0
rtm_retired.aborted_mem:u	570	0	0
rtm_retired.aborted_mem:u	571	0	0
rtm_retired.aborted_mem:u	572	0	0
rtm_retired.aborted_mem:u	573	0	0
rtm_retired.aborted_mem:u	574	0	0
rtm_retired.aborted_mem:u	575	0	0
rtm_retired.aborted_mem:u	576	0	0
rtm_retired.aborted_mem:u	577	0	0
rtm_retired.aborted_mem:u	578	0	0
rtm_retired.aborted_mem:u	579	0	0
rtm_retired.aborted_mem:u	580	0	0
rtm_retired.aborted_mem:u	581	0	0
rtm_retired.aborted_mem:u	582	0	0
rtm_retired.aborted_mem:u	583	0	0
rtm_retired.aborted_mem:u	584	0	0
rtm_retired.aborted_mem:u	585	0	0
rtm_retired.aborted_mem:u	586	0	0
rtm_retired.aborted_mem:u	587	0	0
rtm_retired.aborted_mem:u	588	0	0
rtm_retired.aborted_mem:u	589	0	0
rtm_retired.aborted_mem:u	590	0	0
rtm_retired.aborted_mem:u	591	0	0
rtm_retired.aborted_mem:u	592	0	0
rtm_retired.aborted_mem:u	593	0	0
rtm_retired.aborted_mem:u	594	0	0
rtm_retired.aborted_mem:u	595	0	0
rtm_retired.aborted_mem:u	596	0	0
rtm_retired.aborted_mem:u	597	0	0
rtm_retired.aborted_mem:u	598	0	0
rtm_retired.aborted_mem:u	599	0	0
rtm_retired.aborted_mem:u	600	0	0
rtm_retired.aborted_mem:u	601	0	0
rtm_retired.aborted_mem:u	602	0	0
rtm_retired.aborted_mem:u	603	0	0
rtm_retired.aborted_mem:u	604	0	0
rtm_retired.aborted_mem:u	605	0	0
rtm_retired.aborted_mem:u	606	0	0
rtm_retired.aborted_mem:u	607	0	0
rtm_retired.aborted_mem:u	608	0	0
rtm_retired.aborted_mem:u	609	0	0
rtm_retired.aborted_mem:u	610	0	0
rtm_retired.aborted_mem:u	611	0	0
rtm_retired.aborted_mem:u	612	0	0
rtm_retired.aborted_mem:u	613	0	0
rtm_retired.aborted_mem:u	614	0	0
rtm_retired.aborted_mem:u	615	0	0
rtm_retired.aborted_mem:u	616	0	0
rtm_retired.aborted_mem:u	617	0	0
rtm_retired.aborted_mem:u	618	0	0
rtm_retired.aborted_mem:u	619	0	0
rtm_retired.aborted_mem:u	620	0	0
rtm_retired.aborted_mem:u	621	0	0
rtm_retired.aborted_mem:u	622	0	0
rtm_retired.aborted_mem:u	623	0	0
rtm_retired.aborted_mem:u	624	0	0
rtm_retired.aborted_mem:u	625	0	0
rtm_retired.aborted_mem:u	626	0	0
rtm_retired.aborted_mem:u	627	0	0
rtm_retired.aborted_mem:u	628	0	0
rtm_retired.aborted_mem:u	629	0	0
rtm_retired.aborted_mem:u	630	0	0
rtm_retired.aborted_mem:u	631	0	0
rtm_retired.aborted_mem:u	632	0	0
rtm_retired.aborted_mem:u	633	0	0
rtm_retired.aborted_mem:u	634	0	0
rtm_retired.aborted_mem:u	635	0	0
rtm_retired.aborted_mem:u	636	0	0
rtm_retired.aborted_mem:u	637	0	0
rtm_retired.aborted_mem:u	638	0	0
rtm_retired.aborted_mem:u	639	0	0
rtm_retired.aborted_mem:u	640	0	0
rtm_retired.aborted_mem:u	641	0	0
rtm_retired.aborted_mem:u	642	0	0
rtm_retired.aborted_mem:u	643	0	0
rtm_retired.aborted_mem:u	644	0	0
rtm_retired.aborted_mem:u	645	0	0
rtm_retired.aborted_mem:u	646	0	0
rtm_retired.aborted_mem:u	647	0	0
rtm_retired.aborted_mem:u	648	0	0
rtm_retired.aborted_mem:u	649	0	0
rtm_retired.aborted_mem:u	650	0	0
rtm_retired.aborted_mem:u	651	0	0
rtm_retired.aborted_mem:u	652	0	0
rtm_retired.aborted_mem:u	653	0	0
rtm_retired.aborted_mem:u	654	0	0
rtm_retired.aborted_mem:u	655	0	0
rtm_retired.aborted_mem:u	656	0	0
rtm_retired.aborted_mem:u	657	0	0
rtm_retired.aborted_mem:u	658	0	0
rtm_retired.aborted_mem:u	659	0	0
rtm_retired.aborted_mem:u	660	0	0
rtm_retired.aborted_mem:u	661	0	0
rtm_retired.aborted_mem:u	662	0	0
rtm_retired.aborted_mem:u	663	0	0
rtm_retired.aborted_mem:u	664	0	0
rtm_retired.aborted_mem:u	665	0	0
rtm_retired.aborted_mem:u	666	0	0
rtm_retired.aborted_mem:u	667	0	0
rtm_retired.aborted_mem:u	668	0	0
rtm_retired.aborted_mem:u	669	0	0
rtm_retired.aborted_mem:u	670	0	0
rtm_retired.aborted_mem:u	671	0	0
rtm_retired.aborted_mem:u	672	0	0
rtm_retired.aborted_mem:u	673	0	0
rtm_retired.aborted_mem:u	674	0	0
rtm_retired.aborted_mem:u	675	0	0
rtm_retired.aborted_mem:u	676	0	0
rtm_retired.aborted_mem:u	677	0	0
rtm_retired.aborted_mem:u	678	0	0
rtm_retired.aborted_mem:u	679	0	0
rtm_retired.aborted_mem:u	680	0	0
rtm_retired.aborted_mem:u	681	0	0
rtm_retired.aborted_mem:u	682	0	0
rtm_retired.aborted_mem:u	683	0	0
rtm_retired.aborted_mem:u	684	0	0
rtm_retired.aborted_mem:u	685	0	0
rtm_retired.aborted_mem:u	686	0	0
rtm_retired.aborted_mem:u	687	0	0
rtm_retired.aborted_mem:u	688	0	0
rtm_retired.aborted_mem:u	689	0	0
rtm_retired.aborted_mem:u	690	0	0
rtm_retired.aborted_mem:u	691	0	0
rtm_retired.aborted_mem:u	692	0	0
rtm_retired.aborted_mem:u	693	0	0
rtm_retired.aborted_mem:u	694	0	0
rtm_retired.aborted_mem:u	695	0	0
rtm_retired.aborted_mem:u	696	0	0
rtm_retired.aborted_mem:u	697	0	0
rtm_retired.aborted_mem:u	698	0	0
rtm_retired.aborted_mem:u	699	0	0
rtm_retired.aborted_mem:u	700	0	0
rtm_retired.aborted_mem:u	701	0	0
rtm_retired.aborted_mem:u	702	0	0
rtm_retired.aborted_mem:u	703	0	0
rtm_retired.aborted_mem:u	704	0	0
rtm_retired.aborted_mem:u	705	0	0
rtm_retired.aborted_mem:u	706	0	0
rtm_retired.aborted_mem:u	707	0	0
rtm_retired.aborted_mem:u	708	0	0
rtm_retired.aborted_mem:u	709	0	0
rtm_retired.aborted_mem:u	710	0	0
rtm_retired.aborted_mem:u	711	0	0
rtm_retired.aborted_mem:u	712	0	0
rtm_retired.aborted_mem:u	713	0	0
rtm_retired.aborted_mem:u	714	0	0
rtm_retired.aborted_mem:u	715	0	0
rtm_retired.aborted_mem:u	716	0	0
rtm_retired.aborted_mem:u	717	0	0
rtm_retired.aborted_mem:u	718	0	0
rtm_retired.aborted_mem:u	719	0	0
rtm_retired.aborted_mem:u	720	0	0
rtm_retired.aborted_mem:u	721	0	0
rtm_retired.aborted_mem:u	722	0	0
rtm_retired.aborted_mem:u	723	0	0
rtm_retired.aborted_mem:u	724	0	0
rtm_retired.aborted_mem:u	725	0	0
rtm_retired.aborted_mem:u	726	0	0
rtm_retired.aborted_mem:u	727	0	0
rtm_retired.aborted_mem:u	728	0	0
rtm_retired.aborted_mem:u	729	0	0
rtm_retired.aborted_mem:u	730	0	0
rtm_retired.aborted_mem:u	731	0	0
rtm_retired.aborted_mem:u	732	0	0
rtm_retired.aborted_mem:u	733	0	0
rtm_retired.aborted_mem:u	734	0	0
rtm_retired.aborted_mem:u	735	0	0
rtm_retired.aborted_mem:u	736	0	0
rtm_retired.aborted_mem:u	737	0	0
rtm_retired.aborted_mem:u	738	0	0
rtm_retired.aborted_mem:u	739	0	0
rtm_retired.aborted_mem:u	740	0	0
rtm_retired.aborted_mem:u	741	0	0
rtm_retired.aborted_mem:u	742	0	0
rtm_retired.aborted_mem:u	743	0	0
rtm_retired.aborted_mem:u	744	0	0
rtm_retired.aborted_mem:u	745	0	0
rtm_retired.aborted_mem:u	746	0	0
rtm_retired.aborted_mem:u	747	0	0
rtm_retired.aborted_mem:u	748	0	0
rtm_retired.aborted_mem:u	749	0	0
rtm_retired.aborted_mem:u	750	0	0
rtm_retired.aborted_mem:u	751	0	0
rtm_retired.aborted_mem:u	752	0	0
rtm_retired.aborted_mem:u	753	0	0
rtm_retired.aborted_mem:u	754	0	0
rtm_retired.aborted_mem:u	755	0	0
rtm_retired.aborted_mem:u	756	0	0
rtm_retired.aborted_mem:u	757	0	0
rtm_retired.aborted_mem:u	758	0	0
rtm_retired.aborted_mem:u	759	0	0
rtm_retired.aborted_mem:u	760	0	0
rtm_retired.aborted_mem:u	761	0	0
rtm_retired.aborted_mem:u	762	0	0
rtm_retired.aborted_mem:u	763	0	0
rtm_retired.aborted_mem:u	764	0	0
rtm_retired.aborted_mem:u	765	0	0
rtm_retired.aborted_mem:u	766	0	0
rtm_retired.aborted_mem:u	767	0	0
rtm_retired.aborted_mem:u	768	0	0
rtm_retired.aborted_mem:u	769	0	0
rtm_retired.aborted_mem:u	770	0	0
rtm_retired.aborted_mem:u	771	0	0
rtm_retired.aborted_mem:u	772	0	0
rtm_retired.aborted_mem:u	773	0	0
rtm_retired.aborted_mem:u	774	0	0
rtm_retired.aborted_mem:u	775	0	0
rtm_retired.aborted_mem:u	776	0	0
rtm_retired.aborted_mem:u	777	0	0
rtm_retired.aborted_mem:u	778	0	0
rtm_retired.aborted_mem:u	779	0	0
rtm_retired.aborted_mem:u	780	0	0
rtm_retired.aborted_mem:u	781	0	0
rtm_retired.aborted_mem:u	782	0	0
rtm_retired.aborted_mem:u	783	0	0
rtm_retired.aborted_mem:u	784	0	0
rtm_retired.aborted_mem:u	785	0	0
rtm_retired.aborted_mem:u	786	0	0
rtm_retired.aborted_mem:u	787	0	0
rtm_retired.aborted_mem:u	788	0	0
rtm_retired.aborted_mem:u	789	0	0
rtm_retired.aborted_mem:u	790	0	0
rtm_retired.aborted_mem:u	791	0	0
rtm_retired.aborted_mem:u	792	0	0
rtm_retired.aborted_mem:u	793	0	0
rtm_retired.aborted_mem:u	794	0	0
rtm_retired.aborted_mem:u	795	0	0
rtm_retired.aborted_mem:u	796	0	0
rtm_retired.aborted_mem:u	797	0	0
rtm_retired.aborted_mem:u	798	0	0
rtm_retired.aborted_mem:u	799	0	0
rtm_retired.aborted_mem:u	800	0	0
rtm_retired.aborted_mem:u	801	0	0
rtm_retired.aborted_mem:u	802	0	0
rtm_retired.aborted_mem:u	803	0	0
rtm_retired.aborted_mem:u	804	0	0
rtm_retired.aborted_mem:u	805	0	0
rtm_retired.aborted_mem:u	806	0	0
rtm_retired.aborted_mem:u	807	0	0
rtm_retired.aborted_mem:u	808	0	0
rtm_retired.aborted_mem:u	809	0	0
rtm_retired.aborted_mem:u	810	0	0
rtm_retired.aborted_mem:u	811	0	0
rtm_retired.aborted_mem:u	812	0	0
rtm_retired.aborted_mem:u	813	0	0
rtm_retired.aborted_mem:u	814	0	0
rtm_retired.aborted_mem:u	815	0	0
rtm_retired.aborted_mem:u	816	0	0
rtm_retired.aborted_mem:u	817	0	0
rtm_retired.aborted_mem:u	818	0	0
rtm_retired.aborted_mem:u	819	0	0
rtm_retired.aborted_mem:u	820	0	0
rtm_retired.aborted_mem:u	821	0	0
rtm_retired.aborted_mem:u	822	0	0
rtm_retired.aborted_mem:u	823	0	0
rtm_retired.aborted_mem:u	824	0	0
rtm_retired.aborted_mem:u	825	0	0
rtm_retired.aborted_mem:u	826	0	0
rtm_retired.aborted_mem:u	827	0	0
rtm_retired.aborted_mem:u	828	0	0
rtm_retired.aborted_mem:u	829	0	0
rtm_retired.aborted_mem:u	830	0	0
rtm_retired.aborted_mem:u	831	0	0
rtm_retired.aborted_mem:u	832	0	0
rtm_retired.aborted_mem:u	833	0	0
rtm_retired.aborted_mem:u	834	0	0
rtm_retired.aborted_mem:u	835	0	0
rtm_retired.aborted_mem:u	836	0	0
rtm_retired.aborted_mem:u	837	0	0
rtm_retired.aborted_mem:u	838	0	0
rtm_retired.aborted_mem:u	839	0	0
rtm_retired.aborted_mem:u	840	0	0
rtm_retired.aborted_mem:u	841	0	0
rtm_retired.aborted_mem:u	842	0	0
rtm_retired.aborted_mem:u	843	0	0
rtm_retired.aborted_mem:u	844	0	0
rtm_retired.aborted_mem:u	845	0	0
rtm_retired.aborted_mem:u	846	0	0
rtm_retired.aborted_mem:u	847	0	0
rtm_retired.aborted_mem:u	848	0	0
rtm_retired.aborted_mem:u	849	0	0
rtm_retired.aborted_mem:u	850	0	0
rtm_retired.aborted_mem:u	851	0	0
rtm_retired.aborted_mem:u	852	0	0
rtm_retired.aborted_mem:u	853	0	0
rtm_retired.aborted_mem:u	854	0	0
rtm_retired.aborted_mem:u	855	0	0
rtm_retired.aborted_mem:u	856	0	0
rtm_retired.aborted_mem:u	857	0	0
rtm_retired.aborted_mem:u	858	0	0
rtm_retired.aborted_mem:u	859	0	0
rtm_retired.aborted_mem:u	860	0	0
rtm_retired.aborted_mem:u	861	0	0
rtm_retired.aborted_mem:u	862	0	0
rtm_retired.aborted_mem:u	863	0	0
rtm_retired.aborted_mem:u	864	0	0
rtm_retired.aborted_mem:u	865	0	0
rtm_retired.aborted_mem:u	866	0	0
rtm_retired.aborted_mem:u	867	0	0
rtm_retired.aborted_mem:u	868	0	0
rtm_retired.aborted_mem:u	869	0	0
rtm_retired.aborted_mem:u	870	0	0
rtm_retired.aborted_mem:u	871	0	0
rtm_retired.aborted_mem:u	872	0	0
rtm_retired.aborted_mem:u	873	0	0
rtm_retired.aborted_mem:u	874	0	0
rtm_retired.aborted_mem:u	875	0	0
rtm_retired.aborted_mem:u	876	0	0
rtm_retired.aborted_mem:u	877	0	0
rtm_retired.aborted_mem:u	878	0	0
rtm_retired.aborted_mem:u	879	0	0
rtm_retired.aborted_mem:u	880	0	0
rtm_retired.aborted_mem:u	881	0	0
rtm_retired.aborted_mem:u	882	0	0
rtm_retired.aborted_mem:u	883	0	0
rtm_retired.aborted_mem:u	884	0	0
rtm_retired.aborted_mem:u	885	0	0
rtm_retired.aborted_mem:u	886	0	0
rtm_retired.aborted_mem:u	887	0	0
rtm_retired.aborted_mem:u	888	0	0
rtm_retired.aborted_mem:u	889	0	0
rtm_retired.aborted_mem:u	890	0	0
rtm_retired.aborted_mem:u	891	0	0
rtm_retired.aborted_mem:u	892	0	0
rtm_retired.aborted_mem:u	893	0	0
rtm_retired.aborted_mem:u	894	0	0
rtm_retired.aborted_mem:u	895	0	0
rtm_retired.aborted_mem:u	896	0	0
rtm_retired.aborted_mem:u	897	0	0
rtm_retired.aborted_mem:u	898	0	0
rtm_retired.aborted_mem:u	899	0	0
rtm_retired.aborted_mem:u	900	0	0
rtm_retired.aborted_mem:u	901	0	0
rtm_retired.aborted_mem:u	902	0	0
rtm_retired.aborted_mem:u	903	0	0
rtm_retired.aborted_mem:u	904	0	0
rtm_retired.aborted_mem:u	905	0	0
rtm_retired.aborted_mem:u	906	0	0
rtm_retired.aborted_mem:u	907	0	0
rtm_retired.aborted_mem:u	908	0	0
rtm_retired.aborted_mem:u	909	0	0
rtm_retired.aborted_mem:u	910	0	0
rtm_retired.aborted_mem:u	911	0	0
rtm_retired.aborted_mem:u	912	0	0
rtm_retired.aborted_mem:u	913	0	0
rtm_retired.aborted_mem:u	914	0	0
rtm_retired.aborted_mem:u	915	0	0
rtm_retired.aborted_mem:u	916	0	0
rtm_retired.aborted_mem:u	917	0	0
rtm_retired.aborted_mem:u	918	0	0
rtm_retired.aborted_mem:u	919	0	0
rtm_retired.aborted_mem:u	920	0	0
rtm_retired.aborted_mem:u	921	0	0
rtm_retired.aborted_mem:u	922	0	0
rtm_retired.aborted_mem:u	923	0	0
rtm_retired.aborted_mem:u	924	0	0
rtm_retired.aborted_mem:u	925	0	0
rtm_retired.aborted_mem:u	926	0	0
rtm_retired.aborted_mem:u	927	0	0
rtm_retired.aborted_mem:u	928	0	0
rtm_retired.aborted_mem:u	929	0	0
rtm_retired.aborted_mem:u	930	0	0
rtm_retired.aborted_mem:u	931	0	0
rtm_retired.aborted_mem:u	932	0	0
rtm_retired.aborted_mem:u	933	0	0
rtm_retired.aborted_mem:u	934	0	0
rtm_retired.aborted_mem:u	935	0	0
rtm_retired.aborted_mem:u	936	0	0
rtm_retired.aborted_mem:u	937	0	0
rtm_retired.aborted_mem:u	938	0	0
rtm_retired.aborted_mem:u	939	0	0
rtm_retired.aborted_mem:u	940	0	0
rtm_retired.aborted_mem:u	941	0	0
rtm_retired.aborted_mem:u	942	0	0
rtm_retired.aborted_mem:u	943	0	0
rtm_retired.aborted_mem:u	944	0	0
rtm_retired.aborted_mem:u	945	0	0
rtm_retired.aborted_mem:u	946	0	0
rtm_retired.aborted_mem:u	947	0	0
rtm_retired.aborted_mem:u	948	0	0
rtm_retired.aborted_mem:u	949	0	0
rtm_retired.aborted_mem:u	950	0	0
rtm_retired.aborted_mem:u	951	0	0
rtm_retired.aborted_mem:u	952	0	0
rtm_retired.aborted_mem:u	953	0	0
rtm_retired.aborted_mem:u	954	0	0
rtm_retired.aborted_mem:u	955	0	0
rtm_retired.aborted_mem:u	956	0	0
rtm_retired.aborted_mem:u	957	0	0
rtm_retired.aborted_mem:u	958	0	0
rtm_retired.aborted_mem:u	959	0	0
rtm_retired.aborted_mem:u	960	0	0
rtm_retired.aborted_mem:u	961	0	0
rtm_retired.aborted_mem:u	962	0	0
rtm_retired.aborted_mem:u	963	0	0
rtm_retired.aborted_mem:u	964	0	0
rtm_retired.aborted_mem:u	965	0	0
rtm_retired.aborted_mem:u	966	0	0
rtm_retired.aborted_mem:u	967	0	0
rtm_retired.aborted_mem:u	968	0	0
rtm_retired.aborted_mem:u	969	0	0
rtm_retired.aborted_mem:u	970	0	0
rtm_retired.aborted_mem:u	971	0	0
rtm_retired.aborted_mem:u	972	0	0
rtm_retired.aborted_mem:u	973	0	0
rtm_retired.aborted_mem:u	974	0	0
rtm_retired.aborted_mem:u	975	0	0
rtm_retired.aborted_mem:u	976	0	0
rtm_retired.aborted_mem:u	977	0	0
rtm_retired.aborted_mem:u	978	0	0
rtm_retired.aborted_mem:u	979	0	0
rtm_retired.aborted_mem:u	980	0	0
rtm_retired.aborted_mem:u	981	0	0
rtm_retired.aborted_mem:u	982	0	0
rtm_retired.aborted_mem:u	983	0	0
rtm_retired.aborted_mem:u	984	0	0
rtm_retired.aborted_mem:u	985	0	0
rtm_retired.aborted_mem:u	986	0	0
rtm_retired.aborted_mem:u	987	0	0
rtm_retired.aborted_mem:u	988	0	0
rtm_retired.aborted_mem:u	989	0	0
rtm_retired.aborted_mem:u	990	0	0
rtm_retired.aborted_mem:u	991	0	0
rtm_retired.aborted_mem:u	992	0	0
rtm_retired.aborted_mem:u	993	0	0
rtm_retired.aborted_mem:u	994	0	0
rtm_retired.aborted_mem:u	995	0	0
rtm_retired.aborted_mem:u	996	0	0
rtm_retired.aborted_mem:u	997	0	0
rtm_retired.aborted_mem:u	998	0	0
rtm_retired.aborted_mem:u	999	0	0
rtm_retired.aborted_mem:u	1000	0	0
core_power.lvl1_turbo_license:u	1	0	0
core_power.lvl1_turbo_license:u	2	0	0
core_power.lvl1_turbo_license:u	3	0	0
core_power.lvl1_turbo_license:u	4	0	0
core_power.lvl1_turbo_license:u	5	0	0
core_power.lvl1_turbo_license:u	6	0	0
core_power.lvl1_turbo_license:u	7	0	0
core_power.lvl1_turbo_license:u	8	0	0
core_power.lvl1_turbo_license:u	9	0	0
core_power.lvl1_turbo_license:u	10	0	0
core_power.lvl1_turbo_license:u	11	0	0
core_power.lvl1_turbo_license:u	12	0	0
core_power.lvl1_turbo_license:u	13	0	0
core_power.lvl1_turbo_license:u	14	0	0
core_power.lvl1_turbo_license:u	15	0	0
core_power.lvl1_turbo_license:u	16	0	0
core_power.lvl1_turbo_license:u	17	0	0
core_power.lvl1_turbo_license:u	18	0	0
core_power.lvl1_turbo_license:u	19	0	0
core_power.lvl1_turbo_license:u	20	0	0
core_power.lvl1_turbo_license:u	21	0	0
core_power.lvl1_turbo_license:u	22	0	0
core_power.lvl1_turbo_license:u	23	0	0
core_power.lvl1_turbo_license:u	24	0	0
core_power.lvl1_turbo_license:u	25	0	0
core_power.lvl1_turbo_license:u	26	0	0
core_power.lvl1_turbo_license:u	27	0	0
core_power.lvl1_turbo_license:u	28	0	0
core_power.lvl1_turbo_license:u	29	0	0
core_power.lvl1_turbo_license:u	30	0	0
core_power.lvl1_turbo_license:u	31	0	0
core_power.lvl1_turbo_license:u	32	0	0
core_power.lvl1_turbo_license:u	33	0	0
core_power.lvl1_turbo_license:u	34	0	0
core_power.lvl1_turbo_license:u	35	0	0
core_power.lvl1_turbo_license:u	36	0	0
core_power.lvl1_turbo_license:u	37	0	0
core_power.lvl1_turbo_license:u	38	0	0
core_power.lvl1_turbo_license:u	39	0	0
core_power.lvl1_turbo_license:u	40	0	0
core_power.lvl1_turbo_license:u	41	0	0
core_power.lvl1_turbo_license:u	42	0	0
core_power.lvl1_turbo_license:u	43	0	0
core_power.lvl1_turbo_license:u	44	0	0
core_power.lvl1_turbo_license:u	45	0	0
core_power.lvl1_turbo_license:u	46	0	0
core_power.lvl1_turbo_license:u	47	0	0
core_power.lvl1_turbo_license:u	48	0	0
core_power.lvl1_turbo_license:u	49	0	0
core_power.lvl1_turbo_license:u	50	0	0
core_power.lvl1_turbo_license:u	51	0	0
core_power.lvl1_turbo_license:u	52	0	0
core_power.lvl1_turbo_license:u	53	0	0
core_power.lvl1_turbo_license:u	54	0	0
core_power.lvl1_turbo_license:u	55	0	0
core_power.lvl1_turbo_license:u	56	0	0
core_power.lvl1_turbo_license:u	57	0	0
core_power.lvl1_turbo_license:u	58	0	0
core_power.lvl1_turbo_license:u	59	0	0
core_power.lvl1_turbo_license:u	60	0	0
core_power.lvl1_turbo_license:u	61	0	0
core_power.lvl1_turbo_license:u	62	0	0
core_power.lvl1_turbo_license:u	63	0	0
core_power.lvl1_turbo_license:u	64	0	0
core_power.lvl1_turbo_license:u	65	0	0
core_power.lvl1_turbo_license:u	66	0	0
core_power.lvl1_turbo_license:u	67	0	0
core_power.lvl1_turbo_license:u	68	0	0
core_power.lvl1_turbo_license:u	69	0	0
core_power.lvl1_turbo_license:u	70	0	0
core_power.lvl1_turbo_license:u	71	0	0
core_power.lvl1_turbo_license:u	72	0	0
core_power.lvl1_turbo_license:u	73	0	0
core_power.lvl1_turbo_license:u	74	0	0
core_power.lvl1_turbo_license:u	75	0	0
core_power.lvl1_turbo_license:u	76	0	0
core_power.lvl1_turbo_license:u	77	0	0
core_power.lvl1_turbo_license:u	78	0	0
core_power.lvl1_turbo_license:u	79	0	0
core_power.lvl1_turbo_license:u	80	0	0
core_power.lvl1_turbo_license:u	81	0	0
core_power.lvl1_turbo_license:u	82	0	0
core_power.lvl1_turbo_license:u	83	0	0
core_power.lvl1_turbo_license:u	84	0	0
core_power.lvl1_turbo_license:u	85	0	0
core_power.lvl1_turbo_license:u	86	0	0
core_power.lvl1_turbo_license:u	87	0	0
core_power.lvl1_turbo_license:u	88	0	0
core_power.lvl1_turbo_license:u	89	0	0
core_power.lvl1_turbo_license:u	90	0	0
core_power.lvl1_turbo_license:u	91	0	0
core_power.lvl1_turbo_license:u	92	0	0
core_power.lvl1_turbo_license:u	93	0	0
core_power.lvl1_turbo_license:u	94	0	0
core_power.lvl1_turbo_license:u	95	0	0
core_power.lvl1_turbo_license:u	96	0	0
core_power.lvl1_turbo_license:u	97	0	0
core_power.lvl1_turbo_license:u	98	0	0
core_power.lvl1_turbo_license:u	99	0	0
core_power.lvl1_turbo_license:u	100	0	0
core_power.lvl1_turbo_license:u	101	0	0
core_power.lvl1_turbo_license:u	102	0	0
core_power.lvl1_turbo_license:u	103	0	0
core_power.lvl1_turbo_license:u	104	0	0
core_power.lvl1_turbo_license:u	105	0	0
core_power.lvl1_turbo_license:u	106	0	0
core_power.lvl1_turbo_license:u	107	0	0
core_power.lvl1_turbo_license:u	108	0	0
core_power.lvl1_turbo_license:u	109	0	0
core_power.lvl1_turbo_license:u	110	0	0
core_power.lvl1_turbo_license:u	111	0	0
core_power.lvl1_turbo_license:u	112	0	0
core_power.lvl1_turbo_license:u	113	0	0
core_power.lvl1_turbo_license:u	114	0	0
core_power.lvl1_turbo_license:u	115	0	0
core_power.lvl1_turbo_license:u	116	0	0
core_power.lvl1_turbo_license:u	117	0	0
core_power.lvl1_turbo_license:u	118	0	0
core_power.lvl1_turbo_license:u	119	0	0
core_power.lvl1_turbo_license:u	120	0	0
core_power.lvl1_turbo_license:u	121	0	0
core_power.lvl1_turbo_license:u	122	0	0
core_power.lvl1_turbo_license:u	123	0	0
core_power.lvl1_turbo_license:u	124	0	0
core_power.lvl1_turbo_license:u	125	0	0
core_power.lvl1_turbo_license:u	126	0	0
core_power.lvl1_turbo_license:u	127	0	0
core_power.lvl1_turbo_license:u	128	0	0
core_power.lvl1_turbo_license:u	129	0	0
core_power.lvl1_turbo_license:u	130	0	0
core_power.lvl1_turbo_license:u	131	0	0
core_power.lvl1_turbo_license:u	132	0	0
core_power.lvl1_turbo_license:u	133	0	0
core_power.lvl1_turbo_license:u	134	0	0
core_power.lvl1_turbo_license:u	135	0	0
core_power.lvl1_turbo_license:u	136	0	0
core_power.lvl1_turbo_license:u	137	0	0
core_power.lvl1_turbo_license:u	138	0	0
core_power.lvl1_turbo_license:u	139	0	0
core_power.lvl1_turbo_license:u	140	0	0
core_power.lvl1_turbo_license:u	141	0	0
core_power.lvl1_turbo_license:u	142	0	0
core_power.lvl1_turbo_license:u	143	0	0
core_power.lvl1_turbo_license:u	144	0	0
core_power.lvl1_turbo_license:u	145	0	0
core_power.lvl1_turbo_license:u	146	0	0
core_power.lvl1_turbo_license:u	147	0	0
core_power.lvl1_turbo_license:u	148	0	0
core_power.lvl1_turbo_license:u	149	0	0
core_power.lvl1_turbo_license:u	150	0	0
core_power.lvl1_turbo_license:u	151	0	0
core_power.lvl1_turbo_license:u	152	0	0
core_power.lvl1_turbo_license:u	153	0	0
core_power.lvl1_turbo_license:u	154	0	0
core_power.lvl1_turbo_license:u	155	0	0
core_power.lvl1_turbo_license:u	156	0	0
core_power.lvl1_turbo_license:u	157	0	0
core_power.lvl1_turbo_license:u	158	0	0
core_power.lvl1_turbo_license:u	159	0	0
core_power.lvl1_turbo_license:u	160	0	0
core_power.lvl1_turbo_license:u	161	0	0
core_power.lvl1_turbo_license:u	162	0	0
core_power.lvl1_turbo_license:u	163	0	0
core_power.lvl1_turbo_license:u	164	0	0
core_power.lvl1_turbo_license:u	165	0	0
core_power.lvl1_turbo_license:u	166	0	0
core_power.lvl1_turbo_license:u	167	0	0
core_power.lvl1_turbo_license:u	168	0	0
core_power.lvl1_turbo_license:u	169	0	0
core_power.lvl1_turbo_license:u	170	0	0
core_power.lvl1_turbo_license:u	171	0	0
core_power.lvl1_turbo_license:u	172	0	0
core_power.lvl1_turbo_license:u	173	0	0
core_power.lvl1_turbo_license:u	174	0	0
core_power.lvl1_turbo_license:u	175	0	0
core_power.lvl1_turbo_license:u	176	0	0
core_power.lvl1_turbo_license:u	177	0	0
core_power.lvl1_turbo_license:u	178	0	0
core_power.lvl1_turbo_license:u	179	0	0
core_power.lvl1_turbo_license:u	180	0	0
core_power.lvl1_turbo_license:u	181	0	0
core_power.lvl1_turbo_license:u	182	0	0
core_power.lvl1_turbo_license:u	183	0	0
core_power.lvl1_turbo_license:u	184	0	0
core_power.lvl1_turbo_license:u	185	0	0
core_power.lvl1_turbo_license:u	186	0	0
core_power.lvl1_turbo_license:u	187	0	0
core_power.lvl1_turbo_license:u	188	0	0
core_power.lvl1_turbo_license:u	189	0	0
core_power.lvl1_turbo_license:u	190	0	0
core_power.lvl1_turbo_license:u	191	0	0
core_power.lvl1_turbo_license:u	192	0	0
core_power.lvl1_turbo_license:u	193	0	0
core_power.lvl1_turbo_license:u	194	0	0
core_power.lvl1_turbo_license:u	195	0	0
core_power.lvl1_turbo_license:u	196	0	0
core_power.lvl1_turbo_license:u	197	0	0
core_power.lvl1_turbo_license:u	198	0	0
core_power.lvl1_turbo_license:u	199	0	0
core_power.lvl1_turbo_license:u	200	0	0
core_power.lvl1_turbo_license:u	201	0	0
core_power.lvl1_turbo_license:u	202	0	0
core_power.lvl1_turbo_license:u	203	0	0
core_power.lvl1_turbo_license:u	204	0	0
core_power.lvl1_turbo_license:u	205	0	0
core_power.lvl1_turbo_license:u	206	0	0
core_power.lvl1_turbo_license:u	207	0	0
core_power.lvl1_turbo_license:u	208	0	0
core_power.lvl1_turbo_license:u	209	0	0
core_power.lvl1_turbo_license:u	210	0	0
core_power.lvl1_turbo_license:u	211	0	0
core_power.lvl1_turbo_license:u	212	0	0
core_power.lvl1_turbo_license:u	213	0	0
core_power.lvl1_turbo_license:u	214	0	0
core_power.lvl1_turbo_license:u	215	0	0
core_power.lvl1_turbo_license:u	216	0	0
core_power.lvl1_turbo_license:u	217	0	0
core_power.lvl1_turbo_license:u	218	0	0
core_power.lvl1_turbo_license:u	219	0	0
core_power.lvl1_turbo_license:u	220	0	0
core_power.lvl1_turbo_license:u	221	0	0
core_power.lvl1_turbo_license:u	222	0	0
core_power.lvl1_turbo_license:u	223	0	0
core_power.lvl1_turbo_license:u	224	0	0
core_power.lvl1_turbo_license:u	225	0	0
core_power.lvl1_turbo_license:u	226	0	0
core_power.lvl1_turbo_license:u	227	0	0
core_power.lvl1_turbo_license:u	228	0	0
core_power.lvl1_turbo_license:u	229	0	0
core_power.lvl1_turbo_license:u	230	0	0
core_power.lvl1_turbo_license:u	231	0	0
core_power.lvl1_turbo_license:u	232	0	0
core_power.lvl1_turbo_license:u	233	0	0
core_power.lvl1_turbo_license:u	234	0	0
core_power.lvl1_turbo_license:u	235	0	0
core_power.lvl1_turbo_license:u	236	0	0
core_power.lvl1_turbo_license:u	237	0	0
core_power.lvl1_turbo_license:u	238	0	0
core_power.lvl1_turbo_license:u	239	0	0
core_power.lvl1_turbo_license:u	240	0	0
core_power.lvl1_turbo_license:u	241	0	0
core_power.lvl1_turbo_license:u	242	0	0
core_power.lvl1_turbo_license:u	243	0	0
core_power.lvl1_turbo_license:u	244	0	0
core_power.lvl1_turbo_license:u	245	0	0
core_power.lvl1_turbo_license:u	246	0	0
core_power.lvl1_turbo_license:u	247	0	0
core_power.lvl1_turbo_license:u	248	0	0
core_power.lvl1_turbo_license:u	249	0	0
core_power.lvl1_turbo_license:u	250	0	0
core_power.lvl1_turbo_license:u	251	0	0
core_power.lvl1_turbo_license:u	252	0	0
core_power.lvl1_turbo_license:u	253	0	0
core_power.lvl1_turbo_license:u	254	0	0
core_power.lvl1_turbo_license:u	255	0	0
core_power.lvl1_turbo_license:u	256	0	0
core_power.lvl1_turbo_license:u	257	0	0
core_power.lvl1_turbo_license:u	258	0	0
core_power.lvl1_turbo_license:u	259	0	0
core_power.lvl1_turbo_license:u	260	0	0
core_power.lvl1_turbo_license:u	261	0	0
core_power.lvl1_turbo_license:u	262	0	0
core_power.lvl1_turbo_license:u	263	0	0
core_power.lvl1_turbo_license:u	264	0	0
core_power.lvl1_turbo_license:u	265	0	0
core_power.lvl1_turbo_license:u	266	0	0
core_power.lvl1_turbo_license:u	267	0	0
core_power.lvl1_turbo_license:u	268	0	0
core_power.lvl1_turbo_license:u	269	0	0
core_power.lvl1_turbo_license:u	270	0	0
core_power.lvl1_turbo_license:u	271	0	0
core_power.lvl1_turbo_license:u	272	0	0
core_power.lvl1_turbo_license:u	273	0	0
core_power.lvl1_turbo_license:u	274	0	0
core_power.lvl1_turbo_license:u	275	0	0
core_power.lvl1_turbo_license:u	276	0	0
core_power.lvl1_turbo_license:u	277	0	0
core_power.lvl1_turbo_license:u	278	0	0
core_power.lvl1_turbo_license:u	279	0	0
core_power.lvl1_turbo_license:u	280	0	0
core_power.lvl1_turbo_license:u	281	0	0
core_power.lvl1_turbo_license:u	282	0	0
core_power.lvl1_turbo_license:u	283	0	0
core_power.lvl1_turbo_license:u	284	0	0
core_power.lvl1_turbo_license:u	285	0	0
core_power.lvl1_turbo_license:u	286	0	0
core_power.lvl1_turbo_license:u	287	0	0
core_power.lvl1_turbo_license:u	288	0	0
core_power.lvl1_turbo_license:u	289	0	0
core_power.lvl1_turbo_license:u	290	0	0
core_power.lvl1_turbo_license:u	291	0	0
core_power.lvl1_turbo_license:u	292	0	0
core_power.lvl1_turbo_license:u	293	0	0
core_power.lvl1_turbo_license:u	294	0	0
core_power.lvl1_turbo_license:u	295	0	0
core_power.lvl1_turbo_license:u	296	0	0
core_power.lvl1_turbo_license:u	297	0	0
core_power.lvl1_turbo_license:u	298	0	0
core_power.lvl1_turbo_license:u	299	0	0
core_power.lvl1_turbo_license:u	300	0	0
core_power.lvl1_turbo_license:u	301	0	0
core_power.lvl1_turbo_license:u	302	0	0
core_power.lvl1_turbo_license:u	303	0	0
core_power.lvl1_turbo_license:u	304	0	0
core_power.lvl1_turbo_license:u	305	0	0
core_power.lvl1_turbo_license:u	306	0	0
core_power.lvl1_turbo_license:u	307	0	0
core_power.lvl1_turbo_license:u	308	0	0
core_power.lvl1_turbo_license:u	309	0	0
core_power.lvl1_turbo_license:u	310	0	0
core_power.lvl1_turbo_license:u	311	0	0
core_power.lvl1_turbo_license:u	312	0	0
core_power.lvl1_turbo_license:u	313	0	0
core_power.lvl1_turbo_license:u	314	0	0
core_power.lvl1_turbo_license:u	315	0	0
core_power.lvl1_turbo_license:u	316	0	0
core_power.lvl1_turbo_license:u	317	0	0
core_power.lvl1_turbo_license:u	318	0	0
core_power.lvl1_turbo_license:u	319	0	0
core_power.lvl1_turbo_license:u	320	0	0
core_power.lvl1_turbo_license:u	321	0	0
core_power.lvl1_turbo_license:u	322	0	0
core_power.lvl1_turbo_license:u	323	0	0
core_power.lvl1_turbo_license:u	324	0	0
core_power.lvl1_turbo_license:u	325	0	0
core_power.lvl1_turbo_license:u	326	0	0
core_power.lvl1_turbo_license:u	327	0	0
core_power.lvl1_turbo_license:u	328	0	0
core_power.lvl1_turbo_license:u	329	0	0
core_power.lvl1_turbo_license:u	330	0	0
core_power.lvl1_turbo_license:u	331	0	0
core_power.lvl1_turbo_license:u	332	0	0
core_power.lvl1_turbo_license:u	333	0	0
core_power.lvl1_turbo_license:u	334	0	0
core_power.lvl1_turbo_license:u	335	0	0
core_power.lvl1_turbo_license:u	336	0	0
core_power.lvl1_turbo_license:u	337	0	0
core_power.lvl1_turbo_license:u	338	0	0
core_power.lvl1_turbo_license:u	339	0	0
core_power.lvl1_turbo_license:u	340	0	0
core_power.lvl1_turbo_license:u	341	0	0
core_power.lvl1_turbo_license:u	342	0	0
core_power.lvl1_turbo_license:u	343	0	0
core_power.lvl1_turbo_license:u	344	0	0
core_power.lvl1_turbo_license:u	345	0	0
core_power.lvl1_turbo_license:u	346	0	0
core_power.lvl1_turbo_license:u	347	0	0
core_power.lvl1_turbo_license:u	348	0	0
core_power.lvl1_turbo_license:u	349	0	0
core_power.lvl1_turbo_license:u	350	0	0
core_power.lvl1_turbo_license:u	351	0	0
core_power.lvl1_turbo_license:u	352	0	0
core_power.lvl1_turbo_license:u	353	0	0
core_power.lvl1_turbo_license:u	354	0	0
core_power.lvl1_turbo_license:u	355	0	0
core_power.lvl1_turbo_license:u	356	0	0
core_power.lvl1_turbo_license:u	357	0	0
core_power.lvl1_turbo_license:u	358	0	0
core_power.lvl1_turbo_license:u	359	0	0
core_power.lvl1_turbo_license:u	360	0	0
core_power.lvl1_turbo_license:u	361	0	0
core_power.lvl1_turbo_license:u	362	0	0
core_power.lvl1_turbo_license:u	363	0	0
core_power.lvl1_turbo_license:u	364	0	0
core_power.lvl1_turbo_license:u	365	0	0
core_power.lvl1_turbo_license:u	366	0	0
core_power.lvl1_turbo_license:u	367	0	0
core_power.lvl1_turbo_license:u	368	0	0
core_power.lvl1_turbo_license:u	369	0	0
core_power.lvl1_turbo_license:u	370	0	0
core_power.lvl1_turbo_license:u	371	0	0
core_power.lvl1_turbo_license:u	372	0	0
core_power.lvl1_turbo_license:u	373	0	0
core_power.lvl1_turbo_license:u	374	0	0
core_power.lvl1_turbo_license:u	375	0	0
core_power.lvl1_turbo_license:u	376	0	0
core_power.lvl1_turbo_license:u	377	0	0
core_power.lvl1_turbo_license:u	378	0	0
core_power.lvl1_turbo_license:u	379	0	0
core_power.lvl1_turbo_license:u	380	0	0
core_power.lvl1_turbo_license:u	381	0	0
core_power.lvl1_turbo_license:u	382	0	0
core_power.lvl1_turbo_license:u	383	0	0
core_power.lvl1_turbo_license:u	384	0	0
core_power.lvl1_turbo_license:u	385	0	0
core_power.lvl1_turbo_license:u	386	0	0
core_power.lvl1_turbo_license:u	387	0	0
core_power.lvl1_turbo_license:u	388	0	0
core_power.lvl1_turbo_license:u	389	0	0
core_power.lvl1_turbo_license:u	390	0	0
core_power.lvl1_turbo_license:u	391	0	0
core_power.lvl1_turbo_license:u	392	0	0
core_power.lvl1_turbo_license:u	393	0	0
core_power.lvl1_turbo_license:u	394	0	0
core_power.lvl1_turbo_license:u	395	0	0
core_power.lvl1_turbo_license:u	396	0	0
core_power.lvl1_turbo_license:u	397	0	0
core_power.lvl1_turbo_license:u	398	0	0
core_power.lvl1_turbo_license:u	399	0	0
core_power.lvl1_turbo_license:u	400	0	0
core_power.lvl1_turbo_license:u	401	0	0
core_power.lvl1_turbo_license:u	402	0	0
core_power.lvl1_turbo_license:u	403	0	0
core_power.lvl1_turbo_license:u	404	0	0
core_power.lvl1_turbo_license:u	405	0	0
core_power.lvl1_turbo_license:u	406	0	0
core_power.lvl1_turbo_license:u	407	0	0
core_power.lvl1_turbo_license:u	408	0	0
core_power.lvl1_turbo_license:u	409	0	0
core_power.lvl1_turbo_license:u	410	0	0
core_power.lvl1_turbo_license:u	411	0	0
core_power.lvl1_turbo_license:u	412	0	0
core_power.lvl1_turbo_license:u	413	0	0
core_power.lvl1_turbo_license:u	414	0	0
core_power.lvl1_turbo_license:u	415	0	0
core_power.lvl1_turbo_license:u	416	0	0
core_power.lvl1_turbo_license:u	417	0	0
core_power.lvl1_turbo_license:u	418	0	0
core_power.lvl1_turbo_license:u	419	0	0
core_power.lvl1_turbo_license:u	420	0	0
core_power.lvl1_turbo_license:u	421	0	0
core_power.lvl1_turbo_license:u	422	0	0
core_power.lvl1_turbo_license:u	423	0	0
core_power.lvl1_turbo_license:u	424	0	0
core_power.lvl1_turbo_license:u	425	0	0
core_power.lvl1_turbo_license:u	426	0	0
core_power.lvl1_turbo_license:u	427	0	0
core_power.lvl1_turbo_license:u	428	0	0
core_power.lvl1_turbo_license:u	429	0	0
core_power.lvl1_turbo_license:u	430	0	0
core_power.lvl1_turbo_license:u	431	0	0
core_power.lvl1_turbo_license:u	432	0	0
core_power.lvl1_turbo_license:u	433	0	0
core_power.lvl1_turbo_license:u	434	0	0
core_power.lvl1_turbo_license:u	435	0	0
core_power.lvl1_turbo_license:u	436	0	0
core_power.lvl1_turbo_license:u	437	0	0
core_power.lvl1_turbo_license:u	438	0	0
core_power.lvl1_turbo_license:u	439	0	0
core_power.lvl1_turbo_license:u	440	0	0
core_power.lvl1_turbo_license:u	441	0	0
core_power.lvl1_turbo_license:u	442	0	0
core_power.lvl1_turbo_license:u	443	0	0
core_power.lvl1_turbo_license:u	444	0	0
core_power.lvl1_turbo_license:u	445	0	0
core_power.lvl1_turbo_license:u	446	0	0
core_power.lvl1_turbo_license:u	447	0	0
core_power.lvl1_turbo_license:u	448	0	0
core_power.lvl1_turbo_license:u	449	0	0
core_power.lvl1_turbo_license:u	450	0	0
core_power.lvl1_turbo_license:u	451	0	0
core_power.lvl1_turbo_license:u	452	0	0
core_power.lvl1_turbo_license:u	453	0	0
core_power.lvl1_turbo_license:u	454	0	0
core_power.lvl1_turbo_license:u	455	0	0
core_power.lvl1_turbo_license:u	456	0	0
core_power.lvl1_turbo_license:u	457	0	0
core_power.lvl1_turbo_license:u	458	0	0
core_power.lvl1_turbo_license:u	459	0	0
core_power.lvl1_turbo_license:u	460	0	0
core_power.lvl1_turbo_license:u	461	0	0
core_power.lvl1_turbo_license:u	462	0	0
core_power.lvl1_turbo_license:u	463	0	0
core_power.lvl1_turbo_license:u	464	0	0
core_power.lvl1_turbo_license:u	465	0	0
core_power.lvl1_turbo_license:u	466	0	0
core_power.lvl1_turbo_license:u	467	0	0
core_power.lvl1_turbo_license:u	468	0	0
core_power.lvl1_turbo_license:u	469	0	0
core_power.lvl1_turbo_license:u	470	0	0
core_power.lvl1_turbo_license:u	471	0	0
core_power.lvl1_turbo_license:u	472	0	0
core_power.lvl1_turbo_license:u	473	0	0
core_power.lvl1_turbo_license:u	474	0	0
core_power.lvl1_turbo_license:u	475	0	0
core_power.lvl1_turbo_license:u	476	0	0
core_power.lvl1_turbo_license:u	477	0	0
core_power.lvl1_turbo_license:u	478	0	0
core_power.lvl1_turbo_license:u	479	0	0
core_power.lvl1_turbo_license:u	480	0	0
core_power.lvl1_turbo_license:u	481	0	0
core_power.lvl1_turbo_license:u	482	0	0
core_power.lvl1_turbo_license:u	483	0	0
core_power.lvl1_turbo_license:u	484	0	0
core_power.lvl1_turbo_license:u	485	0	0
core_power.lvl1_turbo_license:u	486	0	0
core_power.lvl1_turbo_license:u	487	0	0
core_power.lvl1_turbo_license:u	488	0	0
core_power.lvl1_turbo_license:u	489	0	0
core_power.lvl1_turbo_license:u	490	0	0
core_power.lvl1_turbo_license:u	491	0	0
core_power.lvl1_turbo_license:u	492	0	0
core_power.lvl1_turbo_license:u	493	0	0
core_power.lvl1_turbo_license:u	494	0	0
core_power.lvl1_turbo_license:u	495	0	0
core_power.lvl1_turbo_license:u	496	0	0
core_power.lvl1_turbo_license:u	497	0	0
core_power.lvl1_turbo_license:u	498	0	0
core_power.lvl1_turbo_license:u	499	0	0
core_power.lvl1_turbo_license:u	500	0	0
core_power.lvl1_turbo_license:u	501	0	0
core_power.lvl1_turbo_license:u	502	0	0
core_power.lvl1_turbo_license:u	503	0	0
core_power.lvl1_turbo_license:u	504	0	0
core_power.lvl1_turbo_license:u	505	0	0
core_power.lvl1_turbo_license:u	506	0	0
core_power.lvl1_turbo_license:u	507	0	0
core_power.lvl1_turbo_license:u	508	0	0
core_power.lvl1_turbo_license:u	509	0	0
core_power.lvl1_turbo_license:u	510	0	0
core_power.lvl1_turbo_license:u	511	0	0
core_power.lvl1_turbo_license:u	512	0	0
core_power.lvl1_turbo_license:u	513	0	0
core_power.lvl1_turbo_license:u	514	0	0
core_power.lvl1_turbo_license:u	515	0	0
core_power.lvl1_turbo_license:u	516	0	0
core_power.lvl1_turbo_license:u	517	0	0
core_power.lvl1_turbo_license:u	518	0	0
core_power.lvl1_turbo_license:u	519	0	0
core_power.lvl1_turbo_license:u	520	0	0
core_power.lvl1_turbo_license:u	521	0	0
core_power.lvl1_turbo_license:u	522	0	0
core_power.lvl1_turbo_license:u	523	0	0
core_power.lvl1_turbo_license:u	524	0	0
core_power.lvl1_turbo_license:u	525	0	0
core_power.lvl1_turbo_license:u	526	0	0
core_power.lvl1_turbo_license:u	527	0	0
core_power.lvl1_turbo_license:u	528	0	0
core_power.lvl1_turbo_license:u	529	0	0
core_power.lvl1_turbo_license:u	530	0	0
core_power.lvl1_turbo_license:u	531	0	0
core_power.lvl1_turbo_license:u	532	0	0
core_power.lvl1_turbo_license:u	533	0	0
core_power.lvl1_turbo_license:u	534	0	0
core_power.lvl1_turbo_license:u	535	0	0
core_power.lvl1_turbo_license:u	536	0	0
core_power.lvl1_turbo_license:u	537	0	0
core_power.lvl1_turbo_license:u	538	0	0
core_power.lvl1_turbo_license:u	539	0	0
core_power.lvl1_turbo_license:u	540	0	0
core_power.lvl1_turbo_license:u	541	0	0
core_power.lvl1_turbo_license:u	542	0	0
core_power.lvl1_turbo_license:u	543	0	0
core_power.lvl1_turbo_license:u	544	0	0
core_power.lvl1_turbo_license:u	545	0	0
core_power.lvl1_turbo_license:u	546	0	0
core_power.lvl1_turbo_license:u	547	0	0
core_power.lvl1_turbo_license:u	548	0	0
core_power.lvl1_turbo_license:u	549	0	0
core_power.lvl1_turbo_license:u	550	0	0
core_power.lvl1_turbo_license:u	551	0	0
core_power.lvl1_turbo_license:u	552	0	0
core_power.lvl1_turbo_license:u	553	0	0
core_power.lvl1_turbo_license:u	554	0	0
core_power.lvl1_turbo_license:u	555	0	0
core_power.lvl1_turbo_license:u	556	0	0
core_power.lvl1_turbo_license:u	557	0	0
core_power.lvl1_turbo_license:u	558	0	0
core_power.lvl1_turbo_license:u	559	0	0
core_power.lvl1_turbo_license:u	560	0	0
core_power.lvl1_turbo_license:u	561	0	0
core_power.lvl1_turbo_license:u	562	0	0
core_power.lvl1_turbo_license:u	563	0	0
core_power.lvl1_turbo_license:u	564	0	0
core_power.lvl1_turbo_license:u	565	0	0
core_power.lvl1_turbo_license:u	566	0	0
core_power.lvl1_turbo_license:u	567	0	0
core_power.lvl1_turbo_license:u	568	0	0
core_power.lvl1_turbo_license:u	569	0	0
core_power.lvl1_turbo_license:u	570	0	0
core_power.lvl1_turbo_license:u	571	0	0
core_power.lvl1_turbo_license:u	572	0	0
core_power.lvl1_turbo_license:u	573	0	0
core_power.lvl1_turbo_license:u	574	0	0
core_power.lvl1_turbo_license:u	575	0	0
core_power.lvl1_turbo_license:u	576	0	0
core_power.lvl1_turbo_license:u	577	0	0
core_power.lvl1_turbo_license:u	578	0	0
core_power.lvl1_turbo_license:u	579	0	0
core_power.lvl1_turbo_license:u	580	0	0
core_power.lvl1_turbo_license:u	581	0	0
core_power.lvl1_turbo_license:u	582	0	0
core_power.lvl1_turbo_license:u	583	0	0
core_power.lvl1_turbo_license:u	584	0	0
core_power.lvl1_turbo_license:u	585	0	0
core_power.lvl1_turbo_license:u	586	0	0
core_power.lvl1_turbo_license:u	587	0	0
core_power.lvl1_turbo_license:u	588	0	0
core_power.lvl1_turbo_license:u	589	0	0
core_power.lvl1_turbo_license:u	590	0	0
core_power.lvl1_turbo_license:u	591	0	0
core_power.lvl1_turbo_license:u	592	0	0
core_power.lvl1_turbo_license:u	593	0	0
core_power.lvl1_turbo_license:u	594	0	0
core_power.lvl1_turbo_license:u	595	0	0
core_power.lvl1_turbo_license:u	596	0	0
core_power.lvl1_turbo_license:u	597	0	0
core_power.lvl1_turbo_license:u	598	0	0
core_power.lvl1_turbo_license:u	599	0	0
core_power.lvl1_turbo_license:u	600	0	0
core_power.lvl1_turbo_license:u	601	0	0
core_power.lvl1_turbo_license:u	602	0	0
core_power.lvl1_turbo_license:u	603	0	0
core_power.lvl1_turbo_license:u	604	0	0
core_power.lvl1_turbo_license:u	605	0	0
core_power.lvl1_turbo_license:u	606	0	0
core_power.lvl1_turbo_license:u	607	0	0
core_power.lvl1_turbo_license:u	608	0	0
core_power.lvl1_turbo_license:u	609	0	0
core_power.lvl1_turbo_license:u	610	0	0
core_power.lvl1_turbo_license:u	611	0	0
core_power.lvl1_turbo_license:u	612	0	0
core_power.lvl1_turbo_license:u	613	0	0
core_power.lvl1_turbo_license:u	614	0	0
core_power.lvl1_turbo_license:u	615	0	0
core_power.lvl1_turbo_license:u	616	0	0
core_power.lvl1_turbo_license:u	617	0	0
core_power.lvl1_turbo_license:u	618	0	0
core_power.lvl1_turbo_license:u	619	0	0
core_power.lvl1_turbo_license:u	620	0	0
core_power.lvl1_turbo_license:u	621	0	0
core_power.lvl1_turbo_license:u	622	0	0
core_power.lvl1_turbo_license:u	623	0	0
core_power.lvl1_turbo_license:u	624	0	0
core_power.lvl1_turbo_license:u	625	0	0
core_power.lvl1_turbo_license:u	626	0	0
core_power.lvl1_turbo_license:u	627	0	0
core_power.lvl1_turbo_license:u	628	0	0
core_power.lvl1_turbo_license:u	629	0	0
core_power.lvl1_turbo_license:u	630	0	0
core_power.lvl1_turbo_license:u	631	0	0
core_power.lvl1_turbo_license:u	632	0	0
core_power.lvl1_turbo_license:u	633	0	0
core_power.lvl1_turbo_license:u	634	0	0
core_power.lvl1_turbo_license:u	635	0	0
core_power.lvl1_turbo_license:u	636	0	0
core_power.lvl1_turbo_license:u	637	0	0
core_power.lvl1_turbo_license:u	638	0	0
core_power.lvl1_turbo_license:u	639	0	0
core_power.lvl1_turbo_license:u	640	0	0
core_power.lvl1_turbo_license:u	641	0	0
core_power.lvl1_turbo_license:u	642	0	0
core_power.lvl1_turbo_license:u	643	0	0
core_power.lvl1_turbo_license:u	644	0	0
core_power.lvl1_turbo_license:u	645	0	0
core_power.lvl1_turbo_license:u	646	0	0
core_power.lvl1_turbo_license:u	647	0	0
core_power.lvl1_turbo_license:u	648	0	0
core_power.lvl1_turbo_license:u	649	0	0
core_power.lvl1_turbo_license:u	650	0	0
core_power.lvl1_turbo_license:u	651	0	0
core_power.lvl1_turbo_license:u	652	0	0
core_power.lvl1_turbo_license:u	653	0	0
core_power.lvl1_turbo_license:u	654	0	0
core_power.lvl1_turbo_license:u	655	0	0
core_power.lvl1_turbo_license:u	656	0	0
core_power.lvl1_turbo_license:u	657	0	0
core_power.lvl1_turbo_license:u	658	0	0
core_power.lvl1_turbo_license:u	659	0	0
core_power.lvl1_turbo_license:u	660	0	0
core_power.lvl1_turbo_license:u	661	0	0
core_power.lvl1_turbo_license:u	662	0	0
core_power.lvl1_turbo_license:u	663	0	0
core_power.lvl1_turbo_license:u	664	0	0
core_power.lvl1_turbo_license:u	665	0	0
core_power.lvl1_turbo_license:u	666	0	0
core_power.lvl1_turbo_license:u	667	0	0
core_power.lvl1_turbo_license:u	668	0	0
core_power.lvl1_turbo_license:u	669	0	0
core_power.lvl1_turbo_license:u	670	0	0
core_power.lvl1_turbo_license:u	671	0	0
core_power.lvl1_turbo_license:u	672	0	0
core_power.lvl1_turbo_license:u	673	0	0
core_power.lvl1_turbo_license:u	674	0	0
core_power.lvl1_turbo_license:u	675	0	0
core_power.lvl1_turbo_license:u	676	0	0
core_power.lvl1_turbo_license:u	677	0	0
core_power.lvl1_turbo_license:u	678	0	0
core_power.lvl1_turbo_license:u	679	0	0
core_power.lvl1_turbo_license:u	680	0	0
core_power.lvl1_turbo_license:u	681	0	0
core_power.lvl1_turbo_license:u	682	0	0
core_power.lvl1_turbo_license:u	683	0	0
core_power.lvl1_turbo_license:u	684	0	0
core_power.lvl1_turbo_license:u	685	0	0
core_power.lvl1_turbo_license:u	686	0	0
core_power.lvl1_turbo_license:u	687	0	0
core_power.lvl1_turbo_license:u	688	0	0
core_power.lvl1_turbo_license:u	689	0	0
core_power.lvl1_turbo_license:u	690	0	0
core_power.lvl1_turbo_license:u	691	0	0
core_power.lvl1_turbo_license:u	692	0	0
core_power.lvl1_turbo_license:u	693	0	0
core_power.lvl1_turbo_license:u	694	0	0
core_power.lvl1_turbo_license:u	695	0	0
core_power.lvl1_turbo_license:u	696	0	0
core_power.lvl1_turbo_license:u	697	0	0
core_power.lvl1_turbo_license:u	698	0	0
core_power.lvl1_turbo_license:u	699	0	0
core_power.lvl1_turbo_license:u	700	0	0
core_power.lvl1_turbo_license:u	701	0	0
core_power.lvl1_turbo_license:u	702	0	0
core_power.lvl1_turbo_license:u	703	0	0
core_power.lvl1_turbo_license:u	704	0	0
core_power.lvl1_turbo_license:u	705	0	0
core_power.lvl1_turbo_license:u	706	0	0
core_power.lvl1_turbo_license:u	707	0	0
core_power.lvl1_turbo_license:u	708	0	0
core_power.lvl1_turbo_license:u	709	0	0
core_power.lvl1_turbo_license:u	710	0	0
core_power.lvl1_turbo_license:u	711	0	0
core_power.lvl1_turbo_license:u	712	0	0
core_power.lvl1_turbo_license:u	713	0	0
core_power.lvl1_turbo_license:u	714	0	0
core_power.lvl1_turbo_license:u	715	0	0
core_power.lvl1_turbo_license:u	716	0	0
core_power.lvl1_turbo_license:u	717	0	0
core_power.lvl1_turbo_license:u	718	0	0
core_power.lvl1_turbo_license:u	719	0	0
core_power.lvl1_turbo_license:u	720	0	0
core_power.lvl1_turbo_license:u	721	0	0
core_power.lvl1_turbo_license:u	722	0	0
core_power.lvl1_turbo_license:u	723	0	0
core_power.lvl1_turbo_license:u	724	0	0
core_power.lvl1_turbo_license:u	725	0	0
core_power.lvl1_turbo_license:u	726	0	0
core_power.lvl1_turbo_license:u	727	0	0
core_power.lvl1_turbo_license:u	728	0	0
core_power.lvl1_turbo_license:u	729	0	0
core_power.lvl1_turbo_license:u	730	0	0
core_power.lvl1_turbo_license:u	731	0	0
core_power.lvl1_turbo_license:u	732	0	0
core_power.lvl1_turbo_license:u	733	0	0
core_power.lvl1_turbo_license:u	734	0	0
core_power.lvl1_turbo_license:u	735	0	0
core_power.lvl1_turbo_license:u	736	0	0
core_power.lvl1_turbo_license:u	737	0	0
core_power.lvl1_turbo_license:u	738	0	0
core_power.lvl1_turbo_license:u	739	0	0
core_power.lvl1_turbo_license:u	740	0	0
core_power.lvl1_turbo_license:u	741	0	0
core_power.lvl1_turbo_license:u	742	0	0
core_power.lvl1_turbo_license:u	743	0	0
core_power.lvl1_turbo_license:u	744	0	0
core_power.lvl1_turbo_license:u	745	0	0
core_power.lvl1_turbo_license:u	746	0	0
core_power.lvl1_turbo_license:u	747	0	0
core_power.lvl1_turbo_license:u	748	0	0
core_power.lvl1_turbo_license:u	749	0	0
core_power.lvl1_turbo_license:u	750	0	0
core_power.lvl1_turbo_license:u	751	0	0
core_power.lvl1_turbo_license:u	752	0	0
core_power.lvl1_turbo_license:u	753	0	0
core_power.lvl1_turbo_license:u	754	0	0
core_power.lvl1_turbo_license:u	755	0	0
core_power.lvl1_turbo_license:u	756	0	0
core_power.lvl1_turbo_license:u	757	0	0
core_power.lvl1_turbo_license:u	758	0	0
core_power.lvl1_turbo_license:u	759	0	0
core_power.lvl1_turbo_license:u	760	0	0
core_power.lvl1_turbo_license:u	761	0	0
core_power.lvl1_turbo_license:u	762	0	0
core_power.lvl1_turbo_license:u	763	0	0
core_power.lvl1_turbo_license:u	764	0	0
core_power.lvl1_turbo_license:u	765	0	0
core_power.lvl1_turbo_license:u	766	0	0
core_power.lvl1_turbo_license:u	767	0	0
core_power.lvl1_turbo_license:u	768	0	0
core_power.lvl1_turbo_license:u	769	0	0
core_power.lvl1_turbo_license:u	770	0	0
core_power.lvl1_turbo_license:u	771	0	0
core_power.lvl1_turbo_license:u	772	0	0
core_power.lvl1_turbo_license:u	773	0	0
core_power.lvl1_turbo_license:u	774	0	0
core_power.lvl1_turbo_license:u	775	0	0
core_power.lvl1_turbo_license:u	776	0	0
core_power.lvl1_turbo_license:u	777	0	0
core_power.lvl1_turbo_license:u	778	0	0
core_power.lvl1_turbo_license:u	779	0	0
core_power.lvl1_turbo_license:u	780	0	0
core_power.lvl1_turbo_license:u	781	0	0
core_power.lvl1_turbo_license:u	782	0	0
core_power.lvl1_turbo_license:u	783	0	0
core_power.lvl1_turbo_license:u	784	0	0
core_power.lvl1_turbo_license:u	785	0	0
core_power.lvl1_turbo_license:u	786	0	0
core_power.lvl1_turbo_license:u	787	0	0
core_power.lvl1_turbo_license:u	788	0	0
core_power.lvl1_turbo_license:u	789	0	0
core_power.lvl1_turbo_license:u	790	0	0
core_power.lvl1_turbo_license:u	791	0	0
core_power.lvl1_turbo_license:u	792	0	0
core_power.lvl1_turbo_license:u	793	0	0
core_power.lvl1_turbo_license:u	794	0	0
core_power.lvl1_turbo_license:u	795	0	0
core_power.lvl1_turbo_license:u	796	0	0
core_power.lvl1_turbo_license:u	797	0	0
core_power.lvl1_turbo_license:u	798	0	0
core_power.lvl1_turbo_license:u	799	0	0
core_power.lvl1_turbo_license:u	800	0	0
core_power.lvl1_turbo_license:u	801	0	0
core_power.lvl1_turbo_license:u	802	0	0
core_power.lvl1_turbo_license:u	803	0	0
core_power.lvl1_turbo_license:u	804	0	0
core_power.lvl1_turbo_license:u	805	0	0
core_power.lvl1_turbo_license:u	806	0	0
core_power.lvl1_turbo_license:u	807	0	0
core_power.lvl1_turbo_license:u	808	0	0
core_power.lvl1_turbo_license:u	809	0	0
core_power.lvl1_turbo_license:u	810	0	0
core_power.lvl1_turbo_license:u	811	0	0
core_power.lvl1_turbo_license:u	812	0	0
core_power.lvl1_turbo_license:u	813	0	0
core_power.lvl1_turbo_license:u	814	0	0
core_power.lvl1_turbo_license:u	815	0	0
core_power.lvl1_turbo_license:u	816	0	0
core_power.lvl1_turbo_license:u	817	0	0
core_power.lvl1_turbo_license:u	818	0	0
core_power.lvl1_turbo_license:u	819	0	0
core_power.lvl1_turbo_license:u	820	0	0
core_power.lvl1_turbo_license:u	821	0	0
core_power.lvl1_turbo_license:u	822	0	0
core_power.lvl1_turbo_license:u	823	0	0
core_power.lvl1_turbo_license:u	824	0	0
core_power.lvl1_turbo_license:u	825	0	0
core_power.lvl1_turbo_license:u	826	0	0
core_power.lvl1_turbo_license:u	827	0	0
core_power.lvl1_turbo_license:u	828	0	0
core_power.lvl1_turbo_license:u	829	0	0
core_power.lvl1_turbo_license:u	830	0	0
core_power.lvl1_turbo_license:u	831	0	0
core_power.lvl1_turbo_license:u	832	0	0
core_power.lvl1_turbo_license:u	833	0	0
core_power.lvl1_turbo_license:u	834	0	0
core_power.lvl1_turbo_license:u	835	0	0
core_power.lvl1_turbo_license:u	836	0	0
core_power.lvl1_turbo_license:u	837	0	0
core_power.lvl1_turbo_license:u	838	0	0
core_power.lvl1_turbo_license:u	839	0	0
core_power.lvl1_turbo_license:u	840	0	0
core_power.lvl1_turbo_license:u	841	0	0
core_power.lvl1_turbo_license:u	842	0	0
core_power.lvl1_turbo_license:u	843	0	0
core_power.lvl1_turbo_license:u	844	0	0
core_power.lvl1_turbo_license:u	845	0	0
core_power.lvl1_turbo_license:u	846	0	0
core_power.lvl1_turbo_license:u	847	0	0
core_power.lvl1_turbo_license:u	848	0	0
core_power.lvl1_turbo_license:u	849	0	0
core_power.lvl1_turbo_license:u	850	0	0
core_power.lvl1_turbo_license:u	851	0	0
core_power.lvl1_turbo_license:u	852	0	0
core_power.lvl1_turbo_license:u	853	0	0
core_power.lvl1_turbo_license:u	854	0	0
core_power.lvl1_turbo_license:u	855	0	0
core_power.lvl1_turbo_license:u	856	0	0
core_power.lvl1_turbo_license:u	857	0	0
core_power.lvl1_turbo_license:u	858	0	0
core_power.lvl1_turbo_license:u	859	0	0
core_power.lvl1_turbo_license:u	860	0	0
core_power.lvl1_turbo_license:u	861	0	0
core_power.lvl1_turbo_license:u	862	0	0
core_power.lvl1_turbo_license:u	863	0	0
core_power.lvl1_turbo_license:u	864	0	0
core_power.lvl1_turbo_license:u	865	0	0
core_power.lvl1_turbo_license:u	866	0	0
core_power.lvl1_turbo_license:u	867	0	0
core_power.lvl1_turbo_license:u	868	0	0
core_power.lvl1_turbo_license:u	869	0	0
core_power.lvl1_turbo_license:u	870	0	0
core_power.lvl1_turbo_license:u	871	0	0
core_power.lvl1_turbo_license:u	872	0	0
core_power.lvl1_turbo_license:u	873	0	0
core_power.lvl1_turbo_license:u	874	0	0
core_power.lvl1_turbo_license:u	875	0	0
core_power.lvl1_turbo_license:u	876	0	0
core_power.lvl1_turbo_license:u	877	0	0
core_power.lvl1_turbo_license:u	878	0	0
core_power.lvl1_turbo_license:u	879	0	0
core_power.lvl1_turbo_license:u	880	0	0
core_power.lvl1_turbo_license:u	881	0	0
core_power.lvl1_turbo_license:u	882	0	0
core_power.lvl1_turbo_license:u	883	0	0
core_power.lvl1_turbo_license:u	884	0	0
core_power.lvl1_turbo_license:u	885	0	0
core_power.lvl1_turbo_license:u	886	0	0
core_power.lvl1_turbo_license:u	887	0	0
core_power.lvl1_turbo_license:u	888	0	0
core_power.lvl1_turbo_license:u	889	0	0
core_power.lvl1_turbo_license:u	890	0	0
core_power.lvl1_turbo_license:u	891	0	0
core_power.lvl1_turbo_license:u	892	0	0
core_power.lvl1_turbo_license:u	893	0	0
core_power.lvl1_turbo_license:u	894	0	0
core_power.lvl1_turbo_license:u	895	0	0
core_power.lvl1_turbo_license:u	896	0	0
core_power.lvl1_turbo_license:u	897	0	0
core_power.lvl1_turbo_license:u	898	0	0
core_power.lvl1_turbo_license:u	899	0	0
core_power.lvl1_turbo_license:u	900	0	0
core_power.lvl1_turbo_license:u	901	0	0
core_power.lvl1_turbo_license:u	902	0	0
core_power.lvl1_turbo_license:u	903	0	0
core_power.lvl1_turbo_license:u	904	0	0
core_power.lvl1_turbo_license:u	905	0	0
core_power.lvl1_turbo_license:u	906	0	0
core_power.lvl1_turbo_license:u	907	0	0
core_power.lvl1_turbo_license:u	908	0	0
core_power.lvl1_turbo_license:u	909	0	0
core_power.lvl1_turbo_license:u	910	0	0
core_power.lvl1_turbo_license:u	911	0	0
core_power.lvl1_turbo_license:u	912	0	0
core_power.lvl1_turbo_license:u	913	0	0
core_power.lvl1_turbo_license:u	914	0	0
core_power.lvl1_turbo_license:u	915	0	0
core_power.lvl1_turbo_license:u	916	0	0
core_power.lvl1_turbo_license:u	917	0	0
core_power.lvl1_turbo_license:u	918	0	0
core_power.lvl1_turbo_license:u	919	0	0
core_power.lvl1_turbo_license:u	920	0	0
core_power.lvl1_turbo_license:u	921	0	0
core_power.lvl1_turbo_license:u	922	0	0
core_power.lvl1_turbo_license:u	923	0	0
core_power.lvl1_turbo_license:u	924	0	0
core_power.lvl1_turbo_license:u	925	0	0
core_power.lvl1_turbo_license:u	926	0	0
core_power.lvl1_turbo_license:u	927	0	0
core_power.lvl1_turbo_license:u	928	0	0
core_power.lvl1_turbo_license:u	929	0	0
core_power.lvl1_turbo_license:u	930	0	0
core_power.lvl1_turbo_license:u	931	0	0
core_power.lvl1_turbo_license:u	932	0	0
core_power.lvl1_turbo_license:u	933	0	0
core_power.lvl1_turbo_license:u	934	0	0
core_power.lvl1_turbo_license:u	935	0	0
core_power.lvl1_turbo_license:u	936	0	0
core_power.lvl1_turbo_license:u	937	0	0
core_power.lvl1_turbo_license:u	938	0	0
core_power.lvl1_turbo_license:u	939	0	0
core_power.lvl1_turbo_license:u	940	0	0
core_power.lvl1_turbo_license:u	941	0	0
core_power.lvl1_turbo_license:u	942	0	0
core_power.lvl1_turbo_license:u	943	0	0
core_power.lvl1_turbo_license:u	944	0	0
core_power.lvl1_turbo_license:u	945	0	0
core_power.lvl1_turbo_license:u	946	0	0
core_power.lvl1_turbo_license:u	947	0	0
core_power.lvl1_turbo_license:u	948	0	0
core_power.lvl1_turbo_license:u	949	0	0
core_power.lvl1_turbo_license:u	950	0	0
core_power.lvl1_turbo_license:u	951	0	0
core_power.lvl1_turbo_license:u	952	0	0
core_power.lvl1_turbo_license:u	953	0	0
core_power.lvl1_turbo_license:u	954	0	0
core_power.lvl1_turbo_license:u	955	0	0
core_power.lvl1_turbo_license:u	956	0	0
core_power.lvl1_turbo_license:u	957	0	0
core_power.lvl1_turbo_license:u	958	0	0
core_power.lvl1_turbo_license:u	959	0	0
core_power.lvl1_turbo_license:u	960	0	0
core_power.lvl1_turbo_license:u	961	0	0
core_power.lvl1_turbo_license:u	962	0	0
core_power.lvl1_turbo_license:u	963	0	0
core_power.lvl1_turbo_license:u	964	0	0
core_power.lvl1_turbo_license:u	965	0	0
core_power.lvl1_turbo_license:u	966	0	0
core_power.lvl1_turbo_license:u	967	0	0
core_power.lvl1_turbo_license:u	968	0	0
core_power.lvl1_turbo_license:u	969	0	0
core_power.lvl1_turbo_license:u	970	0	0
core_power.lvl1_turbo_license:u	971	0	0
core_power.lvl1_turbo_license:u	972	0	0
core_power.lvl1_turbo_license:u	973	0	0
core_power.lvl1_turbo_license:u	974	0	0
core_power.lvl1_turbo_license:u	975	0	0
core_power.lvl1_turbo_license:u	976	0	0
core_power.lvl1_turbo_license:u	977	0	0
core_power.lvl1_turbo_license:u	978	0	0
core_power.lvl1_turbo_license:u	979	0	0
core_power.lvl1_turbo_license:u	980	0	0
core_power.lvl1_turbo_license:u	981	0	0
core_power.lvl1_turbo_license:u	982	0	0
core_power.lvl1_turbo_license:u	983	0	0
core_power.lvl1_turbo_license:u	984	0	0
core_power.lvl1_turbo_license:u	985	0	0
core_power.lvl1_turbo_license:u	986	0	0
core_power.lvl1_turbo_license:u	987	0	0
core_power.lvl1_turbo_license:u	988	0	0
core_power.lvl1_turbo_license:u	989	0	0
core_power.lvl1_turbo_license:u	990	0	0
core_power.lvl1_turbo_license:u	991	0	0
core_power.lvl1_turbo_license:u	992	0	0
core_power.lvl1_turbo_license:u	993	0	0
core_power.lvl1_turbo_license:u	994	0	0
core_power.lvl1_turbo_license:u	995	0	0
core_power.lvl1_turbo_license:u	996	0	0
core_power.lvl1_turbo_license:u	997	0	0
core_power.lvl1_turbo_license:u	998	0	0
core_power.lvl1_turbo_license:u	999	0	0
core_power.lvl1_turbo_license:u	1000	0	0
br_inst_retired.near_call:u	1	200000	0
br_inst_retired.near_call:u	2	200000	0
br_inst_retired.near_call:u	3	200000	0
br_inst_retired.near_call:u	4	200000	0
br_inst_retired.near_call:u	5	200000	0
br_inst_retired.near_call:u	6	200000	0
br_inst_retired.near_call:u	7	200000	0
br_inst_retired.near_call:u	8	200000	0
br_inst_retired.near_call:u	9	200000	0
br_inst_retired.near_call:u	10	200000	0
br_inst_retired.near_call:u	11	200000	0
br_inst_retired.near_call:u	12	200000	0
br_inst_retired.near_call:u	13	200000	0
br_inst_retired.near_call:u	14	200000	0
br_inst_retired.near_call:u	15	200000	0
br_inst_retired.near_call:u	16	200000	0
br_inst_retired.near_call:u	17	200000	0
br_inst_retired.near_call:u	18	200000	0
br_inst_retired.near_call:u	19	200000	0
br_inst_retired.near_call:u	20	200000	0
br_inst_retired.near_call:u	21	200000	0
br_inst_retired.near_call:u	22	200000	0
br_inst_retired.near_call:u	23	200000	0
br_inst_retired.near_call:u	24	200000	0
br_inst_retired.near_call:u	25	200000	0
br_inst_retired.near_call:u	26	200000	0
br_inst_retired.near_call:u	27	200000	0
br_inst_retired.near_call:u	28	200000	0
br_inst_retired.near_call:u	29	200000	0
br_inst_retired.near_call:u	30	200000	0
br_inst_retired.near_call:u	31	200000	0
br_inst_retired.near_call:u	32	200000	0
br_inst_retired.near_call:u	33	200000	0
br_inst_retired.near_call:u	34	200000	0
br_inst_retired.near_call:u	35	200000	0
br_inst_retired.near_call:u	36	200000	0
br_inst_retired.near_call:u	37	200000	0
br_inst_retired.near_call:u	38	200000	0
br_inst_retired.near_call:u	39	200000	0
br_inst_retired.near_call:u	40	200000	0
br_inst_retired.near_call:u	41	200000	0
br_inst_retired.near_call:u	42	200000	0
br_inst_retired.near_call:u	43	200000	0
br_inst_retired.near_call:u	44	200000	0
br_inst_retired.near_call:u	45	200000	0
br_inst_retired.near_call:u	46	200000	0
br_inst_retired.near_call:u	47	200000	0
br_inst_retired.near_call:u	48	200000	0
br_inst_retired.near_call:u	49	200000	0
br_inst_retired.near_call:u	50	200000	0
br_inst_retired.near_call:u	51	200000	0
br_inst_retired.near_call:u	52	200000	0
br_inst_retired.near_call:u	53	200000	0
br_inst_retired.near_call:u	54	200000	0
br_inst_retired.near_call:u	55	200000	0
br_inst_retired.near_call:u	56	200000	0
br_inst_retired.near_call:u	57	200000	0
br_inst_retired.near_call:u	58	200000	0
br_inst_retired.near_call:u	59	200000	0
br_inst_retired.near_call:u	60	200000	0
br_inst_retired.near_call:u	61	200000	0
br_inst_retired.near_call:u	62	200000	0
br_inst_retired.near_call:u	63	200000	0
br_inst_retired.near_call:u	64	200000	0
br_inst_retired.near_call:u	65	200000	0
br_inst_retired.near_call:u	66	200000	0
br_inst_retired.near_call:u	67	200000	0
br_inst_retired.near_call:u	68	200000	0
br_inst_retired.near_call:u	69	200000	0
br_inst_retired.near_call:u	70	200000	0
br_inst_retired.near_call:u	71	200000	0
br_inst_retired.near_call:u	72	200000	0
br_inst_retired.near_call:u	73	200000	0
br_inst_retired.near_call:u	74	200000	0
br_inst_retired.near_call:u	75	200000	0
br_inst_retired.near_call:u	76	200000	0
br_inst_retired.near_call:u	77	200000	0
br_inst_retired.near_call:u	78	200000	0
br_inst_retired.near_call:u	79	200000	0
br_inst_retired.near_call:u	80	200000	0
br_inst_retired.near_call:u	81	200000	0
br_inst_retired.near_call:u	82	200000	0
br_inst_retired.near_call:u	83	200000	0
br_inst_retired.near_call:u	84	200000	0
br_inst_retired.near_call:u	85	200000	0
br_inst_retired.near_call:u	86	200000	0
br_inst_retired.near_call:u	87	200000	0
br_inst_retired.near_call:u	88	200000	0
br_inst_retired.near_call:u	89	200000	0
br_inst_retired.near_call:u	90	200000	0
br_inst_retired.near_call:u	91	200000	0
br_inst_retired.near_call:u	92	200000	0
br_inst_retired.near_call:u	93	200000	0
br_inst_retired.near_call:u	94	200000	0
br_inst_retired.near_call:u	95	200000	0
br_inst_retired.near_call:u	96	200000	0
br_inst_retired.near_call:u	97	200000	0
br_inst_retired.near_call:u	98	200000	0
br_inst_retired.near_call:u	99	200000	0
br_inst_retired.near_call:u	100	200000	0
br_inst_retired.near_call:u	101	200000	0
br_inst_retired.near_call:u	102	200000	0
br_inst_retired.near_call:u	103	200000	0
br_inst_retired.near_call:u	104	200000	0
br_inst_retired.near_call:u	105	200000	0
br_inst_retired.near_call:u	106	200000	0
br_inst_retired.near_call:u	107	200000	0
br_inst_retired.near_call:u	108	200000	0
br_inst_retired.near_call:u	109	200000	0
br_inst_retired.near_call:u	110	200000	0
br_inst_retired.near_call:u	111	200000	0
br_inst_retired.near_call:u	112	200000	0
br_inst_retired.near_call:u	113	200000	0
br_inst_retired.near_call:u	114	200000	0
br_inst_retired.near_call:u	115	200000	0
br_inst_retired.near_call:u	116	200000	0
br_inst_retired.near_call:u	117	200000	0
br_inst_retired.near_call:u	118	200000	0
br_inst_retired.near_call:u	119	200000	0
br_inst_retired.near_call:u	120	200000	0
br_inst_retired.near_call:u	121	200000	0
br_inst_retired.near_call:u	122	200000	0
br_inst_retired.near_call:u	123	200000	0
br_inst_retired.near_call:u	124	200000	0
br_inst_retired.near_call:u	125	200000	0
br_inst_retired.near_call:u	126	200000	0
br_inst_retired.near_call:u	127	200000	0
br_inst_retired.near_call:u	128	200000	0
br_inst_retired.near_call:u	129	200000	0
br_inst_retired.near_call:u	130	200000	0
br_inst_retired.near_call:u	131	200000	0
br_inst_retired.near_call:u	132	200000	0
br_inst_retired.near_call:u	133	200000	0
br_inst_retired.near_call:u	134	200000	0
br_inst_retired.near_call:u	135	200000	0
br_inst_retired.near_call:u	136	200000	0
br_inst_retired.near_call:u	137	200000	0
br_inst_retired.near_call:u	138	200000	0
br_inst_retired.near_call:u	139	200000	0
br_inst_retired.near_call:u	140	200000	0
br_inst_retired.near_call:u	141	200000	0
br_inst_retired.near_call:u	142	200000	0
br_inst_retired.near_call:u	143	200000	0
br_inst_retired.near_call:u	144	200000	0
br_inst_retired.near_call:u	145	200000	0
br_inst_retired.near_call:u	146	200000	0
br_inst_retired.near_call:u	147	200000	0
br_inst_retired.near_call:u	148	200000	0
br_inst_retired.near_call:u	149	200000	0
br_inst_retired.near_call:u	150	200000	0
br_inst_retired.near_call:u	151	200000	0
br_inst_retired.near_call:u	152	200000	0
br_inst_retired.near_call:u	153	200000	0
br_inst_retired.near_call:u	154	200000	0
br_inst_retired.near_call:u	155	200000	0
br_inst_retired.near_call:u	156	200000	0
br_inst_retired.near_call:u	157	200000	0
br_inst_retired.near_call:u	158	200000	0
br_inst_retired.near_call:u	159	200000	0
br_inst_retired.near_call:u	160	200000	0
br_inst_retired.near_call:u	161	200000	0
br_inst_retired.near_call:u	162	200000	0
br_inst_retired.near_call:u	163	200000	0
br_inst_retired.near_call:u	164	200000	0
br_inst_retired.near_call:u	165	200000	0
br_inst_retired.near_call:u	166	200000	0
br_inst_retired.near_call:u	167	200000	0
br_inst_retired.near_call:u	168	200000	0
br_inst_retired.near_call:u	169	200000	0
br_inst_retired.near_call:u	170	200000	0
br_inst_retired.near_call:u	171	200000	0
br_inst_retired.near_call:u	172	200000	0
br_inst_retired.near_call:u	173	200000	0
br_inst_retired.near_call:u	174	200000	0
br_inst_retired.near_call:u	175	200000	0
br_inst_retired.near_call:u	176	200000	0
br_inst_retired.near_call:u	177	200000	0
br_inst_retired.near_call:u	178	200000	0
br_inst_retired.near_call:u	179	200000	0
br_inst_retired.near_call:u	180	200000	0
br_inst_retired.near_call:u	181	200000	0
br_inst_retired.near_call:u	182	200000	0
br_inst_retired.near_call:u	183	200000	0
br_inst_retired.near_call:u	184	200000	0
br_inst_retired.near_call:u	185	200000	0
br_inst_retired.near_call:u	186	200000	0
br_inst_retired.near_call:u	187	200000	0
br_inst_retired.near_call:u	188	200000	0
br_inst_retired.near_call:u	189	200000	0
br_inst_retired.near_call:u	190	200000	0
br_inst_retired.near_call:u	191	200000	0
br_inst_retired.near_call:u	192	200000	0
br_inst_retired.near_call:u	193	200000	0
br_inst_retired.near_call:u	194	200000	0
br_inst_retired.near_call:u	195	200000	0
br_inst_retired.near_call:u	196	200000	0
br_inst_retired.near_call:u	197	200000	0
br_inst_retired.near_call:u	198	200000	0
br_inst_retired.near_call:u	199	200000	0
br_inst_retired.near_call:u	200	200000	0
br_inst_retired.near_call:u	201	200000	0
br_inst_retired.near_call:u	202	200000	0
br_inst_retired.near_call:u	203	200000	0
br_inst_retired.near_call:u	204	200000	0
br_inst_retired.near_call:u	205	200000	0
br_inst_retired.near_call:u	206	200000	0
br_inst_retired.near_call:u	207	200000	0
br_inst_retired.near_call:u	208	200000	0
br_inst_retired.near_call:u	209	200000	0
br_inst_retired.near_call:u	210	200000	0
br_inst_retired.near_call:u	211	200000	0
br_inst_retired.near_call:u	212	200000	0
br_inst_retired.near_call:u	213	200000	0
br_inst_retired.near_call:u	214	200000	0
br_inst_retired.near_call:u	215	200000	0
br_inst_retired.near_call:u	216	200000	0
br_inst_retired.near_call:u	217	200000	0
br_inst_retired.near_call:u	218	200000	0
br_inst_retired.near_call:u	219	200000	0
br_inst_retired.near_call:u	220	200000	0
br_inst_retired.near_call:u	221	200000	0
br_inst_retired.near_call:u	222	200000	0
br_inst_retired.near_call:u	223	200000	0
br_inst_retired.near_call:u	224	200000	0
br_inst_retired.near_call:u	225	200000	0
br_inst_retired.near_call:u	226	200000	0
br_inst_retired.near_call:u	227	200000	0
br_inst_retired.near_call:u	228	200000	0
br_inst_retired.near_call:u	229	200000	0
br_inst_retired.near_call:u	230	200000	0
br_inst_retired.near_call:u	231	200000	0
br_inst_retired.near_call:u	232	200000	0
br_inst_retired.near_call:u	233	200000	0
br_inst_retired.near_call:u	234	200000	0
br_inst_retired.near_call:u	235	200000	0
br_inst_retired.near_call:u	236	200000	0
br_inst_retired.near_call:u	237	200000	0
br_inst_retired.near_call:u	238	200000	0
br_inst_retired.near_call:u	239	200000	0
br_inst_retired.near_call:u	240	200000	0
br_inst_retired.near_call:u	241	200000	0
br_inst_retired.near_call:u	242	200000	0
br_inst_retired.near_call:u	243	200000	0
br_inst_retired.near_call:u	244	200000	0
br_inst_retired.near_call:u	245	200000	0
br_inst_retired.near_call:u	246	200000	0
br_inst_retired.near_call:u	247	200000	0
br_inst_retired.near_call:u	248	200000	0
br_inst_retired.near_call:u	249	200000	0
br_inst_retired.near_call:u	250	200000	0
br_inst_retired.near_call:u	251	200000	0
br_inst_retired.near_call:u	252	200000	0
br_inst_retired.near_call:u	253	200000	0
br_inst_retired.near_call:u	254	200000	0
br_inst_retired.near_call:u	255	200000	0
br_inst_retired.near_call:u	256	200000	0
br_inst_retired.near_call:u	257	200000	0
br_inst_retired.near_call:u	258	200000	0
br_inst_retired.near_call:u	259	200000	0
br_inst_retired.near_call:u	260	200000	0
br_inst_retired.near_call:u	261	200000	0
br_inst_retired.near_call:u	262	200000	0
br_inst_retired.near_call:u	263	200000	0
br_inst_retired.near_call:u	264	200000	0
br_inst_retired.near_call:u	265	200000	0
br_inst_retired.near_call:u	266	200000	0
br_inst_retired.near_call:u	267	200000	0
br_inst_retired.near_call:u	268	200000	0
br_inst_retired.near_call:u	269	200000	0
br_inst_retired.near_call:u	270	200000	0
br_inst_retired.near_call:u	271	200000	0
br_inst_retired.near_call:u	272	200000	0
br_inst_retired.near_call:u	273	200000	0
br_inst_retired.near_call:u	274	200000	0
br_inst_retired.near_call:u	275	200000	0
br_inst_retired.near_call:u	276	200000	0
br_inst_retired.near_call:u	277	200000	0
br_inst_retired.near_call:u	278	200000	0
br_inst_retired.near_call:u	279	200000	0
br_inst_retired.near_call:u	280	200000	0
br_inst_retired.near_call:u	281	200000	0
br_inst_retired.near_call:u	282	200000	0
br_inst_retired.near_call:u	283	200000	0
br_inst_retired.near_call:u	284	200000	0
br_inst_retired.near_call:u	285	200000	0
br_inst_retired.near_call:u	286	200000	0
br_inst_retired.near_call:u	287	200000	0
br_inst_retired.near_call:u	288	200000	0
br_inst_retired.near_call:u	289	200000	0
br_inst_retired.near_call:u	290	200000	0
br_inst_retired.near_call:u	291	200000	0
br_inst_retired.near_call:u	292	200000	0
br_inst_retired.near_call:u	293	200000	0
br_inst_retired.near_call:u	294	200000	0
br_inst_retired.near_call:u	295	200000	0
br_inst_retired.near_call:u	296	200000	0
br_inst_retired.near_call:u	297	200000	0
br_inst_retired.near_call:u	298	200000	0
br_inst_retired.near_call:u	299	200000	0
br_inst_retired.near_call:u	300	200000	0
br_inst_retired.near_call:u	301	200000	0
br_inst_retired.near_call:u	302	200000	0
br_inst_retired.near_call:u	303	200000	0
br_inst_retired.near_call:u	304	200000	0
br_inst_retired.near_call:u	305	200000	0
br_inst_retired.near_call:u	306	200000	0
br_inst_retired.near_call:u	307	200000	0
br_inst_retired.near_call:u	308	200000	0
br_inst_retired.near_call:u	309	200000	0
br_inst_retired.near_call:u	310	200000	0
br_inst_retired.near_call:u	311	200000	0
br_inst_retired.near_call:u	312	200000	0
br_inst_retired.near_call:u	313	200000	0
br_inst_retired.near_call:u	314	200000	0
br_inst_retired.near_call:u	315	200000	0
br_inst_retired.near_call:u	316	200000	0
br_inst_retired.near_call:u	317	200000	0
br_inst_retired.near_call:u	318	200000	0
br_inst_retired.near_call:u	319	200000	0
br_inst_retired.near_call:u	320	200000	0
br_inst_retired.near_call:u	321	200000	0
br_inst_retired.near_call:u	322	200000	0
br_inst_retired.near_call:u	323	200000	0
br_inst_retired.near_call:u	324	200000	0
br_inst_retired.near_call:u	325	200000	0
br_inst_retired.near_call:u	326	200000	0
br_inst_retired.near_call:u	327	200000	0
br_inst_retired.near_call:u	328	200000	0
br_inst_retired.near_call:u	329	200000	0
br_inst_retired.near_call:u	330	200000	0
br_inst_retired.near_call:u	331	200000	0
br_inst_retired.near_call:u	332	200000	0
br_inst_retired.near_call:u	333	200000	0
br_inst_retired.near_call:u	334	200000	0
br_inst_retired.near_call:u	335	200000	0
br_inst_retired.near_call:u	336	200000	0
br_inst_retired.near_call:u	337	200000	0
br_inst_retired.near_call:u	338	200000	0
br_inst_retired.near_call:u	339	200000	0
br_inst_retired.near_call:u	340	200000	0
br_inst_retired.near_call:u	341	200000	0
br_inst_retired.near_call:u	342	200000	0
br_inst_retired.near_call:u	343	200000	0
br_inst_retired.near_call:u	344	200000	0
br_inst_retired.near_call:u	345	200000	0
br_inst_retired.near_call:u	346	200000	0
br_inst_retired.near_call:u	347	200000	0
br_inst_retired.near_call:u	348	200000	0
br_inst_retired.near_call:u	349	200000	0
br_inst_retired.near_call:u	350	200000	0
br_inst_retired.near_call:u	351	200000	0
br_inst_retired.near_call:u	352	200000	0
br_inst_retired.near_call:u	353	200000	0
br_inst_retired.near_call:u	354	200000	0
br_inst_retired.near_call:u	355	200000	0
br_inst_retired.near_call:u	356	200000	0
br_inst_retired.near_call:u	357	200000	0
br_inst_retired.near_call:u	358	200000	0
br_inst_retired.near_call:u	359	200000	0
br_inst_retired.near_call:u	360	200000	0
br_inst_retired.near_call:u	361	200000	0
br_inst_retired.near_call:u	362	200000	0
br_inst_retired.near_call:u	363	200000	0
br_inst_retired.near_call:u	364	200000	0
br_inst_retired.near_call:u	365	200000	0
br_inst_retired.near_call:u	366	200000	0
br_inst_retired.near_call:u	367	200000	0
br_inst_retired.near_call:u	368	200000	0
br_inst_retired.near_call:u	369	200000	0
br_inst_retired.near_call:u	370	200000	0
br_inst_retired.near_call:u	371	200000	0
br_inst_retired.near_call:u	372	200000	0
br_inst_retired.near_call:u	373	200000	0
br_inst_retired.near_call:u	374	200000	0
br_inst_retired.near_call:u	375	200000	0
br_inst_retired.near_call:u	376	200000	0
br_inst_retired.near_call:u	377	200000	0
br_inst_retired.near_call:u	378	200000	0
br_inst_retired.near_call:u	379	200000	0
br_inst_retired.near_call:u	380	200000	0
br_inst_retired.near_call:u	381	200000	0
br_inst_retired.near_call:u	382	200000	0
br_inst_retired.near_call:u	383	200000	0
br_inst_retired.near_call:u	384	200000	0
br_inst_retired.near_call:u	385	200000	0
br_inst_retired.near_call:u	386	200000	0
br_inst_retired.near_call:u	387	200000	0
br_inst_retired.near_call:u	388	200000	0
br_inst_retired.near_call:u	389	200000	0
br_inst_retired.near_call:u	390	200000	0
br_inst_retired.near_call:u	391	200000	0
br_inst_retired.near_call:u	392	200000	0
br_inst_retired.near_call:u	393	200000	0
br_inst_retired.near_call:u	394	200000	0
br_inst_retired.near_call:u	395	200000	0
br_inst_retired.near_call:u	396	200000	0
br_inst_retired.near_call:u	397	200000	0
br_inst_retired.near_call:u	398	200000	0
br_inst_retired.near_call:u	399	200000	0
br_inst_retired.near_call:u	400	200000	0
br_inst_retired.near_call:u	401	200000	0
br_inst_retired.near_call:u	402	200000	0
br_inst_retired.near_call:u	403	200000	0
br_inst_retired.near_call:u	404	200000	0
br_inst_retired.near_call:u	405	200000	0
br_inst_retired.near_call:u	406	200000	0
br_inst_retired.near_call:u	407	200000	0
br_inst_retired.near_call:u	408	200000	0
br_inst_retired.near_call:u	409	200000	0
br_inst_retired.near_call:u	410	200000	0
br_inst_retired.near_call:u	411	200000	0
br_inst_retired.near_call:u	412	200000	0
br_inst_retired.near_call:u	413	200000	0
br_inst_retired.near_call:u	414	200000	0
br_inst_retired.near_call:u	415	200000	0
br_inst_retired.near_call:u	416	200000	0
br_inst_retired.near_call:u	417	200000	0
br_inst_retired.near_call:u	418	200000	0
br_inst_retired.near_call:u	419	200000	0
br_inst_retired.near_call:u	420	200000	0
br_inst_retired.near_call:u	421	200000	0
br_inst_retired.near_call:u	422	200000	0
br_inst_retired.near_call:u	423	200000	0
br_inst_retired.near_call:u	424	200000	0
br_inst_retired.near_call:u	425	200000	0
br_inst_retired.near_call:u	426	200000	0
br_inst_retired.near_call:u	427	200000	0
br_inst_retired.near_call:u	428	200000	0
br_inst_retired.near_call:u	429	200000	0
br_inst_retired.near_call:u	430	200000	0
br_inst_retired.near_call:u	431	200000	0
br_inst_retired.near_call:u	432	200000	0
br_inst_retired.near_call:u	433	200000	0
br_inst_retired.near_call:u	434	200000	0
br_inst_retired.near_call:u	435	200000	0
br_inst_retired.near_call:u	436	200000	0
br_inst_retired.near_call:u	437	200000	0
br_inst_retired.near_call:u	438	200000	0
br_inst_retired.near_call:u	439	200000	0
br_inst_retired.near_call:u	440	200000	0
br_inst_retired.near_call:u	441	200000	0
br_inst_retired.near_call:u	442	200000	0
br_inst_retired.near_call:u	443	200000	0
br_inst_retired.near_call:u	444	200000	0
br_inst_retired.near_call:u	445	200000	0
br_inst_retired.near_call:u	446	200000	0
br_inst_retired.near_call:u	447	200000	0
br_inst_retired.near_call:u	448	200000	0
br_inst_retired.near_call:u	449	200000	0
br_inst_retired.near_call:u	450	200000	0
br_inst_retired.near_call:u	451	200000	0
br_inst_retired.near_call:u	452	200000	0
br_inst_retired.near_call:u	453	200000	0
br_inst_retired.near_call:u	454	200000	0
br_inst_retired.near_call:u	455	200000	0
br_inst_retired.near_call:u	456	200000	0
br_inst_retired.near_call:u	457	200000	0
br_inst_retired.near_call:u	458	200000	0
br_inst_retired.near_call:u	459	200000	0
br_inst_retired.near_call:u	460	200000	0
br_inst_retired.near_call:u	461	200000	0
br_inst_retired.near_call:u	462	200000	0
br_inst_retired.near_call:u	463	200000	0
br_inst_retired.near_call:u	464	200000	0
br_inst_retired.near_call:u	465	200000	0
br_inst_retired.near_call:u	466	200000	0
br_inst_retired.near_call:u	467	200000	0
br_inst_retired.near_call:u	468	200000	0
br_inst_retired.near_call:u	469	200000	0
br_inst_retired.near_call:u	470	200000	0
br_inst_retired.near_call:u	471	200000	0
br_inst_retired.near_call:u	472	200000	0
br_inst_retired.near_call:u	473	200000	0
br_inst_retired.near_call:u	474	200000	0
br_inst_retired.near_call:u	475	200000	0
br_inst_retired.near_call:u	476	200000	0
br_inst_retired.near_call:u	477	200000	0
br_inst_retired.near_call:u	478	200000	0
br_inst_retired.near_call:u	479	200000	0
br_inst_retired.near_call:u	480	200000	0
br_inst_retired.near_call:u	481	200000	0
br_inst_retired.near_call:u	482	200000	0
br_inst_retired.near_call:u	483	200000	0
br_inst_retired.near_call:u	484	200000	0
br_inst_retired.near_call:u	485	200000	0
br_inst_retired.near_call:u	486	200000	0
br_inst_retired.near_call:u	487	200000	0
br_inst_retired.near_call:u	488	200000	0
br_inst_retired.near_call:u	489	200000	0
br_inst_retired.near_call:u	490	200000	0
br_inst_retired.near_call:u	491	200000	0
br_inst_retired.near_call:u	492	200000	0
br_inst_retired.near_call:u	493	200000	0
br_inst_retired.near_call:u	494	200000	0
br_inst_retired.near_call:u	495	200000	0
br_inst_retired.near_call:u	496	200000	0
br_inst_retired.near_call:u	497	200000	0
br_inst_retired.near_call:u	498	200000	0
br_inst_retired.near_call:u	499	200000	0
br_inst_retired.near_call:u	500	200000	0
br_inst_retired.near_call:u	501	200000	0
br_inst_retired.near_call:u	502	200000	0
br_inst_retired.near_call:u	503	200000	0
br_inst_retired.near_call:u	504	200000	0
br_inst_retired.near_call:u	505	200000	0
br_inst_retired.near_call:u	506	200000	0
br_inst_retired.near_call:u	507	200000	0
br_inst_retired.near_call:u	508	200000	0
br_inst_retired.near_call:u	509	200000	0
br_inst_retired.near_call:u	510	200000	0
br_inst_retired.near_call:u	511	200000	0
br_inst_retired.near_call:u	512	200000	0
br_inst_retired.near_call:u	513	200000	0
br_inst_retired.near_call:u	514	200000	0
br_inst_retired.near_call:u	515	200000	0
br_inst_retired.near_call:u	516	200000	0
br_inst_retired.near_call:u	517	200000	0
br_inst_retired.near_call:u	518	200000	0
br_inst_retired.near_call:u	519	200000	0
br_inst_retired.near_call:u	520	200000	0
br_inst_retired.near_call:u	521	200000	0
br_inst_retired.near_call:u	522	200000	0
br_inst_retired.near_call:u	523	200000	0
br_inst_retired.near_call:u	524	200000	0
br_inst_retired.near_call:u	525	200000	0
br_inst_retired.near_call:u	526	200000	0
br_inst_retired.near_call:u	527	200000	0
br_inst_retired.near_call:u	528	200000	0
br_inst_retired.near_call:u	529	200000	0
br_inst_retired.near_call:u	530	200000	0
br_inst_retired.near_call:u	531	200000	0
br_inst_retired.near_call:u	532	200000	0
br_inst_retired.near_call:u	533	200000	0
br_inst_retired.near_call:u	534	200000	0
br_inst_retired.near_call:u	535	200000	0
br_inst_retired.near_call:u	536	200000	0
br_inst_retired.near_call:u	537	200000	0
br_inst_retired.near_call:u	538	200000	0
br_inst_retired.near_call:u	539	200000	0
br_inst_retired.near_call:u	540	200000	0
br_inst_retired.near_call:u	541	200000	0
br_inst_retired.near_call:u	542	200000	0
br_inst_retired.near_call:u	543	200000	0
br_inst_retired.near_call:u	544	200000	0
br_inst_retired.near_call:u	545	200000	0
br_inst_retired.near_call:u	546	200000	0
br_inst_retired.near_call:u	547	200000	0
br_inst_retired.near_call:u	548	200000	0
br_inst_retired.near_call:u	549	200000	0
br_inst_retired.near_call:u	550	200000	0
br_inst_retired.near_call:u	551	200000	0
br_inst_retired.near_call:u	552	200000	0
br_inst_retired.near_call:u	553	200000	0
br_inst_retired.near_call:u	554	200000	0
br_inst_retired.near_call:u	555	200000	0
br_inst_retired.near_call:u	556	200000	0
br_inst_retired.near_call:u	557	200000	0
br_inst_retired.near_call:u	558	200000	0
br_inst_retired.near_call:u	559	200000	0
br_inst_retired.near_call:u	560	200000	0
br_inst_retired.near_call:u	561	200000	0
br_inst_retired.near_call:u	562	200000	0
br_inst_retired.near_call:u	563	200000	0
br_inst_retired.near_call:u	564	200000	0
br_inst_retired.near_call:u	565	200000	0
br_inst_retired.near_call:u	566	200000	0
br_inst_retired.near_call:u	567	200000	0
br_inst_retired.near_call:u	568	200000	0
br_inst_retired.near_call:u	569	200000	0
br_inst_retired.near_call:u	570	200000	0
br_inst_retired.near_call:u	571	200000	0
br_inst_retired.near_call:u	572	200000	0
br_inst_retired.near_call:u	573	200000	0
br_inst_retired.near_call:u	574	200000	0
br_inst_retired.near_call:u	575	200000	0
br_inst_retired.near_call:u	576	200000	0
br_inst_retired.near_call:u	577	200000	0
br_inst_retired.near_call:u	578	200000	0
br_inst_retired.near_call:u	579	200000	0
br_inst_retired.near_call:u	580	200000	0
br_inst_retired.near_call:u	581	200000	0
br_inst_retired.near_call:u	582	200000	0
br_inst_retired.near_call:u	583	200000	0
br_inst_retired.near_call:u	584	200000	0
br_inst_retired.near_call:u	585	200000	0
br_inst_retired.near_call:u	586	200000	0
br_inst_retired.near_call:u	587	200000	0
br_inst_retired.near_call:u	588	200000	0
br_inst_retired.near_call:u	589	200000	0
br_inst_retired.near_call:u	590	200000	0
br_inst_retired.near_call:u	591	200000	0
br_inst_retired.near_call:u	592	200000	0
br_inst_retired.near_call:u	593	200000	0
br_inst_retired.near_call:u	594	200000	0
br_inst_retired.near_call:u	595	200000	0
br_inst_retired.near_call:u	596	200000	0
br_inst_retired.near_call:u	597	200000	0
br_inst_retired.near_call:u	598	200000	0
br_inst_retired.near_call:u	599	200000	0
br_inst_retired.near_call:u	600	200000	0
br_inst_retired.near_call:u	601	200000	0
br_inst_retired.near_call:u	602	200000	0
br_inst_retired.near_call:u	603	200000	0
br_inst_retired.near_call:u	604	200000	0
br_inst_retired.near_call:u	605	200000	0
br_inst_retired.near_call:u	606	200000	0
br_inst_retired.near_call:u	607	200000	0
br_inst_retired.near_call:u	608	200000	0
br_inst_retired.near_call:u	609	200000	0
br_inst_retired.near_call:u	610	200000	0
br_inst_retired.near_call:u	611	200000	0
br_inst_retired.near_call:u	612	200000	0
br_inst_retired.near_call:u	613	200000	0
br_inst_retired.near_call:u	614	200000	0
br_inst_retired.near_call:u	615	200000	0
br_inst_retired.near_call:u	616	200000	0
br_inst_retired.near_call:u	617	200000	0
br_inst_retired.near_call:u	618	200000	0
br_inst_retired.near_call:u	619	200000	0
br_inst_retired.near_call:u	620	200000	0
br_inst_retired.near_call:u	621	200000	0
br_inst_retired.near_call:u	622	200000	0
br_inst_retired.near_call:u	623	200000	0
br_inst_retired.near_call:u	624	200000	0
br_inst_retired.near_call:u	625	200000	0
br_inst_retired.near_call:u	626	200000	0
br_inst_retired.near_call:u	627	200000	0
br_inst_retired.near_call:u	628	200000	0
br_inst_retired.near_call:u	629	200000	0
br_inst_retired.near_call:u	630	200000	0
br_inst_retired.near_call:u	631	200000	0
br_inst_retired.near_call:u	632	200000	0
br_inst_retired.near_call:u	633	200000	0
br_inst_retired.near_call:u	634	200000	0
br_inst_retired.near_call:u	635	200000	0
br_inst_retired.near_call:u	636	200000	0
br_inst_retired.near_call:u	637	200000	0
br_inst_retired.near_call:u	638	200000	0
br_inst_retired.near_call:u	639	200000	0
br_inst_retired.near_call:u	640	200000	0
br_inst_retired.near_call:u	641	200000	0
br_inst_retired.near_call:u	642	200000	0
br_inst_retired.near_call:u	643	200000	0
br_inst_retired.near_call:u	644	200000	0
br_inst_retired.near_call:u	645	200000	0
br_inst_retired.near_call:u	646	200000	0
br_inst_retired.near_call:u	647	200000	0
br_inst_retired.near_call:u	648	200000	0
br_inst_retired.near_call:u	649	200000	0
br_inst_retired.near_call:u	650	200000	0
br_inst_retired.near_call:u	651	200000	0
br_inst_retired.near_call:u	652	200000	0
br_inst_retired.near_call:u	653	200000	0
br_inst_retired.near_call:u	654	200000	0
br_inst_retired.near_call:u	655	200000	0
br_inst_retired.near_call:u	656	200000	0
br_inst_retired.near_call:u	657	200000	0
br_inst_retired.near_call:u	658	200000	0
br_inst_retired.near_call:u	659	200000	0
br_inst_retired.near_call:u	660	200000	0
br_inst_retired.near_call:u	661	200000	0
br_inst_retired.near_call:u	662	200000	0
br_inst_retired.near_call:u	663	200000	0
br_inst_retired.near_call:u	664	200000	0
br_inst_retired.near_call:u	665	200000	0
br_inst_retired.near_call:u	666	200000	0
br_inst_retired.near_call:u	667	200000	0
br_inst_retired.near_call:u	668	200000	0
br_inst_retired.near_call:u	669	200000	0
br_inst_retired.near_call:u	670	200000	0
br_inst_retired.near_call:u	671	200000	0
br_inst_retired.near_call:u	672	200000	0
br_inst_retired.near_call:u	673	200000	0
br_inst_retired.near_call:u	674	200000	0
br_inst_retired.near_call:u	675	200000	0
br_inst_retired.near_call:u	676	200000	0
br_inst_retired.near_call:u	677	200000	0
br_inst_retired.near_call:u	678	200000	0
br_inst_retired.near_call:u	679	200000	0
br_inst_retired.near_call:u	680	200000	0
br_inst_retired.near_call:u	681	200000	0
br_inst_retired.near_call:u	682	200000	0
br_inst_retired.near_call:u	683	200000	0
br_inst_retired.near_call:u	684	200000	0
br_inst_retired.near_call:u	685	200000	0
br_inst_retired.near_call:u	686	200000	0
br_inst_retired.near_call:u	687	200000	0
br_inst_retired.near_call:u	688	200000	0
br_inst_retired.near_call:u	689	200000	0
br_inst_retired.near_call:u	690	200000	0
br_inst_retired.near_call:u	691	200000	0
br_inst_retired.near_call:u	692	200000	0
br_inst_retired.near_call:u	693	200000	0
br_inst_retired.near_call:u	694	200000	0
br_inst_retired.near_call:u	695	200000	0
br_inst_retired.near_call:u	696	200000	0
br_inst_retired.near_call:u	697	200000	0
br_inst_retired.near_call:u	698	200000	0
br_inst_retired.near_call:u	699	200000	0
br_inst_retired.near_call:u	700	200000	0
br_inst_retired.near_call:u	701	200000	0
br_inst_retired.near_call:u	702	200000	0
br_inst_retired.near_call:u	703	200000	0
br_inst_retired.near_call:u	704	200000	0
br_inst_retired.near_call:u	705	200000	0
br_inst_retired.near_call:u	706	200000	0
br_inst_retired.near_call:u	707	200000	0
br_inst_retired.near_call:u	708	200000	0
br_inst_retired.near_call:u	709	200000	0
br_inst_retired.near_call:u	710	200000	0
br_inst_retired.near_call:u	711	200000	0
br_inst_retired.near_call:u	712	200000	0
br_inst_retired.near_call:u	713	200000	0
br_inst_retired.near_call:u	714	200000	0
br_inst_retired.near_call:u	715	200000	0
br_inst_retired.near_call:u	716	200000	0
br_inst_retired.near_call:u	717	200000	0
br_inst_retired.near_call:u	718	200000	0
br_inst_retired.near_call:u	719	200000	0
br_inst_retired.near_call:u	720	200000	0
br_inst_retired.near_call:u	721	200000	0
br_inst_retired.near_call:u	722	200000	0
br_inst_retired.near_call:u	723	200000	0
br_inst_retired.near_call:u	724	200000	0
br_inst_retired.near_call:u	725	200000	0
br_inst_retired.near_call:u	726	200000	0
br_inst_retired.near_call:u	727	200000	0
br_inst_retired.near_call:u	728	200000	0
br_inst_retired.near_call:u	729	200000	0
br_inst_retired.near_call:u	730	200000	0
br_inst_retired.near_call:u	731	200000	0
br_inst_retired.near_call:u	732	200000	0
br_inst_retired.near_call:u	733	200000	0
br_inst_retired.near_call:u	734	200000	0
br_inst_retired.near_call:u	735	200000	0
br_inst_retired.near_call:u	736	200000	0
br_inst_retired.near_call:u	737	200000	0
br_inst_retired.near_call:u	738	200000	0
br_inst_retired.near_call:u	739	200000	0
br_inst_retired.near_call:u	740	200000	0
br_inst_retired.near_call:u	741	200000	0
br_inst_retired.near_call:u	742	200000	0
br_inst_retired.near_call:u	743	200000	0
br_inst_retired.near_call:u	744	200000	0
br_inst_retired.near_call:u	745	200000	0
br_inst_retired.near_call:u	746	200000	0
br_inst_retired.near_call:u	747	200000	0
br_inst_retired.near_call:u	748	200000	0
br_inst_retired.near_call:u	749	200000	0
br_inst_retired.near_call:u	750	200000	0
br_inst_retired.near_call:u	751	200000	0
br_inst_retired.near_call:u	752	200000	0
br_inst_retired.near_call:u	753	200000	0
br_inst_retired.near_call:u	754	200000	0
br_inst_retired.near_call:u	755	200000	0
br_inst_retired.near_call:u	756	200000	0
br_inst_retired.near_call:u	757	200000	0
br_inst_retired.near_call:u	758	200000	0
br_inst_retired.near_call:u	759	200000	0
br_inst_retired.near_call:u	760	200000	0
br_inst_retired.near_call:u	761	200000	0
br_inst_retired.near_call:u	762	200000	0
br_inst_retired.near_call:u	763	200000	0
br_inst_retired.near_call:u	764	200000	0
br_inst_retired.near_call:u	765	200000	0
br_inst_retired.near_call:u	766	200000	0
br_inst_retired.near_call:u	767	200000	0
br_inst_retired.near_call:u	768	200000	0
br_inst_retired.near_call:u	769	200000	0
br_inst_retired.near_call:u	770	200000	0
br_inst_retired.near_call:u	771	200000	0
br_inst_retired.near_call:u	772	200000	0
br_inst_retired.near_call:u	773	200000	0
br_inst_retired.near_call:u	774	200000	0
br_inst_retired.near_call:u	775	200000	0
br_inst_retired.near_call:u	776	200000	0
br_inst_retired.near_call:u	777	200000	0
br_inst_retired.near_call:u	778	200000	0
br_inst_retired.near_call:u	779	200000	0
br_inst_retired.near_call:u	780	200000	0
br_inst_retired.near_call:u	781	200000	0
br_inst_retired.near_call:u	782	200000	0
br_inst_retired.near_call:u	783	200000	0
br_inst_retired.near_call:u	784	200000	0
br_inst_retired.near_call:u	785	200000	0
br_inst_retired.near_call:u	786	200000	0
br_inst_retired.near_call:u	787	200000	0
br_inst_retired.near_call:u	788	200000	0
br_inst_retired.near_call:u	789	200000	0
br_inst_retired.near_call:u	790	200000	0
br_inst_retired.near_call:u	791	200000	0
br_inst_retired.near_call:u	792	200000	0
br_inst_retired.near_call:u	793	200000	0
br_inst_retired.near_call:u	794	200000	0
br_inst_retired.near_call:u	795	200000	0
br_inst_retired.near_call:u	796	200000	0
br_inst_retired.near_call:u	797	200000	0
br_inst_retired.near_call:u	798	200000	0
br_inst_retired.near_call:u	799	200000	0
br_inst_retired.near_call:u	800	200000	0
br_inst_retired.near_call:u	801	200000	0
br_inst_retired.near_call:u	802	200000	0
br_inst_retired.near_call:u	803	200000	0
br_inst_retired.near_call:u	804	200000	0
br_inst_retired.near_call:u	805	200000	0
br_inst_retired.near_call:u	806	200000	0
br_inst_retired.near_call:u	807	200000	0
br_inst_retired.near_call:u	808	200000	0
br_inst_retired.near_call:u	809	200000	0
br_inst_retired.near_call:u	810	200000	0
br_inst_retired.near_call:u	811	200000	0
br_inst_retired.near_call:u	812	200000	0
br_inst_retired.near_call:u	813	200000	0
br_inst_retired.near_call:u	814	200000	0
br_inst_retired.near_call:u	815	200000	0
br_inst_retired.near_call:u	816	200000	0
br_inst_retired.near_call:u	817	200000	0
br_inst_retired.near_call:u	818	200000	0
br_inst_retired.near_call:u	819	200000	0
br_inst_retired.near_call:u	820	200000	0
br_inst_retired.near_call:u	821	200000	0
br_inst_retired.near_call:u	822	200000	0
br_inst_retired.near_call:u	823	200000	0
br_inst_retired.near_call:u	824	200000	0
br_inst_retired.near_call:u	825	200000	0
br_inst_retired.near_call:u	826	200000	0
br_inst_retired.near_call:u	827	200000	0
br_inst_retired.near_call:u	828	200000	0
br_inst_retired.near_call:u	829	200000	0
br_inst_retired.near_call:u	830	200000	0
br_inst_retired.near_call:u	831	200000	0
br_inst_retired.near_call:u	832	200000	0
br_inst_retired.near_call:u	833	200000	0
br_inst_retired.near_call:u	834	200000	0
br_inst_retired.near_call:u	835	200000	0
br_inst_retired.near_call:u	836	200000	0
br_inst_retired.near_call:u	837	200000	0
br_inst_retired.near_call:u	838	200000	0
br_inst_retired.near_call:u	839	200000	0
br_inst_retired.near_call:u	840	200000	0
br_inst_retired.near_call:u	841	200000	0
br_inst_retired.near_call:u	842	200000	0
br_inst_retired.near_call:u	843	200000	0
br_inst_retired.near_call:u	844	200000	0
br_inst_retired.near_call:u	845	200000	0
br_inst_retired.near_call:u	846	200000	0
br_inst_retired.near_call:u	847	200000	0
br_inst_retired.near_call:u	848	200000	0
br_inst_retired.near_call:u	849	200000	0
br_inst_retired.near_call:u	850	200000	0
br_inst_retired.near_call:u	851	200000	0
br_inst_retired.near_call:u	852	200000	0
br_inst_retired.near_call:u	853	200000	0
br_inst_retired.near_call:u	854	200000	0
br_inst_retired.near_call:u	855	200000	0
br_inst_retired.near_call:u	856	200000	0
br_inst_retired.near_call:u	857	200000	0
br_inst_retired.near_call:u	858	200000	0
br_inst_retired.near_call:u	859	200000	0
br_inst_retired.near_call:u	860	200000	0
br_inst_retired.near_call:u	861	200000	0
br_inst_retired.near_call:u	862	200000	0
br_inst_retired.near_call:u	863	200000	0
br_inst_retired.near_call:u	864	200000	0
br_inst_retired.near_call:u	865	200000	0
br_inst_retired.near_call:u	866	200000	0
br_inst_retired.near_call:u	867	200000	0
br_inst_retired.near_call:u	868	200000	0
br_inst_retired.near_call:u	869	200000	0
br_inst_retired.near_call:u	870	200000	0
br_inst_retired.near_call:u	871	200000	0
br_inst_retired.near_call:u	872	200000	0
br_inst_retired.near_call:u	873	200000	0
br_inst_retired.near_call:u	874	200000	0
br_inst_retired.near_call:u	875	200000	0
br_inst_retired.near_call:u	876	200000	0
br_inst_retired.near_call:u	877	200000	0
br_inst_retired.near_call:u	878	200000	0
br_inst_retired.near_call:u	879	200000	0
br_inst_retired.near_call:u	880	200000	0
br_inst_retired.near_call:u	881	200000	0
br_inst_retired.near_call:u	882	200000	0
br_inst_retired.near_call:u	883	200000	0
br_inst_retired.near_call:u	884	200000	0
br_inst_retired.near_call:u	885	200000	0
br_inst_retired.near_call:u	886	200000	0
br_inst_retired.near_call:u	887	200000	0
br_inst_retired.near_call:u	888	200000	0
br_inst_retired.near_call:u	889	200000	0
br_inst_retired.near_call:u	890	200000	0
br_inst_retired.near_call:u	891	200000	0
br_inst_retired.near_call:u	892	200000	0
br_inst_retired.near_call:u	893	200000	0
br_inst_retired.near_call:u	894	200000	0
br_inst_retired.near_call:u	895	200000	0
br_inst_retired.near_call:u	896	200000	0
br_inst_retired.near_call:u	897	200000	0
br_inst_retired.near_call:u	898	200000	0
br_inst_retired.near_call:u	899	200000	0
br_inst_retired.near_call:u	900	200000	0
br_inst_retired.near_call:u	901	200000	0
br_inst_retired.near_call:u	902	200000	0
br_inst_retired.near_call:u	903	200000	0
br_inst_retired.near_call:u	904	200000	0
br_inst_retired.near_call:u	905	200000	0
br_inst_retired.near_call:u	906	200000	0
br_inst_retired.near_call:u	907	200000	0
br_inst_retired.near_call:u	908	200000	0
br_inst_retired.near_call:u	909	200000	0
br_inst_retired.near_call:u	910	200000	0
br_inst_retired.near_call:u	911	200000	0
br_inst_retired.near_call:u	912	200000	0
br_inst_retired.near_call:u	913	200000	0
br_inst_retired.near_call:u	914	200000	0
br_inst_retired.near_call:u	915	200000	0
br_inst_retired.near_call:u	916	200000	0
br_inst_retired.near_call:u	917	200000	0
br_inst_retired.near_call:u	918	200000	0
br_inst_retired.near_call:u	919	200000	0
br_inst_retired.near_call:u	920	200000	0
br_inst_retired.near_call:u	921	200000	0
br_inst_retired.near_call:u	922	200000	0
br_inst_retired.near_call:u	923	200000	0
br_inst_retired.near_call:u	924	200000	0
br_inst_retired.near_call:u	925	200000	0
br_inst_retired.near_call:u	926	200000	0
br_inst_retired.near_call:u	927	200000	0
br_inst_retired.near_call:u	928	200000	0
br_inst_retired.near_call:u	929	200000	0
br_inst_retired.near_call:u	930	200000	0
br_inst_retired.near_call:u	931	200000	0
br_inst_retired.near_call:u	932	200000	0
br_inst_retired.near_call:u	933	200000	0
br_inst_retired.near_call:u	934	200000	0
br_inst_retired.near_call:u	935	200000	0
br_inst_retired.near_call:u	936	200000	0
br_inst_retired.near_call:u	937	200000	0
br_inst_retired.near_call:u	938	200000	0
br_inst_retired.near_call:u	939	200000	0
br_inst_retired.near_call:u	940	200000	0
br_inst_retired.near_call:u	941	200000	0
br_inst_retired.near_call:u	942	200000	0
br_inst_retired.near_call:u	943	200000	0
br_inst_retired.near_call:u	944	200000	0
br_inst_retired.near_call:u	945	200000	0
br_inst_retired.near_call:u	946	200000	0
br_inst_retired.near_call:u	947	200000	0
br_inst_retired.near_call:u	948	200000	0
br_inst_retired.near_call:u	949	200000	0
br_inst_retired.near_call:u	950	200000	0
br_inst_retired.near_call:u	951	200000	0
br_inst_retired.near_call:u	952	200000	0
br_inst_retired.near_call:u	953	200000	0
br_inst_retired.near_call:u	954	200000	0
br_inst_retired.near_call:u	955	200000	0
br_inst_retired.near_call:u	956	200000	0
br_inst_retired.near_call:u	957	200000	0
br_inst_retired.near_call:u	958	200000	0
br_inst_retired.near_call:u	959	200000	0
br_inst_retired.near_call:u	960	200000	0
br_inst_retired.near_call:u	961	200000	0
br_inst_retired.near_call:u	962	200000	0
br_inst_retired.near_call:u	963	200000	0
br_inst_retired.near_call:u	964	200000	0
br_inst_retired.near_call:u	965	200000	0
br_inst_retired.near_call:u	966	200000	0
br_inst_retired.near_call:u	967	200000	0
br_inst_retired.near_call:u	968	200000	0
br_inst_retired.near_call:u	969	200000	0
br_inst_retired.near_call:u	970	200000	0
br_inst_retired.near_call:u	971	200000	0
br_inst_retired.near_call:u	972	200000	0
br_inst_retired.near_call:u	973	200000	0
br_inst_retired.near_call:u	974	200000	0
br_inst_retired.near_call:u	975	200000	0
br_inst_retired.near_call:u	976	200000	0
br_inst_retired.near_call:u	977	200000	0
br_inst_retired.near_call:u	978	200000	0
br_inst_retired.near_call:u	979	200000	0
br_inst_retired.near_call:u	980	200000	0
br_inst_retired.near_call:u	981	200000	0
br_inst_retired.near_call:u	982	200000	0
br_inst_retired.near_call:u	983	200000	0
br_inst_retired.near_call:u	984	200000	0
br_inst_retired.near_call:u	985	200000	0
br_inst_retired.near_call:u	986	200000	0
br_inst_retired.near_call:u	987	200000	0
br_inst_retired.near_call:u	988	200000	0
br_inst_retired.near_call:u	989	200000	0
br_inst_retired.near_call:u	990	200000	0
br_inst_retired.near_call:u	991	200000	0
br_inst_retired.near_call:u	992	200000	0
br_inst_retired.near_call:u	993	200000	0
br_inst_retired.near_call:u	994	200000	0
br_inst_retired.near_call:u	995	200000	0
br_inst_retired.near_call:u	996	200000	0
br_inst_retired.near_call:u	997	200000	0
br_inst_retired.near_call:u	998	200000	0
br_inst_retired.near_call:u	999	200000	0
br_inst_retired.near_call:u	1000	200000	0
cpu_clk_unhalted.thread_any:u	1	7626832930	0
cpu_clk_unhalted.thread_any:u	2	7665647438	0
inst_retired.any_p:u	1	227003183	0
inst_retired.any_p:u	2	227003188	0
resource_stalls.sb:u	1	6901208	0
resource_stalls.sb:u	2	6917698	0
uops_executed.cycles_ge_2_uops_exec:u	1	3302062259	0
uops_executed.cycles_ge_2_uops_exec:u	2	3297534508	0
dtlb_load_misses.walk_completed_2m_4m:u	1	0	0
dtlb_load_misses.walk_completed_2m_4m:u	2	0	0
dtlb_load_misses.walk_completed_2m_4m:u	3	0	0
dtlb_load_misses.walk_completed_2m_4m:u	4	0	0
dtlb_load_misses.walk_completed_2m_4m:u	5	0	0
dtlb_load_misses.walk_completed_2m_4m:u	6	0	0
dtlb_load_misses.walk_completed_2m_4m:u	7	0	0
dtlb_load_misses.walk_completed_2m_4m:u	8	0	0
dtlb_load_misses.walk_completed_2m_4m:u	9	0	0
dtlb_load_misses.walk_completed_2m_4m:u	10	0	0
dtlb_load_misses.walk_completed_2m_4m:u	11	0	0
dtlb_load_misses.walk_completed_2m_4m:u	12	0	0
dtlb_load_misses.walk_completed_2m_4m:u	13	0	0
dtlb_load_misses.walk_completed_2m_4m:u	14	0	0
dtlb_load_misses.walk_completed_2m_4m:u	15	0	0
dtlb_load_misses.walk_completed_2m_4m:u	16	0	0
dtlb_load_misses.walk_completed_2m_4m:u	17	0	0
dtlb_load_misses.walk_completed_2m_4m:u	18	0	0
dtlb_load_misses.walk_completed_2m_4m:u	19	0	0
dtlb_load_misses.walk_completed_2m_4m:u	20	0	0
dtlb_load_misses.walk_completed_2m_4m:u	21	0	0
dtlb_load_misses.walk_completed_2m_4m:u	22	0	0
dtlb_load_misses.walk_completed_2m_4m:u	23	0	0
dtlb_load_misses.walk_completed_2m_4m:u	24	0	0
dtlb_load_misses.walk_completed_2m_4m:u	25	0	0
dtlb_load_misses.walk_completed_2m_4m:u	26	0	0
dtlb_load_misses.walk_completed_2m_4m:u	27	0	0
dtlb_load_misses.walk_completed_2m_4m:u	28	0	0
dtlb_load_misses.walk_completed_2m_4m:u	29	0	0
dtlb_load_misses.walk_completed_2m_4m:u	30	0	0
dtlb_load_misses.walk_completed_2m_4m:u	31	0	0
dtlb_load_misses.walk_completed_2m_4m:u	32	0	0
dtlb_load_misses.walk_completed_2m_4m:u	33	0	0
dtlb_load_misses.walk_completed_2m_4m:u	34	0	0
dtlb_load_misses.walk_completed_2m_4m:u	35	0	0
dtlb_load_misses.walk_completed_2m_4m:u	36	0	0
dtlb_load_misses.walk_completed_2m_4m:u	37	0	0
dtlb_load_misses.walk_completed_2m_4m:u	38	0	0
dtlb_load_misses.walk_completed_2m_4m:u	39	0	0
dtlb_load_misses.walk_completed_2m_4m:u	40	0	0
dtlb_load_misses.walk_completed_2m_4m:u	41	0	0
dtlb_load_misses.walk_completed_2m_4m:u	42	0	0
dtlb_load_misses.walk_completed_2m_4m:u	43	0	0
dtlb_load_misses.walk_completed_2m_4m:u	44	0	0
dtlb_load_misses.walk_completed_2m_4m:u	45	0	0
dtlb_load_misses.walk_completed_2m_4m:u	46	0	0
dtlb_load_misses.walk_completed_2m_4m:u	47	0	0
dtlb_load_misses.walk_completed_2m_4m:u	48	0	0
dtlb_load_misses.walk_completed_2m_4m:u	49	0	0
dtlb_load_misses.walk_completed_2m_4m:u	50	0	0
dtlb_load_misses.walk_completed_2m_4m:u	51	0	0
dtlb_load_misses.walk_completed_2m_4m:u	52	0	0
dtlb_load_misses.walk_completed_2m_4m:u	53	0	0
dtlb_load_misses.walk_completed_2m_4m:u	54	0	0
dtlb_load_misses.walk_completed_2m_4m:u	55	0	0
dtlb_load_misses.walk_completed_2m_4m:u	56	0	0
dtlb_load_misses.walk_completed_2m_4m:u	57	0	0
dtlb_load_misses.walk_completed_2m_4m:u	58	0	0
dtlb_load_misses.walk_completed_2m_4m:u	59	0	0
dtlb_load_misses.walk_completed_2m_4m:u	60	0	0
dtlb_load_misses.walk_completed_2m_4m:u	61	0	0
dtlb_load_misses.walk_completed_2m_4m:u	62	0	0
dtlb_load_misses.walk_completed_2m_4m:u	63	0	0
dtlb_load_misses.walk_completed_2m_4m:u	64	0	0
dtlb_load_misses.walk_completed_2m_4m:u	65	0	0
dtlb_load_misses.walk_completed_2m_4m:u	66	0	0
dtlb_load_misses.walk_completed_2m_4m:u	67	0	0
dtlb_load_misses.walk_completed_2m_4m:u	68	0	0
dtlb_load_misses.walk_completed_2m_4m:u	69	0	0
dtlb_load_misses.walk_completed_2m_4m:u	70	0	0
dtlb_load_misses.walk_completed_2m_4m:u	71	0	0
dtlb_load_misses.walk_completed_2m_4m:u	72	0	0
dtlb_load_misses.walk_completed_2m_4m:u	73	0	0
dtlb_load_misses.walk_completed_2m_4m:u	74	0	0
dtlb_load_misses.walk_completed_2m_4m:u	75	0	0
dtlb_load_misses.walk_completed_2m_4m:u	76	0	0
dtlb_load_misses.walk_completed_2m_4m:u	77	0	0
dtlb_load_misses.walk_completed_2m_4m:u	78	0	0
dtlb_load_misses.walk_completed_2m_4m:u	79	0	0
dtlb_load_misses.walk_completed_2m_4m:u	80	0	0
dtlb_load_misses.walk_completed_2m_4m:u	81	0	0
dtlb_load_misses.walk_completed_2m_4m:u	82	0	0
dtlb_load_misses.walk_completed_2m_4m:u	83	0	0
dtlb_load_misses.walk_completed_2m_4m:u	84	0	0
dtlb_load_misses.walk_completed_2m_4m:u	85	0	0
dtlb_load_misses.walk_completed_2m_4m:u	86	0	0
dtlb_load_misses.walk_completed_2m_4m:u	87	0	0
dtlb_load_misses.walk_completed_2m_4m:u	88	0	0
dtlb_load_misses.walk_completed_2m_4m:u	89	0	0
dtlb_load_misses.walk_completed_2m_4m:u	90	0	0
dtlb_load_misses.walk_completed_2m_4m:u	91	0	0
dtlb_load_misses.walk_completed_2m_4m:u	92	0	0
dtlb_load_misses.walk_completed_2m_4m:u	93	0	0
dtlb_load_misses.walk_completed_2m_4m:u	94	0	0
dtlb_load_misses.walk_completed_2m_4m:u	95	0	0
dtlb_load_misses.walk_completed_2m_4m:u	96	0	0
dtlb_load_misses.walk_completed_2m_4m:u	97	0	0
dtlb_load_misses.walk_completed_2m_4m:u	98	0	0
dtlb_load_misses.walk_completed_2m_4m:u	99	0	0
dtlb_load_misses.walk_completed_2m_4m:u	100	0	0
dtlb_load_misses.walk_completed_2m_4m:u	101	0	0
dtlb_load_misses.walk_completed_2m_4m:u	102	0	0
dtlb_load_misses.walk_completed_2m_4m:u	103	0	0
dtlb_load_misses.walk_completed_2m_4m:u	104	0	0
dtlb_load_misses.walk_completed_2m_4m:u	105	0	0
dtlb_load_misses.walk_completed_2m_4m:u	106	0	0
dtlb_load_misses.walk_completed_2m_4m:u	107	0	0
dtlb_load_misses.walk_completed_2m_4m:u	108	0	0
dtlb_load_misses.walk_completed_2m_4m:u	109	0	0
dtlb_load_misses.walk_completed_2m_4m:u	110	0	0
dtlb_load_misses.walk_completed_2m_4m:u	111	0	0
dtlb_load_misses.walk_completed_2m_4m:u	112	0	0
dtlb_load_misses.walk_completed_2m_4m:u	113	0	0
dtlb_load_misses.walk_completed_2m_4m:u	114	0	0
dtlb_load_misses.walk_completed_2m_4m:u	115	0	0
dtlb_load_misses.walk_completed_2m_4m:u	116	0	0
dtlb_load_misses.walk_completed_2m_4m:u	117	0	0
dtlb_load_misses.walk_completed_2m_4m:u	118	0	0
dtlb_load_misses.walk_completed_2m_4m:u	119	0	0
dtlb_load_misses.walk_completed_2m_4m:u	120	0	0
dtlb_load_misses.walk_completed_2m_4m:u	121	0	0
dtlb_load_misses.walk_completed_2m_4m:u	122	0	0
dtlb_load_misses.walk_completed_2m_4m:u	123	0	0
dtlb_load_misses.walk_completed_2m_4m:u	124	0	0
dtlb_load_misses.walk_completed_2m_4m:u	125	0	0
dtlb_load_misses.walk_completed_2m_4m:u	126	0	0
dtlb_load_misses.walk_completed_2m_4m:u	127	0	0
dtlb_load_misses.walk_completed_2m_4m:u	128	0	0
dtlb_load_misses.walk_completed_2m_4m:u	129	0	0
dtlb_load_misses.walk_completed_2m_4m:u	130	0	0
dtlb_load_misses.walk_completed_2m_4m:u	131	0	0
dtlb_load_misses.walk_completed_2m_4m:u	132	0	0
dtlb_load_misses.walk_completed_2m_4m:u	133	0	0
dtlb_load_misses.walk_completed_2m_4m:u	134	0	0
dtlb_load_misses.walk_completed_2m_4m:u	135	0	0
dtlb_load_misses.walk_completed_2m_4m:u	136	0	0
dtlb_load_misses.walk_completed_2m_4m:u	137	0	0
dtlb_load_misses.walk_completed_2m_4m:u	138	0	0
dtlb_load_misses.walk_completed_2m_4m:u	139	0	0
dtlb_load_misses.walk_completed_2m_4m:u	140	0	0
dtlb_load_misses.walk_completed_2m_4m:u	141	0	0
dtlb_load_misses.walk_completed_2m_4m:u	142	0	0
dtlb_load_misses.walk_completed_2m_4m:u	143	0	0
dtlb_load_misses.walk_completed_2m_4m:u	144	0	0
dtlb_load_misses.walk_completed_2m_4m:u	145	0	0
dtlb_load_misses.walk_completed_2m_4m:u	146	0	0
dtlb_load_misses.walk_completed_2m_4m:u	147	0	0
dtlb_load_misses.walk_completed_2m_4m:u	148	0	0
dtlb_load_misses.walk_completed_2m_4m:u	149	0	0
dtlb_load_misses.walk_completed_2m_4m:u	150	0	0
dtlb_load_misses.walk_completed_2m_4m:u	151	0	0
dtlb_load_misses.walk_completed_2m_4m:u	152	0	0
dtlb_load_misses.walk_completed_2m_4m:u	153	0	0
dtlb_load_misses.walk_completed_2m_4m:u	154	0	0
dtlb_load_misses.walk_completed_2m_4m:u	155	0	0
dtlb_load_misses.walk_completed_2m_4m:u	156	0	0
dtlb_load_misses.walk_completed_2m_4m:u	157	0	0
dtlb_load_misses.walk_completed_2m_4m:u	158	0	0
dtlb_load_misses.walk_completed_2m_4m:u	159	0	0
dtlb_load_misses.walk_completed_2m_4m:u	160	0	0
dtlb_load_misses.walk_completed_2m_4m:u	161	0	0
dtlb_load_misses.walk_completed_2m_4m:u	162	0	0
dtlb_load_misses.walk_completed_2m_4m:u	163	0	0
dtlb_load_misses.walk_completed_2m_4m:u	164	0	0
dtlb_load_misses.walk_completed_2m_4m:u	165	0	0
dtlb_load_misses.walk_completed_2m_4m:u	166	0	0
dtlb_load_misses.walk_completed_2m_4m:u	167	0	0
dtlb_load_misses.walk_completed_2m_4m:u	168	0	0
dtlb_load_misses.walk_completed_2m_4m:u	169	0	0
dtlb_load_misses.walk_completed_2m_4m:u	170	0	0
dtlb_load_misses.walk_completed_2m_4m:u	171	0	0
dtlb_load_misses.walk_completed_2m_4m:u	172	0	0
dtlb_load_misses.walk_completed_2m_4m:u	173	0	0
dtlb_load_misses.walk_completed_2m_4m:u	174	0	0
dtlb_load_misses.walk_completed_2m_4m:u	175	0	0
dtlb_load_misses.walk_completed_2m_4m:u	176	0	0
dtlb_load_misses.walk_completed_2m_4m:u	177	0	0
dtlb_load_misses.walk_completed_2m_4m:u	178	0	0
dtlb_load_misses.walk_completed_2m_4m:u	179	0	0
dtlb_load_misses.walk_completed_2m_4m:u	180	0	0
dtlb_load_misses.walk_completed_2m_4m:u	181	0	0
dtlb_load_misses.walk_completed_2m_4m:u	182	0	0
dtlb_load_misses.walk_completed_2m_4m:u	183	0	0
dtlb_load_misses.walk_completed_2m_4m:u	184	0	0
dtlb_load_misses.walk_completed_2m_4m:u	185	0	0
dtlb_load_misses.walk_completed_2m_4m:u	186	0	0
dtlb_load_misses.walk_completed_2m_4m:u	187	0	0
dtlb_load_misses.walk_completed_2m_4m:u	188	0	0
dtlb_load_misses.walk_completed_2m_4m:u	189	0	0
dtlb_load_misses.walk_completed_2m_4m:u	190	0	0
dtlb_load_misses.walk_completed_2m_4m:u	191	0	0
dtlb_load_misses.walk_completed_2m_4m:u	192	0	0
dtlb_load_misses.walk_completed_2m_4m:u	193	0	0
dtlb_load_misses.walk_completed_2m_4m:u	194	0	0
dtlb_load_misses.walk_completed_2m_4m:u	195	0	0
dtlb_load_misses.walk_completed_2m_4m:u	196	0	0
dtlb_load_misses.walk_completed_2m_4m:u	197	0	0
dtlb_load_misses.walk_completed_2m_4m:u	198	0	0
dtlb_load_misses.walk_completed_2m_4m:u	199	0	0
dtlb_load_misses.walk_completed_2m_4m:u	200	0	0
dtlb_load_misses.walk_completed_2m_4m:u	201	0	0
dtlb_load_misses.walk_completed_2m_4m:u	202	0	0
dtlb_load_misses.walk_completed_2m_4m:u	203	0	0
dtlb_load_misses.walk_completed_2m_4m:u	204	0	0
dtlb_load_misses.walk_completed_2m_4m:u	205	0	0
dtlb_load_misses.walk_completed_2m_4m:u	206	0	0
dtlb_load_misses.walk_completed_2m_4m:u	207	0	0
dtlb_load_misses.walk_completed_2m_4m:u	208	0	0
dtlb_load_misses.walk_completed_2m_4m:u	209	0	0
dtlb_load_misses.walk_completed_2m_4m:u	210	0	0
dtlb_load_misses.walk_completed_2m_4m:u	211	0	0
dtlb_load_misses.walk_completed_2m_4m:u	212	0	0
dtlb_load_misses.walk_completed_2m_4m:u	213	0	0
dtlb_load_misses.walk_completed_2m_4m:u	214	0	0
dtlb_load_misses.walk_completed_2m_4m:u	215	0	0
dtlb_load_misses.walk_completed_2m_4m:u	216	0	0
dtlb_load_misses.walk_completed_2m_4m:u	217	0	0
dtlb_load_misses.walk_completed_2m_4m:u	218	0	0
dtlb_load_misses.walk_completed_2m_4m:u	219	0	0
dtlb_load_misses.walk_completed_2m_4m:u	220	0	0
dtlb_load_misses.walk_completed_2m_4m:u	221	0	0
dtlb_load_misses.walk_completed_2m_4m:u	222	0	0
dtlb_load_misses.walk_completed_2m_4m:u	223	0	0
dtlb_load_misses.walk_completed_2m_4m:u	224	0	0
dtlb_load_misses.walk_completed_2m_4m:u	225	0	0
dtlb_load_misses.walk_completed_2m_4m:u	226	0	0
dtlb_load_misses.walk_completed_2m_4m:u	227	0	0
dtlb_load_misses.walk_completed_2m_4m:u	228	0	0
dtlb_load_misses.walk_completed_2m_4m:u	229	0	0
dtlb_load_misses.walk_completed_2m_4m:u	230	0	0
dtlb_load_misses.walk_completed_2m_4m:u	231	0	0
dtlb_load_misses.walk_completed_2m_4m:u	232	0	0
dtlb_load_misses.walk_completed_2m_4m:u	233	0	0
dtlb_load_misses.walk_completed_2m_4m:u	234	0	0
dtlb_load_misses.walk_completed_2m_4m:u	235	0	0
dtlb_load_misses.walk_completed_2m_4m:u	236	0	0
dtlb_load_misses.walk_completed_2m_4m:u	237	0	0
dtlb_load_misses.walk_completed_2m_4m:u	238	0	0
dtlb_load_misses.walk_completed_2m_4m:u	239	0	0
dtlb_load_misses.walk_completed_2m_4m:u	240	0	0
dtlb_load_misses.walk_completed_2m_4m:u	241	0	0
dtlb_load_misses.walk_completed_2m_4m:u	242	0	0
dtlb_load_misses.walk_completed_2m_4m:u	243	0	0
dtlb_load_misses.walk_completed_2m_4m:u	244	0	0
dtlb_load_misses.walk_completed_2m_4m:u	245	0	0
dtlb_load_misses.walk_completed_2m_4m:u	246	0	0
dtlb_load_misses.walk_completed_2m_4m:u	247	0	0
dtlb_load_misses.walk_completed_2m_4m:u	248	0	0
dtlb_load_misses.walk_completed_2m_4m:u	249	0	0
dtlb_load_misses.walk_completed_2m_4m:u	250	0	0
dtlb_load_misses.walk_completed_2m_4m:u	251	0	0
dtlb_load_misses.walk_completed_2m_4m:u	252	0	0
dtlb_load_misses.walk_completed_2m_4m:u	253	0	0
dtlb_load_misses.walk_completed_2m_4m:u	254	0	0
dtlb_load_misses.walk_completed_2m_4m:u	255	0	0
dtlb_load_misses.walk_completed_2m_4m:u	256	0	0
dtlb_load_misses.walk_completed_2m_4m:u	257	0	0
dtlb_load_misses.walk_completed_2m_4m:u	258	0	0
dtlb_load_misses.walk_completed_2m_4m:u	259	0	0
dtlb_load_misses.walk_completed_2m_4m:u	260	0	0
dtlb_load_misses.walk_completed_2m_4m:u	261	0	0
dtlb_load_misses.walk_completed_2m_4m:u	262	0	0
dtlb_load_misses.walk_completed_2m_4m:u	263	0	0
dtlb_load_misses.walk_completed_2m_4m:u	264	0	0
dtlb_load_misses.walk_completed_2m_4m:u	265	0	0
dtlb_load_misses.walk_completed_2m_4m:u	266	0	0
dtlb_load_misses.walk_completed_2m_4m:u	267	0	0
dtlb_load_misses.walk_completed_2m_4m:u	268	0	0
dtlb_load_misses.walk_completed_2m_4m:u	269	0	0
dtlb_load_misses.walk_completed_2m_4m:u	270	0	0
dtlb_load_misses.walk_completed_2m_4m:u	271	0	0
dtlb_load_misses.walk_completed_2m_4m:u	272	0	0
dtlb_load_misses.walk_completed_2m_4m:u	273	0	0
dtlb_load_misses.walk_completed_2m_4m:u	274	0	0
dtlb_load_misses.walk_completed_2m_4m:u	275	0	0
dtlb_load_misses.walk_completed_2m_4m:u	276	0	0
dtlb_load_misses.walk_completed_2m_4m:u	277	0	0
dtlb_load_misses.walk_completed_2m_4m:u	278	0	0
dtlb_load_misses.walk_completed_2m_4m:u	279	0	0
dtlb_load_misses.walk_completed_2m_4m:u	280	0	0
dtlb_load_misses.walk_completed_2m_4m:u	281	0	0
dtlb_load_misses.walk_completed_2m_4m:u	282	0	0
dtlb_load_misses.walk_completed_2m_4m:u	283	0	0
dtlb_load_misses.walk_completed_2m_4m:u	284	0	0
dtlb_load_misses.walk_completed_2m_4m:u	285	0	0
dtlb_load_misses.walk_completed_2m_4m:u	286	0	0
dtlb_load_misses.walk_completed_2m_4m:u	287	0	0
dtlb_load_misses.walk_completed_2m_4m:u	288	0	0
dtlb_load_misses.walk_completed_2m_4m:u	289	0	0
dtlb_load_misses.walk_completed_2m_4m:u	290	0	0
dtlb_load_misses.walk_completed_2m_4m:u	291	0	0
dtlb_load_misses.walk_completed_2m_4m:u	292	0	0
dtlb_load_misses.walk_completed_2m_4m:u	293	0	0
dtlb_load_misses.walk_completed_2m_4m:u	294	0	0
dtlb_load_misses.walk_completed_2m_4m:u	295	0	0
dtlb_load_misses.walk_completed_2m_4m:u	296	0	0
dtlb_load_misses.walk_completed_2m_4m:u	297	0	0
dtlb_load_misses.walk_completed_2m_4m:u	298	0	0
dtlb_load_misses.walk_completed_2m_4m:u	299	0	0
dtlb_load_misses.walk_completed_2m_4m:u	300	0	0
dtlb_load_misses.walk_completed_2m_4m:u	301	0	0
dtlb_load_misses.walk_completed_2m_4m:u	302	0	0
dtlb_load_misses.walk_completed_2m_4m:u	303	0	0
dtlb_load_misses.walk_completed_2m_4m:u	304	0	0
dtlb_load_misses.walk_completed_2m_4m:u	305	0	0
dtlb_load_misses.walk_completed_2m_4m:u	306	0	0
dtlb_load_misses.walk_completed_2m_4m:u	307	0	0
dtlb_load_misses.walk_completed_2m_4m:u	308	0	0
dtlb_load_misses.walk_completed_2m_4m:u	309	0	0
dtlb_load_misses.walk_completed_2m_4m:u	310	0	0
dtlb_load_misses.walk_completed_2m_4m:u	311	0	0
dtlb_load_misses.walk_completed_2m_4m:u	312	0	0
dtlb_load_misses.walk_completed_2m_4m:u	313	0	0
dtlb_load_misses.walk_completed_2m_4m:u	314	0	0
dtlb_load_misses.walk_completed_2m_4m:u	315	0	0
dtlb_load_misses.walk_completed_2m_4m:u	316	0	0
dtlb_load_misses.walk_completed_2m_4m:u	317	0	0
dtlb_load_misses.walk_completed_2m_4m:u	318	0	0
dtlb_load_misses.walk_completed_2m_4m:u	319	0	0
dtlb_load_misses.walk_completed_2m_4m:u	320	0	0
dtlb_load_misses.walk_completed_2m_4m:u	321	0	0
dtlb_load_misses.walk_completed_2m_4m:u	322	0	0
dtlb_load_misses.walk_completed_2m_4m:u	323	0	0
dtlb_load_misses.walk_completed_2m_4m:u	324	0	0
dtlb_load_misses.walk_completed_2m_4m:u	325	0	0
dtlb_load_misses.walk_completed_2m_4m:u	326	0	0
dtlb_load_misses.walk_completed_2m_4m:u	327	0	0
dtlb_load_misses.walk_completed_2m_4m:u	328	0	0
dtlb_load_misses.walk_completed_2m_4m:u	329	0	0
dtlb_load_misses.walk_completed_2m_4m:u	330	0	0
dtlb_load_misses.walk_completed_2m_4m:u	331	0	0
dtlb_load_misses.walk_completed_2m_4m:u	332	0	0
dtlb_load_misses.walk_completed_2m_4m:u	333	0	0
dtlb_load_misses.walk_completed_2m_4m:u	334	0	0
dtlb_load_misses.walk_completed_2m_4m:u	335	0	0
dtlb_load_misses.walk_completed_2m_4m:u	336	0	0
dtlb_load_misses.walk_completed_2m_4m:u	337	0	0
dtlb_load_misses.walk_completed_2m_4m:u	338	0	0
dtlb_load_misses.walk_completed_2m_4m:u	339	0	0
dtlb_load_misses.walk_completed_2m_4m:u	340	0	0
dtlb_load_misses.walk_completed_2m_4m:u	341	0	0
dtlb_load_misses.walk_completed_2m_4m:u	342	0	0
dtlb_load_misses.walk_completed_2m_4m:u	343	0	0
dtlb_load_misses.walk_completed_2m_4m:u	344	0	0
dtlb_load_misses.walk_completed_2m_4m:u	345	0	0
dtlb_load_misses.walk_completed_2m_4m:u	346	0	0
dtlb_load_misses.walk_completed_2m_4m:u	347	0	0
dtlb_load_misses.walk_completed_2m_4m:u	348	0	0
dtlb_load_misses.walk_completed_2m_4m:u	349	0	0
dtlb_load_misses.walk_completed_2m_4m:u	350	0	0
dtlb_load_misses.walk_completed_2m_4m:u	351	0	0
dtlb_load_misses.walk_completed_2m_4m:u	352	0	0
dtlb_load_misses.walk_completed_2m_4m:u	353	0	0
dtlb_load_misses.walk_completed_2m_4m:u	354	0	0
dtlb_load_misses.walk_completed_2m_4m:u	355	0	0
dtlb_load_misses.walk_completed_2m_4m:u	356	0	0
dtlb_load_misses.walk_completed_2m_4m:u	357	0	0
dtlb_load_misses.walk_completed_2m_4m:u	358	0	0
dtlb_load_misses.walk_completed_2m_4m:u	359	0	0
dtlb_load_misses.walk_completed_2m_4m:u	360	0	0
dtlb_load_misses.walk_completed_2m_4m:u	361	0	0
dtlb_load_misses.walk_completed_2m_4m:u	362	0	0
dtlb_load_misses.walk_completed_2m_4m:u	363	0	0
dtlb_load_misses.walk_completed_2m_4m:u	364	0	0
dtlb_load_misses.walk_completed_2m_4m:u	365	0	0
dtlb_load_misses.walk_completed_2m_4m:u	366	0	0
dtlb_load_misses.walk_completed_2m_4m:u	367	0	0
dtlb_load_misses.walk_completed_2m_4m:u	368	0	0
dtlb_load_misses.walk_completed_2m_4m:u	369	0	0
dtlb_load_misses.walk_completed_2m_4m:u	370	0	0
dtlb_load_misses.walk_completed_2m_4m:u	371	0	0
dtlb_load_misses.walk_completed_2m_4m:u	372	0	0
dtlb_load_misses.walk_completed_2m_4m:u	373	0	0
dtlb_load_misses.walk_completed_2m_4m:u	374	0	0
dtlb_load_misses.walk_completed_2m_4m:u	375	0	0
dtlb_load_misses.walk_completed_2m_4m:u	376	0	0
dtlb_load_misses.walk_completed_2m_4m:u	377	0	0
dtlb_load_misses.walk_completed_2m_4m:u	378	0	0
dtlb_load_misses.walk_completed_2m_4m:u	379	0	0
dtlb_load_misses.walk_completed_2m_4m:u	380	0	0
dtlb_load_misses.walk_completed_2m_4m:u	381	0	0
dtlb_load_misses.walk_completed_2m_4m:u	382	0	0
dtlb_load_misses.walk_completed_2m_4m:u	383	0	0
dtlb_load_misses.walk_completed_2m_4m:u	384	0	0
dtlb_load_misses.walk_completed_2m_4m:u	385	0	0
dtlb_load_misses.walk_completed_2m_4m:u	386	0	0
dtlb_load_misses.walk_completed_2m_4m:u	387	0	0
dtlb_load_misses.walk_completed_2m_4m:u	388	0	0
dtlb_load_misses.walk_completed_2m_4m:u	389	0	0
dtlb_load_misses.walk_completed_2m_4m:u	390	0	0
dtlb_load_misses.walk_completed_2m_4m:u	391	0	0
dtlb_load_misses.walk_completed_2m_4m:u	392	0	0
dtlb_load_misses.walk_completed_2m_4m:u	393	0	0
dtlb_load_misses.walk_completed_2m_4m:u	394	0	0
dtlb_load_misses.walk_completed_2m_4m:u	395	0	0
dtlb_load_misses.walk_completed_2m_4m:u	396	0	0
dtlb_load_misses.walk_completed_2m_4m:u	397	0	0
dtlb_load_misses.walk_completed_2m_4m:u	398	0	0
dtlb_load_misses.walk_completed_2m_4m:u	399	0	0
dtlb_load_misses.walk_completed_2m_4m:u	400	0	0
dtlb_load_misses.walk_completed_2m_4m:u	401	0	0
dtlb_load_misses.walk_completed_2m_4m:u	402	0	0
dtlb_load_misses.walk_completed_2m_4m:u	403	0	0
dtlb_load_misses.walk_completed_2m_4m:u	404	0	0
dtlb_load_misses.walk_completed_2m_4m:u	405	0	0
dtlb_load_misses.walk_completed_2m_4m:u	406	0	0
dtlb_load_misses.walk_completed_2m_4m:u	407	0	0
dtlb_load_misses.walk_completed_2m_4m:u	408	0	0
dtlb_load_misses.walk_completed_2m_4m:u	409	0	0
dtlb_load_misses.walk_completed_2m_4m:u	410	0	0
dtlb_load_misses.walk_completed_2m_4m:u	411	0	0
dtlb_load_misses.walk_completed_2m_4m:u	412	0	0
dtlb_load_misses.walk_completed_2m_4m:u	413	0	0
dtlb_load_misses.walk_completed_2m_4m:u	414	0	0
dtlb_load_misses.walk_completed_2m_4m:u	415	0	0
dtlb_load_misses.walk_completed_2m_4m:u	416	0	0
dtlb_load_misses.walk_completed_2m_4m:u	417	0	0
dtlb_load_misses.walk_completed_2m_4m:u	418	0	0
dtlb_load_misses.walk_completed_2m_4m:u	419	0	0
dtlb_load_misses.walk_completed_2m_4m:u	420	0	0
dtlb_load_misses.walk_completed_2m_4m:u	421	0	0
dtlb_load_misses.walk_completed_2m_4m:u	422	0	0
dtlb_load_misses.walk_completed_2m_4m:u	423	0	0
dtlb_load_misses.walk_completed_2m_4m:u	424	0	0
dtlb_load_misses.walk_completed_2m_4m:u	425	0	0
dtlb_load_misses.walk_completed_2m_4m:u	426	0	0
dtlb_load_misses.walk_completed_2m_4m:u	427	0	0
dtlb_load_misses.walk_completed_2m_4m:u	428	0	0
dtlb_load_misses.walk_completed_2m_4m:u	429	0	0
dtlb_load_misses.walk_completed_2m_4m:u	430	0	0
dtlb_load_misses.walk_completed_2m_4m:u	431	0	0
dtlb_load_misses.walk_completed_2m_4m:u	432	0	0
dtlb_load_misses.walk_completed_2m_4m:u	433	0	0
dtlb_load_misses.walk_completed_2m_4m:u	434	0	0
dtlb_load_misses.walk_completed_2m_4m:u	435	0	0
dtlb_load_misses.walk_completed_2m_4m:u	436	0	0
dtlb_load_misses.walk_completed_2m_4m:u	437	0	0
dtlb_load_misses.walk_completed_2m_4m:u	438	0	0
dtlb_load_misses.walk_completed_2m_4m:u	439	0	0
dtlb_load_misses.walk_completed_2m_4m:u	440	0	0
dtlb_load_misses.walk_completed_2m_4m:u	441	0	0
dtlb_load_misses.walk_completed_2m_4m:u	442	0	0
dtlb_load_misses.walk_completed_2m_4m:u	443	0	0
dtlb_load_misses.walk_completed_2m_4m:u	444	0	0
dtlb_load_misses.walk_completed_2m_4m:u	445	0	0
dtlb_load_misses.walk_completed_2m_4m:u	446	0	0
dtlb_load_misses.walk_completed_2m_4m:u	447	0	0
dtlb_load_misses.walk_completed_2m_4m:u	448	0	0
dtlb_load_misses.walk_completed_2m_4m:u	449	0	0
dtlb_load_misses.walk_completed_2m_4m:u	450	0	0
dtlb_load_misses.walk_completed_2m_4m:u	451	0	0
dtlb_load_misses.walk_completed_2m_4m:u	452	0	0
dtlb_load_misses.walk_completed_2m_4m:u	453	0	0
dtlb_load_misses.walk_completed_2m_4m:u	454	0	0
dtlb_load_misses.walk_completed_2m_4m:u	455	0	0
dtlb_load_misses.walk_completed_2m_4m:u	456	0	0
dtlb_load_misses.walk_completed_2m_4m:u	457	0	0
dtlb_load_misses.walk_completed_2m_4m:u	458	0	0
dtlb_load_misses.walk_completed_2m_4m:u	459	0	0
dtlb_load_misses.walk_completed_2m_4m:u	460	0	0
dtlb_load_misses.walk_completed_2m_4m:u	461	0	0
dtlb_load_misses.walk_completed_2m_4m:u	462	0	0
dtlb_load_misses.walk_completed_2m_4m:u	463	0	0
dtlb_load_misses.walk_completed_2m_4m:u	464	0	0
dtlb_load_misses.walk_completed_2m_4m:u	465	0	0
dtlb_load_misses.walk_completed_2m_4m:u	466	0	0
dtlb_load_misses.walk_completed_2m_4m:u	467	0	0
dtlb_load_misses.walk_completed_2m_4m:u	468	0	0
dtlb_load_misses.walk_completed_2m_4m:u	469	0	0
dtlb_load_misses.walk_completed_2m_4m:u	470	0	0
dtlb_load_misses.walk_completed_2m_4m:u	471	0	0
dtlb_load_misses.walk_completed_2m_4m:u	472	0	0
dtlb_load_misses.walk_completed_2m_4m:u	473	0	0
dtlb_load_misses.walk_completed_2m_4m:u	474	0	0
dtlb_load_misses.walk_completed_2m_4m:u	475	0	0
dtlb_load_misses.walk_completed_2m_4m:u	476	0	0
dtlb_load_misses.walk_completed_2m_4m:u	477	0	0
dtlb_load_misses.walk_completed_2m_4m:u	478	0	0
dtlb_load_misses.walk_completed_2m_4m:u	479	0	0
dtlb_load_misses.walk_completed_2m_4m:u	480	0	0
dtlb_load_misses.walk_completed_2m_4m:u	481	0	0
dtlb_load_misses.walk_completed_2m_4m:u	482	0	0
dtlb_load_misses.walk_completed_2m_4m:u	483	0	0
dtlb_load_misses.walk_completed_2m_4m:u	484	0	0
dtlb_load_misses.walk_completed_2m_4m:u	485	0	0
dtlb_load_misses.walk_completed_2m_4m:u	486	0	0
dtlb_load_misses.walk_completed_2m_4m:u	487	0	0
dtlb_load_misses.walk_completed_2m_4m:u	488	0	0
dtlb_load_misses.walk_completed_2m_4m:u	489	0	0
dtlb_load_misses.walk_completed_2m_4m:u	490	0	0
dtlb_load_misses.walk_completed_2m_4m:u	491	0	0
dtlb_load_misses.walk_completed_2m_4m:u	492	0	0
dtlb_load_misses.walk_completed_2m_4m:u	493	0	0
dtlb_load_misses.walk_completed_2m_4m:u	494	0	0
dtlb_load_misses.walk_completed_2m_4m:u	495	0	0
dtlb_load_misses.walk_completed_2m_4m:u	496	0	0
dtlb_load_misses.walk_completed_2m_4m:u	497	0	0
dtlb_load_misses.walk_completed_2m_4m:u	498	0	0
dtlb_load_misses.walk_completed_2m_4m:u	499	0	0
dtlb_load_misses.walk_completed_2m_4m:u	500	0	0
dtlb_load_misses.walk_completed_2m_4m:u	501	0	0
dtlb_load_misses.walk_completed_2m_4m:u	502	0	0
dtlb_load_misses.walk_completed_2m_4m:u	503	0	0
dtlb_load_misses.walk_completed_2m_4m:u	504	0	0
dtlb_load_misses.walk_completed_2m_4m:u	505	0	0
dtlb_load_misses.walk_completed_2m_4m:u	506	0	0
dtlb_load_misses.walk_completed_2m_4m:u	507	0	0
dtlb_load_misses.walk_completed_2m_4m:u	508	0	0
dtlb_load_misses.walk_completed_2m_4m:u	509	0	0
dtlb_load_misses.walk_completed_2m_4m:u	510	0	0
dtlb_load_misses.walk_completed_2m_4m:u	511	0	0
dtlb_load_misses.walk_completed_2m_4m:u	512	0	0
dtlb_load_misses.walk_completed_2m_4m:u	513	0	0
dtlb_load_misses.walk_completed_2m_4m:u	514	0	0
dtlb_load_misses.walk_completed_2m_4m:u	515	0	0
dtlb_load_misses.walk_completed_2m_4m:u	516	0	0
dtlb_load_misses.walk_completed_2m_4m:u	517	0	0
dtlb_load_misses.walk_completed_2m_4m:u	518	0	0
dtlb_load_misses.walk_completed_2m_4m:u	519	0	0
dtlb_load_misses.walk_completed_2m_4m:u	520	0	0
dtlb_load_misses.walk_completed_2m_4m:u	521	0	0
dtlb_load_misses.walk_completed_2m_4m:u	522	0	0
dtlb_load_misses.walk_completed_2m_4m:u	523	0	0
dtlb_load_misses.walk_completed_2m_4m:u	524	0	0
dtlb_load_misses.walk_completed_2m_4m:u	525	0	0
dtlb_load_misses.walk_completed_2m_4m:u	526	0	0
dtlb_load_misses.walk_completed_2m_4m:u	527	0	0
dtlb_load_misses.walk_completed_2m_4m:u	528	0	0
dtlb_load_misses.walk_completed_2m_4m:u	529	0	0
dtlb_load_misses.walk_completed_2m_4m:u	530	0	0
dtlb_load_misses.walk_completed_2m_4m:u	531	0	0
dtlb_load_misses.walk_completed_2m_4m:u	532	0	0
dtlb_load_misses.walk_completed_2m_4m:u	533	0	0
dtlb_load_misses.walk_completed_2m_4m:u	534	0	0
dtlb_load_misses.walk_completed_2m_4m:u	535	0	0
dtlb_load_misses.walk_completed_2m_4m:u	536	0	0
dtlb_load_misses.walk_completed_2m_4m:u	537	0	0
dtlb_load_misses.walk_completed_2m_4m:u	538	0	0
dtlb_load_misses.walk_completed_2m_4m:u	539	0	0
dtlb_load_misses.walk_completed_2m_4m:u	540	0	0
dtlb_load_misses.walk_completed_2m_4m:u	541	0	0
dtlb_load_misses.walk_completed_2m_4m:u	542	0	0
dtlb_load_misses.walk_completed_2m_4m:u	543	0	0
dtlb_load_misses.walk_completed_2m_4m:u	544	0	0
dtlb_load_misses.walk_completed_2m_4m:u	545	0	0
dtlb_load_misses.walk_completed_2m_4m:u	546	0	0
dtlb_load_misses.walk_completed_2m_4m:u	547	0	0
dtlb_load_misses.walk_completed_2m_4m:u	548	0	0
dtlb_load_misses.walk_completed_2m_4m:u	549	0	0
dtlb_load_misses.walk_completed_2m_4m:u	550	0	0
dtlb_load_misses.walk_completed_2m_4m:u	551	0	0
dtlb_load_misses.walk_completed_2m_4m:u	552	0	0
dtlb_load_misses.walk_completed_2m_4m:u	553	0	0
dtlb_load_misses.walk_completed_2m_4m:u	554	0	0
dtlb_load_misses.walk_completed_2m_4m:u	555	0	0
dtlb_load_misses.walk_completed_2m_4m:u	556	0	0
dtlb_load_misses.walk_completed_2m_4m:u	557	0	0
dtlb_load_misses.walk_completed_2m_4m:u	558	0	0
dtlb_load_misses.walk_completed_2m_4m:u	559	0	0
dtlb_load_misses.walk_completed_2m_4m:u	560	0	0
dtlb_load_misses.walk_completed_2m_4m:u	561	0	0
dtlb_load_misses.walk_completed_2m_4m:u	562	0	0
dtlb_load_misses.walk_completed_2m_4m:u	563	0	0
dtlb_load_misses.walk_completed_2m_4m:u	564	0	0
dtlb_load_misses.walk_completed_2m_4m:u	565	0	0
dtlb_load_misses.walk_completed_2m_4m:u	566	0	0
dtlb_load_misses.walk_completed_2m_4m:u	567	0	0
dtlb_load_misses.walk_completed_2m_4m:u	568	0	0
dtlb_load_misses.walk_completed_2m_4m:u	569	0	0
dtlb_load_misses.walk_completed_2m_4m:u	570	0	0
dtlb_load_misses.walk_completed_2m_4m:u	571	0	0
dtlb_load_misses.walk_completed_2m_4m:u	572	0	0
dtlb_load_misses.walk_completed_2m_4m:u	573	0	0
dtlb_load_misses.walk_completed_2m_4m:u	574	0	0
dtlb_load_misses.walk_completed_2m_4m:u	575	0	0
dtlb_load_misses.walk_completed_2m_4m:u	576	0	0
dtlb_load_misses.walk_completed_2m_4m:u	577	0	0
dtlb_load_misses.walk_completed_2m_4m:u	578	0	0
dtlb_load_misses.walk_completed_2m_4m:u	579	0	0
dtlb_load_misses.walk_completed_2m_4m:u	580	0	0
dtlb_load_misses.walk_completed_2m_4m:u	581	0	0
dtlb_load_misses.walk_completed_2m_4m:u	582	0	0
dtlb_load_misses.walk_completed_2m_4m:u	583	0	0
dtlb_load_misses.walk_completed_2m_4m:u	584	0	0
dtlb_load_misses.walk_completed_2m_4m:u	585	0	0
dtlb_load_misses.walk_completed_2m_4m:u	586	0	0
dtlb_load_misses.walk_completed_2m_4m:u	587	0	0
dtlb_load_misses.walk_completed_2m_4m:u	588	0	0
dtlb_load_misses.walk_completed_2m_4m:u	589	0	0
dtlb_load_misses.walk_completed_2m_4m:u	590	0	0
dtlb_load_misses.walk_completed_2m_4m:u	591	0	0
dtlb_load_misses.walk_completed_2m_4m:u	592	0	0
dtlb_load_misses.walk_completed_2m_4m:u	593	0	0
dtlb_load_misses.walk_completed_2m_4m:u	594	0	0
dtlb_load_misses.walk_completed_2m_4m:u	595	0	0
dtlb_load_misses.walk_completed_2m_4m:u	596	0	0
dtlb_load_misses.walk_completed_2m_4m:u	597	0	0
dtlb_load_misses.walk_completed_2m_4m:u	598	0	0
dtlb_load_misses.walk_completed_2m_4m:u	599	0	0
dtlb_load_misses.walk_completed_2m_4m:u	600	0	0
dtlb_load_misses.walk_completed_2m_4m:u	601	0	0
dtlb_load_misses.walk_completed_2m_4m:u	602	0	0
dtlb_load_misses.walk_completed_2m_4m:u	603	0	0
dtlb_load_misses.walk_completed_2m_4m:u	604	0	0
dtlb_load_misses.walk_completed_2m_4m:u	605	0	0
dtlb_load_misses.walk_completed_2m_4m:u	606	0	0
dtlb_load_misses.walk_completed_2m_4m:u	607	0	0
dtlb_load_misses.walk_completed_2m_4m:u	608	0	0
dtlb_load_misses.walk_completed_2m_4m:u	609	0	0
dtlb_load_misses.walk_completed_2m_4m:u	610	0	0
dtlb_load_misses.walk_completed_2m_4m:u	611	0	0
dtlb_load_misses.walk_completed_2m_4m:u	612	0	0
dtlb_load_misses.walk_completed_2m_4m:u	613	0	0
dtlb_load_misses.walk_completed_2m_4m:u	614	0	0
dtlb_load_misses.walk_completed_2m_4m:u	615	0	0
dtlb_load_misses.walk_completed_2m_4m:u	616	0	0
dtlb_load_misses.walk_completed_2m_4m:u	617	0	0
dtlb_load_misses.walk_completed_2m_4m:u	618	0	0
dtlb_load_misses.walk_completed_2m_4m:u	619	0	0
dtlb_load_misses.walk_completed_2m_4m:u	620	0	0
dtlb_load_misses.walk_completed_2m_4m:u	621	0	0
dtlb_load_misses.walk_completed_2m_4m:u	622	0	0
dtlb_load_misses.walk_completed_2m_4m:u	623	0	0
dtlb_load_misses.walk_completed_2m_4m:u	624	0	0
dtlb_load_misses.walk_completed_2m_4m:u	625	0	0
dtlb_load_misses.walk_completed_2m_4m:u	626	0	0
dtlb_load_misses.walk_completed_2m_4m:u	627	0	0
dtlb_load_misses.walk_completed_2m_4m:u	628	0	0
dtlb_load_misses.walk_completed_2m_4m:u	629	0	0
dtlb_load_misses.walk_completed_2m_4m:u	630	0	0
dtlb_load_misses.walk_completed_2m_4m:u	631	0	0
dtlb_load_misses.walk_completed_2m_4m:u	632	0	0
dtlb_load_misses.walk_completed_2m_4m:u	633	0	0
dtlb_load_misses.walk_completed_2m_4m:u	634	0	0
dtlb_load_misses.walk_completed_2m_4m:u	635	0	0
dtlb_load_misses.walk_completed_2m_4m:u	636	0	0
dtlb_load_misses.walk_completed_2m_4m:u	637	0	0
dtlb_load_misses.walk_completed_2m_4m:u	638	0	0
dtlb_load_misses.walk_completed_2m_4m:u	639	0	0
dtlb_load_misses.walk_completed_2m_4m:u	640	0	0
dtlb_load_misses.walk_completed_2m_4m:u	641	0	0
dtlb_load_misses.walk_completed_2m_4m:u	642	0	0
dtlb_load_misses.walk_completed_2m_4m:u	643	0	0
dtlb_load_misses.walk_completed_2m_4m:u	644	0	0
dtlb_load_misses.walk_completed_2m_4m:u	645	0	0
dtlb_load_misses.walk_completed_2m_4m:u	646	0	0
dtlb_load_misses.walk_completed_2m_4m:u	647	0	0
dtlb_load_misses.walk_completed_2m_4m:u	648	0	0
dtlb_load_misses.walk_completed_2m_4m:u	649	0	0
dtlb_load_misses.walk_completed_2m_4m:u	650	0	0
dtlb_load_misses.walk_completed_2m_4m:u	651	0	0
dtlb_load_misses.walk_completed_2m_4m:u	652	0	0
dtlb_load_misses.walk_completed_2m_4m:u	653	0	0
dtlb_load_misses.walk_completed_2m_4m:u	654	0	0
dtlb_load_misses.walk_completed_2m_4m:u	655	0	0
dtlb_load_misses.walk_completed_2m_4m:u	656	0	0
dtlb_load_misses.walk_completed_2m_4m:u	657	0	0
dtlb_load_misses.walk_completed_2m_4m:u	658	0	0
dtlb_load_misses.walk_completed_2m_4m:u	659	0	0
dtlb_load_misses.walk_completed_2m_4m:u	660	0	0
dtlb_load_misses.walk_completed_2m_4m:u	661	0	0
dtlb_load_misses.walk_completed_2m_4m:u	662	0	0
dtlb_load_misses.walk_completed_2m_4m:u	663	0	0
dtlb_load_misses.walk_completed_2m_4m:u	664	0	0
dtlb_load_misses.walk_completed_2m_4m:u	665	0	0
dtlb_load_misses.walk_completed_2m_4m:u	666	0	0
dtlb_load_misses.walk_completed_2m_4m:u	667	0	0
dtlb_load_misses.walk_completed_2m_4m:u	668	0	0
dtlb_load_misses.walk_completed_2m_4m:u	669	0	0
dtlb_load_misses.walk_completed_2m_4m:u	670	0	0
dtlb_load_misses.walk_completed_2m_4m:u	671	0	0
dtlb_load_misses.walk_completed_2m_4m:u	672	0	0
dtlb_load_misses.walk_completed_2m_4m:u	673	0	0
dtlb_load_misses.walk_completed_2m_4m:u	674	0	0
dtlb_load_misses.walk_completed_2m_4m:u	675	0	0
dtlb_load_misses.walk_completed_2m_4m:u	676	0	0
dtlb_load_misses.walk_completed_2m_4m:u	677	0	0
dtlb_load_misses.walk_completed_2m_4m:u	678	0	0
dtlb_load_misses.walk_completed_2m_4m:u	679	0	0
dtlb_load_misses.walk_completed_2m_4m:u	680	0	0
dtlb_load_misses.walk_completed_2m_4m:u	681	0	0
dtlb_load_misses.walk_completed_2m_4m:u	682	0	0
dtlb_load_misses.walk_completed_2m_4m:u	683	0	0
dtlb_load_misses.walk_completed_2m_4m:u	684	0	0
dtlb_load_misses.walk_completed_2m_4m:u	685	0	0
dtlb_load_misses.walk_completed_2m_4m:u	686	0	0
dtlb_load_misses.walk_completed_2m_4m:u	687	0	0
dtlb_load_misses.walk_completed_2m_4m:u	688	0	0
dtlb_load_misses.walk_completed_2m_4m:u	689	0	0
dtlb_load_misses.walk_completed_2m_4m:u	690	0	0
dtlb_load_misses.walk_completed_2m_4m:u	691	0	0
dtlb_load_misses.walk_completed_2m_4m:u	692	0	0
dtlb_load_misses.walk_completed_2m_4m:u	693	0	0
dtlb_load_misses.walk_completed_2m_4m:u	694	0	0
dtlb_load_misses.walk_completed_2m_4m:u	695	0	0
dtlb_load_misses.walk_completed_2m_4m:u	696	0	0
dtlb_load_misses.walk_completed_2m_4m:u	697	0	0
dtlb_load_misses.walk_completed_2m_4m:u	698	0	0
dtlb_load_misses.walk_completed_2m_4m:u	699	0	0
dtlb_load_misses.walk_completed_2m_4m:u	700	0	0
dtlb_load_misses.walk_completed_2m_4m:u	701	0	0
dtlb_load_misses.walk_completed_2m_4m:u	702	0	0
dtlb_load_misses.walk_completed_2m_4m:u	703	0	0
dtlb_load_misses.walk_completed_2m_4m:u	704	0	0
dtlb_load_misses.walk_completed_2m_4m:u	705	0	0
dtlb_load_misses.walk_completed_2m_4m:u	706	0	0
dtlb_load_misses.walk_completed_2m_4m:u	707	0	0
dtlb_load_misses.walk_completed_2m_4m:u	708	0	0
dtlb_load_misses.walk_completed_2m_4m:u	709	0	0
dtlb_load_misses.walk_completed_2m_4m:u	710	0	0
dtlb_load_misses.walk_completed_2m_4m:u	711	0	0
dtlb_load_misses.walk_completed_2m_4m:u	712	0	0
dtlb_load_misses.walk_completed_2m_4m:u	713	0	0
dtlb_load_misses.walk_completed_2m_4m:u	714	0	0
dtlb_load_misses.walk_completed_2m_4m:u	715	0	0
dtlb_load_misses.walk_completed_2m_4m:u	716	0	0
dtlb_load_misses.walk_completed_2m_4m:u	717	0	0
dtlb_load_misses.walk_completed_2m_4m:u	718	0	0
dtlb_load_misses.walk_completed_2m_4m:u	719	0	0
dtlb_load_misses.walk_completed_2m_4m:u	720	0	0
dtlb_load_misses.walk_completed_2m_4m:u	721	0	0
dtlb_load_misses.walk_completed_2m_4m:u	722	0	0
dtlb_load_misses.walk_completed_2m_4m:u	723	0	0
dtlb_load_misses.walk_completed_2m_4m:u	724	0	0
dtlb_load_misses.walk_completed_2m_4m:u	725	0	0
dtlb_load_misses.walk_completed_2m_4m:u	726	0	0
dtlb_load_misses.walk_completed_2m_4m:u	727	0	0
dtlb_load_misses.walk_completed_2m_4m:u	728	0	0
dtlb_load_misses.walk_completed_2m_4m:u	729	0	0
dtlb_load_misses.walk_completed_2m_4m:u	730	0	0
dtlb_load_misses.walk_completed_2m_4m:u	731	0	0
dtlb_load_misses.walk_completed_2m_4m:u	732	0	0
dtlb_load_misses.walk_completed_2m_4m:u	733	0	0
dtlb_load_misses.walk_completed_2m_4m:u	734	0	0
dtlb_load_misses.walk_completed_2m_4m:u	735	0	0
dtlb_load_misses.walk_completed_2m_4m:u	736	0	0
dtlb_load_misses.walk_completed_2m_4m:u	737	0	0
dtlb_load_misses.walk_completed_2m_4m:u	738	0	0
dtlb_load_misses.walk_completed_2m_4m:u	739	0	0
dtlb_load_misses.walk_completed_2m_4m:u	740	0	0
dtlb_load_misses.walk_completed_2m_4m:u	741	0	0
dtlb_load_misses.walk_completed_2m_4m:u	742	0	0
dtlb_load_misses.walk_completed_2m_4m:u	743	0	0
dtlb_load_misses.walk_completed_2m_4m:u	744	0	0
dtlb_load_misses.walk_completed_2m_4m:u	745	0	0
dtlb_load_misses.walk_completed_2m_4m:u	746	0	0
dtlb_load_misses.walk_completed_2m_4m:u	747	0	0
dtlb_load_misses.walk_completed_2m_4m:u	748	0	0
dtlb_load_misses.walk_completed_2m_4m:u	749	0	0
dtlb_load_misses.walk_completed_2m_4m:u	750	0	0
dtlb_load_misses.walk_completed_2m_4m:u	751	0	0
dtlb_load_misses.walk_completed_2m_4m:u	752	0	0
dtlb_load_misses.walk_completed_2m_4m:u	753	0	0
dtlb_load_misses.walk_completed_2m_4m:u	754	0	0
dtlb_load_misses.walk_completed_2m_4m:u	755	0	0
dtlb_load_misses.walk_completed_2m_4m:u	756	0	0
dtlb_load_misses.walk_completed_2m_4m:u	757	0	0
dtlb_load_misses.walk_completed_2m_4m:u	758	0	0
dtlb_load_misses.walk_completed_2m_4m:u	759	0	0
dtlb_load_misses.walk_completed_2m_4m:u	760	0	0
dtlb_load_misses.walk_completed_2m_4m:u	761	0	0
dtlb_load_misses.walk_completed_2m_4m:u	762	0	0
dtlb_load_misses.walk_completed_2m_4m:u	763	0	0
dtlb_load_misses.walk_completed_2m_4m:u	764	0	0
dtlb_load_misses.walk_completed_2m_4m:u	765	0	0
dtlb_load_misses.walk_completed_2m_4m:u	766	0	0
dtlb_load_misses.walk_completed_2m_4m:u	767	0	0
dtlb_load_misses.walk_completed_2m_4m:u	768	0	0
dtlb_load_misses.walk_completed_2m_4m:u	769	0	0
dtlb_load_misses.walk_completed_2m_4m:u	770	0	0
dtlb_load_misses.walk_completed_2m_4m:u	771	0	0
dtlb_load_misses.walk_completed_2m_4m:u	772	0	0
dtlb_load_misses.walk_completed_2m_4m:u	773	0	0
dtlb_load_misses.walk_completed_2m_4m:u	774	0	0
dtlb_load_misses.walk_completed_2m_4m:u	775	0	0
dtlb_load_misses.walk_completed_2m_4m:u	776	0	0
dtlb_load_misses.walk_completed_2m_4m:u	777	0	0
dtlb_load_misses.walk_completed_2m_4m:u	778	0	0
dtlb_load_misses.walk_completed_2m_4m:u	779	0	0
dtlb_load_misses.walk_completed_2m_4m:u	780	0	0
dtlb_load_misses.walk_completed_2m_4m:u	781	0	0
dtlb_load_misses.walk_completed_2m_4m:u	782	0	0
dtlb_load_misses.walk_completed_2m_4m:u	783	0	0
dtlb_load_misses.walk_completed_2m_4m:u	784	0	0
dtlb_load_misses.walk_completed_2m_4m:u	785	0	0
dtlb_load_misses.walk_completed_2m_4m:u	786	0	0
dtlb_load_misses.walk_completed_2m_4m:u	787	0	0
dtlb_load_misses.walk_completed_2m_4m:u	788	0	0
dtlb_load_misses.walk_completed_2m_4m:u	789	0	0
dtlb_load_misses.walk_completed_2m_4m:u	790	0	0
dtlb_load_misses.walk_completed_2m_4m:u	791	0	0
dtlb_load_misses.walk_completed_2m_4m:u	792	0	0
dtlb_load_misses.walk_completed_2m_4m:u	793	0	0
dtlb_load_misses.walk_completed_2m_4m:u	794	0	0
dtlb_load_misses.walk_completed_2m_4m:u	795	0	0
dtlb_load_misses.walk_completed_2m_4m:u	796	0	0
dtlb_load_misses.walk_completed_2m_4m:u	797	0	0
dtlb_load_misses.walk_completed_2m_4m:u	798	0	0
dtlb_load_misses.walk_completed_2m_4m:u	799	0	0
dtlb_load_misses.walk_completed_2m_4m:u	800	0	0
dtlb_load_misses.walk_completed_2m_4m:u	801	0	0
dtlb_load_misses.walk_completed_2m_4m:u	802	0	0
dtlb_load_misses.walk_completed_2m_4m:u	803	0	0
dtlb_load_misses.walk_completed_2m_4m:u	804	0	0
dtlb_load_misses.walk_completed_2m_4m:u	805	0	0
dtlb_load_misses.walk_completed_2m_4m:u	806	0	0
dtlb_load_misses.walk_completed_2m_4m:u	807	0	0
dtlb_load_misses.walk_completed_2m_4m:u	808	0	0
dtlb_load_misses.walk_completed_2m_4m:u	809	0	0
dtlb_load_misses.walk_completed_2m_4m:u	810	0	0
dtlb_load_misses.walk_completed_2m_4m:u	811	0	0
dtlb_load_misses.walk_completed_2m_4m:u	812	0	0
dtlb_load_misses.walk_completed_2m_4m:u	813	0	0
dtlb_load_misses.walk_completed_2m_4m:u	814	0	0
dtlb_load_misses.walk_completed_2m_4m:u	815	0	0
dtlb_load_misses.walk_completed_2m_4m:u	816	0	0
dtlb_load_misses.walk_completed_2m_4m:u	817	0	0
dtlb_load_misses.walk_completed_2m_4m:u	818	0	0
dtlb_load_misses.walk_completed_2m_4m:u	819	0	0
dtlb_load_misses.walk_completed_2m_4m:u	820	0	0
dtlb_load_misses.walk_completed_2m_4m:u	821	0	0
dtlb_load_misses.walk_completed_2m_4m:u	822	0	0
dtlb_load_misses.walk_completed_2m_4m:u	823	0	0
dtlb_load_misses.walk_completed_2m_4m:u	824	0	0
dtlb_load_misses.walk_completed_2m_4m:u	825	0	0
dtlb_load_misses.walk_completed_2m_4m:u	826	0	0
dtlb_load_misses.walk_completed_2m_4m:u	827	0	0
dtlb_load_misses.walk_completed_2m_4m:u	828	0	0
dtlb_load_misses.walk_completed_2m_4m:u	829	0	0
dtlb_load_misses.walk_completed_2m_4m:u	830	0	0
dtlb_load_misses.walk_completed_2m_4m:u	831	0	0
dtlb_load_misses.walk_completed_2m_4m:u	832	0	0
dtlb_load_misses.walk_completed_2m_4m:u	833	0	0
dtlb_load_misses.walk_completed_2m_4m:u	834	0	0
dtlb_load_misses.walk_completed_2m_4m:u	835	0	0
dtlb_load_misses.walk_completed_2m_4m:u	836	0	0
dtlb_load_misses.walk_completed_2m_4m:u	837	0	0
dtlb_load_misses.walk_completed_2m_4m:u	838	0	0
dtlb_load_misses.walk_completed_2m_4m:u	839	0	0
dtlb_load_misses.walk_completed_2m_4m:u	840	0	0
dtlb_load_misses.walk_completed_2m_4m:u	841	0	0
dtlb_load_misses.walk_completed_2m_4m:u	842	0	0
dtlb_load_misses.walk_completed_2m_4m:u	843	0	0
dtlb_load_misses.walk_completed_2m_4m:u	844	0	0
dtlb_load_misses.walk_completed_2m_4m:u	845	0	0
dtlb_load_misses.walk_completed_2m_4m:u	846	0	0
dtlb_load_misses.walk_completed_2m_4m:u	847	0	0
dtlb_load_misses.walk_completed_2m_4m:u	848	0	0
dtlb_load_misses.walk_completed_2m_4m:u	849	0	0
dtlb_load_misses.walk_completed_2m_4m:u	850	0	0
dtlb_load_misses.walk_completed_2m_4m:u	851	0	0
dtlb_load_misses.walk_completed_2m_4m:u	852	0	0
dtlb_load_misses.walk_completed_2m_4m:u	853	0	0
dtlb_load_misses.walk_completed_2m_4m:u	854	0	0
dtlb_load_misses.walk_completed_2m_4m:u	855	0	0
dtlb_load_misses.walk_completed_2m_4m:u	856	0	0
dtlb_load_misses.walk_completed_2m_4m:u	857	0	0
dtlb_load_misses.walk_completed_2m_4m:u	858	0	0
dtlb_load_misses.walk_completed_2m_4m:u	859	0	0
dtlb_load_misses.walk_completed_2m_4m:u	860	0	0
dtlb_load_misses.walk_completed_2m_4m:u	861	0	0
dtlb_load_misses.walk_completed_2m_4m:u	862	0	0
dtlb_load_misses.walk_completed_2m_4m:u	863	0	0
dtlb_load_misses.walk_completed_2m_4m:u	864	0	0
dtlb_load_misses.walk_completed_2m_4m:u	865	0	0
dtlb_load_misses.walk_completed_2m_4m:u	866	0	0
dtlb_load_misses.walk_completed_2m_4m:u	867	0	0
dtlb_load_misses.walk_completed_2m_4m:u	868	0	0
dtlb_load_misses.walk_completed_2m_4m:u	869	0	0
dtlb_load_misses.walk_completed_2m_4m:u	870	0	0
dtlb_load_misses.walk_completed_2m_4m:u	871	0	0
dtlb_load_misses.walk_completed_2m_4m:u	872	0	0
dtlb_load_misses.walk_completed_2m_4m:u	873	0	0
dtlb_load_misses.walk_completed_2m_4m:u	874	0	0
dtlb_load_misses.walk_completed_2m_4m:u	875	0	0
dtlb_load_misses.walk_completed_2m_4m:u	876	0	0
dtlb_load_misses.walk_completed_2m_4m:u	877	0	0
dtlb_load_misses.walk_completed_2m_4m:u	878	0	0
dtlb_load_misses.walk_completed_2m_4m:u	879	0	0
dtlb_load_misses.walk_completed_2m_4m:u	880	0	0
dtlb_load_misses.walk_completed_2m_4m:u	881	0	0
dtlb_load_misses.walk_completed_2m_4m:u	882	0	0
dtlb_load_misses.walk_completed_2m_4m:u	883	0	0
dtlb_load_misses.walk_completed_2m_4m:u	884	0	0
dtlb_load_misses.walk_completed_2m_4m:u	885	0	0
dtlb_load_misses.walk_completed_2m_4m:u	886	0	0
dtlb_load_misses.walk_completed_2m_4m:u	887	0	0
dtlb_load_misses.walk_completed_2m_4m:u	888	0	0
dtlb_load_misses.walk_completed_2m_4m:u	889	0	0
dtlb_load_misses.walk_completed_2m_4m:u	890	0	0
dtlb_load_misses.walk_completed_2m_4m:u	891	0	0
dtlb_load_misses.walk_completed_2m_4m:u	892	0	0
dtlb_load_misses.walk_completed_2m_4m:u	893	0	0
dtlb_load_misses.walk_completed_2m_4m:u	894	0	0
dtlb_load_misses.walk_completed_2m_4m:u	895	0	0
dtlb_load_misses.walk_completed_2m_4m:u	896	0	0
dtlb_load_misses.walk_completed_2m_4m:u	897	0	0
dtlb_load_misses.walk_completed_2m_4m:u	898	0	0
dtlb_load_misses.walk_completed_2m_4m:u	899	0	0
dtlb_load_misses.walk_completed_2m_4m:u	900	0	0
dtlb_load_misses.walk_completed_2m_4m:u	901	0	0
dtlb_load_misses.walk_completed_2m_4m:u	902	0	0
dtlb_load_misses.walk_completed_2m_4m:u	903	0	0
dtlb_load_misses.walk_completed_2m_4m:u	904	0	0
dtlb_load_misses.walk_completed_2m_4m:u	905	0	0
dtlb_load_misses.walk_completed_2m_4m:u	906	0	0
dtlb_load_misses.walk_completed_2m_4m:u	907	0	0
dtlb_load_misses.walk_completed_2m_4m:u	908	0	0
dtlb_load_misses.walk_completed_2m_4m:u	909	0	0
dtlb_load_misses.walk_completed_2m_4m:u	910	0	0
dtlb_load_misses.walk_completed_2m_4m:u	911	0	0
dtlb_load_misses.walk_completed_2m_4m:u	912	0	0
dtlb_load_misses.walk_completed_2m_4m:u	913	0	0
dtlb_load_misses.walk_completed_2m_4m:u	914	0	0
dtlb_load_misses.walk_completed_2m_4m:u	915	0	0
dtlb_load_misses.walk_completed_2m_4m:u	916	0	0
dtlb_load_misses.walk_completed_2m_4m:u	917	0	0
dtlb_load_misses.walk_completed_2m_4m:u	918	0	0
dtlb_load_misses.walk_completed_2m_4m:u	919	0	0
dtlb_load_misses.walk_completed_2m_4m:u	920	0	0
dtlb_load_misses.walk_completed_2m_4m:u	921	0	0
dtlb_load_misses.walk_completed_2m_4m:u	922	0	0
dtlb_load_misses.walk_completed_2m_4m:u	923	0	0
dtlb_load_misses.walk_completed_2m_4m:u	924	0	0
dtlb_load_misses.walk_completed_2m_4m:u	925	0	0
dtlb_load_misses.walk_completed_2m_4m:u	926	0	0
dtlb_load_misses.walk_completed_2m_4m:u	927	0	0
dtlb_load_misses.walk_completed_2m_4m:u	928	0	0
dtlb_load_misses.walk_completed_2m_4m:u	929	0	0
dtlb_load_misses.walk_completed_2m_4m:u	930	0	0
dtlb_load_misses.walk_completed_2m_4m:u	931	0	0
dtlb_load_misses.walk_completed_2m_4m:u	932	0	0
dtlb_load_misses.walk_completed_2m_4m:u	933	0	0
dtlb_load_misses.walk_completed_2m_4m:u	934	0	0
dtlb_load_misses.walk_completed_2m_4m:u	935	0	0
dtlb_load_misses.walk_completed_2m_4m:u	936	0	0
dtlb_load_misses.walk_completed_2m_4m:u	937	0	0
dtlb_load_misses.walk_completed_2m_4m:u	938	0	0
dtlb_load_misses.walk_completed_2m_4m:u	939	0	0
dtlb_load_misses.walk_completed_2m_4m:u	940	0	0
dtlb_load_misses.walk_completed_2m_4m:u	941	0	0
dtlb_load_misses.walk_completed_2m_4m:u	942	0	0
dtlb_load_misses.walk_completed_2m_4m:u	943	0	0
dtlb_load_misses.walk_completed_2m_4m:u	944	0	0
dtlb_load_misses.walk_completed_2m_4m:u	945	0	0
dtlb_load_misses.walk_completed_2m_4m:u	946	0	0
dtlb_load_misses.walk_completed_2m_4m:u	947	0	0
dtlb_load_misses.walk_completed_2m_4m:u	948	0	0
dtlb_load_misses.walk_completed_2m_4m:u	949	0	0
dtlb_load_misses.walk_completed_2m_4m:u	950	0	0
dtlb_load_misses.walk_completed_2m_4m:u	951	0	0
dtlb_load_misses.walk_completed_2m_4m:u	952	0	0
dtlb_load_misses.walk_completed_2m_4m:u	953	0	0
dtlb_load_misses.walk_completed_2m_4m:u	954	0	0
dtlb_load_misses.walk_completed_2m_4m:u	955	0	0
dtlb_load_misses.walk_completed_2m_4m:u	956	0	0
dtlb_load_misses.walk_completed_2m_4m:u	957	0	0
dtlb_load_misses.walk_completed_2m_4m:u	958	0	0
dtlb_load_misses.walk_completed_2m_4m:u	959	0	0
dtlb_load_misses.walk_completed_2m_4m:u	960	0	0
dtlb_load_misses.walk_completed_2m_4m:u	961	0	0
dtlb_load_misses.walk_completed_2m_4m:u	962	0	0
dtlb_load_misses.walk_completed_2m_4m:u	963	0	0
dtlb_load_misses.walk_completed_2m_4m:u	964	0	0
dtlb_load_misses.walk_completed_2m_4m:u	965	0	0
dtlb_load_misses.walk_completed_2m_4m:u	966	0	0
dtlb_load_misses.walk_completed_2m_4m:u	967	0	0
dtlb_load_misses.walk_completed_2m_4m:u	968	0	0
dtlb_load_misses.walk_completed_2m_4m:u	969	0	0
dtlb_load_misses.walk_completed_2m_4m:u	970	0	0
dtlb_load_misses.walk_completed_2m_4m:u	971	0	0
dtlb_load_misses.walk_completed_2m_4m:u	972	0	0
dtlb_load_misses.walk_completed_2m_4m:u	973	0	0
dtlb_load_misses.walk_completed_2m_4m:u	974	0	0
dtlb_load_misses.walk_completed_2m_4m:u	975	0	0
dtlb_load_misses.walk_completed_2m_4m:u	976	0	0
dtlb_load_misses.walk_completed_2m_4m:u	977	0	0
dtlb_load_misses.walk_completed_2m_4m:u	978	0	0
dtlb_load_misses.walk_completed_2m_4m:u	979	0	0
dtlb_load_misses.walk_completed_2m_4m:u	980	0	0
dtlb_load_misses.walk_completed_2m_4m:u	981	0	0
dtlb_load_misses.walk_completed_2m_4m:u	982	0	0
dtlb_load_misses.walk_completed_2m_4m:u	983	0	0
dtlb_load_misses.walk_completed_2m_4m:u	984	0	0
dtlb_load_misses.walk_completed_2m_4m:u	985	0	0
dtlb_load_misses.walk_completed_2m_4m:u	986	0	0
dtlb_load_misses.walk_completed_2m_4m:u	987	0	0
dtlb_load_misses.walk_completed_2m_4m:u	988	0	0
dtlb_load_misses.walk_completed_2m_4m:u	989	0	0
dtlb_load_misses.walk_completed_2m_4m:u	990	0	0
dtlb_load_misses.walk_completed_2m_4m:u	991	0	0
dtlb_load_misses.walk_completed_2m_4m:u	992	0	0
dtlb_load_misses.walk_completed_2m_4m:u	993	0	0
dtlb_load_misses.walk_completed_2m_4m:u	994	0	0
dtlb_load_misses.walk_completed_2m_4m:u	995	0	0
dtlb_load_misses.walk_completed_2m_4m:u	996	0	0
dtlb_load_misses.walk_completed_2m_4m:u	997	0	0
dtlb_load_misses.walk_completed_2m_4m:u	998	0	0
dtlb_load_misses.walk_completed_2m_4m:u	999	0	0
dtlb_load_misses.walk_completed_2m_4m:u	1000	0	0
L1-dcache-loads:u	1	79959993	0
L1-dcache-loads:u	2	79959994	0
