event	round	count	exit
topdown-slots-issued:u	1	13194998277	0
topdown-slots-issued:u	2	13193790145	0
l2_rqsts.all_demand_miss:u	1	602712	0
l2_rqsts.all_demand_miss:u	2	602709	0
mem_inst_retired.any:u	1	95810034	0
mem_inst_retired.any:u	2	95810030	0
mem_load_retired.l2_miss:u	1	299958	0
mem_load_retired.l2_miss:u	2	299282	0
fp_arith_inst_retired.vector:u	1	6000000	0
fp_arith_inst_retired.vector:u	2	6000000	0
fp_arith_inst_retired.vector:u	3	6000000	0
fp_arith_inst_retired.vector:u	4	6000000	0
fp_arith_inst_retired.vector:u	5	6000000	0
fp_arith_inst_retired.vector:u	6	6000000	0
fp_arith_inst_retired.vector:u	7	6000000	0
fp_arith_inst_retired.vector:u	8	6000000	0
fp_arith_inst_retired.vector:u	9	6000000	0
fp_arith_inst_retired.vector:u	10	6000000	0
fp_arith_inst_retired.vector:u	11	6000000	0
fp_arith_inst_retired.vector:u	12	6000000	0
fp_arith_inst_retired.vector:u	13	6000000	0
fp_arith_inst_retired.vector:u	14	6000000	0
fp_arith_inst_retired.vector:u	15	6000000	0
fp_arith_inst_retired.vector:u	16	6000000	0
fp_arith_inst_retired.vector:u	17	6000000	0
fp_arith_inst_retired.vector:u	18	6000000	0
fp_arith_inst_retired.vector:u	19	6000000	0
fp_arith_inst_retired.vector:u	20	6000000	0
fp_arith_inst_retired.vector:u	21	6000000	0
fp_arith_inst_retired.vector:u	22	6000000	0
fp_arith_inst_retired.vector:u	23	6000000	0
fp_arith_inst_retired.vector:u	24	6000000	0
fp_arith_inst_retired.vector:u	25	6000000	0
fp_arith_inst_retired.vector:u	26	6000000	0
fp_arith_inst_retired.vector:u	27	6000000	0
fp_arith_inst_retired.vector:u	28	6000000	0
fp_arith_inst_retired.vector:u	29	6000000	0
fp_arith_inst_retired.vector:u	30	6000000	0
fp_arith_inst_retired.vector:u	31	6000000	0
fp_arith_inst_retired.vector:u	32	6000000	0
fp_arith_inst_retired.vector:u	33	6000000	0
fp_arith_inst_retired.vector:u	34	6000000	0
fp_arith_inst_retired.vector:u	35	6000000	0
fp_arith_inst_retired.vector:u	36	6000000	0
fp_arith_inst_retired.vector:u	37	6000000	0
fp_arith_inst_retired.vector:u	38	6000000	0
fp_arith_inst_retired.vector:u	39	6000000	0
fp_arith_inst_retired.vector:u	40	6000000	0
fp_arith_inst_retired.vector:u	41	6000000	0
fp_arith_inst_retired.vector:u	42	6000000	0
fp_arith_inst_retired.vector:u	43	6000000	0
fp_arith_inst_retired.vector:u	44	6000000	0
fp_arith_inst_retired.vector:u	45	6000000	0
fp_arith_inst_retired.vector:u	46	6000000	0
fp_arith_inst_retired.vector:u	47	6000000	0
fp_arith_inst_retired.vector:u	48	6000000	0
fp_arith_inst_retired.vector:u	49	6000000	0
fp_arith_inst_retired.vector:u	50	6000000	0
fp_arith_inst_retired.vector:u	51	6000000	0
fp_arith_inst_retired.vector:u	52	6000000	0
fp_arith_inst_retired.vector:u	53	6000000	0
fp_arith_inst_retired.vector:u	54	6000000	0
fp_arith_inst_retired.vector:u	55	6000000	0
fp_arith_inst_retired.vector:u	56	6000000	0
fp_arith_inst_retired.vector:u	57	6000000	0
fp_arith_inst_retired.vector:u	58	6000000	0
fp_arith_inst_retired.vector:u	59	6000000	0
fp_arith_inst_retired.vector:u	60	6000000	0
fp_arith_inst_retired.vector:u	61	6000000	0
fp_arith_inst_retired.vector:u	62	6000000	0
fp_arith_inst_retired.vector:u	63	6000000	0
fp_arith_inst_retired.vector:u	64	6000000	0
fp_arith_inst_retired.vector:u	65	6000000	0
fp_arith_inst_retired.vector:u	66	6000000	0
fp_arith_inst_retired.vector:u	67	6000000	0
fp_arith_inst_retired.vector:u	68	6000000	0
fp_arith_inst_retired.vector:u	69	6000000	0
fp_arith_inst_retired.vector:u	70	6000000	0
fp_arith_inst_retired.vector:u	71	6000000	0
fp_arith_inst_retired.vector:u	72	6000000	0
fp_arith_inst_retired.vector:u	73	6000000	0
fp_arith_inst_retired.vector:u	74	6000000	0
fp_arith_inst_retired.vector:u	75	6000000	0
fp_arith_inst_retired.vector:u	76	6000000	0
fp_arith_inst_retired.vector:u	77	6000000	0
fp_arith_inst_retired.vector:u	78	6000000	0
fp_arith_inst_retired.vector:u	79	6000000	0
fp_arith_inst_retired.vector:u	80	6000000	0
fp_arith_inst_retired.vector:u	81	6000000	0
fp_arith_inst_retired.vector:u	82	6000000	0
fp_arith_inst_retired.vector:u	83	6000000	0
fp_arith_inst_retired.vector:u	84	6000000	0
fp_arith_inst_retired.vector:u	85	6000000	0
fp_arith_inst_retired.vector:u	86	6000000	0
fp_arith_inst_retired.vector:u	87	6000000	0
fp_arith_inst_retired.vector:u	88	6000000	0
fp_arith_inst_retired.vector:u	89	6000000	0
fp_arith_inst_retired.vector:u	90	6000000	0
fp_arith_inst_retired.vector:u	91	6000000	0
fp_arith_inst_retired.vector:u	92	6000000	0
fp_arith_inst_retired.vector:u	93	6000000	0
fp_arith_inst_retired.vector:u	94	6000000	0
fp_arith_inst_retired.vector:u	95	6000000	0
fp_arith_inst_retired.vector:u	96	6000000	0
fp_arith_inst_retired.vector:u	97	6000000	0
fp_arith_inst_retired.vector:u	98	6000000	0
fp_arith_inst_retired.vector:u	99	6000000	0
fp_arith_inst_retired.vector:u	100	6000000	0
fp_arith_inst_retired.vector:u	101	6000000	0
fp_arith_inst_retired.vector:u	102	6000000	0
fp_arith_inst_retired.vector:u	103	6000000	0
fp_arith_inst_retired.vector:u	104	6000000	0
fp_arith_inst_retired.vector:u	105	6000000	0
fp_arith_inst_retired.vector:u	106	6000000	0
fp_arith_inst_retired.vector:u	107	6000000	0
fp_arith_inst_retired.vector:u	108	6000000	0
fp_arith_inst_retired.vector:u	109	6000000	0
fp_arith_inst_retired.vector:u	110	6000000	0
fp_arith_inst_retired.vector:u	111	6000000	0
fp_arith_inst_retired.vector:u	112	6000000	0
fp_arith_inst_retired.vector:u	113	6000000	0
fp_arith_inst_retired.vector:u	114	6000000	0
fp_arith_inst_retired.vector:u	115	6000000	0
fp_arith_inst_retired.vector:u	116	6000000	0
fp_arith_inst_retired.vector:u	117	6000000	0
fp_arith_inst_retired.vector:u	118	6000000	0
fp_arith_inst_retired.vector:u	119	6000000	0
fp_arith_inst_retired.vector:u	120	6000000	0
fp_arith_inst_retired.vector:u	121	6000000	0
fp_arith_inst_retired.vector:u	122	6000000	0
fp_arith_inst_retired.vector:u	123	6000000	0
fp_arith_inst_retired.vector:u	124	6000000	0
fp_arith_inst_retired.vector:u	125	6000000	0
fp_arith_inst_retired.vector:u	126	6000000	0
fp_arith_inst_retired.vector:u	127	6000000	0
fp_arith_inst_retired.vector:u	128	6000000	0
fp_arith_inst_retired.vector:u	129	6000000	0
fp_arith_inst_retired.vector:u	130	6000000	0
fp_arith_inst_retired.vector:u	131	6000000	0
fp_arith_inst_retired.vector:u	132	6000000	0
fp_arith_inst_retired.vector:u	133	6000000	0
fp_arith_inst_retired.vector:u	134	6000000	0
fp_arith_inst_retired.vector:u	135	6000000	0
fp_arith_inst_retired.vector:u	136	6000000	0
fp_arith_inst_retired.vector:u	137	6000000	0
fp_arith_inst_retired.vector:u	138	6000000	0
fp_arith_inst_retired.vector:u	139	6000000	0
fp_arith_inst_retired.vector:u	140	6000000	0
fp_arith_inst_retired.vector:u	141	6000000	0
fp_arith_inst_retired.vector:u	142	6000000	0
fp_arith_inst_retired.vector:u	143	6000000	0
fp_arith_inst_retired.vector:u	144	6000000	0
fp_arith_inst_retired.vector:u	145	6000000	0
fp_arith_inst_retired.vector:u	146	6000000	0
fp_arith_inst_retired.vector:u	147	6000000	0
fp_arith_inst_retired.vector:u	148	6000000	0
fp_arith_inst_retired.vector:u	149	6000000	0
fp_arith_inst_retired.vector:u	150	6000000	0
fp_arith_inst_retired.vector:u	151	6000000	0
fp_arith_inst_retired.vector:u	152	6000000	0
fp_arith_inst_retired.vector:u	153	6000000	0
fp_arith_inst_retired.vector:u	154	6000000	0
fp_arith_inst_retired.vector:u	155	6000000	0
fp_arith_inst_retired.vector:u	156	6000000	0
fp_arith_inst_retired.vector:u	157	6000000	0
fp_arith_inst_retired.vector:u	158	6000000	0
fp_arith_inst_retired.vector:u	159	6000000	0
fp_arith_inst_retired.vector:u	160	6000000	0
fp_arith_inst_retired.vector:u	161	6000000	0
fp_arith_inst_retired.vector:u	162	6000000	0
fp_arith_inst_retired.vector:u	163	6000000	0
fp_arith_inst_retired.vector:u	164	6000000	0
fp_arith_inst_retired.vector:u	165	6000000	0
fp_arith_inst_retired.vector:u	166	6000000	0
fp_arith_inst_retired.vector:u	167	6000000	0
fp_arith_inst_retired.vector:u	168	6000000	0
fp_arith_inst_retired.vector:u	169	6000000	0
fp_arith_inst_retired.vector:u	170	6000000	0
fp_arith_inst_retired.vector:u	171	6000000	0
fp_arith_inst_retired.vector:u	172	6000000	0
fp_arith_inst_retired.vector:u	173	6000000	0
fp_arith_inst_retired.vector:u	174	6000000	0
fp_arith_inst_retired.vector:u	175	6000000	0
fp_arith_inst_retired.vector:u	176	6000000	0
fp_arith_inst_retired.vector:u	177	6000000	0
fp_arith_inst_retired.vector:u	178	6000000	0
fp_arith_inst_retired.vector:u	179	6000000	0
fp_arith_inst_retired.vector:u	180	6000000	0
fp_arith_inst_retired.vector:u	181	6000000	0
fp_arith_inst_retired.vector:u	182	6000000	0
fp_arith_inst_retired.vector:u	183	6000000	0
fp_arith_inst_retired.vector:u	184	6000000	0
fp_arith_inst_retired.vector:u	185	6000000	0
fp_arith_inst_retired.vector:u	186	6000000	0
fp_arith_inst_retired.vector:u	187	6000000	0
fp_arith_inst_retired.vector:u	188	6000000	0
fp_arith_inst_retired.vector:u	189	6000000	0
fp_arith_inst_retired.vector:u	190	6000000	0
fp_arith_inst_retired.vector:u	191	6000000	0
fp_arith_inst_retired.vector:u	192	6000000	0
fp_arith_inst_retired.vector:u	193	6000000	0
fp_arith_inst_retired.vector:u	194	6000000	0
fp_arith_inst_retired.vector:u	195	6000000	0
fp_arith_inst_retired.vector:u	196	6000000	0
fp_arith_inst_retired.vector:u	197	6000000	0
fp_arith_inst_retired.vector:u	198	6000000	0
fp_arith_inst_retired.vector:u	199	6000000	0
fp_arith_inst_retired.vector:u	200	6000000	0
fp_arith_inst_retired.vector:u	201	6000000	0
fp_arith_inst_retired.vector:u	202	6000000	0
fp_arith_inst_retired.vector:u	203	6000000	0
fp_arith_inst_retired.vector:u	204	6000000	0
fp_arith_inst_retired.vector:u	205	6000000	0
fp_arith_inst_retired.vector:u	206	6000000	0
fp_arith_inst_retired.vector:u	207	6000000	0
fp_arith_inst_retired.vector:u	208	6000000	0
fp_arith_inst_retired.vector:u	209	6000000	0
fp_arith_inst_retired.vector:u	210	6000000	0
fp_arith_inst_retired.vector:u	211	6000000	0
fp_arith_inst_retired.vector:u	212	6000000	0
fp_arith_inst_retired.vector:u	213	6000000	0
fp_arith_inst_retired.vector:u	214	6000000	0
fp_arith_inst_retired.vector:u	215	6000000	0
fp_arith_inst_retired.vector:u	216	6000000	0
fp_arith_inst_retired.vector:u	217	6000000	0
fp_arith_inst_retired.vector:u	218	6000000	0
fp_arith_inst_retired.vector:u	219	6000000	0
fp_arith_inst_retired.vector:u	220	6000000	0
fp_arith_inst_retired.vector:u	221	6000000	0
fp_arith_inst_retired.vector:u	222	6000000	0
fp_arith_inst_retired.vector:u	223	6000000	0
fp_arith_inst_retired.vector:u	224	6000000	0
fp_arith_inst_retired.vector:u	225	6000000	0
fp_arith_inst_retired.vector:u	226	6000000	0
fp_arith_inst_retired.vector:u	227	6000000	0
fp_arith_inst_retired.vector:u	228	6000000	0
fp_arith_inst_retired.vector:u	229	6000000	0
fp_arith_inst_retired.vector:u	230	6000000	0
fp_arith_inst_retired.vector:u	231	6000000	0
fp_arith_inst_retired.vector:u	232	6000000	0
fp_arith_inst_retired.vector:u	233	6000000	0
fp_arith_inst_retired.vector:u	234	6000000	0
fp_arith_inst_retired.vector:u	235	6000000	0
fp_arith_inst_retired.vector:u	236	6000000	0
fp_arith_inst_retired.vector:u	237	6000000	0
fp_arith_inst_retired.vector:u	238	6000000	0
fp_arith_inst_retired.vector:u	239	6000000	0
fp_arith_inst_retired.vector:u	240	6000000	0
fp_arith_inst_retired.vector:u	241	6000000	0
fp_arith_inst_retired.vector:u	242	6000000	0
fp_arith_inst_retired.vector:u	243	6000000	0
fp_arith_inst_retired.vector:u	244	6000000	0
fp_arith_inst_retired.vector:u	245	6000000	0
fp_arith_inst_retired.vector:u	246	6000000	0
fp_arith_inst_retired.vector:u	247	6000000	0
fp_arith_inst_retired.vector:u	248	6000000	0
fp_arith_inst_retired.vector:u	249	6000000	0
fp_arith_inst_retired.vector:u	250	6000000	0
fp_arith_inst_retired.vector:u	251	6000000	0
fp_arith_inst_retired.vector:u	252	6000000	0
fp_arith_inst_retired.vector:u	253	6000000	0
fp_arith_inst_retired.vector:u	254	6000000	0
fp_arith_inst_retired.vector:u	255	6000000	0
fp_arith_inst_retired.vector:u	256	6000000	0
fp_arith_inst_retired.vector:u	257	6000000	0
fp_arith_inst_retired.vector:u	258	6000000	0
fp_arith_inst_retired.vector:u	259	6000000	0
fp_arith_inst_retired.vector:u	260	6000000	0
fp_arith_inst_retired.vector:u	261	6000000	0
fp_arith_inst_retired.vector:u	262	6000000	0
fp_arith_inst_retired.vector:u	263	6000000	0
fp_arith_inst_retired.vector:u	264	6000000	0
fp_arith_inst_retired.vector:u	265	6000000	0
fp_arith_inst_retired.vector:u	266	6000000	0
fp_arith_inst_retired.vector:u	267	6000000	0
fp_arith_inst_retired.vector:u	268	6000000	0
fp_arith_inst_retired.vector:u	269	6000000	0
fp_arith_inst_retired.vector:u	270	6000000	0
fp_arith_inst_retired.vector:u	271	6000000	0
fp_arith_inst_retired.vector:u	272	6000000	0
fp_arith_inst_retired.vector:u	273	6000000	0
fp_arith_inst_retired.vector:u	274	6000000	0
fp_arith_inst_retired.vector:u	275	6000000	0
fp_arith_inst_retired.vector:u	276	6000000	0
fp_arith_inst_retired.vector:u	277	6000000	0
fp_arith_inst_retired.vector:u	278	6000000	0
fp_arith_inst_retired.vector:u	279	6000000	0
fp_arith_inst_retired.vector:u	280	6000000	0
fp_arith_inst_retired.vector:u	281	6000000	0
fp_arith_inst_retired.vector:u	282	6000000	0
fp_arith_inst_retired.vector:u	283	6000000	0
fp_arith_inst_retired.vector:u	284	6000000	0
fp_arith_inst_retired.vector:u	285	6000000	0
fp_arith_inst_retired.vector:u	286	6000000	0
fp_arith_inst_retired.vector:u	287	6000000	0
fp_arith_inst_retired.vector:u	288	6000000	0
fp_arith_inst_retired.vector:u	289	6000000	0
fp_arith_inst_retired.vector:u	290	6000000	0
fp_arith_inst_retired.vector:u	291	6000000	0
fp_arith_inst_retired.vector:u	292	6000000	0
fp_arith_inst_retired.vector:u	293	6000000	0
fp_arith_inst_retired.vector:u	294	6000000	0
fp_arith_inst_retired.vector:u	295	6000000	0
fp_arith_inst_retired.vector:u	296	6000000	0
fp_arith_inst_retired.vector:u	297	6000000	0
fp_arith_inst_retired.vector:u	298	6000000	0
fp_arith_inst_retired.vector:u	299	6000000	0
fp_arith_inst_retired.vector:u	300	6000000	0
fp_arith_inst_retired.vector:u	301	6000000	0
fp_arith_inst_retired.vector:u	302	6000000	0
fp_arith_inst_retired.vector:u	303	6000000	0
fp_arith_inst_retired.vector:u	304	6000000	0
fp_arith_inst_retired.vector:u	305	6000000	0
fp_arith_inst_retired.vector:u	306	6000000	0
fp_arith_inst_retired.vector:u	307	6000000	0
fp_arith_inst_retired.vector:u	308	6000000	0
fp_arith_inst_retired.vector:u	309	6000000	0
fp_arith_inst_retired.vector:u	310	6000000	0
fp_arith_inst_retired.vector:u	311	6000000	0
fp_arith_inst_retired.vector:u	312	6000000	0
fp_arith_inst_retired.vector:u	313	6000000	0
fp_arith_inst_retired.vector:u	314	6000000	0
fp_arith_inst_retired.vector:u	315	6000000	0
fp_arith_inst_retired.vector:u	316	6000000	0
fp_arith_inst_retired.vector:u	317	6000000	0
fp_arith_inst_retired.vector:u	318	6000000	0
fp_arith_inst_retired.vector:u	319	6000000	0
fp_arith_inst_retired.vector:u	320	6000000	0
fp_arith_inst_retired.vector:u	321	6000000	0
fp_arith_inst_retired.vector:u	322	6000000	0
fp_arith_inst_retired.vector:u	323	6000000	0
fp_arith_inst_retired.vector:u	324	6000000	0
fp_arith_inst_retired.vector:u	325	6000000	0
fp_arith_inst_retired.vector:u	326	6000000	0
fp_arith_inst_retired.vector:u	327	6000000	0
fp_arith_inst_retired.vector:u	328	6000000	0
fp_arith_inst_retired.vector:u	329	6000000	0
fp_arith_inst_retired.vector:u	330	6000000	0
fp_arith_inst_retired.vector:u	331	6000000	0
fp_arith_inst_retired.vector:u	332	6000000	0
fp_arith_inst_retired.vector:u	333	6000000	0
fp_arith_inst_retired.vector:u	334	6000000	0
fp_arith_inst_retired.vector:u	335	6000000	0
fp_arith_inst_retired.vector:u	336	6000000	0
fp_arith_inst_retired.vector:u	337	6000000	0
fp_arith_inst_retired.vector:u	338	6000000	0
fp_arith_inst_retired.vector:u	339	6000000	0
fp_arith_inst_retired.vector:u	340	6000000	0
fp_arith_inst_retired.vector:u	341	6000000	0
fp_arith_inst_retired.vector:u	342	6000000	0
fp_arith_inst_retired.vector:u	343	6000000	0
fp_arith_inst_retired.vector:u	344	6000000	0
fp_arith_inst_retired.vector:u	345	6000000	0
fp_arith_inst_retired.vector:u	346	6000000	0
fp_arith_inst_retired.vector:u	347	6000000	0
fp_arith_inst_retired.vector:u	348	6000000	0
fp_arith_inst_retired.vector:u	349	6000000	0
fp_arith_inst_retired.vector:u	350	6000000	0
fp_arith_inst_retired.vector:u	351	6000000	0
fp_arith_inst_retired.vector:u	352	6000000	0
fp_arith_inst_retired.vector:u	353	6000000	0
fp_arith_inst_retired.vector:u	354	6000000	0
fp_arith_inst_retired.vector:u	355	6000000	0
fp_arith_inst_retired.vector:u	356	6000000	0
fp_arith_inst_retired.vector:u	357	6000000	0
fp_arith_inst_retired.vector:u	358	6000000	0
fp_arith_inst_retired.vector:u	359	6000000	0
fp_arith_inst_retired.vector:u	360	6000000	0
fp_arith_inst_retired.vector:u	361	6000000	0
fp_arith_inst_retired.vector:u	362	6000000	0
fp_arith_inst_retired.vector:u	363	6000000	0
fp_arith_inst_retired.vector:u	364	6000000	0
fp_arith_inst_retired.vector:u	365	6000000	0
fp_arith_inst_retired.vector:u	366	6000000	0
fp_arith_inst_retired.vector:u	367	6000000	0
fp_arith_inst_retired.vector:u	368	6000000	0
fp_arith_inst_retired.vector:u	369	6000000	0
fp_arith_inst_retired.vector:u	370	6000000	0
fp_arith_inst_retired.vector:u	371	6000000	0
fp_arith_inst_retired.vector:u	372	6000000	0
fp_arith_inst_retired.vector:u	373	6000000	0
fp_arith_inst_retired.vector:u	374	6000000	0
fp_arith_inst_retired.vector:u	375	6000000	0
fp_arith_inst_retired.vector:u	376	6000000	0
fp_arith_inst_retired.vector:u	377	6000000	0
fp_arith_inst_retired.vector:u	378	6000000	0
fp_arith_inst_retired.vector:u	379	6000000	0
fp_arith_inst_retired.vector:u	380	6000000	0
fp_arith_inst_retired.vector:u	381	6000000	0
fp_arith_inst_retired.vector:u	382	6000000	0
fp_arith_inst_retired.vector:u	383	6000000	0
fp_arith_inst_retired.vector:u	384	6000000	0
fp_arith_inst_retired.vector:u	385	6000000	0
fp_arith_inst_retired.vector:u	386	6000000	0
fp_arith_inst_retired.vector:u	387	6000000	0
fp_arith_inst_retired.vector:u	388	6000000	0
fp_arith_inst_retired.vector:u	389	6000000	0
fp_arith_inst_retired.vector:u	390	6000000	0
fp_arith_inst_retired.vector:u	391	6000000	0
fp_arith_inst_retired.vector:u	392	6000000	0
fp_arith_inst_retired.vector:u	393	6000000	0
fp_arith_inst_retired.vector:u	394	6000000	0
fp_arith_inst_retired.vector:u	395	6000000	0
fp_arith_inst_retired.vector:u	396	6000000	0
fp_arith_inst_retired.vector:u	397	6000000	0
fp_arith_inst_retired.vector:u	398	6000000	0
fp_arith_inst_retired.vector:u	399	6000000	0
fp_arith_inst_retired.vector:u	400	6000000	0
fp_arith_inst_retired.vector:u	401	6000000	0
fp_arith_inst_retired.vector:u	402	6000000	0
fp_arith_inst_retired.vector:u	403	6000000	0
fp_arith_inst_retired.vector:u	404	6000000	0
fp_arith_inst_retired.vector:u	405	6000000	0
fp_arith_inst_retired.vector:u	406	6000000	0
fp_arith_inst_retired.vector:u	407	6000000	0
fp_arith_inst_retired.vector:u	408	6000000	0
fp_arith_inst_retired.vector:u	409	6000000	0
fp_arith_inst_retired.vector:u	410	6000000	0
fp_arith_inst_retired.vector:u	411	6000000	0
fp_arith_inst_retired.vector:u	412	6000000	0
fp_arith_inst_retired.vector:u	413	6000000	0
fp_arith_inst_retired.vector:u	414	6000000	0
fp_arith_inst_retired.vector:u	415	6000000	0
fp_arith_inst_retired.vector:u	416	6000000	0
fp_arith_inst_retired.vector:u	417	6000000	0
fp_arith_inst_retired.vector:u	418	6000000	0
fp_arith_inst_retired.vector:u	419	6000000	0
fp_arith_inst_retired.vector:u	420	6000000	0
fp_arith_inst_retired.vector:u	421	6000000	0
fp_arith_inst_retired.vector:u	422	6000000	0
fp_arith_inst_retired.vector:u	423	6000000	0
fp_arith_inst_retired.vector:u	424	6000000	0
fp_arith_inst_retired.vector:u	425	6000000	0
fp_arith_inst_retired.vector:u	426	6000000	0
fp_arith_inst_retired.vector:u	427	6000000	0
fp_arith_inst_retired.vector:u	428	6000000	0
fp_arith_inst_retired.vector:u	429	6000000	0
fp_arith_inst_retired.vector:u	430	6000000	0
fp_arith_inst_retired.vector:u	431	6000000	0
fp_arith_inst_retired.vector:u	432	6000000	0
fp_arith_inst_retired.vector:u	433	6000000	0
fp_arith_inst_retired.vector:u	434	6000000	0
fp_arith_inst_retired.vector:u	435	6000000	0
fp_arith_inst_retired.vector:u	436	6000000	0
fp_arith_inst_retired.vector:u	437	6000000	0
fp_arith_inst_retired.vector:u	438	6000000	0
fp_arith_inst_retired.vector:u	439	6000000	0
fp_arith_inst_retired.vector:u	440	6000000	0
fp_arith_inst_retired.vector:u	441	6000000	0
fp_arith_inst_retired.vector:u	442	6000000	0
fp_arith_inst_retired.vector:u	443	6000000	0
fp_arith_inst_retired.vector:u	444	6000000	0
fp_arith_inst_retired.vector:u	445	6000000	0
fp_arith_inst_retired.vector:u	446	6000000	0
fp_arith_inst_retired.vector:u	447	6000000	0
fp_arith_inst_retired.vector:u	448	6000000	0
fp_arith_inst_retired.vector:u	449	6000000	0
fp_arith_inst_retired.vector:u	450	6000000	0
fp_arith_inst_retired.vector:u	451	6000000	0
fp_arith_inst_retired.vector:u	452	6000000	0
fp_arith_inst_retired.vector:u	453	6000000	0
fp_arith_inst_retired.vector:u	454	6000000	0
fp_arith_inst_retired.vector:u	455	6000000	0
fp_arith_inst_retired.vector:u	456	6000000	0
fp_arith_inst_retired.vector:u	457	6000000	0
fp_arith_inst_retired.vector:u	458	6000000	0
fp_arith_inst_retired.vector:u	459	6000000	0
fp_arith_inst_retired.vector:u	460	6000000	0
fp_arith_inst_retired.vector:u	461	6000000	0
fp_arith_inst_retired.vector:u	462	6000000	0
fp_arith_inst_retired.vector:u	463	6000000	0
fp_arith_inst_retired.vector:u	464	6000000	0
fp_arith_inst_retired.vector:u	465	6000000	0
fp_arith_inst_retired.vector:u	466	6000000	0
fp_arith_inst_retired.vector:u	467	6000000	0
fp_arith_inst_retired.vector:u	468	6000000	0
fp_arith_inst_retired.vector:u	469	6000000	0
fp_arith_inst_retired.vector:u	470	6000000	0
fp_arith_inst_retired.vector:u	471	6000000	0
fp_arith_inst_retired.vector:u	472	6000000	0
fp_arith_inst_retired.vector:u	473	6000000	0
fp_arith_inst_retired.vector:u	474	6000000	0
fp_arith_inst_retired.vector:u	475	6000000	0
fp_arith_inst_retired.vector:u	476	6000000	0
fp_arith_inst_retired.vector:u	477	6000000	0
fp_arith_inst_retired.vector:u	478	6000000	0
fp_arith_inst_retired.vector:u	479	6000000	0
fp_arith_inst_retired.vector:u	480	6000000	0
fp_arith_inst_retired.vector:u	481	6000000	0
fp_arith_inst_retired.vector:u	482	6000000	0
fp_arith_inst_retired.vector:u	483	6000000	0
fp_arith_inst_retired.vector:u	484	6000000	0
fp_arith_inst_retired.vector:u	485	6000000	0
fp_arith_inst_retired.vector:u	486	6000000	0
fp_arith_inst_retired.vector:u	487	6000000	0
fp_arith_inst_retired.vector:u	488	6000000	0
fp_arith_inst_retired.vector:u	489	6000000	0
fp_arith_inst_retired.vector:u	490	6000000	0
fp_arith_inst_retired.vector:u	491	6000000	0
fp_arith_inst_retired.vector:u	492	6000000	0
fp_arith_inst_retired.vector:u	493	6000000	0
fp_arith_inst_retired.vector:u	494	6000000	0
fp_arith_inst_retired.vector:u	495	6000000	0
fp_arith_inst_retired.vector:u	496	6000000	0
fp_arith_inst_retired.vector:u	497	6000000	0
fp_arith_inst_retired.vector:u	498	6000000	0
fp_arith_inst_retired.vector:u	499	6000000	0
fp_arith_inst_retired.vector:u	500	6000000	0
fp_arith_inst_retired.vector:u	501	6000000	0
fp_arith_inst_retired.vector:u	502	6000000	0
fp_arith_inst_retired.vector:u	503	6000000	0
fp_arith_inst_retired.vector:u	504	6000000	0
fp_arith_inst_retired.vector:u	505	6000000	0
fp_arith_inst_retired.vector:u	506	6000000	0
fp_arith_inst_retired.vector:u	507	6000000	0
fp_arith_inst_retired.vector:u	508	6000000	0
fp_arith_inst_retired.vector:u	509	6000000	0
fp_arith_inst_retired.vector:u	510	6000000	0
fp_arith_inst_retired.vector:u	511	6000000	0
fp_arith_inst_retired.vector:u	512	6000000	0
fp_arith_inst_retired.vector:u	513	6000000	0
fp_arith_inst_retired.vector:u	514	6000000	0
fp_arith_inst_retired.vector:u	515	6000000	0
fp_arith_inst_retired.vector:u	516	6000000	0
fp_arith_inst_retired.vector:u	517	6000000	0
fp_arith_inst_retired.vector:u	518	6000000	0
fp_arith_inst_retired.vector:u	519	6000000	0
fp_arith_inst_retired.vector:u	520	6000000	0
fp_arith_inst_retired.vector:u	521	6000000	0
fp_arith_inst_retired.vector:u	522	6000000	0
fp_arith_inst_retired.vector:u	523	6000000	0
fp_arith_inst_retired.vector:u	524	6000000	0
fp_arith_inst_retired.vector:u	525	6000000	0
fp_arith_inst_retired.vector:u	526	6000000	0
fp_arith_inst_retired.vector:u	527	6000000	0
fp_arith_inst_retired.vector:u	528	6000000	0
fp_arith_inst_retired.vector:u	529	6000000	0
fp_arith_inst_retired.vector:u	530	6000000	0
fp_arith_inst_retired.vector:u	531	6000000	0
fp_arith_inst_retired.vector:u	532	6000000	0
fp_arith_inst_retired.vector:u	533	6000000	0
fp_arith_inst_retired.vector:u	534	6000000	0
fp_arith_inst_retired.vector:u	535	6000000	0
fp_arith_inst_retired.vector:u	536	6000000	0
fp_arith_inst_retired.vector:u	537	6000000	0
fp_arith_inst_retired.vector:u	538	6000000	0
fp_arith_inst_retired.vector:u	539	6000000	0
fp_arith_inst_retired.vector:u	540	6000000	0
fp_arith_inst_retired.vector:u	541	6000000	0
fp_arith_inst_retired.vector:u	542	6000000	0
fp_arith_inst_retired.vector:u	543	6000000	0
fp_arith_inst_retired.vector:u	544	6000000	0
fp_arith_inst_retired.vector:u	545	6000000	0
fp_arith_inst_retired.vector:u	546	6000000	0
fp_arith_inst_retired.vector:u	547	6000000	0
fp_arith_inst_retired.vector:u	548	6000000	0
fp_arith_inst_retired.vector:u	549	6000000	0
fp_arith_inst_retired.vector:u	550	6000000	0
fp_arith_inst_retired.vector:u	551	6000000	0
fp_arith_inst_retired.vector:u	552	6000000	0
fp_arith_inst_retired.vector:u	553	6000000	0
fp_arith_inst_retired.vector:u	554	6000000	0
fp_arith_inst_retired.vector:u	555	6000000	0
fp_arith_inst_retired.vector:u	556	6000000	0
fp_arith_inst_retired.vector:u	557	6000000	0
fp_arith_inst_retired.vector:u	558	6000000	0
fp_arith_inst_retired.vector:u	559	6000000	0
fp_arith_inst_retired.vector:u	560	6000000	0
fp_arith_inst_retired.vector:u	561	6000000	0
fp_arith_inst_retired.vector:u	562	6000000	0
fp_arith_inst_retired.vector:u	563	6000000	0
fp_arith_inst_retired.vector:u	564	6000000	0
fp_arith_inst_retired.vector:u	565	6000000	0
fp_arith_inst_retired.vector:u	566	6000000	0
fp_arith_inst_retired.vector:u	567	6000000	0
fp_arith_inst_retired.vector:u	568	6000000	0
fp_arith_inst_retired.vector:u	569	6000000	0
fp_arith_inst_retired.vector:u	570	6000000	0
fp_arith_inst_retired.vector:u	571	6000000	0
fp_arith_inst_retired.vector:u	572	6000000	0
fp_arith_inst_retired.vector:u	573	6000000	0
fp_arith_inst_retired.vector:u	574	6000000	0
fp_arith_inst_retired.vector:u	575	6000000	0
fp_arith_inst_retired.vector:u	576	6000000	0
fp_arith_inst_retired.vector:u	577	6000000	0
fp_arith_inst_retired.vector:u	578	6000000	0
fp_arith_inst_retired.vector:u	579	6000000	0
fp_arith_inst_retired.vector:u	580	6000000	0
fp_arith_inst_retired.vector:u	581	6000000	0
fp_arith_inst_retired.vector:u	582	6000000	0
fp_arith_inst_retired.vector:u	583	6000000	0
fp_arith_inst_retired.vector:u	584	6000000	0
fp_arith_inst_retired.vector:u	585	6000000	0
fp_arith_inst_retired.vector:u	586	6000000	0
fp_arith_inst_retired.vector:u	587	6000000	0
fp_arith_inst_retired.vector:u	588	6000000	0
fp_arith_inst_retired.vector:u	589	6000000	0
fp_arith_inst_retired.vector:u	590	6000000	0
fp_arith_inst_retired.vector:u	591	6000000	0
fp_arith_inst_retired.vector:u	592	6000000	0
fp_arith_inst_retired.vector:u	593	6000000	0
fp_arith_inst_retired.vector:u	594	6000000	0
fp_arith_inst_retired.vector:u	595	6000000	0
fp_arith_inst_retired.vector:u	596	6000000	0
fp_arith_inst_retired.vector:u	597	6000000	0
fp_arith_inst_retired.vector:u	598	6000000	0
fp_arith_inst_retired.vector:u	599	6000000	0
fp_arith_inst_retired.vector:u	600	6000000	0
fp_arith_inst_retired.vector:u	601	6000000	0
fp_arith_inst_retired.vector:u	602	6000000	0
fp_arith_inst_retired.vector:u	603	6000000	0
fp_arith_inst_retired.vector:u	604	6000000	0
fp_arith_inst_retired.vector:u	605	6000000	0
fp_arith_inst_retired.vector:u	606	6000000	0
fp_arith_inst_retired.vector:u	607	6000000	0
fp_arith_inst_retired.vector:u	608	6000000	0
fp_arith_inst_retired.vector:u	609	6000000	0
fp_arith_inst_retired.vector:u	610	6000000	0
fp_arith_inst_retired.vector:u	611	6000000	0
fp_arith_inst_retired.vector:u	612	6000000	0
fp_arith_inst_retired.vector:u	613	6000000	0
fp_arith_inst_retired.vector:u	614	6000000	0
fp_arith_inst_retired.vector:u	615	6000000	0
fp_arith_inst_retired.vector:u	616	6000000	0
fp_arith_inst_retired.vector:u	617	6000000	0
fp_arith_inst_retired.vector:u	618	6000000	0
fp_arith_inst_retired.vector:u	619	6000000	0
fp_arith_inst_retired.vector:u	620	6000000	0
fp_arith_inst_retired.vector:u	621	6000000	0
fp_arith_inst_retired.vector:u	622	6000000	0
fp_arith_inst_retired.vector:u	623	6000000	0
fp_arith_inst_retired.vector:u	624	6000000	0
fp_arith_inst_retired.vector:u	625	6000000	0
fp_arith_inst_retired.vector:u	626	6000000	0
fp_arith_inst_retired.vector:u	627	6000000	0
fp_arith_inst_retired.vector:u	628	6000000	0
fp_arith_inst_retired.vector:u	629	6000000	0
fp_arith_inst_retired.vector:u	630	6000000	0
fp_arith_inst_retired.vector:u	631	6000000	0
fp_arith_inst_retired.vector:u	632	6000000	0
fp_arith_inst_retired.vector:u	633	6000000	0
fp_arith_inst_retired.vector:u	634	6000000	0
fp_arith_inst_retired.vector:u	635	6000000	0
fp_arith_inst_retired.vector:u	636	6000000	0
fp_arith_inst_retired.vector:u	637	6000000	0
fp_arith_inst_retired.vector:u	638	6000000	0
fp_arith_inst_retired.vector:u	639	6000000	0
fp_arith_inst_retired.vector:u	640	6000000	0
fp_arith_inst_retired.vector:u	641	6000000	0
fp_arith_inst_retired.vector:u	642	6000000	0
fp_arith_inst_retired.vector:u	643	6000000	0
fp_arith_inst_retired.vector:u	644	6000000	0
fp_arith_inst_retired.vector:u	645	6000000	0
fp_arith_inst_retired.vector:u	646	6000000	0
fp_arith_inst_retired.vector:u	647	6000000	0
fp_arith_inst_retired.vector:u	648	6000000	0
fp_arith_inst_retired.vector:u	649	6000000	0
fp_arith_inst_retired.vector:u	650	6000000	0
fp_arith_inst_retired.vector:u	651	6000000	0
fp_arith_inst_retired.vector:u	652	6000000	0
fp_arith_inst_retired.vector:u	653	6000000	0
fp_arith_inst_retired.vector:u	654	6000000	0
fp_arith_inst_retired.vector:u	655	6000000	0
fp_arith_inst_retired.vector:u	656	6000000	0
fp_arith_inst_retired.vector:u	657	6000000	0
fp_arith_inst_retired.vector:u	658	6000000	0
fp_arith_inst_retired.vector:u	659	6000000	0
fp_arith_inst_retired.vector:u	660	6000000	0
fp_arith_inst_retired.vector:u	661	6000000	0
fp_arith_inst_retired.vector:u	662	6000000	0
fp_arith_inst_retired.vector:u	663	6000000	0
fp_arith_inst_retired.vector:u	664	6000000	0
fp_arith_inst_retired.vector:u	665	6000000	0
fp_arith_inst_retired.vector:u	666	6000000	0
fp_arith_inst_retired.vector:u	667	6000000	0
fp_arith_inst_retired.vector:u	668	6000000	0
fp_arith_inst_retired.vector:u	669	6000000	0
fp_arith_inst_retired.vector:u	670	6000000	0
fp_arith_inst_retired.vector:u	671	6000000	0
fp_arith_inst_retired.vector:u	672	6000000	0
fp_arith_inst_retired.vector:u	673	6000000	0
fp_arith_inst_retired.vector:u	674	6000000	0
fp_arith_inst_retired.vector:u	675	6000000	0
fp_arith_inst_retired.vector:u	676	6000000	0
fp_arith_inst_retired.vector:u	677	6000000	0
fp_arith_inst_retired.vector:u	678	6000000	0
fp_arith_inst_retired.vector:u	679	6000000	0
fp_arith_inst_retired.vector:u	680	6000000	0
fp_arith_inst_retired.vector:u	681	6000000	0
fp_arith_inst_retired.vector:u	682	6000000	0
fp_arith_inst_retired.vector:u	683	6000000	0
fp_arith_inst_retired.vector:u	684	6000000	0
fp_arith_inst_retired.vector:u	685	6000000	0
fp_arith_inst_retired.vector:u	686	6000000	0
fp_arith_inst_retired.vector:u	687	6000000	0
fp_arith_inst_retired.vector:u	688	6000000	0
fp_arith_inst_retired.vector:u	689	6000000	0
fp_arith_inst_retired.vector:u	690	6000000	0
fp_arith_inst_retired.vector:u	691	6000000	0
fp_arith_inst_retired.vector:u	692	6000000	0
fp_arith_inst_retired.vector:u	693	6000000	0
fp_arith_inst_retired.vector:u	694	6000000	0
fp_arith_inst_retired.vector:u	695	6000000	0
fp_arith_inst_retired.vector:u	696	6000000	0
fp_arith_inst_retired.vector:u	697	6000000	0
fp_arith_inst_retired.vector:u	698	6000000	0
fp_arith_inst_retired.vector:u	699	6000000	0
fp_arith_inst_retired.vector:u	700	6000000	0
fp_arith_inst_retired.vector:u	701	6000000	0
fp_arith_inst_retired.vector:u	702	6000000	0
fp_arith_inst_retired.vector:u	703	6000000	0
fp_arith_inst_retired.vector:u	704	6000000	0
fp_arith_inst_retired.vector:u	705	6000000	0
fp_arith_inst_retired.vector:u	706	6000000	0
fp_arith_inst_retired.vector:u	707	6000000	0
fp_arith_inst_retired.vector:u	708	6000000	0
fp_arith_inst_retired.vector:u	709	6000000	0
fp_arith_inst_retired.vector:u	710	6000000	0
fp_arith_inst_retired.vector:u	711	6000000	0
fp_arith_inst_retired.vector:u	712	6000000	0
fp_arith_inst_retired.vector:u	713	6000000	0
fp_arith_inst_retired.vector:u	714	6000000	0
fp_arith_inst_retired.vector:u	715	6000000	0
fp_arith_inst_retired.vector:u	716	6000000	0
fp_arith_inst_retired.vector:u	717	6000000	0
fp_arith_inst_retired.vector:u	718	6000000	0
fp_arith_inst_retired.vector:u	719	6000000	0
fp_arith_inst_retired.vector:u	720	6000000	0
fp_arith_inst_retired.vector:u	721	6000000	0
fp_arith_inst_retired.vector:u	722	6000000	0
fp_arith_inst_retired.vector:u	723	6000000	0
fp_arith_inst_retired.vector:u	724	6000000	0
fp_arith_inst_retired.vector:u	725	6000000	0
fp_arith_inst_retired.vector:u	726	6000000	0
fp_arith_inst_retired.vector:u	727	6000000	0
fp_arith_inst_retired.vector:u	728	6000000	0
fp_arith_inst_retired.vector:u	729	6000000	0
fp_arith_inst_retired.vector:u	730	6000000	0
fp_arith_inst_retired.vector:u	731	6000000	0
fp_arith_inst_retired.vector:u	732	6000000	0
fp_arith_inst_retired.vector:u	733	6000000	0
fp_arith_inst_retired.vector:u	734	6000000	0
fp_arith_inst_retired.vector:u	735	6000000	0
fp_arith_inst_retired.vector:u	736	6000000	0
fp_arith_inst_retired.vector:u	737	6000000	0
fp_arith_inst_retired.vector:u	738	6000000	0
fp_arith_inst_retired.vector:u	739	6000000	0
fp_arith_inst_retired.vector:u	740	6000000	0
fp_arith_inst_retired.vector:u	741	6000000	0
fp_arith_inst_retired.vector:u	742	6000000	0
fp_arith_inst_retired.vector:u	743	6000000	0
fp_arith_inst_retired.vector:u	744	6000000	0
fp_arith_inst_retired.vector:u	745	6000000	0
fp_arith_inst_retired.vector:u	746	6000000	0
fp_arith_inst_retired.vector:u	747	6000000	0
fp_arith_inst_retired.vector:u	748	6000000	0
fp_arith_inst_retired.vector:u	749	6000000	0
fp_arith_inst_retired.vector:u	750	6000000	0
fp_arith_inst_retired.vector:u	751	6000000	0
fp_arith_inst_retired.vector:u	752	6000000	0
fp_arith_inst_retired.vector:u	753	6000000	0
fp_arith_inst_retired.vector:u	754	6000000	0
fp_arith_inst_retired.vector:u	755	6000000	0
fp_arith_inst_retired.vector:u	756	6000000	0
fp_arith_inst_retired.vector:u	757	6000000	0
fp_arith_inst_retired.vector:u	758	6000000	0
fp_arith_inst_retired.vector:u	759	6000000	0
fp_arith_inst_retired.vector:u	760	6000000	0
fp_arith_inst_retired.vector:u	761	6000000	0
fp_arith_inst_retired.vector:u	762	6000000	0
fp_arith_inst_retired.vector:u	763	6000000	0
fp_arith_inst_retired.vector:u	764	6000000	0
fp_arith_inst_retired.vector:u	765	6000000	0
fp_arith_inst_retired.vector:u	766	6000000	0
fp_arith_inst_retired.vector:u	767	6000000	0
fp_arith_inst_retired.vector:u	768	6000000	0
fp_arith_inst_retired.vector:u	769	6000000	0
fp_arith_inst_retired.vector:u	770	6000000	0
fp_arith_inst_retired.vector:u	771	6000000	0
fp_arith_inst_retired.vector:u	772	6000000	0
fp_arith_inst_retired.vector:u	773	6000000	0
fp_arith_inst_retired.vector:u	774	6000000	0
fp_arith_inst_retired.vector:u	775	6000000	0
fp_arith_inst_retired.vector:u	776	6000000	0
fp_arith_inst_retired.vector:u	777	6000000	0
fp_arith_inst_retired.vector:u	778	6000000	0
fp_arith_inst_retired.vector:u	779	6000000	0
fp_arith_inst_retired.vector:u	780	6000000	0
fp_arith_inst_retired.vector:u	781	6000000	0
fp_arith_inst_retired.vector:u	782	6000000	0
fp_arith_inst_retired.vector:u	783	6000000	0
fp_arith_inst_retired.vector:u	784	6000000	0
fp_arith_inst_retired.vector:u	785	6000000	0
fp_arith_inst_retired.vector:u	786	6000000	0
fp_arith_inst_retired.vector:u	787	6000000	0
fp_arith_inst_retired.vector:u	788	6000000	0
fp_arith_inst_retired.vector:u	789	6000000	0
fp_arith_inst_retired.vector:u	790	6000000	0
fp_arith_inst_retired.vector:u	791	6000000	0
fp_arith_inst_retired.vector:u	792	6000000	0
fp_arith_inst_retired.vector:u	793	6000000	0
fp_arith_inst_retired.vector:u	794	6000000	0
fp_arith_inst_retired.vector:u	795	6000000	0
fp_arith_inst_retired.vector:u	796	6000000	0
fp_arith_inst_retired.vector:u	797	6000000	0
fp_arith_inst_retired.vector:u	798	6000000	0
fp_arith_inst_retired.vector:u	799	6000000	0
fp_arith_inst_retired.vector:u	800	6000000	0
fp_arith_inst_retired.vector:u	801	6000000	0
fp_arith_inst_retired.vector:u	802	6000000	0
fp_arith_inst_retired.vector:u	803	6000000	0
fp_arith_inst_retired.vector:u	804	6000000	0
fp_arith_inst_retired.vector:u	805	6000000	0
fp_arith_inst_retired.vector:u	806	6000000	0
fp_arith_inst_retired.vector:u	807	6000000	0
fp_arith_inst_retired.vector:u	808	6000000	0
fp_arith_inst_retired.vector:u	809	6000000	0
fp_arith_inst_retired.vector:u	810	6000000	0
fp_arith_inst_retired.vector:u	811	6000000	0
fp_arith_inst_retired.vector:u	812	6000000	0
fp_arith_inst_retired.vector:u	813	6000000	0
fp_arith_inst_retired.vector:u	814	6000000	0
fp_arith_inst_retired.vector:u	815	6000000	0
fp_arith_inst_retired.vector:u	816	6000000	0
fp_arith_inst_retired.vector:u	817	6000000	0
fp_arith_inst_retired.vector:u	818	6000000	0
fp_arith_inst_retired.vector:u	819	6000000	0
fp_arith_inst_retired.vector:u	820	6000000	0
fp_arith_inst_retired.vector:u	821	6000000	0
fp_arith_inst_retired.vector:u	822	6000000	0
fp_arith_inst_retired.vector:u	823	6000000	0
fp_arith_inst_retired.vector:u	824	6000000	0
fp_arith_inst_retired.vector:u	825	6000000	0
fp_arith_inst_retired.vector:u	826	6000000	0
fp_arith_inst_retired.vector:u	827	6000000	0
fp_arith_inst_retired.vector:u	828	6000000	0
fp_arith_inst_retired.vector:u	829	6000000	0
fp_arith_inst_retired.vector:u	830	6000000	0
fp_arith_inst_retired.vector:u	831	6000000	0
fp_arith_inst_retired.vector:u	832	6000000	0
fp_arith_inst_retired.vector:u	833	6000000	0
fp_arith_inst_retired.vector:u	834	6000000	0
fp_arith_inst_retired.vector:u	835	6000000	0
fp_arith_inst_retired.vector:u	836	6000000	0
fp_arith_inst_retired.vector:u	837	6000000	0
fp_arith_inst_retired.vector:u	838	6000000	0
fp_arith_inst_retired.vector:u	839	6000000	0
fp_arith_inst_retired.vector:u	840	6000000	0
fp_arith_inst_retired.vector:u	841	6000000	0
fp_arith_inst_retired.vector:u	842	6000000	0
fp_arith_inst_retired.vector:u	843	6000000	0
fp_arith_inst_retired.vector:u	844	6000000	0
fp_arith_inst_retired.vector:u	845	6000000	0
fp_arith_inst_retired.vector:u	846	6000000	0
fp_arith_inst_retired.vector:u	847	6000000	0
fp_arith_inst_retired.vector:u	848	6000000	0
fp_arith_inst_retired.vector:u	849	6000000	0
fp_arith_inst_retired.vector:u	850	6000000	0
fp_arith_inst_retired.vector:u	851	6000000	0
fp_arith_inst_retired.vector:u	852	6000000	0
fp_arith_inst_retired.vector:u	853	6000000	0
fp_arith_inst_retired.vector:u	854	6000000	0
fp_arith_inst_retired.vector:u	855	6000000	0
fp_arith_inst_retired.vector:u	856	6000000	0
fp_arith_inst_retired.vector:u	857	6000000	0
fp_arith_inst_retired.vector:u	858	6000000	0
fp_arith_inst_retired.vector:u	859	6000000	0
fp_arith_inst_retired.vector:u	860	6000000	0
fp_arith_inst_retired.vector:u	861	6000000	0
fp_arith_inst_retired.vector:u	862	6000000	0
fp_arith_inst_retired.vector:u	863	6000000	0
fp_arith_inst_retired.vector:u	864	6000000	0
fp_arith_inst_retired.vector:u	865	6000000	0
fp_arith_inst_retired.vector:u	866	6000000	0
fp_arith_inst_retired.vector:u	867	6000000	0
fp_arith_inst_retired.vector:u	868	6000000	0
fp_arith_inst_retired.vector:u	869	6000000	0
fp_arith_inst_retired.vector:u	870	6000000	0
fp_arith_inst_retired.vector:u	871	6000000	0
fp_arith_inst_retired.vector:u	872	6000000	0
fp_arith_inst_retired.vector:u	873	6000000	0
fp_arith_inst_retired.vector:u	874	6000000	0
fp_arith_inst_retired.vector:u	875	6000000	0
fp_arith_inst_retired.vector:u	876	6000000	0
fp_arith_inst_retired.vector:u	877	6000000	0
fp_arith_inst_retired.vector:u	878	6000000	0
fp_arith_inst_retired.vector:u	879	6000000	0
fp_arith_inst_retired.vector:u	880	6000000	0
fp_arith_inst_retired.vector:u	881	6000000	0
fp_arith_inst_retired.vector:u	882	6000000	0
fp_arith_inst_retired.vector:u	883	6000000	0
fp_arith_inst_retired.vector:u	884	6000000	0
fp_arith_inst_retired.vector:u	885	6000000	0
fp_arith_inst_retired.vector:u	886	6000000	0
fp_arith_inst_retired.vector:u	887	6000000	0
fp_arith_inst_retired.vector:u	888	6000000	0
fp_arith_inst_retired.vector:u	889	6000000	0
fp_arith_inst_retired.vector:u	890	6000000	0
fp_arith_inst_retired.vector:u	891	6000000	0
fp_arith_inst_retired.vector:u	892	6000000	0
fp_arith_inst_retired.vector:u	893	6000000	0
fp_arith_inst_retired.vector:u	894	6000000	0
fp_arith_inst_retired.vector:u	895	6000000	0
fp_arith_inst_retired.vector:u	896	6000000	0
fp_arith_inst_retired.vector:u	897	6000000	0
fp_arith_inst_retired.vector:u	898	6000000	0
fp_arith_inst_retired.vector:u	899	6000000	0
fp_arith_inst_retired.vector:u	900	6000000	0
fp_arith_inst_retired.vector:u	901	6000000	0
fp_arith_inst_retired.vector:u	902	6000000	0
fp_arith_inst_retired.vector:u	903	6000000	0
fp_arith_inst_retired.vector:u	904	6000000	0
fp_arith_inst_retired.vector:u	905	6000000	0
fp_arith_inst_retired.vector:u	906	6000000	0
fp_arith_inst_retired.vector:u	907	6000000	0
fp_arith_inst_retired.vector:u	908	6000000	0
fp_arith_inst_retired.vector:u	909	6000000	0
fp_arith_inst_retired.vector:u	910	6000000	0
fp_arith_inst_retired.vector:u	911	6000000	0
fp_arith_inst_retired.vector:u	912	6000000	0
fp_arith_inst_retired.vector:u	913	6000000	0
fp_arith_inst_retired.vector:u	914	6000000	0
fp_arith_inst_retired.vector:u	915	6000000	0
fp_arith_inst_retired.vector:u	916	6000000	0
fp_arith_inst_retired.vector:u	917	6000000	0
fp_arith_inst_retired.vector:u	918	6000000	0
fp_arith_inst_retired.vector:u	919	6000000	0
fp_arith_inst_retired.vector:u	920	6000000	0
fp_arith_inst_retired.vector:u	921	6000000	0
fp_arith_inst_retired.vector:u	922	6000000	0
fp_arith_inst_retired.vector:u	923	6000000	0
fp_arith_inst_retired.vector:u	924	6000000	0
fp_arith_inst_retired.vector:u	925	6000000	0
fp_arith_inst_retired.vector:u	926	6000000	0
fp_arith_inst_retired.vector:u	927	6000000	0
fp_arith_inst_retired.vector:u	928	6000000	0
fp_arith_inst_retired.vector:u	929	6000000	0
fp_arith_inst_retired.vector:u	930	6000000	0
fp_arith_inst_retired.vector:u	931	6000000	0
fp_arith_inst_retired.vector:u	932	6000000	0
fp_arith_inst_retired.vector:u	933	6000000	0
fp_arith_inst_retired.vector:u	934	6000000	0
fp_arith_inst_retired.vector:u	935	6000000	0
fp_arith_inst_retired.vector:u	936	6000000	0
fp_arith_inst_retired.vector:u	937	6000000	0
fp_arith_inst_retired.vector:u	938	6000000	0
fp_arith_inst_retired.vector:u	939	6000000	0
fp_arith_inst_retired.vector:u	940	6000000	0
fp_arith_inst_retired.vector:u	941	6000000	0
fp_arith_inst_retired.vector:u	942	6000000	0
fp_arith_inst_retired.vector:u	943	6000000	0
fp_arith_inst_retired.vector:u	944	6000000	0
fp_arith_inst_retired.vector:u	945	6000000	0
fp_arith_inst_retired.vector:u	946	6000000	0
fp_arith_inst_retired.vector:u	947	6000000	0
fp_arith_inst_retired.vector:u	948	6000000	0
fp_arith_inst_retired.vector:u	949	6000000	0
fp_arith_inst_retired.vector:u	950	6000000	0
fp_arith_inst_retired.vector:u	951	6000000	0
fp_arith_inst_retired.vector:u	952	6000000	0
fp_arith_inst_retired.vector:u	953	6000000	0
fp_arith_inst_retired.vector:u	954	6000000	0
fp_arith_inst_retired.vector:u	955	6000000	0
fp_arith_inst_retired.vector:u	956	6000000	0
fp_arith_inst_retired.vector:u	957	6000000	0
fp_arith_inst_retired.vector:u	958	6000000	0
fp_arith_inst_retired.vector:u	959	6000000	0
fp_arith_inst_retired.vector:u	960	6000000	0
fp_arith_inst_retired.vector:u	961	6000000	0
fp_arith_inst_retired.vector:u	962	6000000	0
fp_arith_inst_retired.vector:u	963	6000000	0
fp_arith_inst_retired.vector:u	964	6000000	0
fp_arith_inst_retired.vector:u	965	6000000	0
fp_arith_inst_retired.vector:u	966	6000000	0
fp_arith_inst_retired.vector:u	967	6000000	0
fp_arith_inst_retired.vector:u	968	6000000	0
fp_arith_inst_retired.vector:u	969	6000000	0
fp_arith_inst_retired.vector:u	970	6000000	0
fp_arith_inst_retired.vector:u	971	6000000	0
fp_arith_inst_retired.vector:u	972	6000000	0
fp_arith_inst_retired.vector:u	973	6000000	0
fp_arith_inst_retired.vector:u	974	6000000	0
fp_arith_inst_retired.vector:u	975	6000000	0
fp_arith_inst_retired.vector:u	976	6000000	0
fp_arith_inst_retired.vector:u	977	6000000	0
fp_arith_inst_retired.vector:u	978	6000000	0
fp_arith_inst_retired.vector:u	979	6000000	0
fp_arith_inst_retired.vector:u	980	6000000	0
fp_arith_inst_retired.vector:u	981	6000000	0
fp_arith_inst_retired.vector:u	982	6000000	0
fp_arith_inst_retired.vector:u	983	6000000	0
fp_arith_inst_retired.vector:u	984	6000000	0
fp_arith_inst_retired.vector:u	985	6000000	0
fp_arith_inst_retired.vector:u	986	6000000	0
fp_arith_inst_retired.vector:u	987	6000000	0
fp_arith_inst_retired.vector:u	988	6000000	0
fp_arith_inst_retired.vector:u	989	6000000	0
fp_arith_inst_retired.vector:u	990	6000000	0
fp_arith_inst_retired.vector:u	991	6000000	0
fp_arith_inst_retired.vector:u	992	6000000	0
fp_arith_inst_retired.vector:u	993	6000000	0
fp_arith_inst_retired.vector:u	994	6000000	0
fp_arith_inst_retired.vector:u	995	6000000	0
fp_arith_inst_retired.vector:u	996	6000000	0
fp_arith_inst_retired.vector:u	997	6000000	0
fp_arith_inst_retired.vector:u	998	6000000	0
fp_arith_inst_retired.vector:u	999	6000000	0
fp_arith_inst_retired.vector:u	1000	6000000	0
idq.mite_cycles:u	1	58001482	0
idq.mite_cycles:u	2	57792924	0
hle_retired.aborted_timer:u	1	0	0
hle_retired.aborted_timer:u	2	0	0
hle_retired.aborted_timer:u	3	0	0
hle_retired.aborted_timer:u	4	0	0
hle_retired.aborted_timer:u	5	0	0
hle_retired.aborted_timer:u	6	0	0
hle_retired.aborted_timer:u	7	0	0
hle_retired.aborted_timer:u	8	0	0
hle_retired.aborted_timer:u	9	0	0
hle_retired.aborted_timer:u	10	0	0
hle_retired.aborted_timer:u	11	0	0
hle_retired.aborted_timer:u	12	0	0
hle_retired.aborted_timer:u	13	0	0
hle_retired.aborted_timer:u	14	0	0
hle_retired.aborted_timer:u	15	0	0
hle_retired.aborted_timer:u	16	0	0
hle_retired.aborted_timer:u	17	0	0
hle_retired.aborted_timer:u	18	0	0
hle_retired.aborted_timer:u	19	0	0
hle_retired.aborted_timer:u	20	0	0
hle_retired.aborted_timer:u	21	0	0
hle_retired.aborted_timer:u	22	0	0
hle_retired.aborted_timer:u	23	0	0
hle_retired.aborted_timer:u	24	0	0
hle_retired.aborted_timer:u	25	0	0
hle_retired.aborted_timer:u	26	0	0
hle_retired.aborted_timer:u	27	0	0
hle_retired.aborted_timer:u	28	0	0
hle_retired.aborted_timer:u	29	0	0
hle_retired.aborted_timer:u	30	0	0
hle_retired.aborted_timer:u	31	0	0
hle_retired.aborted_timer:u	32	0	0
hle_retired.aborted_timer:u	33	0	0
hle_retired.aborted_timer:u	34	0	0
hle_retired.aborted_timer:u	35	0	0
hle_retired.aborted_timer:u	36	0	0
hle_retired.aborted_timer:u	37	0	0
hle_retired.aborted_timer:u	38	0	0
hle_retired.aborted_timer:u	39	0	0
hle_retired.aborted_timer:u	40	0	0
hle_retired.aborted_timer:u	41	0	0
hle_retired.aborted_timer:u	42	0	0
hle_retired.aborted_timer:u	43	0	0
hle_retired.aborted_timer:u	44	0	0
hle_retired.aborted_timer:u	45	0	0
hle_retired.aborted_timer:u	46	0	0
hle_retired.aborted_timer:u	47	0	0
hle_retired.aborted_timer:u	48	0	0
hle_retired.aborted_timer:u	49	0	0
hle_retired.aborted_timer:u	50	0	0
hle_retired.aborted_timer:u	51	0	0
hle_retired.aborted_timer:u	52	0	0
hle_retired.aborted_timer:u	53	0	0
hle_retired.aborted_timer:u	54	0	0
hle_retired.aborted_timer:u	55	0	0
hle_retired.aborted_timer:u	56	0	0
hle_retired.aborted_timer:u	57	0	0
hle_retired.aborted_timer:u	58	0	0
hle_retired.aborted_timer:u	59	0	0
hle_retired.aborted_timer:u	60	0	0
hle_retired.aborted_timer:u	61	0	0
hle_retired.aborted_timer:u	62	0	0
hle_retired.aborted_timer:u	63	0	0
hle_retired.aborted_timer:u	64	0	0
hle_retired.aborted_timer:u	65	0	0
hle_retired.aborted_timer:u	66	0	0
hle_retired.aborted_timer:u	67	0	0
hle_retired.aborted_timer:u	68	0	0
hle_retired.aborted_timer:u	69	0	0
hle_retired.aborted_timer:u	70	0	0
hle_retired.aborted_timer:u	71	0	0
hle_retired.aborted_timer:u	72	0	0
hle_retired.aborted_timer:u	73	0	0
hle_retired.aborted_timer:u	74	0	0
hle_retired.aborted_timer:u	75	0	0
hle_retired.aborted_timer:u	76	0	0
hle_retired.aborted_timer:u	77	0	0
hle_retired.aborted_timer:u	78	0	0
hle_retired.aborted_timer:u	79	0	0
hle_retired.aborted_timer:u	80	0	0
hle_retired.aborted_timer:u	81	0	0
hle_retired.aborted_timer:u	82	0	0
hle_retired.aborted_timer:u	83	0	0
hle_retired.aborted_timer:u	84	0	0
hle_retired.aborted_timer:u	85	0	0
hle_retired.aborted_timer:u	86	0	0
hle_retired.aborted_timer:u	87	0	0
hle_retired.aborted_timer:u	88	0	0
hle_retired.aborted_timer:u	89	0	0
hle_retired.aborted_timer:u	90	0	0
hle_retired.aborted_timer:u	91	0	0
hle_retired.aborted_timer:u	92	0	0
hle_retired.aborted_timer:u	93	0	0
hle_retired.aborted_timer:u	94	0	0
hle_retired.aborted_timer:u	95	0	0
hle_retired.aborted_timer:u	96	0	0
hle_retired.aborted_timer:u	97	0	0
hle_retired.aborted_timer:u	98	0	0
hle_retired.aborted_timer:u	99	0	0
hle_retired.aborted_timer:u	100	0	0
hle_retired.aborted_timer:u	101	0	0
hle_retired.aborted_timer:u	102	0	0
hle_retired.aborted_timer:u	103	0	0
hle_retired.aborted_timer:u	104	0	0
hle_retired.aborted_timer:u	105	0	0
hle_retired.aborted_timer:u	106	0	0
hle_retired.aborted_timer:u	107	0	0
hle_retired.aborted_timer:u	108	0	0
hle_retired.aborted_timer:u	109	0	0
hle_retired.aborted_timer:u	110	0	0
hle_retired.aborted_timer:u	111	0	0
hle_retired.aborted_timer:u	112	0	0
hle_retired.aborted_timer:u	113	0	0
hle_retired.aborted_timer:u	114	0	0
hle_retired.aborted_timer:u	115	0	0
hle_retired.aborted_timer:u	116	0	0
hle_retired.aborted_timer:u	117	0	0
hle_retired.aborted_timer:u	118	0	0
hle_retired.aborted_timer:u	119	0	0
hle_retired.aborted_timer:u	120	0	0
hle_retired.aborted_timer:u	121	0	0
hle_retired.aborted_timer:u	122	0	0
hle_retired.aborted_timer:u	123	0	0
hle_retired.aborted_timer:u	124	0	0
hle_retired.aborted_timer:u	125	0	0
hle_retired.aborted_timer:u	126	0	0
hle_retired.aborted_timer:u	127	0	0
hle_retired.aborted_timer:u	128	0	0
hle_retired.aborted_timer:u	129	0	0
hle_retired.aborted_timer:u	130	0	0
hle_retired.aborted_timer:u	131	0	0
hle_retired.aborted_timer:u	132	0	0
hle_retired.aborted_timer:u	133	0	0
hle_retired.aborted_timer:u	134	0	0
hle_retired.aborted_timer:u	135	0	0
hle_retired.aborted_timer:u	136	0	0
hle_retired.aborted_timer:u	137	0	0
hle_retired.aborted_timer:u	138	0	0
hle_retired.aborted_timer:u	139	0	0
hle_retired.aborted_timer:u	140	0	0
hle_retired.aborted_timer:u	141	0	0
hle_retired.aborted_timer:u	142	0	0
hle_retired.aborted_timer:u	143	0	0
hle_retired.aborted_timer:u	144	0	0
hle_retired.aborted_timer:u	145	0	0
hle_retired.aborted_timer:u	146	0	0
hle_retired.aborted_timer:u	147	0	0
hle_retired.aborted_timer:u	148	0	0
hle_retired.aborted_timer:u	149	0	0
hle_retired.aborted_timer:u	150	0	0
hle_retired.aborted_timer:u	151	0	0
hle_retired.aborted_timer:u	152	0	0
hle_retired.aborted_timer:u	153	0	0
hle_retired.aborted_timer:u	154	0	0
hle_retired.aborted_timer:u	155	0	0
hle_retired.aborted_timer:u	156	0	0
hle_retired.aborted_timer:u	157	0	0
hle_retired.aborted_timer:u	158	0	0
hle_retired.aborted_timer:u	159	0	0
hle_retired.aborted_timer:u	160	0	0
hle_retired.aborted_timer:u	161	0	0
hle_retired.aborted_timer:u	162	0	0
hle_retired.aborted_timer:u	163	0	0
hle_retired.aborted_timer:u	164	0	0
hle_retired.aborted_timer:u	165	0	0
hle_retired.aborted_timer:u	166	0	0
hle_retired.aborted_timer:u	167	0	0
hle_retired.aborted_timer:u	168	0	0
hle_retired.aborted_timer:u	169	0	0
hle_retired.aborted_timer:u	170	0	0
hle_retired.aborted_timer:u	171	0	0
hle_retired.aborted_timer:u	172	0	0
hle_retired.aborted_timer:u	173	0	0
hle_retired.aborted_timer:u	174	0	0
hle_retired.aborted_timer:u	175	0	0
hle_retired.aborted_timer:u	176	0	0
hle_retired.aborted_timer:u	177	0	0
hle_retired.aborted_timer:u	178	0	0
hle_retired.aborted_timer:u	179	0	0
hle_retired.aborted_timer:u	180	0	0
hle_retired.aborted_timer:u	181	0	0
hle_retired.aborted_timer:u	182	0	0
hle_retired.aborted_timer:u	183	0	0
hle_retired.aborted_timer:u	184	0	0
hle_retired.aborted_timer:u	185	0	0
hle_retired.aborted_timer:u	186	0	0
hle_retired.aborted_timer:u	187	0	0
hle_retired.aborted_timer:u	188	0	0
hle_retired.aborted_timer:u	189	0	0
hle_retired.aborted_timer:u	190	0	0
hle_retired.aborted_timer:u	191	0	0
hle_retired.aborted_timer:u	192	0	0
hle_retired.aborted_timer:u	193	0	0
hle_retired.aborted_timer:u	194	0	0
hle_retired.aborted_timer:u	195	0	0
hle_retired.aborted_timer:u	196	0	0
hle_retired.aborted_timer:u	197	0	0
hle_retired.aborted_timer:u	198	0	0
hle_retired.aborted_timer:u	199	0	0
hle_retired.aborted_timer:u	200	0	0
hle_retired.aborted_timer:u	201	0	0
hle_retired.aborted_timer:u	202	0	0
hle_retired.aborted_timer:u	203	0	0
hle_retired.aborted_timer:u	204	0	0
hle_retired.aborted_timer:u	205	0	0
hle_retired.aborted_timer:u	206	0	0
hle_retired.aborted_timer:u	207	0	0
hle_retired.aborted_timer:u	208	0	0
hle_retired.aborted_timer:u	209	0	0
hle_retired.aborted_timer:u	210	0	0
hle_retired.aborted_timer:u	211	0	0
hle_retired.aborted_timer:u	212	0	0
hle_retired.aborted_timer:u	213	0	0
hle_retired.aborted_timer:u	214	0	0
hle_retired.aborted_timer:u	215	0	0
hle_retired.aborted_timer:u	216	0	0
hle_retired.aborted_timer:u	217	0	0
hle_retired.aborted_timer:u	218	0	0
hle_retired.aborted_timer:u	219	0	0
hle_retired.aborted_timer:u	220	0	0
hle_retired.aborted_timer:u	221	0	0
hle_retired.aborted_timer:u	222	0	0
hle_retired.aborted_timer:u	223	0	0
hle_retired.aborted_timer:u	224	0	0
hle_retired.aborted_timer:u	225	0	0
hle_retired.aborted_timer:u	226	0	0
hle_retired.aborted_timer:u	227	0	0
hle_retired.aborted_timer:u	228	0	0
hle_retired.aborted_timer:u	229	0	0
hle_retired.aborted_timer:u	230	0	0
hle_retired.aborted_timer:u	231	0	0
hle_retired.aborted_timer:u	232	0	0
hle_retired.aborted_timer:u	233	0	0
hle_retired.aborted_timer:u	234	0	0
hle_retired.aborted_timer:u	235	0	0
hle_retired.aborted_timer:u	236	0	0
hle_retired.aborted_timer:u	237	0	0
hle_retired.aborted_timer:u	238	0	0
hle_retired.aborted_timer:u	239	0	0
hle_retired.aborted_timer:u	240	0	0
hle_retired.aborted_timer:u	241	0	0
hle_retired.aborted_timer:u	242	0	0
hle_retired.aborted_timer:u	243	0	0
hle_retired.aborted_timer:u	244	0	0
hle_retired.aborted_timer:u	245	0	0
hle_retired.aborted_timer:u	246	0	0
hle_retired.aborted_timer:u	247	0	0
hle_retired.aborted_timer:u	248	0	0
hle_retired.aborted_timer:u	249	0	0
hle_retired.aborted_timer:u	250	0	0
hle_retired.aborted_timer:u	251	0	0
hle_retired.aborted_timer:u	252	0	0
hle_retired.aborted_timer:u	253	0	0
hle_retired.aborted_timer:u	254	0	0
hle_retired.aborted_timer:u	255	0	0
hle_retired.aborted_timer:u	256	0	0
hle_retired.aborted_timer:u	257	0	0
hle_retired.aborted_timer:u	258	0	0
hle_retired.aborted_timer:u	259	0	0
hle_retired.aborted_timer:u	260	0	0
hle_retired.aborted_timer:u	261	0	0
hle_retired.aborted_timer:u	262	0	0
hle_retired.aborted_timer:u	263	0	0
hle_retired.aborted_timer:u	264	0	0
hle_retired.aborted_timer:u	265	0	0
hle_retired.aborted_timer:u	266	0	0
hle_retired.aborted_timer:u	267	0	0
hle_retired.aborted_timer:u	268	0	0
hle_retired.aborted_timer:u	269	0	0
hle_retired.aborted_timer:u	270	0	0
hle_retired.aborted_timer:u	271	0	0
hle_retired.aborted_timer:u	272	0	0
hle_retired.aborted_timer:u	273	0	0
hle_retired.aborted_timer:u	274	0	0
hle_retired.aborted_timer:u	275	0	0
hle_retired.aborted_timer:u	276	0	0
hle_retired.aborted_timer:u	277	0	0
hle_retired.aborted_timer:u	278	0	0
hle_retired.aborted_timer:u	279	0	0
hle_retired.aborted_timer:u	280	0	0
hle_retired.aborted_timer:u	281	0	0
hle_retired.aborted_timer:u	282	0	0
hle_retired.aborted_timer:u	283	0	0
hle_retired.aborted_timer:u	284	0	0
hle_retired.aborted_timer:u	285	0	0
hle_retired.aborted_timer:u	286	0	0
hle_retired.aborted_timer:u	287	0	0
hle_retired.aborted_timer:u	288	0	0
hle_retired.aborted_timer:u	289	0	0
hle_retired.aborted_timer:u	290	0	0
hle_retired.aborted_timer:u	291	0	0
hle_retired.aborted_timer:u	292	0	0
hle_retired.aborted_timer:u	293	0	0
hle_retired.aborted_timer:u	294	0	0
hle_retired.aborted_timer:u	295	0	0
hle_retired.aborted_timer:u	296	0	0
hle_retired.aborted_timer:u	297	0	0
hle_retired.aborted_timer:u	298	0	0
hle_retired.aborted_timer:u	299	0	0
hle_retired.aborted_timer:u	300	0	0
hle_retired.aborted_timer:u	301	0	0
hle_retired.aborted_timer:u	302	0	0
hle_retired.aborted_timer:u	303	0	0
hle_retired.aborted_timer:u	304	0	0
hle_retired.aborted_timer:u	305	0	0
hle_retired.aborted_timer:u	306	0	0
hle_retired.aborted_timer:u	307	0	0
hle_retired.aborted_timer:u	308	0	0
hle_retired.aborted_timer:u	309	0	0
hle_retired.aborted_timer:u	310	0	0
hle_retired.aborted_timer:u	311	0	0
hle_retired.aborted_timer:u	312	0	0
hle_retired.aborted_timer:u	313	0	0
hle_retired.aborted_timer:u	314	0	0
hle_retired.aborted_timer:u	315	0	0
hle_retired.aborted_timer:u	316	0	0
hle_retired.aborted_timer:u	317	0	0
hle_retired.aborted_timer:u	318	0	0
hle_retired.aborted_timer:u	319	0	0
hle_retired.aborted_timer:u	320	0	0
hle_retired.aborted_timer:u	321	0	0
hle_retired.aborted_timer:u	322	0	0
hle_retired.aborted_timer:u	323	0	0
hle_retired.aborted_timer:u	324	0	0
hle_retired.aborted_timer:u	325	0	0
hle_retired.aborted_timer:u	326	0	0
hle_retired.aborted_timer:u	327	0	0
hle_retired.aborted_timer:u	328	0	0
hle_retired.aborted_timer:u	329	0	0
hle_retired.aborted_timer:u	330	0	0
hle_retired.aborted_timer:u	331	0	0
hle_retired.aborted_timer:u	332	0	0
hle_retired.aborted_timer:u	333	0	0
hle_retired.aborted_timer:u	334	0	0
hle_retired.aborted_timer:u	335	0	0
hle_retired.aborted_timer:u	336	0	0
hle_retired.aborted_timer:u	337	0	0
hle_retired.aborted_timer:u	338	0	0
hle_retired.aborted_timer:u	339	0	0
hle_retired.aborted_timer:u	340	0	0
hle_retired.aborted_timer:u	341	0	0
hle_retired.aborted_timer:u	342	0	0
hle_retired.aborted_timer:u	343	0	0
hle_retired.aborted_timer:u	344	0	0
hle_retired.aborted_timer:u	345	0	0
hle_retired.aborted_timer:u	346	0	0
hle_retired.aborted_timer:u	347	0	0
hle_retired.aborted_timer:u	348	0	0
hle_retired.aborted_timer:u	349	0	0
hle_retired.aborted_timer:u	350	0	0
hle_retired.aborted_timer:u	351	0	0
hle_retired.aborted_timer:u	352	0	0
hle_retired.aborted_timer:u	353	0	0
hle_retired.aborted_timer:u	354	0	0
hle_retired.aborted_timer:u	355	0	0
hle_retired.aborted_timer:u	356	0	0
hle_retired.aborted_timer:u	357	0	0
hle_retired.aborted_timer:u	358	0	0
hle_retired.aborted_timer:u	359	0	0
hle_retired.aborted_timer:u	360	0	0
hle_retired.aborted_timer:u	361	0	0
hle_retired.aborted_timer:u	362	0	0
hle_retired.aborted_timer:u	363	0	0
hle_retired.aborted_timer:u	364	0	0
hle_retired.aborted_timer:u	365	0	0
hle_retired.aborted_timer:u	366	0	0
hle_retired.aborted_timer:u	367	0	0
hle_retired.aborted_timer:u	368	0	0
hle_retired.aborted_timer:u	369	0	0
hle_retired.aborted_timer:u	370	0	0
hle_retired.aborted_timer:u	371	0	0
hle_retired.aborted_timer:u	372	0	0
hle_retired.aborted_timer:u	373	0	0
hle_retired.aborted_timer:u	374	0	0
hle_retired.aborted_timer:u	375	0	0
hle_retired.aborted_timer:u	376	0	0
hle_retired.aborted_timer:u	377	0	0
hle_retired.aborted_timer:u	378	0	0
hle_retired.aborted_timer:u	379	0	0
hle_retired.aborted_timer:u	380	0	0
hle_retired.aborted_timer:u	381	0	0
hle_retired.aborted_timer:u	382	0	0
hle_retired.aborted_timer:u	383	0	0
hle_retired.aborted_timer:u	384	0	0
hle_retired.aborted_timer:u	385	0	0
hle_retired.aborted_timer:u	386	0	0
hle_retired.aborted_timer:u	387	0	0
hle_retired.aborted_timer:u	388	0	0
hle_retired.aborted_timer:u	389	0	0
hle_retired.aborted_timer:u	390	0	0
hle_retired.aborted_timer:u	391	0	0
hle_retired.aborted_timer:u	392	0	0
hle_retired.aborted_timer:u	393	0	0
hle_retired.aborted_timer:u	394	0	0
hle_retired.aborted_timer:u	395	0	0
hle_retired.aborted_timer:u	396	0	0
hle_retired.aborted_timer:u	397	0	0
hle_retired.aborted_timer:u	398	0	0
hle_retired.aborted_timer:u	399	0	0
hle_retired.aborted_timer:u	400	0	0
hle_retired.aborted_timer:u	401	0	0
hle_retired.aborted_timer:u	402	0	0
hle_retired.aborted_timer:u	403	0	0
hle_retired.aborted_timer:u	404	0	0
hle_retired.aborted_timer:u	405	0	0
hle_retired.aborted_timer:u	406	0	0
hle_retired.aborted_timer:u	407	0	0
hle_retired.aborted_timer:u	408	0	0
hle_retired.aborted_timer:u	409	0	0
hle_retired.aborted_timer:u	410	0	0
hle_retired.aborted_timer:u	411	0	0
hle_retired.aborted_timer:u	412	0	0
hle_retired.aborted_timer:u	413	0	0
hle_retired.aborted_timer:u	414	0	0
hle_retired.aborted_timer:u	415	0	0
hle_retired.aborted_timer:u	416	0	0
hle_retired.aborted_timer:u	417	0	0
hle_retired.aborted_timer:u	418	0	0
hle_retired.aborted_timer:u	419	0	0
hle_retired.aborted_timer:u	420	0	0
hle_retired.aborted_timer:u	421	0	0
hle_retired.aborted_timer:u	422	0	0
hle_retired.aborted_timer:u	423	0	0
hle_retired.aborted_timer:u	424	0	0
hle_retired.aborted_timer:u	425	0	0
hle_retired.aborted_timer:u	426	0	0
hle_retired.aborted_timer:u	427	0	0
hle_retired.aborted_timer:u	428	0	0
hle_retired.aborted_timer:u	429	0	0
hle_retired.aborted_timer:u	430	0	0
hle_retired.aborted_timer:u	431	0	0
hle_retired.aborted_timer:u	432	0	0
hle_retired.aborted_timer:u	433	0	0
hle_retired.aborted_timer:u	434	0	0
hle_retired.aborted_timer:u	435	0	0
hle_retired.aborted_timer:u	436	0	0
hle_retired.aborted_timer:u	437	0	0
hle_retired.aborted_timer:u	438	0	0
hle_retired.aborted_timer:u	439	0	0
hle_retired.aborted_timer:u	440	0	0
hle_retired.aborted_timer:u	441	0	0
hle_retired.aborted_timer:u	442	0	0
hle_retired.aborted_timer:u	443	0	0
hle_retired.aborted_timer:u	444	0	0
hle_retired.aborted_timer:u	445	0	0
hle_retired.aborted_timer:u	446	0	0
hle_retired.aborted_timer:u	447	0	0
hle_retired.aborted_timer:u	448	0	0
hle_retired.aborted_timer:u	449	0	0
hle_retired.aborted_timer:u	450	0	0
hle_retired.aborted_timer:u	451	0	0
hle_retired.aborted_timer:u	452	0	0
hle_retired.aborted_timer:u	453	0	0
hle_retired.aborted_timer:u	454	0	0
hle_retired.aborted_timer:u	455	0	0
hle_retired.aborted_timer:u	456	0	0
hle_retired.aborted_timer:u	457	0	0
hle_retired.aborted_timer:u	458	0	0
hle_retired.aborted_timer:u	459	0	0
hle_retired.aborted_timer:u	460	0	0
hle_retired.aborted_timer:u	461	0	0
hle_retired.aborted_timer:u	462	0	0
hle_retired.aborted_timer:u	463	0	0
hle_retired.aborted_timer:u	464	0	0
hle_retired.aborted_timer:u	465	0	0
hle_retired.aborted_timer:u	466	0	0
hle_retired.aborted_timer:u	467	0	0
hle_retired.aborted_timer:u	468	0	0
hle_retired.aborted_timer:u	469	0	0
hle_retired.aborted_timer:u	470	0	0
hle_retired.aborted_timer:u	471	0	0
hle_retired.aborted_timer:u	472	0	0
hle_retired.aborted_timer:u	473	0	0
hle_retired.aborted_timer:u	474	0	0
hle_retired.aborted_timer:u	475	0	0
hle_retired.aborted_timer:u	476	0	0
hle_retired.aborted_timer:u	477	0	0
hle_retired.aborted_timer:u	478	0	0
hle_retired.aborted_timer:u	479	0	0
hle_retired.aborted_timer:u	480	0	0
hle_retired.aborted_timer:u	481	0	0
hle_retired.aborted_timer:u	482	0	0
hle_retired.aborted_timer:u	483	0	0
hle_retired.aborted_timer:u	484	0	0
hle_retired.aborted_timer:u	485	0	0
hle_retired.aborted_timer:u	486	0	0
hle_retired.aborted_timer:u	487	0	0
hle_retired.aborted_timer:u	488	0	0
hle_retired.aborted_timer:u	489	0	0
hle_retired.aborted_timer:u	490	0	0
hle_retired.aborted_timer:u	491	0	0
hle_retired.aborted_timer:u	492	0	0
hle_retired.aborted_timer:u	493	0	0
hle_retired.aborted_timer:u	494	0	0
hle_retired.aborted_timer:u	495	0	0
hle_retired.aborted_timer:u	496	0	0
hle_retired.aborted_timer:u	497	0	0
hle_retired.aborted_timer:u	498	0	0
hle_retired.aborted_timer:u	499	0	0
hle_retired.aborted_timer:u	500	0	0
hle_retired.aborted_timer:u	501	0	0
hle_retired.aborted_timer:u	502	0	0
hle_retired.aborted_timer:u	503	0	0
hle_retired.aborted_timer:u	504	0	0
hle_retired.aborted_timer:u	505	0	0
hle_retired.aborted_timer:u	506	0	0
hle_retired.aborted_timer:u	507	0	0
hle_retired.aborted_timer:u	508	0	0
hle_retired.aborted_timer:u	509	0	0
hle_retired.aborted_timer:u	510	0	0
hle_retired.aborted_timer:u	511	0	0
hle_retired.aborted_timer:u	512	0	0
hle_retired.aborted_timer:u	513	0	0
hle_retired.aborted_timer:u	514	0	0
hle_retired.aborted_timer:u	515	0	0
hle_retired.aborted_timer:u	516	0	0
hle_retired.aborted_timer:u	517	0	0
hle_retired.aborted_timer:u	518	0	0
hle_retired.aborted_timer:u	519	0	0
hle_retired.aborted_timer:u	520	0	0
hle_retired.aborted_timer:u	521	0	0
hle_retired.aborted_timer:u	522	0	0
hle_retired.aborted_timer:u	523	0	0
hle_retired.aborted_timer:u	524	0	0
hle_retired.aborted_timer:u	525	0	0
hle_retired.aborted_timer:u	526	0	0
hle_retired.aborted_timer:u	527	0	0
hle_retired.aborted_timer:u	528	0	0
hle_retired.aborted_timer:u	529	0	0
hle_retired.aborted_timer:u	530	0	0
hle_retired.aborted_timer:u	531	0	0
hle_retired.aborted_timer:u	532	0	0
hle_retired.aborted_timer:u	533	0	0
hle_retired.aborted_timer:u	534	0	0
hle_retired.aborted_timer:u	535	0	0
hle_retired.aborted_timer:u	536	0	0
hle_retired.aborted_timer:u	537	0	0
hle_retired.aborted_timer:u	538	0	0
hle_retired.aborted_timer:u	539	0	0
hle_retired.aborted_timer:u	540	0	0
hle_retired.aborted_timer:u	541	0	0
hle_retired.aborted_timer:u	542	0	0
hle_retired.aborted_timer:u	543	0	0
hle_retired.aborted_timer:u	544	0	0
hle_retired.aborted_timer:u	545	0	0
hle_retired.aborted_timer:u	546	0	0
hle_retired.aborted_timer:u	547	0	0
hle_retired.aborted_timer:u	548	0	0
hle_retired.aborted_timer:u	549	0	0
hle_retired.aborted_timer:u	550	0	0
hle_retired.aborted_timer:u	551	0	0
hle_retired.aborted_timer:u	552	0	0
hle_retired.aborted_timer:u	553	0	0
hle_retired.aborted_timer:u	554	0	0
hle_retired.aborted_timer:u	555	0	0
hle_retired.aborted_timer:u	556	0	0
hle_retired.aborted_timer:u	557	0	0
hle_retired.aborted_timer:u	558	0	0
hle_retired.aborted_timer:u	559	0	0
hle_retired.aborted_timer:u	560	0	0
hle_retired.aborted_timer:u	561	0	0
hle_retired.aborted_timer:u	562	0	0
hle_retired.aborted_timer:u	563	0	0
hle_retired.aborted_timer:u	564	0	0
hle_retired.aborted_timer:u	565	0	0
hle_retired.aborted_timer:u	566	0	0
hle_retired.aborted_timer:u	567	0	0
hle_retired.aborted_timer:u	568	0	0
hle_retired.aborted_timer:u	569	0	0
hle_retired.aborted_timer:u	570	0	0
hle_retired.aborted_timer:u	571	0	0
hle_retired.aborted_timer:u	572	0	0
hle_retired.aborted_timer:u	573	0	0
hle_retired.aborted_timer:u	574	0	0
hle_retired.aborted_timer:u	575	0	0
hle_retired.aborted_timer:u	576	0	0
hle_retired.aborted_timer:u	577	0	0
hle_retired.aborted_timer:u	578	0	0
hle_retired.aborted_timer:u	579	0	0
hle_retired.aborted_timer:u	580	0	0
hle_retired.aborted_timer:u	581	0	0
hle_retired.aborted_timer:u	582	0	0
hle_retired.aborted_timer:u	583	0	0
hle_retired.aborted_timer:u	584	0	0
hle_retired.aborted_timer:u	585	0	0
hle_retired.aborted_timer:u	586	0	0
hle_retired.aborted_timer:u	587	0	0
hle_retired.aborted_timer:u	588	0	0
hle_retired.aborted_timer:u	589	0	0
hle_retired.aborted_timer:u	590	0	0
hle_retired.aborted_timer:u	591	0	0
hle_retired.aborted_timer:u	592	0	0
hle_retired.aborted_timer:u	593	0	0
hle_retired.aborted_timer:u	594	0	0
hle_retired.aborted_timer:u	595	0	0
hle_retired.aborted_timer:u	596	0	0
hle_retired.aborted_timer:u	597	0	0
hle_retired.aborted_timer:u	598	0	0
hle_retired.aborted_timer:u	599	0	0
hle_retired.aborted_timer:u	600	0	0
hle_retired.aborted_timer:u	601	0	0
hle_retired.aborted_timer:u	602	0	0
hle_retired.aborted_timer:u	603	0	0
hle_retired.aborted_timer:u	604	0	0
hle_retired.aborted_timer:u	605	0	0
hle_retired.aborted_timer:u	606	0	0
hle_retired.aborted_timer:u	607	0	0
hle_retired.aborted_timer:u	608	0	0
hle_retired.aborted_timer:u	609	0	0
hle_retired.aborted_timer:u	610	0	0
hle_retired.aborted_timer:u	611	0	0
hle_retired.aborted_timer:u	612	0	0
hle_retired.aborted_timer:u	613	0	0
hle_retired.aborted_timer:u	614	0	0
hle_retired.aborted_timer:u	615	0	0
hle_retired.aborted_timer:u	616	0	0
hle_retired.aborted_timer:u	617	0	0
hle_retired.aborted_timer:u	618	0	0
hle_retired.aborted_timer:u	619	0	0
hle_retired.aborted_timer:u	620	0	0
hle_retired.aborted_timer:u	621	0	0
hle_retired.aborted_timer:u	622	0	0
hle_retired.aborted_timer:u	623	0	0
hle_retired.aborted_timer:u	624	0	0
hle_retired.aborted_timer:u	625	0	0
hle_retired.aborted_timer:u	626	0	0
hle_retired.aborted_timer:u	627	0	0
hle_retired.aborted_timer:u	628	0	0
hle_retired.aborted_timer:u	629	0	0
hle_retired.aborted_timer:u	630	0	0
hle_retired.aborted_timer:u	631	0	0
hle_retired.aborted_timer:u	632	0	0
hle_retired.aborted_timer:u	633	0	0
hle_retired.aborted_timer:u	634	0	0
hle_retired.aborted_timer:u	635	0	0
hle_retired.aborted_timer:u	636	0	0
hle_retired.aborted_timer:u	637	0	0
hle_retired.aborted_timer:u	638	0	0
hle_retired.aborted_timer:u	639	0	0
hle_retired.aborted_timer:u	640	0	0
hle_retired.aborted_timer:u	641	0	0
hle_retired.aborted_timer:u	642	0	0
hle_retired.aborted_timer:u	643	0	0
hle_retired.aborted_timer:u	644	0	0
hle_retired.aborted_timer:u	645	0	0
hle_retired.aborted_timer:u	646	0	0
hle_retired.aborted_timer:u	647	0	0
hle_retired.aborted_timer:u	648	0	0
hle_retired.aborted_timer:u	649	0	0
hle_retired.aborted_timer:u	650	0	0
hle_retired.aborted_timer:u	651	0	0
hle_retired.aborted_timer:u	652	0	0
hle_retired.aborted_timer:u	653	0	0
hle_retired.aborted_timer:u	654	0	0
hle_retired.aborted_timer:u	655	0	0
hle_retired.aborted_timer:u	656	0	0
hle_retired.aborted_timer:u	657	0	0
hle_retired.aborted_timer:u	658	0	0
hle_retired.aborted_timer:u	659	0	0
hle_retired.aborted_timer:u	660	0	0
hle_retired.aborted_timer:u	661	0	0
hle_retired.aborted_timer:u	662	0	0
hle_retired.aborted_timer:u	663	0	0
hle_retired.aborted_timer:u	664	0	0
hle_retired.aborted_timer:u	665	0	0
hle_retired.aborted_timer:u	666	0	0
hle_retired.aborted_timer:u	667	0	0
hle_retired.aborted_timer:u	668	0	0
hle_retired.aborted_timer:u	669	0	0
hle_retired.aborted_timer:u	670	0	0
hle_retired.aborted_timer:u	671	0	0
hle_retired.aborted_timer:u	672	0	0
hle_retired.aborted_timer:u	673	0	0
hle_retired.aborted_timer:u	674	0	0
hle_retired.aborted_timer:u	675	0	0
hle_retired.aborted_timer:u	676	0	0
hle_retired.aborted_timer:u	677	0	0
hle_retired.aborted_timer:u	678	0	0
hle_retired.aborted_timer:u	679	0	0
hle_retired.aborted_timer:u	680	0	0
hle_retired.aborted_timer:u	681	0	0
hle_retired.aborted_timer:u	682	0	0
hle_retired.aborted_timer:u	683	0	0
hle_retired.aborted_timer:u	684	0	0
hle_retired.aborted_timer:u	685	0	0
hle_retired.aborted_timer:u	686	0	0
hle_retired.aborted_timer:u	687	0	0
hle_retired.aborted_timer:u	688	0	0
hle_retired.aborted_timer:u	689	0	0
hle_retired.aborted_timer:u	690	0	0
hle_retired.aborted_timer:u	691	0	0
hle_retired.aborted_timer:u	692	0	0
hle_retired.aborted_timer:u	693	0	0
hle_retired.aborted_timer:u	694	0	0
hle_retired.aborted_timer:u	695	0	0
hle_retired.aborted_timer:u	696	0	0
hle_retired.aborted_timer:u	697	0	0
hle_retired.aborted_timer:u	698	0	0
hle_retired.aborted_timer:u	699	0	0
hle_retired.aborted_timer:u	700	0	0
hle_retired.aborted_timer:u	701	0	0
hle_retired.aborted_timer:u	702	0	0
hle_retired.aborted_timer:u	703	0	0
hle_retired.aborted_timer:u	704	0	0
hle_retired.aborted_timer:u	705	0	0
hle_retired.aborted_timer:u	706	0	0
hle_retired.aborted_timer:u	707	0	0
hle_retired.aborted_timer:u	708	0	0
hle_retired.aborted_timer:u	709	0	0
hle_retired.aborted_timer:u	710	0	0
hle_retired.aborted_timer:u	711	0	0
hle_retired.aborted_timer:u	712	0	0
hle_retired.aborted_timer:u	713	0	0
hle_retired.aborted_timer:u	714	0	0
hle_retired.aborted_timer:u	715	0	0
hle_retired.aborted_timer:u	716	0	0
hle_retired.aborted_timer:u	717	0	0
hle_retired.aborted_timer:u	718	0	0
hle_retired.aborted_timer:u	719	0	0
hle_retired.aborted_timer:u	720	0	0
hle_retired.aborted_timer:u	721	0	0
hle_retired.aborted_timer:u	722	0	0
hle_retired.aborted_timer:u	723	0	0
hle_retired.aborted_timer:u	724	0	0
hle_retired.aborted_timer:u	725	0	0
hle_retired.aborted_timer:u	726	0	0
hle_retired.aborted_timer:u	727	0	0
hle_retired.aborted_timer:u	728	0	0
hle_retired.aborted_timer:u	729	0	0
hle_retired.aborted_timer:u	730	0	0
hle_retired.aborted_timer:u	731	0	0
hle_retired.aborted_timer:u	732	0	0
hle_retired.aborted_timer:u	733	0	0
hle_retired.aborted_timer:u	734	0	0
hle_retired.aborted_timer:u	735	0	0
hle_retired.aborted_timer:u	736	0	0
hle_retired.aborted_timer:u	737	0	0
hle_retired.aborted_timer:u	738	0	0
hle_retired.aborted_timer:u	739	0	0
hle_retired.aborted_timer:u	740	0	0
hle_retired.aborted_timer:u	741	0	0
hle_retired.aborted_timer:u	742	0	0
hle_retired.aborted_timer:u	743	0	0
hle_retired.aborted_timer:u	744	0	0
hle_retired.aborted_timer:u	745	0	0
hle_retired.aborted_timer:u	746	0	0
hle_retired.aborted_timer:u	747	0	0
hle_retired.aborted_timer:u	748	0	0
hle_retired.aborted_timer:u	749	0	0
hle_retired.aborted_timer:u	750	0	0
hle_retired.aborted_timer:u	751	0	0
hle_retired.aborted_timer:u	752	0	0
hle_retired.aborted_timer:u	753	0	0
hle_retired.aborted_timer:u	754	0	0
hle_retired.aborted_timer:u	755	0	0
hle_retired.aborted_timer:u	756	0	0
hle_retired.aborted_timer:u	757	0	0
hle_retired.aborted_timer:u	758	0	0
hle_retired.aborted_timer:u	759	0	0
hle_retired.aborted_timer:u	760	0	0
hle_retired.aborted_timer:u	761	0	0
hle_retired.aborted_timer:u	762	0	0
hle_retired.aborted_timer:u	763	0	0
hle_retired.aborted_timer:u	764	0	0
hle_retired.aborted_timer:u	765	0	0
hle_retired.aborted_timer:u	766	0	0
hle_retired.aborted_timer:u	767	0	0
hle_retired.aborted_timer:u	768	0	0
hle_retired.aborted_timer:u	769	0	0
hle_retired.aborted_timer:u	770	0	0
hle_retired.aborted_timer:u	771	0	0
hle_retired.aborted_timer:u	772	0	0
hle_retired.aborted_timer:u	773	0	0
hle_retired.aborted_timer:u	774	0	0
hle_retired.aborted_timer:u	775	0	0
hle_retired.aborted_timer:u	776	0	0
hle_retired.aborted_timer:u	777	0	0
hle_retired.aborted_timer:u	778	0	0
hle_retired.aborted_timer:u	779	0	0
hle_retired.aborted_timer:u	780	0	0
hle_retired.aborted_timer:u	781	0	0
hle_retired.aborted_timer:u	782	0	0
hle_retired.aborted_timer:u	783	0	0
hle_retired.aborted_timer:u	784	0	0
hle_retired.aborted_timer:u	785	0	0
hle_retired.aborted_timer:u	786	0	0
hle_retired.aborted_timer:u	787	0	0
hle_retired.aborted_timer:u	788	0	0
hle_retired.aborted_timer:u	789	0	0
hle_retired.aborted_timer:u	790	0	0
hle_retired.aborted_timer:u	791	0	0
hle_retired.aborted_timer:u	792	0	0
hle_retired.aborted_timer:u	793	0	0
hle_retired.aborted_timer:u	794	0	0
hle_retired.aborted_timer:u	795	0	0
hle_retired.aborted_timer:u	796	0	0
hle_retired.aborted_timer:u	797	0	0
hle_retired.aborted_timer:u	798	0	0
hle_retired.aborted_timer:u	799	0	0
hle_retired.aborted_timer:u	800	0	0
hle_retired.aborted_timer:u	801	0	0
hle_retired.aborted_timer:u	802	0	0
hle_retired.aborted_timer:u	803	0	0
hle_retired.aborted_timer:u	804	0	0
hle_retired.aborted_timer:u	805	0	0
hle_retired.aborted_timer:u	806	0	0
hle_retired.aborted_timer:u	807	0	0
hle_retired.aborted_timer:u	808	0	0
hle_retired.aborted_timer:u	809	0	0
hle_retired.aborted_timer:u	810	0	0
hle_retired.aborted_timer:u	811	0	0
hle_retired.aborted_timer:u	812	0	0
hle_retired.aborted_timer:u	813	0	0
hle_retired.aborted_timer:u	814	0	0
hle_retired.aborted_timer:u	815	0	0
hle_retired.aborted_timer:u	816	0	0
hle_retired.aborted_timer:u	817	0	0
hle_retired.aborted_timer:u	818	0	0
hle_retired.aborted_timer:u	819	0	0
hle_retired.aborted_timer:u	820	0	0
hle_retired.aborted_timer:u	821	0	0
hle_retired.aborted_timer:u	822	0	0
hle_retired.aborted_timer:u	823	0	0
hle_retired.aborted_timer:u	824	0	0
hle_retired.aborted_timer:u	825	0	0
hle_retired.aborted_timer:u	826	0	0
hle_retired.aborted_timer:u	827	0	0
hle_retired.aborted_timer:u	828	0	0
hle_retired.aborted_timer:u	829	0	0
hle_retired.aborted_timer:u	830	0	0
hle_retired.aborted_timer:u	831	0	0
hle_retired.aborted_timer:u	832	0	0
hle_retired.aborted_timer:u	833	0	0
hle_retired.aborted_timer:u	834	0	0
hle_retired.aborted_timer:u	835	0	0
hle_retired.aborted_timer:u	836	0	0
hle_retired.aborted_timer:u	837	0	0
hle_retired.aborted_timer:u	838	0	0
hle_retired.aborted_timer:u	839	0	0
hle_retired.aborted_timer:u	840	0	0
hle_retired.aborted_timer:u	841	0	0
hle_retired.aborted_timer:u	842	0	0
hle_retired.aborted_timer:u	843	0	0
hle_retired.aborted_timer:u	844	0	0
hle_retired.aborted_timer:u	845	0	0
hle_retired.aborted_timer:u	846	0	0
hle_retired.aborted_timer:u	847	0	0
hle_retired.aborted_timer:u	848	0	0
hle_retired.aborted_timer:u	849	0	0
hle_retired.aborted_timer:u	850	0	0
hle_retired.aborted_timer:u	851	0	0
hle_retired.aborted_timer:u	852	0	0
hle_retired.aborted_timer:u	853	0	0
hle_retired.aborted_timer:u	854	0	0
hle_retired.aborted_timer:u	855	0	0
hle_retired.aborted_timer:u	856	0	0
hle_retired.aborted_timer:u	857	0	0
hle_retired.aborted_timer:u	858	0	0
hle_retired.aborted_timer:u	859	0	0
hle_retired.aborted_timer:u	860	0	0
hle_retired.aborted_timer:u	861	0	0
hle_retired.aborted_timer:u	862	0	0
hle_retired.aborted_timer:u	863	0	0
hle_retired.aborted_timer:u	864	0	0
hle_retired.aborted_timer:u	865	0	0
hle_retired.aborted_timer:u	866	0	0
hle_retired.aborted_timer:u	867	0	0
hle_retired.aborted_timer:u	868	0	0
hle_retired.aborted_timer:u	869	0	0
hle_retired.aborted_timer:u	870	0	0
hle_retired.aborted_timer:u	871	0	0
hle_retired.aborted_timer:u	872	0	0
hle_retired.aborted_timer:u	873	0	0
hle_retired.aborted_timer:u	874	0	0
hle_retired.aborted_timer:u	875	0	0
hle_retired.aborted_timer:u	876	0	0
hle_retired.aborted_timer:u	877	0	0
hle_retired.aborted_timer:u	878	0	0
hle_retired.aborted_timer:u	879	0	0
hle_retired.aborted_timer:u	880	0	0
hle_retired.aborted_timer:u	881	0	0
hle_retired.aborted_timer:u	882	0	0
hle_retired.aborted_timer:u	883	0	0
hle_retired.aborted_timer:u	884	0	0
hle_retired.aborted_timer:u	885	0	0
hle_retired.aborted_timer:u	886	0	0
hle_retired.aborted_timer:u	887	0	0
hle_retired.aborted_timer:u	888	0	0
hle_retired.aborted_timer:u	889	0	0
hle_retired.aborted_timer:u	890	0	0
hle_retired.aborted_timer:u	891	0	0
hle_retired.aborted_timer:u	892	0	0
hle_retired.aborted_timer:u	893	0	0
hle_retired.aborted_timer:u	894	0	0
hle_retired.aborted_timer:u	895	0	0
hle_retired.aborted_timer:u	896	0	0
hle_retired.aborted_timer:u	897	0	0
hle_retired.aborted_timer:u	898	0	0
hle_retired.aborted_timer:u	899	0	0
hle_retired.aborted_timer:u	900	0	0
hle_retired.aborted_timer:u	901	0	0
hle_retired.aborted_timer:u	902	0	0
hle_retired.aborted_timer:u	903	0	0
hle_retired.aborted_timer:u	904	0	0
hle_retired.aborted_timer:u	905	0	0
hle_retired.aborted_timer:u	906	0	0
hle_retired.aborted_timer:u	907	0	0
hle_retired.aborted_timer:u	908	0	0
hle_retired.aborted_timer:u	909	0	0
hle_retired.aborted_timer:u	910	0	0
hle_retired.aborted_timer:u	911	0	0
hle_retired.aborted_timer:u	912	0	0
hle_retired.aborted_timer:u	913	0	0
hle_retired.aborted_timer:u	914	0	0
hle_retired.aborted_timer:u	915	0	0
hle_retired.aborted_timer:u	916	0	0
hle_retired.aborted_timer:u	917	0	0
hle_retired.aborted_timer:u	918	0	0
hle_retired.aborted_timer:u	919	0	0
hle_retired.aborted_timer:u	920	0	0
hle_retired.aborted_timer:u	921	0	0
hle_retired.aborted_timer:u	922	0	0
hle_retired.aborted_timer:u	923	0	0
hle_retired.aborted_timer:u	924	0	0
hle_retired.aborted_timer:u	925	0	0
hle_retired.aborted_timer:u	926	0	0
hle_retired.aborted_timer:u	927	0	0
hle_retired.aborted_timer:u	928	0	0
hle_retired.aborted_timer:u	929	0	0
hle_retired.aborted_timer:u	930	0	0
hle_retired.aborted_timer:u	931	0	0
hle_retired.aborted_timer:u	932	0	0
hle_retired.aborted_timer:u	933	0	0
hle_retired.aborted_timer:u	934	0	0
hle_retired.aborted_timer:u	935	0	0
hle_retired.aborted_timer:u	936	0	0
hle_retired.aborted_timer:u	937	0	0
hle_retired.aborted_timer:u	938	0	0
hle_retired.aborted_timer:u	939	0	0
hle_retired.aborted_timer:u	940	0	0
hle_retired.aborted_timer:u	941	0	0
hle_retired.aborted_timer:u	942	0	0
hle_retired.aborted_timer:u	943	0	0
hle_retired.aborted_timer:u	944	0	0
hle_retired.aborted_timer:u	945	0	0
hle_retired.aborted_timer:u	946	0	0
hle_retired.aborted_timer:u	947	0	0
hle_retired.aborted_timer:u	948	0	0
hle_retired.aborted_timer:u	949	0	0
hle_retired.aborted_timer:u	950	0	0
hle_retired.aborted_timer:u	951	0	0
hle_retired.aborted_timer:u	952	0	0
hle_retired.aborted_timer:u	953	0	0
hle_retired.aborted_timer:u	954	0	0
hle_retired.aborted_timer:u	955	0	0
hle_retired.aborted_timer:u	956	0	0
hle_retired.aborted_timer:u	957	0	0
hle_retired.aborted_timer:u	958	0	0
hle_retired.aborted_timer:u	959	0	0
hle_retired.aborted_timer:u	960	0	0
hle_retired.aborted_timer:u	961	0	0
hle_retired.aborted_timer:u	962	0	0
hle_retired.aborted_timer:u	963	0	0
hle_retired.aborted_timer:u	964	0	0
hle_retired.aborted_timer:u	965	0	0
hle_retired.aborted_timer:u	966	0	0
hle_retired.aborted_timer:u	967	0	0
hle_retired.aborted_timer:u	968	0	0
hle_retired.aborted_timer:u	969	0	0
hle_retired.aborted_timer:u	970	0	0
hle_retired.aborted_timer:u	971	0	0
hle_retired.aborted_timer:u	972	0	0
hle_retired.aborted_timer:u	973	0	0
hle_retired.aborted_timer:u	974	0	0
hle_retired.aborted_timer:u	975	0	0
hle_retired.aborted_timer:u	976	0	0
hle_retired.aborted_timer:u	977	0	0
hle_retired.aborted_timer:u	978	0	0
hle_retired.aborted_timer:u	979	0	0
hle_retired.aborted_timer:u	980	0	0
hle_retired.aborted_timer:u	981	0	0
hle_retired.aborted_timer:u	982	0	0
hle_retired.aborted_timer:u	983	0	0
hle_retired.aborted_timer:u	984	0	0
hle_retired.aborted_timer:u	985	0	0
hle_retired.aborted_timer:u	986	0	0
hle_retired.aborted_timer:u	987	0	0
hle_retired.aborted_timer:u	988	0	0
hle_retired.aborted_timer:u	989	0	0
hle_retired.aborted_timer:u	990	0	0
hle_retired.aborted_timer:u	991	0	0
hle_retired.aborted_timer:u	992	0	0
hle_retired.aborted_timer:u	993	0	0
hle_retired.aborted_timer:u	994	0	0
hle_retired.aborted_timer:u	995	0	0
hle_retired.aborted_timer:u	996	0	0
hle_retired.aborted_timer:u	997	0	0
hle_retired.aborted_timer:u	998	0	0
hle_retired.aborted_timer:u	999	0	0
hle_retired.aborted_timer:u	1000	0	0
tx_mem.abort_conflict:u	1	0	0
tx_mem.abort_conflict:u	2	0	0
tx_mem.abort_conflict:u	3	0	0
tx_mem.abort_conflict:u	4	0	0
tx_mem.abort_conflict:u	5	0	0
tx_mem.abort_conflict:u	6	0	0
tx_mem.abort_conflict:u	7	0	0
tx_mem.abort_conflict:u	8	0	0
tx_mem.abort_conflict:u	9	0	0
tx_mem.abort_conflict:u	10	0	0
tx_mem.abort_conflict:u	11	0	0
tx_mem.abort_conflict:u	12	0	0
tx_mem.abort_conflict:u	13	0	0
tx_mem.abort_conflict:u	14	0	0
tx_mem.abort_conflict:u	15	0	0
tx_mem.abort_conflict:u	16	0	0
tx_mem.abort_conflict:u	17	0	0
tx_mem.abort_conflict:u	18	0	0
tx_mem.abort_conflict:u	19	0	0
tx_mem.abort_conflict:u	20	0	0
tx_mem.abort_conflict:u	21	0	0
tx_mem.abort_conflict:u	22	0	0
tx_mem.abort_conflict:u	23	0	0
tx_mem.abort_conflict:u	24	0	0
tx_mem.abort_conflict:u	25	0	0
tx_mem.abort_conflict:u	26	0	0
tx_mem.abort_conflict:u	27	0	0
tx_mem.abort_conflict:u	28	0	0
tx_mem.abort_conflict:u	29	0	0
tx_mem.abort_conflict:u	30	0	0
tx_mem.abort_conflict:u	31	0	0
tx_mem.abort_conflict:u	32	0	0
tx_mem.abort_conflict:u	33	0	0
tx_mem.abort_conflict:u	34	0	0
tx_mem.abort_conflict:u	35	0	0
tx_mem.abort_conflict:u	36	0	0
tx_mem.abort_conflict:u	37	0	0
tx_mem.abort_conflict:u	38	0	0
tx_mem.abort_conflict:u	39	0	0
tx_mem.abort_conflict:u	40	0	0
tx_mem.abort_conflict:u	41	0	0
tx_mem.abort_conflict:u	42	0	0
tx_mem.abort_conflict:u	43	0	0
tx_mem.abort_conflict:u	44	0	0
tx_mem.abort_conflict:u	45	0	0
tx_mem.abort_conflict:u	46	0	0
tx_mem.abort_conflict:u	47	0	0
tx_mem.abort_conflict:u	48	0	0
tx_mem.abort_conflict:u	49	0	0
tx_mem.abort_conflict:u	50	0	0
tx_mem.abort_conflict:u	51	0	0
tx_mem.abort_conflict:u	52	0	0
tx_mem.abort_conflict:u	53	0	0
tx_mem.abort_conflict:u	54	0	0
tx_mem.abort_conflict:u	55	0	0
tx_mem.abort_conflict:u	56	0	0
tx_mem.abort_conflict:u	57	0	0
tx_mem.abort_conflict:u	58	0	0
tx_mem.abort_conflict:u	59	0	0
tx_mem.abort_conflict:u	60	0	0
tx_mem.abort_conflict:u	61	0	0
tx_mem.abort_conflict:u	62	0	0
tx_mem.abort_conflict:u	63	0	0
tx_mem.abort_conflict:u	64	0	0
tx_mem.abort_conflict:u	65	0	0
tx_mem.abort_conflict:u	66	0	0
tx_mem.abort_conflict:u	67	0	0
tx_mem.abort_conflict:u	68	0	0
tx_mem.abort_conflict:u	69	0	0
tx_mem.abort_conflict:u	70	0	0
tx_mem.abort_conflict:u	71	0	0
tx_mem.abort_conflict:u	72	0	0
tx_mem.abort_conflict:u	73	0	0
tx_mem.abort_conflict:u	74	0	0
tx_mem.abort_conflict:u	75	0	0
tx_mem.abort_conflict:u	76	0	0
tx_mem.abort_conflict:u	77	0	0
tx_mem.abort_conflict:u	78	0	0
tx_mem.abort_conflict:u	79	0	0
tx_mem.abort_conflict:u	80	0	0
tx_mem.abort_conflict:u	81	0	0
tx_mem.abort_conflict:u	82	0	0
tx_mem.abort_conflict:u	83	0	0
tx_mem.abort_conflict:u	84	0	0
tx_mem.abort_conflict:u	85	0	0
tx_mem.abort_conflict:u	86	0	0
tx_mem.abort_conflict:u	87	0	0
tx_mem.abort_conflict:u	88	0	0
tx_mem.abort_conflict:u	89	0	0
tx_mem.abort_conflict:u	90	0	0
tx_mem.abort_conflict:u	91	0	0
tx_mem.abort_conflict:u	92	0	0
tx_mem.abort_conflict:u	93	0	0
tx_mem.abort_conflict:u	94	0	0
tx_mem.abort_conflict:u	95	0	0
tx_mem.abort_conflict:u	96	0	0
tx_mem.abort_conflict:u	97	0	0
tx_mem.abort_conflict:u	98	0	0
tx_mem.abort_conflict:u	99	0	0
tx_mem.abort_conflict:u	100	0	0
tx_mem.abort_conflict:u	101	0	0
tx_mem.abort_conflict:u	102	0	0
tx_mem.abort_conflict:u	103	0	0
tx_mem.abort_conflict:u	104	0	0
tx_mem.abort_conflict:u	105	0	0
tx_mem.abort_conflict:u	106	0	0
tx_mem.abort_conflict:u	107	0	0
tx_mem.abort_conflict:u	108	0	0
tx_mem.abort_conflict:u	109	0	0
tx_mem.abort_conflict:u	110	0	0
tx_mem.abort_conflict:u	111	0	0
tx_mem.abort_conflict:u	112	0	0
tx_mem.abort_conflict:u	113	0	0
tx_mem.abort_conflict:u	114	0	0
tx_mem.abort_conflict:u	115	0	0
tx_mem.abort_conflict:u	116	0	0
tx_mem.abort_conflict:u	117	0	0
tx_mem.abort_conflict:u	118	0	0
tx_mem.abort_conflict:u	119	0	0
tx_mem.abort_conflict:u	120	0	0
tx_mem.abort_conflict:u	121	0	0
tx_mem.abort_conflict:u	122	0	0
tx_mem.abort_conflict:u	123	0	0
tx_mem.abort_conflict:u	124	0	0
tx_mem.abort_conflict:u	125	0	0
tx_mem.abort_conflict:u	126	0	0
tx_mem.abort_conflict:u	127	0	0
tx_mem.abort_conflict:u	128	0	0
tx_mem.abort_conflict:u	129	0	0
tx_mem.abort_conflict:u	130	0	0
tx_mem.abort_conflict:u	131	0	0
tx_mem.abort_conflict:u	132	0	0
tx_mem.abort_conflict:u	133	0	0
tx_mem.abort_conflict:u	134	0	0
tx_mem.abort_conflict:u	135	0	0
tx_mem.abort_conflict:u	136	0	0
tx_mem.abort_conflict:u	137	0	0
tx_mem.abort_conflict:u	138	0	0
tx_mem.abort_conflict:u	139	0	0
tx_mem.abort_conflict:u	140	0	0
tx_mem.abort_conflict:u	141	0	0
tx_mem.abort_conflict:u	142	0	0
tx_mem.abort_conflict:u	143	0	0
tx_mem.abort_conflict:u	144	0	0
tx_mem.abort_conflict:u	145	0	0
tx_mem.abort_conflict:u	146	0	0
tx_mem.abort_conflict:u	147	0	0
tx_mem.abort_conflict:u	148	0	0
tx_mem.abort_conflict:u	149	0	0
tx_mem.abort_conflict:u	150	0	0
tx_mem.abort_conflict:u	151	0	0
tx_mem.abort_conflict:u	152	0	0
tx_mem.abort_conflict:u	153	0	0
tx_mem.abort_conflict:u	154	0	0
tx_mem.abort_conflict:u	155	0	0
tx_mem.abort_conflict:u	156	0	0
tx_mem.abort_conflict:u	157	0	0
tx_mem.abort_conflict:u	158	0	0
tx_mem.abort_conflict:u	159	0	0
tx_mem.abort_conflict:u	160	0	0
tx_mem.abort_conflict:u	161	0	0
tx_mem.abort_conflict:u	162	0	0
tx_mem.abort_conflict:u	163	0	0
tx_mem.abort_conflict:u	164	0	0
tx_mem.abort_conflict:u	165	0	0
tx_mem.abort_conflict:u	166	0	0
tx_mem.abort_conflict:u	167	0	0
tx_mem.abort_conflict:u	168	0	0
tx_mem.abort_conflict:u	169	0	0
tx_mem.abort_conflict:u	170	0	0
tx_mem.abort_conflict:u	171	0	0
tx_mem.abort_conflict:u	172	0	0
tx_mem.abort_conflict:u	173	0	0
tx_mem.abort_conflict:u	174	0	0
tx_mem.abort_conflict:u	175	0	0
tx_mem.abort_conflict:u	176	0	0
tx_mem.abort_conflict:u	177	0	0
tx_mem.abort_conflict:u	178	0	0
tx_mem.abort_conflict:u	179	0	0
tx_mem.abort_conflict:u	180	0	0
tx_mem.abort_conflict:u	181	0	0
tx_mem.abort_conflict:u	182	0	0
tx_mem.abort_conflict:u	183	0	0
tx_mem.abort_conflict:u	184	0	0
tx_mem.abort_conflict:u	185	0	0
tx_mem.abort_conflict:u	186	0	0
tx_mem.abort_conflict:u	187	0	0
tx_mem.abort_conflict:u	188	0	0
tx_mem.abort_conflict:u	189	0	0
tx_mem.abort_conflict:u	190	0	0
tx_mem.abort_conflict:u	191	0	0
tx_mem.abort_conflict:u	192	0	0
tx_mem.abort_conflict:u	193	0	0
tx_mem.abort_conflict:u	194	0	0
tx_mem.abort_conflict:u	195	0	0
tx_mem.abort_conflict:u	196	0	0
tx_mem.abort_conflict:u	197	0	0
tx_mem.abort_conflict:u	198	0	0
tx_mem.abort_conflict:u	199	0	0
tx_mem.abort_conflict:u	200	0	0
tx_mem.abort_conflict:u	201	0	0
tx_mem.abort_conflict:u	202	0	0
tx_mem.abort_conflict:u	203	0	0
tx_mem.abort_conflict:u	204	0	0
tx_mem.abort_conflict:u	205	0	0
tx_mem.abort_conflict:u	206	0	0
tx_mem.abort_conflict:u	207	0	0
tx_mem.abort_conflict:u	208	0	0
tx_mem.abort_conflict:u	209	0	0
tx_mem.abort_conflict:u	210	0	0
tx_mem.abort_conflict:u	211	0	0
tx_mem.abort_conflict:u	212	0	0
tx_mem.abort_conflict:u	213	0	0
tx_mem.abort_conflict:u	214	0	0
tx_mem.abort_conflict:u	215	0	0
tx_mem.abort_conflict:u	216	0	0
tx_mem.abort_conflict:u	217	0	0
tx_mem.abort_conflict:u	218	0	0
tx_mem.abort_conflict:u	219	0	0
tx_mem.abort_conflict:u	220	0	0
tx_mem.abort_conflict:u	221	0	0
tx_mem.abort_conflict:u	222	0	0
tx_mem.abort_conflict:u	223	0	0
tx_mem.abort_conflict:u	224	0	0
tx_mem.abort_conflict:u	225	0	0
tx_mem.abort_conflict:u	226	0	0
tx_mem.abort_conflict:u	227	0	0
tx_mem.abort_conflict:u	228	0	0
tx_mem.abort_conflict:u	229	0	0
tx_mem.abort_conflict:u	230	0	0
tx_mem.abort_conflict:u	231	0	0
tx_mem.abort_conflict:u	232	0	0
tx_mem.abort_conflict:u	233	0	0
tx_mem.abort_conflict:u	234	0	0
tx_mem.abort_conflict:u	235	0	0
tx_mem.abort_conflict:u	236	0	0
tx_mem.abort_conflict:u	237	0	0
tx_mem.abort_conflict:u	238	0	0
tx_mem.abort_conflict:u	239	0	0
tx_mem.abort_conflict:u	240	0	0
tx_mem.abort_conflict:u	241	0	0
tx_mem.abort_conflict:u	242	0	0
tx_mem.abort_conflict:u	243	0	0
tx_mem.abort_conflict:u	244	0	0
tx_mem.abort_conflict:u	245	0	0
tx_mem.abort_conflict:u	246	0	0
tx_mem.abort_conflict:u	247	0	0
tx_mem.abort_conflict:u	248	0	0
tx_mem.abort_conflict:u	249	0	0
tx_mem.abort_conflict:u	250	0	0
tx_mem.abort_conflict:u	251	0	0
tx_mem.abort_conflict:u	252	0	0
tx_mem.abort_conflict:u	253	0	0
tx_mem.abort_conflict:u	254	0	0
tx_mem.abort_conflict:u	255	0	0
tx_mem.abort_conflict:u	256	0	0
tx_mem.abort_conflict:u	257	0	0
tx_mem.abort_conflict:u	258	0	0
tx_mem.abort_conflict:u	259	0	0
tx_mem.abort_conflict:u	260	0	0
tx_mem.abort_conflict:u	261	0	0
tx_mem.abort_conflict:u	262	0	0
tx_mem.abort_conflict:u	263	0	0
tx_mem.abort_conflict:u	264	0	0
tx_mem.abort_conflict:u	265	0	0
tx_mem.abort_conflict:u	266	0	0
tx_mem.abort_conflict:u	267	0	0
tx_mem.abort_conflict:u	268	0	0
tx_mem.abort_conflict:u	269	0	0
tx_mem.abort_conflict:u	270	0	0
tx_mem.abort_conflict:u	271	0	0
tx_mem.abort_conflict:u	272	0	0
tx_mem.abort_conflict:u	273	0	0
tx_mem.abort_conflict:u	274	0	0
tx_mem.abort_conflict:u	275	0	0
tx_mem.abort_conflict:u	276	0	0
tx_mem.abort_conflict:u	277	0	0
tx_mem.abort_conflict:u	278	0	0
tx_mem.abort_conflict:u	279	0	0
tx_mem.abort_conflict:u	280	0	0
tx_mem.abort_conflict:u	281	0	0
tx_mem.abort_conflict:u	282	0	0
tx_mem.abort_conflict:u	283	0	0
tx_mem.abort_conflict:u	284	0	0
tx_mem.abort_conflict:u	285	0	0
tx_mem.abort_conflict:u	286	0	0
tx_mem.abort_conflict:u	287	0	0
tx_mem.abort_conflict:u	288	0	0
tx_mem.abort_conflict:u	289	0	0
tx_mem.abort_conflict:u	290	0	0
tx_mem.abort_conflict:u	291	0	0
tx_mem.abort_conflict:u	292	0	0
tx_mem.abort_conflict:u	293	0	0
tx_mem.abort_conflict:u	294	0	0
tx_mem.abort_conflict:u	295	0	0
tx_mem.abort_conflict:u	296	0	0
tx_mem.abort_conflict:u	297	0	0
tx_mem.abort_conflict:u	298	0	0
tx_mem.abort_conflict:u	299	0	0
tx_mem.abort_conflict:u	300	0	0
tx_mem.abort_conflict:u	301	0	0
tx_mem.abort_conflict:u	302	0	0
tx_mem.abort_conflict:u	303	0	0
tx_mem.abort_conflict:u	304	0	0
tx_mem.abort_conflict:u	305	0	0
tx_mem.abort_conflict:u	306	0	0
tx_mem.abort_conflict:u	307	0	0
tx_mem.abort_conflict:u	308	0	0
tx_mem.abort_conflict:u	309	0	0
tx_mem.abort_conflict:u	310	0	0
tx_mem.abort_conflict:u	311	0	0
tx_mem.abort_conflict:u	312	0	0
tx_mem.abort_conflict:u	313	0	0
tx_mem.abort_conflict:u	314	0	0
tx_mem.abort_conflict:u	315	0	0
tx_mem.abort_conflict:u	316	0	0
tx_mem.abort_conflict:u	317	0	0
tx_mem.abort_conflict:u	318	0	0
tx_mem.abort_conflict:u	319	0	0
tx_mem.abort_conflict:u	320	0	0
tx_mem.abort_conflict:u	321	0	0
tx_mem.abort_conflict:u	322	0	0
tx_mem.abort_conflict:u	323	0	0
tx_mem.abort_conflict:u	324	0	0
tx_mem.abort_conflict:u	325	0	0
tx_mem.abort_conflict:u	326	0	0
tx_mem.abort_conflict:u	327	0	0
tx_mem.abort_conflict:u	328	0	0
tx_mem.abort_conflict:u	329	0	0
tx_mem.abort_conflict:u	330	0	0
tx_mem.abort_conflict:u	331	0	0
tx_mem.abort_conflict:u	332	0	0
tx_mem.abort_conflict:u	333	0	0
tx_mem.abort_conflict:u	334	0	0
tx_mem.abort_conflict:u	335	0	0
tx_mem.abort_conflict:u	336	0	0
tx_mem.abort_conflict:u	337	0	0
tx_mem.abort_conflict:u	338	0	0
tx_mem.abort_conflict:u	339	0	0
tx_mem.abort_conflict:u	340	0	0
tx_mem.abort_conflict:u	341	0	0
tx_mem.abort_conflict:u	342	0	0
tx_mem.abort_conflict:u	343	0	0
tx_mem.abort_conflict:u	344	0	0
tx_mem.abort_conflict:u	345	0	0
tx_mem.abort_conflict:u	346	0	0
tx_mem.abort_conflict:u	347	0	0
tx_mem.abort_conflict:u	348	0	0
tx_mem.abort_conflict:u	349	0	0
tx_mem.abort_conflict:u	350	0	0
tx_mem.abort_conflict:u	351	0	0
tx_mem.abort_conflict:u	352	0	0
tx_mem.abort_conflict:u	353	0	0
tx_mem.abort_conflict:u	354	0	0
tx_mem.abort_conflict:u	355	0	0
tx_mem.abort_conflict:u	356	0	0
tx_mem.abort_conflict:u	357	0	0
tx_mem.abort_conflict:u	358	0	0
tx_mem.abort_conflict:u	359	0	0
tx_mem.abort_conflict:u	360	0	0
tx_mem.abort_conflict:u	361	0	0
tx_mem.abort_conflict:u	362	0	0
tx_mem.abort_conflict:u	363	0	0
tx_mem.abort_conflict:u	364	0	0
tx_mem.abort_conflict:u	365	0	0
tx_mem.abort_conflict:u	366	0	0
tx_mem.abort_conflict:u	367	0	0
tx_mem.abort_conflict:u	368	0	0
tx_mem.abort_conflict:u	369	0	0
tx_mem.abort_conflict:u	370	0	0
tx_mem.abort_conflict:u	371	0	0
tx_mem.abort_conflict:u	372	0	0
tx_mem.abort_conflict:u	373	0	0
tx_mem.abort_conflict:u	374	0	0
tx_mem.abort_conflict:u	375	0	0
tx_mem.abort_conflict:u	376	0	0
tx_mem.abort_conflict:u	377	0	0
tx_mem.abort_conflict:u	378	0	0
tx_mem.abort_conflict:u	379	0	0
tx_mem.abort_conflict:u	380	0	0
tx_mem.abort_conflict:u	381	0	0
tx_mem.abort_conflict:u	382	0	0
tx_mem.abort_conflict:u	383	0	0
tx_mem.abort_conflict:u	384	0	0
tx_mem.abort_conflict:u	385	0	0
tx_mem.abort_conflict:u	386	0	0
tx_mem.abort_conflict:u	387	0	0
tx_mem.abort_conflict:u	388	0	0
tx_mem.abort_conflict:u	389	0	0
tx_mem.abort_conflict:u	390	0	0
tx_mem.abort_conflict:u	391	0	0
tx_mem.abort_conflict:u	392	0	0
tx_mem.abort_conflict:u	393	0	0
tx_mem.abort_conflict:u	394	0	0
tx_mem.abort_conflict:u	395	0	0
tx_mem.abort_conflict:u	396	0	0
tx_mem.abort_conflict:u	397	0	0
tx_mem.abort_conflict:u	398	0	0
tx_mem.abort_conflict:u	399	0	0
tx_mem.abort_conflict:u	400	0	0
tx_mem.abort_conflict:u	401	0	0
tx_mem.abort_conflict:u	402	0	0
tx_mem.abort_conflict:u	403	0	0
tx_mem.abort_conflict:u	404	0	0
tx_mem.abort_conflict:u	405	0	0
tx_mem.abort_conflict:u	406	0	0
tx_mem.abort_conflict:u	407	0	0
tx_mem.abort_conflict:u	408	0	0
tx_mem.abort_conflict:u	409	0	0
tx_mem.abort_conflict:u	410	0	0
tx_mem.abort_conflict:u	411	0	0
tx_mem.abort_conflict:u	412	0	0
tx_mem.abort_conflict:u	413	0	0
tx_mem.abort_conflict:u	414	0	0
tx_mem.abort_conflict:u	415	0	0
tx_mem.abort_conflict:u	416	0	0
tx_mem.abort_conflict:u	417	0	0
tx_mem.abort_conflict:u	418	0	0
tx_mem.abort_conflict:u	419	0	0
tx_mem.abort_conflict:u	420	0	0
tx_mem.abort_conflict:u	421	0	0
tx_mem.abort_conflict:u	422	0	0
tx_mem.abort_conflict:u	423	0	0
tx_mem.abort_conflict:u	424	0	0
tx_mem.abort_conflict:u	425	0	0
tx_mem.abort_conflict:u	426	0	0
tx_mem.abort_conflict:u	427	0	0
tx_mem.abort_conflict:u	428	0	0
tx_mem.abort_conflict:u	429	0	0
tx_mem.abort_conflict:u	430	0	0
tx_mem.abort_conflict:u	431	0	0
tx_mem.abort_conflict:u	432	0	0
tx_mem.abort_conflict:u	433	0	0
tx_mem.abort_conflict:u	434	0	0
tx_mem.abort_conflict:u	435	0	0
tx_mem.abort_conflict:u	436	0	0
tx_mem.abort_conflict:u	437	0	0
tx_mem.abort_conflict:u	438	0	0
tx_mem.abort_conflict:u	439	0	0
tx_mem.abort_conflict:u	440	0	0
tx_mem.abort_conflict:u	441	0	0
tx_mem.abort_conflict:u	442	0	0
tx_mem.abort_conflict:u	443	0	0
tx_mem.abort_conflict:u	444	0	0
tx_mem.abort_conflict:u	445	0	0
tx_mem.abort_conflict:u	446	0	0
tx_mem.abort_conflict:u	447	0	0
tx_mem.abort_conflict:u	448	0	0
tx_mem.abort_conflict:u	449	0	0
tx_mem.abort_conflict:u	450	0	0
tx_mem.abort_conflict:u	451	0	0
tx_mem.abort_conflict:u	452	0	0
tx_mem.abort_conflict:u	453	0	0
tx_mem.abort_conflict:u	454	0	0
tx_mem.abort_conflict:u	455	0	0
tx_mem.abort_conflict:u	456	0	0
tx_mem.abort_conflict:u	457	0	0
tx_mem.abort_conflict:u	458	0	0
tx_mem.abort_conflict:u	459	0	0
tx_mem.abort_conflict:u	460	0	0
tx_mem.abort_conflict:u	461	0	0
tx_mem.abort_conflict:u	462	0	0
tx_mem.abort_conflict:u	463	0	0
tx_mem.abort_conflict:u	464	0	0
tx_mem.abort_conflict:u	465	0	0
tx_mem.abort_conflict:u	466	0	0
tx_mem.abort_conflict:u	467	0	0
tx_mem.abort_conflict:u	468	0	0
tx_mem.abort_conflict:u	469	0	0
tx_mem.abort_conflict:u	470	0	0
tx_mem.abort_conflict:u	471	0	0
tx_mem.abort_conflict:u	472	0	0
tx_mem.abort_conflict:u	473	0	0
tx_mem.abort_conflict:u	474	0	0
tx_mem.abort_conflict:u	475	0	0
tx_mem.abort_conflict:u	476	0	0
tx_mem.abort_conflict:u	477	0	0
tx_mem.abort_conflict:u	478	0	0
tx_mem.abort_conflict:u	479	0	0
tx_mem.abort_conflict:u	480	0	0
tx_mem.abort_conflict:u	481	0	0
tx_mem.abort_conflict:u	482	0	0
tx_mem.abort_conflict:u	483	0	0
tx_mem.abort_conflict:u	484	0	0
tx_mem.abort_conflict:u	485	0	0
tx_mem.abort_conflict:u	486	0	0
tx_mem.abort_conflict:u	487	0	0
tx_mem.abort_conflict:u	488	0	0
tx_mem.abort_conflict:u	489	0	0
tx_mem.abort_conflict:u	490	0	0
tx_mem.abort_conflict:u	491	0	0
tx_mem.abort_conflict:u	492	0	0
tx_mem.abort_conflict:u	493	0	0
tx_mem.abort_conflict:u	494	0	0
tx_mem.abort_conflict:u	495	0	0
tx_mem.abort_conflict:u	496	0	0
tx_mem.abort_conflict:u	497	0	0
tx_mem.abort_conflict:u	498	0	0
tx_mem.abort_conflict:u	499	0	0
tx_mem.abort_conflict:u	500	0	0
tx_mem.abort_conflict:u	501	0	0
tx_mem.abort_conflict:u	502	0	0
tx_mem.abort_conflict:u	503	0	0
tx_mem.abort_conflict:u	504	0	0
tx_mem.abort_conflict:u	505	0	0
tx_mem.abort_conflict:u	506	0	0
tx_mem.abort_conflict:u	507	0	0
tx_mem.abort_conflict:u	508	0	0
tx_mem.abort_conflict:u	509	0	0
tx_mem.abort_conflict:u	510	0	0
tx_mem.abort_conflict:u	511	0	0
tx_mem.abort_conflict:u	512	0	0
tx_mem.abort_conflict:u	513	0	0
tx_mem.abort_conflict:u	514	0	0
tx_mem.abort_conflict:u	515	0	0
tx_mem.abort_conflict:u	516	0	0
tx_mem.abort_conflict:u	517	0	0
tx_mem.abort_conflict:u	518	0	0
tx_mem.abort_conflict:u	519	0	0
tx_mem.abort_conflict:u	520	0	0
tx_mem.abort_conflict:u	521	0	0
tx_mem.abort_conflict:u	522	0	0
tx_mem.abort_conflict:u	523	0	0
tx_mem.abort_conflict:u	524	0	0
tx_mem.abort_conflict:u	525	0	0
tx_mem.abort_conflict:u	526	0	0
tx_mem.abort_conflict:u	527	0	0
tx_mem.abort_conflict:u	528	0	0
tx_mem.abort_conflict:u	529	0	0
tx_mem.abort_conflict:u	530	0	0
tx_mem.abort_conflict:u	531	0	0
tx_mem.abort_conflict:u	532	0	0
tx_mem.abort_conflict:u	533	0	0
tx_mem.abort_conflict:u	534	0	0
tx_mem.abort_conflict:u	535	0	0
tx_mem.abort_conflict:u	536	0	0
tx_mem.abort_conflict:u	537	0	0
tx_mem.abort_conflict:u	538	0	0
tx_mem.abort_conflict:u	539	0	0
tx_mem.abort_conflict:u	540	0	0
tx_mem.abort_conflict:u	541	0	0
tx_mem.abort_conflict:u	542	0	0
tx_mem.abort_conflict:u	543	0	0
tx_mem.abort_conflict:u	544	0	0
tx_mem.abort_conflict:u	545	0	0
tx_mem.abort_conflict:u	546	0	0
tx_mem.abort_conflict:u	547	0	0
tx_mem.abort_conflict:u	548	0	0
tx_mem.abort_conflict:u	549	0	0
tx_mem.abort_conflict:u	550	0	0
tx_mem.abort_conflict:u	551	0	0
tx_mem.abort_conflict:u	552	0	0
tx_mem.abort_conflict:u	553	0	0
tx_mem.abort_conflict:u	554	0	0
tx_mem.abort_conflict:u	555	0	0
tx_mem.abort_conflict:u	556	0	0
tx_mem.abort_conflict:u	557	0	0
tx_mem.abort_conflict:u	558	0	0
tx_mem.abort_conflict:u	559	0	0
tx_mem.abort_conflict:u	560	0	0
tx_mem.abort_conflict:u	561	0	0
tx_mem.abort_conflict:u	562	0	0
tx_mem.abort_conflict:u	563	0	0
tx_mem.abort_conflict:u	564	0	0
tx_mem.abort_conflict:u	565	0	0
tx_mem.abort_conflict:u	566	0	0
tx_mem.abort_conflict:u	567	0	0
tx_mem.abort_conflict:u	568	0	0
tx_mem.abort_conflict:u	569	0	0
tx_mem.abort_conflict:u	570	0	0
tx_mem.abort_conflict:u	571	0	0
tx_mem.abort_conflict:u	572	0	0
tx_mem.abort_conflict:u	573	0	0
tx_mem.abort_conflict:u	574	0	0
tx_mem.abort_conflict:u	575	0	0
tx_mem.abort_conflict:u	576	0	0
tx_mem.abort_conflict:u	577	0	0
tx_mem.abort_conflict:u	578	0	0
tx_mem.abort_conflict:u	579	0	0
tx_mem.abort_conflict:u	580	0	0
tx_mem.abort_conflict:u	581	0	0
tx_mem.abort_conflict:u	582	0	0
tx_mem.abort_conflict:u	583	0	0
tx_mem.abort_conflict:u	584	0	0
tx_mem.abort_conflict:u	585	0	0
tx_mem.abort_conflict:u	586	0	0
tx_mem.abort_conflict:u	587	0	0
tx_mem.abort_conflict:u	588	0	0
tx_mem.abort_conflict:u	589	0	0
tx_mem.abort_conflict:u	590	0	0
tx_mem.abort_conflict:u	591	0	0
tx_mem.abort_conflict:u	592	0	0
tx_mem.abort_conflict:u	593	0	0
tx_mem.abort_conflict:u	594	0	0
tx_mem.abort_conflict:u	595	0	0
tx_mem.abort_conflict:u	596	0	0
tx_mem.abort_conflict:u	597	0	0
tx_mem.abort_conflict:u	598	0	0
tx_mem.abort_conflict:u	599	0	0
tx_mem.abort_conflict:u	600	0	0
tx_mem.abort_conflict:u	601	0	0
tx_mem.abort_conflict:u	602	0	0
tx_mem.abort_conflict:u	603	0	0
tx_mem.abort_conflict:u	604	0	0
tx_mem.abort_conflict:u	605	0	0
tx_mem.abort_conflict:u	606	0	0
tx_mem.abort_conflict:u	607	0	0
tx_mem.abort_conflict:u	608	0	0
tx_mem.abort_conflict:u	609	0	0
tx_mem.abort_conflict:u	610	0	0
tx_mem.abort_conflict:u	611	0	0
tx_mem.abort_conflict:u	612	0	0
tx_mem.abort_conflict:u	613	0	0
tx_mem.abort_conflict:u	614	0	0
tx_mem.abort_conflict:u	615	0	0
tx_mem.abort_conflict:u	616	0	0
tx_mem.abort_conflict:u	617	0	0
tx_mem.abort_conflict:u	618	0	0
tx_mem.abort_conflict:u	619	0	0
tx_mem.abort_conflict:u	620	0	0
tx_mem.abort_conflict:u	621	0	0
tx_mem.abort_conflict:u	622	0	0
tx_mem.abort_conflict:u	623	0	0
tx_mem.abort_conflict:u	624	0	0
tx_mem.abort_conflict:u	625	0	0
tx_mem.abort_conflict:u	626	0	0
tx_mem.abort_conflict:u	627	0	0
tx_mem.abort_conflict:u	628	0	0
tx_mem.abort_conflict:u	629	0	0
tx_mem.abort_conflict:u	630	0	0
tx_mem.abort_conflict:u	631	0	0
tx_mem.abort_conflict:u	632	0	0
tx_mem.abort_conflict:u	633	0	0
tx_mem.abort_conflict:u	634	0	0
tx_mem.abort_conflict:u	635	0	0
tx_mem.abort_conflict:u	636	0	0
tx_mem.abort_conflict:u	637	0	0
tx_mem.abort_conflict:u	638	0	0
tx_mem.abort_conflict:u	639	0	0
tx_mem.abort_conflict:u	640	0	0
tx_mem.abort_conflict:u	641	0	0
tx_mem.abort_conflict:u	642	0	0
tx_mem.abort_conflict:u	643	0	0
tx_mem.abort_conflict:u	644	0	0
tx_mem.abort_conflict:u	645	0	0
tx_mem.abort_conflict:u	646	0	0
tx_mem.abort_conflict:u	647	0	0
tx_mem.abort_conflict:u	648	0	0
tx_mem.abort_conflict:u	649	0	0
tx_mem.abort_conflict:u	650	0	0
tx_mem.abort_conflict:u	651	0	0
tx_mem.abort_conflict:u	652	0	0
tx_mem.abort_conflict:u	653	0	0
tx_mem.abort_conflict:u	654	0	0
tx_mem.abort_conflict:u	655	0	0
tx_mem.abort_conflict:u	656	0	0
tx_mem.abort_conflict:u	657	0	0
tx_mem.abort_conflict:u	658	0	0
tx_mem.abort_conflict:u	659	0	0
tx_mem.abort_conflict:u	660	0	0
tx_mem.abort_conflict:u	661	0	0
tx_mem.abort_conflict:u	662	0	0
tx_mem.abort_conflict:u	663	0	0
tx_mem.abort_conflict:u	664	0	0
tx_mem.abort_conflict:u	665	0	0
tx_mem.abort_conflict:u	666	0	0
tx_mem.abort_conflict:u	667	0	0
tx_mem.abort_conflict:u	668	0	0
tx_mem.abort_conflict:u	669	0	0
tx_mem.abort_conflict:u	670	0	0
tx_mem.abort_conflict:u	671	0	0
tx_mem.abort_conflict:u	672	0	0
tx_mem.abort_conflict:u	673	0	0
tx_mem.abort_conflict:u	674	0	0
tx_mem.abort_conflict:u	675	0	0
tx_mem.abort_conflict:u	676	0	0
tx_mem.abort_conflict:u	677	0	0
tx_mem.abort_conflict:u	678	0	0
tx_mem.abort_conflict:u	679	0	0
tx_mem.abort_conflict:u	680	0	0
tx_mem.abort_conflict:u	681	0	0
tx_mem.abort_conflict:u	682	0	0
tx_mem.abort_conflict:u	683	0	0
tx_mem.abort_conflict:u	684	0	0
tx_mem.abort_conflict:u	685	0	0
tx_mem.abort_conflict:u	686	0	0
tx_mem.abort_conflict:u	687	0	0
tx_mem.abort_conflict:u	688	0	0
tx_mem.abort_conflict:u	689	0	0
tx_mem.abort_conflict:u	690	0	0
tx_mem.abort_conflict:u	691	0	0
tx_mem.abort_conflict:u	692	0	0
tx_mem.abort_conflict:u	693	0	0
tx_mem.abort_conflict:u	694	0	0
tx_mem.abort_conflict:u	695	0	0
tx_mem.abort_conflict:u	696	0	0
tx_mem.abort_conflict:u	697	0	0
tx_mem.abort_conflict:u	698	0	0
tx_mem.abort_conflict:u	699	0	0
tx_mem.abort_conflict:u	700	0	0
tx_mem.abort_conflict:u	701	0	0
tx_mem.abort_conflict:u	702	0	0
tx_mem.abort_conflict:u	703	0	0
tx_mem.abort_conflict:u	704	0	0
tx_mem.abort_conflict:u	705	0	0
tx_mem.abort_conflict:u	706	0	0
tx_mem.abort_conflict:u	707	0	0
tx_mem.abort_conflict:u	708	0	0
tx_mem.abort_conflict:u	709	0	0
tx_mem.abort_conflict:u	710	0	0
tx_mem.abort_conflict:u	711	0	0
tx_mem.abort_conflict:u	712	0	0
tx_mem.abort_conflict:u	713	0	0
tx_mem.abort_conflict:u	714	0	0
tx_mem.abort_conflict:u	715	0	0
tx_mem.abort_conflict:u	716	0	0
tx_mem.abort_conflict:u	717	0	0
tx_mem.abort_conflict:u	718	0	0
tx_mem.abort_conflict:u	719	0	0
tx_mem.abort_conflict:u	720	0	0
tx_mem.abort_conflict:u	721	0	0
tx_mem.abort_conflict:u	722	0	0
tx_mem.abort_conflict:u	723	0	0
tx_mem.abort_conflict:u	724	0	0
tx_mem.abort_conflict:u	725	0	0
tx_mem.abort_conflict:u	726	0	0
tx_mem.abort_conflict:u	727	0	0
tx_mem.abort_conflict:u	728	0	0
tx_mem.abort_conflict:u	729	0	0
tx_mem.abort_conflict:u	730	0	0
tx_mem.abort_conflict:u	731	0	0
tx_mem.abort_conflict:u	732	0	0
tx_mem.abort_conflict:u	733	0	0
tx_mem.abort_conflict:u	734	0	0
tx_mem.abort_conflict:u	735	0	0
tx_mem.abort_conflict:u	736	0	0
tx_mem.abort_conflict:u	737	0	0
tx_mem.abort_conflict:u	738	0	0
tx_mem.abort_conflict:u	739	0	0
tx_mem.abort_conflict:u	740	0	0
tx_mem.abort_conflict:u	741	0	0
tx_mem.abort_conflict:u	742	0	0
tx_mem.abort_conflict:u	743	0	0
tx_mem.abort_conflict:u	744	0	0
tx_mem.abort_conflict:u	745	0	0
tx_mem.abort_conflict:u	746	0	0
tx_mem.abort_conflict:u	747	0	0
tx_mem.abort_conflict:u	748	0	0
tx_mem.abort_conflict:u	749	0	0
tx_mem.abort_conflict:u	750	0	0
tx_mem.abort_conflict:u	751	0	0
tx_mem.abort_conflict:u	752	0	0
tx_mem.abort_conflict:u	753	0	0
tx_mem.abort_conflict:u	754	0	0
tx_mem.abort_conflict:u	755	0	0
tx_mem.abort_conflict:u	756	0	0
tx_mem.abort_conflict:u	757	0	0
tx_mem.abort_conflict:u	758	0	0
tx_mem.abort_conflict:u	759	0	0
tx_mem.abort_conflict:u	760	0	0
tx_mem.abort_conflict:u	761	0	0
tx_mem.abort_conflict:u	762	0	0
tx_mem.abort_conflict:u	763	0	0
tx_mem.abort_conflict:u	764	0	0
tx_mem.abort_conflict:u	765	0	0
tx_mem.abort_conflict:u	766	0	0
tx_mem.abort_conflict:u	767	0	0
tx_mem.abort_conflict:u	768	0	0
tx_mem.abort_conflict:u	769	0	0
tx_mem.abort_conflict:u	770	0	0
tx_mem.abort_conflict:u	771	0	0
tx_mem.abort_conflict:u	772	0	0
tx_mem.abort_conflict:u	773	0	0
tx_mem.abort_conflict:u	774	0	0
tx_mem.abort_conflict:u	775	0	0
tx_mem.abort_conflict:u	776	0	0
tx_mem.abort_conflict:u	777	0	0
tx_mem.abort_conflict:u	778	0	0
tx_mem.abort_conflict:u	779	0	0
tx_mem.abort_conflict:u	780	0	0
tx_mem.abort_conflict:u	781	0	0
tx_mem.abort_conflict:u	782	0	0
tx_mem.abort_conflict:u	783	0	0
tx_mem.abort_conflict:u	784	0	0
tx_mem.abort_conflict:u	785	0	0
tx_mem.abort_conflict:u	786	0	0
tx_mem.abort_conflict:u	787	0	0
tx_mem.abort_conflict:u	788	0	0
tx_mem.abort_conflict:u	789	0	0
tx_mem.abort_conflict:u	790	0	0
tx_mem.abort_conflict:u	791	0	0
tx_mem.abort_conflict:u	792	0	0
tx_mem.abort_conflict:u	793	0	0
tx_mem.abort_conflict:u	794	0	0
tx_mem.abort_conflict:u	795	0	0
tx_mem.abort_conflict:u	796	0	0
tx_mem.abort_conflict:u	797	0	0
tx_mem.abort_conflict:u	798	0	0
tx_mem.abort_conflict:u	799	0	0
tx_mem.abort_conflict:u	800	0	0
tx_mem.abort_conflict:u	801	0	0
tx_mem.abort_conflict:u	802	0	0
tx_mem.abort_conflict:u	803	0	0
tx_mem.abort_conflict:u	804	0	0
tx_mem.abort_conflict:u	805	0	0
tx_mem.abort_conflict:u	806	0	0
tx_mem.abort_conflict:u	807	0	0
tx_mem.abort_conflict:u	808	0	0
tx_mem.abort_conflict:u	809	0	0
tx_mem.abort_conflict:u	810	0	0
tx_mem.abort_conflict:u	811	0	0
tx_mem.abort_conflict:u	812	0	0
tx_mem.abort_conflict:u	813	0	0
tx_mem.abort_conflict:u	814	0	0
tx_mem.abort_conflict:u	815	0	0
tx_mem.abort_conflict:u	816	0	0
tx_mem.abort_conflict:u	817	0	0
tx_mem.abort_conflict:u	818	0	0
tx_mem.abort_conflict:u	819	0	0
tx_mem.abort_conflict:u	820	0	0
tx_mem.abort_conflict:u	821	0	0
tx_mem.abort_conflict:u	822	0	0
tx_mem.abort_conflict:u	823	0	0
tx_mem.abort_conflict:u	824	0	0
tx_mem.abort_conflict:u	825	0	0
tx_mem.abort_conflict:u	826	0	0
tx_mem.abort_conflict:u	827	0	0
tx_mem.abort_conflict:u	828	0	0
tx_mem.abort_conflict:u	829	0	0
tx_mem.abort_conflict:u	830	0	0
tx_mem.abort_conflict:u	831	0	0
tx_mem.abort_conflict:u	832	0	0
tx_mem.abort_conflict:u	833	0	0
tx_mem.abort_conflict:u	834	0	0
tx_mem.abort_conflict:u	835	0	0
tx_mem.abort_conflict:u	836	0	0
tx_mem.abort_conflict:u	837	0	0
tx_mem.abort_conflict:u	838	0	0
tx_mem.abort_conflict:u	839	0	0
tx_mem.abort_conflict:u	840	0	0
tx_mem.abort_conflict:u	841	0	0
tx_mem.abort_conflict:u	842	0	0
tx_mem.abort_conflict:u	843	0	0
tx_mem.abort_conflict:u	844	0	0
tx_mem.abort_conflict:u	845	0	0
tx_mem.abort_conflict:u	846	0	0
tx_mem.abort_conflict:u	847	0	0
tx_mem.abort_conflict:u	848	0	0
tx_mem.abort_conflict:u	849	0	0
tx_mem.abort_conflict:u	850	0	0
tx_mem.abort_conflict:u	851	0	0
tx_mem.abort_conflict:u	852	0	0
tx_mem.abort_conflict:u	853	0	0
tx_mem.abort_conflict:u	854	0	0
tx_mem.abort_conflict:u	855	0	0
tx_mem.abort_conflict:u	856	0	0
tx_mem.abort_conflict:u	857	0	0
tx_mem.abort_conflict:u	858	0	0
tx_mem.abort_conflict:u	859	0	0
tx_mem.abort_conflict:u	860	0	0
tx_mem.abort_conflict:u	861	0	0
tx_mem.abort_conflict:u	862	0	0
tx_mem.abort_conflict:u	863	0	0
tx_mem.abort_conflict:u	864	0	0
tx_mem.abort_conflict:u	865	0	0
tx_mem.abort_conflict:u	866	0	0
tx_mem.abort_conflict:u	867	0	0
tx_mem.abort_conflict:u	868	0	0
tx_mem.abort_conflict:u	869	0	0
tx_mem.abort_conflict:u	870	0	0
tx_mem.abort_conflict:u	871	0	0
tx_mem.abort_conflict:u	872	0	0
tx_mem.abort_conflict:u	873	0	0
tx_mem.abort_conflict:u	874	0	0
tx_mem.abort_conflict:u	875	0	0
tx_mem.abort_conflict:u	876	0	0
tx_mem.abort_conflict:u	877	0	0
tx_mem.abort_conflict:u	878	0	0
tx_mem.abort_conflict:u	879	0	0
tx_mem.abort_conflict:u	880	0	0
tx_mem.abort_conflict:u	881	0	0
tx_mem.abort_conflict:u	882	0	0
tx_mem.abort_conflict:u	883	0	0
tx_mem.abort_conflict:u	884	0	0
tx_mem.abort_conflict:u	885	0	0
tx_mem.abort_conflict:u	886	0	0
tx_mem.abort_conflict:u	887	0	0
tx_mem.abort_conflict:u	888	0	0
tx_mem.abort_conflict:u	889	0	0
tx_mem.abort_conflict:u	890	0	0
tx_mem.abort_conflict:u	891	0	0
tx_mem.abort_conflict:u	892	0	0
tx_mem.abort_conflict:u	893	0	0
tx_mem.abort_conflict:u	894	0	0
tx_mem.abort_conflict:u	895	0	0
tx_mem.abort_conflict:u	896	0	0
tx_mem.abort_conflict:u	897	0	0
tx_mem.abort_conflict:u	898	0	0
tx_mem.abort_conflict:u	899	0	0
tx_mem.abort_conflict:u	900	0	0
tx_mem.abort_conflict:u	901	0	0
tx_mem.abort_conflict:u	902	0	0
tx_mem.abort_conflict:u	903	0	0
tx_mem.abort_conflict:u	904	0	0
tx_mem.abort_conflict:u	905	0	0
tx_mem.abort_conflict:u	906	0	0
tx_mem.abort_conflict:u	907	0	0
tx_mem.abort_conflict:u	908	0	0
tx_mem.abort_conflict:u	909	0	0
tx_mem.abort_conflict:u	910	0	0
tx_mem.abort_conflict:u	911	0	0
tx_mem.abort_conflict:u	912	0	0
tx_mem.abort_conflict:u	913	0	0
tx_mem.abort_conflict:u	914	0	0
tx_mem.abort_conflict:u	915	0	0
tx_mem.abort_conflict:u	916	0	0
tx_mem.abort_conflict:u	917	0	0
tx_mem.abort_conflict:u	918	0	0
tx_mem.abort_conflict:u	919	0	0
tx_mem.abort_conflict:u	920	0	0
tx_mem.abort_conflict:u	921	0	0
tx_mem.abort_conflict:u	922	0	0
tx_mem.abort_conflict:u	923	0	0
tx_mem.abort_conflict:u	924	0	0
tx_mem.abort_conflict:u	925	0	0
tx_mem.abort_conflict:u	926	0	0
tx_mem.abort_conflict:u	927	0	0
tx_mem.abort_conflict:u	928	0	0
tx_mem.abort_conflict:u	929	0	0
tx_mem.abort_conflict:u	930	0	0
tx_mem.abort_conflict:u	931	0	0
tx_mem.abort_conflict:u	932	0	0
tx_mem.abort_conflict:u	933	0	0
tx_mem.abort_conflict:u	934	0	0
tx_mem.abort_conflict:u	935	0	0
tx_mem.abort_conflict:u	936	0	0
tx_mem.abort_conflict:u	937	0	0
tx_mem.abort_conflict:u	938	0	0
tx_mem.abort_conflict:u	939	0	0
tx_mem.abort_conflict:u	940	0	0
tx_mem.abort_conflict:u	941	0	0
tx_mem.abort_conflict:u	942	0	0
tx_mem.abort_conflict:u	943	0	0
tx_mem.abort_conflict:u	944	0	0
tx_mem.abort_conflict:u	945	0	0
tx_mem.abort_conflict:u	946	0	0
tx_mem.abort_conflict:u	947	0	0
tx_mem.abort_conflict:u	948	0	0
tx_mem.abort_conflict:u	949	0	0
tx_mem.abort_conflict:u	950	0	0
tx_mem.abort_conflict:u	951	0	0
tx_mem.abort_conflict:u	952	0	0
tx_mem.abort_conflict:u	953	0	0
tx_mem.abort_conflict:u	954	0	0
tx_mem.abort_conflict:u	955	0	0
tx_mem.abort_conflict:u	956	0	0
tx_mem.abort_conflict:u	957	0	0
tx_mem.abort_conflict:u	958	0	0
tx_mem.abort_conflict:u	959	0	0
tx_mem.abort_conflict:u	960	0	0
tx_mem.abort_conflict:u	961	0	0
tx_mem.abort_conflict:u	962	0	0
tx_mem.abort_conflict:u	963	0	0
tx_mem.abort_conflict:u	964	0	0
tx_mem.abort_conflict:u	965	0	0
tx_mem.abort_conflict:u	966	0	0
tx_mem.abort_conflict:u	967	0	0
tx_mem.abort_conflict:u	968	0	0
tx_mem.abort_conflict:u	969	0	0
tx_mem.abort_conflict:u	970	0	0
tx_mem.abort_conflict:u	971	0	0
tx_mem.abort_conflict:u	972	0	0
tx_mem.abort_conflict:u	973	0	0
tx_mem.abort_conflict:u	974	0	0
tx_mem.abort_conflict:u	975	0	0
tx_mem.abort_conflict:u	976	0	0
tx_mem.abort_conflict:u	977	0	0
tx_mem.abort_conflict:u	978	0	0
tx_mem.abort_conflict:u	979	0	0
tx_mem.abort_conflict:u	980	0	0
tx_mem.abort_conflict:u	981	0	0
tx_mem.abort_conflict:u	982	0	0
tx_mem.abort_conflict:u	983	0	0
tx_mem.abort_conflict:u	984	0	0
tx_mem.abort_conflict:u	985	0	0
tx_mem.abort_conflict:u	986	0	0
tx_mem.abort_conflict:u	987	0	0
tx_mem.abort_conflict:u	988	0	0
tx_mem.abort_conflict:u	989	0	0
tx_mem.abort_conflict:u	990	0	0
tx_mem.abort_conflict:u	991	0	0
tx_mem.abort_conflict:u	992	0	0
tx_mem.abort_conflict:u	993	0	0
tx_mem.abort_conflict:u	994	0	0
tx_mem.abort_conflict:u	995	0	0
tx_mem.abort_conflict:u	996	0	0
tx_mem.abort_conflict:u	997	0	0
tx_mem.abort_conflict:u	998	0	0
tx_mem.abort_conflict:u	999	0	0
tx_mem.abort_conflict:u	1000	0	0
memory_disambiguation.history_reset:u	1	227512	0
memory_disambiguation.history_reset:u	2	227423	0
cpu_clk_thread_unhalted.ref_xclk:u	1	76374520	0
cpu_clk_thread_unhalted.ref_xclk:u	2	76327024	0
exe_activity.3_ports_util:u	1	394145227	0
exe_activity.3_ports_util:u	2	395648672	0
lsd.cycles_ok:u	1	0	0
lsd.cycles_ok:u	2	0	0
lsd.cycles_ok:u	3	0	0
lsd.cycles_ok:u	4	0	0
lsd.cycles_ok:u	5	0	0
lsd.cycles_ok:u	6	0	0
lsd.cycles_ok:u	7	0	0
lsd.cycles_ok:u	8	0	0
lsd.cycles_ok:u	9	0	0
lsd.cycles_ok:u	10	0	0
lsd.cycles_ok:u	11	0	0
lsd.cycles_ok:u	12	0	0
lsd.cycles_ok:u	13	0	0
lsd.cycles_ok:u	14	0	0
lsd.cycles_ok:u	15	0	0
lsd.cycles_ok:u	16	0	0
lsd.cycles_ok:u	17	0	0
lsd.cycles_ok:u	18	0	0
lsd.cycles_ok:u	19	0	0
lsd.cycles_ok:u	20	0	0
lsd.cycles_ok:u	21	0	0
lsd.cycles_ok:u	22	0	0
lsd.cycles_ok:u	23	0	0
lsd.cycles_ok:u	24	0	0
lsd.cycles_ok:u	25	0	0
lsd.cycles_ok:u	26	0	0
lsd.cycles_ok:u	27	0	0
lsd.cycles_ok:u	28	0	0
lsd.cycles_ok:u	29	0	0
lsd.cycles_ok:u	30	0	0
lsd.cycles_ok:u	31	0	0
lsd.cycles_ok:u	32	0	0
lsd.cycles_ok:u	33	0	0
lsd.cycles_ok:u	34	0	0
lsd.cycles_ok:u	35	0	0
lsd.cycles_ok:u	36	0	0
lsd.cycles_ok:u	37	0	0
lsd.cycles_ok:u	38	0	0
lsd.cycles_ok:u	39	0	0
lsd.cycles_ok:u	40	0	0
lsd.cycles_ok:u	41	0	0
lsd.cycles_ok:u	42	0	0
lsd.cycles_ok:u	43	0	0
lsd.cycles_ok:u	44	0	0
lsd.cycles_ok:u	45	0	0
lsd.cycles_ok:u	46	0	0
lsd.cycles_ok:u	47	0	0
lsd.cycles_ok:u	48	0	0
lsd.cycles_ok:u	49	0	0
lsd.cycles_ok:u	50	0	0
lsd.cycles_ok:u	51	0	0
lsd.cycles_ok:u	52	0	0
lsd.cycles_ok:u	53	0	0
lsd.cycles_ok:u	54	0	0
lsd.cycles_ok:u	55	0	0
lsd.cycles_ok:u	56	0	0
lsd.cycles_ok:u	57	0	0
lsd.cycles_ok:u	58	0	0
lsd.cycles_ok:u	59	0	0
lsd.cycles_ok:u	60	0	0
lsd.cycles_ok:u	61	0	0
lsd.cycles_ok:u	62	0	0
lsd.cycles_ok:u	63	0	0
lsd.cycles_ok:u	64	0	0
lsd.cycles_ok:u	65	0	0
lsd.cycles_ok:u	66	0	0
lsd.cycles_ok:u	67	0	0
lsd.cycles_ok:u	68	0	0
lsd.cycles_ok:u	69	0	0
lsd.cycles_ok:u	70	0	0
lsd.cycles_ok:u	71	0	0
lsd.cycles_ok:u	72	0	0
lsd.cycles_ok:u	73	0	0
lsd.cycles_ok:u	74	0	0
lsd.cycles_ok:u	75	0	0
lsd.cycles_ok:u	76	0	0
lsd.cycles_ok:u	77	0	0
lsd.cycles_ok:u	78	0	0
lsd.cycles_ok:u	79	0	0
lsd.cycles_ok:u	80	0	0
lsd.cycles_ok:u	81	0	0
lsd.cycles_ok:u	82	0	0
lsd.cycles_ok:u	83	0	0
lsd.cycles_ok:u	84	0	0
lsd.cycles_ok:u	85	0	0
lsd.cycles_ok:u	86	0	0
lsd.cycles_ok:u	87	0	0
lsd.cycles_ok:u	88	0	0
lsd.cycles_ok:u	89	0	0
lsd.cycles_ok:u	90	0	0
lsd.cycles_ok:u	91	0	0
lsd.cycles_ok:u	92	0	0
lsd.cycles_ok:u	93	0	0
lsd.cycles_ok:u	94	0	0
lsd.cycles_ok:u	95	0	0
lsd.cycles_ok:u	96	0	0
lsd.cycles_ok:u	97	0	0
lsd.cycles_ok:u	98	0	0
lsd.cycles_ok:u	99	0	0
lsd.cycles_ok:u	100	0	0
lsd.cycles_ok:u	101	0	0
lsd.cycles_ok:u	102	0	0
lsd.cycles_ok:u	103	0	0
lsd.cycles_ok:u	104	0	0
lsd.cycles_ok:u	105	0	0
lsd.cycles_ok:u	106	0	0
lsd.cycles_ok:u	107	0	0
lsd.cycles_ok:u	108	0	0
lsd.cycles_ok:u	109	0	0
lsd.cycles_ok:u	110	0	0
lsd.cycles_ok:u	111	0	0
lsd.cycles_ok:u	112	0	0
lsd.cycles_ok:u	113	0	0
lsd.cycles_ok:u	114	0	0
lsd.cycles_ok:u	115	0	0
lsd.cycles_ok:u	116	0	0
lsd.cycles_ok:u	117	0	0
lsd.cycles_ok:u	118	0	0
lsd.cycles_ok:u	119	0	0
lsd.cycles_ok:u	120	0	0
lsd.cycles_ok:u	121	0	0
lsd.cycles_ok:u	122	0	0
lsd.cycles_ok:u	123	0	0
lsd.cycles_ok:u	124	0	0
lsd.cycles_ok:u	125	0	0
lsd.cycles_ok:u	126	0	0
lsd.cycles_ok:u	127	0	0
lsd.cycles_ok:u	128	0	0
lsd.cycles_ok:u	129	0	0
lsd.cycles_ok:u	130	0	0
lsd.cycles_ok:u	131	0	0
lsd.cycles_ok:u	132	0	0
lsd.cycles_ok:u	133	0	0
lsd.cycles_ok:u	134	0	0
lsd.cycles_ok:u	135	0	0
lsd.cycles_ok:u	136	0	0
lsd.cycles_ok:u	137	0	0
lsd.cycles_ok:u	138	0	0
lsd.cycles_ok:u	139	0	0
lsd.cycles_ok:u	140	0	0
lsd.cycles_ok:u	141	0	0
lsd.cycles_ok:u	142	0	0
lsd.cycles_ok:u	143	0	0
lsd.cycles_ok:u	144	0	0
lsd.cycles_ok:u	145	0	0
lsd.cycles_ok:u	146	0	0
lsd.cycles_ok:u	147	0	0
lsd.cycles_ok:u	148	0	0
lsd.cycles_ok:u	149	0	0
lsd.cycles_ok:u	150	0	0
lsd.cycles_ok:u	151	0	0
lsd.cycles_ok:u	152	0	0
lsd.cycles_ok:u	153	0	0
lsd.cycles_ok:u	154	0	0
lsd.cycles_ok:u	155	0	0
lsd.cycles_ok:u	156	0	0
lsd.cycles_ok:u	157	0	0
lsd.cycles_ok:u	158	0	0
lsd.cycles_ok:u	159	0	0
lsd.cycles_ok:u	160	0	0
lsd.cycles_ok:u	161	0	0
lsd.cycles_ok:u	162	0	0
lsd.cycles_ok:u	163	0	0
lsd.cycles_ok:u	164	0	0
lsd.cycles_ok:u	165	0	0
lsd.cycles_ok:u	166	0	0
lsd.cycles_ok:u	167	0	0
lsd.cycles_ok:u	168	0	0
lsd.cycles_ok:u	169	0	0
lsd.cycles_ok:u	170	0	0
lsd.cycles_ok:u	171	0	0
lsd.cycles_ok:u	172	0	0
lsd.cycles_ok:u	173	0	0
lsd.cycles_ok:u	174	0	0
lsd.cycles_ok:u	175	0	0
lsd.cycles_ok:u	176	0	0
lsd.cycles_ok:u	177	0	0
lsd.cycles_ok:u	178	0	0
lsd.cycles_ok:u	179	0	0
lsd.cycles_ok:u	180	0	0
lsd.cycles_ok:u	181	0	0
lsd.cycles_ok:u	182	0	0
lsd.cycles_ok:u	183	0	0
lsd.cycles_ok:u	184	0	0
lsd.cycles_ok:u	185	0	0
lsd.cycles_ok:u	186	0	0
lsd.cycles_ok:u	187	0	0
lsd.cycles_ok:u	188	0	0
lsd.cycles_ok:u	189	0	0
lsd.cycles_ok:u	190	0	0
lsd.cycles_ok:u	191	0	0
lsd.cycles_ok:u	192	0	0
lsd.cycles_ok:u	193	0	0
lsd.cycles_ok:u	194	0	0
lsd.cycles_ok:u	195	0	0
lsd.cycles_ok:u	196	0	0
lsd.cycles_ok:u	197	0	0
lsd.cycles_ok:u	198	0	0
lsd.cycles_ok:u	199	0	0
lsd.cycles_ok:u	200	0	0
lsd.cycles_ok:u	201	0	0
lsd.cycles_ok:u	202	0	0
lsd.cycles_ok:u	203	0	0
lsd.cycles_ok:u	204	0	0
lsd.cycles_ok:u	205	0	0
lsd.cycles_ok:u	206	0	0
lsd.cycles_ok:u	207	0	0
lsd.cycles_ok:u	208	0	0
lsd.cycles_ok:u	209	0	0
lsd.cycles_ok:u	210	0	0
lsd.cycles_ok:u	211	0	0
lsd.cycles_ok:u	212	0	0
lsd.cycles_ok:u	213	0	0
lsd.cycles_ok:u	214	0	0
lsd.cycles_ok:u	215	0	0
lsd.cycles_ok:u	216	0	0
lsd.cycles_ok:u	217	0	0
lsd.cycles_ok:u	218	0	0
lsd.cycles_ok:u	219	0	0
lsd.cycles_ok:u	220	0	0
lsd.cycles_ok:u	221	0	0
lsd.cycles_ok:u	222	0	0
lsd.cycles_ok:u	223	0	0
lsd.cycles_ok:u	224	0	0
lsd.cycles_ok:u	225	0	0
lsd.cycles_ok:u	226	0	0
lsd.cycles_ok:u	227	0	0
lsd.cycles_ok:u	228	0	0
lsd.cycles_ok:u	229	0	0
lsd.cycles_ok:u	230	0	0
lsd.cycles_ok:u	231	0	0
lsd.cycles_ok:u	232	0	0
lsd.cycles_ok:u	233	0	0
lsd.cycles_ok:u	234	0	0
lsd.cycles_ok:u	235	0	0
lsd.cycles_ok:u	236	0	0
lsd.cycles_ok:u	237	0	0
lsd.cycles_ok:u	238	0	0
lsd.cycles_ok:u	239	0	0
lsd.cycles_ok:u	240	0	0
lsd.cycles_ok:u	241	0	0
lsd.cycles_ok:u	242	0	0
lsd.cycles_ok:u	243	0	0
lsd.cycles_ok:u	244	0	0
lsd.cycles_ok:u	245	0	0
lsd.cycles_ok:u	246	0	0
lsd.cycles_ok:u	247	0	0
lsd.cycles_ok:u	248	0	0
lsd.cycles_ok:u	249	0	0
lsd.cycles_ok:u	250	0	0
lsd.cycles_ok:u	251	0	0
lsd.cycles_ok:u	252	0	0
lsd.cycles_ok:u	253	0	0
lsd.cycles_ok:u	254	0	0
lsd.cycles_ok:u	255	0	0
lsd.cycles_ok:u	256	0	0
lsd.cycles_ok:u	257	0	0
lsd.cycles_ok:u	258	0	0
lsd.cycles_ok:u	259	0	0
lsd.cycles_ok:u	260	0	0
lsd.cycles_ok:u	261	0	0
lsd.cycles_ok:u	262	0	0
lsd.cycles_ok:u	263	0	0
lsd.cycles_ok:u	264	0	0
lsd.cycles_ok:u	265	0	0
lsd.cycles_ok:u	266	0	0
lsd.cycles_ok:u	267	0	0
lsd.cycles_ok:u	268	0	0
lsd.cycles_ok:u	269	0	0
lsd.cycles_ok:u	270	0	0
lsd.cycles_ok:u	271	0	0
lsd.cycles_ok:u	272	0	0
lsd.cycles_ok:u	273	0	0
lsd.cycles_ok:u	274	0	0
lsd.cycles_ok:u	275	0	0
lsd.cycles_ok:u	276	0	0
lsd.cycles_ok:u	277	0	0
lsd.cycles_ok:u	278	0	0
lsd.cycles_ok:u	279	0	0
lsd.cycles_ok:u	280	0	0
lsd.cycles_ok:u	281	0	0
lsd.cycles_ok:u	282	0	0
lsd.cycles_ok:u	283	0	0
lsd.cycles_ok:u	284	0	0
lsd.cycles_ok:u	285	0	0
lsd.cycles_ok:u	286	0	0
lsd.cycles_ok:u	287	0	0
lsd.cycles_ok:u	288	0	0
lsd.cycles_ok:u	289	0	0
lsd.cycles_ok:u	290	0	0
lsd.cycles_ok:u	291	0	0
lsd.cycles_ok:u	292	0	0
lsd.cycles_ok:u	293	0	0
lsd.cycles_ok:u	294	0	0
lsd.cycles_ok:u	295	0	0
lsd.cycles_ok:u	296	0	0
lsd.cycles_ok:u	297	0	0
lsd.cycles_ok:u	298	0	0
lsd.cycles_ok:u	299	0	0
lsd.cycles_ok:u	300	0	0
lsd.cycles_ok:u	301	0	0
lsd.cycles_ok:u	302	0	0
lsd.cycles_ok:u	303	0	0
lsd.cycles_ok:u	304	0	0
lsd.cycles_ok:u	305	0	0
lsd.cycles_ok:u	306	0	0
lsd.cycles_ok:u	307	0	0
lsd.cycles_ok:u	308	0	0
lsd.cycles_ok:u	309	0	0
lsd.cycles_ok:u	310	0	0
lsd.cycles_ok:u	311	0	0
lsd.cycles_ok:u	312	0	0
lsd.cycles_ok:u	313	0	0
lsd.cycles_ok:u	314	0	0
lsd.cycles_ok:u	315	0	0
lsd.cycles_ok:u	316	0	0
lsd.cycles_ok:u	317	0	0
lsd.cycles_ok:u	318	0	0
lsd.cycles_ok:u	319	0	0
lsd.cycles_ok:u	320	0	0
lsd.cycles_ok:u	321	0	0
lsd.cycles_ok:u	322	0	0
lsd.cycles_ok:u	323	0	0
lsd.cycles_ok:u	324	0	0
lsd.cycles_ok:u	325	0	0
lsd.cycles_ok:u	326	0	0
lsd.cycles_ok:u	327	0	0
lsd.cycles_ok:u	328	0	0
lsd.cycles_ok:u	329	0	0
lsd.cycles_ok:u	330	0	0
lsd.cycles_ok:u	331	0	0
lsd.cycles_ok:u	332	0	0
lsd.cycles_ok:u	333	0	0
lsd.cycles_ok:u	334	0	0
lsd.cycles_ok:u	335	0	0
lsd.cycles_ok:u	336	0	0
lsd.cycles_ok:u	337	0	0
lsd.cycles_ok:u	338	0	0
lsd.cycles_ok:u	339	0	0
lsd.cycles_ok:u	340	0	0
lsd.cycles_ok:u	341	0	0
lsd.cycles_ok:u	342	0	0
lsd.cycles_ok:u	343	0	0
lsd.cycles_ok:u	344	0	0
lsd.cycles_ok:u	345	0	0
lsd.cycles_ok:u	346	0	0
lsd.cycles_ok:u	347	0	0
lsd.cycles_ok:u	348	0	0
lsd.cycles_ok:u	349	0	0
lsd.cycles_ok:u	350	0	0
lsd.cycles_ok:u	351	0	0
lsd.cycles_ok:u	352	0	0
lsd.cycles_ok:u	353	0	0
lsd.cycles_ok:u	354	0	0
lsd.cycles_ok:u	355	0	0
lsd.cycles_ok:u	356	0	0
lsd.cycles_ok:u	357	0	0
lsd.cycles_ok:u	358	0	0
lsd.cycles_ok:u	359	0	0
lsd.cycles_ok:u	360	0	0
lsd.cycles_ok:u	361	0	0
lsd.cycles_ok:u	362	0	0
lsd.cycles_ok:u	363	0	0
lsd.cycles_ok:u	364	0	0
lsd.cycles_ok:u	365	0	0
lsd.cycles_ok:u	366	0	0
lsd.cycles_ok:u	367	0	0
lsd.cycles_ok:u	368	0	0
lsd.cycles_ok:u	369	0	0
lsd.cycles_ok:u	370	0	0
lsd.cycles_ok:u	371	0	0
lsd.cycles_ok:u	372	0	0
lsd.cycles_ok:u	373	0	0
lsd.cycles_ok:u	374	0	0
lsd.cycles_ok:u	375	0	0
lsd.cycles_ok:u	376	0	0
lsd.cycles_ok:u	377	0	0
lsd.cycles_ok:u	378	0	0
lsd.cycles_ok:u	379	0	0
lsd.cycles_ok:u	380	0	0
lsd.cycles_ok:u	381	0	0
lsd.cycles_ok:u	382	0	0
lsd.cycles_ok:u	383	0	0
lsd.cycles_ok:u	384	0	0
lsd.cycles_ok:u	385	0	0
lsd.cycles_ok:u	386	0	0
lsd.cycles_ok:u	387	0	0
lsd.cycles_ok:u	388	0	0
lsd.cycles_ok:u	389	0	0
lsd.cycles_ok:u	390	0	0
lsd.cycles_ok:u	391	0	0
lsd.cycles_ok:u	392	0	0
lsd.cycles_ok:u	393	0	0
lsd.cycles_ok:u	394	0	0
lsd.cycles_ok:u	395	0	0
lsd.cycles_ok:u	396	0	0
lsd.cycles_ok:u	397	0	0
lsd.cycles_ok:u	398	0	0
lsd.cycles_ok:u	399	0	0
lsd.cycles_ok:u	400	0	0
lsd.cycles_ok:u	401	0	0
lsd.cycles_ok:u	402	0	0
lsd.cycles_ok:u	403	0	0
lsd.cycles_ok:u	404	0	0
lsd.cycles_ok:u	405	0	0
lsd.cycles_ok:u	406	0	0
lsd.cycles_ok:u	407	0	0
lsd.cycles_ok:u	408	0	0
lsd.cycles_ok:u	409	0	0
lsd.cycles_ok:u	410	0	0
lsd.cycles_ok:u	411	0	0
lsd.cycles_ok:u	412	0	0
lsd.cycles_ok:u	413	0	0
lsd.cycles_ok:u	414	0	0
lsd.cycles_ok:u	415	0	0
lsd.cycles_ok:u	416	0	0
lsd.cycles_ok:u	417	0	0
lsd.cycles_ok:u	418	0	0
lsd.cycles_ok:u	419	0	0
lsd.cycles_ok:u	420	0	0
lsd.cycles_ok:u	421	0	0
lsd.cycles_ok:u	422	0	0
lsd.cycles_ok:u	423	0	0
lsd.cycles_ok:u	424	0	0
lsd.cycles_ok:u	425	0	0
lsd.cycles_ok:u	426	0	0
lsd.cycles_ok:u	427	0	0
lsd.cycles_ok:u	428	0	0
lsd.cycles_ok:u	429	0	0
lsd.cycles_ok:u	430	0	0
lsd.cycles_ok:u	431	0	0
lsd.cycles_ok:u	432	0	0
lsd.cycles_ok:u	433	0	0
lsd.cycles_ok:u	434	0	0
lsd.cycles_ok:u	435	0	0
lsd.cycles_ok:u	436	0	0
lsd.cycles_ok:u	437	0	0
lsd.cycles_ok:u	438	0	0
lsd.cycles_ok:u	439	0	0
lsd.cycles_ok:u	440	0	0
lsd.cycles_ok:u	441	0	0
lsd.cycles_ok:u	442	0	0
lsd.cycles_ok:u	443	0	0
lsd.cycles_ok:u	444	0	0
lsd.cycles_ok:u	445	0	0
lsd.cycles_ok:u	446	0	0
lsd.cycles_ok:u	447	0	0
lsd.cycles_ok:u	448	0	0
lsd.cycles_ok:u	449	0	0
lsd.cycles_ok:u	450	0	0
lsd.cycles_ok:u	451	0	0
lsd.cycles_ok:u	452	0	0
lsd.cycles_ok:u	453	0	0
lsd.cycles_ok:u	454	0	0
lsd.cycles_ok:u	455	0	0
lsd.cycles_ok:u	456	0	0
lsd.cycles_ok:u	457	0	0
lsd.cycles_ok:u	458	0	0
lsd.cycles_ok:u	459	0	0
lsd.cycles_ok:u	460	0	0
lsd.cycles_ok:u	461	0	0
lsd.cycles_ok:u	462	0	0
lsd.cycles_ok:u	463	0	0
lsd.cycles_ok:u	464	0	0
lsd.cycles_ok:u	465	0	0
lsd.cycles_ok:u	466	0	0
lsd.cycles_ok:u	467	0	0
lsd.cycles_ok:u	468	0	0
lsd.cycles_ok:u	469	0	0
lsd.cycles_ok:u	470	0	0
lsd.cycles_ok:u	471	0	0
lsd.cycles_ok:u	472	0	0
lsd.cycles_ok:u	473	0	0
lsd.cycles_ok:u	474	0	0
lsd.cycles_ok:u	475	0	0
lsd.cycles_ok:u	476	0	0
lsd.cycles_ok:u	477	0	0
lsd.cycles_ok:u	478	0	0
lsd.cycles_ok:u	479	0	0
lsd.cycles_ok:u	480	0	0
lsd.cycles_ok:u	481	0	0
lsd.cycles_ok:u	482	0	0
lsd.cycles_ok:u	483	0	0
lsd.cycles_ok:u	484	0	0
lsd.cycles_ok:u	485	0	0
lsd.cycles_ok:u	486	0	0
lsd.cycles_ok:u	487	0	0
lsd.cycles_ok:u	488	0	0
lsd.cycles_ok:u	489	0	0
lsd.cycles_ok:u	490	0	0
lsd.cycles_ok:u	491	0	0
lsd.cycles_ok:u	492	0	0
lsd.cycles_ok:u	493	0	0
lsd.cycles_ok:u	494	0	0
lsd.cycles_ok:u	495	0	0
lsd.cycles_ok:u	496	0	0
lsd.cycles_ok:u	497	0	0
lsd.cycles_ok:u	498	0	0
lsd.cycles_ok:u	499	0	0
lsd.cycles_ok:u	500	0	0
lsd.cycles_ok:u	501	0	0
lsd.cycles_ok:u	502	0	0
lsd.cycles_ok:u	503	0	0
lsd.cycles_ok:u	504	0	0
lsd.cycles_ok:u	505	0	0
lsd.cycles_ok:u	506	0	0
lsd.cycles_ok:u	507	0	0
lsd.cycles_ok:u	508	0	0
lsd.cycles_ok:u	509	0	0
lsd.cycles_ok:u	510	0	0
lsd.cycles_ok:u	511	0	0
lsd.cycles_ok:u	512	0	0
lsd.cycles_ok:u	513	0	0
lsd.cycles_ok:u	514	0	0
lsd.cycles_ok:u	515	0	0
lsd.cycles_ok:u	516	0	0
lsd.cycles_ok:u	517	0	0
lsd.cycles_ok:u	518	0	0
lsd.cycles_ok:u	519	0	0
lsd.cycles_ok:u	520	0	0
lsd.cycles_ok:u	521	0	0
lsd.cycles_ok:u	522	0	0
lsd.cycles_ok:u	523	0	0
lsd.cycles_ok:u	524	0	0
lsd.cycles_ok:u	525	0	0
lsd.cycles_ok:u	526	0	0
lsd.cycles_ok:u	527	0	0
lsd.cycles_ok:u	528	0	0
lsd.cycles_ok:u	529	0	0
lsd.cycles_ok:u	530	0	0
lsd.cycles_ok:u	531	0	0
lsd.cycles_ok:u	532	0	0
lsd.cycles_ok:u	533	0	0
lsd.cycles_ok:u	534	0	0
lsd.cycles_ok:u	535	0	0
lsd.cycles_ok:u	536	0	0
lsd.cycles_ok:u	537	0	0
lsd.cycles_ok:u	538	0	0
lsd.cycles_ok:u	539	0	0
lsd.cycles_ok:u	540	0	0
lsd.cycles_ok:u	541	0	0
lsd.cycles_ok:u	542	0	0
lsd.cycles_ok:u	543	0	0
lsd.cycles_ok:u	544	0	0
lsd.cycles_ok:u	545	0	0
lsd.cycles_ok:u	546	0	0
lsd.cycles_ok:u	547	0	0
lsd.cycles_ok:u	548	0	0
lsd.cycles_ok:u	549	0	0
lsd.cycles_ok:u	550	0	0
lsd.cycles_ok:u	551	0	0
lsd.cycles_ok:u	552	0	0
lsd.cycles_ok:u	553	0	0
lsd.cycles_ok:u	554	0	0
lsd.cycles_ok:u	555	0	0
lsd.cycles_ok:u	556	0	0
lsd.cycles_ok:u	557	0	0
lsd.cycles_ok:u	558	0	0
lsd.cycles_ok:u	559	0	0
lsd.cycles_ok:u	560	0	0
lsd.cycles_ok:u	561	0	0
lsd.cycles_ok:u	562	0	0
lsd.cycles_ok:u	563	0	0
lsd.cycles_ok:u	564	0	0
lsd.cycles_ok:u	565	0	0
lsd.cycles_ok:u	566	0	0
lsd.cycles_ok:u	567	0	0
lsd.cycles_ok:u	568	0	0
lsd.cycles_ok:u	569	0	0
lsd.cycles_ok:u	570	0	0
lsd.cycles_ok:u	571	0	0
lsd.cycles_ok:u	572	0	0
lsd.cycles_ok:u	573	0	0
lsd.cycles_ok:u	574	0	0
lsd.cycles_ok:u	575	0	0
lsd.cycles_ok:u	576	0	0
lsd.cycles_ok:u	577	0	0
lsd.cycles_ok:u	578	0	0
lsd.cycles_ok:u	579	0	0
lsd.cycles_ok:u	580	0	0
lsd.cycles_ok:u	581	0	0
lsd.cycles_ok:u	582	0	0
lsd.cycles_ok:u	583	0	0
lsd.cycles_ok:u	584	0	0
lsd.cycles_ok:u	585	0	0
lsd.cycles_ok:u	586	0	0
lsd.cycles_ok:u	587	0	0
lsd.cycles_ok:u	588	0	0
lsd.cycles_ok:u	589	0	0
lsd.cycles_ok:u	590	0	0
lsd.cycles_ok:u	591	0	0
lsd.cycles_ok:u	592	0	0
lsd.cycles_ok:u	593	0	0
lsd.cycles_ok:u	594	0	0
lsd.cycles_ok:u	595	0	0
lsd.cycles_ok:u	596	0	0
lsd.cycles_ok:u	597	0	0
lsd.cycles_ok:u	598	0	0
lsd.cycles_ok:u	599	0	0
lsd.cycles_ok:u	600	0	0
lsd.cycles_ok:u	601	0	0
lsd.cycles_ok:u	602	0	0
lsd.cycles_ok:u	603	0	0
lsd.cycles_ok:u	604	0	0
lsd.cycles_ok:u	605	0	0
lsd.cycles_ok:u	606	0	0
lsd.cycles_ok:u	607	0	0
lsd.cycles_ok:u	608	0	0
lsd.cycles_ok:u	609	0	0
lsd.cycles_ok:u	610	0	0
lsd.cycles_ok:u	611	0	0
lsd.cycles_ok:u	612	0	0
lsd.cycles_ok:u	613	0	0
lsd.cycles_ok:u	614	0	0
lsd.cycles_ok:u	615	0	0
lsd.cycles_ok:u	616	0	0
lsd.cycles_ok:u	617	0	0
lsd.cycles_ok:u	618	0	0
lsd.cycles_ok:u	619	0	0
lsd.cycles_ok:u	620	0	0
lsd.cycles_ok:u	621	0	0
lsd.cycles_ok:u	622	0	0
lsd.cycles_ok:u	623	0	0
lsd.cycles_ok:u	624	0	0
lsd.cycles_ok:u	625	0	0
lsd.cycles_ok:u	626	0	0
lsd.cycles_ok:u	627	0	0
lsd.cycles_ok:u	628	0	0
lsd.cycles_ok:u	629	0	0
lsd.cycles_ok:u	630	0	0
lsd.cycles_ok:u	631	0	0
lsd.cycles_ok:u	632	0	0
lsd.cycles_ok:u	633	0	0
lsd.cycles_ok:u	634	0	0
lsd.cycles_ok:u	635	0	0
lsd.cycles_ok:u	636	0	0
lsd.cycles_ok:u	637	0	0
lsd.cycles_ok:u	638	0	0
lsd.cycles_ok:u	639	0	0
lsd.cycles_ok:u	640	0	0
lsd.cycles_ok:u	641	0	0
lsd.cycles_ok:u	642	0	0
lsd.cycles_ok:u	643	0	0
lsd.cycles_ok:u	644	0	0
lsd.cycles_ok:u	645	0	0
lsd.cycles_ok:u	646	0	0
lsd.cycles_ok:u	647	0	0
lsd.cycles_ok:u	648	0	0
lsd.cycles_ok:u	649	0	0
lsd.cycles_ok:u	650	0	0
lsd.cycles_ok:u	651	0	0
lsd.cycles_ok:u	652	0	0
lsd.cycles_ok:u	653	0	0
lsd.cycles_ok:u	654	0	0
lsd.cycles_ok:u	655	0	0
lsd.cycles_ok:u	656	0	0
lsd.cycles_ok:u	657	0	0
lsd.cycles_ok:u	658	0	0
lsd.cycles_ok:u	659	0	0
lsd.cycles_ok:u	660	0	0
lsd.cycles_ok:u	661	0	0
lsd.cycles_ok:u	662	0	0
lsd.cycles_ok:u	663	0	0
lsd.cycles_ok:u	664	0	0
lsd.cycles_ok:u	665	0	0
lsd.cycles_ok:u	666	0	0
lsd.cycles_ok:u	667	0	0
lsd.cycles_ok:u	668	0	0
lsd.cycles_ok:u	669	0	0
lsd.cycles_ok:u	670	0	0
lsd.cycles_ok:u	671	0	0
lsd.cycles_ok:u	672	0	0
lsd.cycles_ok:u	673	0	0
lsd.cycles_ok:u	674	0	0
lsd.cycles_ok:u	675	0	0
lsd.cycles_ok:u	676	0	0
lsd.cycles_ok:u	677	0	0
lsd.cycles_ok:u	678	0	0
lsd.cycles_ok:u	679	0	0
lsd.cycles_ok:u	680	0	0
lsd.cycles_ok:u	681	0	0
lsd.cycles_ok:u	682	0	0
lsd.cycles_ok:u	683	0	0
lsd.cycles_ok:u	684	0	0
lsd.cycles_ok:u	685	0	0
lsd.cycles_ok:u	686	0	0
lsd.cycles_ok:u	687	0	0
lsd.cycles_ok:u	688	0	0
lsd.cycles_ok:u	689	0	0
lsd.cycles_ok:u	690	0	0
lsd.cycles_ok:u	691	0	0
lsd.cycles_ok:u	692	0	0
lsd.cycles_ok:u	693	0	0
lsd.cycles_ok:u	694	0	0
lsd.cycles_ok:u	695	0	0
lsd.cycles_ok:u	696	0	0
lsd.cycles_ok:u	697	0	0
lsd.cycles_ok:u	698	0	0
lsd.cycles_ok:u	699	0	0
lsd.cycles_ok:u	700	0	0
lsd.cycles_ok:u	701	0	0
lsd.cycles_ok:u	702	0	0
lsd.cycles_ok:u	703	0	0
lsd.cycles_ok:u	704	0	0
lsd.cycles_ok:u	705	0	0
lsd.cycles_ok:u	706	0	0
lsd.cycles_ok:u	707	0	0
lsd.cycles_ok:u	708	0	0
lsd.cycles_ok:u	709	0	0
lsd.cycles_ok:u	710	0	0
lsd.cycles_ok:u	711	0	0
lsd.cycles_ok:u	712	0	0
lsd.cycles_ok:u	713	0	0
lsd.cycles_ok:u	714	0	0
lsd.cycles_ok:u	715	0	0
lsd.cycles_ok:u	716	0	0
lsd.cycles_ok:u	717	0	0
lsd.cycles_ok:u	718	0	0
lsd.cycles_ok:u	719	0	0
lsd.cycles_ok:u	720	0	0
lsd.cycles_ok:u	721	0	0
lsd.cycles_ok:u	722	0	0
lsd.cycles_ok:u	723	0	0
lsd.cycles_ok:u	724	0	0
lsd.cycles_ok:u	725	0	0
lsd.cycles_ok:u	726	0	0
lsd.cycles_ok:u	727	0	0
lsd.cycles_ok:u	728	0	0
lsd.cycles_ok:u	729	0	0
lsd.cycles_ok:u	730	0	0
lsd.cycles_ok:u	731	0	0
lsd.cycles_ok:u	732	0	0
lsd.cycles_ok:u	733	0	0
lsd.cycles_ok:u	734	0	0
lsd.cycles_ok:u	735	0	0
lsd.cycles_ok:u	736	0	0
lsd.cycles_ok:u	737	0	0
lsd.cycles_ok:u	738	0	0
lsd.cycles_ok:u	739	0	0
lsd.cycles_ok:u	740	0	0
lsd.cycles_ok:u	741	0	0
lsd.cycles_ok:u	742	0	0
lsd.cycles_ok:u	743	0	0
lsd.cycles_ok:u	744	0	0
lsd.cycles_ok:u	745	0	0
lsd.cycles_ok:u	746	0	0
lsd.cycles_ok:u	747	0	0
lsd.cycles_ok:u	748	0	0
lsd.cycles_ok:u	749	0	0
lsd.cycles_ok:u	750	0	0
lsd.cycles_ok:u	751	0	0
lsd.cycles_ok:u	752	0	0
lsd.cycles_ok:u	753	0	0
lsd.cycles_ok:u	754	0	0
lsd.cycles_ok:u	755	0	0
lsd.cycles_ok:u	756	0	0
lsd.cycles_ok:u	757	0	0
lsd.cycles_ok:u	758	0	0
lsd.cycles_ok:u	759	0	0
lsd.cycles_ok:u	760	0	0
lsd.cycles_ok:u	761	0	0
lsd.cycles_ok:u	762	0	0
lsd.cycles_ok:u	763	0	0
lsd.cycles_ok:u	764	0	0
lsd.cycles_ok:u	765	0	0
lsd.cycles_ok:u	766	0	0
lsd.cycles_ok:u	767	0	0
lsd.cycles_ok:u	768	0	0
lsd.cycles_ok:u	769	0	0
lsd.cycles_ok:u	770	0	0
lsd.cycles_ok:u	771	0	0
lsd.cycles_ok:u	772	0	0
lsd.cycles_ok:u	773	0	0
lsd.cycles_ok:u	774	0	0
lsd.cycles_ok:u	775	0	0
lsd.cycles_ok:u	776	0	0
lsd.cycles_ok:u	777	0	0
lsd.cycles_ok:u	778	0	0
lsd.cycles_ok:u	779	0	0
lsd.cycles_ok:u	780	0	0
lsd.cycles_ok:u	781	0	0
lsd.cycles_ok:u	782	0	0
lsd.cycles_ok:u	783	0	0
lsd.cycles_ok:u	784	0	0
lsd.cycles_ok:u	785	0	0
lsd.cycles_ok:u	786	0	0
lsd.cycles_ok:u	787	0	0
lsd.cycles_ok:u	788	0	0
lsd.cycles_ok:u	789	0	0
lsd.cycles_ok:u	790	0	0
lsd.cycles_ok:u	791	0	0
lsd.cycles_ok:u	792	0	0
lsd.cycles_ok:u	793	0	0
lsd.cycles_ok:u	794	0	0
lsd.cycles_ok:u	795	0	0
lsd.cycles_ok:u	796	0	0
lsd.cycles_ok:u	797	0	0
lsd.cycles_ok:u	798	0	0
lsd.cycles_ok:u	799	0	0
lsd.cycles_ok:u	800	0	0
lsd.cycles_ok:u	801	0	0
lsd.cycles_ok:u	802	0	0
lsd.cycles_ok:u	803	0	0
lsd.cycles_ok:u	804	0	0
lsd.cycles_ok:u	805	0	0
lsd.cycles_ok:u	806	0	0
lsd.cycles_ok:u	807	0	0
lsd.cycles_ok:u	808	0	0
lsd.cycles_ok:u	809	0	0
lsd.cycles_ok:u	810	0	0
lsd.cycles_ok:u	811	0	0
lsd.cycles_ok:u	812	0	0
lsd.cycles_ok:u	813	0	0
lsd.cycles_ok:u	814	0	0
lsd.cycles_ok:u	815	0	0
lsd.cycles_ok:u	816	0	0
lsd.cycles_ok:u	817	0	0
lsd.cycles_ok:u	818	0	0
lsd.cycles_ok:u	819	0	0
lsd.cycles_ok:u	820	0	0
lsd.cycles_ok:u	821	0	0
lsd.cycles_ok:u	822	0	0
lsd.cycles_ok:u	823	0	0
lsd.cycles_ok:u	824	0	0
lsd.cycles_ok:u	825	0	0
lsd.cycles_ok:u	826	0	0
lsd.cycles_ok:u	827	0	0
lsd.cycles_ok:u	828	0	0
lsd.cycles_ok:u	829	0	0
lsd.cycles_ok:u	830	0	0
lsd.cycles_ok:u	831	0	0
lsd.cycles_ok:u	832	0	0
lsd.cycles_ok:u	833	0	0
lsd.cycles_ok:u	834	0	0
lsd.cycles_ok:u	835	0	0
lsd.cycles_ok:u	836	0	0
lsd.cycles_ok:u	837	0	0
lsd.cycles_ok:u	838	0	0
lsd.cycles_ok:u	839	0	0
lsd.cycles_ok:u	840	0	0
lsd.cycles_ok:u	841	0	0
lsd.cycles_ok:u	842	0	0
lsd.cycles_ok:u	843	0	0
lsd.cycles_ok:u	844	0	0
lsd.cycles_ok:u	845	0	0
lsd.cycles_ok:u	846	0	0
lsd.cycles_ok:u	847	0	0
lsd.cycles_ok:u	848	0	0
lsd.cycles_ok:u	849	0	0
lsd.cycles_ok:u	850	0	0
lsd.cycles_ok:u	851	0	0
lsd.cycles_ok:u	852	0	0
lsd.cycles_ok:u	853	0	0
lsd.cycles_ok:u	854	0	0
lsd.cycles_ok:u	855	0	0
lsd.cycles_ok:u	856	0	0
lsd.cycles_ok:u	857	0	0
lsd.cycles_ok:u	858	0	0
lsd.cycles_ok:u	859	0	0
lsd.cycles_ok:u	860	0	0
lsd.cycles_ok:u	861	0	0
lsd.cycles_ok:u	862	0	0
lsd.cycles_ok:u	863	0	0
lsd.cycles_ok:u	864	0	0
lsd.cycles_ok:u	865	0	0
lsd.cycles_ok:u	866	0	0
lsd.cycles_ok:u	867	0	0
lsd.cycles_ok:u	868	0	0
lsd.cycles_ok:u	869	0	0
lsd.cycles_ok:u	870	0	0
lsd.cycles_ok:u	871	0	0
lsd.cycles_ok:u	872	0	0
lsd.cycles_ok:u	873	0	0
lsd.cycles_ok:u	874	0	0
lsd.cycles_ok:u	875	0	0
lsd.cycles_ok:u	876	0	0
lsd.cycles_ok:u	877	0	0
lsd.cycles_ok:u	878	0	0
lsd.cycles_ok:u	879	0	0
lsd.cycles_ok:u	880	0	0
lsd.cycles_ok:u	881	0	0
lsd.cycles_ok:u	882	0	0
lsd.cycles_ok:u	883	0	0
lsd.cycles_ok:u	884	0	0
lsd.cycles_ok:u	885	0	0
lsd.cycles_ok:u	886	0	0
lsd.cycles_ok:u	887	0	0
lsd.cycles_ok:u	888	0	0
lsd.cycles_ok:u	889	0	0
lsd.cycles_ok:u	890	0	0
lsd.cycles_ok:u	891	0	0
lsd.cycles_ok:u	892	0	0
lsd.cycles_ok:u	893	0	0
lsd.cycles_ok:u	894	0	0
lsd.cycles_ok:u	895	0	0
lsd.cycles_ok:u	896	0	0
lsd.cycles_ok:u	897	0	0
lsd.cycles_ok:u	898	0	0
lsd.cycles_ok:u	899	0	0
lsd.cycles_ok:u	900	0	0
lsd.cycles_ok:u	901	0	0
lsd.cycles_ok:u	902	0	0
lsd.cycles_ok:u	903	0	0
lsd.cycles_ok:u	904	0	0
lsd.cycles_ok:u	905	0	0
lsd.cycles_ok:u	906	0	0
lsd.cycles_ok:u	907	0	0
lsd.cycles_ok:u	908	0	0
lsd.cycles_ok:u	909	0	0
lsd.cycles_ok:u	910	0	0
lsd.cycles_ok:u	911	0	0
lsd.cycles_ok:u	912	0	0
lsd.cycles_ok:u	913	0	0
lsd.cycles_ok:u	914	0	0
lsd.cycles_ok:u	915	0	0
lsd.cycles_ok:u	916	0	0
lsd.cycles_ok:u	917	0	0
lsd.cycles_ok:u	918	0	0
lsd.cycles_ok:u	919	0	0
lsd.cycles_ok:u	920	0	0
lsd.cycles_ok:u	921	0	0
lsd.cycles_ok:u	922	0	0
lsd.cycles_ok:u	923	0	0
lsd.cycles_ok:u	924	0	0
lsd.cycles_ok:u	925	0	0
lsd.cycles_ok:u	926	0	0
lsd.cycles_ok:u	927	0	0
lsd.cycles_ok:u	928	0	0
lsd.cycles_ok:u	929	0	0
lsd.cycles_ok:u	930	0	0
lsd.cycles_ok:u	931	0	0
lsd.cycles_ok:u	932	0	0
lsd.cycles_ok:u	933	0	0
lsd.cycles_ok:u	934	0	0
lsd.cycles_ok:u	935	0	0
lsd.cycles_ok:u	936	0	0
lsd.cycles_ok:u	937	0	0
lsd.cycles_ok:u	938	0	0
lsd.cycles_ok:u	939	0	0
lsd.cycles_ok:u	940	0	0
lsd.cycles_ok:u	941	0	0
lsd.cycles_ok:u	942	0	0
lsd.cycles_ok:u	943	0	0
lsd.cycles_ok:u	944	0	0
lsd.cycles_ok:u	945	0	0
lsd.cycles_ok:u	946	0	0
lsd.cycles_ok:u	947	0	0
lsd.cycles_ok:u	948	0	0
lsd.cycles_ok:u	949	0	0
lsd.cycles_ok:u	950	0	0
lsd.cycles_ok:u	951	0	0
lsd.cycles_ok:u	952	0	0
lsd.cycles_ok:u	953	0	0
lsd.cycles_ok:u	954	0	0
lsd.cycles_ok:u	955	0	0
lsd.cycles_ok:u	956	0	0
lsd.cycles_ok:u	957	0	0
lsd.cycles_ok:u	958	0	0
lsd.cycles_ok:u	959	0	0
lsd.cycles_ok:u	960	0	0
lsd.cycles_ok:u	961	0	0
lsd.cycles_ok:u	962	0	0
lsd.cycles_ok:u	963	0	0
lsd.cycles_ok:u	964	0	0
lsd.cycles_ok:u	965	0	0
lsd.cycles_ok:u	966	0	0
lsd.cycles_ok:u	967	0	0
lsd.cycles_ok:u	968	0	0
lsd.cycles_ok:u	969	0	0
lsd.cycles_ok:u	970	0	0
lsd.cycles_ok:u	971	0	0
lsd.cycles_ok:u	972	0	0
lsd.cycles_ok:u	973	0	0
lsd.cycles_ok:u	974	0	0
lsd.cycles_ok:u	975	0	0
lsd.cycles_ok:u	976	0	0
lsd.cycles_ok:u	977	0	0
lsd.cycles_ok:u	978	0	0
lsd.cycles_ok:u	979	0	0
lsd.cycles_ok:u	980	0	0
lsd.cycles_ok:u	981	0	0
lsd.cycles_ok:u	982	0	0
lsd.cycles_ok:u	983	0	0
lsd.cycles_ok:u	984	0	0
lsd.cycles_ok:u	985	0	0
lsd.cycles_ok:u	986	0	0
lsd.cycles_ok:u	987	0	0
lsd.cycles_ok:u	988	0	0
lsd.cycles_ok:u	989	0	0
lsd.cycles_ok:u	990	0	0
lsd.cycles_ok:u	991	0	0
lsd.cycles_ok:u	992	0	0
lsd.cycles_ok:u	993	0	0
lsd.cycles_ok:u	994	0	0
lsd.cycles_ok:u	995	0	0
lsd.cycles_ok:u	996	0	0
lsd.cycles_ok:u	997	0	0
lsd.cycles_ok:u	998	0	0
lsd.cycles_ok:u	999	0	0
lsd.cycles_ok:u	1000	0	0
uops_executed.core:u	1	13256735258	0
uops_executed.core:u	2	13256726681	0
uops_retired.stall_cycles:u	1	2587785797	0
uops_retired.stall_cycles:u	2	2622265669	0
itlb_misses.stlb_hit:u	1	2	0
itlb_misses.stlb_hit:u	2	5	0
