event	round	count	exit
el-abort:u	1	0	0
el-abort:u	2	0	0
el-abort:u	3	0	0
el-abort:u	4	0	0
el-abort:u	5	0	0
el-abort:u	6	0	0
el-abort:u	7	0	0
el-abort:u	8	0	0
el-abort:u	9	0	0
el-abort:u	10	0	0
el-abort:u	11	0	0
el-abort:u	12	0	0
el-abort:u	13	0	0
el-abort:u	14	0	0
el-abort:u	15	0	0
el-abort:u	16	0	0
el-abort:u	17	0	0
el-abort:u	18	0	0
el-abort:u	19	0	0
el-abort:u	20	0	0
el-abort:u	21	0	0
el-abort:u	22	0	0
el-abort:u	23	0	0
el-abort:u	24	0	0
el-abort:u	25	0	0
el-abort:u	26	0	0
el-abort:u	27	0	0
el-abort:u	28	0	0
el-abort:u	29	0	0
el-abort:u	30	0	0
el-abort:u	31	0	0
el-abort:u	32	0	0
el-abort:u	33	0	0
el-abort:u	34	0	0
el-abort:u	35	0	0
el-abort:u	36	0	0
el-abort:u	37	0	0
el-abort:u	38	0	0
el-abort:u	39	0	0
el-abort:u	40	0	0
el-abort:u	41	0	0
el-abort:u	42	0	0
el-abort:u	43	0	0
el-abort:u	44	0	0
el-abort:u	45	0	0
el-abort:u	46	0	0
el-abort:u	47	0	0
el-abort:u	48	0	0
el-abort:u	49	0	0
el-abort:u	50	0	0
el-abort:u	51	0	0
el-abort:u	52	0	0
el-abort:u	53	0	0
el-abort:u	54	0	0
el-abort:u	55	0	0
el-abort:u	56	0	0
el-abort:u	57	0	0
el-abort:u	58	0	0
el-abort:u	59	0	0
el-abort:u	60	0	0
el-abort:u	61	0	0
el-abort:u	62	0	0
el-abort:u	63	0	0
el-abort:u	64	0	0
el-abort:u	65	0	0
el-abort:u	66	0	0
el-abort:u	67	0	0
el-abort:u	68	0	0
el-abort:u	69	0	0
el-abort:u	70	0	0
el-abort:u	71	0	0
el-abort:u	72	0	0
el-abort:u	73	0	0
el-abort:u	74	0	0
el-abort:u	75	0	0
el-abort:u	76	0	0
el-abort:u	77	0	0
el-abort:u	78	0	0
el-abort:u	79	0	0
el-abort:u	80	0	0
el-abort:u	81	0	0
el-abort:u	82	0	0
el-abort:u	83	0	0
el-abort:u	84	0	0
el-abort:u	85	0	0
el-abort:u	86	0	0
el-abort:u	87	0	0
el-abort:u	88	0	0
el-abort:u	89	0	0
el-abort:u	90	0	0
el-abort:u	91	0	0
el-abort:u	92	0	0
el-abort:u	93	0	0
el-abort:u	94	0	0
el-abort:u	95	0	0
el-abort:u	96	0	0
el-abort:u	97	0	0
el-abort:u	98	0	0
el-abort:u	99	0	0
el-abort:u	100	0	0
el-abort:u	101	0	0
el-abort:u	102	0	0
el-abort:u	103	0	0
el-abort:u	104	0	0
el-abort:u	105	0	0
el-abort:u	106	0	0
el-abort:u	107	0	0
el-abort:u	108	0	0
el-abort:u	109	0	0
el-abort:u	110	0	0
el-abort:u	111	0	0
el-abort:u	112	0	0
el-abort:u	113	0	0
el-abort:u	114	0	0
el-abort:u	115	0	0
el-abort:u	116	0	0
el-abort:u	117	0	0
el-abort:u	118	0	0
el-abort:u	119	0	0
el-abort:u	120	0	0
el-abort:u	121	0	0
el-abort:u	122	0	0
el-abort:u	123	0	0
el-abort:u	124	0	0
el-abort:u	125	0	0
el-abort:u	126	0	0
el-abort:u	127	0	0
el-abort:u	128	0	0
el-abort:u	129	0	0
el-abort:u	130	0	0
el-abort:u	131	0	0
el-abort:u	132	0	0
el-abort:u	133	0	0
el-abort:u	134	0	0
el-abort:u	135	0	0
el-abort:u	136	0	0
el-abort:u	137	0	0
el-abort:u	138	0	0
el-abort:u	139	0	0
el-abort:u	140	0	0
el-abort:u	141	0	0
el-abort:u	142	0	0
el-abort:u	143	0	0
el-abort:u	144	0	0
el-abort:u	145	0	0
el-abort:u	146	0	0
el-abort:u	147	0	0
el-abort:u	148	0	0
el-abort:u	149	0	0
el-abort:u	150	0	0
el-abort:u	151	0	0
el-abort:u	152	0	0
el-abort:u	153	0	0
el-abort:u	154	0	0
el-abort:u	155	0	0
el-abort:u	156	0	0
el-abort:u	157	0	0
el-abort:u	158	0	0
el-abort:u	159	0	0
el-abort:u	160	0	0
el-abort:u	161	0	0
el-abort:u	162	0	0
el-abort:u	163	0	0
el-abort:u	164	0	0
el-abort:u	165	0	0
el-abort:u	166	0	0
el-abort:u	167	0	0
el-abort:u	168	0	0
el-abort:u	169	0	0
el-abort:u	170	0	0
el-abort:u	171	0	0
el-abort:u	172	0	0
el-abort:u	173	0	0
el-abort:u	174	0	0
el-abort:u	175	0	0
el-abort:u	176	0	0
el-abort:u	177	0	0
el-abort:u	178	0	0
el-abort:u	179	0	0
el-abort:u	180	0	0
el-abort:u	181	0	0
el-abort:u	182	0	0
el-abort:u	183	0	0
el-abort:u	184	0	0
el-abort:u	185	0	0
el-abort:u	186	0	0
el-abort:u	187	0	0
el-abort:u	188	0	0
el-abort:u	189	0	0
el-abort:u	190	0	0
el-abort:u	191	0	0
el-abort:u	192	0	0
el-abort:u	193	0	0
el-abort:u	194	0	0
el-abort:u	195	0	0
el-abort:u	196	0	0
el-abort:u	197	0	0
el-abort:u	198	0	0
el-abort:u	199	0	0
el-abort:u	200	0	0
el-abort:u	201	0	0
el-abort:u	202	0	0
el-abort:u	203	0	0
el-abort:u	204	0	0
el-abort:u	205	0	0
el-abort:u	206	0	0
el-abort:u	207	0	0
el-abort:u	208	0	0
el-abort:u	209	0	0
el-abort:u	210	0	0
el-abort:u	211	0	0
el-abort:u	212	0	0
el-abort:u	213	0	0
el-abort:u	214	0	0
el-abort:u	215	0	0
el-abort:u	216	0	0
el-abort:u	217	0	0
el-abort:u	218	0	0
el-abort:u	219	0	0
el-abort:u	220	0	0
el-abort:u	221	0	0
el-abort:u	222	0	0
el-abort:u	223	0	0
el-abort:u	224	0	0
el-abort:u	225	0	0
el-abort:u	226	0	0
el-abort:u	227	0	0
el-abort:u	228	0	0
el-abort:u	229	0	0
el-abort:u	230	0	0
el-abort:u	231	0	0
el-abort:u	232	0	0
el-abort:u	233	0	0
el-abort:u	234	0	0
el-abort:u	235	0	0
el-abort:u	236	0	0
el-abort:u	237	0	0
el-abort:u	238	0	0
el-abort:u	239	0	0
el-abort:u	240	0	0
el-abort:u	241	0	0
el-abort:u	242	0	0
el-abort:u	243	0	0
el-abort:u	244	0	0
el-abort:u	245	0	0
el-abort:u	246	0	0
el-abort:u	247	0	0
el-abort:u	248	0	0
el-abort:u	249	0	0
el-abort:u	250	0	0
el-abort:u	251	0	0
el-abort:u	252	0	0
el-abort:u	253	0	0
el-abort:u	254	0	0
el-abort:u	255	0	0
el-abort:u	256	0	0
el-abort:u	257	0	0
el-abort:u	258	0	0
el-abort:u	259	0	0
el-abort:u	260	0	0
el-abort:u	261	0	0
el-abort:u	262	0	0
el-abort:u	263	0	0
el-abort:u	264	0	0
el-abort:u	265	0	0
el-abort:u	266	0	0
el-abort:u	267	0	0
el-abort:u	268	0	0
el-abort:u	269	0	0
el-abort:u	270	0	0
el-abort:u	271	0	0
el-abort:u	272	0	0
el-abort:u	273	0	0
el-abort:u	274	0	0
el-abort:u	275	0	0
el-abort:u	276	0	0
el-abort:u	277	0	0
el-abort:u	278	0	0
el-abort:u	279	0	0
el-abort:u	280	0	0
el-abort:u	281	0	0
el-abort:u	282	0	0
el-abort:u	283	0	0
el-abort:u	284	0	0
el-abort:u	285	0	0
el-abort:u	286	0	0
el-abort:u	287	0	0
el-abort:u	288	0	0
el-abort:u	289	0	0
el-abort:u	290	0	0
el-abort:u	291	0	0
el-abort:u	292	0	0
el-abort:u	293	0	0
el-abort:u	294	0	0
el-abort:u	295	0	0
el-abort:u	296	0	0
el-abort:u	297	0	0
el-abort:u	298	0	0
el-abort:u	299	0	0
el-abort:u	300	0	0
el-abort:u	301	0	0
el-abort:u	302	0	0
el-abort:u	303	0	0
el-abort:u	304	0	0
el-abort:u	305	0	0
el-abort:u	306	0	0
el-abort:u	307	0	0
el-abort:u	308	0	0
el-abort:u	309	0	0
el-abort:u	310	0	0
el-abort:u	311	0	0
el-abort:u	312	0	0
el-abort:u	313	0	0
el-abort:u	314	0	0
el-abort:u	315	0	0
el-abort:u	316	0	0
el-abort:u	317	0	0
el-abort:u	318	0	0
el-abort:u	319	0	0
el-abort:u	320	0	0
el-abort:u	321	0	0
el-abort:u	322	0	0
el-abort:u	323	0	0
el-abort:u	324	0	0
el-abort:u	325	0	0
el-abort:u	326	0	0
el-abort:u	327	0	0
el-abort:u	328	0	0
el-abort:u	329	0	0
el-abort:u	330	0	0
el-abort:u	331	0	0
el-abort:u	332	0	0
el-abort:u	333	0	0
el-abort:u	334	0	0
el-abort:u	335	0	0
el-abort:u	336	0	0
el-abort:u	337	0	0
el-abort:u	338	0	0
el-abort:u	339	0	0
el-abort:u	340	0	0
el-abort:u	341	0	0
el-abort:u	342	0	0
el-abort:u	343	0	0
el-abort:u	344	0	0
el-abort:u	345	0	0
el-abort:u	346	0	0
el-abort:u	347	0	0
el-abort:u	348	0	0
el-abort:u	349	0	0
el-abort:u	350	0	0
el-abort:u	351	0	0
el-abort:u	352	0	0
el-abort:u	353	0	0
el-abort:u	354	0	0
el-abort:u	355	0	0
el-abort:u	356	0	0
el-abort:u	357	0	0
el-abort:u	358	0	0
el-abort:u	359	0	0
el-abort:u	360	0	0
el-abort:u	361	0	0
el-abort:u	362	0	0
el-abort:u	363	0	0
el-abort:u	364	0	0
el-abort:u	365	0	0
el-abort:u	366	0	0
el-abort:u	367	0	0
el-abort:u	368	0	0
el-abort:u	369	0	0
el-abort:u	370	0	0
el-abort:u	371	0	0
el-abort:u	372	0	0
el-abort:u	373	0	0
el-abort:u	374	0	0
el-abort:u	375	0	0
el-abort:u	376	0	0
el-abort:u	377	0	0
el-abort:u	378	0	0
el-abort:u	379	0	0
el-abort:u	380	0	0
el-abort:u	381	0	0
el-abort:u	382	0	0
el-abort:u	383	0	0
el-abort:u	384	0	0
el-abort:u	385	0	0
el-abort:u	386	0	0
el-abort:u	387	0	0
el-abort:u	388	0	0
el-abort:u	389	0	0
el-abort:u	390	0	0
el-abort:u	391	0	0
el-abort:u	392	0	0
el-abort:u	393	0	0
el-abort:u	394	0	0
el-abort:u	395	0	0
el-abort:u	396	0	0
el-abort:u	397	0	0
el-abort:u	398	0	0
el-abort:u	399	0	0
el-abort:u	400	0	0
el-abort:u	401	0	0
el-abort:u	402	0	0
el-abort:u	403	0	0
el-abort:u	404	0	0
el-abort:u	405	0	0
el-abort:u	406	0	0
el-abort:u	407	0	0
el-abort:u	408	0	0
el-abort:u	409	0	0
el-abort:u	410	0	0
el-abort:u	411	0	0
el-abort:u	412	0	0
el-abort:u	413	0	0
el-abort:u	414	0	0
el-abort:u	415	0	0
el-abort:u	416	0	0
el-abort:u	417	0	0
el-abort:u	418	0	0
el-abort:u	419	0	0
el-abort:u	420	0	0
el-abort:u	421	0	0
el-abort:u	422	0	0
el-abort:u	423	0	0
el-abort:u	424	0	0
el-abort:u	425	0	0
el-abort:u	426	0	0
el-abort:u	427	0	0
el-abort:u	428	0	0
el-abort:u	429	0	0
el-abort:u	430	0	0
el-abort:u	431	0	0
el-abort:u	432	0	0
el-abort:u	433	0	0
el-abort:u	434	0	0
el-abort:u	435	0	0
el-abort:u	436	0	0
el-abort:u	437	0	0
el-abort:u	438	0	0
el-abort:u	439	0	0
el-abort:u	440	0	0
el-abort:u	441	0	0
el-abort:u	442	0	0
el-abort:u	443	0	0
el-abort:u	444	0	0
el-abort:u	445	0	0
el-abort:u	446	0	0
el-abort:u	447	0	0
el-abort:u	448	0	0
el-abort:u	449	0	0
el-abort:u	450	0	0
el-abort:u	451	0	0
el-abort:u	452	0	0
el-abort:u	453	0	0
el-abort:u	454	0	0
el-abort:u	455	0	0
el-abort:u	456	0	0
el-abort:u	457	0	0
el-abort:u	458	0	0
el-abort:u	459	0	0
el-abort:u	460	0	0
el-abort:u	461	0	0
el-abort:u	462	0	0
el-abort:u	463	0	0
el-abort:u	464	0	0
el-abort:u	465	0	0
el-abort:u	466	0	0
el-abort:u	467	0	0
el-abort:u	468	0	0
el-abort:u	469	0	0
el-abort:u	470	0	0
el-abort:u	471	0	0
el-abort:u	472	0	0
el-abort:u	473	0	0
el-abort:u	474	0	0
el-abort:u	475	0	0
el-abort:u	476	0	0
el-abort:u	477	0	0
el-abort:u	478	0	0
el-abort:u	479	0	0
el-abort:u	480	0	0
el-abort:u	481	0	0
el-abort:u	482	0	0
el-abort:u	483	0	0
el-abort:u	484	0	0
el-abort:u	485	0	0
el-abort:u	486	0	0
el-abort:u	487	0	0
el-abort:u	488	0	0
el-abort:u	489	0	0
el-abort:u	490	0	0
el-abort:u	491	0	0
el-abort:u	492	0	0
el-abort:u	493	0	0
el-abort:u	494	0	0
el-abort:u	495	0	0
el-abort:u	496	0	0
el-abort:u	497	0	0
el-abort:u	498	0	0
el-abort:u	499	0	0
el-abort:u	500	0	0
el-abort:u	501	0	0
el-abort:u	502	0	0
el-abort:u	503	0	0
el-abort:u	504	0	0
el-abort:u	505	0	0
el-abort:u	506	0	0
el-abort:u	507	0	0
el-abort:u	508	0	0
el-abort:u	509	0	0
el-abort:u	510	0	0
el-abort:u	511	0	0
el-abort:u	512	0	0
el-abort:u	513	0	0
el-abort:u	514	0	0
el-abort:u	515	0	0
el-abort:u	516	0	0
el-abort:u	517	0	0
el-abort:u	518	0	0
el-abort:u	519	0	0
el-abort:u	520	0	0
el-abort:u	521	0	0
el-abort:u	522	0	0
el-abort:u	523	0	0
el-abort:u	524	0	0
el-abort:u	525	0	0
el-abort:u	526	0	0
el-abort:u	527	0	0
el-abort:u	528	0	0
el-abort:u	529	0	0
el-abort:u	530	0	0
el-abort:u	531	0	0
el-abort:u	532	0	0
el-abort:u	533	0	0
el-abort:u	534	0	0
el-abort:u	535	0	0
el-abort:u	536	0	0
el-abort:u	537	0	0
el-abort:u	538	0	0
el-abort:u	539	0	0
el-abort:u	540	0	0
el-abort:u	541	0	0
el-abort:u	542	0	0
el-abort:u	543	0	0
el-abort:u	544	0	0
el-abort:u	545	0	0
el-abort:u	546	0	0
el-abort:u	547	0	0
el-abort:u	548	0	0
el-abort:u	549	0	0
el-abort:u	550	0	0
el-abort:u	551	0	0
el-abort:u	552	0	0
el-abort:u	553	0	0
el-abort:u	554	0	0
el-abort:u	555	0	0
el-abort:u	556	0	0
el-abort:u	557	0	0
el-abort:u	558	0	0
el-abort:u	559	0	0
el-abort:u	560	0	0
el-abort:u	561	0	0
el-abort:u	562	0	0
el-abort:u	563	0	0
el-abort:u	564	0	0
el-abort:u	565	0	0
el-abort:u	566	0	0
el-abort:u	567	0	0
el-abort:u	568	0	0
el-abort:u	569	0	0
el-abort:u	570	0	0
el-abort:u	571	0	0
el-abort:u	572	0	0
el-abort:u	573	0	0
el-abort:u	574	0	0
el-abort:u	575	0	0
el-abort:u	576	0	0
el-abort:u	577	0	0
el-abort:u	578	0	0
el-abort:u	579	0	0
el-abort:u	580	0	0
el-abort:u	581	0	0
el-abort:u	582	0	0
el-abort:u	583	0	0
el-abort:u	584	0	0
el-abort:u	585	0	0
el-abort:u	586	0	0
el-abort:u	587	0	0
el-abort:u	588	0	0
el-abort:u	589	0	0
el-abort:u	590	0	0
el-abort:u	591	0	0
el-abort:u	592	0	0
el-abort:u	593	0	0
el-abort:u	594	0	0
el-abort:u	595	0	0
el-abort:u	596	0	0
el-abort:u	597	0	0
el-abort:u	598	0	0
el-abort:u	599	0	0
el-abort:u	600	0	0
el-abort:u	601	0	0
el-abort:u	602	0	0
el-abort:u	603	0	0
el-abort:u	604	0	0
el-abort:u	605	0	0
el-abort:u	606	0	0
el-abort:u	607	0	0
el-abort:u	608	0	0
el-abort:u	609	0	0
el-abort:u	610	0	0
el-abort:u	611	0	0
el-abort:u	612	0	0
el-abort:u	613	0	0
el-abort:u	614	0	0
el-abort:u	615	0	0
el-abort:u	616	0	0
el-abort:u	617	0	0
el-abort:u	618	0	0
el-abort:u	619	0	0
el-abort:u	620	0	0
el-abort:u	621	0	0
el-abort:u	622	0	0
el-abort:u	623	0	0
el-abort:u	624	0	0
el-abort:u	625	0	0
el-abort:u	626	0	0
el-abort:u	627	0	0
el-abort:u	628	0	0
el-abort:u	629	0	0
el-abort:u	630	0	0
el-abort:u	631	0	0
el-abort:u	632	0	0
el-abort:u	633	0	0
el-abort:u	634	0	0
el-abort:u	635	0	0
el-abort:u	636	0	0
el-abort:u	637	0	0
el-abort:u	638	0	0
el-abort:u	639	0	0
el-abort:u	640	0	0
el-abort:u	641	0	0
el-abort:u	642	0	0
el-abort:u	643	0	0
el-abort:u	644	0	0
el-abort:u	645	0	0
el-abort:u	646	0	0
el-abort:u	647	0	0
el-abort:u	648	0	0
el-abort:u	649	0	0
el-abort:u	650	0	0
el-abort:u	651	0	0
el-abort:u	652	0	0
el-abort:u	653	0	0
el-abort:u	654	0	0
el-abort:u	655	0	0
el-abort:u	656	0	0
el-abort:u	657	0	0
el-abort:u	658	0	0
el-abort:u	659	0	0
el-abort:u	660	0	0
el-abort:u	661	0	0
el-abort:u	662	0	0
el-abort:u	663	0	0
el-abort:u	664	0	0
el-abort:u	665	0	0
el-abort:u	666	0	0
el-abort:u	667	0	0
el-abort:u	668	0	0
el-abort:u	669	0	0
el-abort:u	670	0	0
el-abort:u	671	0	0
el-abort:u	672	0	0
el-abort:u	673	0	0
el-abort:u	674	0	0
el-abort:u	675	0	0
el-abort:u	676	0	0
el-abort:u	677	0	0
el-abort:u	678	0	0
el-abort:u	679	0	0
el-abort:u	680	0	0
el-abort:u	681	0	0
el-abort:u	682	0	0
el-abort:u	683	0	0
el-abort:u	684	0	0
el-abort:u	685	0	0
el-abort:u	686	0	0
el-abort:u	687	0	0
el-abort:u	688	0	0
el-abort:u	689	0	0
el-abort:u	690	0	0
el-abort:u	691	0	0
el-abort:u	692	0	0
el-abort:u	693	0	0
el-abort:u	694	0	0
el-abort:u	695	0	0
el-abort:u	696	0	0
el-abort:u	697	0	0
el-abort:u	698	0	0
el-abort:u	699	0	0
el-abort:u	700	0	0
el-abort:u	701	0	0
el-abort:u	702	0	0
el-abort:u	703	0	0
el-abort:u	704	0	0
el-abort:u	705	0	0
el-abort:u	706	0	0
el-abort:u	707	0	0
el-abort:u	708	0	0
el-abort:u	709	0	0
el-abort:u	710	0	0
el-abort:u	711	0	0
el-abort:u	712	0	0
el-abort:u	713	0	0
el-abort:u	714	0	0
el-abort:u	715	0	0
el-abort:u	716	0	0
el-abort:u	717	0	0
el-abort:u	718	0	0
el-abort:u	719	0	0
el-abort:u	720	0	0
el-abort:u	721	0	0
el-abort:u	722	0	0
el-abort:u	723	0	0
el-abort:u	724	0	0
el-abort:u	725	0	0
el-abort:u	726	0	0
el-abort:u	727	0	0
el-abort:u	728	0	0
el-abort:u	729	0	0
el-abort:u	730	0	0
el-abort:u	731	0	0
el-abort:u	732	0	0
el-abort:u	733	0	0
el-abort:u	734	0	0
el-abort:u	735	0	0
el-abort:u	736	0	0
el-abort:u	737	0	0
el-abort:u	738	0	0
el-abort:u	739	0	0
el-abort:u	740	0	0
el-abort:u	741	0	0
el-abort:u	742	0	0
el-abort:u	743	0	0
el-abort:u	744	0	0
el-abort:u	745	0	0
el-abort:u	746	0	0
el-abort:u	747	0	0
el-abort:u	748	0	0
el-abort:u	749	0	0
el-abort:u	750	0	0
el-abort:u	751	0	0
el-abort:u	752	0	0
el-abort:u	753	0	0
el-abort:u	754	0	0
el-abort:u	755	0	0
el-abort:u	756	0	0
el-abort:u	757	0	0
el-abort:u	758	0	0
el-abort:u	759	0	0
el-abort:u	760	0	0
el-abort:u	761	0	0
el-abort:u	762	0	0
el-abort:u	763	0	0
el-abort:u	764	0	0
el-abort:u	765	0	0
el-abort:u	766	0	0
el-abort:u	767	0	0
el-abort:u	768	0	0
el-abort:u	769	0	0
el-abort:u	770	0	0
el-abort:u	771	0	0
el-abort:u	772	0	0
el-abort:u	773	0	0
el-abort:u	774	0	0
el-abort:u	775	0	0
el-abort:u	776	0	0
el-abort:u	777	0	0
el-abort:u	778	0	0
el-abort:u	779	0	0
el-abort:u	780	0	0
el-abort:u	781	0	0
el-abort:u	782	0	0
el-abort:u	783	0	0
el-abort:u	784	0	0
el-abort:u	785	0	0
el-abort:u	786	0	0
el-abort:u	787	0	0
el-abort:u	788	0	0
el-abort:u	789	0	0
el-abort:u	790	0	0
el-abort:u	791	0	0
el-abort:u	792	0	0
el-abort:u	793	0	0
el-abort:u	794	0	0
el-abort:u	795	0	0
el-abort:u	796	0	0
el-abort:u	797	0	0
el-abort:u	798	0	0
el-abort:u	799	0	0
el-abort:u	800	0	0
el-abort:u	801	0	0
el-abort:u	802	0	0
el-abort:u	803	0	0
el-abort:u	804	0	0
el-abort:u	805	0	0
el-abort:u	806	0	0
el-abort:u	807	0	0
el-abort:u	808	0	0
el-abort:u	809	0	0
el-abort:u	810	0	0
el-abort:u	811	0	0
el-abort:u	812	0	0
el-abort:u	813	0	0
el-abort:u	814	0	0
el-abort:u	815	0	0
el-abort:u	816	0	0
el-abort:u	817	0	0
el-abort:u	818	0	0
el-abort:u	819	0	0
el-abort:u	820	0	0
el-abort:u	821	0	0
el-abort:u	822	0	0
el-abort:u	823	0	0
el-abort:u	824	0	0
el-abort:u	825	0	0
el-abort:u	826	0	0
el-abort:u	827	0	0
el-abort:u	828	0	0
el-abort:u	829	0	0
el-abort:u	830	0	0
el-abort:u	831	0	0
el-abort:u	832	0	0
el-abort:u	833	0	0
el-abort:u	834	0	0
el-abort:u	835	0	0
el-abort:u	836	0	0
el-abort:u	837	0	0
el-abort:u	838	0	0
el-abort:u	839	0	0
el-abort:u	840	0	0
el-abort:u	841	0	0
el-abort:u	842	0	0
el-abort:u	843	0	0
el-abort:u	844	0	0
el-abort:u	845	0	0
el-abort:u	846	0	0
el-abort:u	847	0	0
el-abort:u	848	0	0
el-abort:u	849	0	0
el-abort:u	850	0	0
el-abort:u	851	0	0
el-abort:u	852	0	0
el-abort:u	853	0	0
el-abort:u	854	0	0
el-abort:u	855	0	0
el-abort:u	856	0	0
el-abort:u	857	0	0
el-abort:u	858	0	0
el-abort:u	859	0	0
el-abort:u	860	0	0
el-abort:u	861	0	0
el-abort:u	862	0	0
el-abort:u	863	0	0
el-abort:u	864	0	0
el-abort:u	865	0	0
el-abort:u	866	0	0
el-abort:u	867	0	0
el-abort:u	868	0	0
el-abort:u	869	0	0
el-abort:u	870	0	0
el-abort:u	871	0	0
el-abort:u	872	0	0
el-abort:u	873	0	0
el-abort:u	874	0	0
el-abort:u	875	0	0
el-abort:u	876	0	0
el-abort:u	877	0	0
el-abort:u	878	0	0
el-abort:u	879	0	0
el-abort:u	880	0	0
el-abort:u	881	0	0
el-abort:u	882	0	0
el-abort:u	883	0	0
el-abort:u	884	0	0
el-abort:u	885	0	0
el-abort:u	886	0	0
el-abort:u	887	0	0
el-abort:u	888	0	0
el-abort:u	889	0	0
el-abort:u	890	0	0
el-abort:u	891	0	0
el-abort:u	892	0	0
el-abort:u	893	0	0
el-abort:u	894	0	0
el-abort:u	895	0	0
el-abort:u	896	0	0
el-abort:u	897	0	0
el-abort:u	898	0	0
el-abort:u	899	0	0
el-abort:u	900	0	0
el-abort:u	901	0	0
el-abort:u	902	0	0
el-abort:u	903	0	0
el-abort:u	904	0	0
el-abort:u	905	0	0
el-abort:u	906	0	0
el-abort:u	907	0	0
el-abort:u	908	0	0
el-abort:u	909	0	0
el-abort:u	910	0	0
el-abort:u	911	0	0
el-abort:u	912	0	0
el-abort:u	913	0	0
el-abort:u	914	0	0
el-abort:u	915	0	0
el-abort:u	916	0	0
el-abort:u	917	0	0
el-abort:u	918	0	0
el-abort:u	919	0	0
el-abort:u	920	0	0
el-abort:u	921	0	0
el-abort:u	922	0	0
el-abort:u	923	0	0
el-abort:u	924	0	0
el-abort:u	925	0	0
el-abort:u	926	0	0
el-abort:u	927	0	0
el-abort:u	928	0	0
el-abort:u	929	0	0
el-abort:u	930	0	0
el-abort:u	931	0	0
el-abort:u	932	0	0
el-abort:u	933	0	0
el-abort:u	934	0	0
el-abort:u	935	0	0
el-abort:u	936	0	0
el-abort:u	937	0	0
el-abort:u	938	0	0
el-abort:u	939	0	0
el-abort:u	940	0	0
el-abort:u	941	0	0
el-abort:u	942	0	0
el-abort:u	943	0	0
el-abort:u	944	0	0
el-abort:u	945	0	0
el-abort:u	946	0	0
el-abort:u	947	0	0
el-abort:u	948	0	0
el-abort:u	949	0	0
el-abort:u	950	0	0
el-abort:u	951	0	0
el-abort:u	952	0	0
el-abort:u	953	0	0
el-abort:u	954	0	0
el-abort:u	955	0	0
el-abort:u	956	0	0
el-abort:u	957	0	0
el-abort:u	958	0	0
el-abort:u	959	0	0
el-abort:u	960	0	0
el-abort:u	961	0	0
el-abort:u	962	0	0
el-abort:u	963	0	0
el-abort:u	964	0	0
el-abort:u	965	0	0
el-abort:u	966	0	0
el-abort:u	967	0	0
el-abort:u	968	0	0
el-abort:u	969	0	0
el-abort:u	970	0	0
el-abort:u	971	0	0
el-abort:u	972	0	0
el-abort:u	973	0	0
el-abort:u	974	0	0
el-abort:u	975	0	0
el-abort:u	976	0	0
el-abort:u	977	0	0
el-abort:u	978	0	0
el-abort:u	979	0	0
el-abort:u	980	0	0
el-abort:u	981	0	0
el-abort:u	982	0	0
el-abort:u	983	0	0
el-abort:u	984	0	0
el-abort:u	985	0	0
el-abort:u	986	0	0
el-abort:u	987	0	0
el-abort:u	988	0	0
el-abort:u	989	0	0
el-abort:u	990	0	0
el-abort:u	991	0	0
el-abort:u	992	0	0
el-abort:u	993	0	0
el-abort:u	994	0	0
el-abort:u	995	0	0
el-abort:u	996	0	0
el-abort:u	997	0	0
el-abort:u	998	0	0
el-abort:u	999	0	0
el-abort:u	1000	0	0
l1d_pend_miss.fb_full:u	1	26147	0
l1d_pend_miss.fb_full:u	2	27704	0
l2_rqsts.pf_hit:u	1	2358237	0
l2_rqsts.pf_hit:u	2	2378351	0
mem_load_l3_hit_retired.xsnp_none:u	1	10	0
mem_load_l3_hit_retired.xsnp_none:u	2	28	0
fp_arith_inst_retired.128b_packed_single:u	1	2900000	0
fp_arith_inst_retired.128b_packed_single:u	2	2900000	0
fp_arith_inst_retired.128b_packed_single:u	3	2900000	0
fp_arith_inst_retired.128b_packed_single:u	4	2900000	0
fp_arith_inst_retired.128b_packed_single:u	5	2900000	0
fp_arith_inst_retired.128b_packed_single:u	6	2900000	0
fp_arith_inst_retired.128b_packed_single:u	7	2900000	0
fp_arith_inst_retired.128b_packed_single:u	8	2900000	0
fp_arith_inst_retired.128b_packed_single:u	9	2900000	0
fp_arith_inst_retired.128b_packed_single:u	10	2900000	0
fp_arith_inst_retired.128b_packed_single:u	11	2900000	0
fp_arith_inst_retired.128b_packed_single:u	12	2900000	0
fp_arith_inst_retired.128b_packed_single:u	13	2900000	0
fp_arith_inst_retired.128b_packed_single:u	14	2900000	0
fp_arith_inst_retired.128b_packed_single:u	15	2900000	0
fp_arith_inst_retired.128b_packed_single:u	16	2900000	0
fp_arith_inst_retired.128b_packed_single:u	17	2900000	0
fp_arith_inst_retired.128b_packed_single:u	18	2900000	0
fp_arith_inst_retired.128b_packed_single:u	19	2900000	0
fp_arith_inst_retired.128b_packed_single:u	20	2900000	0
fp_arith_inst_retired.128b_packed_single:u	21	2900000	0
fp_arith_inst_retired.128b_packed_single:u	22	2900000	0
fp_arith_inst_retired.128b_packed_single:u	23	2900000	0
fp_arith_inst_retired.128b_packed_single:u	24	2900000	0
fp_arith_inst_retired.128b_packed_single:u	25	2900000	0
fp_arith_inst_retired.128b_packed_single:u	26	2900000	0
fp_arith_inst_retired.128b_packed_single:u	27	2900000	0
fp_arith_inst_retired.128b_packed_single:u	28	2900000	0
fp_arith_inst_retired.128b_packed_single:u	29	2900000	0
fp_arith_inst_retired.128b_packed_single:u	30	2900000	0
fp_arith_inst_retired.128b_packed_single:u	31	2900000	0
fp_arith_inst_retired.128b_packed_single:u	32	2900000	0
fp_arith_inst_retired.128b_packed_single:u	33	2900000	0
fp_arith_inst_retired.128b_packed_single:u	34	2900000	0
fp_arith_inst_retired.128b_packed_single:u	35	2900000	0
fp_arith_inst_retired.128b_packed_single:u	36	2900000	0
fp_arith_inst_retired.128b_packed_single:u	37	2900000	0
fp_arith_inst_retired.128b_packed_single:u	38	2900000	0
fp_arith_inst_retired.128b_packed_single:u	39	2900000	0
fp_arith_inst_retired.128b_packed_single:u	40	2900000	0
fp_arith_inst_retired.128b_packed_single:u	41	2900000	0
fp_arith_inst_retired.128b_packed_single:u	42	2900000	0
fp_arith_inst_retired.128b_packed_single:u	43	2900000	0
fp_arith_inst_retired.128b_packed_single:u	44	2900000	0
fp_arith_inst_retired.128b_packed_single:u	45	2900000	0
fp_arith_inst_retired.128b_packed_single:u	46	2900000	0
fp_arith_inst_retired.128b_packed_single:u	47	2900000	0
fp_arith_inst_retired.128b_packed_single:u	48	2900000	0
fp_arith_inst_retired.128b_packed_single:u	49	2900000	0
fp_arith_inst_retired.128b_packed_single:u	50	2900000	0
fp_arith_inst_retired.128b_packed_single:u	51	2900000	0
fp_arith_inst_retired.128b_packed_single:u	52	2900000	0
fp_arith_inst_retired.128b_packed_single:u	53	2900000	0
fp_arith_inst_retired.128b_packed_single:u	54	2900000	0
fp_arith_inst_retired.128b_packed_single:u	55	2900000	0
fp_arith_inst_retired.128b_packed_single:u	56	2900000	0
fp_arith_inst_retired.128b_packed_single:u	57	2900000	0
fp_arith_inst_retired.128b_packed_single:u	58	2900000	0
fp_arith_inst_retired.128b_packed_single:u	59	2900000	0
fp_arith_inst_retired.128b_packed_single:u	60	2900000	0
fp_arith_inst_retired.128b_packed_single:u	61	2900000	0
fp_arith_inst_retired.128b_packed_single:u	62	2900000	0
fp_arith_inst_retired.128b_packed_single:u	63	2900000	0
fp_arith_inst_retired.128b_packed_single:u	64	2900000	0
fp_arith_inst_retired.128b_packed_single:u	65	2900000	0
fp_arith_inst_retired.128b_packed_single:u	66	2900000	0
fp_arith_inst_retired.128b_packed_single:u	67	2900000	0
fp_arith_inst_retired.128b_packed_single:u	68	2900000	0
fp_arith_inst_retired.128b_packed_single:u	69	2900000	0
fp_arith_inst_retired.128b_packed_single:u	70	2900000	0
fp_arith_inst_retired.128b_packed_single:u	71	2900000	0
fp_arith_inst_retired.128b_packed_single:u	72	2900000	0
fp_arith_inst_retired.128b_packed_single:u	73	2900000	0
fp_arith_inst_retired.128b_packed_single:u	74	2900000	0
fp_arith_inst_retired.128b_packed_single:u	75	2900000	0
fp_arith_inst_retired.128b_packed_single:u	76	2900000	0
fp_arith_inst_retired.128b_packed_single:u	77	2900000	0
fp_arith_inst_retired.128b_packed_single:u	78	2900000	0
fp_arith_inst_retired.128b_packed_single:u	79	2900000	0
fp_arith_inst_retired.128b_packed_single:u	80	2900000	0
fp_arith_inst_retired.128b_packed_single:u	81	2900000	0
fp_arith_inst_retired.128b_packed_single:u	82	2900000	0
fp_arith_inst_retired.128b_packed_single:u	83	2900000	0
fp_arith_inst_retired.128b_packed_single:u	84	2900000	0
fp_arith_inst_retired.128b_packed_single:u	85	2900000	0
fp_arith_inst_retired.128b_packed_single:u	86	2900000	0
fp_arith_inst_retired.128b_packed_single:u	87	2900000	0
fp_arith_inst_retired.128b_packed_single:u	88	2900000	0
fp_arith_inst_retired.128b_packed_single:u	89	2900000	0
fp_arith_inst_retired.128b_packed_single:u	90	2900000	0
fp_arith_inst_retired.128b_packed_single:u	91	2900000	0
fp_arith_inst_retired.128b_packed_single:u	92	2900000	0
fp_arith_inst_retired.128b_packed_single:u	93	2900000	0
fp_arith_inst_retired.128b_packed_single:u	94	2900000	0
fp_arith_inst_retired.128b_packed_single:u	95	2900000	0
fp_arith_inst_retired.128b_packed_single:u	96	2900000	0
fp_arith_inst_retired.128b_packed_single:u	97	2900000	0
fp_arith_inst_retired.128b_packed_single:u	98	2900000	0
fp_arith_inst_retired.128b_packed_single:u	99	2900000	0
fp_arith_inst_retired.128b_packed_single:u	100	2900000	0
fp_arith_inst_retired.128b_packed_single:u	101	2900000	0
fp_arith_inst_retired.128b_packed_single:u	102	2900000	0
fp_arith_inst_retired.128b_packed_single:u	103	2900000	0
fp_arith_inst_retired.128b_packed_single:u	104	2900000	0
fp_arith_inst_retired.128b_packed_single:u	105	2900000	0
fp_arith_inst_retired.128b_packed_single:u	106	2900000	0
fp_arith_inst_retired.128b_packed_single:u	107	2900000	0
fp_arith_inst_retired.128b_packed_single:u	108	2900000	0
fp_arith_inst_retired.128b_packed_single:u	109	2900000	0
fp_arith_inst_retired.128b_packed_single:u	110	2900000	0
fp_arith_inst_retired.128b_packed_single:u	111	2900000	0
fp_arith_inst_retired.128b_packed_single:u	112	2900000	0
fp_arith_inst_retired.128b_packed_single:u	113	2900000	0
fp_arith_inst_retired.128b_packed_single:u	114	2900000	0
fp_arith_inst_retired.128b_packed_single:u	115	2900000	0
fp_arith_inst_retired.128b_packed_single:u	116	2900000	0
fp_arith_inst_retired.128b_packed_single:u	117	2900000	0
fp_arith_inst_retired.128b_packed_single:u	118	2900000	0
fp_arith_inst_retired.128b_packed_single:u	119	2900000	0
fp_arith_inst_retired.128b_packed_single:u	120	2900000	0
fp_arith_inst_retired.128b_packed_single:u	121	2900000	0
fp_arith_inst_retired.128b_packed_single:u	122	2900000	0
fp_arith_inst_retired.128b_packed_single:u	123	2900000	0
fp_arith_inst_retired.128b_packed_single:u	124	2900000	0
fp_arith_inst_retired.128b_packed_single:u	125	2900000	0
fp_arith_inst_retired.128b_packed_single:u	126	2900000	0
fp_arith_inst_retired.128b_packed_single:u	127	2900000	0
fp_arith_inst_retired.128b_packed_single:u	128	2900000	0
fp_arith_inst_retired.128b_packed_single:u	129	2900000	0
fp_arith_inst_retired.128b_packed_single:u	130	2900000	0
fp_arith_inst_retired.128b_packed_single:u	131	2900000	0
fp_arith_inst_retired.128b_packed_single:u	132	2900000	0
fp_arith_inst_retired.128b_packed_single:u	133	2900000	0
fp_arith_inst_retired.128b_packed_single:u	134	2900000	0
fp_arith_inst_retired.128b_packed_single:u	135	2900000	0
fp_arith_inst_retired.128b_packed_single:u	136	2900000	0
fp_arith_inst_retired.128b_packed_single:u	137	2900000	0
fp_arith_inst_retired.128b_packed_single:u	138	2900000	0
fp_arith_inst_retired.128b_packed_single:u	139	2900000	0
fp_arith_inst_retired.128b_packed_single:u	140	2900000	0
fp_arith_inst_retired.128b_packed_single:u	141	2900000	0
fp_arith_inst_retired.128b_packed_single:u	142	2900000	0
fp_arith_inst_retired.128b_packed_single:u	143	2900000	0
fp_arith_inst_retired.128b_packed_single:u	144	2900000	0
fp_arith_inst_retired.128b_packed_single:u	145	2900000	0
fp_arith_inst_retired.128b_packed_single:u	146	2900000	0
fp_arith_inst_retired.128b_packed_single:u	147	2900000	0
fp_arith_inst_retired.128b_packed_single:u	148	2900000	0
fp_arith_inst_retired.128b_packed_single:u	149	2900000	0
fp_arith_inst_retired.128b_packed_single:u	150	2900000	0
fp_arith_inst_retired.128b_packed_single:u	151	2900000	0
fp_arith_inst_retired.128b_packed_single:u	152	2900000	0
fp_arith_inst_retired.128b_packed_single:u	153	2900000	0
fp_arith_inst_retired.128b_packed_single:u	154	2900000	0
fp_arith_inst_retired.128b_packed_single:u	155	2900000	0
fp_arith_inst_retired.128b_packed_single:u	156	2900000	0
fp_arith_inst_retired.128b_packed_single:u	157	2900000	0
fp_arith_inst_retired.128b_packed_single:u	158	2900000	0
fp_arith_inst_retired.128b_packed_single:u	159	2900000	0
fp_arith_inst_retired.128b_packed_single:u	160	2900000	0
fp_arith_inst_retired.128b_packed_single:u	161	2900000	0
fp_arith_inst_retired.128b_packed_single:u	162	2900000	0
fp_arith_inst_retired.128b_packed_single:u	163	2900000	0
fp_arith_inst_retired.128b_packed_single:u	164	2900000	0
fp_arith_inst_retired.128b_packed_single:u	165	2900000	0
fp_arith_inst_retired.128b_packed_single:u	166	2900000	0
fp_arith_inst_retired.128b_packed_single:u	167	2900000	0
fp_arith_inst_retired.128b_packed_single:u	168	2900000	0
fp_arith_inst_retired.128b_packed_single:u	169	2900000	0
fp_arith_inst_retired.128b_packed_single:u	170	2900000	0
fp_arith_inst_retired.128b_packed_single:u	171	2900000	0
fp_arith_inst_retired.128b_packed_single:u	172	2900000	0
fp_arith_inst_retired.128b_packed_single:u	173	2900000	0
fp_arith_inst_retired.128b_packed_single:u	174	2900000	0
fp_arith_inst_retired.128b_packed_single:u	175	2900000	0
fp_arith_inst_retired.128b_packed_single:u	176	2900000	0
fp_arith_inst_retired.128b_packed_single:u	177	2900000	0
fp_arith_inst_retired.128b_packed_single:u	178	2900000	0
fp_arith_inst_retired.128b_packed_single:u	179	2900000	0
fp_arith_inst_retired.128b_packed_single:u	180	2900000	0
fp_arith_inst_retired.128b_packed_single:u	181	2900000	0
fp_arith_inst_retired.128b_packed_single:u	182	2900000	0
fp_arith_inst_retired.128b_packed_single:u	183	2900000	0
fp_arith_inst_retired.128b_packed_single:u	184	2900000	0
fp_arith_inst_retired.128b_packed_single:u	185	2900000	0
fp_arith_inst_retired.128b_packed_single:u	186	2900000	0
fp_arith_inst_retired.128b_packed_single:u	187	2900000	0
fp_arith_inst_retired.128b_packed_single:u	188	2900000	0
fp_arith_inst_retired.128b_packed_single:u	189	2900000	0
fp_arith_inst_retired.128b_packed_single:u	190	2900000	0
fp_arith_inst_retired.128b_packed_single:u	191	2900000	0
fp_arith_inst_retired.128b_packed_single:u	192	2900000	0
fp_arith_inst_retired.128b_packed_single:u	193	2900000	0
fp_arith_inst_retired.128b_packed_single:u	194	2900000	0
fp_arith_inst_retired.128b_packed_single:u	195	2900000	0
fp_arith_inst_retired.128b_packed_single:u	196	2900000	0
fp_arith_inst_retired.128b_packed_single:u	197	2900000	0
fp_arith_inst_retired.128b_packed_single:u	198	2900000	0
fp_arith_inst_retired.128b_packed_single:u	199	2900000	0
fp_arith_inst_retired.128b_packed_single:u	200	2900000	0
fp_arith_inst_retired.128b_packed_single:u	201	2900000	0
fp_arith_inst_retired.128b_packed_single:u	202	2900000	0
fp_arith_inst_retired.128b_packed_single:u	203	2900000	0
fp_arith_inst_retired.128b_packed_single:u	204	2900000	0
fp_arith_inst_retired.128b_packed_single:u	205	2900000	0
fp_arith_inst_retired.128b_packed_single:u	206	2900000	0
fp_arith_inst_retired.128b_packed_single:u	207	2900000	0
fp_arith_inst_retired.128b_packed_single:u	208	2900000	0
fp_arith_inst_retired.128b_packed_single:u	209	2900000	0
fp_arith_inst_retired.128b_packed_single:u	210	2900000	0
fp_arith_inst_retired.128b_packed_single:u	211	2900000	0
fp_arith_inst_retired.128b_packed_single:u	212	2900000	0
fp_arith_inst_retired.128b_packed_single:u	213	2900000	0
fp_arith_inst_retired.128b_packed_single:u	214	2900000	0
fp_arith_inst_retired.128b_packed_single:u	215	2900000	0
fp_arith_inst_retired.128b_packed_single:u	216	2900000	0
fp_arith_inst_retired.128b_packed_single:u	217	2900000	0
fp_arith_inst_retired.128b_packed_single:u	218	2900000	0
fp_arith_inst_retired.128b_packed_single:u	219	2900000	0
fp_arith_inst_retired.128b_packed_single:u	220	2900000	0
fp_arith_inst_retired.128b_packed_single:u	221	2900000	0
fp_arith_inst_retired.128b_packed_single:u	222	2900000	0
fp_arith_inst_retired.128b_packed_single:u	223	2900000	0
fp_arith_inst_retired.128b_packed_single:u	224	2900000	0
fp_arith_inst_retired.128b_packed_single:u	225	2900000	0
fp_arith_inst_retired.128b_packed_single:u	226	2900000	0
fp_arith_inst_retired.128b_packed_single:u	227	2900000	0
fp_arith_inst_retired.128b_packed_single:u	228	2900000	0
fp_arith_inst_retired.128b_packed_single:u	229	2900000	0
fp_arith_inst_retired.128b_packed_single:u	230	2900000	0
fp_arith_inst_retired.128b_packed_single:u	231	2900000	0
fp_arith_inst_retired.128b_packed_single:u	232	2900000	0
fp_arith_inst_retired.128b_packed_single:u	233	2900000	0
fp_arith_inst_retired.128b_packed_single:u	234	2900000	0
fp_arith_inst_retired.128b_packed_single:u	235	2900000	0
fp_arith_inst_retired.128b_packed_single:u	236	2900000	0
fp_arith_inst_retired.128b_packed_single:u	237	2900000	0
fp_arith_inst_retired.128b_packed_single:u	238	2900000	0
fp_arith_inst_retired.128b_packed_single:u	239	2900000	0
fp_arith_inst_retired.128b_packed_single:u	240	2900000	0
fp_arith_inst_retired.128b_packed_single:u	241	2900000	0
fp_arith_inst_retired.128b_packed_single:u	242	2900000	0
fp_arith_inst_retired.128b_packed_single:u	243	2900000	0
fp_arith_inst_retired.128b_packed_single:u	244	2900000	0
fp_arith_inst_retired.128b_packed_single:u	245	2900000	0
fp_arith_inst_retired.128b_packed_single:u	246	2900000	0
fp_arith_inst_retired.128b_packed_single:u	247	2900000	0
fp_arith_inst_retired.128b_packed_single:u	248	2900000	0
fp_arith_inst_retired.128b_packed_single:u	249	2900000	0
fp_arith_inst_retired.128b_packed_single:u	250	2900000	0
fp_arith_inst_retired.128b_packed_single:u	251	2900000	0
fp_arith_inst_retired.128b_packed_single:u	252	2900000	0
fp_arith_inst_retired.128b_packed_single:u	253	2900000	0
fp_arith_inst_retired.128b_packed_single:u	254	2900000	0
fp_arith_inst_retired.128b_packed_single:u	255	2900000	0
fp_arith_inst_retired.128b_packed_single:u	256	2900000	0
fp_arith_inst_retired.128b_packed_single:u	257	2900000	0
fp_arith_inst_retired.128b_packed_single:u	258	2900000	0
fp_arith_inst_retired.128b_packed_single:u	259	2900000	0
fp_arith_inst_retired.128b_packed_single:u	260	2900000	0
fp_arith_inst_retired.128b_packed_single:u	261	2900000	0
fp_arith_inst_retired.128b_packed_single:u	262	2900000	0
fp_arith_inst_retired.128b_packed_single:u	263	2900000	0
fp_arith_inst_retired.128b_packed_single:u	264	2900000	0
fp_arith_inst_retired.128b_packed_single:u	265	2900000	0
fp_arith_inst_retired.128b_packed_single:u	266	2900000	0
fp_arith_inst_retired.128b_packed_single:u	267	2900000	0
fp_arith_inst_retired.128b_packed_single:u	268	2900000	0
fp_arith_inst_retired.128b_packed_single:u	269	2900000	0
fp_arith_inst_retired.128b_packed_single:u	270	2900000	0
fp_arith_inst_retired.128b_packed_single:u	271	2900000	0
fp_arith_inst_retired.128b_packed_single:u	272	2900000	0
fp_arith_inst_retired.128b_packed_single:u	273	2900000	0
fp_arith_inst_retired.128b_packed_single:u	274	2900000	0
fp_arith_inst_retired.128b_packed_single:u	275	2900000	0
fp_arith_inst_retired.128b_packed_single:u	276	2900000	0
fp_arith_inst_retired.128b_packed_single:u	277	2900000	0
fp_arith_inst_retired.128b_packed_single:u	278	2900000	0
fp_arith_inst_retired.128b_packed_single:u	279	2900000	0
fp_arith_inst_retired.128b_packed_single:u	280	2900000	0
fp_arith_inst_retired.128b_packed_single:u	281	2900000	0
fp_arith_inst_retired.128b_packed_single:u	282	2900000	0
fp_arith_inst_retired.128b_packed_single:u	283	2900000	0
fp_arith_inst_retired.128b_packed_single:u	284	2900000	0
fp_arith_inst_retired.128b_packed_single:u	285	2900000	0
fp_arith_inst_retired.128b_packed_single:u	286	2900000	0
fp_arith_inst_retired.128b_packed_single:u	287	2900000	0
fp_arith_inst_retired.128b_packed_single:u	288	2900000	0
fp_arith_inst_retired.128b_packed_single:u	289	2900000	0
fp_arith_inst_retired.128b_packed_single:u	290	2900000	0
fp_arith_inst_retired.128b_packed_single:u	291	2900000	0
fp_arith_inst_retired.128b_packed_single:u	292	2900000	0
fp_arith_inst_retired.128b_packed_single:u	293	2900000	0
fp_arith_inst_retired.128b_packed_single:u	294	2900000	0
fp_arith_inst_retired.128b_packed_single:u	295	2900000	0
fp_arith_inst_retired.128b_packed_single:u	296	2900000	0
fp_arith_inst_retired.128b_packed_single:u	297	2900000	0
fp_arith_inst_retired.128b_packed_single:u	298	2900000	0
fp_arith_inst_retired.128b_packed_single:u	299	2900000	0
fp_arith_inst_retired.128b_packed_single:u	300	2900000	0
fp_arith_inst_retired.128b_packed_single:u	301	2900000	0
fp_arith_inst_retired.128b_packed_single:u	302	2900000	0
fp_arith_inst_retired.128b_packed_single:u	303	2900000	0
fp_arith_inst_retired.128b_packed_single:u	304	2900000	0
fp_arith_inst_retired.128b_packed_single:u	305	2900000	0
fp_arith_inst_retired.128b_packed_single:u	306	2900000	0
fp_arith_inst_retired.128b_packed_single:u	307	2900000	0
fp_arith_inst_retired.128b_packed_single:u	308	2900000	0
fp_arith_inst_retired.128b_packed_single:u	309	2900000	0
fp_arith_inst_retired.128b_packed_single:u	310	2900000	0
fp_arith_inst_retired.128b_packed_single:u	311	2900000	0
fp_arith_inst_retired.128b_packed_single:u	312	2900000	0
fp_arith_inst_retired.128b_packed_single:u	313	2900000	0
fp_arith_inst_retired.128b_packed_single:u	314	2900000	0
fp_arith_inst_retired.128b_packed_single:u	315	2900000	0
fp_arith_inst_retired.128b_packed_single:u	316	2900000	0
fp_arith_inst_retired.128b_packed_single:u	317	2900000	0
fp_arith_inst_retired.128b_packed_single:u	318	2900000	0
fp_arith_inst_retired.128b_packed_single:u	319	2900000	0
fp_arith_inst_retired.128b_packed_single:u	320	2900000	0
fp_arith_inst_retired.128b_packed_single:u	321	2900000	0
fp_arith_inst_retired.128b_packed_single:u	322	2900000	0
fp_arith_inst_retired.128b_packed_single:u	323	2900000	0
fp_arith_inst_retired.128b_packed_single:u	324	2900000	0
fp_arith_inst_retired.128b_packed_single:u	325	2900000	0
fp_arith_inst_retired.128b_packed_single:u	326	2900000	0
fp_arith_inst_retired.128b_packed_single:u	327	2900000	0
fp_arith_inst_retired.128b_packed_single:u	328	2900000	0
fp_arith_inst_retired.128b_packed_single:u	329	2900000	0
fp_arith_inst_retired.128b_packed_single:u	330	2900000	0
fp_arith_inst_retired.128b_packed_single:u	331	2900000	0
fp_arith_inst_retired.128b_packed_single:u	332	2900000	0
fp_arith_inst_retired.128b_packed_single:u	333	2900000	0
fp_arith_inst_retired.128b_packed_single:u	334	2900000	0
fp_arith_inst_retired.128b_packed_single:u	335	2900000	0
fp_arith_inst_retired.128b_packed_single:u	336	2900000	0
fp_arith_inst_retired.128b_packed_single:u	337	2900000	0
fp_arith_inst_retired.128b_packed_single:u	338	2900000	0
fp_arith_inst_retired.128b_packed_single:u	339	2900000	0
fp_arith_inst_retired.128b_packed_single:u	340	2900000	0
fp_arith_inst_retired.128b_packed_single:u	341	2900000	0
fp_arith_inst_retired.128b_packed_single:u	342	2900000	0
fp_arith_inst_retired.128b_packed_single:u	343	2900000	0
fp_arith_inst_retired.128b_packed_single:u	344	2900000	0
fp_arith_inst_retired.128b_packed_single:u	345	2900000	0
fp_arith_inst_retired.128b_packed_single:u	346	2900000	0
fp_arith_inst_retired.128b_packed_single:u	347	2900000	0
fp_arith_inst_retired.128b_packed_single:u	348	2900000	0
fp_arith_inst_retired.128b_packed_single:u	349	2900000	0
fp_arith_inst_retired.128b_packed_single:u	350	2900000	0
fp_arith_inst_retired.128b_packed_single:u	351	2900000	0
fp_arith_inst_retired.128b_packed_single:u	352	2900000	0
fp_arith_inst_retired.128b_packed_single:u	353	2900000	0
fp_arith_inst_retired.128b_packed_single:u	354	2900000	0
fp_arith_inst_retired.128b_packed_single:u	355	2900000	0
fp_arith_inst_retired.128b_packed_single:u	356	2900000	0
fp_arith_inst_retired.128b_packed_single:u	357	2900000	0
fp_arith_inst_retired.128b_packed_single:u	358	2900000	0
fp_arith_inst_retired.128b_packed_single:u	359	2900000	0
fp_arith_inst_retired.128b_packed_single:u	360	2900000	0
fp_arith_inst_retired.128b_packed_single:u	361	2900000	0
fp_arith_inst_retired.128b_packed_single:u	362	2900000	0
fp_arith_inst_retired.128b_packed_single:u	363	2900000	0
fp_arith_inst_retired.128b_packed_single:u	364	2900000	0
fp_arith_inst_retired.128b_packed_single:u	365	2900000	0
fp_arith_inst_retired.128b_packed_single:u	366	2900000	0
fp_arith_inst_retired.128b_packed_single:u	367	2900000	0
fp_arith_inst_retired.128b_packed_single:u	368	2900000	0
fp_arith_inst_retired.128b_packed_single:u	369	2900000	0
fp_arith_inst_retired.128b_packed_single:u	370	2900000	0
fp_arith_inst_retired.128b_packed_single:u	371	2900000	0
fp_arith_inst_retired.128b_packed_single:u	372	2900000	0
fp_arith_inst_retired.128b_packed_single:u	373	2900000	0
fp_arith_inst_retired.128b_packed_single:u	374	2900000	0
fp_arith_inst_retired.128b_packed_single:u	375	2900000	0
fp_arith_inst_retired.128b_packed_single:u	376	2900000	0
fp_arith_inst_retired.128b_packed_single:u	377	2900000	0
fp_arith_inst_retired.128b_packed_single:u	378	2900000	0
fp_arith_inst_retired.128b_packed_single:u	379	2900000	0
fp_arith_inst_retired.128b_packed_single:u	380	2900000	0
fp_arith_inst_retired.128b_packed_single:u	381	2900000	0
fp_arith_inst_retired.128b_packed_single:u	382	2900000	0
fp_arith_inst_retired.128b_packed_single:u	383	2900000	0
fp_arith_inst_retired.128b_packed_single:u	384	2900000	0
fp_arith_inst_retired.128b_packed_single:u	385	2900000	0
fp_arith_inst_retired.128b_packed_single:u	386	2900000	0
fp_arith_inst_retired.128b_packed_single:u	387	2900000	0
fp_arith_inst_retired.128b_packed_single:u	388	2900000	0
fp_arith_inst_retired.128b_packed_single:u	389	2900000	0
fp_arith_inst_retired.128b_packed_single:u	390	2900000	0
fp_arith_inst_retired.128b_packed_single:u	391	2900000	0
fp_arith_inst_retired.128b_packed_single:u	392	2900000	0
fp_arith_inst_retired.128b_packed_single:u	393	2900000	0
fp_arith_inst_retired.128b_packed_single:u	394	2900000	0
fp_arith_inst_retired.128b_packed_single:u	395	2900000	0
fp_arith_inst_retired.128b_packed_single:u	396	2900000	0
fp_arith_inst_retired.128b_packed_single:u	397	2900000	0
fp_arith_inst_retired.128b_packed_single:u	398	2900000	0
fp_arith_inst_retired.128b_packed_single:u	399	2900000	0
fp_arith_inst_retired.128b_packed_single:u	400	2900000	0
fp_arith_inst_retired.128b_packed_single:u	401	2900000	0
fp_arith_inst_retired.128b_packed_single:u	402	2900000	0
fp_arith_inst_retired.128b_packed_single:u	403	2900000	0
fp_arith_inst_retired.128b_packed_single:u	404	2900000	0
fp_arith_inst_retired.128b_packed_single:u	405	2900000	0
fp_arith_inst_retired.128b_packed_single:u	406	2900000	0
fp_arith_inst_retired.128b_packed_single:u	407	2900000	0
fp_arith_inst_retired.128b_packed_single:u	408	2900000	0
fp_arith_inst_retired.128b_packed_single:u	409	2900000	0
fp_arith_inst_retired.128b_packed_single:u	410	2900000	0
fp_arith_inst_retired.128b_packed_single:u	411	2900000	0
fp_arith_inst_retired.128b_packed_single:u	412	2900000	0
fp_arith_inst_retired.128b_packed_single:u	413	2900000	0
fp_arith_inst_retired.128b_packed_single:u	414	2900000	0
fp_arith_inst_retired.128b_packed_single:u	415	2900000	0
fp_arith_inst_retired.128b_packed_single:u	416	2900000	0
fp_arith_inst_retired.128b_packed_single:u	417	2900000	0
fp_arith_inst_retired.128b_packed_single:u	418	2900000	0
fp_arith_inst_retired.128b_packed_single:u	419	2900000	0
fp_arith_inst_retired.128b_packed_single:u	420	2900000	0
fp_arith_inst_retired.128b_packed_single:u	421	2900000	0
fp_arith_inst_retired.128b_packed_single:u	422	2900000	0
fp_arith_inst_retired.128b_packed_single:u	423	2900000	0
fp_arith_inst_retired.128b_packed_single:u	424	2900000	0
fp_arith_inst_retired.128b_packed_single:u	425	2900000	0
fp_arith_inst_retired.128b_packed_single:u	426	2900000	0
fp_arith_inst_retired.128b_packed_single:u	427	2900000	0
fp_arith_inst_retired.128b_packed_single:u	428	2900000	0
fp_arith_inst_retired.128b_packed_single:u	429	2900000	0
fp_arith_inst_retired.128b_packed_single:u	430	2900000	0
fp_arith_inst_retired.128b_packed_single:u	431	2900000	0
fp_arith_inst_retired.128b_packed_single:u	432	2900000	0
fp_arith_inst_retired.128b_packed_single:u	433	2900000	0
fp_arith_inst_retired.128b_packed_single:u	434	2900000	0
fp_arith_inst_retired.128b_packed_single:u	435	2900000	0
fp_arith_inst_retired.128b_packed_single:u	436	2900000	0
fp_arith_inst_retired.128b_packed_single:u	437	2900000	0
fp_arith_inst_retired.128b_packed_single:u	438	2900000	0
fp_arith_inst_retired.128b_packed_single:u	439	2900000	0
fp_arith_inst_retired.128b_packed_single:u	440	2900000	0
fp_arith_inst_retired.128b_packed_single:u	441	2900000	0
fp_arith_inst_retired.128b_packed_single:u	442	2900000	0
fp_arith_inst_retired.128b_packed_single:u	443	2900000	0
fp_arith_inst_retired.128b_packed_single:u	444	2900000	0
fp_arith_inst_retired.128b_packed_single:u	445	2900000	0
fp_arith_inst_retired.128b_packed_single:u	446	2900000	0
fp_arith_inst_retired.128b_packed_single:u	447	2900000	0
fp_arith_inst_retired.128b_packed_single:u	448	2900000	0
fp_arith_inst_retired.128b_packed_single:u	449	2900000	0
fp_arith_inst_retired.128b_packed_single:u	450	2900000	0
fp_arith_inst_retired.128b_packed_single:u	451	2900000	0
fp_arith_inst_retired.128b_packed_single:u	452	2900000	0
fp_arith_inst_retired.128b_packed_single:u	453	2900000	0
fp_arith_inst_retired.128b_packed_single:u	454	2900000	0
fp_arith_inst_retired.128b_packed_single:u	455	2900000	0
fp_arith_inst_retired.128b_packed_single:u	456	2900000	0
fp_arith_inst_retired.128b_packed_single:u	457	2900000	0
fp_arith_inst_retired.128b_packed_single:u	458	2900000	0
fp_arith_inst_retired.128b_packed_single:u	459	2900000	0
fp_arith_inst_retired.128b_packed_single:u	460	2900000	0
fp_arith_inst_retired.128b_packed_single:u	461	2900000	0
fp_arith_inst_retired.128b_packed_single:u	462	2900000	0
fp_arith_inst_retired.128b_packed_single:u	463	2900000	0
fp_arith_inst_retired.128b_packed_single:u	464	2900000	0
fp_arith_inst_retired.128b_packed_single:u	465	2900000	0
fp_arith_inst_retired.128b_packed_single:u	466	2900000	0
fp_arith_inst_retired.128b_packed_single:u	467	2900000	0
fp_arith_inst_retired.128b_packed_single:u	468	2900000	0
fp_arith_inst_retired.128b_packed_single:u	469	2900000	0
fp_arith_inst_retired.128b_packed_single:u	470	2900000	0
fp_arith_inst_retired.128b_packed_single:u	471	2900000	0
fp_arith_inst_retired.128b_packed_single:u	472	2900000	0
fp_arith_inst_retired.128b_packed_single:u	473	2900000	0
fp_arith_inst_retired.128b_packed_single:u	474	2900000	0
fp_arith_inst_retired.128b_packed_single:u	475	2900000	0
fp_arith_inst_retired.128b_packed_single:u	476	2900000	0
fp_arith_inst_retired.128b_packed_single:u	477	2900000	0
fp_arith_inst_retired.128b_packed_single:u	478	2900000	0
fp_arith_inst_retired.128b_packed_single:u	479	2900000	0
fp_arith_inst_retired.128b_packed_single:u	480	2900000	0
fp_arith_inst_retired.128b_packed_single:u	481	2900000	0
fp_arith_inst_retired.128b_packed_single:u	482	2900000	0
fp_arith_inst_retired.128b_packed_single:u	483	2900000	0
fp_arith_inst_retired.128b_packed_single:u	484	2900000	0
fp_arith_inst_retired.128b_packed_single:u	485	2900000	0
fp_arith_inst_retired.128b_packed_single:u	486	2900000	0
fp_arith_inst_retired.128b_packed_single:u	487	2900000	0
fp_arith_inst_retired.128b_packed_single:u	488	2900000	0
fp_arith_inst_retired.128b_packed_single:u	489	2900000	0
fp_arith_inst_retired.128b_packed_single:u	490	2900000	0
fp_arith_inst_retired.128b_packed_single:u	491	2900000	0
fp_arith_inst_retired.128b_packed_single:u	492	2900000	0
fp_arith_inst_retired.128b_packed_single:u	493	2900000	0
fp_arith_inst_retired.128b_packed_single:u	494	2900000	0
fp_arith_inst_retired.128b_packed_single:u	495	2900000	0
fp_arith_inst_retired.128b_packed_single:u	496	2900000	0
fp_arith_inst_retired.128b_packed_single:u	497	2900000	0
fp_arith_inst_retired.128b_packed_single:u	498	2900000	0
fp_arith_inst_retired.128b_packed_single:u	499	2900000	0
fp_arith_inst_retired.128b_packed_single:u	500	2900000	0
fp_arith_inst_retired.128b_packed_single:u	501	2900000	0
fp_arith_inst_retired.128b_packed_single:u	502	2900000	0
fp_arith_inst_retired.128b_packed_single:u	503	2900000	0
fp_arith_inst_retired.128b_packed_single:u	504	2900000	0
fp_arith_inst_retired.128b_packed_single:u	505	2900000	0
fp_arith_inst_retired.128b_packed_single:u	506	2900000	0
fp_arith_inst_retired.128b_packed_single:u	507	2900000	0
fp_arith_inst_retired.128b_packed_single:u	508	2900000	0
fp_arith_inst_retired.128b_packed_single:u	509	2900000	0
fp_arith_inst_retired.128b_packed_single:u	510	2900000	0
fp_arith_inst_retired.128b_packed_single:u	511	2900000	0
fp_arith_inst_retired.128b_packed_single:u	512	2900000	0
fp_arith_inst_retired.128b_packed_single:u	513	2900000	0
fp_arith_inst_retired.128b_packed_single:u	514	2900000	0
fp_arith_inst_retired.128b_packed_single:u	515	2900000	0
fp_arith_inst_retired.128b_packed_single:u	516	2900000	0
fp_arith_inst_retired.128b_packed_single:u	517	2900000	0
fp_arith_inst_retired.128b_packed_single:u	518	2900000	0
fp_arith_inst_retired.128b_packed_single:u	519	2900000	0
fp_arith_inst_retired.128b_packed_single:u	520	2900000	0
fp_arith_inst_retired.128b_packed_single:u	521	2900000	0
fp_arith_inst_retired.128b_packed_single:u	522	2900000	0
fp_arith_inst_retired.128b_packed_single:u	523	2900000	0
fp_arith_inst_retired.128b_packed_single:u	524	2900000	0
fp_arith_inst_retired.128b_packed_single:u	525	2900000	0
fp_arith_inst_retired.128b_packed_single:u	526	2900000	0
fp_arith_inst_retired.128b_packed_single:u	527	2900000	0
fp_arith_inst_retired.128b_packed_single:u	528	2900000	0
fp_arith_inst_retired.128b_packed_single:u	529	2900000	0
fp_arith_inst_retired.128b_packed_single:u	530	2900000	0
fp_arith_inst_retired.128b_packed_single:u	531	2900000	0
fp_arith_inst_retired.128b_packed_single:u	532	2900000	0
fp_arith_inst_retired.128b_packed_single:u	533	2900000	0
fp_arith_inst_retired.128b_packed_single:u	534	2900000	0
fp_arith_inst_retired.128b_packed_single:u	535	2900000	0
fp_arith_inst_retired.128b_packed_single:u	536	2900000	0
fp_arith_inst_retired.128b_packed_single:u	537	2900000	0
fp_arith_inst_retired.128b_packed_single:u	538	2900000	0
fp_arith_inst_retired.128b_packed_single:u	539	2900000	0
fp_arith_inst_retired.128b_packed_single:u	540	2900000	0
fp_arith_inst_retired.128b_packed_single:u	541	2900000	0
fp_arith_inst_retired.128b_packed_single:u	542	2900000	0
fp_arith_inst_retired.128b_packed_single:u	543	2900000	0
fp_arith_inst_retired.128b_packed_single:u	544	2900000	0
fp_arith_inst_retired.128b_packed_single:u	545	2900000	0
fp_arith_inst_retired.128b_packed_single:u	546	2900000	0
fp_arith_inst_retired.128b_packed_single:u	547	2900000	0
fp_arith_inst_retired.128b_packed_single:u	548	2900000	0
fp_arith_inst_retired.128b_packed_single:u	549	2900000	0
fp_arith_inst_retired.128b_packed_single:u	550	2900000	0
fp_arith_inst_retired.128b_packed_single:u	551	2900000	0
fp_arith_inst_retired.128b_packed_single:u	552	2900000	0
fp_arith_inst_retired.128b_packed_single:u	553	2900000	0
fp_arith_inst_retired.128b_packed_single:u	554	2900000	0
fp_arith_inst_retired.128b_packed_single:u	555	2900000	0
fp_arith_inst_retired.128b_packed_single:u	556	2900000	0
fp_arith_inst_retired.128b_packed_single:u	557	2900000	0
fp_arith_inst_retired.128b_packed_single:u	558	2900000	0
fp_arith_inst_retired.128b_packed_single:u	559	2900000	0
fp_arith_inst_retired.128b_packed_single:u	560	2900000	0
fp_arith_inst_retired.128b_packed_single:u	561	2900000	0
fp_arith_inst_retired.128b_packed_single:u	562	2900000	0
fp_arith_inst_retired.128b_packed_single:u	563	2900000	0
fp_arith_inst_retired.128b_packed_single:u	564	2900000	0
fp_arith_inst_retired.128b_packed_single:u	565	2900000	0
fp_arith_inst_retired.128b_packed_single:u	566	2900000	0
fp_arith_inst_retired.128b_packed_single:u	567	2900000	0
fp_arith_inst_retired.128b_packed_single:u	568	2900000	0
fp_arith_inst_retired.128b_packed_single:u	569	2900000	0
fp_arith_inst_retired.128b_packed_single:u	570	2900000	0
fp_arith_inst_retired.128b_packed_single:u	571	2900000	0
fp_arith_inst_retired.128b_packed_single:u	572	2900000	0
fp_arith_inst_retired.128b_packed_single:u	573	2900000	0
fp_arith_inst_retired.128b_packed_single:u	574	2900000	0
fp_arith_inst_retired.128b_packed_single:u	575	2900000	0
fp_arith_inst_retired.128b_packed_single:u	576	2900000	0
fp_arith_inst_retired.128b_packed_single:u	577	2900000	0
fp_arith_inst_retired.128b_packed_single:u	578	2900000	0
fp_arith_inst_retired.128b_packed_single:u	579	2900000	0
fp_arith_inst_retired.128b_packed_single:u	580	2900000	0
fp_arith_inst_retired.128b_packed_single:u	581	2900000	0
fp_arith_inst_retired.128b_packed_single:u	582	2900000	0
fp_arith_inst_retired.128b_packed_single:u	583	2900000	0
fp_arith_inst_retired.128b_packed_single:u	584	2900000	0
fp_arith_inst_retired.128b_packed_single:u	585	2900000	0
fp_arith_inst_retired.128b_packed_single:u	586	2900000	0
fp_arith_inst_retired.128b_packed_single:u	587	2900000	0
fp_arith_inst_retired.128b_packed_single:u	588	2900000	0
fp_arith_inst_retired.128b_packed_single:u	589	2900000	0
fp_arith_inst_retired.128b_packed_single:u	590	2900000	0
fp_arith_inst_retired.128b_packed_single:u	591	2900000	0
fp_arith_inst_retired.128b_packed_single:u	592	2900000	0
fp_arith_inst_retired.128b_packed_single:u	593	2900000	0
fp_arith_inst_retired.128b_packed_single:u	594	2900000	0
fp_arith_inst_retired.128b_packed_single:u	595	2900000	0
fp_arith_inst_retired.128b_packed_single:u	596	2900000	0
fp_arith_inst_retired.128b_packed_single:u	597	2900000	0
fp_arith_inst_retired.128b_packed_single:u	598	2900000	0
fp_arith_inst_retired.128b_packed_single:u	599	2900000	0
fp_arith_inst_retired.128b_packed_single:u	600	2900000	0
fp_arith_inst_retired.128b_packed_single:u	601	2900000	0
fp_arith_inst_retired.128b_packed_single:u	602	2900000	0
fp_arith_inst_retired.128b_packed_single:u	603	2900000	0
fp_arith_inst_retired.128b_packed_single:u	604	2900000	0
fp_arith_inst_retired.128b_packed_single:u	605	2900000	0
fp_arith_inst_retired.128b_packed_single:u	606	2900000	0
fp_arith_inst_retired.128b_packed_single:u	607	2900000	0
fp_arith_inst_retired.128b_packed_single:u	608	2900000	0
fp_arith_inst_retired.128b_packed_single:u	609	2900000	0
fp_arith_inst_retired.128b_packed_single:u	610	2900000	0
fp_arith_inst_retired.128b_packed_single:u	611	2900000	0
fp_arith_inst_retired.128b_packed_single:u	612	2900000	0
fp_arith_inst_retired.128b_packed_single:u	613	2900000	0
fp_arith_inst_retired.128b_packed_single:u	614	2900000	0
fp_arith_inst_retired.128b_packed_single:u	615	2900000	0
fp_arith_inst_retired.128b_packed_single:u	616	2900000	0
fp_arith_inst_retired.128b_packed_single:u	617	2900000	0
fp_arith_inst_retired.128b_packed_single:u	618	2900000	0
fp_arith_inst_retired.128b_packed_single:u	619	2900000	0
fp_arith_inst_retired.128b_packed_single:u	620	2900000	0
fp_arith_inst_retired.128b_packed_single:u	621	2900000	0
fp_arith_inst_retired.128b_packed_single:u	622	2900000	0
fp_arith_inst_retired.128b_packed_single:u	623	2900000	0
fp_arith_inst_retired.128b_packed_single:u	624	2900000	0
fp_arith_inst_retired.128b_packed_single:u	625	2900000	0
fp_arith_inst_retired.128b_packed_single:u	626	2900000	0
fp_arith_inst_retired.128b_packed_single:u	627	2900000	0
fp_arith_inst_retired.128b_packed_single:u	628	2900000	0
fp_arith_inst_retired.128b_packed_single:u	629	2900000	0
fp_arith_inst_retired.128b_packed_single:u	630	2900000	0
fp_arith_inst_retired.128b_packed_single:u	631	2900000	0
fp_arith_inst_retired.128b_packed_single:u	632	2900000	0
fp_arith_inst_retired.128b_packed_single:u	633	2900000	0
fp_arith_inst_retired.128b_packed_single:u	634	2900000	0
fp_arith_inst_retired.128b_packed_single:u	635	2900000	0
fp_arith_inst_retired.128b_packed_single:u	636	2900000	0
fp_arith_inst_retired.128b_packed_single:u	637	2900000	0
fp_arith_inst_retired.128b_packed_single:u	638	2900000	0
fp_arith_inst_retired.128b_packed_single:u	639	2900000	0
fp_arith_inst_retired.128b_packed_single:u	640	2900000	0
fp_arith_inst_retired.128b_packed_single:u	641	2900000	0
fp_arith_inst_retired.128b_packed_single:u	642	2900000	0
fp_arith_inst_retired.128b_packed_single:u	643	2900000	0
fp_arith_inst_retired.128b_packed_single:u	644	2900000	0
fp_arith_inst_retired.128b_packed_single:u	645	2900000	0
fp_arith_inst_retired.128b_packed_single:u	646	2900000	0
fp_arith_inst_retired.128b_packed_single:u	647	2900000	0
fp_arith_inst_retired.128b_packed_single:u	648	2900000	0
fp_arith_inst_retired.128b_packed_single:u	649	2900000	0
fp_arith_inst_retired.128b_packed_single:u	650	2900000	0
fp_arith_inst_retired.128b_packed_single:u	651	2900000	0
fp_arith_inst_retired.128b_packed_single:u	652	2900000	0
fp_arith_inst_retired.128b_packed_single:u	653	2900000	0
fp_arith_inst_retired.128b_packed_single:u	654	2900000	0
fp_arith_inst_retired.128b_packed_single:u	655	2900000	0
fp_arith_inst_retired.128b_packed_single:u	656	2900000	0
fp_arith_inst_retired.128b_packed_single:u	657	2900000	0
fp_arith_inst_retired.128b_packed_single:u	658	2900000	0
fp_arith_inst_retired.128b_packed_single:u	659	2900000	0
fp_arith_inst_retired.128b_packed_single:u	660	2900000	0
fp_arith_inst_retired.128b_packed_single:u	661	2900000	0
fp_arith_inst_retired.128b_packed_single:u	662	2900000	0
fp_arith_inst_retired.128b_packed_single:u	663	2900000	0
fp_arith_inst_retired.128b_packed_single:u	664	2900000	0
fp_arith_inst_retired.128b_packed_single:u	665	2900000	0
fp_arith_inst_retired.128b_packed_single:u	666	2900000	0
fp_arith_inst_retired.128b_packed_single:u	667	2900000	0
fp_arith_inst_retired.128b_packed_single:u	668	2900000	0
fp_arith_inst_retired.128b_packed_single:u	669	2900000	0
fp_arith_inst_retired.128b_packed_single:u	670	2900000	0
fp_arith_inst_retired.128b_packed_single:u	671	2900000	0
fp_arith_inst_retired.128b_packed_single:u	672	2900000	0
fp_arith_inst_retired.128b_packed_single:u	673	2900000	0
fp_arith_inst_retired.128b_packed_single:u	674	2900000	0
fp_arith_inst_retired.128b_packed_single:u	675	2900000	0
fp_arith_inst_retired.128b_packed_single:u	676	2900000	0
fp_arith_inst_retired.128b_packed_single:u	677	2900000	0
fp_arith_inst_retired.128b_packed_single:u	678	2900000	0
fp_arith_inst_retired.128b_packed_single:u	679	2900000	0
fp_arith_inst_retired.128b_packed_single:u	680	2900000	0
fp_arith_inst_retired.128b_packed_single:u	681	2900000	0
fp_arith_inst_retired.128b_packed_single:u	682	2900000	0
fp_arith_inst_retired.128b_packed_single:u	683	2900000	0
fp_arith_inst_retired.128b_packed_single:u	684	2900000	0
fp_arith_inst_retired.128b_packed_single:u	685	2900000	0
fp_arith_inst_retired.128b_packed_single:u	686	2900000	0
fp_arith_inst_retired.128b_packed_single:u	687	2900000	0
fp_arith_inst_retired.128b_packed_single:u	688	2900000	0
fp_arith_inst_retired.128b_packed_single:u	689	2900000	0
fp_arith_inst_retired.128b_packed_single:u	690	2900000	0
fp_arith_inst_retired.128b_packed_single:u	691	2900000	0
fp_arith_inst_retired.128b_packed_single:u	692	2900000	0
fp_arith_inst_retired.128b_packed_single:u	693	2900000	0
fp_arith_inst_retired.128b_packed_single:u	694	2900000	0
fp_arith_inst_retired.128b_packed_single:u	695	2900000	0
fp_arith_inst_retired.128b_packed_single:u	696	2900000	0
fp_arith_inst_retired.128b_packed_single:u	697	2900000	0
fp_arith_inst_retired.128b_packed_single:u	698	2900000	0
fp_arith_inst_retired.128b_packed_single:u	699	2900000	0
fp_arith_inst_retired.128b_packed_single:u	700	2900000	0
fp_arith_inst_retired.128b_packed_single:u	701	2900000	0
fp_arith_inst_retired.128b_packed_single:u	702	2900000	0
fp_arith_inst_retired.128b_packed_single:u	703	2900000	0
fp_arith_inst_retired.128b_packed_single:u	704	2900000	0
fp_arith_inst_retired.128b_packed_single:u	705	2900000	0
fp_arith_inst_retired.128b_packed_single:u	706	2900000	0
fp_arith_inst_retired.128b_packed_single:u	707	2900000	0
fp_arith_inst_retired.128b_packed_single:u	708	2900000	0
fp_arith_inst_retired.128b_packed_single:u	709	2900000	0
fp_arith_inst_retired.128b_packed_single:u	710	2900000	0
fp_arith_inst_retired.128b_packed_single:u	711	2900000	0
fp_arith_inst_retired.128b_packed_single:u	712	2900000	0
fp_arith_inst_retired.128b_packed_single:u	713	2900000	0
fp_arith_inst_retired.128b_packed_single:u	714	2900000	0
fp_arith_inst_retired.128b_packed_single:u	715	2900000	0
fp_arith_inst_retired.128b_packed_single:u	716	2900000	0
fp_arith_inst_retired.128b_packed_single:u	717	2900000	0
fp_arith_inst_retired.128b_packed_single:u	718	2900000	0
fp_arith_inst_retired.128b_packed_single:u	719	2900000	0
fp_arith_inst_retired.128b_packed_single:u	720	2900000	0
fp_arith_inst_retired.128b_packed_single:u	721	2900000	0
fp_arith_inst_retired.128b_packed_single:u	722	2900000	0
fp_arith_inst_retired.128b_packed_single:u	723	2900000	0
fp_arith_inst_retired.128b_packed_single:u	724	2900000	0
fp_arith_inst_retired.128b_packed_single:u	725	2900000	0
fp_arith_inst_retired.128b_packed_single:u	726	2900000	0
fp_arith_inst_retired.128b_packed_single:u	727	2900000	0
fp_arith_inst_retired.128b_packed_single:u	728	2900000	0
fp_arith_inst_retired.128b_packed_single:u	729	2900000	0
fp_arith_inst_retired.128b_packed_single:u	730	2900000	0
fp_arith_inst_retired.128b_packed_single:u	731	2900000	0
fp_arith_inst_retired.128b_packed_single:u	732	2900000	0
fp_arith_inst_retired.128b_packed_single:u	733	2900000	0
fp_arith_inst_retired.128b_packed_single:u	734	2900000	0
fp_arith_inst_retired.128b_packed_single:u	735	2900000	0
fp_arith_inst_retired.128b_packed_single:u	736	2900000	0
fp_arith_inst_retired.128b_packed_single:u	737	2900000	0
fp_arith_inst_retired.128b_packed_single:u	738	2900000	0
fp_arith_inst_retired.128b_packed_single:u	739	2900000	0
fp_arith_inst_retired.128b_packed_single:u	740	2900000	0
fp_arith_inst_retired.128b_packed_single:u	741	2900000	0
fp_arith_inst_retired.128b_packed_single:u	742	2900000	0
fp_arith_inst_retired.128b_packed_single:u	743	2900000	0
fp_arith_inst_retired.128b_packed_single:u	744	2900000	0
fp_arith_inst_retired.128b_packed_single:u	745	2900000	0
fp_arith_inst_retired.128b_packed_single:u	746	2900000	0
fp_arith_inst_retired.128b_packed_single:u	747	2900000	0
fp_arith_inst_retired.128b_packed_single:u	748	2900000	0
fp_arith_inst_retired.128b_packed_single:u	749	2900000	0
fp_arith_inst_retired.128b_packed_single:u	750	2900000	0
fp_arith_inst_retired.128b_packed_single:u	751	2900000	0
fp_arith_inst_retired.128b_packed_single:u	752	2900000	0
fp_arith_inst_retired.128b_packed_single:u	753	2900000	0
fp_arith_inst_retired.128b_packed_single:u	754	2900000	0
fp_arith_inst_retired.128b_packed_single:u	755	2900000	0
fp_arith_inst_retired.128b_packed_single:u	756	2900000	0
fp_arith_inst_retired.128b_packed_single:u	757	2900000	0
fp_arith_inst_retired.128b_packed_single:u	758	2900000	0
fp_arith_inst_retired.128b_packed_single:u	759	2900000	0
fp_arith_inst_retired.128b_packed_single:u	760	2900000	0
fp_arith_inst_retired.128b_packed_single:u	761	2900000	0
fp_arith_inst_retired.128b_packed_single:u	762	2900000	0
fp_arith_inst_retired.128b_packed_single:u	763	2900000	0
fp_arith_inst_retired.128b_packed_single:u	764	2900000	0
fp_arith_inst_retired.128b_packed_single:u	765	2900000	0
fp_arith_inst_retired.128b_packed_single:u	766	2900000	0
fp_arith_inst_retired.128b_packed_single:u	767	2900000	0
fp_arith_inst_retired.128b_packed_single:u	768	2900000	0
fp_arith_inst_retired.128b_packed_single:u	769	2900000	0
fp_arith_inst_retired.128b_packed_single:u	770	2900000	0
fp_arith_inst_retired.128b_packed_single:u	771	2900000	0
fp_arith_inst_retired.128b_packed_single:u	772	2900000	0
fp_arith_inst_retired.128b_packed_single:u	773	2900000	0
fp_arith_inst_retired.128b_packed_single:u	774	2900000	0
fp_arith_inst_retired.128b_packed_single:u	775	2900000	0
fp_arith_inst_retired.128b_packed_single:u	776	2900000	0
fp_arith_inst_retired.128b_packed_single:u	777	2900000	0
fp_arith_inst_retired.128b_packed_single:u	778	2900000	0
fp_arith_inst_retired.128b_packed_single:u	779	2900000	0
fp_arith_inst_retired.128b_packed_single:u	780	2900000	0
fp_arith_inst_retired.128b_packed_single:u	781	2900000	0
fp_arith_inst_retired.128b_packed_single:u	782	2900000	0
fp_arith_inst_retired.128b_packed_single:u	783	2900000	0
fp_arith_inst_retired.128b_packed_single:u	784	2900000	0
fp_arith_inst_retired.128b_packed_single:u	785	2900000	0
fp_arith_inst_retired.128b_packed_single:u	786	2900000	0
fp_arith_inst_retired.128b_packed_single:u	787	2900000	0
fp_arith_inst_retired.128b_packed_single:u	788	2900000	0
fp_arith_inst_retired.128b_packed_single:u	789	2900000	0
fp_arith_inst_retired.128b_packed_single:u	790	2900000	0
fp_arith_inst_retired.128b_packed_single:u	791	2900000	0
fp_arith_inst_retired.128b_packed_single:u	792	2900000	0
fp_arith_inst_retired.128b_packed_single:u	793	2900000	0
fp_arith_inst_retired.128b_packed_single:u	794	2900000	0
fp_arith_inst_retired.128b_packed_single:u	795	2900000	0
fp_arith_inst_retired.128b_packed_single:u	796	2900000	0
fp_arith_inst_retired.128b_packed_single:u	797	2900000	0
fp_arith_inst_retired.128b_packed_single:u	798	2900000	0
fp_arith_inst_retired.128b_packed_single:u	799	2900000	0
fp_arith_inst_retired.128b_packed_single:u	800	2900000	0
fp_arith_inst_retired.128b_packed_single:u	801	2900000	0
fp_arith_inst_retired.128b_packed_single:u	802	2900000	0
fp_arith_inst_retired.128b_packed_single:u	803	2900000	0
fp_arith_inst_retired.128b_packed_single:u	804	2900000	0
fp_arith_inst_retired.128b_packed_single:u	805	2900000	0
fp_arith_inst_retired.128b_packed_single:u	806	2900000	0
fp_arith_inst_retired.128b_packed_single:u	807	2900000	0
fp_arith_inst_retired.128b_packed_single:u	808	2900000	0
fp_arith_inst_retired.128b_packed_single:u	809	2900000	0
fp_arith_inst_retired.128b_packed_single:u	810	2900000	0
fp_arith_inst_retired.128b_packed_single:u	811	2900000	0
fp_arith_inst_retired.128b_packed_single:u	812	2900000	0
fp_arith_inst_retired.128b_packed_single:u	813	2900000	0
fp_arith_inst_retired.128b_packed_single:u	814	2900000	0
fp_arith_inst_retired.128b_packed_single:u	815	2900000	0
fp_arith_inst_retired.128b_packed_single:u	816	2900000	0
fp_arith_inst_retired.128b_packed_single:u	817	2900000	0
fp_arith_inst_retired.128b_packed_single:u	818	2900000	0
fp_arith_inst_retired.128b_packed_single:u	819	2900000	0
fp_arith_inst_retired.128b_packed_single:u	820	2900000	0
fp_arith_inst_retired.128b_packed_single:u	821	2900000	0
fp_arith_inst_retired.128b_packed_single:u	822	2900000	0
fp_arith_inst_retired.128b_packed_single:u	823	2900000	0
fp_arith_inst_retired.128b_packed_single:u	824	2900000	0
fp_arith_inst_retired.128b_packed_single:u	825	2900000	0
fp_arith_inst_retired.128b_packed_single:u	826	2900000	0
fp_arith_inst_retired.128b_packed_single:u	827	2900000	0
fp_arith_inst_retired.128b_packed_single:u	828	2900000	0
fp_arith_inst_retired.128b_packed_single:u	829	2900000	0
fp_arith_inst_retired.128b_packed_single:u	830	2900000	0
fp_arith_inst_retired.128b_packed_single:u	831	2900000	0
fp_arith_inst_retired.128b_packed_single:u	832	2900000	0
fp_arith_inst_retired.128b_packed_single:u	833	2900000	0
fp_arith_inst_retired.128b_packed_single:u	834	2900000	0
fp_arith_inst_retired.128b_packed_single:u	835	2900000	0
fp_arith_inst_retired.128b_packed_single:u	836	2900000	0
fp_arith_inst_retired.128b_packed_single:u	837	2900000	0
fp_arith_inst_retired.128b_packed_single:u	838	2900000	0
fp_arith_inst_retired.128b_packed_single:u	839	2900000	0
fp_arith_inst_retired.128b_packed_single:u	840	2900000	0
fp_arith_inst_retired.128b_packed_single:u	841	2900000	0
fp_arith_inst_retired.128b_packed_single:u	842	2900000	0
fp_arith_inst_retired.128b_packed_single:u	843	2900000	0
fp_arith_inst_retired.128b_packed_single:u	844	2900000	0
fp_arith_inst_retired.128b_packed_single:u	845	2900000	0
fp_arith_inst_retired.128b_packed_single:u	846	2900000	0
fp_arith_inst_retired.128b_packed_single:u	847	2900000	0
fp_arith_inst_retired.128b_packed_single:u	848	2900000	0
fp_arith_inst_retired.128b_packed_single:u	849	2900000	0
fp_arith_inst_retired.128b_packed_single:u	850	2900000	0
fp_arith_inst_retired.128b_packed_single:u	851	2900000	0
fp_arith_inst_retired.128b_packed_single:u	852	2900000	0
fp_arith_inst_retired.128b_packed_single:u	853	2900000	0
fp_arith_inst_retired.128b_packed_single:u	854	2900000	0
fp_arith_inst_retired.128b_packed_single:u	855	2900000	0
fp_arith_inst_retired.128b_packed_single:u	856	2900000	0
fp_arith_inst_retired.128b_packed_single:u	857	2900000	0
fp_arith_inst_retired.128b_packed_single:u	858	2900000	0
fp_arith_inst_retired.128b_packed_single:u	859	2900000	0
fp_arith_inst_retired.128b_packed_single:u	860	2900000	0
fp_arith_inst_retired.128b_packed_single:u	861	2900000	0
fp_arith_inst_retired.128b_packed_single:u	862	2900000	0
fp_arith_inst_retired.128b_packed_single:u	863	2900000	0
fp_arith_inst_retired.128b_packed_single:u	864	2900000	0
fp_arith_inst_retired.128b_packed_single:u	865	2900000	0
fp_arith_inst_retired.128b_packed_single:u	866	2900000	0
fp_arith_inst_retired.128b_packed_single:u	867	2900000	0
fp_arith_inst_retired.128b_packed_single:u	868	2900000	0
fp_arith_inst_retired.128b_packed_single:u	869	2900000	0
fp_arith_inst_retired.128b_packed_single:u	870	2900000	0
fp_arith_inst_retired.128b_packed_single:u	871	2900000	0
fp_arith_inst_retired.128b_packed_single:u	872	2900000	0
fp_arith_inst_retired.128b_packed_single:u	873	2900000	0
fp_arith_inst_retired.128b_packed_single:u	874	2900000	0
fp_arith_inst_retired.128b_packed_single:u	875	2900000	0
fp_arith_inst_retired.128b_packed_single:u	876	2900000	0
fp_arith_inst_retired.128b_packed_single:u	877	2900000	0
fp_arith_inst_retired.128b_packed_single:u	878	2900000	0
fp_arith_inst_retired.128b_packed_single:u	879	2900000	0
fp_arith_inst_retired.128b_packed_single:u	880	2900000	0
fp_arith_inst_retired.128b_packed_single:u	881	2900000	0
fp_arith_inst_retired.128b_packed_single:u	882	2900000	0
fp_arith_inst_retired.128b_packed_single:u	883	2900000	0
fp_arith_inst_retired.128b_packed_single:u	884	2900000	0
fp_arith_inst_retired.128b_packed_single:u	885	2900000	0
fp_arith_inst_retired.128b_packed_single:u	886	2900000	0
fp_arith_inst_retired.128b_packed_single:u	887	2900000	0
fp_arith_inst_retired.128b_packed_single:u	888	2900000	0
fp_arith_inst_retired.128b_packed_single:u	889	2900000	0
fp_arith_inst_retired.128b_packed_single:u	890	2900000	0
fp_arith_inst_retired.128b_packed_single:u	891	2900000	0
fp_arith_inst_retired.128b_packed_single:u	892	2900000	0
fp_arith_inst_retired.128b_packed_single:u	893	2900000	0
fp_arith_inst_retired.128b_packed_single:u	894	2900000	0
fp_arith_inst_retired.128b_packed_single:u	895	2900000	0
fp_arith_inst_retired.128b_packed_single:u	896	2900000	0
fp_arith_inst_retired.128b_packed_single:u	897	2900000	0
fp_arith_inst_retired.128b_packed_single:u	898	2900000	0
fp_arith_inst_retired.128b_packed_single:u	899	2900000	0
fp_arith_inst_retired.128b_packed_single:u	900	2900000	0
fp_arith_inst_retired.128b_packed_single:u	901	2900000	0
fp_arith_inst_retired.128b_packed_single:u	902	2900000	0
fp_arith_inst_retired.128b_packed_single:u	903	2900000	0
fp_arith_inst_retired.128b_packed_single:u	904	2900000	0
fp_arith_inst_retired.128b_packed_single:u	905	2900000	0
fp_arith_inst_retired.128b_packed_single:u	906	2900000	0
fp_arith_inst_retired.128b_packed_single:u	907	2900000	0
fp_arith_inst_retired.128b_packed_single:u	908	2900000	0
fp_arith_inst_retired.128b_packed_single:u	909	2900000	0
fp_arith_inst_retired.128b_packed_single:u	910	2900000	0
fp_arith_inst_retired.128b_packed_single:u	911	2900000	0
fp_arith_inst_retired.128b_packed_single:u	912	2900000	0
fp_arith_inst_retired.128b_packed_single:u	913	2900000	0
fp_arith_inst_retired.128b_packed_single:u	914	2900000	0
fp_arith_inst_retired.128b_packed_single:u	915	2900000	0
fp_arith_inst_retired.128b_packed_single:u	916	2900000	0
fp_arith_inst_retired.128b_packed_single:u	917	2900000	0
fp_arith_inst_retired.128b_packed_single:u	918	2900000	0
fp_arith_inst_retired.128b_packed_single:u	919	2900000	0
fp_arith_inst_retired.128b_packed_single:u	920	2900000	0
fp_arith_inst_retired.128b_packed_single:u	921	2900000	0
fp_arith_inst_retired.128b_packed_single:u	922	2900000	0
fp_arith_inst_retired.128b_packed_single:u	923	2900000	0
fp_arith_inst_retired.128b_packed_single:u	924	2900000	0
fp_arith_inst_retired.128b_packed_single:u	925	2900000	0
fp_arith_inst_retired.128b_packed_single:u	926	2900000	0
fp_arith_inst_retired.128b_packed_single:u	927	2900000	0
fp_arith_inst_retired.128b_packed_single:u	928	2900000	0
fp_arith_inst_retired.128b_packed_single:u	929	2900000	0
fp_arith_inst_retired.128b_packed_single:u	930	2900000	0
fp_arith_inst_retired.128b_packed_single:u	931	2900000	0
fp_arith_inst_retired.128b_packed_single:u	932	2900000	0
fp_arith_inst_retired.128b_packed_single:u	933	2900000	0
fp_arith_inst_retired.128b_packed_single:u	934	2900000	0
fp_arith_inst_retired.128b_packed_single:u	935	2900000	0
fp_arith_inst_retired.128b_packed_single:u	936	2900000	0
fp_arith_inst_retired.128b_packed_single:u	937	2900000	0
fp_arith_inst_retired.128b_packed_single:u	938	2900000	0
fp_arith_inst_retired.128b_packed_single:u	939	2900000	0
fp_arith_inst_retired.128b_packed_single:u	940	2900000	0
fp_arith_inst_retired.128b_packed_single:u	941	2900000	0
fp_arith_inst_retired.128b_packed_single:u	942	2900000	0
fp_arith_inst_retired.128b_packed_single:u	943	2900000	0
fp_arith_inst_retired.128b_packed_single:u	944	2900000	0
fp_arith_inst_retired.128b_packed_single:u	945	2900000	0
fp_arith_inst_retired.128b_packed_single:u	946	2900000	0
fp_arith_inst_retired.128b_packed_single:u	947	2900000	0
fp_arith_inst_retired.128b_packed_single:u	948	2900000	0
fp_arith_inst_retired.128b_packed_single:u	949	2900000	0
fp_arith_inst_retired.128b_packed_single:u	950	2900000	0
fp_arith_inst_retired.128b_packed_single:u	951	2900000	0
fp_arith_inst_retired.128b_packed_single:u	952	2900000	0
fp_arith_inst_retired.128b_packed_single:u	953	2900000	0
fp_arith_inst_retired.128b_packed_single:u	954	2900000	0
fp_arith_inst_retired.128b_packed_single:u	955	2900000	0
fp_arith_inst_retired.128b_packed_single:u	956	2900000	0
fp_arith_inst_retired.128b_packed_single:u	957	2900000	0
fp_arith_inst_retired.128b_packed_single:u	958	2900000	0
fp_arith_inst_retired.128b_packed_single:u	959	2900000	0
fp_arith_inst_retired.128b_packed_single:u	960	2900000	0
fp_arith_inst_retired.128b_packed_single:u	961	2900000	0
fp_arith_inst_retired.128b_packed_single:u	962	2900000	0
fp_arith_inst_retired.128b_packed_single:u	963	2900000	0
fp_arith_inst_retired.128b_packed_single:u	964	2900000	0
fp_arith_inst_retired.128b_packed_single:u	965	2900000	0
fp_arith_inst_retired.128b_packed_single:u	966	2900000	0
fp_arith_inst_retired.128b_packed_single:u	967	2900000	0
fp_arith_inst_retired.128b_packed_single:u	968	2900000	0
fp_arith_inst_retired.128b_packed_single:u	969	2900000	0
fp_arith_inst_retired.128b_packed_single:u	970	2900000	0
fp_arith_inst_retired.128b_packed_single:u	971	2900000	0
fp_arith_inst_retired.128b_packed_single:u	972	2900000	0
fp_arith_inst_retired.128b_packed_single:u	973	2900000	0
fp_arith_inst_retired.128b_packed_single:u	974	2900000	0
fp_arith_inst_retired.128b_packed_single:u	975	2900000	0
fp_arith_inst_retired.128b_packed_single:u	976	2900000	0
fp_arith_inst_retired.128b_packed_single:u	977	2900000	0
fp_arith_inst_retired.128b_packed_single:u	978	2900000	0
fp_arith_inst_retired.128b_packed_single:u	979	2900000	0
fp_arith_inst_retired.128b_packed_single:u	980	2900000	0
fp_arith_inst_retired.128b_packed_single:u	981	2900000	0
fp_arith_inst_retired.128b_packed_single:u	982	2900000	0
fp_arith_inst_retired.128b_packed_single:u	983	2900000	0
fp_arith_inst_retired.128b_packed_single:u	984	2900000	0
fp_arith_inst_retired.128b_packed_single:u	985	2900000	0
fp_arith_inst_retired.128b_packed_single:u	986	2900000	0
fp_arith_inst_retired.128b_packed_single:u	987	2900000	0
fp_arith_inst_retired.128b_packed_single:u	988	2900000	0
fp_arith_inst_retired.128b_packed_single:u	989	2900000	0
fp_arith_inst_retired.128b_packed_single:u	990	2900000	0
fp_arith_inst_retired.128b_packed_single:u	991	2900000	0
fp_arith_inst_retired.128b_packed_single:u	992	2900000	0
fp_arith_inst_retired.128b_packed_single:u	993	2900000	0
fp_arith_inst_retired.128b_packed_single:u	994	2900000	0
fp_arith_inst_retired.128b_packed_single:u	995	2900000	0
fp_arith_inst_retired.128b_packed_single:u	996	2900000	0
fp_arith_inst_retired.128b_packed_single:u	997	2900000	0
fp_arith_inst_retired.128b_packed_single:u	998	2900000	0
fp_arith_inst_retired.128b_packed_single:u	999	2900000	0
fp_arith_inst_retired.128b_packed_single:u	1000	2900000	0
icache_64b.iftag_stall:u	1	20961	0
icache_64b.iftag_stall:u	2	739	0
idq_uops_not_delivered.cycles_fe_was_ok:u	1	2605368229	0
idq_uops_not_delivered.cycles_fe_was_ok:u	2	2609714828	0
rtm_retired.aborted_timer:u	1	0	0
rtm_retired.aborted_timer:u	2	0	0
rtm_retired.aborted_timer:u	3	0	0
rtm_retired.aborted_timer:u	4	0	0
rtm_retired.aborted_timer:u	5	0	0
rtm_retired.aborted_timer:u	6	0	0
rtm_retired.aborted_timer:u	7	0	0
rtm_retired.aborted_timer:u	8	0	0
rtm_retired.aborted_timer:u	9	0	0
rtm_retired.aborted_timer:u	10	0	0
rtm_retired.aborted_timer:u	11	0	0
rtm_retired.aborted_timer:u	12	0	0
rtm_retired.aborted_timer:u	13	0	0
rtm_retired.aborted_timer:u	14	0	0
rtm_retired.aborted_timer:u	15	0	0
rtm_retired.aborted_timer:u	16	0	0
rtm_retired.aborted_timer:u	17	0	0
rtm_retired.aborted_timer:u	18	0	0
rtm_retired.aborted_timer:u	19	0	0
rtm_retired.aborted_timer:u	20	0	0
rtm_retired.aborted_timer:u	21	0	0
rtm_retired.aborted_timer:u	22	0	0
rtm_retired.aborted_timer:u	23	0	0
rtm_retired.aborted_timer:u	24	0	0
rtm_retired.aborted_timer:u	25	0	0
rtm_retired.aborted_timer:u	26	0	0
rtm_retired.aborted_timer:u	27	0	0
rtm_retired.aborted_timer:u	28	0	0
rtm_retired.aborted_timer:u	29	0	0
rtm_retired.aborted_timer:u	30	0	0
rtm_retired.aborted_timer:u	31	0	0
rtm_retired.aborted_timer:u	32	0	0
rtm_retired.aborted_timer:u	33	0	0
rtm_retired.aborted_timer:u	34	0	0
rtm_retired.aborted_timer:u	35	0	0
rtm_retired.aborted_timer:u	36	0	0
rtm_retired.aborted_timer:u	37	0	0
rtm_retired.aborted_timer:u	38	0	0
rtm_retired.aborted_timer:u	39	0	0
rtm_retired.aborted_timer:u	40	0	0
rtm_retired.aborted_timer:u	41	0	0
rtm_retired.aborted_timer:u	42	0	0
rtm_retired.aborted_timer:u	43	0	0
rtm_retired.aborted_timer:u	44	0	0
rtm_retired.aborted_timer:u	45	0	0
rtm_retired.aborted_timer:u	46	0	0
rtm_retired.aborted_timer:u	47	0	0
rtm_retired.aborted_timer:u	48	0	0
rtm_retired.aborted_timer:u	49	0	0
rtm_retired.aborted_timer:u	50	0	0
rtm_retired.aborted_timer:u	51	0	0
rtm_retired.aborted_timer:u	52	0	0
rtm_retired.aborted_timer:u	53	0	0
rtm_retired.aborted_timer:u	54	0	0
rtm_retired.aborted_timer:u	55	0	0
rtm_retired.aborted_timer:u	56	0	0
rtm_retired.aborted_timer:u	57	0	0
rtm_retired.aborted_timer:u	58	0	0
rtm_retired.aborted_timer:u	59	0	0
rtm_retired.aborted_timer:u	60	0	0
rtm_retired.aborted_timer:u	61	0	0
rtm_retired.aborted_timer:u	62	0	0
rtm_retired.aborted_timer:u	63	0	0
rtm_retired.aborted_timer:u	64	0	0
rtm_retired.aborted_timer:u	65	0	0
rtm_retired.aborted_timer:u	66	0	0
rtm_retired.aborted_timer:u	67	0	0
rtm_retired.aborted_timer:u	68	0	0
rtm_retired.aborted_timer:u	69	0	0
rtm_retired.aborted_timer:u	70	0	0
rtm_retired.aborted_timer:u	71	0	0
rtm_retired.aborted_timer:u	72	0	0
rtm_retired.aborted_timer:u	73	0	0
rtm_retired.aborted_timer:u	74	0	0
rtm_retired.aborted_timer:u	75	0	0
rtm_retired.aborted_timer:u	76	0	0
rtm_retired.aborted_timer:u	77	0	0
rtm_retired.aborted_timer:u	78	0	0
rtm_retired.aborted_timer:u	79	0	0
rtm_retired.aborted_timer:u	80	0	0
rtm_retired.aborted_timer:u	81	0	0
rtm_retired.aborted_timer:u	82	0	0
rtm_retired.aborted_timer:u	83	0	0
rtm_retired.aborted_timer:u	84	0	0
rtm_retired.aborted_timer:u	85	0	0
rtm_retired.aborted_timer:u	86	0	0
rtm_retired.aborted_timer:u	87	0	0
rtm_retired.aborted_timer:u	88	0	0
rtm_retired.aborted_timer:u	89	0	0
rtm_retired.aborted_timer:u	90	0	0
rtm_retired.aborted_timer:u	91	0	0
rtm_retired.aborted_timer:u	92	0	0
rtm_retired.aborted_timer:u	93	0	0
rtm_retired.aborted_timer:u	94	0	0
rtm_retired.aborted_timer:u	95	0	0
rtm_retired.aborted_timer:u	96	0	0
rtm_retired.aborted_timer:u	97	0	0
rtm_retired.aborted_timer:u	98	0	0
rtm_retired.aborted_timer:u	99	0	0
rtm_retired.aborted_timer:u	100	0	0
rtm_retired.aborted_timer:u	101	0	0
rtm_retired.aborted_timer:u	102	0	0
rtm_retired.aborted_timer:u	103	0	0
rtm_retired.aborted_timer:u	104	0	0
rtm_retired.aborted_timer:u	105	0	0
rtm_retired.aborted_timer:u	106	0	0
rtm_retired.aborted_timer:u	107	0	0
rtm_retired.aborted_timer:u	108	0	0
rtm_retired.aborted_timer:u	109	0	0
rtm_retired.aborted_timer:u	110	0	0
rtm_retired.aborted_timer:u	111	0	0
rtm_retired.aborted_timer:u	112	0	0
rtm_retired.aborted_timer:u	113	0	0
rtm_retired.aborted_timer:u	114	0	0
rtm_retired.aborted_timer:u	115	0	0
rtm_retired.aborted_timer:u	116	0	0
rtm_retired.aborted_timer:u	117	0	0
rtm_retired.aborted_timer:u	118	0	0
rtm_retired.aborted_timer:u	119	0	0
rtm_retired.aborted_timer:u	120	0	0
rtm_retired.aborted_timer:u	121	0	0
rtm_retired.aborted_timer:u	122	0	0
rtm_retired.aborted_timer:u	123	0	0
rtm_retired.aborted_timer:u	124	0	0
rtm_retired.aborted_timer:u	125	0	0
rtm_retired.aborted_timer:u	126	0	0
rtm_retired.aborted_timer:u	127	0	0
rtm_retired.aborted_timer:u	128	0	0
rtm_retired.aborted_timer:u	129	0	0
rtm_retired.aborted_timer:u	130	0	0
rtm_retired.aborted_timer:u	131	0	0
rtm_retired.aborted_timer:u	132	0	0
rtm_retired.aborted_timer:u	133	0	0
rtm_retired.aborted_timer:u	134	0	0
rtm_retired.aborted_timer:u	135	0	0
rtm_retired.aborted_timer:u	136	0	0
rtm_retired.aborted_timer:u	137	0	0
rtm_retired.aborted_timer:u	138	0	0
rtm_retired.aborted_timer:u	139	0	0
rtm_retired.aborted_timer:u	140	0	0
rtm_retired.aborted_timer:u	141	0	0
rtm_retired.aborted_timer:u	142	0	0
rtm_retired.aborted_timer:u	143	0	0
rtm_retired.aborted_timer:u	144	0	0
rtm_retired.aborted_timer:u	145	0	0
rtm_retired.aborted_timer:u	146	0	0
rtm_retired.aborted_timer:u	147	0	0
rtm_retired.aborted_timer:u	148	0	0
rtm_retired.aborted_timer:u	149	0	0
rtm_retired.aborted_timer:u	150	0	0
rtm_retired.aborted_timer:u	151	0	0
rtm_retired.aborted_timer:u	152	0	0
rtm_retired.aborted_timer:u	153	0	0
rtm_retired.aborted_timer:u	154	0	0
rtm_retired.aborted_timer:u	155	0	0
rtm_retired.aborted_timer:u	156	0	0
rtm_retired.aborted_timer:u	157	0	0
rtm_retired.aborted_timer:u	158	0	0
rtm_retired.aborted_timer:u	159	0	0
rtm_retired.aborted_timer:u	160	0	0
rtm_retired.aborted_timer:u	161	0	0
rtm_retired.aborted_timer:u	162	0	0
rtm_retired.aborted_timer:u	163	0	0
rtm_retired.aborted_timer:u	164	0	0
rtm_retired.aborted_timer:u	165	0	0
rtm_retired.aborted_timer:u	166	0	0
rtm_retired.aborted_timer:u	167	0	0
rtm_retired.aborted_timer:u	168	0	0
rtm_retired.aborted_timer:u	169	0	0
rtm_retired.aborted_timer:u	170	0	0
rtm_retired.aborted_timer:u	171	0	0
rtm_retired.aborted_timer:u	172	0	0
rtm_retired.aborted_timer:u	173	0	0
rtm_retired.aborted_timer:u	174	0	0
rtm_retired.aborted_timer:u	175	0	0
rtm_retired.aborted_timer:u	176	0	0
rtm_retired.aborted_timer:u	177	0	0
rtm_retired.aborted_timer:u	178	0	0
rtm_retired.aborted_timer:u	179	0	0
rtm_retired.aborted_timer:u	180	0	0
rtm_retired.aborted_timer:u	181	0	0
rtm_retired.aborted_timer:u	182	0	0
rtm_retired.aborted_timer:u	183	0	0
rtm_retired.aborted_timer:u	184	0	0
rtm_retired.aborted_timer:u	185	0	0
rtm_retired.aborted_timer:u	186	0	0
rtm_retired.aborted_timer:u	187	0	0
rtm_retired.aborted_timer:u	188	0	0
rtm_retired.aborted_timer:u	189	0	0
rtm_retired.aborted_timer:u	190	0	0
rtm_retired.aborted_timer:u	191	0	0
rtm_retired.aborted_timer:u	192	0	0
rtm_retired.aborted_timer:u	193	0	0
rtm_retired.aborted_timer:u	194	0	0
rtm_retired.aborted_timer:u	195	0	0
rtm_retired.aborted_timer:u	196	0	0
rtm_retired.aborted_timer:u	197	0	0
rtm_retired.aborted_timer:u	198	0	0
rtm_retired.aborted_timer:u	199	0	0
rtm_retired.aborted_timer:u	200	0	0
rtm_retired.aborted_timer:u	201	0	0
rtm_retired.aborted_timer:u	202	0	0
rtm_retired.aborted_timer:u	203	0	0
rtm_retired.aborted_timer:u	204	0	0
rtm_retired.aborted_timer:u	205	0	0
rtm_retired.aborted_timer:u	206	0	0
rtm_retired.aborted_timer:u	207	0	0
rtm_retired.aborted_timer:u	208	0	0
rtm_retired.aborted_timer:u	209	0	0
rtm_retired.aborted_timer:u	210	0	0
rtm_retired.aborted_timer:u	211	0	0
rtm_retired.aborted_timer:u	212	0	0
rtm_retired.aborted_timer:u	213	0	0
rtm_retired.aborted_timer:u	214	0	0
rtm_retired.aborted_timer:u	215	0	0
rtm_retired.aborted_timer:u	216	0	0
rtm_retired.aborted_timer:u	217	0	0
rtm_retired.aborted_timer:u	218	0	0
rtm_retired.aborted_timer:u	219	0	0
rtm_retired.aborted_timer:u	220	0	0
rtm_retired.aborted_timer:u	221	0	0
rtm_retired.aborted_timer:u	222	0	0
rtm_retired.aborted_timer:u	223	0	0
rtm_retired.aborted_timer:u	224	0	0
rtm_retired.aborted_timer:u	225	0	0
rtm_retired.aborted_timer:u	226	0	0
rtm_retired.aborted_timer:u	227	0	0
rtm_retired.aborted_timer:u	228	0	0
rtm_retired.aborted_timer:u	229	0	0
rtm_retired.aborted_timer:u	230	0	0
rtm_retired.aborted_timer:u	231	0	0
rtm_retired.aborted_timer:u	232	0	0
rtm_retired.aborted_timer:u	233	0	0
rtm_retired.aborted_timer:u	234	0	0
rtm_retired.aborted_timer:u	235	0	0
rtm_retired.aborted_timer:u	236	0	0
rtm_retired.aborted_timer:u	237	0	0
rtm_retired.aborted_timer:u	238	0	0
rtm_retired.aborted_timer:u	239	0	0
rtm_retired.aborted_timer:u	240	0	0
rtm_retired.aborted_timer:u	241	0	0
rtm_retired.aborted_timer:u	242	0	0
rtm_retired.aborted_timer:u	243	0	0
rtm_retired.aborted_timer:u	244	0	0
rtm_retired.aborted_timer:u	245	0	0
rtm_retired.aborted_timer:u	246	0	0
rtm_retired.aborted_timer:u	247	0	0
rtm_retired.aborted_timer:u	248	0	0
rtm_retired.aborted_timer:u	249	0	0
rtm_retired.aborted_timer:u	250	0	0
rtm_retired.aborted_timer:u	251	0	0
rtm_retired.aborted_timer:u	252	0	0
rtm_retired.aborted_timer:u	253	0	0
rtm_retired.aborted_timer:u	254	0	0
rtm_retired.aborted_timer:u	255	0	0
rtm_retired.aborted_timer:u	256	0	0
rtm_retired.aborted_timer:u	257	0	0
rtm_retired.aborted_timer:u	258	0	0
rtm_retired.aborted_timer:u	259	0	0
rtm_retired.aborted_timer:u	260	0	0
rtm_retired.aborted_timer:u	261	0	0
rtm_retired.aborted_timer:u	262	0	0
rtm_retired.aborted_timer:u	263	0	0
rtm_retired.aborted_timer:u	264	0	0
rtm_retired.aborted_timer:u	265	0	0
rtm_retired.aborted_timer:u	266	0	0
rtm_retired.aborted_timer:u	267	0	0
rtm_retired.aborted_timer:u	268	0	0
rtm_retired.aborted_timer:u	269	0	0
rtm_retired.aborted_timer:u	270	0	0
rtm_retired.aborted_timer:u	271	0	0
rtm_retired.aborted_timer:u	272	0	0
rtm_retired.aborted_timer:u	273	0	0
rtm_retired.aborted_timer:u	274	0	0
rtm_retired.aborted_timer:u	275	0	0
rtm_retired.aborted_timer:u	276	0	0
rtm_retired.aborted_timer:u	277	0	0
rtm_retired.aborted_timer:u	278	0	0
rtm_retired.aborted_timer:u	279	0	0
rtm_retired.aborted_timer:u	280	0	0
rtm_retired.aborted_timer:u	281	0	0
rtm_retired.aborted_timer:u	282	0	0
rtm_retired.aborted_timer:u	283	0	0
rtm_retired.aborted_timer:u	284	0	0
rtm_retired.aborted_timer:u	285	0	0
rtm_retired.aborted_timer:u	286	0	0
rtm_retired.aborted_timer:u	287	0	0
rtm_retired.aborted_timer:u	288	0	0
rtm_retired.aborted_timer:u	289	0	0
rtm_retired.aborted_timer:u	290	0	0
rtm_retired.aborted_timer:u	291	0	0
rtm_retired.aborted_timer:u	292	0	0
rtm_retired.aborted_timer:u	293	0	0
rtm_retired.aborted_timer:u	294	0	0
rtm_retired.aborted_timer:u	295	0	0
rtm_retired.aborted_timer:u	296	0	0
rtm_retired.aborted_timer:u	297	0	0
rtm_retired.aborted_timer:u	298	0	0
rtm_retired.aborted_timer:u	299	0	0
rtm_retired.aborted_timer:u	300	0	0
rtm_retired.aborted_timer:u	301	0	0
rtm_retired.aborted_timer:u	302	0	0
rtm_retired.aborted_timer:u	303	0	0
rtm_retired.aborted_timer:u	304	0	0
rtm_retired.aborted_timer:u	305	0	0
rtm_retired.aborted_timer:u	306	0	0
rtm_retired.aborted_timer:u	307	0	0
rtm_retired.aborted_timer:u	308	0	0
rtm_retired.aborted_timer:u	309	0	0
rtm_retired.aborted_timer:u	310	0	0
rtm_retired.aborted_timer:u	311	0	0
rtm_retired.aborted_timer:u	312	0	0
rtm_retired.aborted_timer:u	313	0	0
rtm_retired.aborted_timer:u	314	0	0
rtm_retired.aborted_timer:u	315	0	0
rtm_retired.aborted_timer:u	316	0	0
rtm_retired.aborted_timer:u	317	0	0
rtm_retired.aborted_timer:u	318	0	0
rtm_retired.aborted_timer:u	319	0	0
rtm_retired.aborted_timer:u	320	0	0
rtm_retired.aborted_timer:u	321	0	0
rtm_retired.aborted_timer:u	322	0	0
rtm_retired.aborted_timer:u	323	0	0
rtm_retired.aborted_timer:u	324	0	0
rtm_retired.aborted_timer:u	325	0	0
rtm_retired.aborted_timer:u	326	0	0
rtm_retired.aborted_timer:u	327	0	0
rtm_retired.aborted_timer:u	328	0	0
rtm_retired.aborted_timer:u	329	0	0
rtm_retired.aborted_timer:u	330	0	0
rtm_retired.aborted_timer:u	331	0	0
rtm_retired.aborted_timer:u	332	0	0
rtm_retired.aborted_timer:u	333	0	0
rtm_retired.aborted_timer:u	334	0	0
rtm_retired.aborted_timer:u	335	0	0
rtm_retired.aborted_timer:u	336	0	0
rtm_retired.aborted_timer:u	337	0	0
rtm_retired.aborted_timer:u	338	0	0
rtm_retired.aborted_timer:u	339	0	0
rtm_retired.aborted_timer:u	340	0	0
rtm_retired.aborted_timer:u	341	0	0
rtm_retired.aborted_timer:u	342	0	0
rtm_retired.aborted_timer:u	343	0	0
rtm_retired.aborted_timer:u	344	0	0
rtm_retired.aborted_timer:u	345	0	0
rtm_retired.aborted_timer:u	346	0	0
rtm_retired.aborted_timer:u	347	0	0
rtm_retired.aborted_timer:u	348	0	0
rtm_retired.aborted_timer:u	349	0	0
rtm_retired.aborted_timer:u	350	0	0
rtm_retired.aborted_timer:u	351	0	0
rtm_retired.aborted_timer:u	352	0	0
rtm_retired.aborted_timer:u	353	0	0
rtm_retired.aborted_timer:u	354	0	0
rtm_retired.aborted_timer:u	355	0	0
rtm_retired.aborted_timer:u	356	0	0
rtm_retired.aborted_timer:u	357	0	0
rtm_retired.aborted_timer:u	358	0	0
rtm_retired.aborted_timer:u	359	0	0
rtm_retired.aborted_timer:u	360	0	0
rtm_retired.aborted_timer:u	361	0	0
rtm_retired.aborted_timer:u	362	0	0
rtm_retired.aborted_timer:u	363	0	0
rtm_retired.aborted_timer:u	364	0	0
rtm_retired.aborted_timer:u	365	0	0
rtm_retired.aborted_timer:u	366	0	0
rtm_retired.aborted_timer:u	367	0	0
rtm_retired.aborted_timer:u	368	0	0
rtm_retired.aborted_timer:u	369	0	0
rtm_retired.aborted_timer:u	370	0	0
rtm_retired.aborted_timer:u	371	0	0
rtm_retired.aborted_timer:u	372	0	0
rtm_retired.aborted_timer:u	373	0	0
rtm_retired.aborted_timer:u	374	0	0
rtm_retired.aborted_timer:u	375	0	0
rtm_retired.aborted_timer:u	376	0	0
rtm_retired.aborted_timer:u	377	0	0
rtm_retired.aborted_timer:u	378	0	0
rtm_retired.aborted_timer:u	379	0	0
rtm_retired.aborted_timer:u	380	0	0
rtm_retired.aborted_timer:u	381	0	0
rtm_retired.aborted_timer:u	382	0	0
rtm_retired.aborted_timer:u	383	0	0
rtm_retired.aborted_timer:u	384	0	0
rtm_retired.aborted_timer:u	385	0	0
rtm_retired.aborted_timer:u	386	0	0
rtm_retired.aborted_timer:u	387	0	0
rtm_retired.aborted_timer:u	388	0	0
rtm_retired.aborted_timer:u	389	0	0
rtm_retired.aborted_timer:u	390	0	0
rtm_retired.aborted_timer:u	391	0	0
rtm_retired.aborted_timer:u	392	0	0
rtm_retired.aborted_timer:u	393	0	0
rtm_retired.aborted_timer:u	394	0	0
rtm_retired.aborted_timer:u	395	0	0
rtm_retired.aborted_timer:u	396	0	0
rtm_retired.aborted_timer:u	397	0	0
rtm_retired.aborted_timer:u	398	0	0
rtm_retired.aborted_timer:u	399	0	0
rtm_retired.aborted_timer:u	400	0	0
rtm_retired.aborted_timer:u	401	0	0
rtm_retired.aborted_timer:u	402	0	0
rtm_retired.aborted_timer:u	403	0	0
rtm_retired.aborted_timer:u	404	0	0
rtm_retired.aborted_timer:u	405	0	0
rtm_retired.aborted_timer:u	406	0	0
rtm_retired.aborted_timer:u	407	0	0
rtm_retired.aborted_timer:u	408	0	0
rtm_retired.aborted_timer:u	409	0	0
rtm_retired.aborted_timer:u	410	0	0
rtm_retired.aborted_timer:u	411	0	0
rtm_retired.aborted_timer:u	412	0	0
rtm_retired.aborted_timer:u	413	0	0
rtm_retired.aborted_timer:u	414	0	0
rtm_retired.aborted_timer:u	415	0	0
rtm_retired.aborted_timer:u	416	0	0
rtm_retired.aborted_timer:u	417	0	0
rtm_retired.aborted_timer:u	418	0	0
rtm_retired.aborted_timer:u	419	0	0
rtm_retired.aborted_timer:u	420	0	0
rtm_retired.aborted_timer:u	421	0	0
rtm_retired.aborted_timer:u	422	0	0
rtm_retired.aborted_timer:u	423	0	0
rtm_retired.aborted_timer:u	424	0	0
rtm_retired.aborted_timer:u	425	0	0
rtm_retired.aborted_timer:u	426	0	0
rtm_retired.aborted_timer:u	427	0	0
rtm_retired.aborted_timer:u	428	0	0
rtm_retired.aborted_timer:u	429	0	0
rtm_retired.aborted_timer:u	430	0	0
rtm_retired.aborted_timer:u	431	0	0
rtm_retired.aborted_timer:u	432	0	0
rtm_retired.aborted_timer:u	433	0	0
rtm_retired.aborted_timer:u	434	0	0
rtm_retired.aborted_timer:u	435	0	0
rtm_retired.aborted_timer:u	436	0	0
rtm_retired.aborted_timer:u	437	0	0
rtm_retired.aborted_timer:u	438	0	0
rtm_retired.aborted_timer:u	439	0	0
rtm_retired.aborted_timer:u	440	0	0
rtm_retired.aborted_timer:u	441	0	0
rtm_retired.aborted_timer:u	442	0	0
rtm_retired.aborted_timer:u	443	0	0
rtm_retired.aborted_timer:u	444	0	0
rtm_retired.aborted_timer:u	445	0	0
rtm_retired.aborted_timer:u	446	0	0
rtm_retired.aborted_timer:u	447	0	0
rtm_retired.aborted_timer:u	448	0	0
rtm_retired.aborted_timer:u	449	0	0
rtm_retired.aborted_timer:u	450	0	0
rtm_retired.aborted_timer:u	451	0	0
rtm_retired.aborted_timer:u	452	0	0
rtm_retired.aborted_timer:u	453	0	0
rtm_retired.aborted_timer:u	454	0	0
rtm_retired.aborted_timer:u	455	0	0
rtm_retired.aborted_timer:u	456	0	0
rtm_retired.aborted_timer:u	457	0	0
rtm_retired.aborted_timer:u	458	0	0
rtm_retired.aborted_timer:u	459	0	0
rtm_retired.aborted_timer:u	460	0	0
rtm_retired.aborted_timer:u	461	0	0
rtm_retired.aborted_timer:u	462	0	0
rtm_retired.aborted_timer:u	463	0	0
rtm_retired.aborted_timer:u	464	0	0
rtm_retired.aborted_timer:u	465	0	0
rtm_retired.aborted_timer:u	466	0	0
rtm_retired.aborted_timer:u	467	0	0
rtm_retired.aborted_timer:u	468	0	0
rtm_retired.aborted_timer:u	469	0	0
rtm_retired.aborted_timer:u	470	0	0
rtm_retired.aborted_timer:u	471	0	0
rtm_retired.aborted_timer:u	472	0	0
rtm_retired.aborted_timer:u	473	0	0
rtm_retired.aborted_timer:u	474	0	0
rtm_retired.aborted_timer:u	475	0	0
rtm_retired.aborted_timer:u	476	0	0
rtm_retired.aborted_timer:u	477	0	0
rtm_retired.aborted_timer:u	478	0	0
rtm_retired.aborted_timer:u	479	0	0
rtm_retired.aborted_timer:u	480	0	0
rtm_retired.aborted_timer:u	481	0	0
rtm_retired.aborted_timer:u	482	0	0
rtm_retired.aborted_timer:u	483	0	0
rtm_retired.aborted_timer:u	484	0	0
rtm_retired.aborted_timer:u	485	0	0
rtm_retired.aborted_timer:u	486	0	0
rtm_retired.aborted_timer:u	487	0	0
rtm_retired.aborted_timer:u	488	0	0
rtm_retired.aborted_timer:u	489	0	0
rtm_retired.aborted_timer:u	490	0	0
rtm_retired.aborted_timer:u	491	0	0
rtm_retired.aborted_timer:u	492	0	0
rtm_retired.aborted_timer:u	493	0	0
rtm_retired.aborted_timer:u	494	0	0
rtm_retired.aborted_timer:u	495	0	0
rtm_retired.aborted_timer:u	496	0	0
rtm_retired.aborted_timer:u	497	0	0
rtm_retired.aborted_timer:u	498	0	0
rtm_retired.aborted_timer:u	499	0	0
rtm_retired.aborted_timer:u	500	0	0
rtm_retired.aborted_timer:u	501	0	0
rtm_retired.aborted_timer:u	502	0	0
rtm_retired.aborted_timer:u	503	0	0
rtm_retired.aborted_timer:u	504	0	0
rtm_retired.aborted_timer:u	505	0	0
rtm_retired.aborted_timer:u	506	0	0
rtm_retired.aborted_timer:u	507	0	0
rtm_retired.aborted_timer:u	508	0	0
rtm_retired.aborted_timer:u	509	0	0
rtm_retired.aborted_timer:u	510	0	0
rtm_retired.aborted_timer:u	511	0	0
rtm_retired.aborted_timer:u	512	0	0
rtm_retired.aborted_timer:u	513	0	0
rtm_retired.aborted_timer:u	514	0	0
rtm_retired.aborted_timer:u	515	0	0
rtm_retired.aborted_timer:u	516	0	0
rtm_retired.aborted_timer:u	517	0	0
rtm_retired.aborted_timer:u	518	0	0
rtm_retired.aborted_timer:u	519	0	0
rtm_retired.aborted_timer:u	520	0	0
rtm_retired.aborted_timer:u	521	0	0
rtm_retired.aborted_timer:u	522	0	0
rtm_retired.aborted_timer:u	523	0	0
rtm_retired.aborted_timer:u	524	0	0
rtm_retired.aborted_timer:u	525	0	0
rtm_retired.aborted_timer:u	526	0	0
rtm_retired.aborted_timer:u	527	0	0
rtm_retired.aborted_timer:u	528	0	0
rtm_retired.aborted_timer:u	529	0	0
rtm_retired.aborted_timer:u	530	0	0
rtm_retired.aborted_timer:u	531	0	0
rtm_retired.aborted_timer:u	532	0	0
rtm_retired.aborted_timer:u	533	0	0
rtm_retired.aborted_timer:u	534	0	0
rtm_retired.aborted_timer:u	535	0	0
rtm_retired.aborted_timer:u	536	0	0
rtm_retired.aborted_timer:u	537	0	0
rtm_retired.aborted_timer:u	538	0	0
rtm_retired.aborted_timer:u	539	0	0
rtm_retired.aborted_timer:u	540	0	0
rtm_retired.aborted_timer:u	541	0	0
rtm_retired.aborted_timer:u	542	0	0
rtm_retired.aborted_timer:u	543	0	0
rtm_retired.aborted_timer:u	544	0	0
rtm_retired.aborted_timer:u	545	0	0
rtm_retired.aborted_timer:u	546	0	0
rtm_retired.aborted_timer:u	547	0	0
rtm_retired.aborted_timer:u	548	0	0
rtm_retired.aborted_timer:u	549	0	0
rtm_retired.aborted_timer:u	550	0	0
rtm_retired.aborted_timer:u	551	0	0
rtm_retired.aborted_timer:u	552	0	0
rtm_retired.aborted_timer:u	553	0	0
rtm_retired.aborted_timer:u	554	0	0
rtm_retired.aborted_timer:u	555	0	0
rtm_retired.aborted_timer:u	556	0	0
rtm_retired.aborted_timer:u	557	0	0
rtm_retired.aborted_timer:u	558	0	0
rtm_retired.aborted_timer:u	559	0	0
rtm_retired.aborted_timer:u	560	0	0
rtm_retired.aborted_timer:u	561	0	0
rtm_retired.aborted_timer:u	562	0	0
rtm_retired.aborted_timer:u	563	0	0
rtm_retired.aborted_timer:u	564	0	0
rtm_retired.aborted_timer:u	565	0	0
rtm_retired.aborted_timer:u	566	0	0
rtm_retired.aborted_timer:u	567	0	0
rtm_retired.aborted_timer:u	568	0	0
rtm_retired.aborted_timer:u	569	0	0
rtm_retired.aborted_timer:u	570	0	0
rtm_retired.aborted_timer:u	571	0	0
rtm_retired.aborted_timer:u	572	0	0
rtm_retired.aborted_timer:u	573	0	0
rtm_retired.aborted_timer:u	574	0	0
rtm_retired.aborted_timer:u	575	0	0
rtm_retired.aborted_timer:u	576	0	0
rtm_retired.aborted_timer:u	577	0	0
rtm_retired.aborted_timer:u	578	0	0
rtm_retired.aborted_timer:u	579	0	0
rtm_retired.aborted_timer:u	580	0	0
rtm_retired.aborted_timer:u	581	0	0
rtm_retired.aborted_timer:u	582	0	0
rtm_retired.aborted_timer:u	583	0	0
rtm_retired.aborted_timer:u	584	0	0
rtm_retired.aborted_timer:u	585	0	0
rtm_retired.aborted_timer:u	586	0	0
rtm_retired.aborted_timer:u	587	0	0
rtm_retired.aborted_timer:u	588	0	0
rtm_retired.aborted_timer:u	589	0	0
rtm_retired.aborted_timer:u	590	0	0
rtm_retired.aborted_timer:u	591	0	0
rtm_retired.aborted_timer:u	592	0	0
rtm_retired.aborted_timer:u	593	0	0
rtm_retired.aborted_timer:u	594	0	0
rtm_retired.aborted_timer:u	595	0	0
rtm_retired.aborted_timer:u	596	0	0
rtm_retired.aborted_timer:u	597	0	0
rtm_retired.aborted_timer:u	598	0	0
rtm_retired.aborted_timer:u	599	0	0
rtm_retired.aborted_timer:u	600	0	0
rtm_retired.aborted_timer:u	601	0	0
rtm_retired.aborted_timer:u	602	0	0
rtm_retired.aborted_timer:u	603	0	0
rtm_retired.aborted_timer:u	604	0	0
rtm_retired.aborted_timer:u	605	0	0
rtm_retired.aborted_timer:u	606	0	0
rtm_retired.aborted_timer:u	607	0	0
rtm_retired.aborted_timer:u	608	0	0
rtm_retired.aborted_timer:u	609	0	0
rtm_retired.aborted_timer:u	610	0	0
rtm_retired.aborted_timer:u	611	0	0
rtm_retired.aborted_timer:u	612	0	0
rtm_retired.aborted_timer:u	613	0	0
rtm_retired.aborted_timer:u	614	0	0
rtm_retired.aborted_timer:u	615	0	0
rtm_retired.aborted_timer:u	616	0	0
rtm_retired.aborted_timer:u	617	0	0
rtm_retired.aborted_timer:u	618	0	0
rtm_retired.aborted_timer:u	619	0	0
rtm_retired.aborted_timer:u	620	0	0
rtm_retired.aborted_timer:u	621	0	0
rtm_retired.aborted_timer:u	622	0	0
rtm_retired.aborted_timer:u	623	0	0
rtm_retired.aborted_timer:u	624	0	0
rtm_retired.aborted_timer:u	625	0	0
rtm_retired.aborted_timer:u	626	0	0
rtm_retired.aborted_timer:u	627	0	0
rtm_retired.aborted_timer:u	628	0	0
rtm_retired.aborted_timer:u	629	0	0
rtm_retired.aborted_timer:u	630	0	0
rtm_retired.aborted_timer:u	631	0	0
rtm_retired.aborted_timer:u	632	0	0
rtm_retired.aborted_timer:u	633	0	0
rtm_retired.aborted_timer:u	634	0	0
rtm_retired.aborted_timer:u	635	0	0
rtm_retired.aborted_timer:u	636	0	0
rtm_retired.aborted_timer:u	637	0	0
rtm_retired.aborted_timer:u	638	0	0
rtm_retired.aborted_timer:u	639	0	0
rtm_retired.aborted_timer:u	640	0	0
rtm_retired.aborted_timer:u	641	0	0
rtm_retired.aborted_timer:u	642	0	0
rtm_retired.aborted_timer:u	643	0	0
rtm_retired.aborted_timer:u	644	0	0
rtm_retired.aborted_timer:u	645	0	0
rtm_retired.aborted_timer:u	646	0	0
rtm_retired.aborted_timer:u	647	0	0
rtm_retired.aborted_timer:u	648	0	0
rtm_retired.aborted_timer:u	649	0	0
rtm_retired.aborted_timer:u	650	0	0
rtm_retired.aborted_timer:u	651	0	0
rtm_retired.aborted_timer:u	652	0	0
rtm_retired.aborted_timer:u	653	0	0
rtm_retired.aborted_timer:u	654	0	0
rtm_retired.aborted_timer:u	655	0	0
rtm_retired.aborted_timer:u	656	0	0
rtm_retired.aborted_timer:u	657	0	0
rtm_retired.aborted_timer:u	658	0	0
rtm_retired.aborted_timer:u	659	0	0
rtm_retired.aborted_timer:u	660	0	0
rtm_retired.aborted_timer:u	661	0	0
rtm_retired.aborted_timer:u	662	0	0
rtm_retired.aborted_timer:u	663	0	0
rtm_retired.aborted_timer:u	664	0	0
rtm_retired.aborted_timer:u	665	0	0
rtm_retired.aborted_timer:u	666	0	0
rtm_retired.aborted_timer:u	667	0	0
rtm_retired.aborted_timer:u	668	0	0
rtm_retired.aborted_timer:u	669	0	0
rtm_retired.aborted_timer:u	670	0	0
rtm_retired.aborted_timer:u	671	0	0
rtm_retired.aborted_timer:u	672	0	0
rtm_retired.aborted_timer:u	673	0	0
rtm_retired.aborted_timer:u	674	0	0
rtm_retired.aborted_timer:u	675	0	0
rtm_retired.aborted_timer:u	676	0	0
rtm_retired.aborted_timer:u	677	0	0
rtm_retired.aborted_timer:u	678	0	0
rtm_retired.aborted_timer:u	679	0	0
rtm_retired.aborted_timer:u	680	0	0
rtm_retired.aborted_timer:u	681	0	0
rtm_retired.aborted_timer:u	682	0	0
rtm_retired.aborted_timer:u	683	0	0
rtm_retired.aborted_timer:u	684	0	0
rtm_retired.aborted_timer:u	685	0	0
rtm_retired.aborted_timer:u	686	0	0
rtm_retired.aborted_timer:u	687	0	0
rtm_retired.aborted_timer:u	688	0	0
rtm_retired.aborted_timer:u	689	0	0
rtm_retired.aborted_timer:u	690	0	0
rtm_retired.aborted_timer:u	691	0	0
rtm_retired.aborted_timer:u	692	0	0
rtm_retired.aborted_timer:u	693	0	0
rtm_retired.aborted_timer:u	694	0	0
rtm_retired.aborted_timer:u	695	0	0
rtm_retired.aborted_timer:u	696	0	0
rtm_retired.aborted_timer:u	697	0	0
rtm_retired.aborted_timer:u	698	0	0
rtm_retired.aborted_timer:u	699	0	0
rtm_retired.aborted_timer:u	700	0	0
rtm_retired.aborted_timer:u	701	0	0
rtm_retired.aborted_timer:u	702	0	0
rtm_retired.aborted_timer:u	703	0	0
rtm_retired.aborted_timer:u	704	0	0
rtm_retired.aborted_timer:u	705	0	0
rtm_retired.aborted_timer:u	706	0	0
rtm_retired.aborted_timer:u	707	0	0
rtm_retired.aborted_timer:u	708	0	0
rtm_retired.aborted_timer:u	709	0	0
rtm_retired.aborted_timer:u	710	0	0
rtm_retired.aborted_timer:u	711	0	0
rtm_retired.aborted_timer:u	712	0	0
rtm_retired.aborted_timer:u	713	0	0
rtm_retired.aborted_timer:u	714	0	0
rtm_retired.aborted_timer:u	715	0	0
rtm_retired.aborted_timer:u	716	0	0
rtm_retired.aborted_timer:u	717	0	0
rtm_retired.aborted_timer:u	718	0	0
rtm_retired.aborted_timer:u	719	0	0
rtm_retired.aborted_timer:u	720	0	0
rtm_retired.aborted_timer:u	721	0	0
rtm_retired.aborted_timer:u	722	0	0
rtm_retired.aborted_timer:u	723	0	0
rtm_retired.aborted_timer:u	724	0	0
rtm_retired.aborted_timer:u	725	0	0
rtm_retired.aborted_timer:u	726	0	0
rtm_retired.aborted_timer:u	727	0	0
rtm_retired.aborted_timer:u	728	0	0
rtm_retired.aborted_timer:u	729	0	0
rtm_retired.aborted_timer:u	730	0	0
rtm_retired.aborted_timer:u	731	0	0
rtm_retired.aborted_timer:u	732	0	0
rtm_retired.aborted_timer:u	733	0	0
rtm_retired.aborted_timer:u	734	0	0
rtm_retired.aborted_timer:u	735	0	0
rtm_retired.aborted_timer:u	736	0	0
rtm_retired.aborted_timer:u	737	0	0
rtm_retired.aborted_timer:u	738	0	0
rtm_retired.aborted_timer:u	739	0	0
rtm_retired.aborted_timer:u	740	0	0
rtm_retired.aborted_timer:u	741	0	0
rtm_retired.aborted_timer:u	742	0	0
rtm_retired.aborted_timer:u	743	0	0
rtm_retired.aborted_timer:u	744	0	0
rtm_retired.aborted_timer:u	745	0	0
rtm_retired.aborted_timer:u	746	0	0
rtm_retired.aborted_timer:u	747	0	0
rtm_retired.aborted_timer:u	748	0	0
rtm_retired.aborted_timer:u	749	0	0
rtm_retired.aborted_timer:u	750	0	0
rtm_retired.aborted_timer:u	751	0	0
rtm_retired.aborted_timer:u	752	0	0
rtm_retired.aborted_timer:u	753	0	0
rtm_retired.aborted_timer:u	754	0	0
rtm_retired.aborted_timer:u	755	0	0
rtm_retired.aborted_timer:u	756	0	0
rtm_retired.aborted_timer:u	757	0	0
rtm_retired.aborted_timer:u	758	0	0
rtm_retired.aborted_timer:u	759	0	0
rtm_retired.aborted_timer:u	760	0	0
rtm_retired.aborted_timer:u	761	0	0
rtm_retired.aborted_timer:u	762	0	0
rtm_retired.aborted_timer:u	763	0	0
rtm_retired.aborted_timer:u	764	0	0
rtm_retired.aborted_timer:u	765	0	0
rtm_retired.aborted_timer:u	766	0	0
rtm_retired.aborted_timer:u	767	0	0
rtm_retired.aborted_timer:u	768	0	0
rtm_retired.aborted_timer:u	769	0	0
rtm_retired.aborted_timer:u	770	0	0
rtm_retired.aborted_timer:u	771	0	0
rtm_retired.aborted_timer:u	772	0	0
rtm_retired.aborted_timer:u	773	0	0
rtm_retired.aborted_timer:u	774	0	0
rtm_retired.aborted_timer:u	775	0	0
rtm_retired.aborted_timer:u	776	0	0
rtm_retired.aborted_timer:u	777	0	0
rtm_retired.aborted_timer:u	778	0	0
rtm_retired.aborted_timer:u	779	0	0
rtm_retired.aborted_timer:u	780	0	0
rtm_retired.aborted_timer:u	781	0	0
rtm_retired.aborted_timer:u	782	0	0
rtm_retired.aborted_timer:u	783	0	0
rtm_retired.aborted_timer:u	784	0	0
rtm_retired.aborted_timer:u	785	0	0
rtm_retired.aborted_timer:u	786	0	0
rtm_retired.aborted_timer:u	787	0	0
rtm_retired.aborted_timer:u	788	0	0
rtm_retired.aborted_timer:u	789	0	0
rtm_retired.aborted_timer:u	790	0	0
rtm_retired.aborted_timer:u	791	0	0
rtm_retired.aborted_timer:u	792	0	0
rtm_retired.aborted_timer:u	793	0	0
rtm_retired.aborted_timer:u	794	0	0
rtm_retired.aborted_timer:u	795	0	0
rtm_retired.aborted_timer:u	796	0	0
rtm_retired.aborted_timer:u	797	0	0
rtm_retired.aborted_timer:u	798	0	0
rtm_retired.aborted_timer:u	799	0	0
rtm_retired.aborted_timer:u	800	0	0
rtm_retired.aborted_timer:u	801	0	0
rtm_retired.aborted_timer:u	802	0	0
rtm_retired.aborted_timer:u	803	0	0
rtm_retired.aborted_timer:u	804	0	0
rtm_retired.aborted_timer:u	805	0	0
rtm_retired.aborted_timer:u	806	0	0
rtm_retired.aborted_timer:u	807	0	0
rtm_retired.aborted_timer:u	808	0	0
rtm_retired.aborted_timer:u	809	0	0
rtm_retired.aborted_timer:u	810	0	0
rtm_retired.aborted_timer:u	811	0	0
rtm_retired.aborted_timer:u	812	0	0
rtm_retired.aborted_timer:u	813	0	0
rtm_retired.aborted_timer:u	814	0	0
rtm_retired.aborted_timer:u	815	0	0
rtm_retired.aborted_timer:u	816	0	0
rtm_retired.aborted_timer:u	817	0	0
rtm_retired.aborted_timer:u	818	0	0
rtm_retired.aborted_timer:u	819	0	0
rtm_retired.aborted_timer:u	820	0	0
rtm_retired.aborted_timer:u	821	0	0
rtm_retired.aborted_timer:u	822	0	0
rtm_retired.aborted_timer:u	823	0	0
rtm_retired.aborted_timer:u	824	0	0
rtm_retired.aborted_timer:u	825	0	0
rtm_retired.aborted_timer:u	826	0	0
rtm_retired.aborted_timer:u	827	0	0
rtm_retired.aborted_timer:u	828	0	0
rtm_retired.aborted_timer:u	829	0	0
rtm_retired.aborted_timer:u	830	0	0
rtm_retired.aborted_timer:u	831	0	0
rtm_retired.aborted_timer:u	832	0	0
rtm_retired.aborted_timer:u	833	0	0
rtm_retired.aborted_timer:u	834	0	0
rtm_retired.aborted_timer:u	835	0	0
rtm_retired.aborted_timer:u	836	0	0
rtm_retired.aborted_timer:u	837	0	0
rtm_retired.aborted_timer:u	838	0	0
rtm_retired.aborted_timer:u	839	0	0
rtm_retired.aborted_timer:u	840	0	0
rtm_retired.aborted_timer:u	841	0	0
rtm_retired.aborted_timer:u	842	0	0
rtm_retired.aborted_timer:u	843	0	0
rtm_retired.aborted_timer:u	844	0	0
rtm_retired.aborted_timer:u	845	0	0
rtm_retired.aborted_timer:u	846	0	0
rtm_retired.aborted_timer:u	847	0	0
rtm_retired.aborted_timer:u	848	0	0
rtm_retired.aborted_timer:u	849	0	0
rtm_retired.aborted_timer:u	850	0	0
rtm_retired.aborted_timer:u	851	0	0
rtm_retired.aborted_timer:u	852	0	0
rtm_retired.aborted_timer:u	853	0	0
rtm_retired.aborted_timer:u	854	0	0
rtm_retired.aborted_timer:u	855	0	0
rtm_retired.aborted_timer:u	856	0	0
rtm_retired.aborted_timer:u	857	0	0
rtm_retired.aborted_timer:u	858	0	0
rtm_retired.aborted_timer:u	859	0	0
rtm_retired.aborted_timer:u	860	0	0
rtm_retired.aborted_timer:u	861	0	0
rtm_retired.aborted_timer:u	862	0	0
rtm_retired.aborted_timer:u	863	0	0
rtm_retired.aborted_timer:u	864	0	0
rtm_retired.aborted_timer:u	865	0	0
rtm_retired.aborted_timer:u	866	0	0
rtm_retired.aborted_timer:u	867	0	0
rtm_retired.aborted_timer:u	868	0	0
rtm_retired.aborted_timer:u	869	0	0
rtm_retired.aborted_timer:u	870	0	0
rtm_retired.aborted_timer:u	871	0	0
rtm_retired.aborted_timer:u	872	0	0
rtm_retired.aborted_timer:u	873	0	0
rtm_retired.aborted_timer:u	874	0	0
rtm_retired.aborted_timer:u	875	0	0
rtm_retired.aborted_timer:u	876	0	0
rtm_retired.aborted_timer:u	877	0	0
rtm_retired.aborted_timer:u	878	0	0
rtm_retired.aborted_timer:u	879	0	0
rtm_retired.aborted_timer:u	880	0	0
rtm_retired.aborted_timer:u	881	0	0
rtm_retired.aborted_timer:u	882	0	0
rtm_retired.aborted_timer:u	883	0	0
rtm_retired.aborted_timer:u	884	0	0
rtm_retired.aborted_timer:u	885	0	0
rtm_retired.aborted_timer:u	886	0	0
rtm_retired.aborted_timer:u	887	0	0
rtm_retired.aborted_timer:u	888	0	0
rtm_retired.aborted_timer:u	889	0	0
rtm_retired.aborted_timer:u	890	0	0
rtm_retired.aborted_timer:u	891	0	0
rtm_retired.aborted_timer:u	892	0	0
rtm_retired.aborted_timer:u	893	0	0
rtm_retired.aborted_timer:u	894	0	0
rtm_retired.aborted_timer:u	895	0	0
rtm_retired.aborted_timer:u	896	0	0
rtm_retired.aborted_timer:u	897	0	0
rtm_retired.aborted_timer:u	898	0	0
rtm_retired.aborted_timer:u	899	0	0
rtm_retired.aborted_timer:u	900	0	0
rtm_retired.aborted_timer:u	901	0	0
rtm_retired.aborted_timer:u	902	0	0
rtm_retired.aborted_timer:u	903	0	0
rtm_retired.aborted_timer:u	904	0	0
rtm_retired.aborted_timer:u	905	0	0
rtm_retired.aborted_timer:u	906	0	0
rtm_retired.aborted_timer:u	907	0	0
rtm_retired.aborted_timer:u	908	0	0
rtm_retired.aborted_timer:u	909	0	0
rtm_retired.aborted_timer:u	910	0	0
rtm_retired.aborted_timer:u	911	0	0
rtm_retired.aborted_timer:u	912	0	0
rtm_retired.aborted_timer:u	913	0	0
rtm_retired.aborted_timer:u	914	0	0
rtm_retired.aborted_timer:u	915	0	0
rtm_retired.aborted_timer:u	916	0	0
rtm_retired.aborted_timer:u	917	0	0
rtm_retired.aborted_timer:u	918	0	0
rtm_retired.aborted_timer:u	919	0	0
rtm_retired.aborted_timer:u	920	0	0
rtm_retired.aborted_timer:u	921	0	0
rtm_retired.aborted_timer:u	922	0	0
rtm_retired.aborted_timer:u	923	0	0
rtm_retired.aborted_timer:u	924	0	0
rtm_retired.aborted_timer:u	925	0	0
rtm_retired.aborted_timer:u	926	0	0
rtm_retired.aborted_timer:u	927	0	0
rtm_retired.aborted_timer:u	928	0	0
rtm_retired.aborted_timer:u	929	0	0
rtm_retired.aborted_timer:u	930	0	0
rtm_retired.aborted_timer:u	931	0	0
rtm_retired.aborted_timer:u	932	0	0
rtm_retired.aborted_timer:u	933	0	0
rtm_retired.aborted_timer:u	934	0	0
rtm_retired.aborted_timer:u	935	0	0
rtm_retired.aborted_timer:u	936	0	0
rtm_retired.aborted_timer:u	937	0	0
rtm_retired.aborted_timer:u	938	0	0
rtm_retired.aborted_timer:u	939	0	0
rtm_retired.aborted_timer:u	940	0	0
rtm_retired.aborted_timer:u	941	0	0
rtm_retired.aborted_timer:u	942	0	0
rtm_retired.aborted_timer:u	943	0	0
rtm_retired.aborted_timer:u	944	0	0
rtm_retired.aborted_timer:u	945	0	0
rtm_retired.aborted_timer:u	946	0	0
rtm_retired.aborted_timer:u	947	0	0
rtm_retired.aborted_timer:u	948	0	0
rtm_retired.aborted_timer:u	949	0	0
rtm_retired.aborted_timer:u	950	0	0
rtm_retired.aborted_timer:u	951	0	0
rtm_retired.aborted_timer:u	952	0	0
rtm_retired.aborted_timer:u	953	0	0
rtm_retired.aborted_timer:u	954	0	0
rtm_retired.aborted_timer:u	955	0	0
rtm_retired.aborted_timer:u	956	0	0
rtm_retired.aborted_timer:u	957	0	0
rtm_retired.aborted_timer:u	958	0	0
rtm_retired.aborted_timer:u	959	0	0
rtm_retired.aborted_timer:u	960	0	0
rtm_retired.aborted_timer:u	961	0	0
rtm_retired.aborted_timer:u	962	0	0
rtm_retired.aborted_timer:u	963	0	0
rtm_retired.aborted_timer:u	964	0	0
rtm_retired.aborted_timer:u	965	0	0
rtm_retired.aborted_timer:u	966	0	0
rtm_retired.aborted_timer:u	967	0	0
rtm_retired.aborted_timer:u	968	0	0
rtm_retired.aborted_timer:u	969	0	0
rtm_retired.aborted_timer:u	970	0	0
rtm_retired.aborted_timer:u	971	0	0
rtm_retired.aborted_timer:u	972	0	0
rtm_retired.aborted_timer:u	973	0	0
rtm_retired.aborted_timer:u	974	0	0
rtm_retired.aborted_timer:u	975	0	0
rtm_retired.aborted_timer:u	976	0	0
rtm_retired.aborted_timer:u	977	0	0
rtm_retired.aborted_timer:u	978	0	0
rtm_retired.aborted_timer:u	979	0	0
rtm_retired.aborted_timer:u	980	0	0
rtm_retired.aborted_timer:u	981	0	0
rtm_retired.aborted_timer:u	982	0	0
rtm_retired.aborted_timer:u	983	0	0
rtm_retired.aborted_timer:u	984	0	0
rtm_retired.aborted_timer:u	985	0	0
rtm_retired.aborted_timer:u	986	0	0
rtm_retired.aborted_timer:u	987	0	0
rtm_retired.aborted_timer:u	988	0	0
rtm_retired.aborted_timer:u	989	0	0
rtm_retired.aborted_timer:u	990	0	0
rtm_retired.aborted_timer:u	991	0	0
rtm_retired.aborted_timer:u	992	0	0
rtm_retired.aborted_timer:u	993	0	0
rtm_retired.aborted_timer:u	994	0	0
rtm_retired.aborted_timer:u	995	0	0
rtm_retired.aborted_timer:u	996	0	0
rtm_retired.aborted_timer:u	997	0	0
rtm_retired.aborted_timer:u	998	0	0
rtm_retired.aborted_timer:u	999	0	0
rtm_retired.aborted_timer:u	1000	0	0
core_power.throttle:u	1	0	0
core_power.throttle:u	2	0	0
core_power.throttle:u	3	0	0
core_power.throttle:u	4	0	0
core_power.throttle:u	5	0	0
core_power.throttle:u	6	0	0
core_power.throttle:u	7	0	0
core_power.throttle:u	8	0	0
core_power.throttle:u	9	0	0
core_power.throttle:u	10	0	0
core_power.throttle:u	11	0	0
core_power.throttle:u	12	0	0
core_power.throttle:u	13	0	0
core_power.throttle:u	14	0	0
core_power.throttle:u	15	0	0
core_power.throttle:u	16	0	0
core_power.throttle:u	17	0	0
core_power.throttle:u	18	0	0
core_power.throttle:u	19	0	0
core_power.throttle:u	20	0	0
core_power.throttle:u	21	0	0
core_power.throttle:u	22	0	0
core_power.throttle:u	23	0	0
core_power.throttle:u	24	0	0
core_power.throttle:u	25	0	0
core_power.throttle:u	26	0	0
core_power.throttle:u	27	0	0
core_power.throttle:u	28	0	0
core_power.throttle:u	29	0	0
core_power.throttle:u	30	0	0
core_power.throttle:u	31	0	0
core_power.throttle:u	32	0	0
core_power.throttle:u	33	0	0
core_power.throttle:u	34	0	0
core_power.throttle:u	35	0	0
core_power.throttle:u	36	0	0
core_power.throttle:u	37	0	0
core_power.throttle:u	38	0	0
core_power.throttle:u	39	0	0
core_power.throttle:u	40	0	0
core_power.throttle:u	41	0	0
core_power.throttle:u	42	0	0
core_power.throttle:u	43	0	0
core_power.throttle:u	44	0	0
core_power.throttle:u	45	0	0
core_power.throttle:u	46	0	0
core_power.throttle:u	47	0	0
core_power.throttle:u	48	0	0
core_power.throttle:u	49	0	0
core_power.throttle:u	50	0	0
core_power.throttle:u	51	0	0
core_power.throttle:u	52	0	0
core_power.throttle:u	53	0	0
core_power.throttle:u	54	0	0
core_power.throttle:u	55	0	0
core_power.throttle:u	56	0	0
core_power.throttle:u	57	0	0
core_power.throttle:u	58	0	0
core_power.throttle:u	59	0	0
core_power.throttle:u	60	0	0
core_power.throttle:u	61	0	0
core_power.throttle:u	62	0	0
core_power.throttle:u	63	0	0
core_power.throttle:u	64	0	0
core_power.throttle:u	65	0	0
core_power.throttle:u	66	0	0
core_power.throttle:u	67	0	0
core_power.throttle:u	68	0	0
core_power.throttle:u	69	0	0
core_power.throttle:u	70	0	0
core_power.throttle:u	71	0	0
core_power.throttle:u	72	0	0
core_power.throttle:u	73	0	0
core_power.throttle:u	74	0	0
core_power.throttle:u	75	0	0
core_power.throttle:u	76	0	0
core_power.throttle:u	77	0	0
core_power.throttle:u	78	0	0
core_power.throttle:u	79	0	0
core_power.throttle:u	80	0	0
core_power.throttle:u	81	0	0
core_power.throttle:u	82	0	0
core_power.throttle:u	83	0	0
core_power.throttle:u	84	0	0
core_power.throttle:u	85	0	0
core_power.throttle:u	86	0	0
core_power.throttle:u	87	0	0
core_power.throttle:u	88	0	0
core_power.throttle:u	89	0	0
core_power.throttle:u	90	0	0
core_power.throttle:u	91	0	0
core_power.throttle:u	92	0	0
core_power.throttle:u	93	0	0
core_power.throttle:u	94	0	0
core_power.throttle:u	95	0	0
core_power.throttle:u	96	0	0
core_power.throttle:u	97	0	0
core_power.throttle:u	98	0	0
core_power.throttle:u	99	0	0
core_power.throttle:u	100	0	0
core_power.throttle:u	101	0	0
core_power.throttle:u	102	0	0
core_power.throttle:u	103	0	0
core_power.throttle:u	104	0	0
core_power.throttle:u	105	0	0
core_power.throttle:u	106	0	0
core_power.throttle:u	107	0	0
core_power.throttle:u	108	0	0
core_power.throttle:u	109	0	0
core_power.throttle:u	110	0	0
core_power.throttle:u	111	0	0
core_power.throttle:u	112	0	0
core_power.throttle:u	113	0	0
core_power.throttle:u	114	0	0
core_power.throttle:u	115	0	0
core_power.throttle:u	116	0	0
core_power.throttle:u	117	0	0
core_power.throttle:u	118	0	0
core_power.throttle:u	119	0	0
core_power.throttle:u	120	0	0
core_power.throttle:u	121	0	0
core_power.throttle:u	122	0	0
core_power.throttle:u	123	0	0
core_power.throttle:u	124	0	0
core_power.throttle:u	125	0	0
core_power.throttle:u	126	0	0
core_power.throttle:u	127	0	0
core_power.throttle:u	128	0	0
core_power.throttle:u	129	0	0
core_power.throttle:u	130	0	0
core_power.throttle:u	131	0	0
core_power.throttle:u	132	0	0
core_power.throttle:u	133	0	0
core_power.throttle:u	134	0	0
core_power.throttle:u	135	0	0
core_power.throttle:u	136	0	0
core_power.throttle:u	137	0	0
core_power.throttle:u	138	0	0
core_power.throttle:u	139	0	0
core_power.throttle:u	140	0	0
core_power.throttle:u	141	0	0
core_power.throttle:u	142	0	0
core_power.throttle:u	143	0	0
core_power.throttle:u	144	0	0
core_power.throttle:u	145	0	0
core_power.throttle:u	146	0	0
core_power.throttle:u	147	0	0
core_power.throttle:u	148	0	0
core_power.throttle:u	149	0	0
core_power.throttle:u	150	0	0
core_power.throttle:u	151	0	0
core_power.throttle:u	152	0	0
core_power.throttle:u	153	0	0
core_power.throttle:u	154	0	0
core_power.throttle:u	155	0	0
core_power.throttle:u	156	0	0
core_power.throttle:u	157	0	0
core_power.throttle:u	158	0	0
core_power.throttle:u	159	0	0
core_power.throttle:u	160	0	0
core_power.throttle:u	161	0	0
core_power.throttle:u	162	0	0
core_power.throttle:u	163	0	0
core_power.throttle:u	164	0	0
core_power.throttle:u	165	0	0
core_power.throttle:u	166	0	0
core_power.throttle:u	167	0	0
core_power.throttle:u	168	0	0
core_power.throttle:u	169	0	0
core_power.throttle:u	170	0	0
core_power.throttle:u	171	0	0
core_power.throttle:u	172	0	0
core_power.throttle:u	173	0	0
core_power.throttle:u	174	0	0
core_power.throttle:u	175	0	0
core_power.throttle:u	176	0	0
core_power.throttle:u	177	0	0
core_power.throttle:u	178	0	0
core_power.throttle:u	179	0	0
core_power.throttle:u	180	0	0
core_power.throttle:u	181	0	0
core_power.throttle:u	182	0	0
core_power.throttle:u	183	0	0
core_power.throttle:u	184	0	0
core_power.throttle:u	185	0	0
core_power.throttle:u	186	0	0
core_power.throttle:u	187	0	0
core_power.throttle:u	188	0	0
core_power.throttle:u	189	0	0
core_power.throttle:u	190	0	0
core_power.throttle:u	191	0	0
core_power.throttle:u	192	0	0
core_power.throttle:u	193	0	0
core_power.throttle:u	194	0	0
core_power.throttle:u	195	0	0
core_power.throttle:u	196	0	0
core_power.throttle:u	197	0	0
core_power.throttle:u	198	0	0
core_power.throttle:u	199	0	0
core_power.throttle:u	200	0	0
core_power.throttle:u	201	0	0
core_power.throttle:u	202	0	0
core_power.throttle:u	203	0	0
core_power.throttle:u	204	0	0
core_power.throttle:u	205	0	0
core_power.throttle:u	206	0	0
core_power.throttle:u	207	0	0
core_power.throttle:u	208	0	0
core_power.throttle:u	209	0	0
core_power.throttle:u	210	0	0
core_power.throttle:u	211	0	0
core_power.throttle:u	212	0	0
core_power.throttle:u	213	0	0
core_power.throttle:u	214	0	0
core_power.throttle:u	215	0	0
core_power.throttle:u	216	0	0
core_power.throttle:u	217	0	0
core_power.throttle:u	218	0	0
core_power.throttle:u	219	0	0
core_power.throttle:u	220	0	0
core_power.throttle:u	221	0	0
core_power.throttle:u	222	0	0
core_power.throttle:u	223	0	0
core_power.throttle:u	224	0	0
core_power.throttle:u	225	0	0
core_power.throttle:u	226	0	0
core_power.throttle:u	227	0	0
core_power.throttle:u	228	0	0
core_power.throttle:u	229	0	0
core_power.throttle:u	230	0	0
core_power.throttle:u	231	0	0
core_power.throttle:u	232	0	0
core_power.throttle:u	233	0	0
core_power.throttle:u	234	0	0
core_power.throttle:u	235	0	0
core_power.throttle:u	236	0	0
core_power.throttle:u	237	0	0
core_power.throttle:u	238	0	0
core_power.throttle:u	239	0	0
core_power.throttle:u	240	0	0
core_power.throttle:u	241	0	0
core_power.throttle:u	242	0	0
core_power.throttle:u	243	0	0
core_power.throttle:u	244	0	0
core_power.throttle:u	245	0	0
core_power.throttle:u	246	0	0
core_power.throttle:u	247	0	0
core_power.throttle:u	248	0	0
core_power.throttle:u	249	0	0
core_power.throttle:u	250	0	0
core_power.throttle:u	251	0	0
core_power.throttle:u	252	0	0
core_power.throttle:u	253	0	0
core_power.throttle:u	254	0	0
core_power.throttle:u	255	0	0
core_power.throttle:u	256	0	0
core_power.throttle:u	257	0	0
core_power.throttle:u	258	0	0
core_power.throttle:u	259	0	0
core_power.throttle:u	260	0	0
core_power.throttle:u	261	0	0
core_power.throttle:u	262	0	0
core_power.throttle:u	263	0	0
core_power.throttle:u	264	0	0
core_power.throttle:u	265	0	0
core_power.throttle:u	266	0	0
core_power.throttle:u	267	0	0
core_power.throttle:u	268	0	0
core_power.throttle:u	269	0	0
core_power.throttle:u	270	0	0
core_power.throttle:u	271	0	0
core_power.throttle:u	272	0	0
core_power.throttle:u	273	0	0
core_power.throttle:u	274	0	0
core_power.throttle:u	275	0	0
core_power.throttle:u	276	0	0
core_power.throttle:u	277	0	0
core_power.throttle:u	278	0	0
core_power.throttle:u	279	0	0
core_power.throttle:u	280	0	0
core_power.throttle:u	281	0	0
core_power.throttle:u	282	0	0
core_power.throttle:u	283	0	0
core_power.throttle:u	284	0	0
core_power.throttle:u	285	0	0
core_power.throttle:u	286	0	0
core_power.throttle:u	287	0	0
core_power.throttle:u	288	0	0
core_power.throttle:u	289	0	0
core_power.throttle:u	290	0	0
core_power.throttle:u	291	0	0
core_power.throttle:u	292	0	0
core_power.throttle:u	293	0	0
core_power.throttle:u	294	0	0
core_power.throttle:u	295	0	0
core_power.throttle:u	296	0	0
core_power.throttle:u	297	0	0
core_power.throttle:u	298	0	0
core_power.throttle:u	299	0	0
core_power.throttle:u	300	0	0
core_power.throttle:u	301	0	0
core_power.throttle:u	302	0	0
core_power.throttle:u	303	0	0
core_power.throttle:u	304	0	0
core_power.throttle:u	305	0	0
core_power.throttle:u	306	0	0
core_power.throttle:u	307	0	0
core_power.throttle:u	308	0	0
core_power.throttle:u	309	0	0
core_power.throttle:u	310	0	0
core_power.throttle:u	311	0	0
core_power.throttle:u	312	0	0
core_power.throttle:u	313	0	0
core_power.throttle:u	314	0	0
core_power.throttle:u	315	0	0
core_power.throttle:u	316	0	0
core_power.throttle:u	317	0	0
core_power.throttle:u	318	0	0
core_power.throttle:u	319	0	0
core_power.throttle:u	320	0	0
core_power.throttle:u	321	0	0
core_power.throttle:u	322	0	0
core_power.throttle:u	323	0	0
core_power.throttle:u	324	0	0
core_power.throttle:u	325	0	0
core_power.throttle:u	326	0	0
core_power.throttle:u	327	0	0
core_power.throttle:u	328	0	0
core_power.throttle:u	329	0	0
core_power.throttle:u	330	0	0
core_power.throttle:u	331	0	0
core_power.throttle:u	332	0	0
core_power.throttle:u	333	0	0
core_power.throttle:u	334	0	0
core_power.throttle:u	335	0	0
core_power.throttle:u	336	0	0
core_power.throttle:u	337	0	0
core_power.throttle:u	338	0	0
core_power.throttle:u	339	0	0
core_power.throttle:u	340	0	0
core_power.throttle:u	341	0	0
core_power.throttle:u	342	0	0
core_power.throttle:u	343	0	0
core_power.throttle:u	344	0	0
core_power.throttle:u	345	0	0
core_power.throttle:u	346	0	0
core_power.throttle:u	347	0	0
core_power.throttle:u	348	0	0
core_power.throttle:u	349	0	0
core_power.throttle:u	350	0	0
core_power.throttle:u	351	0	0
core_power.throttle:u	352	0	0
core_power.throttle:u	353	0	0
core_power.throttle:u	354	0	0
core_power.throttle:u	355	0	0
core_power.throttle:u	356	0	0
core_power.throttle:u	357	0	0
core_power.throttle:u	358	0	0
core_power.throttle:u	359	0	0
core_power.throttle:u	360	0	0
core_power.throttle:u	361	0	0
core_power.throttle:u	362	0	0
core_power.throttle:u	363	0	0
core_power.throttle:u	364	0	0
core_power.throttle:u	365	0	0
core_power.throttle:u	366	0	0
core_power.throttle:u	367	0	0
core_power.throttle:u	368	0	0
core_power.throttle:u	369	0	0
core_power.throttle:u	370	0	0
core_power.throttle:u	371	0	0
core_power.throttle:u	372	0	0
core_power.throttle:u	373	0	0
core_power.throttle:u	374	0	0
core_power.throttle:u	375	0	0
core_power.throttle:u	376	0	0
core_power.throttle:u	377	0	0
core_power.throttle:u	378	0	0
core_power.throttle:u	379	0	0
core_power.throttle:u	380	0	0
core_power.throttle:u	381	0	0
core_power.throttle:u	382	0	0
core_power.throttle:u	383	0	0
core_power.throttle:u	384	0	0
core_power.throttle:u	385	0	0
core_power.throttle:u	386	0	0
core_power.throttle:u	387	0	0
core_power.throttle:u	388	0	0
core_power.throttle:u	389	0	0
core_power.throttle:u	390	0	0
core_power.throttle:u	391	0	0
core_power.throttle:u	392	0	0
core_power.throttle:u	393	0	0
core_power.throttle:u	394	0	0
core_power.throttle:u	395	0	0
core_power.throttle:u	396	0	0
core_power.throttle:u	397	0	0
core_power.throttle:u	398	0	0
core_power.throttle:u	399	0	0
core_power.throttle:u	400	0	0
core_power.throttle:u	401	0	0
core_power.throttle:u	402	0	0
core_power.throttle:u	403	0	0
core_power.throttle:u	404	0	0
core_power.throttle:u	405	0	0
core_power.throttle:u	406	0	0
core_power.throttle:u	407	0	0
core_power.throttle:u	408	0	0
core_power.throttle:u	409	0	0
core_power.throttle:u	410	0	0
core_power.throttle:u	411	0	0
core_power.throttle:u	412	0	0
core_power.throttle:u	413	0	0
core_power.throttle:u	414	0	0
core_power.throttle:u	415	0	0
core_power.throttle:u	416	0	0
core_power.throttle:u	417	0	0
core_power.throttle:u	418	0	0
core_power.throttle:u	419	0	0
core_power.throttle:u	420	0	0
core_power.throttle:u	421	0	0
core_power.throttle:u	422	0	0
core_power.throttle:u	423	0	0
core_power.throttle:u	424	0	0
core_power.throttle:u	425	0	0
core_power.throttle:u	426	0	0
core_power.throttle:u	427	0	0
core_power.throttle:u	428	0	0
core_power.throttle:u	429	0	0
core_power.throttle:u	430	0	0
core_power.throttle:u	431	0	0
core_power.throttle:u	432	0	0
core_power.throttle:u	433	0	0
core_power.throttle:u	434	0	0
core_power.throttle:u	435	0	0
core_power.throttle:u	436	0	0
core_power.throttle:u	437	0	0
core_power.throttle:u	438	0	0
core_power.throttle:u	439	0	0
core_power.throttle:u	440	0	0
core_power.throttle:u	441	0	0
core_power.throttle:u	442	0	0
core_power.throttle:u	443	0	0
core_power.throttle:u	444	0	0
core_power.throttle:u	445	0	0
core_power.throttle:u	446	0	0
core_power.throttle:u	447	0	0
core_power.throttle:u	448	0	0
core_power.throttle:u	449	0	0
core_power.throttle:u	450	0	0
core_power.throttle:u	451	0	0
core_power.throttle:u	452	0	0
core_power.throttle:u	453	0	0
core_power.throttle:u	454	0	0
core_power.throttle:u	455	0	0
core_power.throttle:u	456	0	0
core_power.throttle:u	457	0	0
core_power.throttle:u	458	0	0
core_power.throttle:u	459	0	0
core_power.throttle:u	460	0	0
core_power.throttle:u	461	0	0
core_power.throttle:u	462	0	0
core_power.throttle:u	463	0	0
core_power.throttle:u	464	0	0
core_power.throttle:u	465	0	0
core_power.throttle:u	466	0	0
core_power.throttle:u	467	0	0
core_power.throttle:u	468	0	0
core_power.throttle:u	469	0	0
core_power.throttle:u	470	0	0
core_power.throttle:u	471	0	0
core_power.throttle:u	472	0	0
core_power.throttle:u	473	0	0
core_power.throttle:u	474	0	0
core_power.throttle:u	475	0	0
core_power.throttle:u	476	0	0
core_power.throttle:u	477	0	0
core_power.throttle:u	478	0	0
core_power.throttle:u	479	0	0
core_power.throttle:u	480	0	0
core_power.throttle:u	481	0	0
core_power.throttle:u	482	0	0
core_power.throttle:u	483	0	0
core_power.throttle:u	484	0	0
core_power.throttle:u	485	0	0
core_power.throttle:u	486	0	0
core_power.throttle:u	487	0	0
core_power.throttle:u	488	0	0
core_power.throttle:u	489	0	0
core_power.throttle:u	490	0	0
core_power.throttle:u	491	0	0
core_power.throttle:u	492	0	0
core_power.throttle:u	493	0	0
core_power.throttle:u	494	0	0
core_power.throttle:u	495	0	0
core_power.throttle:u	496	0	0
core_power.throttle:u	497	0	0
core_power.throttle:u	498	0	0
core_power.throttle:u	499	0	0
core_power.throttle:u	500	0	0
core_power.throttle:u	501	0	0
core_power.throttle:u	502	0	0
core_power.throttle:u	503	0	0
core_power.throttle:u	504	0	0
core_power.throttle:u	505	0	0
core_power.throttle:u	506	0	0
core_power.throttle:u	507	0	0
core_power.throttle:u	508	0	0
core_power.throttle:u	509	0	0
core_power.throttle:u	510	0	0
core_power.throttle:u	511	0	0
core_power.throttle:u	512	0	0
core_power.throttle:u	513	0	0
core_power.throttle:u	514	0	0
core_power.throttle:u	515	0	0
core_power.throttle:u	516	0	0
core_power.throttle:u	517	0	0
core_power.throttle:u	518	0	0
core_power.throttle:u	519	0	0
core_power.throttle:u	520	0	0
core_power.throttle:u	521	0	0
core_power.throttle:u	522	0	0
core_power.throttle:u	523	0	0
core_power.throttle:u	524	0	0
core_power.throttle:u	525	0	0
core_power.throttle:u	526	0	0
core_power.throttle:u	527	0	0
core_power.throttle:u	528	0	0
core_power.throttle:u	529	0	0
core_power.throttle:u	530	0	0
core_power.throttle:u	531	0	0
core_power.throttle:u	532	0	0
core_power.throttle:u	533	0	0
core_power.throttle:u	534	0	0
core_power.throttle:u	535	0	0
core_power.throttle:u	536	0	0
core_power.throttle:u	537	0	0
core_power.throttle:u	538	0	0
core_power.throttle:u	539	0	0
core_power.throttle:u	540	0	0
core_power.throttle:u	541	0	0
core_power.throttle:u	542	0	0
core_power.throttle:u	543	0	0
core_power.throttle:u	544	0	0
core_power.throttle:u	545	0	0
core_power.throttle:u	546	0	0
core_power.throttle:u	547	0	0
core_power.throttle:u	548	0	0
core_power.throttle:u	549	0	0
core_power.throttle:u	550	0	0
core_power.throttle:u	551	0	0
core_power.throttle:u	552	0	0
core_power.throttle:u	553	0	0
core_power.throttle:u	554	0	0
core_power.throttle:u	555	0	0
core_power.throttle:u	556	0	0
core_power.throttle:u	557	0	0
core_power.throttle:u	558	0	0
core_power.throttle:u	559	0	0
core_power.throttle:u	560	0	0
core_power.throttle:u	561	0	0
core_power.throttle:u	562	0	0
core_power.throttle:u	563	0	0
core_power.throttle:u	564	0	0
core_power.throttle:u	565	0	0
core_power.throttle:u	566	0	0
core_power.throttle:u	567	0	0
core_power.throttle:u	568	0	0
core_power.throttle:u	569	0	0
core_power.throttle:u	570	0	0
core_power.throttle:u	571	0	0
core_power.throttle:u	572	0	0
core_power.throttle:u	573	0	0
core_power.throttle:u	574	0	0
core_power.throttle:u	575	0	0
core_power.throttle:u	576	0	0
core_power.throttle:u	577	0	0
core_power.throttle:u	578	0	0
core_power.throttle:u	579	0	0
core_power.throttle:u	580	0	0
core_power.throttle:u	581	0	0
core_power.throttle:u	582	0	0
core_power.throttle:u	583	0	0
core_power.throttle:u	584	0	0
core_power.throttle:u	585	0	0
core_power.throttle:u	586	0	0
core_power.throttle:u	587	0	0
core_power.throttle:u	588	0	0
core_power.throttle:u	589	0	0
core_power.throttle:u	590	0	0
core_power.throttle:u	591	0	0
core_power.throttle:u	592	0	0
core_power.throttle:u	593	0	0
core_power.throttle:u	594	0	0
core_power.throttle:u	595	0	0
core_power.throttle:u	596	0	0
core_power.throttle:u	597	0	0
core_power.throttle:u	598	0	0
core_power.throttle:u	599	0	0
core_power.throttle:u	600	0	0
core_power.throttle:u	601	0	0
core_power.throttle:u	602	0	0
core_power.throttle:u	603	0	0
core_power.throttle:u	604	0	0
core_power.throttle:u	605	0	0
core_power.throttle:u	606	0	0
core_power.throttle:u	607	0	0
core_power.throttle:u	608	0	0
core_power.throttle:u	609	0	0
core_power.throttle:u	610	0	0
core_power.throttle:u	611	0	0
core_power.throttle:u	612	0	0
core_power.throttle:u	613	0	0
core_power.throttle:u	614	0	0
core_power.throttle:u	615	0	0
core_power.throttle:u	616	0	0
core_power.throttle:u	617	0	0
core_power.throttle:u	618	0	0
core_power.throttle:u	619	0	0
core_power.throttle:u	620	0	0
core_power.throttle:u	621	0	0
core_power.throttle:u	622	0	0
core_power.throttle:u	623	0	0
core_power.throttle:u	624	0	0
core_power.throttle:u	625	0	0
core_power.throttle:u	626	0	0
core_power.throttle:u	627	0	0
core_power.throttle:u	628	0	0
core_power.throttle:u	629	0	0
core_power.throttle:u	630	0	0
core_power.throttle:u	631	0	0
core_power.throttle:u	632	0	0
core_power.throttle:u	633	0	0
core_power.throttle:u	634	0	0
core_power.throttle:u	635	0	0
core_power.throttle:u	636	0	0
core_power.throttle:u	637	0	0
core_power.throttle:u	638	0	0
core_power.throttle:u	639	0	0
core_power.throttle:u	640	0	0
core_power.throttle:u	641	0	0
core_power.throttle:u	642	0	0
core_power.throttle:u	643	0	0
core_power.throttle:u	644	0	0
core_power.throttle:u	645	0	0
core_power.throttle:u	646	0	0
core_power.throttle:u	647	0	0
core_power.throttle:u	648	0	0
core_power.throttle:u	649	0	0
core_power.throttle:u	650	0	0
core_power.throttle:u	651	0	0
core_power.throttle:u	652	0	0
core_power.throttle:u	653	0	0
core_power.throttle:u	654	0	0
core_power.throttle:u	655	0	0
core_power.throttle:u	656	0	0
core_power.throttle:u	657	0	0
core_power.throttle:u	658	0	0
core_power.throttle:u	659	0	0
core_power.throttle:u	660	0	0
core_power.throttle:u	661	0	0
core_power.throttle:u	662	0	0
core_power.throttle:u	663	0	0
core_power.throttle:u	664	0	0
core_power.throttle:u	665	0	0
core_power.throttle:u	666	0	0
core_power.throttle:u	667	0	0
core_power.throttle:u	668	0	0
core_power.throttle:u	669	0	0
core_power.throttle:u	670	0	0
core_power.throttle:u	671	0	0
core_power.throttle:u	672	0	0
core_power.throttle:u	673	0	0
core_power.throttle:u	674	0	0
core_power.throttle:u	675	0	0
core_power.throttle:u	676	0	0
core_power.throttle:u	677	0	0
core_power.throttle:u	678	0	0
core_power.throttle:u	679	0	0
core_power.throttle:u	680	0	0
core_power.throttle:u	681	0	0
core_power.throttle:u	682	0	0
core_power.throttle:u	683	0	0
core_power.throttle:u	684	0	0
core_power.throttle:u	685	0	0
core_power.throttle:u	686	0	0
core_power.throttle:u	687	0	0
core_power.throttle:u	688	0	0
core_power.throttle:u	689	0	0
core_power.throttle:u	690	0	0
core_power.throttle:u	691	0	0
core_power.throttle:u	692	0	0
core_power.throttle:u	693	0	0
core_power.throttle:u	694	0	0
core_power.throttle:u	695	0	0
core_power.throttle:u	696	0	0
core_power.throttle:u	697	0	0
core_power.throttle:u	698	0	0
core_power.throttle:u	699	0	0
core_power.throttle:u	700	0	0
core_power.throttle:u	701	0	0
core_power.throttle:u	702	0	0
core_power.throttle:u	703	0	0
core_power.throttle:u	704	0	0
core_power.throttle:u	705	0	0
core_power.throttle:u	706	0	0
core_power.throttle:u	707	0	0
core_power.throttle:u	708	0	0
core_power.throttle:u	709	0	0
core_power.throttle:u	710	0	0
core_power.throttle:u	711	0	0
core_power.throttle:u	712	0	0
core_power.throttle:u	713	0	0
core_power.throttle:u	714	0	0
core_power.throttle:u	715	0	0
core_power.throttle:u	716	0	0
core_power.throttle:u	717	0	0
core_power.throttle:u	718	0	0
core_power.throttle:u	719	0	0
core_power.throttle:u	720	0	0
core_power.throttle:u	721	0	0
core_power.throttle:u	722	0	0
core_power.throttle:u	723	0	0
core_power.throttle:u	724	0	0
core_power.throttle:u	725	0	0
core_power.throttle:u	726	0	0
core_power.throttle:u	727	0	0
core_power.throttle:u	728	0	0
core_power.throttle:u	729	0	0
core_power.throttle:u	730	0	0
core_power.throttle:u	731	0	0
core_power.throttle:u	732	0	0
core_power.throttle:u	733	0	0
core_power.throttle:u	734	0	0
core_power.throttle:u	735	0	0
core_power.throttle:u	736	0	0
core_power.throttle:u	737	0	0
core_power.throttle:u	738	0	0
core_power.throttle:u	739	0	0
core_power.throttle:u	740	0	0
core_power.throttle:u	741	0	0
core_power.throttle:u	742	0	0
core_power.throttle:u	743	0	0
core_power.throttle:u	744	0	0
core_power.throttle:u	745	0	0
core_power.throttle:u	746	0	0
core_power.throttle:u	747	0	0
core_power.throttle:u	748	0	0
core_power.throttle:u	749	0	0
core_power.throttle:u	750	0	0
core_power.throttle:u	751	0	0
core_power.throttle:u	752	0	0
core_power.throttle:u	753	0	0
core_power.throttle:u	754	0	0
core_power.throttle:u	755	0	0
core_power.throttle:u	756	0	0
core_power.throttle:u	757	0	0
core_power.throttle:u	758	0	0
core_power.throttle:u	759	0	0
core_power.throttle:u	760	0	0
core_power.throttle:u	761	0	0
core_power.throttle:u	762	0	0
core_power.throttle:u	763	0	0
core_power.throttle:u	764	0	0
core_power.throttle:u	765	0	0
core_power.throttle:u	766	0	0
core_power.throttle:u	767	0	0
core_power.throttle:u	768	0	0
core_power.throttle:u	769	0	0
core_power.throttle:u	770	0	0
core_power.throttle:u	771	0	0
core_power.throttle:u	772	0	0
core_power.throttle:u	773	0	0
core_power.throttle:u	774	0	0
core_power.throttle:u	775	0	0
core_power.throttle:u	776	0	0
core_power.throttle:u	777	0	0
core_power.throttle:u	778	0	0
core_power.throttle:u	779	0	0
core_power.throttle:u	780	0	0
core_power.throttle:u	781	0	0
core_power.throttle:u	782	0	0
core_power.throttle:u	783	0	0
core_power.throttle:u	784	0	0
core_power.throttle:u	785	0	0
core_power.throttle:u	786	0	0
core_power.throttle:u	787	0	0
core_power.throttle:u	788	0	0
core_power.throttle:u	789	0	0
core_power.throttle:u	790	0	0
core_power.throttle:u	791	0	0
core_power.throttle:u	792	0	0
core_power.throttle:u	793	0	0
core_power.throttle:u	794	0	0
core_power.throttle:u	795	0	0
core_power.throttle:u	796	0	0
core_power.throttle:u	797	0	0
core_power.throttle:u	798	0	0
core_power.throttle:u	799	0	0
core_power.throttle:u	800	0	0
core_power.throttle:u	801	0	0
core_power.throttle:u	802	0	0
core_power.throttle:u	803	0	0
core_power.throttle:u	804	0	0
core_power.throttle:u	805	0	0
core_power.throttle:u	806	0	0
core_power.throttle:u	807	0	0
core_power.throttle:u	808	0	0
core_power.throttle:u	809	0	0
core_power.throttle:u	810	0	0
core_power.throttle:u	811	0	0
core_power.throttle:u	812	0	0
core_power.throttle:u	813	0	0
core_power.throttle:u	814	0	0
core_power.throttle:u	815	0	0
core_power.throttle:u	816	0	0
core_power.throttle:u	817	0	0
core_power.throttle:u	818	0	0
core_power.throttle:u	819	0	0
core_power.throttle:u	820	0	0
core_power.throttle:u	821	0	0
core_power.throttle:u	822	0	0
core_power.throttle:u	823	0	0
core_power.throttle:u	824	0	0
core_power.throttle:u	825	0	0
core_power.throttle:u	826	0	0
core_power.throttle:u	827	0	0
core_power.throttle:u	828	0	0
core_power.throttle:u	829	0	0
core_power.throttle:u	830	0	0
core_power.throttle:u	831	0	0
core_power.throttle:u	832	0	0
core_power.throttle:u	833	0	0
core_power.throttle:u	834	0	0
core_power.throttle:u	835	0	0
core_power.throttle:u	836	0	0
core_power.throttle:u	837	0	0
core_power.throttle:u	838	0	0
core_power.throttle:u	839	0	0
core_power.throttle:u	840	0	0
core_power.throttle:u	841	0	0
core_power.throttle:u	842	0	0
core_power.throttle:u	843	0	0
core_power.throttle:u	844	0	0
core_power.throttle:u	845	0	0
core_power.throttle:u	846	0	0
core_power.throttle:u	847	0	0
core_power.throttle:u	848	0	0
core_power.throttle:u	849	0	0
core_power.throttle:u	850	0	0
core_power.throttle:u	851	0	0
core_power.throttle:u	852	0	0
core_power.throttle:u	853	0	0
core_power.throttle:u	854	0	0
core_power.throttle:u	855	0	0
core_power.throttle:u	856	0	0
core_power.throttle:u	857	0	0
core_power.throttle:u	858	0	0
core_power.throttle:u	859	0	0
core_power.throttle:u	860	0	0
core_power.throttle:u	861	0	0
core_power.throttle:u	862	0	0
core_power.throttle:u	863	0	0
core_power.throttle:u	864	0	0
core_power.throttle:u	865	0	0
core_power.throttle:u	866	0	0
core_power.throttle:u	867	0	0
core_power.throttle:u	868	0	0
core_power.throttle:u	869	0	0
core_power.throttle:u	870	0	0
core_power.throttle:u	871	0	0
core_power.throttle:u	872	0	0
core_power.throttle:u	873	0	0
core_power.throttle:u	874	0	0
core_power.throttle:u	875	0	0
core_power.throttle:u	876	0	0
core_power.throttle:u	877	0	0
core_power.throttle:u	878	0	0
core_power.throttle:u	879	0	0
core_power.throttle:u	880	0	0
core_power.throttle:u	881	0	0
core_power.throttle:u	882	0	0
core_power.throttle:u	883	0	0
core_power.throttle:u	884	0	0
core_power.throttle:u	885	0	0
core_power.throttle:u	886	0	0
core_power.throttle:u	887	0	0
core_power.throttle:u	888	0	0
core_power.throttle:u	889	0	0
core_power.throttle:u	890	0	0
core_power.throttle:u	891	0	0
core_power.throttle:u	892	0	0
core_power.throttle:u	893	0	0
core_power.throttle:u	894	0	0
core_power.throttle:u	895	0	0
core_power.throttle:u	896	0	0
core_power.throttle:u	897	0	0
core_power.throttle:u	898	0	0
core_power.throttle:u	899	0	0
core_power.throttle:u	900	0	0
core_power.throttle:u	901	0	0
core_power.throttle:u	902	0	0
core_power.throttle:u	903	0	0
core_power.throttle:u	904	0	0
core_power.throttle:u	905	0	0
core_power.throttle:u	906	0	0
core_power.throttle:u	907	0	0
core_power.throttle:u	908	0	0
core_power.throttle:u	909	0	0
core_power.throttle:u	910	0	0
core_power.throttle:u	911	0	0
core_power.throttle:u	912	0	0
core_power.throttle:u	913	0	0
core_power.throttle:u	914	0	0
core_power.throttle:u	915	0	0
core_power.throttle:u	916	0	0
core_power.throttle:u	917	0	0
core_power.throttle:u	918	0	0
core_power.throttle:u	919	0	0
core_power.throttle:u	920	0	0
core_power.throttle:u	921	0	0
core_power.throttle:u	922	0	0
core_power.throttle:u	923	0	0
core_power.throttle:u	924	0	0
core_power.throttle:u	925	0	0
core_power.throttle:u	926	0	0
core_power.throttle:u	927	0	0
core_power.throttle:u	928	0	0
core_power.throttle:u	929	0	0
core_power.throttle:u	930	0	0
core_power.throttle:u	931	0	0
core_power.throttle:u	932	0	0
core_power.throttle:u	933	0	0
core_power.throttle:u	934	0	0
core_power.throttle:u	935	0	0
core_power.throttle:u	936	0	0
core_power.throttle:u	937	0	0
core_power.throttle:u	938	0	0
core_power.throttle:u	939	0	0
core_power.throttle:u	940	0	0
core_power.throttle:u	941	0	0
core_power.throttle:u	942	0	0
core_power.throttle:u	943	0	0
core_power.throttle:u	944	0	0
core_power.throttle:u	945	0	0
core_power.throttle:u	946	0	0
core_power.throttle:u	947	0	0
core_power.throttle:u	948	0	0
core_power.throttle:u	949	0	0
core_power.throttle:u	950	0	0
core_power.throttle:u	951	0	0
core_power.throttle:u	952	0	0
core_power.throttle:u	953	0	0
core_power.throttle:u	954	0	0
core_power.throttle:u	955	0	0
core_power.throttle:u	956	0	0
core_power.throttle:u	957	0	0
core_power.throttle:u	958	0	0
core_power.throttle:u	959	0	0
core_power.throttle:u	960	0	0
core_power.throttle:u	961	0	0
core_power.throttle:u	962	0	0
core_power.throttle:u	963	0	0
core_power.throttle:u	964	0	0
core_power.throttle:u	965	0	0
core_power.throttle:u	966	0	0
core_power.throttle:u	967	0	0
core_power.throttle:u	968	0	0
core_power.throttle:u	969	0	0
core_power.throttle:u	970	0	0
core_power.throttle:u	971	0	0
core_power.throttle:u	972	0	0
core_power.throttle:u	973	0	0
core_power.throttle:u	974	0	0
core_power.throttle:u	975	0	0
core_power.throttle:u	976	0	0
core_power.throttle:u	977	0	0
core_power.throttle:u	978	0	0
core_power.throttle:u	979	0	0
core_power.throttle:u	980	0	0
core_power.throttle:u	981	0	0
core_power.throttle:u	982	0	0
core_power.throttle:u	983	0	0
core_power.throttle:u	984	0	0
core_power.throttle:u	985	0	0
core_power.throttle:u	986	0	0
core_power.throttle:u	987	0	0
core_power.throttle:u	988	0	0
core_power.throttle:u	989	0	0
core_power.throttle:u	990	0	0
core_power.throttle:u	991	0	0
core_power.throttle:u	992	0	0
core_power.throttle:u	993	0	0
core_power.throttle:u	994	0	0
core_power.throttle:u	995	0	0
core_power.throttle:u	996	0	0
core_power.throttle:u	997	0	0
core_power.throttle:u	998	0	0
core_power.throttle:u	999	0	0
core_power.throttle:u	1000	0	0
br_inst_retired.near_taken:u	1	6819984	0
br_inst_retired.near_taken:u	2	6819984	0
br_inst_retired.near_taken:u	3	6819984	0
br_inst_retired.near_taken:u	4	6819984	0
br_inst_retired.near_taken:u	5	6819984	0
br_inst_retired.near_taken:u	6	6819984	0
br_inst_retired.near_taken:u	7	6819984	0
br_inst_retired.near_taken:u	8	6819984	0
br_inst_retired.near_taken:u	9	6819984	0
br_inst_retired.near_taken:u	10	6819984	0
br_inst_retired.near_taken:u	11	6819984	0
br_inst_retired.near_taken:u	12	6819984	0
br_inst_retired.near_taken:u	13	6819984	0
br_inst_retired.near_taken:u	14	6819984	0
br_inst_retired.near_taken:u	15	6819984	0
br_inst_retired.near_taken:u	16	6819984	0
br_inst_retired.near_taken:u	17	6819984	0
br_inst_retired.near_taken:u	18	6819984	0
br_inst_retired.near_taken:u	19	6819984	0
br_inst_retired.near_taken:u	20	6819984	0
br_inst_retired.near_taken:u	21	6819984	0
br_inst_retired.near_taken:u	22	6819984	0
br_inst_retired.near_taken:u	23	6819984	0
br_inst_retired.near_taken:u	24	6819984	0
br_inst_retired.near_taken:u	25	6819984	0
br_inst_retired.near_taken:u	26	6819984	0
br_inst_retired.near_taken:u	27	6819984	0
br_inst_retired.near_taken:u	28	6819984	0
br_inst_retired.near_taken:u	29	6819984	0
br_inst_retired.near_taken:u	30	6819984	0
br_inst_retired.near_taken:u	31	6819984	0
br_inst_retired.near_taken:u	32	6819984	0
br_inst_retired.near_taken:u	33	6819984	0
br_inst_retired.near_taken:u	34	6819984	0
br_inst_retired.near_taken:u	35	6819984	0
br_inst_retired.near_taken:u	36	6819984	0
br_inst_retired.near_taken:u	37	6819984	0
br_inst_retired.near_taken:u	38	6819984	0
br_inst_retired.near_taken:u	39	6819984	0
br_inst_retired.near_taken:u	40	6819984	0
br_inst_retired.near_taken:u	41	6819984	0
br_inst_retired.near_taken:u	42	6819984	0
br_inst_retired.near_taken:u	43	6819984	0
br_inst_retired.near_taken:u	44	6819984	0
br_inst_retired.near_taken:u	45	6819984	0
br_inst_retired.near_taken:u	46	6819984	0
br_inst_retired.near_taken:u	47	6819984	0
br_inst_retired.near_taken:u	48	6819984	0
br_inst_retired.near_taken:u	49	6819984	0
br_inst_retired.near_taken:u	50	6819984	0
br_inst_retired.near_taken:u	51	6819984	0
br_inst_retired.near_taken:u	52	6819984	0
br_inst_retired.near_taken:u	53	6819984	0
br_inst_retired.near_taken:u	54	6819984	0
br_inst_retired.near_taken:u	55	6819984	0
br_inst_retired.near_taken:u	56	6819984	0
br_inst_retired.near_taken:u	57	6819984	0
br_inst_retired.near_taken:u	58	6819984	0
br_inst_retired.near_taken:u	59	6819984	0
br_inst_retired.near_taken:u	60	6819984	0
br_inst_retired.near_taken:u	61	6819984	0
br_inst_retired.near_taken:u	62	6819984	0
br_inst_retired.near_taken:u	63	6819984	0
br_inst_retired.near_taken:u	64	6819984	0
br_inst_retired.near_taken:u	65	6819984	0
br_inst_retired.near_taken:u	66	6819984	0
br_inst_retired.near_taken:u	67	6819984	0
br_inst_retired.near_taken:u	68	6819984	0
br_inst_retired.near_taken:u	69	6819984	0
br_inst_retired.near_taken:u	70	6819984	0
br_inst_retired.near_taken:u	71	6819984	0
br_inst_retired.near_taken:u	72	6819984	0
br_inst_retired.near_taken:u	73	6819984	0
br_inst_retired.near_taken:u	74	6819984	0
br_inst_retired.near_taken:u	75	6819984	0
br_inst_retired.near_taken:u	76	6819984	0
br_inst_retired.near_taken:u	77	6819984	0
br_inst_retired.near_taken:u	78	6819984	0
br_inst_retired.near_taken:u	79	6819984	0
br_inst_retired.near_taken:u	80	6819984	0
br_inst_retired.near_taken:u	81	6819984	0
br_inst_retired.near_taken:u	82	6819984	0
br_inst_retired.near_taken:u	83	6819984	0
br_inst_retired.near_taken:u	84	6819984	0
br_inst_retired.near_taken:u	85	6819984	0
br_inst_retired.near_taken:u	86	6819984	0
br_inst_retired.near_taken:u	87	6819984	0
br_inst_retired.near_taken:u	88	6819984	0
br_inst_retired.near_taken:u	89	6819984	0
br_inst_retired.near_taken:u	90	6819984	0
br_inst_retired.near_taken:u	91	6819984	0
br_inst_retired.near_taken:u	92	6819984	0
br_inst_retired.near_taken:u	93	6819984	0
br_inst_retired.near_taken:u	94	6819984	0
br_inst_retired.near_taken:u	95	6819984	0
br_inst_retired.near_taken:u	96	6819984	0
br_inst_retired.near_taken:u	97	6819984	0
br_inst_retired.near_taken:u	98	6819984	0
br_inst_retired.near_taken:u	99	6819984	0
br_inst_retired.near_taken:u	100	6819984	0
br_inst_retired.near_taken:u	101	6819984	0
br_inst_retired.near_taken:u	102	6819984	0
br_inst_retired.near_taken:u	103	6819984	0
br_inst_retired.near_taken:u	104	6819984	0
br_inst_retired.near_taken:u	105	6819984	0
br_inst_retired.near_taken:u	106	6819984	0
br_inst_retired.near_taken:u	107	6819984	0
br_inst_retired.near_taken:u	108	6819984	0
br_inst_retired.near_taken:u	109	6819984	0
br_inst_retired.near_taken:u	110	6819984	0
br_inst_retired.near_taken:u	111	6819984	0
br_inst_retired.near_taken:u	112	6819984	0
br_inst_retired.near_taken:u	113	6819984	0
br_inst_retired.near_taken:u	114	6819984	0
br_inst_retired.near_taken:u	115	6819984	0
br_inst_retired.near_taken:u	116	6819984	0
br_inst_retired.near_taken:u	117	6819984	0
br_inst_retired.near_taken:u	118	6819984	0
br_inst_retired.near_taken:u	119	6819984	0
br_inst_retired.near_taken:u	120	6819984	0
br_inst_retired.near_taken:u	121	6819984	0
br_inst_retired.near_taken:u	122	6819984	0
br_inst_retired.near_taken:u	123	6819984	0
br_inst_retired.near_taken:u	124	6819984	0
br_inst_retired.near_taken:u	125	6819984	0
br_inst_retired.near_taken:u	126	6819984	0
br_inst_retired.near_taken:u	127	6819984	0
br_inst_retired.near_taken:u	128	6819984	0
br_inst_retired.near_taken:u	129	6819984	0
br_inst_retired.near_taken:u	130	6819984	0
br_inst_retired.near_taken:u	131	6819984	0
br_inst_retired.near_taken:u	132	6819984	0
br_inst_retired.near_taken:u	133	6819984	0
br_inst_retired.near_taken:u	134	6819984	0
br_inst_retired.near_taken:u	135	6819984	0
br_inst_retired.near_taken:u	136	6819984	0
br_inst_retired.near_taken:u	137	6819984	0
br_inst_retired.near_taken:u	138	6819984	0
br_inst_retired.near_taken:u	139	6819984	0
br_inst_retired.near_taken:u	140	6819984	0
br_inst_retired.near_taken:u	141	6819984	0
br_inst_retired.near_taken:u	142	6819984	0
br_inst_retired.near_taken:u	143	6819984	0
br_inst_retired.near_taken:u	144	6819984	0
br_inst_retired.near_taken:u	145	6819984	0
br_inst_retired.near_taken:u	146	6819984	0
br_inst_retired.near_taken:u	147	6819984	0
br_inst_retired.near_taken:u	148	6819984	0
br_inst_retired.near_taken:u	149	6819984	0
br_inst_retired.near_taken:u	150	6819984	0
br_inst_retired.near_taken:u	151	6819984	0
br_inst_retired.near_taken:u	152	6819984	0
br_inst_retired.near_taken:u	153	6819984	0
br_inst_retired.near_taken:u	154	6819984	0
br_inst_retired.near_taken:u	155	6819984	0
br_inst_retired.near_taken:u	156	6819984	0
br_inst_retired.near_taken:u	157	6819984	0
br_inst_retired.near_taken:u	158	6819984	0
br_inst_retired.near_taken:u	159	6819984	0
br_inst_retired.near_taken:u	160	6819984	0
br_inst_retired.near_taken:u	161	6819984	0
br_inst_retired.near_taken:u	162	6819984	0
br_inst_retired.near_taken:u	163	6819984	0
br_inst_retired.near_taken:u	164	6819984	0
br_inst_retired.near_taken:u	165	6819984	0
br_inst_retired.near_taken:u	166	6819984	0
br_inst_retired.near_taken:u	167	6819984	0
br_inst_retired.near_taken:u	168	6819984	0
br_inst_retired.near_taken:u	169	6819984	0
br_inst_retired.near_taken:u	170	6819984	0
br_inst_retired.near_taken:u	171	6819984	0
br_inst_retired.near_taken:u	172	6819984	0
br_inst_retired.near_taken:u	173	6819984	0
br_inst_retired.near_taken:u	174	6819984	0
br_inst_retired.near_taken:u	175	6819984	0
br_inst_retired.near_taken:u	176	6819984	0
br_inst_retired.near_taken:u	177	6819984	0
br_inst_retired.near_taken:u	178	6819984	0
br_inst_retired.near_taken:u	179	6819984	0
br_inst_retired.near_taken:u	180	6819984	0
br_inst_retired.near_taken:u	181	6819984	0
br_inst_retired.near_taken:u	182	6819984	0
br_inst_retired.near_taken:u	183	6819984	0
br_inst_retired.near_taken:u	184	6819984	0
br_inst_retired.near_taken:u	185	6819984	0
br_inst_retired.near_taken:u	186	6819984	0
br_inst_retired.near_taken:u	187	6819984	0
br_inst_retired.near_taken:u	188	6819984	0
br_inst_retired.near_taken:u	189	6819984	0
br_inst_retired.near_taken:u	190	6819984	0
br_inst_retired.near_taken:u	191	6819984	0
br_inst_retired.near_taken:u	192	6819984	0
br_inst_retired.near_taken:u	193	6819984	0
br_inst_retired.near_taken:u	194	6819984	0
br_inst_retired.near_taken:u	195	6819984	0
br_inst_retired.near_taken:u	196	6819984	0
br_inst_retired.near_taken:u	197	6819984	0
br_inst_retired.near_taken:u	198	6819984	0
br_inst_retired.near_taken:u	199	6819984	0
br_inst_retired.near_taken:u	200	6819984	0
br_inst_retired.near_taken:u	201	6819984	0
br_inst_retired.near_taken:u	202	6819984	0
br_inst_retired.near_taken:u	203	6819984	0
br_inst_retired.near_taken:u	204	6819984	0
br_inst_retired.near_taken:u	205	6819984	0
br_inst_retired.near_taken:u	206	6819984	0
br_inst_retired.near_taken:u	207	6819984	0
br_inst_retired.near_taken:u	208	6819984	0
br_inst_retired.near_taken:u	209	6819984	0
br_inst_retired.near_taken:u	210	6819984	0
br_inst_retired.near_taken:u	211	6819984	0
br_inst_retired.near_taken:u	212	6819984	0
br_inst_retired.near_taken:u	213	6819984	0
br_inst_retired.near_taken:u	214	6819984	0
br_inst_retired.near_taken:u	215	6819984	0
br_inst_retired.near_taken:u	216	6819984	0
br_inst_retired.near_taken:u	217	6819984	0
br_inst_retired.near_taken:u	218	6819984	0
br_inst_retired.near_taken:u	219	6819984	0
br_inst_retired.near_taken:u	220	6819984	0
br_inst_retired.near_taken:u	221	6819984	0
br_inst_retired.near_taken:u	222	6819984	0
br_inst_retired.near_taken:u	223	6819984	0
br_inst_retired.near_taken:u	224	6819984	0
br_inst_retired.near_taken:u	225	6819984	0
br_inst_retired.near_taken:u	226	6819984	0
br_inst_retired.near_taken:u	227	6819984	0
br_inst_retired.near_taken:u	228	6819984	0
br_inst_retired.near_taken:u	229	6819984	0
br_inst_retired.near_taken:u	230	6819984	0
br_inst_retired.near_taken:u	231	6819984	0
br_inst_retired.near_taken:u	232	6819984	0
br_inst_retired.near_taken:u	233	6819984	0
br_inst_retired.near_taken:u	234	6819984	0
br_inst_retired.near_taken:u	235	6819984	0
br_inst_retired.near_taken:u	236	6819984	0
br_inst_retired.near_taken:u	237	6819984	0
br_inst_retired.near_taken:u	238	6819984	0
br_inst_retired.near_taken:u	239	6819984	0
br_inst_retired.near_taken:u	240	6819984	0
br_inst_retired.near_taken:u	241	6819984	0
br_inst_retired.near_taken:u	242	6819984	0
br_inst_retired.near_taken:u	243	6819984	0
br_inst_retired.near_taken:u	244	6819984	0
br_inst_retired.near_taken:u	245	6819984	0
br_inst_retired.near_taken:u	246	6819984	0
br_inst_retired.near_taken:u	247	6819984	0
br_inst_retired.near_taken:u	248	6819984	0
br_inst_retired.near_taken:u	249	6819984	0
br_inst_retired.near_taken:u	250	6819984	0
br_inst_retired.near_taken:u	251	6819984	0
br_inst_retired.near_taken:u	252	6819984	0
br_inst_retired.near_taken:u	253	6819984	0
br_inst_retired.near_taken:u	254	6819984	0
br_inst_retired.near_taken:u	255	6819984	0
br_inst_retired.near_taken:u	256	6819984	0
br_inst_retired.near_taken:u	257	6819984	0
br_inst_retired.near_taken:u	258	6819984	0
br_inst_retired.near_taken:u	259	6819984	0
br_inst_retired.near_taken:u	260	6819984	0
br_inst_retired.near_taken:u	261	6819984	0
br_inst_retired.near_taken:u	262	6819984	0
br_inst_retired.near_taken:u	263	6819984	0
br_inst_retired.near_taken:u	264	6819984	0
br_inst_retired.near_taken:u	265	6819984	0
br_inst_retired.near_taken:u	266	6819984	0
br_inst_retired.near_taken:u	267	6819984	0
br_inst_retired.near_taken:u	268	6819984	0
br_inst_retired.near_taken:u	269	6819984	0
br_inst_retired.near_taken:u	270	6819984	0
br_inst_retired.near_taken:u	271	6819984	0
br_inst_retired.near_taken:u	272	6819984	0
br_inst_retired.near_taken:u	273	6819984	0
br_inst_retired.near_taken:u	274	6819984	0
br_inst_retired.near_taken:u	275	6819984	0
br_inst_retired.near_taken:u	276	6819984	0
br_inst_retired.near_taken:u	277	6819984	0
br_inst_retired.near_taken:u	278	6819984	0
br_inst_retired.near_taken:u	279	6819984	0
br_inst_retired.near_taken:u	280	6819984	0
br_inst_retired.near_taken:u	281	6819984	0
br_inst_retired.near_taken:u	282	6819984	0
br_inst_retired.near_taken:u	283	6819984	0
br_inst_retired.near_taken:u	284	6819984	0
br_inst_retired.near_taken:u	285	6819984	0
br_inst_retired.near_taken:u	286	6819984	0
br_inst_retired.near_taken:u	287	6819984	0
br_inst_retired.near_taken:u	288	6819984	0
br_inst_retired.near_taken:u	289	6819984	0
br_inst_retired.near_taken:u	290	6819984	0
br_inst_retired.near_taken:u	291	6819984	0
br_inst_retired.near_taken:u	292	6819984	0
br_inst_retired.near_taken:u	293	6819984	0
br_inst_retired.near_taken:u	294	6819984	0
br_inst_retired.near_taken:u	295	6819984	0
br_inst_retired.near_taken:u	296	6819984	0
br_inst_retired.near_taken:u	297	6819984	0
br_inst_retired.near_taken:u	298	6819984	0
br_inst_retired.near_taken:u	299	6819984	0
br_inst_retired.near_taken:u	300	6819984	0
br_inst_retired.near_taken:u	301	6819984	0
br_inst_retired.near_taken:u	302	6819984	0
br_inst_retired.near_taken:u	303	6819984	0
br_inst_retired.near_taken:u	304	6819984	0
br_inst_retired.near_taken:u	305	6819984	0
br_inst_retired.near_taken:u	306	6819984	0
br_inst_retired.near_taken:u	307	6819984	0
br_inst_retired.near_taken:u	308	6819984	0
br_inst_retired.near_taken:u	309	6819984	0
br_inst_retired.near_taken:u	310	6819984	0
br_inst_retired.near_taken:u	311	6819984	0
br_inst_retired.near_taken:u	312	6819984	0
br_inst_retired.near_taken:u	313	6819984	0
br_inst_retired.near_taken:u	314	6819984	0
br_inst_retired.near_taken:u	315	6819984	0
br_inst_retired.near_taken:u	316	6819984	0
br_inst_retired.near_taken:u	317	6819984	0
br_inst_retired.near_taken:u	318	6819984	0
br_inst_retired.near_taken:u	319	6819984	0
br_inst_retired.near_taken:u	320	6819984	0
br_inst_retired.near_taken:u	321	6819984	0
br_inst_retired.near_taken:u	322	6819984	0
br_inst_retired.near_taken:u	323	6819984	0
br_inst_retired.near_taken:u	324	6819984	0
br_inst_retired.near_taken:u	325	6819984	0
br_inst_retired.near_taken:u	326	6819984	0
br_inst_retired.near_taken:u	327	6819984	0
br_inst_retired.near_taken:u	328	6819984	0
br_inst_retired.near_taken:u	329	6819984	0
br_inst_retired.near_taken:u	330	6819984	0
br_inst_retired.near_taken:u	331	6819984	0
br_inst_retired.near_taken:u	332	6819984	0
br_inst_retired.near_taken:u	333	6819984	0
br_inst_retired.near_taken:u	334	6819984	0
br_inst_retired.near_taken:u	335	6819984	0
br_inst_retired.near_taken:u	336	6819984	0
br_inst_retired.near_taken:u	337	6819984	0
br_inst_retired.near_taken:u	338	6819984	0
br_inst_retired.near_taken:u	339	6819984	0
br_inst_retired.near_taken:u	340	6819984	0
br_inst_retired.near_taken:u	341	6819984	0
br_inst_retired.near_taken:u	342	6819984	0
br_inst_retired.near_taken:u	343	6819984	0
br_inst_retired.near_taken:u	344	6819984	0
br_inst_retired.near_taken:u	345	6819984	0
br_inst_retired.near_taken:u	346	6819984	0
br_inst_retired.near_taken:u	347	6819984	0
br_inst_retired.near_taken:u	348	6819984	0
br_inst_retired.near_taken:u	349	6819984	0
br_inst_retired.near_taken:u	350	6819984	0
br_inst_retired.near_taken:u	351	6819984	0
br_inst_retired.near_taken:u	352	6819984	0
br_inst_retired.near_taken:u	353	6819984	0
br_inst_retired.near_taken:u	354	6819984	0
br_inst_retired.near_taken:u	355	6819984	0
br_inst_retired.near_taken:u	356	6819984	0
br_inst_retired.near_taken:u	357	6819984	0
br_inst_retired.near_taken:u	358	6819984	0
br_inst_retired.near_taken:u	359	6819984	0
br_inst_retired.near_taken:u	360	6819984	0
br_inst_retired.near_taken:u	361	6819984	0
br_inst_retired.near_taken:u	362	6819984	0
br_inst_retired.near_taken:u	363	6819984	0
br_inst_retired.near_taken:u	364	6819984	0
br_inst_retired.near_taken:u	365	6819984	0
br_inst_retired.near_taken:u	366	6819984	0
br_inst_retired.near_taken:u	367	6819984	0
br_inst_retired.near_taken:u	368	6819984	0
br_inst_retired.near_taken:u	369	6819984	0
br_inst_retired.near_taken:u	370	6819984	0
br_inst_retired.near_taken:u	371	6819984	0
br_inst_retired.near_taken:u	372	6819984	0
br_inst_retired.near_taken:u	373	6819984	0
br_inst_retired.near_taken:u	374	6819984	0
br_inst_retired.near_taken:u	375	6819984	0
br_inst_retired.near_taken:u	376	6819984	0
br_inst_retired.near_taken:u	377	6819984	0
br_inst_retired.near_taken:u	378	6819984	0
br_inst_retired.near_taken:u	379	6819984	0
br_inst_retired.near_taken:u	380	6819984	0
br_inst_retired.near_taken:u	381	6819984	0
br_inst_retired.near_taken:u	382	6819984	0
br_inst_retired.near_taken:u	383	6819984	0
br_inst_retired.near_taken:u	384	6819984	0
br_inst_retired.near_taken:u	385	6819984	0
br_inst_retired.near_taken:u	386	6819984	0
br_inst_retired.near_taken:u	387	6819984	0
br_inst_retired.near_taken:u	388	6819984	0
br_inst_retired.near_taken:u	389	6819984	0
br_inst_retired.near_taken:u	390	6819984	0
br_inst_retired.near_taken:u	391	6819984	0
br_inst_retired.near_taken:u	392	6819984	0
br_inst_retired.near_taken:u	393	6819984	0
br_inst_retired.near_taken:u	394	6819984	0
br_inst_retired.near_taken:u	395	6819984	0
br_inst_retired.near_taken:u	396	6819984	0
br_inst_retired.near_taken:u	397	6819984	0
br_inst_retired.near_taken:u	398	6819984	0
br_inst_retired.near_taken:u	399	6819984	0
br_inst_retired.near_taken:u	400	6819984	0
br_inst_retired.near_taken:u	401	6819984	0
br_inst_retired.near_taken:u	402	6819984	0
br_inst_retired.near_taken:u	403	6819984	0
br_inst_retired.near_taken:u	404	6819984	0
br_inst_retired.near_taken:u	405	6819984	0
br_inst_retired.near_taken:u	406	6819984	0
br_inst_retired.near_taken:u	407	6819984	0
br_inst_retired.near_taken:u	408	6819984	0
br_inst_retired.near_taken:u	409	6819984	0
br_inst_retired.near_taken:u	410	6819984	0
br_inst_retired.near_taken:u	411	6819984	0
br_inst_retired.near_taken:u	412	6819984	0
br_inst_retired.near_taken:u	413	6819984	0
br_inst_retired.near_taken:u	414	6819984	0
br_inst_retired.near_taken:u	415	6819984	0
br_inst_retired.near_taken:u	416	6819984	0
br_inst_retired.near_taken:u	417	6819984	0
br_inst_retired.near_taken:u	418	6819984	0
br_inst_retired.near_taken:u	419	6819984	0
br_inst_retired.near_taken:u	420	6819984	0
br_inst_retired.near_taken:u	421	6819984	0
br_inst_retired.near_taken:u	422	6819984	0
br_inst_retired.near_taken:u	423	6819984	0
br_inst_retired.near_taken:u	424	6819984	0
br_inst_retired.near_taken:u	425	6819984	0
br_inst_retired.near_taken:u	426	6819984	0
br_inst_retired.near_taken:u	427	6819984	0
br_inst_retired.near_taken:u	428	6819984	0
br_inst_retired.near_taken:u	429	6819984	0
br_inst_retired.near_taken:u	430	6819984	0
br_inst_retired.near_taken:u	431	6819984	0
br_inst_retired.near_taken:u	432	6819984	0
br_inst_retired.near_taken:u	433	6819984	0
br_inst_retired.near_taken:u	434	6819984	0
br_inst_retired.near_taken:u	435	6819984	0
br_inst_retired.near_taken:u	436	6819984	0
br_inst_retired.near_taken:u	437	6819984	0
br_inst_retired.near_taken:u	438	6819984	0
br_inst_retired.near_taken:u	439	6819984	0
br_inst_retired.near_taken:u	440	6819984	0
br_inst_retired.near_taken:u	441	6819984	0
br_inst_retired.near_taken:u	442	6819984	0
br_inst_retired.near_taken:u	443	6819984	0
br_inst_retired.near_taken:u	444	6819984	0
br_inst_retired.near_taken:u	445	6819984	0
br_inst_retired.near_taken:u	446	6819984	0
br_inst_retired.near_taken:u	447	6819984	0
br_inst_retired.near_taken:u	448	6819984	0
br_inst_retired.near_taken:u	449	6819984	0
br_inst_retired.near_taken:u	450	6819984	0
br_inst_retired.near_taken:u	451	6819984	0
br_inst_retired.near_taken:u	452	6819984	0
br_inst_retired.near_taken:u	453	6819984	0
br_inst_retired.near_taken:u	454	6819984	0
br_inst_retired.near_taken:u	455	6819984	0
br_inst_retired.near_taken:u	456	6819984	0
br_inst_retired.near_taken:u	457	6819984	0
br_inst_retired.near_taken:u	458	6819984	0
br_inst_retired.near_taken:u	459	6819984	0
br_inst_retired.near_taken:u	460	6819984	0
br_inst_retired.near_taken:u	461	6819984	0
br_inst_retired.near_taken:u	462	6819984	0
br_inst_retired.near_taken:u	463	6819984	0
br_inst_retired.near_taken:u	464	6819984	0
br_inst_retired.near_taken:u	465	6819984	0
br_inst_retired.near_taken:u	466	6819984	0
br_inst_retired.near_taken:u	467	6819984	0
br_inst_retired.near_taken:u	468	6819984	0
br_inst_retired.near_taken:u	469	6819984	0
br_inst_retired.near_taken:u	470	6819984	0
br_inst_retired.near_taken:u	471	6819984	0
br_inst_retired.near_taken:u	472	6819984	0
br_inst_retired.near_taken:u	473	6819984	0
br_inst_retired.near_taken:u	474	6819984	0
br_inst_retired.near_taken:u	475	6819984	0
br_inst_retired.near_taken:u	476	6819984	0
br_inst_retired.near_taken:u	477	6819984	0
br_inst_retired.near_taken:u	478	6819984	0
br_inst_retired.near_taken:u	479	6819984	0
br_inst_retired.near_taken:u	480	6819984	0
br_inst_retired.near_taken:u	481	6819984	0
br_inst_retired.near_taken:u	482	6819984	0
br_inst_retired.near_taken:u	483	6819984	0
br_inst_retired.near_taken:u	484	6819984	0
br_inst_retired.near_taken:u	485	6819984	0
br_inst_retired.near_taken:u	486	6819984	0
br_inst_retired.near_taken:u	487	6819984	0
br_inst_retired.near_taken:u	488	6819984	0
br_inst_retired.near_taken:u	489	6819984	0
br_inst_retired.near_taken:u	490	6819984	0
br_inst_retired.near_taken:u	491	6819984	0
br_inst_retired.near_taken:u	492	6819984	0
br_inst_retired.near_taken:u	493	6819984	0
br_inst_retired.near_taken:u	494	6819984	0
br_inst_retired.near_taken:u	495	6819984	0
br_inst_retired.near_taken:u	496	6819984	0
br_inst_retired.near_taken:u	497	6819984	0
br_inst_retired.near_taken:u	498	6819984	0
br_inst_retired.near_taken:u	499	6819984	0
br_inst_retired.near_taken:u	500	6819984	0
br_inst_retired.near_taken:u	501	6819984	0
br_inst_retired.near_taken:u	502	6819984	0
br_inst_retired.near_taken:u	503	6819984	0
br_inst_retired.near_taken:u	504	6819984	0
br_inst_retired.near_taken:u	505	6819984	0
br_inst_retired.near_taken:u	506	6819984	0
br_inst_retired.near_taken:u	507	6819984	0
br_inst_retired.near_taken:u	508	6819984	0
br_inst_retired.near_taken:u	509	6819984	0
br_inst_retired.near_taken:u	510	6819984	0
br_inst_retired.near_taken:u	511	6819984	0
br_inst_retired.near_taken:u	512	6819984	0
br_inst_retired.near_taken:u	513	6819984	0
br_inst_retired.near_taken:u	514	6819984	0
br_inst_retired.near_taken:u	515	6819984	0
br_inst_retired.near_taken:u	516	6819984	0
br_inst_retired.near_taken:u	517	6819984	0
br_inst_retired.near_taken:u	518	6819984	0
br_inst_retired.near_taken:u	519	6819984	0
br_inst_retired.near_taken:u	520	6819984	0
br_inst_retired.near_taken:u	521	6819984	0
br_inst_retired.near_taken:u	522	6819984	0
br_inst_retired.near_taken:u	523	6819984	0
br_inst_retired.near_taken:u	524	6819984	0
br_inst_retired.near_taken:u	525	6819984	0
br_inst_retired.near_taken:u	526	6819984	0
br_inst_retired.near_taken:u	527	6819984	0
br_inst_retired.near_taken:u	528	6819984	0
br_inst_retired.near_taken:u	529	6819984	0
br_inst_retired.near_taken:u	530	6819984	0
br_inst_retired.near_taken:u	531	6819984	0
br_inst_retired.near_taken:u	532	6819984	0
br_inst_retired.near_taken:u	533	6819984	0
br_inst_retired.near_taken:u	534	6819984	0
br_inst_retired.near_taken:u	535	6819984	0
br_inst_retired.near_taken:u	536	6819984	0
br_inst_retired.near_taken:u	537	6819984	0
br_inst_retired.near_taken:u	538	6819984	0
br_inst_retired.near_taken:u	539	6819984	0
br_inst_retired.near_taken:u	540	6819984	0
br_inst_retired.near_taken:u	541	6819984	0
br_inst_retired.near_taken:u	542	6819984	0
br_inst_retired.near_taken:u	543	6819984	0
br_inst_retired.near_taken:u	544	6819984	0
br_inst_retired.near_taken:u	545	6819984	0
br_inst_retired.near_taken:u	546	6819984	0
br_inst_retired.near_taken:u	547	6819984	0
br_inst_retired.near_taken:u	548	6819984	0
br_inst_retired.near_taken:u	549	6819984	0
br_inst_retired.near_taken:u	550	6819984	0
br_inst_retired.near_taken:u	551	6819984	0
br_inst_retired.near_taken:u	552	6819984	0
br_inst_retired.near_taken:u	553	6819984	0
br_inst_retired.near_taken:u	554	6819984	0
br_inst_retired.near_taken:u	555	6819984	0
br_inst_retired.near_taken:u	556	6819984	0
br_inst_retired.near_taken:u	557	6819984	0
br_inst_retired.near_taken:u	558	6819984	0
br_inst_retired.near_taken:u	559	6819984	0
br_inst_retired.near_taken:u	560	6819984	0
br_inst_retired.near_taken:u	561	6819984	0
br_inst_retired.near_taken:u	562	6819984	0
br_inst_retired.near_taken:u	563	6819984	0
br_inst_retired.near_taken:u	564	6819984	0
br_inst_retired.near_taken:u	565	6819984	0
br_inst_retired.near_taken:u	566	6819984	0
br_inst_retired.near_taken:u	567	6819984	0
br_inst_retired.near_taken:u	568	6819984	0
br_inst_retired.near_taken:u	569	6819984	0
br_inst_retired.near_taken:u	570	6819984	0
br_inst_retired.near_taken:u	571	6819984	0
br_inst_retired.near_taken:u	572	6819984	0
br_inst_retired.near_taken:u	573	6819984	0
br_inst_retired.near_taken:u	574	6819984	0
br_inst_retired.near_taken:u	575	6819984	0
br_inst_retired.near_taken:u	576	6819984	0
br_inst_retired.near_taken:u	577	6819984	0
br_inst_retired.near_taken:u	578	6819984	0
br_inst_retired.near_taken:u	579	6819984	0
br_inst_retired.near_taken:u	580	6819984	0
br_inst_retired.near_taken:u	581	6819984	0
br_inst_retired.near_taken:u	582	6819984	0
br_inst_retired.near_taken:u	583	6819984	0
br_inst_retired.near_taken:u	584	6819984	0
br_inst_retired.near_taken:u	585	6819984	0
br_inst_retired.near_taken:u	586	6819984	0
br_inst_retired.near_taken:u	587	6819984	0
br_inst_retired.near_taken:u	588	6819984	0
br_inst_retired.near_taken:u	589	6819984	0
br_inst_retired.near_taken:u	590	6819984	0
br_inst_retired.near_taken:u	591	6819984	0
br_inst_retired.near_taken:u	592	6819984	0
br_inst_retired.near_taken:u	593	6819984	0
br_inst_retired.near_taken:u	594	6819984	0
br_inst_retired.near_taken:u	595	6819984	0
br_inst_retired.near_taken:u	596	6819984	0
br_inst_retired.near_taken:u	597	6819984	0
br_inst_retired.near_taken:u	598	6819984	0
br_inst_retired.near_taken:u	599	6819984	0
br_inst_retired.near_taken:u	600	6819984	0
br_inst_retired.near_taken:u	601	6819984	0
br_inst_retired.near_taken:u	602	6819984	0
br_inst_retired.near_taken:u	603	6819984	0
br_inst_retired.near_taken:u	604	6819984	0
br_inst_retired.near_taken:u	605	6819984	0
br_inst_retired.near_taken:u	606	6819984	0
br_inst_retired.near_taken:u	607	6819984	0
br_inst_retired.near_taken:u	608	6819984	0
br_inst_retired.near_taken:u	609	6819984	0
br_inst_retired.near_taken:u	610	6819984	0
br_inst_retired.near_taken:u	611	6819984	0
br_inst_retired.near_taken:u	612	6819984	0
br_inst_retired.near_taken:u	613	6819984	0
br_inst_retired.near_taken:u	614	6819984	0
br_inst_retired.near_taken:u	615	6819984	0
br_inst_retired.near_taken:u	616	6819984	0
br_inst_retired.near_taken:u	617	6819984	0
br_inst_retired.near_taken:u	618	6819984	0
br_inst_retired.near_taken:u	619	6819984	0
br_inst_retired.near_taken:u	620	6819984	0
br_inst_retired.near_taken:u	621	6819984	0
br_inst_retired.near_taken:u	622	6819984	0
br_inst_retired.near_taken:u	623	6819984	0
br_inst_retired.near_taken:u	624	6819984	0
br_inst_retired.near_taken:u	625	6819984	0
br_inst_retired.near_taken:u	626	6819984	0
br_inst_retired.near_taken:u	627	6819984	0
br_inst_retired.near_taken:u	628	6819984	0
br_inst_retired.near_taken:u	629	6819984	0
br_inst_retired.near_taken:u	630	6819984	0
br_inst_retired.near_taken:u	631	6819984	0
br_inst_retired.near_taken:u	632	6819984	0
br_inst_retired.near_taken:u	633	6819984	0
br_inst_retired.near_taken:u	634	6819984	0
br_inst_retired.near_taken:u	635	6819984	0
br_inst_retired.near_taken:u	636	6819984	0
br_inst_retired.near_taken:u	637	6819984	0
br_inst_retired.near_taken:u	638	6819984	0
br_inst_retired.near_taken:u	639	6819984	0
br_inst_retired.near_taken:u	640	6819984	0
br_inst_retired.near_taken:u	641	6819984	0
br_inst_retired.near_taken:u	642	6819984	0
br_inst_retired.near_taken:u	643	6819984	0
br_inst_retired.near_taken:u	644	6819984	0
br_inst_retired.near_taken:u	645	6819984	0
br_inst_retired.near_taken:u	646	6819984	0
br_inst_retired.near_taken:u	647	6819984	0
br_inst_retired.near_taken:u	648	6819984	0
br_inst_retired.near_taken:u	649	6819984	0
br_inst_retired.near_taken:u	650	6819984	0
br_inst_retired.near_taken:u	651	6819984	0
br_inst_retired.near_taken:u	652	6819984	0
br_inst_retired.near_taken:u	653	6819984	0
br_inst_retired.near_taken:u	654	6819984	0
br_inst_retired.near_taken:u	655	6819984	0
br_inst_retired.near_taken:u	656	6819984	0
br_inst_retired.near_taken:u	657	6819984	0
br_inst_retired.near_taken:u	658	6819984	0
br_inst_retired.near_taken:u	659	6819984	0
br_inst_retired.near_taken:u	660	6819984	0
br_inst_retired.near_taken:u	661	6819984	0
br_inst_retired.near_taken:u	662	6819984	0
br_inst_retired.near_taken:u	663	6819984	0
br_inst_retired.near_taken:u	664	6819984	0
br_inst_retired.near_taken:u	665	6819984	0
br_inst_retired.near_taken:u	666	6819984	0
br_inst_retired.near_taken:u	667	6819984	0
br_inst_retired.near_taken:u	668	6819984	0
br_inst_retired.near_taken:u	669	6819984	0
br_inst_retired.near_taken:u	670	6819984	0
br_inst_retired.near_taken:u	671	6819984	0
br_inst_retired.near_taken:u	672	6819984	0
br_inst_retired.near_taken:u	673	6819984	0
br_inst_retired.near_taken:u	674	6819984	0
br_inst_retired.near_taken:u	675	6819984	0
br_inst_retired.near_taken:u	676	6819984	0
br_inst_retired.near_taken:u	677	6819984	0
br_inst_retired.near_taken:u	678	6819984	0
br_inst_retired.near_taken:u	679	6819984	0
br_inst_retired.near_taken:u	680	6819984	0
br_inst_retired.near_taken:u	681	6819984	0
br_inst_retired.near_taken:u	682	6819984	0
br_inst_retired.near_taken:u	683	6819984	0
br_inst_retired.near_taken:u	684	6819984	0
br_inst_retired.near_taken:u	685	6819984	0
br_inst_retired.near_taken:u	686	6819984	0
br_inst_retired.near_taken:u	687	6819984	0
br_inst_retired.near_taken:u	688	6819984	0
br_inst_retired.near_taken:u	689	6819984	0
br_inst_retired.near_taken:u	690	6819984	0
br_inst_retired.near_taken:u	691	6819984	0
br_inst_retired.near_taken:u	692	6819984	0
br_inst_retired.near_taken:u	693	6819984	0
br_inst_retired.near_taken:u	694	6819984	0
br_inst_retired.near_taken:u	695	6819984	0
br_inst_retired.near_taken:u	696	6819984	0
br_inst_retired.near_taken:u	697	6819984	0
br_inst_retired.near_taken:u	698	6819984	0
br_inst_retired.near_taken:u	699	6819984	0
br_inst_retired.near_taken:u	700	6819984	0
br_inst_retired.near_taken:u	701	6819984	0
br_inst_retired.near_taken:u	702	6819984	0
br_inst_retired.near_taken:u	703	6819984	0
br_inst_retired.near_taken:u	704	6819984	0
br_inst_retired.near_taken:u	705	6819984	0
br_inst_retired.near_taken:u	706	6819984	0
br_inst_retired.near_taken:u	707	6819984	0
br_inst_retired.near_taken:u	708	6819984	0
br_inst_retired.near_taken:u	709	6819984	0
br_inst_retired.near_taken:u	710	6819984	0
br_inst_retired.near_taken:u	711	6819984	0
br_inst_retired.near_taken:u	712	6819984	0
br_inst_retired.near_taken:u	713	6819984	0
br_inst_retired.near_taken:u	714	6819984	0
br_inst_retired.near_taken:u	715	6819984	0
br_inst_retired.near_taken:u	716	6819984	0
br_inst_retired.near_taken:u	717	6819984	0
br_inst_retired.near_taken:u	718	6819984	0
br_inst_retired.near_taken:u	719	6819984	0
br_inst_retired.near_taken:u	720	6819984	0
br_inst_retired.near_taken:u	721	6819984	0
br_inst_retired.near_taken:u	722	6819984	0
br_inst_retired.near_taken:u	723	6819984	0
br_inst_retired.near_taken:u	724	6819984	0
br_inst_retired.near_taken:u	725	6819984	0
br_inst_retired.near_taken:u	726	6819984	0
br_inst_retired.near_taken:u	727	6819984	0
br_inst_retired.near_taken:u	728	6819984	0
br_inst_retired.near_taken:u	729	6819984	0
br_inst_retired.near_taken:u	730	6819984	0
br_inst_retired.near_taken:u	731	6819984	0
br_inst_retired.near_taken:u	732	6819984	0
br_inst_retired.near_taken:u	733	6819984	0
br_inst_retired.near_taken:u	734	6819984	0
br_inst_retired.near_taken:u	735	6819984	0
br_inst_retired.near_taken:u	736	6819984	0
br_inst_retired.near_taken:u	737	6819984	0
br_inst_retired.near_taken:u	738	6819984	0
br_inst_retired.near_taken:u	739	6819984	0
br_inst_retired.near_taken:u	740	6819984	0
br_inst_retired.near_taken:u	741	6819984	0
br_inst_retired.near_taken:u	742	6819984	0
br_inst_retired.near_taken:u	743	6819984	0
br_inst_retired.near_taken:u	744	6819984	0
br_inst_retired.near_taken:u	745	6819984	0
br_inst_retired.near_taken:u	746	6819984	0
br_inst_retired.near_taken:u	747	6819984	0
br_inst_retired.near_taken:u	748	6819984	0
br_inst_retired.near_taken:u	749	6819984	0
br_inst_retired.near_taken:u	750	6819984	0
br_inst_retired.near_taken:u	751	6819984	0
br_inst_retired.near_taken:u	752	6819984	0
br_inst_retired.near_taken:u	753	6819984	0
br_inst_retired.near_taken:u	754	6819984	0
br_inst_retired.near_taken:u	755	6819984	0
br_inst_retired.near_taken:u	756	6819984	0
br_inst_retired.near_taken:u	757	6819984	0
br_inst_retired.near_taken:u	758	6819984	0
br_inst_retired.near_taken:u	759	6819984	0
br_inst_retired.near_taken:u	760	6819984	0
br_inst_retired.near_taken:u	761	6819984	0
br_inst_retired.near_taken:u	762	6819984	0
br_inst_retired.near_taken:u	763	6819984	0
br_inst_retired.near_taken:u	764	6819984	0
br_inst_retired.near_taken:u	765	6819984	0
br_inst_retired.near_taken:u	766	6819984	0
br_inst_retired.near_taken:u	767	6819984	0
br_inst_retired.near_taken:u	768	6819984	0
br_inst_retired.near_taken:u	769	6819984	0
br_inst_retired.near_taken:u	770	6819984	0
br_inst_retired.near_taken:u	771	6819984	0
br_inst_retired.near_taken:u	772	6819984	0
br_inst_retired.near_taken:u	773	6819984	0
br_inst_retired.near_taken:u	774	6819984	0
br_inst_retired.near_taken:u	775	6819984	0
br_inst_retired.near_taken:u	776	6819984	0
br_inst_retired.near_taken:u	777	6819984	0
br_inst_retired.near_taken:u	778	6819984	0
br_inst_retired.near_taken:u	779	6819984	0
br_inst_retired.near_taken:u	780	6819984	0
br_inst_retired.near_taken:u	781	6819984	0
br_inst_retired.near_taken:u	782	6819984	0
br_inst_retired.near_taken:u	783	6819984	0
br_inst_retired.near_taken:u	784	6819984	0
br_inst_retired.near_taken:u	785	6819984	0
br_inst_retired.near_taken:u	786	6819984	0
br_inst_retired.near_taken:u	787	6819984	0
br_inst_retired.near_taken:u	788	6819984	0
br_inst_retired.near_taken:u	789	6819984	0
br_inst_retired.near_taken:u	790	6819984	0
br_inst_retired.near_taken:u	791	6819984	0
br_inst_retired.near_taken:u	792	6819984	0
br_inst_retired.near_taken:u	793	6819984	0
br_inst_retired.near_taken:u	794	6819984	0
br_inst_retired.near_taken:u	795	6819984	0
br_inst_retired.near_taken:u	796	6819984	0
br_inst_retired.near_taken:u	797	6819984	0
br_inst_retired.near_taken:u	798	6819984	0
br_inst_retired.near_taken:u	799	6819984	0
br_inst_retired.near_taken:u	800	6819984	0
br_inst_retired.near_taken:u	801	6819984	0
br_inst_retired.near_taken:u	802	6819984	0
br_inst_retired.near_taken:u	803	6819984	0
br_inst_retired.near_taken:u	804	6819984	0
br_inst_retired.near_taken:u	805	6819984	0
br_inst_retired.near_taken:u	806	6819984	0
br_inst_retired.near_taken:u	807	6819984	0
br_inst_retired.near_taken:u	808	6819984	0
br_inst_retired.near_taken:u	809	6819984	0
br_inst_retired.near_taken:u	810	6819984	0
br_inst_retired.near_taken:u	811	6819984	0
br_inst_retired.near_taken:u	812	6819984	0
br_inst_retired.near_taken:u	813	6819984	0
br_inst_retired.near_taken:u	814	6819984	0
br_inst_retired.near_taken:u	815	6819984	0
br_inst_retired.near_taken:u	816	6819984	0
br_inst_retired.near_taken:u	817	6819984	0
br_inst_retired.near_taken:u	818	6819984	0
br_inst_retired.near_taken:u	819	6819984	0
br_inst_retired.near_taken:u	820	6819984	0
br_inst_retired.near_taken:u	821	6819984	0
br_inst_retired.near_taken:u	822	6819984	0
br_inst_retired.near_taken:u	823	6819984	0
br_inst_retired.near_taken:u	824	6819984	0
br_inst_retired.near_taken:u	825	6819984	0
br_inst_retired.near_taken:u	826	6819984	0
br_inst_retired.near_taken:u	827	6819984	0
br_inst_retired.near_taken:u	828	6819984	0
br_inst_retired.near_taken:u	829	6819984	0
br_inst_retired.near_taken:u	830	6819984	0
br_inst_retired.near_taken:u	831	6819984	0
br_inst_retired.near_taken:u	832	6819984	0
br_inst_retired.near_taken:u	833	6819984	0
br_inst_retired.near_taken:u	834	6819984	0
br_inst_retired.near_taken:u	835	6819984	0
br_inst_retired.near_taken:u	836	6819984	0
br_inst_retired.near_taken:u	837	6819984	0
br_inst_retired.near_taken:u	838	6819984	0
br_inst_retired.near_taken:u	839	6819984	0
br_inst_retired.near_taken:u	840	6819984	0
br_inst_retired.near_taken:u	841	6819984	0
br_inst_retired.near_taken:u	842	6819984	0
br_inst_retired.near_taken:u	843	6819984	0
br_inst_retired.near_taken:u	844	6819984	0
br_inst_retired.near_taken:u	845	6819984	0
br_inst_retired.near_taken:u	846	6819984	0
br_inst_retired.near_taken:u	847	6819984	0
br_inst_retired.near_taken:u	848	6819984	0
br_inst_retired.near_taken:u	849	6819984	0
br_inst_retired.near_taken:u	850	6819984	0
br_inst_retired.near_taken:u	851	6819984	0
br_inst_retired.near_taken:u	852	6819984	0
br_inst_retired.near_taken:u	853	6819984	0
br_inst_retired.near_taken:u	854	6819984	0
br_inst_retired.near_taken:u	855	6819984	0
br_inst_retired.near_taken:u	856	6819984	0
br_inst_retired.near_taken:u	857	6819984	0
br_inst_retired.near_taken:u	858	6819984	0
br_inst_retired.near_taken:u	859	6819984	0
br_inst_retired.near_taken:u	860	6819984	0
br_inst_retired.near_taken:u	861	6819984	0
br_inst_retired.near_taken:u	862	6819984	0
br_inst_retired.near_taken:u	863	6819984	0
br_inst_retired.near_taken:u	864	6819984	0
br_inst_retired.near_taken:u	865	6819984	0
br_inst_retired.near_taken:u	866	6819984	0
br_inst_retired.near_taken:u	867	6819984	0
br_inst_retired.near_taken:u	868	6819984	0
br_inst_retired.near_taken:u	869	6819984	0
br_inst_retired.near_taken:u	870	6819984	0
br_inst_retired.near_taken:u	871	6819984	0
br_inst_retired.near_taken:u	872	6819984	0
br_inst_retired.near_taken:u	873	6819984	0
br_inst_retired.near_taken:u	874	6819984	0
br_inst_retired.near_taken:u	875	6819984	0
br_inst_retired.near_taken:u	876	6819984	0
br_inst_retired.near_taken:u	877	6819984	0
br_inst_retired.near_taken:u	878	6819984	0
br_inst_retired.near_taken:u	879	6819984	0
br_inst_retired.near_taken:u	880	6819984	0
br_inst_retired.near_taken:u	881	6819984	0
br_inst_retired.near_taken:u	882	6819984	0
br_inst_retired.near_taken:u	883	6819984	0
br_inst_retired.near_taken:u	884	6819984	0
br_inst_retired.near_taken:u	885	6819984	0
br_inst_retired.near_taken:u	886	6819984	0
br_inst_retired.near_taken:u	887	6819984	0
br_inst_retired.near_taken:u	888	6819984	0
br_inst_retired.near_taken:u	889	6819984	0
br_inst_retired.near_taken:u	890	6819984	0
br_inst_retired.near_taken:u	891	6819984	0
br_inst_retired.near_taken:u	892	6819984	0
br_inst_retired.near_taken:u	893	6819984	0
br_inst_retired.near_taken:u	894	6819984	0
br_inst_retired.near_taken:u	895	6819984	0
br_inst_retired.near_taken:u	896	6819984	0
br_inst_retired.near_taken:u	897	6819984	0
br_inst_retired.near_taken:u	898	6819984	0
br_inst_retired.near_taken:u	899	6819984	0
br_inst_retired.near_taken:u	900	6819984	0
br_inst_retired.near_taken:u	901	6819984	0
br_inst_retired.near_taken:u	902	6819984	0
br_inst_retired.near_taken:u	903	6819984	0
br_inst_retired.near_taken:u	904	6819984	0
br_inst_retired.near_taken:u	905	6819984	0
br_inst_retired.near_taken:u	906	6819984	0
br_inst_retired.near_taken:u	907	6819984	0
br_inst_retired.near_taken:u	908	6819984	0
br_inst_retired.near_taken:u	909	6819984	0
br_inst_retired.near_taken:u	910	6819984	0
br_inst_retired.near_taken:u	911	6819984	0
br_inst_retired.near_taken:u	912	6819984	0
br_inst_retired.near_taken:u	913	6819984	0
br_inst_retired.near_taken:u	914	6819984	0
br_inst_retired.near_taken:u	915	6819984	0
br_inst_retired.near_taken:u	916	6819984	0
br_inst_retired.near_taken:u	917	6819984	0
br_inst_retired.near_taken:u	918	6819984	0
br_inst_retired.near_taken:u	919	6819984	0
br_inst_retired.near_taken:u	920	6819984	0
br_inst_retired.near_taken:u	921	6819984	0
br_inst_retired.near_taken:u	922	6819984	0
br_inst_retired.near_taken:u	923	6819984	0
br_inst_retired.near_taken:u	924	6819984	0
br_inst_retired.near_taken:u	925	6819984	0
br_inst_retired.near_taken:u	926	6819984	0
br_inst_retired.near_taken:u	927	6819984	0
br_inst_retired.near_taken:u	928	6819984	0
br_inst_retired.near_taken:u	929	6819984	0
br_inst_retired.near_taken:u	930	6819984	0
br_inst_retired.near_taken:u	931	6819984	0
br_inst_retired.near_taken:u	932	6819984	0
br_inst_retired.near_taken:u	933	6819984	0
br_inst_retired.near_taken:u	934	6819984	0
br_inst_retired.near_taken:u	935	6819984	0
br_inst_retired.near_taken:u	936	6819984	0
br_inst_retired.near_taken:u	937	6819984	0
br_inst_retired.near_taken:u	938	6819984	0
br_inst_retired.near_taken:u	939	6819984	0
br_inst_retired.near_taken:u	940	6819984	0
br_inst_retired.near_taken:u	941	6819984	0
br_inst_retired.near_taken:u	942	6819984	0
br_inst_retired.near_taken:u	943	6819984	0
br_inst_retired.near_taken:u	944	6819984	0
br_inst_retired.near_taken:u	945	6819984	0
br_inst_retired.near_taken:u	946	6819984	0
br_inst_retired.near_taken:u	947	6819984	0
br_inst_retired.near_taken:u	948	6819984	0
br_inst_retired.near_taken:u	949	6819984	0
br_inst_retired.near_taken:u	950	6819984	0
br_inst_retired.near_taken:u	951	6819984	0
br_inst_retired.near_taken:u	952	6819984	0
br_inst_retired.near_taken:u	953	6819984	0
br_inst_retired.near_taken:u	954	6819984	0
br_inst_retired.near_taken:u	955	6819984	0
br_inst_retired.near_taken:u	956	6819984	0
br_inst_retired.near_taken:u	957	6819984	0
br_inst_retired.near_taken:u	958	6819984	0
br_inst_retired.near_taken:u	959	6819984	0
br_inst_retired.near_taken:u	960	6819984	0
br_inst_retired.near_taken:u	961	6819984	0
br_inst_retired.near_taken:u	962	6819984	0
br_inst_retired.near_taken:u	963	6819984	0
br_inst_retired.near_taken:u	964	6819984	0
br_inst_retired.near_taken:u	965	6819984	0
br_inst_retired.near_taken:u	966	6819984	0
br_inst_retired.near_taken:u	967	6819984	0
br_inst_retired.near_taken:u	968	6819984	0
br_inst_retired.near_taken:u	969	6819984	0
br_inst_retired.near_taken:u	970	6819984	0
br_inst_retired.near_taken:u	971	6819984	0
br_inst_retired.near_taken:u	972	6819984	0
br_inst_retired.near_taken:u	973	6819984	0
br_inst_retired.near_taken:u	974	6819984	0
br_inst_retired.near_taken:u	975	6819984	0
br_inst_retired.near_taken:u	976	6819984	0
br_inst_retired.near_taken:u	977	6819984	0
br_inst_retired.near_taken:u	978	6819984	0
br_inst_retired.near_taken:u	979	6819984	0
br_inst_retired.near_taken:u	980	6819984	0
br_inst_retired.near_taken:u	981	6819984	0
br_inst_retired.near_taken:u	982	6819984	0
br_inst_retired.near_taken:u	983	6819984	0
br_inst_retired.near_taken:u	984	6819984	0
br_inst_retired.near_taken:u	985	6819984	0
br_inst_retired.near_taken:u	986	6819984	0
br_inst_retired.near_taken:u	987	6819984	0
br_inst_retired.near_taken:u	988	6819984	0
br_inst_retired.near_taken:u	989	6819984	0
br_inst_retired.near_taken:u	990	6819984	0
br_inst_retired.near_taken:u	991	6819984	0
br_inst_retired.near_taken:u	992	6819984	0
br_inst_retired.near_taken:u	993	6819984	0
br_inst_retired.near_taken:u	994	6819984	0
br_inst_retired.near_taken:u	995	6819984	0
br_inst_retired.near_taken:u	996	6819984	0
br_inst_retired.near_taken:u	997	6819984	0
br_inst_retired.near_taken:u	998	6819984	0
br_inst_retired.near_taken:u	999	6819984	0
br_inst_retired.near_taken:u	1000	6819984	0
cpu_clk_unhalted.thread_p_any:u	1	7636527156	0
cpu_clk_unhalted.thread_p_any:u	2	7652658573	0
int_misc.clear_resteer_cycles:u	1	6117454	0
int_misc.clear_resteer_cycles:u	2	6361266	0
rs_events.empty_cycles:u	1	189907363	0
rs_events.empty_cycles:u	2	194372692	0
uops_executed.cycles_ge_4_uops_exec:u	1	1387899905	0
uops_executed.cycles_ge_4_uops_exec:u	2	1385864992	0
dtlb_load_misses.walk_pending:u	1	9870852	0
dtlb_load_misses.walk_pending:u	2	9925606	0
L1-dcache-stores:u	1	24160000	0
L1-dcache-stores:u	2	24160000	0
L1-dcache-stores:u	3	24160000	0
L1-dcache-stores:u	4	24160000	0
L1-dcache-stores:u	5	24160000	0
L1-dcache-stores:u	6	24160000	0
L1-dcache-stores:u	7	24160000	0
L1-dcache-stores:u	8	24160000	0
L1-dcache-stores:u	9	24160000	0
L1-dcache-stores:u	10	24160000	0
L1-dcache-stores:u	11	24160000	0
L1-dcache-stores:u	12	24160000	0
L1-dcache-stores:u	13	24160000	0
L1-dcache-stores:u	14	24160000	0
L1-dcache-stores:u	15	24160000	0
L1-dcache-stores:u	16	24160000	0
L1-dcache-stores:u	17	24160000	0
L1-dcache-stores:u	18	24160000	0
L1-dcache-stores:u	19	24160000	0
L1-dcache-stores:u	20	24160000	0
L1-dcache-stores:u	21	24160000	0
L1-dcache-stores:u	22	24160000	0
L1-dcache-stores:u	23	24160000	0
L1-dcache-stores:u	24	24160000	0
L1-dcache-stores:u	25	24160000	0
L1-dcache-stores:u	26	24160000	0
L1-dcache-stores:u	27	24160000	0
L1-dcache-stores:u	28	24160000	0
L1-dcache-stores:u	29	24160000	0
L1-dcache-stores:u	30	24160000	0
L1-dcache-stores:u	31	24160000	0
L1-dcache-stores:u	32	24160000	0
L1-dcache-stores:u	33	24160000	0
L1-dcache-stores:u	34	24160000	0
L1-dcache-stores:u	35	24160000	0
L1-dcache-stores:u	36	24160000	0
L1-dcache-stores:u	37	24160000	0
L1-dcache-stores:u	38	24160000	0
L1-dcache-stores:u	39	24160000	0
L1-dcache-stores:u	40	24160000	0
L1-dcache-stores:u	41	24160000	0
L1-dcache-stores:u	42	24160000	0
L1-dcache-stores:u	43	24160000	0
L1-dcache-stores:u	44	24160000	0
L1-dcache-stores:u	45	24160000	0
L1-dcache-stores:u	46	24160000	0
L1-dcache-stores:u	47	24160000	0
L1-dcache-stores:u	48	24160000	0
L1-dcache-stores:u	49	24160000	0
L1-dcache-stores:u	50	24160000	0
L1-dcache-stores:u	51	24160000	0
L1-dcache-stores:u	52	24160000	0
L1-dcache-stores:u	53	24160000	0
L1-dcache-stores:u	54	24160000	0
L1-dcache-stores:u	55	24160000	0
L1-dcache-stores:u	56	24160000	0
L1-dcache-stores:u	57	24160000	0
L1-dcache-stores:u	58	24160000	0
L1-dcache-stores:u	59	24160000	0
L1-dcache-stores:u	60	24160000	0
L1-dcache-stores:u	61	24160000	0
L1-dcache-stores:u	62	24160000	0
L1-dcache-stores:u	63	24160000	0
L1-dcache-stores:u	64	24160000	0
L1-dcache-stores:u	65	24160000	0
L1-dcache-stores:u	66	24160000	0
L1-dcache-stores:u	67	24160000	0
L1-dcache-stores:u	68	24160000	0
L1-dcache-stores:u	69	24160000	0
L1-dcache-stores:u	70	24160000	0
L1-dcache-stores:u	71	24160000	0
L1-dcache-stores:u	72	24160000	0
L1-dcache-stores:u	73	24159999	0
