event	round	count	exit
cpu-cycles:u	1	7666060545	0
cpu-cycles:u	2	7697081086	0
tx-conflict:u	1	0	0
tx-conflict:u	2	0	0
tx-conflict:u	3	0	0
tx-conflict:u	4	0	0
tx-conflict:u	5	0	0
tx-conflict:u	6	0	0
tx-conflict:u	7	0	0
tx-conflict:u	8	0	0
tx-conflict:u	9	0	0
tx-conflict:u	10	0	0
tx-conflict:u	11	0	0
tx-conflict:u	12	0	0
tx-conflict:u	13	0	0
tx-conflict:u	14	0	0
tx-conflict:u	15	0	0
tx-conflict:u	16	0	0
tx-conflict:u	17	0	0
tx-conflict:u	18	0	0
tx-conflict:u	19	0	0
tx-conflict:u	20	0	0
tx-conflict:u	21	0	0
tx-conflict:u	22	0	0
tx-conflict:u	23	0	0
tx-conflict:u	24	0	0
tx-conflict:u	25	0	0
tx-conflict:u	26	0	0
tx-conflict:u	27	0	0
tx-conflict:u	28	0	0
tx-conflict:u	29	0	0
tx-conflict:u	30	0	0
tx-conflict:u	31	0	0
tx-conflict:u	32	0	0
tx-conflict:u	33	0	0
tx-conflict:u	34	0	0
tx-conflict:u	35	0	0
tx-conflict:u	36	0	0
tx-conflict:u	37	0	0
tx-conflict:u	38	0	0
tx-conflict:u	39	0	0
tx-conflict:u	40	0	0
tx-conflict:u	41	0	0
tx-conflict:u	42	0	0
tx-conflict:u	43	0	0
tx-conflict:u	44	0	0
tx-conflict:u	45	0	0
tx-conflict:u	46	0	0
tx-conflict:u	47	0	0
tx-conflict:u	48	0	0
tx-conflict:u	49	0	0
tx-conflict:u	50	0	0
tx-conflict:u	51	0	0
tx-conflict:u	52	0	0
tx-conflict:u	53	0	0
tx-conflict:u	54	0	0
tx-conflict:u	55	0	0
tx-conflict:u	56	0	0
tx-conflict:u	57	0	0
tx-conflict:u	58	0	0
tx-conflict:u	59	0	0
tx-conflict:u	60	0	0
tx-conflict:u	61	0	0
tx-conflict:u	62	0	0
tx-conflict:u	63	0	0
tx-conflict:u	64	0	0
tx-conflict:u	65	0	0
tx-conflict:u	66	0	0
tx-conflict:u	67	0	0
tx-conflict:u	68	0	0
tx-conflict:u	69	0	0
tx-conflict:u	70	0	0
tx-conflict:u	71	0	0
tx-conflict:u	72	0	0
tx-conflict:u	73	0	0
tx-conflict:u	74	0	0
tx-conflict:u	75	0	0
tx-conflict:u	76	0	0
tx-conflict:u	77	0	0
tx-conflict:u	78	0	0
tx-conflict:u	79	0	0
tx-conflict:u	80	0	0
tx-conflict:u	81	0	0
tx-conflict:u	82	0	0
tx-conflict:u	83	0	0
tx-conflict:u	84	0	0
tx-conflict:u	85	0	0
tx-conflict:u	86	0	0
tx-conflict:u	87	0	0
tx-conflict:u	88	0	0
tx-conflict:u	89	0	0
tx-conflict:u	90	0	0
tx-conflict:u	91	0	0
tx-conflict:u	92	0	0
tx-conflict:u	93	0	0
tx-conflict:u	94	0	0
tx-conflict:u	95	0	0
tx-conflict:u	96	0	0
tx-conflict:u	97	0	0
tx-conflict:u	98	0	0
tx-conflict:u	99	0	0
tx-conflict:u	100	0	0
tx-conflict:u	101	0	0
tx-conflict:u	102	0	0
tx-conflict:u	103	0	0
tx-conflict:u	104	0	0
tx-conflict:u	105	0	0
tx-conflict:u	106	0	0
tx-conflict:u	107	0	0
tx-conflict:u	108	0	0
tx-conflict:u	109	0	0
tx-conflict:u	110	0	0
tx-conflict:u	111	0	0
tx-conflict:u	112	0	0
tx-conflict:u	113	0	0
tx-conflict:u	114	0	0
tx-conflict:u	115	0	0
tx-conflict:u	116	0	0
tx-conflict:u	117	0	0
tx-conflict:u	118	0	0
tx-conflict:u	119	0	0
tx-conflict:u	120	0	0
tx-conflict:u	121	0	0
tx-conflict:u	122	0	0
tx-conflict:u	123	0	0
tx-conflict:u	124	0	0
tx-conflict:u	125	0	0
tx-conflict:u	126	0	0
tx-conflict:u	127	0	0
tx-conflict:u	128	0	0
tx-conflict:u	129	0	0
tx-conflict:u	130	0	0
tx-conflict:u	131	0	0
tx-conflict:u	132	0	0
tx-conflict:u	133	0	0
tx-conflict:u	134	0	0
tx-conflict:u	135	0	0
tx-conflict:u	136	0	0
tx-conflict:u	137	0	0
tx-conflict:u	138	0	0
tx-conflict:u	139	0	0
tx-conflict:u	140	0	0
tx-conflict:u	141	0	0
tx-conflict:u	142	0	0
tx-conflict:u	143	0	0
tx-conflict:u	144	0	0
tx-conflict:u	145	0	0
tx-conflict:u	146	0	0
tx-conflict:u	147	0	0
tx-conflict:u	148	0	0
tx-conflict:u	149	0	0
tx-conflict:u	150	0	0
tx-conflict:u	151	0	0
tx-conflict:u	152	0	0
tx-conflict:u	153	0	0
tx-conflict:u	154	0	0
tx-conflict:u	155	0	0
tx-conflict:u	156	0	0
tx-conflict:u	157	0	0
tx-conflict:u	158	0	0
tx-conflict:u	159	0	0
tx-conflict:u	160	0	0
tx-conflict:u	161	0	0
tx-conflict:u	162	0	0
tx-conflict:u	163	0	0
tx-conflict:u	164	0	0
tx-conflict:u	165	0	0
tx-conflict:u	166	0	0
tx-conflict:u	167	0	0
tx-conflict:u	168	0	0
tx-conflict:u	169	0	0
tx-conflict:u	170	0	0
tx-conflict:u	171	0	0
tx-conflict:u	172	0	0
tx-conflict:u	173	0	0
tx-conflict:u	174	0	0
tx-conflict:u	175	0	0
tx-conflict:u	176	0	0
tx-conflict:u	177	0	0
tx-conflict:u	178	0	0
tx-conflict:u	179	0	0
tx-conflict:u	180	0	0
tx-conflict:u	181	0	0
tx-conflict:u	182	0	0
tx-conflict:u	183	0	0
tx-conflict:u	184	0	0
tx-conflict:u	185	0	0
tx-conflict:u	186	0	0
tx-conflict:u	187	0	0
tx-conflict:u	188	0	0
tx-conflict:u	189	0	0
tx-conflict:u	190	0	0
tx-conflict:u	191	0	0
tx-conflict:u	192	0	0
tx-conflict:u	193	0	0
tx-conflict:u	194	0	0
tx-conflict:u	195	0	0
tx-conflict:u	196	0	0
tx-conflict:u	197	0	0
tx-conflict:u	198	0	0
tx-conflict:u	199	0	0
tx-conflict:u	200	0	0
tx-conflict:u	201	0	0
tx-conflict:u	202	0	0
tx-conflict:u	203	0	0
tx-conflict:u	204	0	0
tx-conflict:u	205	0	0
tx-conflict:u	206	0	0
tx-conflict:u	207	0	0
tx-conflict:u	208	0	0
tx-conflict:u	209	0	0
tx-conflict:u	210	0	0
tx-conflict:u	211	0	0
tx-conflict:u	212	0	0
tx-conflict:u	213	0	0
tx-conflict:u	214	0	0
tx-conflict:u	215	0	0
tx-conflict:u	216	0	0
tx-conflict:u	217	0	0
tx-conflict:u	218	0	0
tx-conflict:u	219	0	0
tx-conflict:u	220	0	0
tx-conflict:u	221	0	0
tx-conflict:u	222	0	0
tx-conflict:u	223	0	0
tx-conflict:u	224	0	0
tx-conflict:u	225	0	0
tx-conflict:u	226	0	0
tx-conflict:u	227	0	0
tx-conflict:u	228	0	0
tx-conflict:u	229	0	0
tx-conflict:u	230	0	0
tx-conflict:u	231	0	0
tx-conflict:u	232	0	0
tx-conflict:u	233	0	0
tx-conflict:u	234	0	0
tx-conflict:u	235	0	0
tx-conflict:u	236	0	0
tx-conflict:u	237	0	0
tx-conflict:u	238	0	0
tx-conflict:u	239	0	0
tx-conflict:u	240	0	0
tx-conflict:u	241	0	0
tx-conflict:u	242	0	0
tx-conflict:u	243	0	0
tx-conflict:u	244	0	0
tx-conflict:u	245	0	0
tx-conflict:u	246	0	0
tx-conflict:u	247	0	0
tx-conflict:u	248	0	0
tx-conflict:u	249	0	0
tx-conflict:u	250	0	0
tx-conflict:u	251	0	0
tx-conflict:u	252	0	0
tx-conflict:u	253	0	0
tx-conflict:u	254	0	0
tx-conflict:u	255	0	0
tx-conflict:u	256	0	0
tx-conflict:u	257	0	0
tx-conflict:u	258	0	0
tx-conflict:u	259	0	0
tx-conflict:u	260	0	0
tx-conflict:u	261	0	0
tx-conflict:u	262	0	0
tx-conflict:u	263	0	0
tx-conflict:u	264	0	0
tx-conflict:u	265	0	0
tx-conflict:u	266	0	0
tx-conflict:u	267	0	0
tx-conflict:u	268	0	0
tx-conflict:u	269	0	0
tx-conflict:u	270	0	0
tx-conflict:u	271	0	0
tx-conflict:u	272	0	0
tx-conflict:u	273	0	0
tx-conflict:u	274	0	0
tx-conflict:u	275	0	0
tx-conflict:u	276	0	0
tx-conflict:u	277	0	0
tx-conflict:u	278	0	0
tx-conflict:u	279	0	0
tx-conflict:u	280	0	0
tx-conflict:u	281	0	0
tx-conflict:u	282	0	0
tx-conflict:u	283	0	0
tx-conflict:u	284	0	0
tx-conflict:u	285	0	0
tx-conflict:u	286	0	0
tx-conflict:u	287	0	0
tx-conflict:u	288	0	0
tx-conflict:u	289	0	0
tx-conflict:u	290	0	0
tx-conflict:u	291	0	0
tx-conflict:u	292	0	0
tx-conflict:u	293	0	0
tx-conflict:u	294	0	0
tx-conflict:u	295	0	0
tx-conflict:u	296	0	0
tx-conflict:u	297	0	0
tx-conflict:u	298	0	0
tx-conflict:u	299	0	0
tx-conflict:u	300	0	0
tx-conflict:u	301	0	0
tx-conflict:u	302	0	0
tx-conflict:u	303	0	0
tx-conflict:u	304	0	0
tx-conflict:u	305	0	0
tx-conflict:u	306	0	0
tx-conflict:u	307	0	0
tx-conflict:u	308	0	0
tx-conflict:u	309	0	0
tx-conflict:u	310	0	0
tx-conflict:u	311	0	0
tx-conflict:u	312	0	0
tx-conflict:u	313	0	0
tx-conflict:u	314	0	0
tx-conflict:u	315	0	0
tx-conflict:u	316	0	0
tx-conflict:u	317	0	0
tx-conflict:u	318	0	0
tx-conflict:u	319	0	0
tx-conflict:u	320	0	0
tx-conflict:u	321	0	0
tx-conflict:u	322	0	0
tx-conflict:u	323	0	0
tx-conflict:u	324	0	0
tx-conflict:u	325	0	0
tx-conflict:u	326	0	0
tx-conflict:u	327	0	0
tx-conflict:u	328	0	0
tx-conflict:u	329	0	0
tx-conflict:u	330	0	0
tx-conflict:u	331	0	0
tx-conflict:u	332	0	0
tx-conflict:u	333	0	0
tx-conflict:u	334	0	0
tx-conflict:u	335	0	0
tx-conflict:u	336	0	0
tx-conflict:u	337	0	0
tx-conflict:u	338	0	0
tx-conflict:u	339	0	0
tx-conflict:u	340	0	0
tx-conflict:u	341	0	0
tx-conflict:u	342	0	0
tx-conflict:u	343	0	0
tx-conflict:u	344	0	0
tx-conflict:u	345	0	0
tx-conflict:u	346	0	0
tx-conflict:u	347	0	0
tx-conflict:u	348	0	0
tx-conflict:u	349	0	0
tx-conflict:u	350	0	0
tx-conflict:u	351	0	0
tx-conflict:u	352	0	0
tx-conflict:u	353	0	0
tx-conflict:u	354	0	0
tx-conflict:u	355	0	0
tx-conflict:u	356	0	0
tx-conflict:u	357	0	0
tx-conflict:u	358	0	0
tx-conflict:u	359	0	0
tx-conflict:u	360	0	0
tx-conflict:u	361	0	0
tx-conflict:u	362	0	0
tx-conflict:u	363	0	0
tx-conflict:u	364	0	0
tx-conflict:u	365	0	0
tx-conflict:u	366	0	0
tx-conflict:u	367	0	0
tx-conflict:u	368	0	0
tx-conflict:u	369	0	0
tx-conflict:u	370	0	0
tx-conflict:u	371	0	0
tx-conflict:u	372	0	0
tx-conflict:u	373	0	0
tx-conflict:u	374	0	0
tx-conflict:u	375	0	0
tx-conflict:u	376	0	0
tx-conflict:u	377	0	0
tx-conflict:u	378	0	0
tx-conflict:u	379	0	0
tx-conflict:u	380	0	0
tx-conflict:u	381	0	0
tx-conflict:u	382	0	0
tx-conflict:u	383	0	0
tx-conflict:u	384	0	0
tx-conflict:u	385	0	0
tx-conflict:u	386	0	0
tx-conflict:u	387	0	0
tx-conflict:u	388	0	0
tx-conflict:u	389	0	0
tx-conflict:u	390	0	0
tx-conflict:u	391	0	0
tx-conflict:u	392	0	0
tx-conflict:u	393	0	0
tx-conflict:u	394	0	0
tx-conflict:u	395	0	0
tx-conflict:u	396	0	0
tx-conflict:u	397	0	0
tx-conflict:u	398	0	0
tx-conflict:u	399	0	0
tx-conflict:u	400	0	0
tx-conflict:u	401	0	0
tx-conflict:u	402	0	0
tx-conflict:u	403	0	0
tx-conflict:u	404	0	0
tx-conflict:u	405	0	0
tx-conflict:u	406	0	0
tx-conflict:u	407	0	0
tx-conflict:u	408	0	0
tx-conflict:u	409	0	0
tx-conflict:u	410	0	0
tx-conflict:u	411	0	0
tx-conflict:u	412	0	0
tx-conflict:u	413	0	0
tx-conflict:u	414	0	0
tx-conflict:u	415	0	0
tx-conflict:u	416	0	0
tx-conflict:u	417	0	0
tx-conflict:u	418	0	0
tx-conflict:u	419	0	0
tx-conflict:u	420	0	0
tx-conflict:u	421	0	0
tx-conflict:u	422	0	0
tx-conflict:u	423	0	0
tx-conflict:u	424	0	0
tx-conflict:u	425	0	0
tx-conflict:u	426	0	0
tx-conflict:u	427	0	0
tx-conflict:u	428	0	0
tx-conflict:u	429	0	0
tx-conflict:u	430	0	0
tx-conflict:u	431	0	0
tx-conflict:u	432	0	0
tx-conflict:u	433	0	0
tx-conflict:u	434	0	0
tx-conflict:u	435	0	0
tx-conflict:u	436	0	0
tx-conflict:u	437	0	0
tx-conflict:u	438	0	0
tx-conflict:u	439	0	0
tx-conflict:u	440	0	0
tx-conflict:u	441	0	0
tx-conflict:u	442	0	0
tx-conflict:u	443	0	0
tx-conflict:u	444	0	0
tx-conflict:u	445	0	0
tx-conflict:u	446	0	0
tx-conflict:u	447	0	0
tx-conflict:u	448	0	0
tx-conflict:u	449	0	0
tx-conflict:u	450	0	0
tx-conflict:u	451	0	0
tx-conflict:u	452	0	0
tx-conflict:u	453	0	0
tx-conflict:u	454	0	0
tx-conflict:u	455	0	0
tx-conflict:u	456	0	0
tx-conflict:u	457	0	0
tx-conflict:u	458	0	0
tx-conflict:u	459	0	0
tx-conflict:u	460	0	0
tx-conflict:u	461	0	0
tx-conflict:u	462	0	0
tx-conflict:u	463	0	0
tx-conflict:u	464	0	0
tx-conflict:u	465	0	0
tx-conflict:u	466	0	0
tx-conflict:u	467	0	0
tx-conflict:u	468	0	0
tx-conflict:u	469	0	0
tx-conflict:u	470	0	0
tx-conflict:u	471	0	0
tx-conflict:u	472	0	0
tx-conflict:u	473	0	0
tx-conflict:u	474	0	0
tx-conflict:u	475	0	0
tx-conflict:u	476	0	0
tx-conflict:u	477	0	0
tx-conflict:u	478	0	0
tx-conflict:u	479	0	0
tx-conflict:u	480	0	0
tx-conflict:u	481	0	0
tx-conflict:u	482	0	0
tx-conflict:u	483	0	0
tx-conflict:u	484	0	0
tx-conflict:u	485	0	0
tx-conflict:u	486	0	0
tx-conflict:u	487	0	0
tx-conflict:u	488	0	0
tx-conflict:u	489	0	0
tx-conflict:u	490	0	0
tx-conflict:u	491	0	0
tx-conflict:u	492	0	0
tx-conflict:u	493	0	0
tx-conflict:u	494	0	0
tx-conflict:u	495	0	0
tx-conflict:u	496	0	0
tx-conflict:u	497	0	0
tx-conflict:u	498	0	0
tx-conflict:u	499	0	0
tx-conflict:u	500	0	0
tx-conflict:u	501	0	0
tx-conflict:u	502	0	0
tx-conflict:u	503	0	0
tx-conflict:u	504	0	0
tx-conflict:u	505	0	0
tx-conflict:u	506	0	0
tx-conflict:u	507	0	0
tx-conflict:u	508	0	0
tx-conflict:u	509	0	0
tx-conflict:u	510	0	0
tx-conflict:u	511	0	0
tx-conflict:u	512	0	0
tx-conflict:u	513	0	0
tx-conflict:u	514	0	0
tx-conflict:u	515	0	0
tx-conflict:u	516	0	0
tx-conflict:u	517	0	0
tx-conflict:u	518	0	0
tx-conflict:u	519	0	0
tx-conflict:u	520	0	0
tx-conflict:u	521	0	0
tx-conflict:u	522	0	0
tx-conflict:u	523	0	0
tx-conflict:u	524	0	0
tx-conflict:u	525	0	0
tx-conflict:u	526	0	0
tx-conflict:u	527	0	0
tx-conflict:u	528	0	0
tx-conflict:u	529	0	0
tx-conflict:u	530	0	0
tx-conflict:u	531	0	0
tx-conflict:u	532	0	0
tx-conflict:u	533	0	0
tx-conflict:u	534	0	0
tx-conflict:u	535	0	0
tx-conflict:u	536	0	0
tx-conflict:u	537	0	0
tx-conflict:u	538	0	0
tx-conflict:u	539	0	0
tx-conflict:u	540	0	0
tx-conflict:u	541	0	0
tx-conflict:u	542	0	0
tx-conflict:u	543	0	0
tx-conflict:u	544	0	0
tx-conflict:u	545	0	0
tx-conflict:u	546	0	0
tx-conflict:u	547	0	0
tx-conflict:u	548	0	0
tx-conflict:u	549	0	0
tx-conflict:u	550	0	0
tx-conflict:u	551	0	0
tx-conflict:u	552	0	0
tx-conflict:u	553	0	0
tx-conflict:u	554	0	0
tx-conflict:u	555	0	0
tx-conflict:u	556	0	0
tx-conflict:u	557	0	0
tx-conflict:u	558	0	0
tx-conflict:u	559	0	0
tx-conflict:u	560	0	0
tx-conflict:u	561	0	0
tx-conflict:u	562	0	0
tx-conflict:u	563	0	0
tx-conflict:u	564	0	0
tx-conflict:u	565	0	0
tx-conflict:u	566	0	0
tx-conflict:u	567	0	0
tx-conflict:u	568	0	0
tx-conflict:u	569	0	0
tx-conflict:u	570	0	0
tx-conflict:u	571	0	0
tx-conflict:u	572	0	0
tx-conflict:u	573	0	0
tx-conflict:u	574	0	0
tx-conflict:u	575	0	0
tx-conflict:u	576	0	0
tx-conflict:u	577	0	0
tx-conflict:u	578	0	0
tx-conflict:u	579	0	0
tx-conflict:u	580	0	0
tx-conflict:u	581	0	0
tx-conflict:u	582	0	0
tx-conflict:u	583	0	0
tx-conflict:u	584	0	0
tx-conflict:u	585	0	0
tx-conflict:u	586	0	0
tx-conflict:u	587	0	0
tx-conflict:u	588	0	0
tx-conflict:u	589	0	0
tx-conflict:u	590	0	0
tx-conflict:u	591	0	0
tx-conflict:u	592	0	0
tx-conflict:u	593	0	0
tx-conflict:u	594	0	0
tx-conflict:u	595	0	0
tx-conflict:u	596	0	0
tx-conflict:u	597	0	0
tx-conflict:u	598	0	0
tx-conflict:u	599	0	0
tx-conflict:u	600	0	0
tx-conflict:u	601	0	0
tx-conflict:u	602	0	0
tx-conflict:u	603	0	0
tx-conflict:u	604	0	0
tx-conflict:u	605	0	0
tx-conflict:u	606	0	0
tx-conflict:u	607	0	0
tx-conflict:u	608	0	0
tx-conflict:u	609	0	0
tx-conflict:u	610	0	0
tx-conflict:u	611	0	0
tx-conflict:u	612	0	0
tx-conflict:u	613	0	0
tx-conflict:u	614	0	0
tx-conflict:u	615	0	0
tx-conflict:u	616	0	0
tx-conflict:u	617	0	0
tx-conflict:u	618	0	0
tx-conflict:u	619	0	0
tx-conflict:u	620	0	0
tx-conflict:u	621	0	0
tx-conflict:u	622	0	0
tx-conflict:u	623	0	0
tx-conflict:u	624	0	0
tx-conflict:u	625	0	0
tx-conflict:u	626	0	0
tx-conflict:u	627	0	0
tx-conflict:u	628	0	0
tx-conflict:u	629	0	0
tx-conflict:u	630	0	0
tx-conflict:u	631	0	0
tx-conflict:u	632	0	0
tx-conflict:u	633	0	0
tx-conflict:u	634	0	0
tx-conflict:u	635	0	0
tx-conflict:u	636	0	0
tx-conflict:u	637	0	0
tx-conflict:u	638	0	0
tx-conflict:u	639	0	0
tx-conflict:u	640	0	0
tx-conflict:u	641	0	0
tx-conflict:u	642	0	0
tx-conflict:u	643	0	0
tx-conflict:u	644	0	0
tx-conflict:u	645	0	0
tx-conflict:u	646	0	0
tx-conflict:u	647	0	0
tx-conflict:u	648	0	0
tx-conflict:u	649	0	0
tx-conflict:u	650	0	0
tx-conflict:u	651	0	0
tx-conflict:u	652	0	0
tx-conflict:u	653	0	0
tx-conflict:u	654	0	0
tx-conflict:u	655	0	0
tx-conflict:u	656	0	0
tx-conflict:u	657	0	0
tx-conflict:u	658	0	0
tx-conflict:u	659	0	0
tx-conflict:u	660	0	0
tx-conflict:u	661	0	0
tx-conflict:u	662	0	0
tx-conflict:u	663	0	0
tx-conflict:u	664	0	0
tx-conflict:u	665	0	0
tx-conflict:u	666	0	0
tx-conflict:u	667	0	0
tx-conflict:u	668	0	0
tx-conflict:u	669	0	0
tx-conflict:u	670	0	0
tx-conflict:u	671	0	0
tx-conflict:u	672	0	0
tx-conflict:u	673	0	0
tx-conflict:u	674	0	0
tx-conflict:u	675	0	0
tx-conflict:u	676	0	0
tx-conflict:u	677	0	0
tx-conflict:u	678	0	0
tx-conflict:u	679	0	0
tx-conflict:u	680	0	0
tx-conflict:u	681	0	0
tx-conflict:u	682	0	0
tx-conflict:u	683	0	0
tx-conflict:u	684	0	0
tx-conflict:u	685	0	0
tx-conflict:u	686	0	0
tx-conflict:u	687	0	0
tx-conflict:u	688	0	0
tx-conflict:u	689	0	0
tx-conflict:u	690	0	0
tx-conflict:u	691	0	0
tx-conflict:u	692	0	0
tx-conflict:u	693	0	0
tx-conflict:u	694	0	0
tx-conflict:u	695	0	0
tx-conflict:u	696	0	0
tx-conflict:u	697	0	0
tx-conflict:u	698	0	0
tx-conflict:u	699	0	0
tx-conflict:u	700	0	0
tx-conflict:u	701	0	0
tx-conflict:u	702	0	0
tx-conflict:u	703	0	0
tx-conflict:u	704	0	0
tx-conflict:u	705	0	0
tx-conflict:u	706	0	0
tx-conflict:u	707	0	0
tx-conflict:u	708	0	0
tx-conflict:u	709	0	0
tx-conflict:u	710	0	0
tx-conflict:u	711	0	0
tx-conflict:u	712	0	0
tx-conflict:u	713	0	0
tx-conflict:u	714	0	0
tx-conflict:u	715	0	0
tx-conflict:u	716	0	0
tx-conflict:u	717	0	0
tx-conflict:u	718	0	0
tx-conflict:u	719	0	0
tx-conflict:u	720	0	0
tx-conflict:u	721	0	0
tx-conflict:u	722	0	0
tx-conflict:u	723	0	0
tx-conflict:u	724	0	0
tx-conflict:u	725	0	0
tx-conflict:u	726	0	0
tx-conflict:u	727	0	0
tx-conflict:u	728	0	0
tx-conflict:u	729	0	0
tx-conflict:u	730	0	0
tx-conflict:u	731	0	0
tx-conflict:u	732	0	0
tx-conflict:u	733	0	0
tx-conflict:u	734	0	0
tx-conflict:u	735	0	0
tx-conflict:u	736	0	0
tx-conflict:u	737	0	0
tx-conflict:u	738	0	0
tx-conflict:u	739	0	0
tx-conflict:u	740	0	0
tx-conflict:u	741	0	0
tx-conflict:u	742	0	0
tx-conflict:u	743	0	0
tx-conflict:u	744	0	0
tx-conflict:u	745	0	0
tx-conflict:u	746	0	0
tx-conflict:u	747	0	0
tx-conflict:u	748	0	0
tx-conflict:u	749	0	0
tx-conflict:u	750	0	0
tx-conflict:u	751	0	0
tx-conflict:u	752	0	0
tx-conflict:u	753	0	0
tx-conflict:u	754	0	0
tx-conflict:u	755	0	0
tx-conflict:u	756	0	0
tx-conflict:u	757	0	0
tx-conflict:u	758	0	0
tx-conflict:u	759	0	0
tx-conflict:u	760	0	0
tx-conflict:u	761	0	0
tx-conflict:u	762	0	0
tx-conflict:u	763	0	0
tx-conflict:u	764	0	0
tx-conflict:u	765	0	0
tx-conflict:u	766	0	0
tx-conflict:u	767	0	0
tx-conflict:u	768	0	0
tx-conflict:u	769	0	0
tx-conflict:u	770	0	0
tx-conflict:u	771	0	0
tx-conflict:u	772	0	0
tx-conflict:u	773	0	0
tx-conflict:u	774	0	0
tx-conflict:u	775	0	0
tx-conflict:u	776	0	0
tx-conflict:u	777	0	0
tx-conflict:u	778	0	0
tx-conflict:u	779	0	0
tx-conflict:u	780	0	0
tx-conflict:u	781	0	0
tx-conflict:u	782	0	0
tx-conflict:u	783	0	0
tx-conflict:u	784	0	0
tx-conflict:u	785	0	0
tx-conflict:u	786	0	0
tx-conflict:u	787	0	0
tx-conflict:u	788	0	0
tx-conflict:u	789	0	0
tx-conflict:u	790	0	0
tx-conflict:u	791	0	0
tx-conflict:u	792	0	0
tx-conflict:u	793	0	0
tx-conflict:u	794	0	0
tx-conflict:u	795	0	0
tx-conflict:u	796	0	0
tx-conflict:u	797	0	0
tx-conflict:u	798	0	0
tx-conflict:u	799	0	0
tx-conflict:u	800	0	0
tx-conflict:u	801	0	0
tx-conflict:u	802	0	0
tx-conflict:u	803	0	0
tx-conflict:u	804	0	0
tx-conflict:u	805	0	0
tx-conflict:u	806	0	0
tx-conflict:u	807	0	0
tx-conflict:u	808	0	0
tx-conflict:u	809	0	0
tx-conflict:u	810	0	0
tx-conflict:u	811	0	0
tx-conflict:u	812	0	0
tx-conflict:u	813	0	0
tx-conflict:u	814	0	0
tx-conflict:u	815	0	0
tx-conflict:u	816	0	0
tx-conflict:u	817	0	0
tx-conflict:u	818	0	0
tx-conflict:u	819	0	0
tx-conflict:u	820	0	0
tx-conflict:u	821	0	0
tx-conflict:u	822	0	0
tx-conflict:u	823	0	0
tx-conflict:u	824	0	0
tx-conflict:u	825	0	0
tx-conflict:u	826	0	0
tx-conflict:u	827	0	0
tx-conflict:u	828	0	0
tx-conflict:u	829	0	0
tx-conflict:u	830	0	0
tx-conflict:u	831	0	0
tx-conflict:u	832	0	0
tx-conflict:u	833	0	0
tx-conflict:u	834	0	0
tx-conflict:u	835	0	0
tx-conflict:u	836	0	0
tx-conflict:u	837	0	0
tx-conflict:u	838	0	0
tx-conflict:u	839	0	0
tx-conflict:u	840	0	0
tx-conflict:u	841	0	0
tx-conflict:u	842	0	0
tx-conflict:u	843	0	0
tx-conflict:u	844	0	0
tx-conflict:u	845	0	0
tx-conflict:u	846	0	0
tx-conflict:u	847	0	0
tx-conflict:u	848	0	0
tx-conflict:u	849	0	0
tx-conflict:u	850	0	0
tx-conflict:u	851	0	0
tx-conflict:u	852	0	0
tx-conflict:u	853	0	0
tx-conflict:u	854	0	0
tx-conflict:u	855	0	0
tx-conflict:u	856	0	0
tx-conflict:u	857	0	0
tx-conflict:u	858	0	0
tx-conflict:u	859	0	0
tx-conflict:u	860	0	0
tx-conflict:u	861	0	0
tx-conflict:u	862	0	0
tx-conflict:u	863	0	0
tx-conflict:u	864	0	0
tx-conflict:u	865	0	0
tx-conflict:u	866	0	0
tx-conflict:u	867	0	0
tx-conflict:u	868	0	0
tx-conflict:u	869	0	0
tx-conflict:u	870	0	0
tx-conflict:u	871	0	0
tx-conflict:u	872	0	0
tx-conflict:u	873	0	0
tx-conflict:u	874	0	0
tx-conflict:u	875	0	0
tx-conflict:u	876	0	0
tx-conflict:u	877	0	0
tx-conflict:u	878	0	0
tx-conflict:u	879	0	0
tx-conflict:u	880	0	0
tx-conflict:u	881	0	0
tx-conflict:u	882	0	0
tx-conflict:u	883	0	0
tx-conflict:u	884	0	0
tx-conflict:u	885	0	0
tx-conflict:u	886	0	0
tx-conflict:u	887	0	0
tx-conflict:u	888	0	0
tx-conflict:u	889	0	0
tx-conflict:u	890	0	0
tx-conflict:u	891	0	0
tx-conflict:u	892	0	0
tx-conflict:u	893	0	0
tx-conflict:u	894	0	0
tx-conflict:u	895	0	0
tx-conflict:u	896	0	0
tx-conflict:u	897	0	0
tx-conflict:u	898	0	0
tx-conflict:u	899	0	0
tx-conflict:u	900	0	0
tx-conflict:u	901	0	0
tx-conflict:u	902	0	0
tx-conflict:u	903	0	0
tx-conflict:u	904	0	0
tx-conflict:u	905	0	0
tx-conflict:u	906	0	0
tx-conflict:u	907	0	0
tx-conflict:u	908	0	0
tx-conflict:u	909	0	0
tx-conflict:u	910	0	0
tx-conflict:u	911	0	0
tx-conflict:u	912	0	0
tx-conflict:u	913	0	0
tx-conflict:u	914	0	0
tx-conflict:u	915	0	0
tx-conflict:u	916	0	0
tx-conflict:u	917	0	0
tx-conflict:u	918	0	0
tx-conflict:u	919	0	0
tx-conflict:u	920	0	0
tx-conflict:u	921	0	0
tx-conflict:u	922	0	0
tx-conflict:u	923	0	0
tx-conflict:u	924	0	0
tx-conflict:u	925	0	0
tx-conflict:u	926	0	0
tx-conflict:u	927	0	0
tx-conflict:u	928	0	0
tx-conflict:u	929	0	0
tx-conflict:u	930	0	0
tx-conflict:u	931	0	0
tx-conflict:u	932	0	0
tx-conflict:u	933	0	0
tx-conflict:u	934	0	0
tx-conflict:u	935	0	0
tx-conflict:u	936	0	0
tx-conflict:u	937	0	0
tx-conflict:u	938	0	0
tx-conflict:u	939	0	0
tx-conflict:u	940	0	0
tx-conflict:u	941	0	0
tx-conflict:u	942	0	0
tx-conflict:u	943	0	0
tx-conflict:u	944	0	0
tx-conflict:u	945	0	0
tx-conflict:u	946	0	0
tx-conflict:u	947	0	0
tx-conflict:u	948	0	0
tx-conflict:u	949	0	0
tx-conflict:u	950	0	0
tx-conflict:u	951	0	0
tx-conflict:u	952	0	0
tx-conflict:u	953	0	0
tx-conflict:u	954	0	0
tx-conflict:u	955	0	0
tx-conflict:u	956	0	0
tx-conflict:u	957	0	0
tx-conflict:u	958	0	0
tx-conflict:u	959	0	0
tx-conflict:u	960	0	0
tx-conflict:u	961	0	0
tx-conflict:u	962	0	0
tx-conflict:u	963	0	0
tx-conflict:u	964	0	0
tx-conflict:u	965	0	0
tx-conflict:u	966	0	0
tx-conflict:u	967	0	0
tx-conflict:u	968	0	0
tx-conflict:u	969	0	0
tx-conflict:u	970	0	0
tx-conflict:u	971	0	0
tx-conflict:u	972	0	0
tx-conflict:u	973	0	0
tx-conflict:u	974	0	0
tx-conflict:u	975	0	0
tx-conflict:u	976	0	0
tx-conflict:u	977	0	0
tx-conflict:u	978	0	0
tx-conflict:u	979	0	0
tx-conflict:u	980	0	0
tx-conflict:u	981	0	0
tx-conflict:u	982	0	0
tx-conflict:u	983	0	0
tx-conflict:u	984	0	0
tx-conflict:u	985	0	0
tx-conflict:u	986	0	0
tx-conflict:u	987	0	0
tx-conflict:u	988	0	0
tx-conflict:u	989	0	0
tx-conflict:u	990	0	0
tx-conflict:u	991	0	0
tx-conflict:u	992	0	0
tx-conflict:u	993	0	0
tx-conflict:u	994	0	0
tx-conflict:u	995	0	0
tx-conflict:u	996	0	0
tx-conflict:u	997	0	0
tx-conflict:u	998	0	0
tx-conflict:u	999	0	0
tx-conflict:u	1000	0	0
l2_rqsts.demand_data_rd_hit:u	1	750133	0
l2_rqsts.demand_data_rd_hit:u	2	822398	0
mem_load_l3_hit_retired.xsnp_hit:u	1	0	0
mem_load_l3_hit_retired.xsnp_hit:u	2	0	0
mem_load_l3_hit_retired.xsnp_hit:u	3	0	0
mem_load_l3_hit_retired.xsnp_hit:u	4	0	0
mem_load_l3_hit_retired.xsnp_hit:u	5	0	0
mem_load_l3_hit_retired.xsnp_hit:u	6	0	0
mem_load_l3_hit_retired.xsnp_hit:u	7	0	0
mem_load_l3_hit_retired.xsnp_hit:u	8	0	0
mem_load_l3_hit_retired.xsnp_hit:u	9	0	0
mem_load_l3_hit_retired.xsnp_hit:u	10	0	0
mem_load_l3_hit_retired.xsnp_hit:u	11	0	0
mem_load_l3_hit_retired.xsnp_hit:u	12	0	0
mem_load_l3_hit_retired.xsnp_hit:u	13	0	0
mem_load_l3_hit_retired.xsnp_hit:u	14	0	0
mem_load_l3_hit_retired.xsnp_hit:u	15	0	0
mem_load_l3_hit_retired.xsnp_hit:u	16	0	0
mem_load_l3_hit_retired.xsnp_hit:u	17	0	0
mem_load_l3_hit_retired.xsnp_hit:u	18	0	0
mem_load_l3_hit_retired.xsnp_hit:u	19	0	0
mem_load_l3_hit_retired.xsnp_hit:u	20	0	0
mem_load_l3_hit_retired.xsnp_hit:u	21	0	0
mem_load_l3_hit_retired.xsnp_hit:u	22	0	0
mem_load_l3_hit_retired.xsnp_hit:u	23	0	0
mem_load_l3_hit_retired.xsnp_hit:u	24	0	0
mem_load_l3_hit_retired.xsnp_hit:u	25	0	0
mem_load_l3_hit_retired.xsnp_hit:u	26	0	0
mem_load_l3_hit_retired.xsnp_hit:u	27	0	0
mem_load_l3_hit_retired.xsnp_hit:u	28	0	0
mem_load_l3_hit_retired.xsnp_hit:u	29	0	0
mem_load_l3_hit_retired.xsnp_hit:u	30	0	0
mem_load_l3_hit_retired.xsnp_hit:u	31	0	0
mem_load_l3_hit_retired.xsnp_hit:u	32	0	0
mem_load_l3_hit_retired.xsnp_hit:u	33	0	0
mem_load_l3_hit_retired.xsnp_hit:u	34	0	0
mem_load_l3_hit_retired.xsnp_hit:u	35	0	0
mem_load_l3_hit_retired.xsnp_hit:u	36	0	0
mem_load_l3_hit_retired.xsnp_hit:u	37	0	0
mem_load_l3_hit_retired.xsnp_hit:u	38	0	0
mem_load_l3_hit_retired.xsnp_hit:u	39	0	0
mem_load_l3_hit_retired.xsnp_hit:u	40	0	0
mem_load_l3_hit_retired.xsnp_hit:u	41	0	0
mem_load_l3_hit_retired.xsnp_hit:u	42	0	0
mem_load_l3_hit_retired.xsnp_hit:u	43	0	0
mem_load_l3_hit_retired.xsnp_hit:u	44	0	0
mem_load_l3_hit_retired.xsnp_hit:u	45	0	0
mem_load_l3_hit_retired.xsnp_hit:u	46	0	0
mem_load_l3_hit_retired.xsnp_hit:u	47	0	0
mem_load_l3_hit_retired.xsnp_hit:u	48	0	0
mem_load_l3_hit_retired.xsnp_hit:u	49	0	0
mem_load_l3_hit_retired.xsnp_hit:u	50	0	0
mem_load_l3_hit_retired.xsnp_hit:u	51	0	0
mem_load_l3_hit_retired.xsnp_hit:u	52	0	0
mem_load_l3_hit_retired.xsnp_hit:u	53	0	0
mem_load_l3_hit_retired.xsnp_hit:u	54	0	0
mem_load_l3_hit_retired.xsnp_hit:u	55	0	0
mem_load_l3_hit_retired.xsnp_hit:u	56	0	0
mem_load_l3_hit_retired.xsnp_hit:u	57	0	0
mem_load_l3_hit_retired.xsnp_hit:u	58	0	0
mem_load_l3_hit_retired.xsnp_hit:u	59	0	0
mem_load_l3_hit_retired.xsnp_hit:u	60	0	0
mem_load_l3_hit_retired.xsnp_hit:u	61	0	0
mem_load_l3_hit_retired.xsnp_hit:u	62	0	0
mem_load_l3_hit_retired.xsnp_hit:u	63	0	0
mem_load_l3_hit_retired.xsnp_hit:u	64	0	0
mem_load_l3_hit_retired.xsnp_hit:u	65	0	0
mem_load_l3_hit_retired.xsnp_hit:u	66	0	0
mem_load_l3_hit_retired.xsnp_hit:u	67	0	0
mem_load_l3_hit_retired.xsnp_hit:u	68	0	0
mem_load_l3_hit_retired.xsnp_hit:u	69	0	0
mem_load_l3_hit_retired.xsnp_hit:u	70	0	0
mem_load_l3_hit_retired.xsnp_hit:u	71	0	0
mem_load_l3_hit_retired.xsnp_hit:u	72	0	0
mem_load_l3_hit_retired.xsnp_hit:u	73	0	0
mem_load_l3_hit_retired.xsnp_hit:u	74	0	0
mem_load_l3_hit_retired.xsnp_hit:u	75	0	0
mem_load_l3_hit_retired.xsnp_hit:u	76	0	0
mem_load_l3_hit_retired.xsnp_hit:u	77	0	0
mem_load_l3_hit_retired.xsnp_hit:u	78	0	0
mem_load_l3_hit_retired.xsnp_hit:u	79	0	0
mem_load_l3_hit_retired.xsnp_hit:u	80	0	0
mem_load_l3_hit_retired.xsnp_hit:u	81	0	0
mem_load_l3_hit_retired.xsnp_hit:u	82	0	0
mem_load_l3_hit_retired.xsnp_hit:u	83	0	0
mem_load_l3_hit_retired.xsnp_hit:u	84	0	0
mem_load_l3_hit_retired.xsnp_hit:u	85	0	0
mem_load_l3_hit_retired.xsnp_hit:u	86	0	0
mem_load_l3_hit_retired.xsnp_hit:u	87	0	0
mem_load_l3_hit_retired.xsnp_hit:u	88	0	0
mem_load_l3_hit_retired.xsnp_hit:u	89	0	0
mem_load_l3_hit_retired.xsnp_hit:u	90	0	0
mem_load_l3_hit_retired.xsnp_hit:u	91	0	0
mem_load_l3_hit_retired.xsnp_hit:u	92	0	0
mem_load_l3_hit_retired.xsnp_hit:u	93	0	0
mem_load_l3_hit_retired.xsnp_hit:u	94	0	0
mem_load_l3_hit_retired.xsnp_hit:u	95	0	0
mem_load_l3_hit_retired.xsnp_hit:u	96	0	0
mem_load_l3_hit_retired.xsnp_hit:u	97	0	0
mem_load_l3_hit_retired.xsnp_hit:u	98	0	0
mem_load_l3_hit_retired.xsnp_hit:u	99	0	0
mem_load_l3_hit_retired.xsnp_hit:u	100	0	0
mem_load_l3_hit_retired.xsnp_hit:u	101	0	0
mem_load_l3_hit_retired.xsnp_hit:u	102	0	0
mem_load_l3_hit_retired.xsnp_hit:u	103	0	0
mem_load_l3_hit_retired.xsnp_hit:u	104	0	0
mem_load_l3_hit_retired.xsnp_hit:u	105	0	0
mem_load_l3_hit_retired.xsnp_hit:u	106	0	0
mem_load_l3_hit_retired.xsnp_hit:u	107	0	0
mem_load_l3_hit_retired.xsnp_hit:u	108	0	0
mem_load_l3_hit_retired.xsnp_hit:u	109	0	0
mem_load_l3_hit_retired.xsnp_hit:u	110	0	0
mem_load_l3_hit_retired.xsnp_hit:u	111	0	0
mem_load_l3_hit_retired.xsnp_hit:u	112	0	0
mem_load_l3_hit_retired.xsnp_hit:u	113	0	0
mem_load_l3_hit_retired.xsnp_hit:u	114	0	0
mem_load_l3_hit_retired.xsnp_hit:u	115	0	0
mem_load_l3_hit_retired.xsnp_hit:u	116	0	0
mem_load_l3_hit_retired.xsnp_hit:u	117	0	0
mem_load_l3_hit_retired.xsnp_hit:u	118	0	0
mem_load_l3_hit_retired.xsnp_hit:u	119	0	0
mem_load_l3_hit_retired.xsnp_hit:u	120	0	0
mem_load_l3_hit_retired.xsnp_hit:u	121	0	0
mem_load_l3_hit_retired.xsnp_hit:u	122	0	0
mem_load_l3_hit_retired.xsnp_hit:u	123	0	0
mem_load_l3_hit_retired.xsnp_hit:u	124	0	0
mem_load_l3_hit_retired.xsnp_hit:u	125	0	0
mem_load_l3_hit_retired.xsnp_hit:u	126	0	0
mem_load_l3_hit_retired.xsnp_hit:u	127	0	0
mem_load_l3_hit_retired.xsnp_hit:u	128	0	0
mem_load_l3_hit_retired.xsnp_hit:u	129	0	0
mem_load_l3_hit_retired.xsnp_hit:u	130	0	0
mem_load_l3_hit_retired.xsnp_hit:u	131	0	0
mem_load_l3_hit_retired.xsnp_hit:u	132	0	0
mem_load_l3_hit_retired.xsnp_hit:u	133	0	0
mem_load_l3_hit_retired.xsnp_hit:u	134	0	0
mem_load_l3_hit_retired.xsnp_hit:u	135	0	0
mem_load_l3_hit_retired.xsnp_hit:u	136	0	0
mem_load_l3_hit_retired.xsnp_hit:u	137	0	0
mem_load_l3_hit_retired.xsnp_hit:u	138	0	0
mem_load_l3_hit_retired.xsnp_hit:u	139	0	0
mem_load_l3_hit_retired.xsnp_hit:u	140	0	0
mem_load_l3_hit_retired.xsnp_hit:u	141	0	0
mem_load_l3_hit_retired.xsnp_hit:u	142	0	0
mem_load_l3_hit_retired.xsnp_hit:u	143	0	0
mem_load_l3_hit_retired.xsnp_hit:u	144	0	0
mem_load_l3_hit_retired.xsnp_hit:u	145	0	0
mem_load_l3_hit_retired.xsnp_hit:u	146	0	0
mem_load_l3_hit_retired.xsnp_hit:u	147	0	0
mem_load_l3_hit_retired.xsnp_hit:u	148	0	0
mem_load_l3_hit_retired.xsnp_hit:u	149	0	0
mem_load_l3_hit_retired.xsnp_hit:u	150	0	0
mem_load_l3_hit_retired.xsnp_hit:u	151	0	0
mem_load_l3_hit_retired.xsnp_hit:u	152	0	0
mem_load_l3_hit_retired.xsnp_hit:u	153	0	0
mem_load_l3_hit_retired.xsnp_hit:u	154	0	0
mem_load_l3_hit_retired.xsnp_hit:u	155	0	0
mem_load_l3_hit_retired.xsnp_hit:u	156	0	0
mem_load_l3_hit_retired.xsnp_hit:u	157	0	0
mem_load_l3_hit_retired.xsnp_hit:u	158	0	0
mem_load_l3_hit_retired.xsnp_hit:u	159	0	0
mem_load_l3_hit_retired.xsnp_hit:u	160	0	0
mem_load_l3_hit_retired.xsnp_hit:u	161	0	0
mem_load_l3_hit_retired.xsnp_hit:u	162	0	0
mem_load_l3_hit_retired.xsnp_hit:u	163	0	0
mem_load_l3_hit_retired.xsnp_hit:u	164	0	0
mem_load_l3_hit_retired.xsnp_hit:u	165	0	0
mem_load_l3_hit_retired.xsnp_hit:u	166	0	0
mem_load_l3_hit_retired.xsnp_hit:u	167	0	0
mem_load_l3_hit_retired.xsnp_hit:u	168	0	0
mem_load_l3_hit_retired.xsnp_hit:u	169	0	0
mem_load_l3_hit_retired.xsnp_hit:u	170	0	0
mem_load_l3_hit_retired.xsnp_hit:u	171	0	0
mem_load_l3_hit_retired.xsnp_hit:u	172	0	0
mem_load_l3_hit_retired.xsnp_hit:u	173	0	0
mem_load_l3_hit_retired.xsnp_hit:u	174	0	0
mem_load_l3_hit_retired.xsnp_hit:u	175	0	0
mem_load_l3_hit_retired.xsnp_hit:u	176	0	0
mem_load_l3_hit_retired.xsnp_hit:u	177	0	0
mem_load_l3_hit_retired.xsnp_hit:u	178	0	0
mem_load_l3_hit_retired.xsnp_hit:u	179	0	0
mem_load_l3_hit_retired.xsnp_hit:u	180	0	0
mem_load_l3_hit_retired.xsnp_hit:u	181	0	0
mem_load_l3_hit_retired.xsnp_hit:u	182	0	0
mem_load_l3_hit_retired.xsnp_hit:u	183	0	0
mem_load_l3_hit_retired.xsnp_hit:u	184	0	0
mem_load_l3_hit_retired.xsnp_hit:u	185	0	0
mem_load_l3_hit_retired.xsnp_hit:u	186	0	0
mem_load_l3_hit_retired.xsnp_hit:u	187	0	0
mem_load_l3_hit_retired.xsnp_hit:u	188	0	0
mem_load_l3_hit_retired.xsnp_hit:u	189	0	0
mem_load_l3_hit_retired.xsnp_hit:u	190	0	0
mem_load_l3_hit_retired.xsnp_hit:u	191	0	0
mem_load_l3_hit_retired.xsnp_hit:u	192	0	0
mem_load_l3_hit_retired.xsnp_hit:u	193	0	0
mem_load_l3_hit_retired.xsnp_hit:u	194	0	0
mem_load_l3_hit_retired.xsnp_hit:u	195	0	0
mem_load_l3_hit_retired.xsnp_hit:u	196	0	0
mem_load_l3_hit_retired.xsnp_hit:u	197	0	0
mem_load_l3_hit_retired.xsnp_hit:u	198	0	0
mem_load_l3_hit_retired.xsnp_hit:u	199	0	0
mem_load_l3_hit_retired.xsnp_hit:u	200	0	0
mem_load_l3_hit_retired.xsnp_hit:u	201	0	0
mem_load_l3_hit_retired.xsnp_hit:u	202	0	0
mem_load_l3_hit_retired.xsnp_hit:u	203	0	0
mem_load_l3_hit_retired.xsnp_hit:u	204	0	0
mem_load_l3_hit_retired.xsnp_hit:u	205	0	0
mem_load_l3_hit_retired.xsnp_hit:u	206	0	0
mem_load_l3_hit_retired.xsnp_hit:u	207	0	0
mem_load_l3_hit_retired.xsnp_hit:u	208	0	0
mem_load_l3_hit_retired.xsnp_hit:u	209	0	0
mem_load_l3_hit_retired.xsnp_hit:u	210	0	0
mem_load_l3_hit_retired.xsnp_hit:u	211	0	0
mem_load_l3_hit_retired.xsnp_hit:u	212	0	0
mem_load_l3_hit_retired.xsnp_hit:u	213	0	0
mem_load_l3_hit_retired.xsnp_hit:u	214	0	0
mem_load_l3_hit_retired.xsnp_hit:u	215	0	0
mem_load_l3_hit_retired.xsnp_hit:u	216	0	0
mem_load_l3_hit_retired.xsnp_hit:u	217	0	0
mem_load_l3_hit_retired.xsnp_hit:u	218	0	0
mem_load_l3_hit_retired.xsnp_hit:u	219	0	0
mem_load_l3_hit_retired.xsnp_hit:u	220	0	0
mem_load_l3_hit_retired.xsnp_hit:u	221	0	0
mem_load_l3_hit_retired.xsnp_hit:u	222	0	0
mem_load_l3_hit_retired.xsnp_hit:u	223	0	0
mem_load_l3_hit_retired.xsnp_hit:u	224	0	0
mem_load_l3_hit_retired.xsnp_hit:u	225	0	0
mem_load_l3_hit_retired.xsnp_hit:u	226	0	0
mem_load_l3_hit_retired.xsnp_hit:u	227	0	0
mem_load_l3_hit_retired.xsnp_hit:u	228	0	0
mem_load_l3_hit_retired.xsnp_hit:u	229	0	0
mem_load_l3_hit_retired.xsnp_hit:u	230	0	0
mem_load_l3_hit_retired.xsnp_hit:u	231	0	0
mem_load_l3_hit_retired.xsnp_hit:u	232	0	0
mem_load_l3_hit_retired.xsnp_hit:u	233	0	0
mem_load_l3_hit_retired.xsnp_hit:u	234	0	0
mem_load_l3_hit_retired.xsnp_hit:u	235	0	0
mem_load_l3_hit_retired.xsnp_hit:u	236	0	0
mem_load_l3_hit_retired.xsnp_hit:u	237	0	0
mem_load_l3_hit_retired.xsnp_hit:u	238	0	0
mem_load_l3_hit_retired.xsnp_hit:u	239	0	0
mem_load_l3_hit_retired.xsnp_hit:u	240	0	0
mem_load_l3_hit_retired.xsnp_hit:u	241	0	0
mem_load_l3_hit_retired.xsnp_hit:u	242	0	0
mem_load_l3_hit_retired.xsnp_hit:u	243	0	0
mem_load_l3_hit_retired.xsnp_hit:u	244	0	0
mem_load_l3_hit_retired.xsnp_hit:u	245	0	0
mem_load_l3_hit_retired.xsnp_hit:u	246	0	0
mem_load_l3_hit_retired.xsnp_hit:u	247	0	0
mem_load_l3_hit_retired.xsnp_hit:u	248	0	0
mem_load_l3_hit_retired.xsnp_hit:u	249	0	0
mem_load_l3_hit_retired.xsnp_hit:u	250	0	0
mem_load_l3_hit_retired.xsnp_hit:u	251	0	0
mem_load_l3_hit_retired.xsnp_hit:u	252	0	0
mem_load_l3_hit_retired.xsnp_hit:u	253	0	0
mem_load_l3_hit_retired.xsnp_hit:u	254	0	0
mem_load_l3_hit_retired.xsnp_hit:u	255	0	0
mem_load_l3_hit_retired.xsnp_hit:u	256	0	0
mem_load_l3_hit_retired.xsnp_hit:u	257	0	0
mem_load_l3_hit_retired.xsnp_hit:u	258	0	0
mem_load_l3_hit_retired.xsnp_hit:u	259	0	0
mem_load_l3_hit_retired.xsnp_hit:u	260	0	0
mem_load_l3_hit_retired.xsnp_hit:u	261	0	0
mem_load_l3_hit_retired.xsnp_hit:u	262	0	0
mem_load_l3_hit_retired.xsnp_hit:u	263	0	0
mem_load_l3_hit_retired.xsnp_hit:u	264	0	0
mem_load_l3_hit_retired.xsnp_hit:u	265	0	0
mem_load_l3_hit_retired.xsnp_hit:u	266	0	0
mem_load_l3_hit_retired.xsnp_hit:u	267	0	0
mem_load_l3_hit_retired.xsnp_hit:u	268	0	0
mem_load_l3_hit_retired.xsnp_hit:u	269	0	0
mem_load_l3_hit_retired.xsnp_hit:u	270	0	0
mem_load_l3_hit_retired.xsnp_hit:u	271	0	0
mem_load_l3_hit_retired.xsnp_hit:u	272	0	0
mem_load_l3_hit_retired.xsnp_hit:u	273	0	0
mem_load_l3_hit_retired.xsnp_hit:u	274	0	0
mem_load_l3_hit_retired.xsnp_hit:u	275	0	0
mem_load_l3_hit_retired.xsnp_hit:u	276	0	0
mem_load_l3_hit_retired.xsnp_hit:u	277	0	0
mem_load_l3_hit_retired.xsnp_hit:u	278	0	0
mem_load_l3_hit_retired.xsnp_hit:u	279	0	0
mem_load_l3_hit_retired.xsnp_hit:u	280	0	0
mem_load_l3_hit_retired.xsnp_hit:u	281	0	0
mem_load_l3_hit_retired.xsnp_hit:u	282	0	0
mem_load_l3_hit_retired.xsnp_hit:u	283	0	0
mem_load_l3_hit_retired.xsnp_hit:u	284	0	0
mem_load_l3_hit_retired.xsnp_hit:u	285	0	0
mem_load_l3_hit_retired.xsnp_hit:u	286	0	0
mem_load_l3_hit_retired.xsnp_hit:u	287	0	0
mem_load_l3_hit_retired.xsnp_hit:u	288	0	0
mem_load_l3_hit_retired.xsnp_hit:u	289	0	0
mem_load_l3_hit_retired.xsnp_hit:u	290	0	0
mem_load_l3_hit_retired.xsnp_hit:u	291	0	0
mem_load_l3_hit_retired.xsnp_hit:u	292	0	0
mem_load_l3_hit_retired.xsnp_hit:u	293	0	0
mem_load_l3_hit_retired.xsnp_hit:u	294	0	0
mem_load_l3_hit_retired.xsnp_hit:u	295	0	0
mem_load_l3_hit_retired.xsnp_hit:u	296	0	0
mem_load_l3_hit_retired.xsnp_hit:u	297	0	0
mem_load_l3_hit_retired.xsnp_hit:u	298	0	0
mem_load_l3_hit_retired.xsnp_hit:u	299	0	0
mem_load_l3_hit_retired.xsnp_hit:u	300	0	0
mem_load_l3_hit_retired.xsnp_hit:u	301	0	0
mem_load_l3_hit_retired.xsnp_hit:u	302	0	0
mem_load_l3_hit_retired.xsnp_hit:u	303	0	0
mem_load_l3_hit_retired.xsnp_hit:u	304	0	0
mem_load_l3_hit_retired.xsnp_hit:u	305	0	0
mem_load_l3_hit_retired.xsnp_hit:u	306	0	0
mem_load_l3_hit_retired.xsnp_hit:u	307	0	0
mem_load_l3_hit_retired.xsnp_hit:u	308	0	0
mem_load_l3_hit_retired.xsnp_hit:u	309	0	0
mem_load_l3_hit_retired.xsnp_hit:u	310	0	0
mem_load_l3_hit_retired.xsnp_hit:u	311	0	0
mem_load_l3_hit_retired.xsnp_hit:u	312	0	0
mem_load_l3_hit_retired.xsnp_hit:u	313	0	0
mem_load_l3_hit_retired.xsnp_hit:u	314	0	0
mem_load_l3_hit_retired.xsnp_hit:u	315	0	0
mem_load_l3_hit_retired.xsnp_hit:u	316	0	0
mem_load_l3_hit_retired.xsnp_hit:u	317	0	0
mem_load_l3_hit_retired.xsnp_hit:u	318	0	0
mem_load_l3_hit_retired.xsnp_hit:u	319	0	0
mem_load_l3_hit_retired.xsnp_hit:u	320	0	0
mem_load_l3_hit_retired.xsnp_hit:u	321	0	0
mem_load_l3_hit_retired.xsnp_hit:u	322	0	0
mem_load_l3_hit_retired.xsnp_hit:u	323	0	0
mem_load_l3_hit_retired.xsnp_hit:u	324	0	0
mem_load_l3_hit_retired.xsnp_hit:u	325	0	0
mem_load_l3_hit_retired.xsnp_hit:u	326	0	0
mem_load_l3_hit_retired.xsnp_hit:u	327	0	0
mem_load_l3_hit_retired.xsnp_hit:u	328	0	0
mem_load_l3_hit_retired.xsnp_hit:u	329	0	0
mem_load_l3_hit_retired.xsnp_hit:u	330	0	0
mem_load_l3_hit_retired.xsnp_hit:u	331	0	0
mem_load_l3_hit_retired.xsnp_hit:u	332	0	0
mem_load_l3_hit_retired.xsnp_hit:u	333	0	0
mem_load_l3_hit_retired.xsnp_hit:u	334	0	0
mem_load_l3_hit_retired.xsnp_hit:u	335	0	0
mem_load_l3_hit_retired.xsnp_hit:u	336	0	0
mem_load_l3_hit_retired.xsnp_hit:u	337	0	0
mem_load_l3_hit_retired.xsnp_hit:u	338	0	0
mem_load_l3_hit_retired.xsnp_hit:u	339	0	0
mem_load_l3_hit_retired.xsnp_hit:u	340	0	0
mem_load_l3_hit_retired.xsnp_hit:u	341	0	0
mem_load_l3_hit_retired.xsnp_hit:u	342	0	0
mem_load_l3_hit_retired.xsnp_hit:u	343	0	0
mem_load_l3_hit_retired.xsnp_hit:u	344	0	0
mem_load_l3_hit_retired.xsnp_hit:u	345	0	0
mem_load_l3_hit_retired.xsnp_hit:u	346	0	0
mem_load_l3_hit_retired.xsnp_hit:u	347	0	0
mem_load_l3_hit_retired.xsnp_hit:u	348	0	0
mem_load_l3_hit_retired.xsnp_hit:u	349	0	0
mem_load_l3_hit_retired.xsnp_hit:u	350	0	0
mem_load_l3_hit_retired.xsnp_hit:u	351	0	0
mem_load_l3_hit_retired.xsnp_hit:u	352	0	0
mem_load_l3_hit_retired.xsnp_hit:u	353	0	0
mem_load_l3_hit_retired.xsnp_hit:u	354	0	0
mem_load_l3_hit_retired.xsnp_hit:u	355	0	0
mem_load_l3_hit_retired.xsnp_hit:u	356	0	0
mem_load_l3_hit_retired.xsnp_hit:u	357	0	0
mem_load_l3_hit_retired.xsnp_hit:u	358	0	0
mem_load_l3_hit_retired.xsnp_hit:u	359	0	0
mem_load_l3_hit_retired.xsnp_hit:u	360	0	0
mem_load_l3_hit_retired.xsnp_hit:u	361	0	0
mem_load_l3_hit_retired.xsnp_hit:u	362	0	0
mem_load_l3_hit_retired.xsnp_hit:u	363	0	0
mem_load_l3_hit_retired.xsnp_hit:u	364	0	0
mem_load_l3_hit_retired.xsnp_hit:u	365	0	0
mem_load_l3_hit_retired.xsnp_hit:u	366	0	0
mem_load_l3_hit_retired.xsnp_hit:u	367	0	0
mem_load_l3_hit_retired.xsnp_hit:u	368	0	0
mem_load_l3_hit_retired.xsnp_hit:u	369	0	0
mem_load_l3_hit_retired.xsnp_hit:u	370	0	0
mem_load_l3_hit_retired.xsnp_hit:u	371	0	0
mem_load_l3_hit_retired.xsnp_hit:u	372	0	0
mem_load_l3_hit_retired.xsnp_hit:u	373	0	0
mem_load_l3_hit_retired.xsnp_hit:u	374	0	0
mem_load_l3_hit_retired.xsnp_hit:u	375	0	0
mem_load_l3_hit_retired.xsnp_hit:u	376	0	0
mem_load_l3_hit_retired.xsnp_hit:u	377	0	0
mem_load_l3_hit_retired.xsnp_hit:u	378	0	0
mem_load_l3_hit_retired.xsnp_hit:u	379	0	0
mem_load_l3_hit_retired.xsnp_hit:u	380	0	0
mem_load_l3_hit_retired.xsnp_hit:u	381	0	0
mem_load_l3_hit_retired.xsnp_hit:u	382	0	0
mem_load_l3_hit_retired.xsnp_hit:u	383	0	0
mem_load_l3_hit_retired.xsnp_hit:u	384	0	0
mem_load_l3_hit_retired.xsnp_hit:u	385	0	0
mem_load_l3_hit_retired.xsnp_hit:u	386	0	0
mem_load_l3_hit_retired.xsnp_hit:u	387	0	0
mem_load_l3_hit_retired.xsnp_hit:u	388	0	0
mem_load_l3_hit_retired.xsnp_hit:u	389	0	0
mem_load_l3_hit_retired.xsnp_hit:u	390	0	0
mem_load_l3_hit_retired.xsnp_hit:u	391	0	0
mem_load_l3_hit_retired.xsnp_hit:u	392	0	0
mem_load_l3_hit_retired.xsnp_hit:u	393	0	0
mem_load_l3_hit_retired.xsnp_hit:u	394	0	0
mem_load_l3_hit_retired.xsnp_hit:u	395	0	0
mem_load_l3_hit_retired.xsnp_hit:u	396	0	0
mem_load_l3_hit_retired.xsnp_hit:u	397	0	0
mem_load_l3_hit_retired.xsnp_hit:u	398	0	0
mem_load_l3_hit_retired.xsnp_hit:u	399	0	0
mem_load_l3_hit_retired.xsnp_hit:u	400	0	0
mem_load_l3_hit_retired.xsnp_hit:u	401	0	0
mem_load_l3_hit_retired.xsnp_hit:u	402	0	0
mem_load_l3_hit_retired.xsnp_hit:u	403	0	0
mem_load_l3_hit_retired.xsnp_hit:u	404	0	0
mem_load_l3_hit_retired.xsnp_hit:u	405	0	0
mem_load_l3_hit_retired.xsnp_hit:u	406	0	0
mem_load_l3_hit_retired.xsnp_hit:u	407	0	0
mem_load_l3_hit_retired.xsnp_hit:u	408	0	0
mem_load_l3_hit_retired.xsnp_hit:u	409	0	0
mem_load_l3_hit_retired.xsnp_hit:u	410	0	0
mem_load_l3_hit_retired.xsnp_hit:u	411	0	0
mem_load_l3_hit_retired.xsnp_hit:u	412	0	0
mem_load_l3_hit_retired.xsnp_hit:u	413	0	0
mem_load_l3_hit_retired.xsnp_hit:u	414	0	0
mem_load_l3_hit_retired.xsnp_hit:u	415	0	0
mem_load_l3_hit_retired.xsnp_hit:u	416	0	0
mem_load_l3_hit_retired.xsnp_hit:u	417	0	0
mem_load_l3_hit_retired.xsnp_hit:u	418	0	0
mem_load_l3_hit_retired.xsnp_hit:u	419	0	0
mem_load_l3_hit_retired.xsnp_hit:u	420	0	0
mem_load_l3_hit_retired.xsnp_hit:u	421	0	0
mem_load_l3_hit_retired.xsnp_hit:u	422	0	0
mem_load_l3_hit_retired.xsnp_hit:u	423	0	0
mem_load_l3_hit_retired.xsnp_hit:u	424	0	0
mem_load_l3_hit_retired.xsnp_hit:u	425	0	0
mem_load_l3_hit_retired.xsnp_hit:u	426	0	0
mem_load_l3_hit_retired.xsnp_hit:u	427	0	0
mem_load_l3_hit_retired.xsnp_hit:u	428	0	0
mem_load_l3_hit_retired.xsnp_hit:u	429	0	0
mem_load_l3_hit_retired.xsnp_hit:u	430	0	0
mem_load_l3_hit_retired.xsnp_hit:u	431	0	0
mem_load_l3_hit_retired.xsnp_hit:u	432	0	0
mem_load_l3_hit_retired.xsnp_hit:u	433	0	0
mem_load_l3_hit_retired.xsnp_hit:u	434	0	0
mem_load_l3_hit_retired.xsnp_hit:u	435	0	0
mem_load_l3_hit_retired.xsnp_hit:u	436	0	0
mem_load_l3_hit_retired.xsnp_hit:u	437	0	0
mem_load_l3_hit_retired.xsnp_hit:u	438	0	0
mem_load_l3_hit_retired.xsnp_hit:u	439	0	0
mem_load_l3_hit_retired.xsnp_hit:u	440	0	0
mem_load_l3_hit_retired.xsnp_hit:u	441	0	0
mem_load_l3_hit_retired.xsnp_hit:u	442	0	0
mem_load_l3_hit_retired.xsnp_hit:u	443	0	0
mem_load_l3_hit_retired.xsnp_hit:u	444	0	0
mem_load_l3_hit_retired.xsnp_hit:u	445	0	0
mem_load_l3_hit_retired.xsnp_hit:u	446	0	0
mem_load_l3_hit_retired.xsnp_hit:u	447	0	0
mem_load_l3_hit_retired.xsnp_hit:u	448	0	0
mem_load_l3_hit_retired.xsnp_hit:u	449	0	0
mem_load_l3_hit_retired.xsnp_hit:u	450	0	0
mem_load_l3_hit_retired.xsnp_hit:u	451	0	0
mem_load_l3_hit_retired.xsnp_hit:u	452	0	0
mem_load_l3_hit_retired.xsnp_hit:u	453	0	0
mem_load_l3_hit_retired.xsnp_hit:u	454	0	0
mem_load_l3_hit_retired.xsnp_hit:u	455	0	0
mem_load_l3_hit_retired.xsnp_hit:u	456	0	0
mem_load_l3_hit_retired.xsnp_hit:u	457	0	0
mem_load_l3_hit_retired.xsnp_hit:u	458	0	0
mem_load_l3_hit_retired.xsnp_hit:u	459	0	0
mem_load_l3_hit_retired.xsnp_hit:u	460	0	0
mem_load_l3_hit_retired.xsnp_hit:u	461	0	0
mem_load_l3_hit_retired.xsnp_hit:u	462	0	0
mem_load_l3_hit_retired.xsnp_hit:u	463	0	0
mem_load_l3_hit_retired.xsnp_hit:u	464	0	0
mem_load_l3_hit_retired.xsnp_hit:u	465	0	0
mem_load_l3_hit_retired.xsnp_hit:u	466	0	0
mem_load_l3_hit_retired.xsnp_hit:u	467	0	0
mem_load_l3_hit_retired.xsnp_hit:u	468	0	0
mem_load_l3_hit_retired.xsnp_hit:u	469	0	0
mem_load_l3_hit_retired.xsnp_hit:u	470	0	0
mem_load_l3_hit_retired.xsnp_hit:u	471	0	0
mem_load_l3_hit_retired.xsnp_hit:u	472	0	0
mem_load_l3_hit_retired.xsnp_hit:u	473	0	0
mem_load_l3_hit_retired.xsnp_hit:u	474	0	0
mem_load_l3_hit_retired.xsnp_hit:u	475	0	0
mem_load_l3_hit_retired.xsnp_hit:u	476	0	0
mem_load_l3_hit_retired.xsnp_hit:u	477	0	0
mem_load_l3_hit_retired.xsnp_hit:u	478	0	0
mem_load_l3_hit_retired.xsnp_hit:u	479	0	0
mem_load_l3_hit_retired.xsnp_hit:u	480	0	0
mem_load_l3_hit_retired.xsnp_hit:u	481	0	0
mem_load_l3_hit_retired.xsnp_hit:u	482	0	0
mem_load_l3_hit_retired.xsnp_hit:u	483	0	0
mem_load_l3_hit_retired.xsnp_hit:u	484	0	0
mem_load_l3_hit_retired.xsnp_hit:u	485	0	0
mem_load_l3_hit_retired.xsnp_hit:u	486	0	0
mem_load_l3_hit_retired.xsnp_hit:u	487	0	0
mem_load_l3_hit_retired.xsnp_hit:u	488	0	0
mem_load_l3_hit_retired.xsnp_hit:u	489	0	0
mem_load_l3_hit_retired.xsnp_hit:u	490	0	0
mem_load_l3_hit_retired.xsnp_hit:u	491	0	0
mem_load_l3_hit_retired.xsnp_hit:u	492	0	0
mem_load_l3_hit_retired.xsnp_hit:u	493	0	0
mem_load_l3_hit_retired.xsnp_hit:u	494	0	0
mem_load_l3_hit_retired.xsnp_hit:u	495	0	0
mem_load_l3_hit_retired.xsnp_hit:u	496	0	0
mem_load_l3_hit_retired.xsnp_hit:u	497	0	0
mem_load_l3_hit_retired.xsnp_hit:u	498	0	0
mem_load_l3_hit_retired.xsnp_hit:u	499	0	0
mem_load_l3_hit_retired.xsnp_hit:u	500	0	0
mem_load_l3_hit_retired.xsnp_hit:u	501	0	0
mem_load_l3_hit_retired.xsnp_hit:u	502	0	0
mem_load_l3_hit_retired.xsnp_hit:u	503	0	0
mem_load_l3_hit_retired.xsnp_hit:u	504	0	0
mem_load_l3_hit_retired.xsnp_hit:u	505	0	0
mem_load_l3_hit_retired.xsnp_hit:u	506	0	0
mem_load_l3_hit_retired.xsnp_hit:u	507	0	0
mem_load_l3_hit_retired.xsnp_hit:u	508	0	0
mem_load_l3_hit_retired.xsnp_hit:u	509	0	0
mem_load_l3_hit_retired.xsnp_hit:u	510	0	0
mem_load_l3_hit_retired.xsnp_hit:u	511	0	0
mem_load_l3_hit_retired.xsnp_hit:u	512	0	0
mem_load_l3_hit_retired.xsnp_hit:u	513	0	0
mem_load_l3_hit_retired.xsnp_hit:u	514	0	0
mem_load_l3_hit_retired.xsnp_hit:u	515	0	0
mem_load_l3_hit_retired.xsnp_hit:u	516	0	0
mem_load_l3_hit_retired.xsnp_hit:u	517	0	0
mem_load_l3_hit_retired.xsnp_hit:u	518	0	0
mem_load_l3_hit_retired.xsnp_hit:u	519	0	0
mem_load_l3_hit_retired.xsnp_hit:u	520	0	0
mem_load_l3_hit_retired.xsnp_hit:u	521	0	0
mem_load_l3_hit_retired.xsnp_hit:u	522	0	0
mem_load_l3_hit_retired.xsnp_hit:u	523	0	0
mem_load_l3_hit_retired.xsnp_hit:u	524	0	0
mem_load_l3_hit_retired.xsnp_hit:u	525	0	0
mem_load_l3_hit_retired.xsnp_hit:u	526	0	0
mem_load_l3_hit_retired.xsnp_hit:u	527	0	0
mem_load_l3_hit_retired.xsnp_hit:u	528	0	0
mem_load_l3_hit_retired.xsnp_hit:u	529	0	0
mem_load_l3_hit_retired.xsnp_hit:u	530	0	0
mem_load_l3_hit_retired.xsnp_hit:u	531	0	0
mem_load_l3_hit_retired.xsnp_hit:u	532	0	0
mem_load_l3_hit_retired.xsnp_hit:u	533	0	0
mem_load_l3_hit_retired.xsnp_hit:u	534	0	0
mem_load_l3_hit_retired.xsnp_hit:u	535	0	0
mem_load_l3_hit_retired.xsnp_hit:u	536	0	0
mem_load_l3_hit_retired.xsnp_hit:u	537	0	0
mem_load_l3_hit_retired.xsnp_hit:u	538	0	0
mem_load_l3_hit_retired.xsnp_hit:u	539	0	0
mem_load_l3_hit_retired.xsnp_hit:u	540	0	0
mem_load_l3_hit_retired.xsnp_hit:u	541	0	0
mem_load_l3_hit_retired.xsnp_hit:u	542	0	0
mem_load_l3_hit_retired.xsnp_hit:u	543	0	0
mem_load_l3_hit_retired.xsnp_hit:u	544	0	0
mem_load_l3_hit_retired.xsnp_hit:u	545	0	0
mem_load_l3_hit_retired.xsnp_hit:u	546	0	0
mem_load_l3_hit_retired.xsnp_hit:u	547	0	0
mem_load_l3_hit_retired.xsnp_hit:u	548	0	0
mem_load_l3_hit_retired.xsnp_hit:u	549	0	0
mem_load_l3_hit_retired.xsnp_hit:u	550	0	0
mem_load_l3_hit_retired.xsnp_hit:u	551	0	0
mem_load_l3_hit_retired.xsnp_hit:u	552	0	0
mem_load_l3_hit_retired.xsnp_hit:u	553	0	0
mem_load_l3_hit_retired.xsnp_hit:u	554	0	0
mem_load_l3_hit_retired.xsnp_hit:u	555	0	0
mem_load_l3_hit_retired.xsnp_hit:u	556	0	0
mem_load_l3_hit_retired.xsnp_hit:u	557	0	0
mem_load_l3_hit_retired.xsnp_hit:u	558	0	0
mem_load_l3_hit_retired.xsnp_hit:u	559	0	0
mem_load_l3_hit_retired.xsnp_hit:u	560	0	0
mem_load_l3_hit_retired.xsnp_hit:u	561	0	0
mem_load_l3_hit_retired.xsnp_hit:u	562	0	0
mem_load_l3_hit_retired.xsnp_hit:u	563	0	0
mem_load_l3_hit_retired.xsnp_hit:u	564	0	0
mem_load_l3_hit_retired.xsnp_hit:u	565	0	0
mem_load_l3_hit_retired.xsnp_hit:u	566	0	0
mem_load_l3_hit_retired.xsnp_hit:u	567	0	0
mem_load_l3_hit_retired.xsnp_hit:u	568	0	0
mem_load_l3_hit_retired.xsnp_hit:u	569	0	0
mem_load_l3_hit_retired.xsnp_hit:u	570	0	0
mem_load_l3_hit_retired.xsnp_hit:u	571	0	0
mem_load_l3_hit_retired.xsnp_hit:u	572	0	0
mem_load_l3_hit_retired.xsnp_hit:u	573	0	0
mem_load_l3_hit_retired.xsnp_hit:u	574	0	0
mem_load_l3_hit_retired.xsnp_hit:u	575	0	0
mem_load_l3_hit_retired.xsnp_hit:u	576	0	0
mem_load_l3_hit_retired.xsnp_hit:u	577	0	0
mem_load_l3_hit_retired.xsnp_hit:u	578	0	0
mem_load_l3_hit_retired.xsnp_hit:u	579	0	0
mem_load_l3_hit_retired.xsnp_hit:u	580	0	0
mem_load_l3_hit_retired.xsnp_hit:u	581	0	0
mem_load_l3_hit_retired.xsnp_hit:u	582	0	0
mem_load_l3_hit_retired.xsnp_hit:u	583	0	0
mem_load_l3_hit_retired.xsnp_hit:u	584	0	0
mem_load_l3_hit_retired.xsnp_hit:u	585	0	0
mem_load_l3_hit_retired.xsnp_hit:u	586	0	0
mem_load_l3_hit_retired.xsnp_hit:u	587	0	0
mem_load_l3_hit_retired.xsnp_hit:u	588	0	0
mem_load_l3_hit_retired.xsnp_hit:u	589	0	0
mem_load_l3_hit_retired.xsnp_hit:u	590	0	0
mem_load_l3_hit_retired.xsnp_hit:u	591	0	0
mem_load_l3_hit_retired.xsnp_hit:u	592	0	0
mem_load_l3_hit_retired.xsnp_hit:u	593	0	0
mem_load_l3_hit_retired.xsnp_hit:u	594	0	0
mem_load_l3_hit_retired.xsnp_hit:u	595	0	0
mem_load_l3_hit_retired.xsnp_hit:u	596	0	0
mem_load_l3_hit_retired.xsnp_hit:u	597	0	0
mem_load_l3_hit_retired.xsnp_hit:u	598	0	0
mem_load_l3_hit_retired.xsnp_hit:u	599	0	0
mem_load_l3_hit_retired.xsnp_hit:u	600	0	0
mem_load_l3_hit_retired.xsnp_hit:u	601	0	0
mem_load_l3_hit_retired.xsnp_hit:u	602	0	0
mem_load_l3_hit_retired.xsnp_hit:u	603	0	0
mem_load_l3_hit_retired.xsnp_hit:u	604	0	0
mem_load_l3_hit_retired.xsnp_hit:u	605	0	0
mem_load_l3_hit_retired.xsnp_hit:u	606	0	0
mem_load_l3_hit_retired.xsnp_hit:u	607	0	0
mem_load_l3_hit_retired.xsnp_hit:u	608	0	0
mem_load_l3_hit_retired.xsnp_hit:u	609	0	0
mem_load_l3_hit_retired.xsnp_hit:u	610	0	0
mem_load_l3_hit_retired.xsnp_hit:u	611	0	0
mem_load_l3_hit_retired.xsnp_hit:u	612	0	0
mem_load_l3_hit_retired.xsnp_hit:u	613	0	0
mem_load_l3_hit_retired.xsnp_hit:u	614	0	0
mem_load_l3_hit_retired.xsnp_hit:u	615	0	0
mem_load_l3_hit_retired.xsnp_hit:u	616	0	0
mem_load_l3_hit_retired.xsnp_hit:u	617	0	0
mem_load_l3_hit_retired.xsnp_hit:u	618	0	0
mem_load_l3_hit_retired.xsnp_hit:u	619	0	0
mem_load_l3_hit_retired.xsnp_hit:u	620	0	0
mem_load_l3_hit_retired.xsnp_hit:u	621	0	0
mem_load_l3_hit_retired.xsnp_hit:u	622	0	0
mem_load_l3_hit_retired.xsnp_hit:u	623	0	0
mem_load_l3_hit_retired.xsnp_hit:u	624	0	0
mem_load_l3_hit_retired.xsnp_hit:u	625	0	0
mem_load_l3_hit_retired.xsnp_hit:u	626	0	0
mem_load_l3_hit_retired.xsnp_hit:u	627	0	0
mem_load_l3_hit_retired.xsnp_hit:u	628	0	0
mem_load_l3_hit_retired.xsnp_hit:u	629	0	0
mem_load_l3_hit_retired.xsnp_hit:u	630	0	0
mem_load_l3_hit_retired.xsnp_hit:u	631	0	0
mem_load_l3_hit_retired.xsnp_hit:u	632	0	0
mem_load_l3_hit_retired.xsnp_hit:u	633	0	0
mem_load_l3_hit_retired.xsnp_hit:u	634	0	0
mem_load_l3_hit_retired.xsnp_hit:u	635	0	0
mem_load_l3_hit_retired.xsnp_hit:u	636	0	0
mem_load_l3_hit_retired.xsnp_hit:u	637	0	0
mem_load_l3_hit_retired.xsnp_hit:u	638	0	0
mem_load_l3_hit_retired.xsnp_hit:u	639	0	0
mem_load_l3_hit_retired.xsnp_hit:u	640	0	0
mem_load_l3_hit_retired.xsnp_hit:u	641	0	0
mem_load_l3_hit_retired.xsnp_hit:u	642	0	0
mem_load_l3_hit_retired.xsnp_hit:u	643	0	0
mem_load_l3_hit_retired.xsnp_hit:u	644	0	0
mem_load_l3_hit_retired.xsnp_hit:u	645	0	0
mem_load_l3_hit_retired.xsnp_hit:u	646	0	0
mem_load_l3_hit_retired.xsnp_hit:u	647	0	0
mem_load_l3_hit_retired.xsnp_hit:u	648	0	0
mem_load_l3_hit_retired.xsnp_hit:u	649	0	0
mem_load_l3_hit_retired.xsnp_hit:u	650	0	0
mem_load_l3_hit_retired.xsnp_hit:u	651	0	0
mem_load_l3_hit_retired.xsnp_hit:u	652	0	0
mem_load_l3_hit_retired.xsnp_hit:u	653	0	0
mem_load_l3_hit_retired.xsnp_hit:u	654	0	0
mem_load_l3_hit_retired.xsnp_hit:u	655	0	0
mem_load_l3_hit_retired.xsnp_hit:u	656	0	0
mem_load_l3_hit_retired.xsnp_hit:u	657	0	0
mem_load_l3_hit_retired.xsnp_hit:u	658	0	0
mem_load_l3_hit_retired.xsnp_hit:u	659	0	0
mem_load_l3_hit_retired.xsnp_hit:u	660	0	0
mem_load_l3_hit_retired.xsnp_hit:u	661	0	0
mem_load_l3_hit_retired.xsnp_hit:u	662	0	0
mem_load_l3_hit_retired.xsnp_hit:u	663	0	0
mem_load_l3_hit_retired.xsnp_hit:u	664	0	0
mem_load_l3_hit_retired.xsnp_hit:u	665	0	0
mem_load_l3_hit_retired.xsnp_hit:u	666	0	0
mem_load_l3_hit_retired.xsnp_hit:u	667	0	0
mem_load_l3_hit_retired.xsnp_hit:u	668	0	0
mem_load_l3_hit_retired.xsnp_hit:u	669	0	0
mem_load_l3_hit_retired.xsnp_hit:u	670	0	0
mem_load_l3_hit_retired.xsnp_hit:u	671	0	0
mem_load_l3_hit_retired.xsnp_hit:u	672	0	0
mem_load_l3_hit_retired.xsnp_hit:u	673	0	0
mem_load_l3_hit_retired.xsnp_hit:u	674	0	0
mem_load_l3_hit_retired.xsnp_hit:u	675	0	0
mem_load_l3_hit_retired.xsnp_hit:u	676	0	0
mem_load_l3_hit_retired.xsnp_hit:u	677	0	0
mem_load_l3_hit_retired.xsnp_hit:u	678	0	0
mem_load_l3_hit_retired.xsnp_hit:u	679	0	0
mem_load_l3_hit_retired.xsnp_hit:u	680	0	0
mem_load_l3_hit_retired.xsnp_hit:u	681	0	0
mem_load_l3_hit_retired.xsnp_hit:u	682	0	0
mem_load_l3_hit_retired.xsnp_hit:u	683	0	0
mem_load_l3_hit_retired.xsnp_hit:u	684	0	0
mem_load_l3_hit_retired.xsnp_hit:u	685	0	0
mem_load_l3_hit_retired.xsnp_hit:u	686	0	0
mem_load_l3_hit_retired.xsnp_hit:u	687	0	0
mem_load_l3_hit_retired.xsnp_hit:u	688	0	0
mem_load_l3_hit_retired.xsnp_hit:u	689	0	0
mem_load_l3_hit_retired.xsnp_hit:u	690	0	0
mem_load_l3_hit_retired.xsnp_hit:u	691	0	0
mem_load_l3_hit_retired.xsnp_hit:u	692	0	0
mem_load_l3_hit_retired.xsnp_hit:u	693	0	0
mem_load_l3_hit_retired.xsnp_hit:u	694	0	0
mem_load_l3_hit_retired.xsnp_hit:u	695	0	0
mem_load_l3_hit_retired.xsnp_hit:u	696	0	0
mem_load_l3_hit_retired.xsnp_hit:u	697	0	0
mem_load_l3_hit_retired.xsnp_hit:u	698	0	0
mem_load_l3_hit_retired.xsnp_hit:u	699	0	0
mem_load_l3_hit_retired.xsnp_hit:u	700	0	0
mem_load_l3_hit_retired.xsnp_hit:u	701	0	0
mem_load_l3_hit_retired.xsnp_hit:u	702	0	0
mem_load_l3_hit_retired.xsnp_hit:u	703	0	0
mem_load_l3_hit_retired.xsnp_hit:u	704	0	0
mem_load_l3_hit_retired.xsnp_hit:u	705	0	0
mem_load_l3_hit_retired.xsnp_hit:u	706	0	0
mem_load_l3_hit_retired.xsnp_hit:u	707	0	0
mem_load_l3_hit_retired.xsnp_hit:u	708	0	0
mem_load_l3_hit_retired.xsnp_hit:u	709	0	0
mem_load_l3_hit_retired.xsnp_hit:u	710	0	0
mem_load_l3_hit_retired.xsnp_hit:u	711	0	0
mem_load_l3_hit_retired.xsnp_hit:u	712	0	0
mem_load_l3_hit_retired.xsnp_hit:u	713	0	0
mem_load_l3_hit_retired.xsnp_hit:u	714	0	0
mem_load_l3_hit_retired.xsnp_hit:u	715	0	0
mem_load_l3_hit_retired.xsnp_hit:u	716	0	0
mem_load_l3_hit_retired.xsnp_hit:u	717	0	0
mem_load_l3_hit_retired.xsnp_hit:u	718	0	0
mem_load_l3_hit_retired.xsnp_hit:u	719	0	0
mem_load_l3_hit_retired.xsnp_hit:u	720	0	0
mem_load_l3_hit_retired.xsnp_hit:u	721	0	0
mem_load_l3_hit_retired.xsnp_hit:u	722	0	0
mem_load_l3_hit_retired.xsnp_hit:u	723	0	0
mem_load_l3_hit_retired.xsnp_hit:u	724	0	0
mem_load_l3_hit_retired.xsnp_hit:u	725	0	0
mem_load_l3_hit_retired.xsnp_hit:u	726	0	0
mem_load_l3_hit_retired.xsnp_hit:u	727	0	0
mem_load_l3_hit_retired.xsnp_hit:u	728	0	0
mem_load_l3_hit_retired.xsnp_hit:u	729	0	0
mem_load_l3_hit_retired.xsnp_hit:u	730	0	0
mem_load_l3_hit_retired.xsnp_hit:u	731	0	0
mem_load_l3_hit_retired.xsnp_hit:u	732	0	0
mem_load_l3_hit_retired.xsnp_hit:u	733	0	0
mem_load_l3_hit_retired.xsnp_hit:u	734	0	0
mem_load_l3_hit_retired.xsnp_hit:u	735	0	0
mem_load_l3_hit_retired.xsnp_hit:u	736	0	0
mem_load_l3_hit_retired.xsnp_hit:u	737	0	0
mem_load_l3_hit_retired.xsnp_hit:u	738	0	0
mem_load_l3_hit_retired.xsnp_hit:u	739	0	0
mem_load_l3_hit_retired.xsnp_hit:u	740	0	0
mem_load_l3_hit_retired.xsnp_hit:u	741	0	0
mem_load_l3_hit_retired.xsnp_hit:u	742	0	0
mem_load_l3_hit_retired.xsnp_hit:u	743	0	0
mem_load_l3_hit_retired.xsnp_hit:u	744	0	0
mem_load_l3_hit_retired.xsnp_hit:u	745	0	0
mem_load_l3_hit_retired.xsnp_hit:u	746	0	0
mem_load_l3_hit_retired.xsnp_hit:u	747	0	0
mem_load_l3_hit_retired.xsnp_hit:u	748	0	0
mem_load_l3_hit_retired.xsnp_hit:u	749	0	0
mem_load_l3_hit_retired.xsnp_hit:u	750	0	0
mem_load_l3_hit_retired.xsnp_hit:u	751	0	0
mem_load_l3_hit_retired.xsnp_hit:u	752	0	0
mem_load_l3_hit_retired.xsnp_hit:u	753	0	0
mem_load_l3_hit_retired.xsnp_hit:u	754	0	0
mem_load_l3_hit_retired.xsnp_hit:u	755	0	0
mem_load_l3_hit_retired.xsnp_hit:u	756	0	0
mem_load_l3_hit_retired.xsnp_hit:u	757	0	0
mem_load_l3_hit_retired.xsnp_hit:u	758	0	0
mem_load_l3_hit_retired.xsnp_hit:u	759	0	0
mem_load_l3_hit_retired.xsnp_hit:u	760	0	0
mem_load_l3_hit_retired.xsnp_hit:u	761	0	0
mem_load_l3_hit_retired.xsnp_hit:u	762	0	0
mem_load_l3_hit_retired.xsnp_hit:u	763	0	0
mem_load_l3_hit_retired.xsnp_hit:u	764	0	0
mem_load_l3_hit_retired.xsnp_hit:u	765	0	0
mem_load_l3_hit_retired.xsnp_hit:u	766	0	0
mem_load_l3_hit_retired.xsnp_hit:u	767	0	0
mem_load_l3_hit_retired.xsnp_hit:u	768	0	0
mem_load_l3_hit_retired.xsnp_hit:u	769	0	0
mem_load_l3_hit_retired.xsnp_hit:u	770	0	0
mem_load_l3_hit_retired.xsnp_hit:u	771	0	0
mem_load_l3_hit_retired.xsnp_hit:u	772	0	0
mem_load_l3_hit_retired.xsnp_hit:u	773	0	0
mem_load_l3_hit_retired.xsnp_hit:u	774	0	0
mem_load_l3_hit_retired.xsnp_hit:u	775	0	0
mem_load_l3_hit_retired.xsnp_hit:u	776	0	0
mem_load_l3_hit_retired.xsnp_hit:u	777	0	0
mem_load_l3_hit_retired.xsnp_hit:u	778	0	0
mem_load_l3_hit_retired.xsnp_hit:u	779	0	0
mem_load_l3_hit_retired.xsnp_hit:u	780	0	0
mem_load_l3_hit_retired.xsnp_hit:u	781	0	0
mem_load_l3_hit_retired.xsnp_hit:u	782	0	0
mem_load_l3_hit_retired.xsnp_hit:u	783	0	0
mem_load_l3_hit_retired.xsnp_hit:u	784	0	0
mem_load_l3_hit_retired.xsnp_hit:u	785	0	0
mem_load_l3_hit_retired.xsnp_hit:u	786	0	0
mem_load_l3_hit_retired.xsnp_hit:u	787	0	0
mem_load_l3_hit_retired.xsnp_hit:u	788	0	0
mem_load_l3_hit_retired.xsnp_hit:u	789	0	0
mem_load_l3_hit_retired.xsnp_hit:u	790	0	0
mem_load_l3_hit_retired.xsnp_hit:u	791	0	0
mem_load_l3_hit_retired.xsnp_hit:u	792	0	0
mem_load_l3_hit_retired.xsnp_hit:u	793	0	0
mem_load_l3_hit_retired.xsnp_hit:u	794	0	0
mem_load_l3_hit_retired.xsnp_hit:u	795	0	0
mem_load_l3_hit_retired.xsnp_hit:u	796	0	0
mem_load_l3_hit_retired.xsnp_hit:u	797	0	0
mem_load_l3_hit_retired.xsnp_hit:u	798	0	0
mem_load_l3_hit_retired.xsnp_hit:u	799	0	0
mem_load_l3_hit_retired.xsnp_hit:u	800	0	0
mem_load_l3_hit_retired.xsnp_hit:u	801	0	0
mem_load_l3_hit_retired.xsnp_hit:u	802	0	0
mem_load_l3_hit_retired.xsnp_hit:u	803	0	0
mem_load_l3_hit_retired.xsnp_hit:u	804	0	0
mem_load_l3_hit_retired.xsnp_hit:u	805	0	0
mem_load_l3_hit_retired.xsnp_hit:u	806	0	0
mem_load_l3_hit_retired.xsnp_hit:u	807	0	0
mem_load_l3_hit_retired.xsnp_hit:u	808	0	0
mem_load_l3_hit_retired.xsnp_hit:u	809	0	0
mem_load_l3_hit_retired.xsnp_hit:u	810	0	0
mem_load_l3_hit_retired.xsnp_hit:u	811	0	0
mem_load_l3_hit_retired.xsnp_hit:u	812	0	0
mem_load_l3_hit_retired.xsnp_hit:u	813	0	0
mem_load_l3_hit_retired.xsnp_hit:u	814	0	0
mem_load_l3_hit_retired.xsnp_hit:u	815	0	0
mem_load_l3_hit_retired.xsnp_hit:u	816	0	0
mem_load_l3_hit_retired.xsnp_hit:u	817	0	0
mem_load_l3_hit_retired.xsnp_hit:u	818	0	0
mem_load_l3_hit_retired.xsnp_hit:u	819	0	0
mem_load_l3_hit_retired.xsnp_hit:u	820	0	0
mem_load_l3_hit_retired.xsnp_hit:u	821	0	0
mem_load_l3_hit_retired.xsnp_hit:u	822	0	0
mem_load_l3_hit_retired.xsnp_hit:u	823	0	0
mem_load_l3_hit_retired.xsnp_hit:u	824	0	0
mem_load_l3_hit_retired.xsnp_hit:u	825	0	0
mem_load_l3_hit_retired.xsnp_hit:u	826	0	0
mem_load_l3_hit_retired.xsnp_hit:u	827	0	0
mem_load_l3_hit_retired.xsnp_hit:u	828	0	0
mem_load_l3_hit_retired.xsnp_hit:u	829	0	0
mem_load_l3_hit_retired.xsnp_hit:u	830	0	0
mem_load_l3_hit_retired.xsnp_hit:u	831	0	0
mem_load_l3_hit_retired.xsnp_hit:u	832	0	0
mem_load_l3_hit_retired.xsnp_hit:u	833	0	0
mem_load_l3_hit_retired.xsnp_hit:u	834	0	0
mem_load_l3_hit_retired.xsnp_hit:u	835	0	0
mem_load_l3_hit_retired.xsnp_hit:u	836	0	0
mem_load_l3_hit_retired.xsnp_hit:u	837	0	0
mem_load_l3_hit_retired.xsnp_hit:u	838	0	0
mem_load_l3_hit_retired.xsnp_hit:u	839	0	0
mem_load_l3_hit_retired.xsnp_hit:u	840	0	0
mem_load_l3_hit_retired.xsnp_hit:u	841	0	0
mem_load_l3_hit_retired.xsnp_hit:u	842	0	0
mem_load_l3_hit_retired.xsnp_hit:u	843	0	0
mem_load_l3_hit_retired.xsnp_hit:u	844	0	0
mem_load_l3_hit_retired.xsnp_hit:u	845	0	0
mem_load_l3_hit_retired.xsnp_hit:u	846	0	0
mem_load_l3_hit_retired.xsnp_hit:u	847	0	0
mem_load_l3_hit_retired.xsnp_hit:u	848	0	0
mem_load_l3_hit_retired.xsnp_hit:u	849	0	0
mem_load_l3_hit_retired.xsnp_hit:u	850	0	0
mem_load_l3_hit_retired.xsnp_hit:u	851	0	0
mem_load_l3_hit_retired.xsnp_hit:u	852	0	0
mem_load_l3_hit_retired.xsnp_hit:u	853	0	0
mem_load_l3_hit_retired.xsnp_hit:u	854	0	0
mem_load_l3_hit_retired.xsnp_hit:u	855	0	0
mem_load_l3_hit_retired.xsnp_hit:u	856	0	0
mem_load_l3_hit_retired.xsnp_hit:u	857	0	0
mem_load_l3_hit_retired.xsnp_hit:u	858	0	0
mem_load_l3_hit_retired.xsnp_hit:u	859	0	0
mem_load_l3_hit_retired.xsnp_hit:u	860	0	0
mem_load_l3_hit_retired.xsnp_hit:u	861	0	0
mem_load_l3_hit_retired.xsnp_hit:u	862	0	0
mem_load_l3_hit_retired.xsnp_hit:u	863	0	0
mem_load_l3_hit_retired.xsnp_hit:u	864	0	0
mem_load_l3_hit_retired.xsnp_hit:u	865	0	0
mem_load_l3_hit_retired.xsnp_hit:u	866	0	0
mem_load_l3_hit_retired.xsnp_hit:u	867	0	0
mem_load_l3_hit_retired.xsnp_hit:u	868	0	0
mem_load_l3_hit_retired.xsnp_hit:u	869	0	0
mem_load_l3_hit_retired.xsnp_hit:u	870	0	0
mem_load_l3_hit_retired.xsnp_hit:u	871	0	0
mem_load_l3_hit_retired.xsnp_hit:u	872	0	0
mem_load_l3_hit_retired.xsnp_hit:u	873	0	0
mem_load_l3_hit_retired.xsnp_hit:u	874	0	0
mem_load_l3_hit_retired.xsnp_hit:u	875	0	0
mem_load_l3_hit_retired.xsnp_hit:u	876	0	0
mem_load_l3_hit_retired.xsnp_hit:u	877	0	0
mem_load_l3_hit_retired.xsnp_hit:u	878	0	0
mem_load_l3_hit_retired.xsnp_hit:u	879	0	0
mem_load_l3_hit_retired.xsnp_hit:u	880	0	0
mem_load_l3_hit_retired.xsnp_hit:u	881	0	0
mem_load_l3_hit_retired.xsnp_hit:u	882	0	0
mem_load_l3_hit_retired.xsnp_hit:u	883	0	0
mem_load_l3_hit_retired.xsnp_hit:u	884	0	0
mem_load_l3_hit_retired.xsnp_hit:u	885	0	0
mem_load_l3_hit_retired.xsnp_hit:u	886	0	0
mem_load_l3_hit_retired.xsnp_hit:u	887	0	0
mem_load_l3_hit_retired.xsnp_hit:u	888	0	0
mem_load_l3_hit_retired.xsnp_hit:u	889	0	0
mem_load_l3_hit_retired.xsnp_hit:u	890	0	0
mem_load_l3_hit_retired.xsnp_hit:u	891	0	0
mem_load_l3_hit_retired.xsnp_hit:u	892	0	0
mem_load_l3_hit_retired.xsnp_hit:u	893	0	0
mem_load_l3_hit_retired.xsnp_hit:u	894	0	0
mem_load_l3_hit_retired.xsnp_hit:u	895	0	0
mem_load_l3_hit_retired.xsnp_hit:u	896	0	0
mem_load_l3_hit_retired.xsnp_hit:u	897	0	0
mem_load_l3_hit_retired.xsnp_hit:u	898	0	0
mem_load_l3_hit_retired.xsnp_hit:u	899	0	0
mem_load_l3_hit_retired.xsnp_hit:u	900	0	0
mem_load_l3_hit_retired.xsnp_hit:u	901	0	0
mem_load_l3_hit_retired.xsnp_hit:u	902	0	0
mem_load_l3_hit_retired.xsnp_hit:u	903	0	0
mem_load_l3_hit_retired.xsnp_hit:u	904	0	0
mem_load_l3_hit_retired.xsnp_hit:u	905	0	0
mem_load_l3_hit_retired.xsnp_hit:u	906	0	0
mem_load_l3_hit_retired.xsnp_hit:u	907	0	0
mem_load_l3_hit_retired.xsnp_hit:u	908	0	0
mem_load_l3_hit_retired.xsnp_hit:u	909	0	0
mem_load_l3_hit_retired.xsnp_hit:u	910	0	0
mem_load_l3_hit_retired.xsnp_hit:u	911	0	0
mem_load_l3_hit_retired.xsnp_hit:u	912	0	0
mem_load_l3_hit_retired.xsnp_hit:u	913	0	0
mem_load_l3_hit_retired.xsnp_hit:u	914	0	0
mem_load_l3_hit_retired.xsnp_hit:u	915	0	0
mem_load_l3_hit_retired.xsnp_hit:u	916	0	0
mem_load_l3_hit_retired.xsnp_hit:u	917	0	0
mem_load_l3_hit_retired.xsnp_hit:u	918	0	0
mem_load_l3_hit_retired.xsnp_hit:u	919	0	0
mem_load_l3_hit_retired.xsnp_hit:u	920	0	0
mem_load_l3_hit_retired.xsnp_hit:u	921	0	0
mem_load_l3_hit_retired.xsnp_hit:u	922	0	0
mem_load_l3_hit_retired.xsnp_hit:u	923	0	0
mem_load_l3_hit_retired.xsnp_hit:u	924	0	0
mem_load_l3_hit_retired.xsnp_hit:u	925	0	0
mem_load_l3_hit_retired.xsnp_hit:u	926	0	0
mem_load_l3_hit_retired.xsnp_hit:u	927	0	0
mem_load_l3_hit_retired.xsnp_hit:u	928	0	0
mem_load_l3_hit_retired.xsnp_hit:u	929	0	0
mem_load_l3_hit_retired.xsnp_hit:u	930	0	0
mem_load_l3_hit_retired.xsnp_hit:u	931	0	0
mem_load_l3_hit_retired.xsnp_hit:u	932	0	0
mem_load_l3_hit_retired.xsnp_hit:u	933	0	0
mem_load_l3_hit_retired.xsnp_hit:u	934	0	0
mem_load_l3_hit_retired.xsnp_hit:u	935	0	0
mem_load_l3_hit_retired.xsnp_hit:u	936	0	0
mem_load_l3_hit_retired.xsnp_hit:u	937	0	0
mem_load_l3_hit_retired.xsnp_hit:u	938	0	0
mem_load_l3_hit_retired.xsnp_hit:u	939	0	0
mem_load_l3_hit_retired.xsnp_hit:u	940	0	0
mem_load_l3_hit_retired.xsnp_hit:u	941	0	0
mem_load_l3_hit_retired.xsnp_hit:u	942	0	0
mem_load_l3_hit_retired.xsnp_hit:u	943	0	0
mem_load_l3_hit_retired.xsnp_hit:u	944	0	0
mem_load_l3_hit_retired.xsnp_hit:u	945	0	0
mem_load_l3_hit_retired.xsnp_hit:u	946	0	0
mem_load_l3_hit_retired.xsnp_hit:u	947	0	0
mem_load_l3_hit_retired.xsnp_hit:u	948	0	0
mem_load_l3_hit_retired.xsnp_hit:u	949	0	0
mem_load_l3_hit_retired.xsnp_hit:u	950	0	0
mem_load_l3_hit_retired.xsnp_hit:u	951	0	0
mem_load_l3_hit_retired.xsnp_hit:u	952	0	0
mem_load_l3_hit_retired.xsnp_hit:u	953	0	0
mem_load_l3_hit_retired.xsnp_hit:u	954	0	0
mem_load_l3_hit_retired.xsnp_hit:u	955	0	0
mem_load_l3_hit_retired.xsnp_hit:u	956	0	0
mem_load_l3_hit_retired.xsnp_hit:u	957	0	0
mem_load_l3_hit_retired.xsnp_hit:u	958	0	0
mem_load_l3_hit_retired.xsnp_hit:u	959	0	0
mem_load_l3_hit_retired.xsnp_hit:u	960	0	0
mem_load_l3_hit_retired.xsnp_hit:u	961	0	0
mem_load_l3_hit_retired.xsnp_hit:u	962	0	0
mem_load_l3_hit_retired.xsnp_hit:u	963	0	0
mem_load_l3_hit_retired.xsnp_hit:u	964	0	0
mem_load_l3_hit_retired.xsnp_hit:u	965	0	0
mem_load_l3_hit_retired.xsnp_hit:u	966	0	0
mem_load_l3_hit_retired.xsnp_hit:u	967	0	0
mem_load_l3_hit_retired.xsnp_hit:u	968	0	0
mem_load_l3_hit_retired.xsnp_hit:u	969	0	0
mem_load_l3_hit_retired.xsnp_hit:u	970	0	0
mem_load_l3_hit_retired.xsnp_hit:u	971	0	0
mem_load_l3_hit_retired.xsnp_hit:u	972	0	0
mem_load_l3_hit_retired.xsnp_hit:u	973	0	0
mem_load_l3_hit_retired.xsnp_hit:u	974	0	0
mem_load_l3_hit_retired.xsnp_hit:u	975	0	0
mem_load_l3_hit_retired.xsnp_hit:u	976	0	0
mem_load_l3_hit_retired.xsnp_hit:u	977	0	0
mem_load_l3_hit_retired.xsnp_hit:u	978	0	0
mem_load_l3_hit_retired.xsnp_hit:u	979	0	0
mem_load_l3_hit_retired.xsnp_hit:u	980	0	0
mem_load_l3_hit_retired.xsnp_hit:u	981	0	0
mem_load_l3_hit_retired.xsnp_hit:u	982	0	0
mem_load_l3_hit_retired.xsnp_hit:u	983	0	0
mem_load_l3_hit_retired.xsnp_hit:u	984	0	0
mem_load_l3_hit_retired.xsnp_hit:u	985	0	0
mem_load_l3_hit_retired.xsnp_hit:u	986	0	0
mem_load_l3_hit_retired.xsnp_hit:u	987	0	0
mem_load_l3_hit_retired.xsnp_hit:u	988	0	0
mem_load_l3_hit_retired.xsnp_hit:u	989	0	0
mem_load_l3_hit_retired.xsnp_hit:u	990	0	0
mem_load_l3_hit_retired.xsnp_hit:u	991	0	0
mem_load_l3_hit_retired.xsnp_hit:u	992	0	0
mem_load_l3_hit_retired.xsnp_hit:u	993	0	0
mem_load_l3_hit_retired.xsnp_hit:u	994	0	0
mem_load_l3_hit_retired.xsnp_hit:u	995	0	0
mem_load_l3_hit_retired.xsnp_hit:u	996	0	0
mem_load_l3_hit_retired.xsnp_hit:u	997	0	0
mem_load_l3_hit_retired.xsnp_hit:u	998	0	0
mem_load_l3_hit_retired.xsnp_hit:u	999	0	0
mem_load_l3_hit_retired.xsnp_hit:u	1000	0	0
sw_prefetch_access.t0:u	1	100005	0
sw_prefetch_access.t0:u	2	100002	0
icache_16b.ifdata_stall:u	1	117162	0
icache_16b.ifdata_stall:u	2	119664	0
idq.ms_uops:u	1	12873916466	0
idq.ms_uops:u	2	12873040829	0
rtm_retired.aborted_events:u	1	0	0
rtm_retired.aborted_events:u	2	0	0
rtm_retired.aborted_events:u	3	0	0
rtm_retired.aborted_events:u	4	0	0
rtm_retired.aborted_events:u	5	0	0
rtm_retired.aborted_events:u	6	0	0
rtm_retired.aborted_events:u	7	0	0
rtm_retired.aborted_events:u	8	0	0
rtm_retired.aborted_events:u	9	0	0
rtm_retired.aborted_events:u	10	0	0
rtm_retired.aborted_events:u	11	0	0
rtm_retired.aborted_events:u	12	0	0
rtm_retired.aborted_events:u	13	0	0
rtm_retired.aborted_events:u	14	0	0
rtm_retired.aborted_events:u	15	0	0
rtm_retired.aborted_events:u	16	0	0
rtm_retired.aborted_events:u	17	0	0
rtm_retired.aborted_events:u	18	0	0
rtm_retired.aborted_events:u	19	0	0
rtm_retired.aborted_events:u	20	0	0
rtm_retired.aborted_events:u	21	0	0
rtm_retired.aborted_events:u	22	0	0
rtm_retired.aborted_events:u	23	0	0
rtm_retired.aborted_events:u	24	0	0
rtm_retired.aborted_events:u	25	0	0
rtm_retired.aborted_events:u	26	0	0
rtm_retired.aborted_events:u	27	0	0
rtm_retired.aborted_events:u	28	0	0
rtm_retired.aborted_events:u	29	0	0
rtm_retired.aborted_events:u	30	0	0
rtm_retired.aborted_events:u	31	0	0
rtm_retired.aborted_events:u	32	0	0
rtm_retired.aborted_events:u	33	0	0
rtm_retired.aborted_events:u	34	0	0
rtm_retired.aborted_events:u	35	0	0
rtm_retired.aborted_events:u	36	0	0
rtm_retired.aborted_events:u	37	0	0
rtm_retired.aborted_events:u	38	0	0
rtm_retired.aborted_events:u	39	0	0
rtm_retired.aborted_events:u	40	0	0
rtm_retired.aborted_events:u	41	0	0
rtm_retired.aborted_events:u	42	0	0
rtm_retired.aborted_events:u	43	0	0
rtm_retired.aborted_events:u	44	0	0
rtm_retired.aborted_events:u	45	0	0
rtm_retired.aborted_events:u	46	0	0
rtm_retired.aborted_events:u	47	0	0
rtm_retired.aborted_events:u	48	0	0
rtm_retired.aborted_events:u	49	0	0
rtm_retired.aborted_events:u	50	0	0
rtm_retired.aborted_events:u	51	0	0
rtm_retired.aborted_events:u	52	0	0
rtm_retired.aborted_events:u	53	0	0
rtm_retired.aborted_events:u	54	0	0
rtm_retired.aborted_events:u	55	0	0
rtm_retired.aborted_events:u	56	0	0
rtm_retired.aborted_events:u	57	0	0
rtm_retired.aborted_events:u	58	0	0
rtm_retired.aborted_events:u	59	0	0
rtm_retired.aborted_events:u	60	0	0
rtm_retired.aborted_events:u	61	0	0
rtm_retired.aborted_events:u	62	0	0
rtm_retired.aborted_events:u	63	0	0
rtm_retired.aborted_events:u	64	0	0
rtm_retired.aborted_events:u	65	0	0
rtm_retired.aborted_events:u	66	0	0
rtm_retired.aborted_events:u	67	0	0
rtm_retired.aborted_events:u	68	0	0
rtm_retired.aborted_events:u	69	0	0
rtm_retired.aborted_events:u	70	0	0
rtm_retired.aborted_events:u	71	0	0
rtm_retired.aborted_events:u	72	0	0
rtm_retired.aborted_events:u	73	0	0
rtm_retired.aborted_events:u	74	0	0
rtm_retired.aborted_events:u	75	0	0
rtm_retired.aborted_events:u	76	0	0
rtm_retired.aborted_events:u	77	0	0
rtm_retired.aborted_events:u	78	0	0
rtm_retired.aborted_events:u	79	0	0
rtm_retired.aborted_events:u	80	0	0
rtm_retired.aborted_events:u	81	0	0
rtm_retired.aborted_events:u	82	0	0
rtm_retired.aborted_events:u	83	0	0
rtm_retired.aborted_events:u	84	0	0
rtm_retired.aborted_events:u	85	0	0
rtm_retired.aborted_events:u	86	0	0
rtm_retired.aborted_events:u	87	0	0
rtm_retired.aborted_events:u	88	0	0
rtm_retired.aborted_events:u	89	0	0
rtm_retired.aborted_events:u	90	0	0
rtm_retired.aborted_events:u	91	0	0
rtm_retired.aborted_events:u	92	0	0
rtm_retired.aborted_events:u	93	0	0
rtm_retired.aborted_events:u	94	0	0
rtm_retired.aborted_events:u	95	0	0
rtm_retired.aborted_events:u	96	0	0
rtm_retired.aborted_events:u	97	0	0
rtm_retired.aborted_events:u	98	0	0
rtm_retired.aborted_events:u	99	0	0
rtm_retired.aborted_events:u	100	0	0
rtm_retired.aborted_events:u	101	0	0
rtm_retired.aborted_events:u	102	0	0
rtm_retired.aborted_events:u	103	0	0
rtm_retired.aborted_events:u	104	0	0
rtm_retired.aborted_events:u	105	0	0
rtm_retired.aborted_events:u	106	0	0
rtm_retired.aborted_events:u	107	0	0
rtm_retired.aborted_events:u	108	0	0
rtm_retired.aborted_events:u	109	0	0
rtm_retired.aborted_events:u	110	0	0
rtm_retired.aborted_events:u	111	0	0
rtm_retired.aborted_events:u	112	0	0
rtm_retired.aborted_events:u	113	0	0
rtm_retired.aborted_events:u	114	0	0
rtm_retired.aborted_events:u	115	0	0
rtm_retired.aborted_events:u	116	0	0
rtm_retired.aborted_events:u	117	0	0
rtm_retired.aborted_events:u	118	0	0
rtm_retired.aborted_events:u	119	0	0
rtm_retired.aborted_events:u	120	0	0
rtm_retired.aborted_events:u	121	0	0
rtm_retired.aborted_events:u	122	0	0
rtm_retired.aborted_events:u	123	0	0
rtm_retired.aborted_events:u	124	0	0
rtm_retired.aborted_events:u	125	0	0
rtm_retired.aborted_events:u	126	0	0
rtm_retired.aborted_events:u	127	0	0
rtm_retired.aborted_events:u	128	0	0
rtm_retired.aborted_events:u	129	0	0
rtm_retired.aborted_events:u	130	0	0
rtm_retired.aborted_events:u	131	0	0
rtm_retired.aborted_events:u	132	0	0
rtm_retired.aborted_events:u	133	0	0
rtm_retired.aborted_events:u	134	0	0
rtm_retired.aborted_events:u	135	0	0
rtm_retired.aborted_events:u	136	0	0
rtm_retired.aborted_events:u	137	0	0
rtm_retired.aborted_events:u	138	0	0
rtm_retired.aborted_events:u	139	0	0
rtm_retired.aborted_events:u	140	0	0
rtm_retired.aborted_events:u	141	0	0
rtm_retired.aborted_events:u	142	0	0
rtm_retired.aborted_events:u	143	0	0
rtm_retired.aborted_events:u	144	0	0
rtm_retired.aborted_events:u	145	0	0
rtm_retired.aborted_events:u	146	0	0
rtm_retired.aborted_events:u	147	0	0
rtm_retired.aborted_events:u	148	0	0
rtm_retired.aborted_events:u	149	0	0
rtm_retired.aborted_events:u	150	0	0
rtm_retired.aborted_events:u	151	0	0
rtm_retired.aborted_events:u	152	0	0
rtm_retired.aborted_events:u	153	0	0
rtm_retired.aborted_events:u	154	0	0
rtm_retired.aborted_events:u	155	0	0
rtm_retired.aborted_events:u	156	0	0
rtm_retired.aborted_events:u	157	0	0
rtm_retired.aborted_events:u	158	0	0
rtm_retired.aborted_events:u	159	0	0
rtm_retired.aborted_events:u	160	0	0
rtm_retired.aborted_events:u	161	0	0
rtm_retired.aborted_events:u	162	0	0
rtm_retired.aborted_events:u	163	0	0
rtm_retired.aborted_events:u	164	0	0
rtm_retired.aborted_events:u	165	0	0
rtm_retired.aborted_events:u	166	0	0
rtm_retired.aborted_events:u	167	0	0
rtm_retired.aborted_events:u	168	0	0
rtm_retired.aborted_events:u	169	0	0
rtm_retired.aborted_events:u	170	0	0
rtm_retired.aborted_events:u	171	0	0
rtm_retired.aborted_events:u	172	0	0
rtm_retired.aborted_events:u	173	0	0
rtm_retired.aborted_events:u	174	0	0
rtm_retired.aborted_events:u	175	0	0
rtm_retired.aborted_events:u	176	0	0
rtm_retired.aborted_events:u	177	0	0
rtm_retired.aborted_events:u	178	0	0
rtm_retired.aborted_events:u	179	0	0
rtm_retired.aborted_events:u	180	0	0
rtm_retired.aborted_events:u	181	0	0
rtm_retired.aborted_events:u	182	0	0
rtm_retired.aborted_events:u	183	0	0
rtm_retired.aborted_events:u	184	0	0
rtm_retired.aborted_events:u	185	0	0
rtm_retired.aborted_events:u	186	0	0
rtm_retired.aborted_events:u	187	0	0
rtm_retired.aborted_events:u	188	0	0
rtm_retired.aborted_events:u	189	0	0
rtm_retired.aborted_events:u	190	0	0
rtm_retired.aborted_events:u	191	0	0
rtm_retired.aborted_events:u	192	0	0
rtm_retired.aborted_events:u	193	0	0
rtm_retired.aborted_events:u	194	0	0
rtm_retired.aborted_events:u	195	0	0
rtm_retired.aborted_events:u	196	0	0
rtm_retired.aborted_events:u	197	0	0
rtm_retired.aborted_events:u	198	0	0
rtm_retired.aborted_events:u	199	0	0
rtm_retired.aborted_events:u	200	0	0
rtm_retired.aborted_events:u	201	0	0
rtm_retired.aborted_events:u	202	0	0
rtm_retired.aborted_events:u	203	0	0
rtm_retired.aborted_events:u	204	0	0
rtm_retired.aborted_events:u	205	0	0
rtm_retired.aborted_events:u	206	0	0
rtm_retired.aborted_events:u	207	0	0
rtm_retired.aborted_events:u	208	0	0
rtm_retired.aborted_events:u	209	0	0
rtm_retired.aborted_events:u	210	0	0
rtm_retired.aborted_events:u	211	0	0
rtm_retired.aborted_events:u	212	0	0
rtm_retired.aborted_events:u	213	0	0
rtm_retired.aborted_events:u	214	0	0
rtm_retired.aborted_events:u	215	0	0
rtm_retired.aborted_events:u	216	0	0
rtm_retired.aborted_events:u	217	0	0
rtm_retired.aborted_events:u	218	0	0
rtm_retired.aborted_events:u	219	0	0
rtm_retired.aborted_events:u	220	0	0
rtm_retired.aborted_events:u	221	0	0
rtm_retired.aborted_events:u	222	0	0
rtm_retired.aborted_events:u	223	0	0
rtm_retired.aborted_events:u	224	0	0
rtm_retired.aborted_events:u	225	0	0
rtm_retired.aborted_events:u	226	0	0
rtm_retired.aborted_events:u	227	0	0
rtm_retired.aborted_events:u	228	0	0
rtm_retired.aborted_events:u	229	0	0
rtm_retired.aborted_events:u	230	0	0
rtm_retired.aborted_events:u	231	0	0
rtm_retired.aborted_events:u	232	0	0
rtm_retired.aborted_events:u	233	0	0
rtm_retired.aborted_events:u	234	0	0
rtm_retired.aborted_events:u	235	0	0
rtm_retired.aborted_events:u	236	0	0
rtm_retired.aborted_events:u	237	0	0
rtm_retired.aborted_events:u	238	0	0
rtm_retired.aborted_events:u	239	0	0
rtm_retired.aborted_events:u	240	0	0
rtm_retired.aborted_events:u	241	0	0
rtm_retired.aborted_events:u	242	0	0
rtm_retired.aborted_events:u	243	0	0
rtm_retired.aborted_events:u	244	0	0
rtm_retired.aborted_events:u	245	0	0
rtm_retired.aborted_events:u	246	0	0
rtm_retired.aborted_events:u	247	0	0
rtm_retired.aborted_events:u	248	0	0
rtm_retired.aborted_events:u	249	0	0
rtm_retired.aborted_events:u	250	0	0
rtm_retired.aborted_events:u	251	0	0
rtm_retired.aborted_events:u	252	0	0
rtm_retired.aborted_events:u	253	0	0
rtm_retired.aborted_events:u	254	0	0
rtm_retired.aborted_events:u	255	0	0
rtm_retired.aborted_events:u	256	0	0
rtm_retired.aborted_events:u	257	0	0
rtm_retired.aborted_events:u	258	0	0
rtm_retired.aborted_events:u	259	0	0
rtm_retired.aborted_events:u	260	0	0
rtm_retired.aborted_events:u	261	0	0
rtm_retired.aborted_events:u	262	0	0
rtm_retired.aborted_events:u	263	0	0
rtm_retired.aborted_events:u	264	0	0
rtm_retired.aborted_events:u	265	0	0
rtm_retired.aborted_events:u	266	0	0
rtm_retired.aborted_events:u	267	0	0
rtm_retired.aborted_events:u	268	0	0
rtm_retired.aborted_events:u	269	0	0
rtm_retired.aborted_events:u	270	0	0
rtm_retired.aborted_events:u	271	0	0
rtm_retired.aborted_events:u	272	0	0
rtm_retired.aborted_events:u	273	0	0
rtm_retired.aborted_events:u	274	0	0
rtm_retired.aborted_events:u	275	0	0
rtm_retired.aborted_events:u	276	0	0
rtm_retired.aborted_events:u	277	0	0
rtm_retired.aborted_events:u	278	0	0
rtm_retired.aborted_events:u	279	0	0
rtm_retired.aborted_events:u	280	0	0
rtm_retired.aborted_events:u	281	0	0
rtm_retired.aborted_events:u	282	0	0
rtm_retired.aborted_events:u	283	0	0
rtm_retired.aborted_events:u	284	0	0
rtm_retired.aborted_events:u	285	0	0
rtm_retired.aborted_events:u	286	0	0
rtm_retired.aborted_events:u	287	0	0
rtm_retired.aborted_events:u	288	0	0
rtm_retired.aborted_events:u	289	0	0
rtm_retired.aborted_events:u	290	0	0
rtm_retired.aborted_events:u	291	0	0
rtm_retired.aborted_events:u	292	0	0
rtm_retired.aborted_events:u	293	0	0
rtm_retired.aborted_events:u	294	0	0
rtm_retired.aborted_events:u	295	0	0
rtm_retired.aborted_events:u	296	0	0
rtm_retired.aborted_events:u	297	0	0
rtm_retired.aborted_events:u	298	0	0
rtm_retired.aborted_events:u	299	0	0
rtm_retired.aborted_events:u	300	0	0
rtm_retired.aborted_events:u	301	0	0
rtm_retired.aborted_events:u	302	0	0
rtm_retired.aborted_events:u	303	0	0
rtm_retired.aborted_events:u	304	0	0
rtm_retired.aborted_events:u	305	0	0
rtm_retired.aborted_events:u	306	0	0
rtm_retired.aborted_events:u	307	0	0
rtm_retired.aborted_events:u	308	0	0
rtm_retired.aborted_events:u	309	0	0
rtm_retired.aborted_events:u	310	0	0
rtm_retired.aborted_events:u	311	0	0
rtm_retired.aborted_events:u	312	0	0
rtm_retired.aborted_events:u	313	0	0
rtm_retired.aborted_events:u	314	0	0
rtm_retired.aborted_events:u	315	0	0
rtm_retired.aborted_events:u	316	0	0
rtm_retired.aborted_events:u	317	0	0
rtm_retired.aborted_events:u	318	0	0
rtm_retired.aborted_events:u	319	0	0
rtm_retired.aborted_events:u	320	0	0
rtm_retired.aborted_events:u	321	0	0
rtm_retired.aborted_events:u	322	0	0
rtm_retired.aborted_events:u	323	0	0
rtm_retired.aborted_events:u	324	0	0
rtm_retired.aborted_events:u	325	0	0
rtm_retired.aborted_events:u	326	0	0
rtm_retired.aborted_events:u	327	0	0
rtm_retired.aborted_events:u	328	0	0
rtm_retired.aborted_events:u	329	0	0
rtm_retired.aborted_events:u	330	0	0
rtm_retired.aborted_events:u	331	0	0
rtm_retired.aborted_events:u	332	0	0
rtm_retired.aborted_events:u	333	0	0
rtm_retired.aborted_events:u	334	0	0
rtm_retired.aborted_events:u	335	0	0
rtm_retired.aborted_events:u	336	0	0
rtm_retired.aborted_events:u	337	0	0
rtm_retired.aborted_events:u	338	0	0
rtm_retired.aborted_events:u	339	0	0
rtm_retired.aborted_events:u	340	0	0
rtm_retired.aborted_events:u	341	0	0
rtm_retired.aborted_events:u	342	0	0
rtm_retired.aborted_events:u	343	0	0
rtm_retired.aborted_events:u	344	0	0
rtm_retired.aborted_events:u	345	0	0
rtm_retired.aborted_events:u	346	0	0
rtm_retired.aborted_events:u	347	0	0
rtm_retired.aborted_events:u	348	0	0
rtm_retired.aborted_events:u	349	0	0
rtm_retired.aborted_events:u	350	0	0
rtm_retired.aborted_events:u	351	0	0
rtm_retired.aborted_events:u	352	0	0
rtm_retired.aborted_events:u	353	0	0
rtm_retired.aborted_events:u	354	0	0
rtm_retired.aborted_events:u	355	0	0
rtm_retired.aborted_events:u	356	0	0
rtm_retired.aborted_events:u	357	0	0
rtm_retired.aborted_events:u	358	0	0
rtm_retired.aborted_events:u	359	0	0
rtm_retired.aborted_events:u	360	0	0
rtm_retired.aborted_events:u	361	0	0
rtm_retired.aborted_events:u	362	0	0
rtm_retired.aborted_events:u	363	0	0
rtm_retired.aborted_events:u	364	0	0
rtm_retired.aborted_events:u	365	0	0
rtm_retired.aborted_events:u	366	0	0
rtm_retired.aborted_events:u	367	0	0
rtm_retired.aborted_events:u	368	0	0
rtm_retired.aborted_events:u	369	0	0
rtm_retired.aborted_events:u	370	0	0
rtm_retired.aborted_events:u	371	0	0
rtm_retired.aborted_events:u	372	0	0
rtm_retired.aborted_events:u	373	0	0
rtm_retired.aborted_events:u	374	0	0
rtm_retired.aborted_events:u	375	0	0
rtm_retired.aborted_events:u	376	0	0
rtm_retired.aborted_events:u	377	0	0
rtm_retired.aborted_events:u	378	0	0
rtm_retired.aborted_events:u	379	0	0
rtm_retired.aborted_events:u	380	0	0
rtm_retired.aborted_events:u	381	0	0
rtm_retired.aborted_events:u	382	0	0
rtm_retired.aborted_events:u	383	0	0
rtm_retired.aborted_events:u	384	0	0
rtm_retired.aborted_events:u	385	0	0
rtm_retired.aborted_events:u	386	0	0
rtm_retired.aborted_events:u	387	0	0
rtm_retired.aborted_events:u	388	0	0
rtm_retired.aborted_events:u	389	0	0
rtm_retired.aborted_events:u	390	0	0
rtm_retired.aborted_events:u	391	0	0
rtm_retired.aborted_events:u	392	0	0
rtm_retired.aborted_events:u	393	0	0
rtm_retired.aborted_events:u	394	0	0
rtm_retired.aborted_events:u	395	0	0
rtm_retired.aborted_events:u	396	0	0
rtm_retired.aborted_events:u	397	0	0
rtm_retired.aborted_events:u	398	0	0
rtm_retired.aborted_events:u	399	0	0
rtm_retired.aborted_events:u	400	0	0
rtm_retired.aborted_events:u	401	0	0
rtm_retired.aborted_events:u	402	0	0
rtm_retired.aborted_events:u	403	0	0
rtm_retired.aborted_events:u	404	0	0
rtm_retired.aborted_events:u	405	0	0
rtm_retired.aborted_events:u	406	0	0
rtm_retired.aborted_events:u	407	0	0
rtm_retired.aborted_events:u	408	0	0
rtm_retired.aborted_events:u	409	0	0
rtm_retired.aborted_events:u	410	0	0
rtm_retired.aborted_events:u	411	0	0
rtm_retired.aborted_events:u	412	0	0
rtm_retired.aborted_events:u	413	0	0
rtm_retired.aborted_events:u	414	0	0
rtm_retired.aborted_events:u	415	0	0
rtm_retired.aborted_events:u	416	0	0
rtm_retired.aborted_events:u	417	0	0
rtm_retired.aborted_events:u	418	0	0
rtm_retired.aborted_events:u	419	0	0
rtm_retired.aborted_events:u	420	0	0
rtm_retired.aborted_events:u	421	0	0
rtm_retired.aborted_events:u	422	0	0
rtm_retired.aborted_events:u	423	0	0
rtm_retired.aborted_events:u	424	0	0
rtm_retired.aborted_events:u	425	0	0
rtm_retired.aborted_events:u	426	0	0
rtm_retired.aborted_events:u	427	0	0
rtm_retired.aborted_events:u	428	0	0
rtm_retired.aborted_events:u	429	0	0
rtm_retired.aborted_events:u	430	0	0
rtm_retired.aborted_events:u	431	0	0
rtm_retired.aborted_events:u	432	0	0
rtm_retired.aborted_events:u	433	0	0
rtm_retired.aborted_events:u	434	0	0
rtm_retired.aborted_events:u	435	0	0
rtm_retired.aborted_events:u	436	0	0
rtm_retired.aborted_events:u	437	0	0
rtm_retired.aborted_events:u	438	0	0
rtm_retired.aborted_events:u	439	0	0
rtm_retired.aborted_events:u	440	0	0
rtm_retired.aborted_events:u	441	0	0
rtm_retired.aborted_events:u	442	0	0
rtm_retired.aborted_events:u	443	0	0
rtm_retired.aborted_events:u	444	0	0
rtm_retired.aborted_events:u	445	0	0
rtm_retired.aborted_events:u	446	0	0
rtm_retired.aborted_events:u	447	0	0
rtm_retired.aborted_events:u	448	0	0
rtm_retired.aborted_events:u	449	0	0
rtm_retired.aborted_events:u	450	0	0
rtm_retired.aborted_events:u	451	0	0
rtm_retired.aborted_events:u	452	0	0
rtm_retired.aborted_events:u	453	0	0
rtm_retired.aborted_events:u	454	0	0
rtm_retired.aborted_events:u	455	0	0
rtm_retired.aborted_events:u	456	0	0
rtm_retired.aborted_events:u	457	0	0
rtm_retired.aborted_events:u	458	0	0
rtm_retired.aborted_events:u	459	0	0
rtm_retired.aborted_events:u	460	0	0
rtm_retired.aborted_events:u	461	0	0
rtm_retired.aborted_events:u	462	0	0
rtm_retired.aborted_events:u	463	0	0
rtm_retired.aborted_events:u	464	0	0
rtm_retired.aborted_events:u	465	0	0
rtm_retired.aborted_events:u	466	0	0
rtm_retired.aborted_events:u	467	0	0
rtm_retired.aborted_events:u	468	0	0
rtm_retired.aborted_events:u	469	0	0
rtm_retired.aborted_events:u	470	0	0
rtm_retired.aborted_events:u	471	0	0
rtm_retired.aborted_events:u	472	0	0
rtm_retired.aborted_events:u	473	0	0
rtm_retired.aborted_events:u	474	0	0
rtm_retired.aborted_events:u	475	0	0
rtm_retired.aborted_events:u	476	0	0
rtm_retired.aborted_events:u	477	0	0
rtm_retired.aborted_events:u	478	0	0
rtm_retired.aborted_events:u	479	0	0
rtm_retired.aborted_events:u	480	0	0
rtm_retired.aborted_events:u	481	0	0
rtm_retired.aborted_events:u	482	0	0
rtm_retired.aborted_events:u	483	0	0
rtm_retired.aborted_events:u	484	0	0
rtm_retired.aborted_events:u	485	0	0
rtm_retired.aborted_events:u	486	0	0
rtm_retired.aborted_events:u	487	0	0
rtm_retired.aborted_events:u	488	0	0
rtm_retired.aborted_events:u	489	0	0
rtm_retired.aborted_events:u	490	0	0
rtm_retired.aborted_events:u	491	0	0
rtm_retired.aborted_events:u	492	0	0
rtm_retired.aborted_events:u	493	0	0
rtm_retired.aborted_events:u	494	0	0
rtm_retired.aborted_events:u	495	0	0
rtm_retired.aborted_events:u	496	0	0
rtm_retired.aborted_events:u	497	0	0
rtm_retired.aborted_events:u	498	0	0
rtm_retired.aborted_events:u	499	0	0
rtm_retired.aborted_events:u	500	0	0
rtm_retired.aborted_events:u	501	0	0
rtm_retired.aborted_events:u	502	0	0
rtm_retired.aborted_events:u	503	0	0
rtm_retired.aborted_events:u	504	0	0
rtm_retired.aborted_events:u	505	0	0
rtm_retired.aborted_events:u	506	0	0
rtm_retired.aborted_events:u	507	0	0
rtm_retired.aborted_events:u	508	0	0
rtm_retired.aborted_events:u	509	0	0
rtm_retired.aborted_events:u	510	0	0
rtm_retired.aborted_events:u	511	0	0
rtm_retired.aborted_events:u	512	0	0
rtm_retired.aborted_events:u	513	0	0
rtm_retired.aborted_events:u	514	0	0
rtm_retired.aborted_events:u	515	0	0
rtm_retired.aborted_events:u	516	0	0
rtm_retired.aborted_events:u	517	0	0
rtm_retired.aborted_events:u	518	0	0
rtm_retired.aborted_events:u	519	0	0
rtm_retired.aborted_events:u	520	0	0
rtm_retired.aborted_events:u	521	0	0
rtm_retired.aborted_events:u	522	0	0
rtm_retired.aborted_events:u	523	0	0
rtm_retired.aborted_events:u	524	0	0
rtm_retired.aborted_events:u	525	0	0
rtm_retired.aborted_events:u	526	0	0
rtm_retired.aborted_events:u	527	0	0
rtm_retired.aborted_events:u	528	0	0
rtm_retired.aborted_events:u	529	0	0
rtm_retired.aborted_events:u	530	0	0
rtm_retired.aborted_events:u	531	0	0
rtm_retired.aborted_events:u	532	0	0
rtm_retired.aborted_events:u	533	0	0
rtm_retired.aborted_events:u	534	0	0
rtm_retired.aborted_events:u	535	0	0
rtm_retired.aborted_events:u	536	0	0
rtm_retired.aborted_events:u	537	0	0
rtm_retired.aborted_events:u	538	0	0
rtm_retired.aborted_events:u	539	0	0
rtm_retired.aborted_events:u	540	0	0
rtm_retired.aborted_events:u	541	0	0
rtm_retired.aborted_events:u	542	0	0
rtm_retired.aborted_events:u	543	0	0
rtm_retired.aborted_events:u	544	0	0
rtm_retired.aborted_events:u	545	0	0
rtm_retired.aborted_events:u	546	0	0
rtm_retired.aborted_events:u	547	0	0
rtm_retired.aborted_events:u	548	0	0
rtm_retired.aborted_events:u	549	0	0
rtm_retired.aborted_events:u	550	0	0
rtm_retired.aborted_events:u	551	0	0
rtm_retired.aborted_events:u	552	0	0
rtm_retired.aborted_events:u	553	0	0
rtm_retired.aborted_events:u	554	0	0
rtm_retired.aborted_events:u	555	0	0
rtm_retired.aborted_events:u	556	0	0
rtm_retired.aborted_events:u	557	0	0
rtm_retired.aborted_events:u	558	0	0
rtm_retired.aborted_events:u	559	0	0
rtm_retired.aborted_events:u	560	0	0
rtm_retired.aborted_events:u	561	0	0
rtm_retired.aborted_events:u	562	0	0
rtm_retired.aborted_events:u	563	0	0
rtm_retired.aborted_events:u	564	0	0
rtm_retired.aborted_events:u	565	0	0
rtm_retired.aborted_events:u	566	0	0
rtm_retired.aborted_events:u	567	0	0
rtm_retired.aborted_events:u	568	0	0
rtm_retired.aborted_events:u	569	0	0
rtm_retired.aborted_events:u	570	0	0
rtm_retired.aborted_events:u	571	0	0
rtm_retired.aborted_events:u	572	0	0
rtm_retired.aborted_events:u	573	0	0
rtm_retired.aborted_events:u	574	0	0
rtm_retired.aborted_events:u	575	0	0
rtm_retired.aborted_events:u	576	0	0
rtm_retired.aborted_events:u	577	0	0
rtm_retired.aborted_events:u	578	0	0
rtm_retired.aborted_events:u	579	0	0
rtm_retired.aborted_events:u	580	0	0
rtm_retired.aborted_events:u	581	0	0
rtm_retired.aborted_events:u	582	0	0
rtm_retired.aborted_events:u	583	0	0
rtm_retired.aborted_events:u	584	0	0
rtm_retired.aborted_events:u	585	0	0
rtm_retired.aborted_events:u	586	0	0
rtm_retired.aborted_events:u	587	0	0
rtm_retired.aborted_events:u	588	0	0
rtm_retired.aborted_events:u	589	0	0
rtm_retired.aborted_events:u	590	0	0
rtm_retired.aborted_events:u	591	0	0
rtm_retired.aborted_events:u	592	0	0
rtm_retired.aborted_events:u	593	0	0
rtm_retired.aborted_events:u	594	0	0
rtm_retired.aborted_events:u	595	0	0
rtm_retired.aborted_events:u	596	0	0
rtm_retired.aborted_events:u	597	0	0
rtm_retired.aborted_events:u	598	0	0
rtm_retired.aborted_events:u	599	0	0
rtm_retired.aborted_events:u	600	0	0
rtm_retired.aborted_events:u	601	0	0
rtm_retired.aborted_events:u	602	0	0
rtm_retired.aborted_events:u	603	0	0
rtm_retired.aborted_events:u	604	0	0
rtm_retired.aborted_events:u	605	0	0
rtm_retired.aborted_events:u	606	0	0
rtm_retired.aborted_events:u	607	0	0
rtm_retired.aborted_events:u	608	0	0
rtm_retired.aborted_events:u	609	0	0
rtm_retired.aborted_events:u	610	0	0
rtm_retired.aborted_events:u	611	0	0
rtm_retired.aborted_events:u	612	0	0
rtm_retired.aborted_events:u	613	0	0
rtm_retired.aborted_events:u	614	0	0
rtm_retired.aborted_events:u	615	0	0
rtm_retired.aborted_events:u	616	0	0
rtm_retired.aborted_events:u	617	0	0
rtm_retired.aborted_events:u	618	0	0
rtm_retired.aborted_events:u	619	0	0
rtm_retired.aborted_events:u	620	0	0
rtm_retired.aborted_events:u	621	0	0
rtm_retired.aborted_events:u	622	0	0
rtm_retired.aborted_events:u	623	0	0
rtm_retired.aborted_events:u	624	0	0
rtm_retired.aborted_events:u	625	0	0
rtm_retired.aborted_events:u	626	0	0
rtm_retired.aborted_events:u	627	0	0
rtm_retired.aborted_events:u	628	0	0
rtm_retired.aborted_events:u	629	0	0
rtm_retired.aborted_events:u	630	0	0
rtm_retired.aborted_events:u	631	0	0
rtm_retired.aborted_events:u	632	0	0
rtm_retired.aborted_events:u	633	0	0
rtm_retired.aborted_events:u	634	0	0
rtm_retired.aborted_events:u	635	0	0
rtm_retired.aborted_events:u	636	0	0
rtm_retired.aborted_events:u	637	0	0
rtm_retired.aborted_events:u	638	0	0
rtm_retired.aborted_events:u	639	0	0
rtm_retired.aborted_events:u	640	0	0
rtm_retired.aborted_events:u	641	0	0
rtm_retired.aborted_events:u	642	0	0
rtm_retired.aborted_events:u	643	0	0
rtm_retired.aborted_events:u	644	0	0
rtm_retired.aborted_events:u	645	0	0
rtm_retired.aborted_events:u	646	0	0
rtm_retired.aborted_events:u	647	0	0
rtm_retired.aborted_events:u	648	0	0
rtm_retired.aborted_events:u	649	0	0
rtm_retired.aborted_events:u	650	0	0
rtm_retired.aborted_events:u	651	0	0
rtm_retired.aborted_events:u	652	0	0
rtm_retired.aborted_events:u	653	0	0
rtm_retired.aborted_events:u	654	0	0
rtm_retired.aborted_events:u	655	0	0
rtm_retired.aborted_events:u	656	0	0
rtm_retired.aborted_events:u	657	0	0
rtm_retired.aborted_events:u	658	0	0
rtm_retired.aborted_events:u	659	0	0
rtm_retired.aborted_events:u	660	0	0
rtm_retired.aborted_events:u	661	0	0
rtm_retired.aborted_events:u	662	0	0
rtm_retired.aborted_events:u	663	0	0
rtm_retired.aborted_events:u	664	0	0
rtm_retired.aborted_events:u	665	0	0
rtm_retired.aborted_events:u	666	0	0
rtm_retired.aborted_events:u	667	0	0
rtm_retired.aborted_events:u	668	0	0
rtm_retired.aborted_events:u	669	0	0
rtm_retired.aborted_events:u	670	0	0
rtm_retired.aborted_events:u	671	0	0
rtm_retired.aborted_events:u	672	0	0
rtm_retired.aborted_events:u	673	0	0
rtm_retired.aborted_events:u	674	0	0
rtm_retired.aborted_events:u	675	0	0
rtm_retired.aborted_events:u	676	0	0
rtm_retired.aborted_events:u	677	0	0
rtm_retired.aborted_events:u	678	0	0
rtm_retired.aborted_events:u	679	0	0
rtm_retired.aborted_events:u	680	0	0
rtm_retired.aborted_events:u	681	0	0
rtm_retired.aborted_events:u	682	0	0
rtm_retired.aborted_events:u	683	0	0
rtm_retired.aborted_events:u	684	0	0
rtm_retired.aborted_events:u	685	0	0
rtm_retired.aborted_events:u	686	0	0
rtm_retired.aborted_events:u	687	0	0
rtm_retired.aborted_events:u	688	0	0
rtm_retired.aborted_events:u	689	0	0
rtm_retired.aborted_events:u	690	0	0
rtm_retired.aborted_events:u	691	0	0
rtm_retired.aborted_events:u	692	0	0
rtm_retired.aborted_events:u	693	0	0
rtm_retired.aborted_events:u	694	0	0
rtm_retired.aborted_events:u	695	0	0
rtm_retired.aborted_events:u	696	0	0
rtm_retired.aborted_events:u	697	0	0
rtm_retired.aborted_events:u	698	0	0
rtm_retired.aborted_events:u	699	0	0
rtm_retired.aborted_events:u	700	0	0
rtm_retired.aborted_events:u	701	0	0
rtm_retired.aborted_events:u	702	0	0
rtm_retired.aborted_events:u	703	0	0
rtm_retired.aborted_events:u	704	0	0
rtm_retired.aborted_events:u	705	0	0
rtm_retired.aborted_events:u	706	0	0
rtm_retired.aborted_events:u	707	0	0
rtm_retired.aborted_events:u	708	0	0
rtm_retired.aborted_events:u	709	0	0
rtm_retired.aborted_events:u	710	0	0
rtm_retired.aborted_events:u	711	0	0
rtm_retired.aborted_events:u	712	0	0
rtm_retired.aborted_events:u	713	0	0
rtm_retired.aborted_events:u	714	0	0
rtm_retired.aborted_events:u	715	0	0
rtm_retired.aborted_events:u	716	0	0
rtm_retired.aborted_events:u	717	0	0
rtm_retired.aborted_events:u	718	0	0
rtm_retired.aborted_events:u	719	0	0
rtm_retired.aborted_events:u	720	0	0
rtm_retired.aborted_events:u	721	0	0
rtm_retired.aborted_events:u	722	0	0
rtm_retired.aborted_events:u	723	0	0
rtm_retired.aborted_events:u	724	0	0
rtm_retired.aborted_events:u	725	0	0
rtm_retired.aborted_events:u	726	0	0
rtm_retired.aborted_events:u	727	0	0
rtm_retired.aborted_events:u	728	0	0
rtm_retired.aborted_events:u	729	0	0
rtm_retired.aborted_events:u	730	0	0
rtm_retired.aborted_events:u	731	0	0
rtm_retired.aborted_events:u	732	0	0
rtm_retired.aborted_events:u	733	0	0
rtm_retired.aborted_events:u	734	0	0
rtm_retired.aborted_events:u	735	0	0
rtm_retired.aborted_events:u	736	0	0
rtm_retired.aborted_events:u	737	0	0
rtm_retired.aborted_events:u	738	0	0
rtm_retired.aborted_events:u	739	0	0
rtm_retired.aborted_events:u	740	0	0
rtm_retired.aborted_events:u	741	0	0
rtm_retired.aborted_events:u	742	0	0
rtm_retired.aborted_events:u	743	0	0
rtm_retired.aborted_events:u	744	0	0
rtm_retired.aborted_events:u	745	0	0
rtm_retired.aborted_events:u	746	0	0
rtm_retired.aborted_events:u	747	0	0
rtm_retired.aborted_events:u	748	0	0
rtm_retired.aborted_events:u	749	0	0
rtm_retired.aborted_events:u	750	0	0
rtm_retired.aborted_events:u	751	0	0
rtm_retired.aborted_events:u	752	0	0
rtm_retired.aborted_events:u	753	0	0
rtm_retired.aborted_events:u	754	0	0
rtm_retired.aborted_events:u	755	0	0
rtm_retired.aborted_events:u	756	0	0
rtm_retired.aborted_events:u	757	0	0
rtm_retired.aborted_events:u	758	0	0
rtm_retired.aborted_events:u	759	0	0
rtm_retired.aborted_events:u	760	0	0
rtm_retired.aborted_events:u	761	0	0
rtm_retired.aborted_events:u	762	0	0
rtm_retired.aborted_events:u	763	0	0
rtm_retired.aborted_events:u	764	0	0
rtm_retired.aborted_events:u	765	0	0
rtm_retired.aborted_events:u	766	0	0
rtm_retired.aborted_events:u	767	0	0
rtm_retired.aborted_events:u	768	0	0
rtm_retired.aborted_events:u	769	0	0
rtm_retired.aborted_events:u	770	0	0
rtm_retired.aborted_events:u	771	0	0
rtm_retired.aborted_events:u	772	0	0
rtm_retired.aborted_events:u	773	0	0
rtm_retired.aborted_events:u	774	0	0
rtm_retired.aborted_events:u	775	0	0
rtm_retired.aborted_events:u	776	0	0
rtm_retired.aborted_events:u	777	0	0
rtm_retired.aborted_events:u	778	0	0
rtm_retired.aborted_events:u	779	0	0
rtm_retired.aborted_events:u	780	0	0
rtm_retired.aborted_events:u	781	0	0
rtm_retired.aborted_events:u	782	0	0
rtm_retired.aborted_events:u	783	0	0
rtm_retired.aborted_events:u	784	0	0
rtm_retired.aborted_events:u	785	0	0
rtm_retired.aborted_events:u	786	0	0
rtm_retired.aborted_events:u	787	0	0
rtm_retired.aborted_events:u	788	0	0
rtm_retired.aborted_events:u	789	0	0
rtm_retired.aborted_events:u	790	0	0
rtm_retired.aborted_events:u	791	0	0
rtm_retired.aborted_events:u	792	0	0
rtm_retired.aborted_events:u	793	0	0
rtm_retired.aborted_events:u	794	0	0
rtm_retired.aborted_events:u	795	0	0
rtm_retired.aborted_events:u	796	0	0
rtm_retired.aborted_events:u	797	0	0
rtm_retired.aborted_events:u	798	0	0
rtm_retired.aborted_events:u	799	0	0
rtm_retired.aborted_events:u	800	0	0
rtm_retired.aborted_events:u	801	0	0
rtm_retired.aborted_events:u	802	0	0
rtm_retired.aborted_events:u	803	0	0
rtm_retired.aborted_events:u	804	0	0
rtm_retired.aborted_events:u	805	0	0
rtm_retired.aborted_events:u	806	0	0
rtm_retired.aborted_events:u	807	0	0
rtm_retired.aborted_events:u	808	0	0
rtm_retired.aborted_events:u	809	0	0
rtm_retired.aborted_events:u	810	0	0
rtm_retired.aborted_events:u	811	0	0
rtm_retired.aborted_events:u	812	0	0
rtm_retired.aborted_events:u	813	0	0
rtm_retired.aborted_events:u	814	0	0
rtm_retired.aborted_events:u	815	0	0
rtm_retired.aborted_events:u	816	0	0
rtm_retired.aborted_events:u	817	0	0
rtm_retired.aborted_events:u	818	0	0
rtm_retired.aborted_events:u	819	0	0
rtm_retired.aborted_events:u	820	0	0
rtm_retired.aborted_events:u	821	0	0
rtm_retired.aborted_events:u	822	0	0
rtm_retired.aborted_events:u	823	0	0
rtm_retired.aborted_events:u	824	0	0
rtm_retired.aborted_events:u	825	0	0
rtm_retired.aborted_events:u	826	0	0
rtm_retired.aborted_events:u	827	0	0
rtm_retired.aborted_events:u	828	0	0
rtm_retired.aborted_events:u	829	0	0
rtm_retired.aborted_events:u	830	0	0
rtm_retired.aborted_events:u	831	0	0
rtm_retired.aborted_events:u	832	0	0
rtm_retired.aborted_events:u	833	0	0
rtm_retired.aborted_events:u	834	0	0
rtm_retired.aborted_events:u	835	0	0
rtm_retired.aborted_events:u	836	0	0
rtm_retired.aborted_events:u	837	0	0
rtm_retired.aborted_events:u	838	0	0
rtm_retired.aborted_events:u	839	0	0
rtm_retired.aborted_events:u	840	0	0
rtm_retired.aborted_events:u	841	0	0
rtm_retired.aborted_events:u	842	0	0
rtm_retired.aborted_events:u	843	0	0
rtm_retired.aborted_events:u	844	0	0
rtm_retired.aborted_events:u	845	0	0
rtm_retired.aborted_events:u	846	0	0
rtm_retired.aborted_events:u	847	0	0
rtm_retired.aborted_events:u	848	0	0
rtm_retired.aborted_events:u	849	0	0
rtm_retired.aborted_events:u	850	0	0
rtm_retired.aborted_events:u	851	0	0
rtm_retired.aborted_events:u	852	0	0
rtm_retired.aborted_events:u	853	0	0
rtm_retired.aborted_events:u	854	0	0
rtm_retired.aborted_events:u	855	0	0
rtm_retired.aborted_events:u	856	0	0
rtm_retired.aborted_events:u	857	0	0
rtm_retired.aborted_events:u	858	0	0
rtm_retired.aborted_events:u	859	0	0
rtm_retired.aborted_events:u	860	0	0
rtm_retired.aborted_events:u	861	0	0
rtm_retired.aborted_events:u	862	0	0
rtm_retired.aborted_events:u	863	0	0
rtm_retired.aborted_events:u	864	0	0
rtm_retired.aborted_events:u	865	0	0
rtm_retired.aborted_events:u	866	0	0
rtm_retired.aborted_events:u	867	0	0
rtm_retired.aborted_events:u	868	0	0
rtm_retired.aborted_events:u	869	0	0
rtm_retired.aborted_events:u	870	0	0
rtm_retired.aborted_events:u	871	0	0
rtm_retired.aborted_events:u	872	0	0
rtm_retired.aborted_events:u	873	0	0
rtm_retired.aborted_events:u	874	0	0
rtm_retired.aborted_events:u	875	0	0
rtm_retired.aborted_events:u	876	0	0
rtm_retired.aborted_events:u	877	0	0
rtm_retired.aborted_events:u	878	0	0
rtm_retired.aborted_events:u	879	0	0
rtm_retired.aborted_events:u	880	0	0
rtm_retired.aborted_events:u	881	0	0
rtm_retired.aborted_events:u	882	0	0
rtm_retired.aborted_events:u	883	0	0
rtm_retired.aborted_events:u	884	0	0
rtm_retired.aborted_events:u	885	0	0
rtm_retired.aborted_events:u	886	0	0
rtm_retired.aborted_events:u	887	0	0
rtm_retired.aborted_events:u	888	0	0
rtm_retired.aborted_events:u	889	0	0
rtm_retired.aborted_events:u	890	0	0
rtm_retired.aborted_events:u	891	0	0
rtm_retired.aborted_events:u	892	0	0
rtm_retired.aborted_events:u	893	0	0
rtm_retired.aborted_events:u	894	0	0
rtm_retired.aborted_events:u	895	0	0
rtm_retired.aborted_events:u	896	0	0
rtm_retired.aborted_events:u	897	0	0
rtm_retired.aborted_events:u	898	0	0
rtm_retired.aborted_events:u	899	0	0
rtm_retired.aborted_events:u	900	0	0
rtm_retired.aborted_events:u	901	0	0
rtm_retired.aborted_events:u	902	0	0
rtm_retired.aborted_events:u	903	0	0
rtm_retired.aborted_events:u	904	0	0
rtm_retired.aborted_events:u	905	0	0
rtm_retired.aborted_events:u	906	0	0
rtm_retired.aborted_events:u	907	0	0
rtm_retired.aborted_events:u	908	0	0
rtm_retired.aborted_events:u	909	0	0
rtm_retired.aborted_events:u	910	0	0
rtm_retired.aborted_events:u	911	0	0
rtm_retired.aborted_events:u	912	0	0
rtm_retired.aborted_events:u	913	0	0
rtm_retired.aborted_events:u	914	0	0
rtm_retired.aborted_events:u	915	0	0
rtm_retired.aborted_events:u	916	0	0
rtm_retired.aborted_events:u	917	0	0
rtm_retired.aborted_events:u	918	0	0
rtm_retired.aborted_events:u	919	0	0
rtm_retired.aborted_events:u	920	0	0
rtm_retired.aborted_events:u	921	0	0
rtm_retired.aborted_events:u	922	0	0
rtm_retired.aborted_events:u	923	0	0
rtm_retired.aborted_events:u	924	0	0
rtm_retired.aborted_events:u	925	0	0
rtm_retired.aborted_events:u	926	0	0
rtm_retired.aborted_events:u	927	0	0
rtm_retired.aborted_events:u	928	0	0
rtm_retired.aborted_events:u	929	0	0
rtm_retired.aborted_events:u	930	0	0
rtm_retired.aborted_events:u	931	0	0
rtm_retired.aborted_events:u	932	0	0
rtm_retired.aborted_events:u	933	0	0
rtm_retired.aborted_events:u	934	0	0
rtm_retired.aborted_events:u	935	0	0
rtm_retired.aborted_events:u	936	0	0
rtm_retired.aborted_events:u	937	0	0
rtm_retired.aborted_events:u	938	0	0
rtm_retired.aborted_events:u	939	0	0
rtm_retired.aborted_events:u	940	0	0
rtm_retired.aborted_events:u	941	0	0
rtm_retired.aborted_events:u	942	0	0
rtm_retired.aborted_events:u	943	0	0
rtm_retired.aborted_events:u	944	0	0
rtm_retired.aborted_events:u	945	0	0
rtm_retired.aborted_events:u	946	0	0
rtm_retired.aborted_events:u	947	0	0
rtm_retired.aborted_events:u	948	0	0
rtm_retired.aborted_events:u	949	0	0
rtm_retired.aborted_events:u	950	0	0
rtm_retired.aborted_events:u	951	0	0
rtm_retired.aborted_events:u	952	0	0
rtm_retired.aborted_events:u	953	0	0
rtm_retired.aborted_events:u	954	0	0
rtm_retired.aborted_events:u	955	0	0
rtm_retired.aborted_events:u	956	0	0
rtm_retired.aborted_events:u	957	0	0
rtm_retired.aborted_events:u	958	0	0
rtm_retired.aborted_events:u	959	0	0
rtm_retired.aborted_events:u	960	0	0
rtm_retired.aborted_events:u	961	0	0
rtm_retired.aborted_events:u	962	0	0
rtm_retired.aborted_events:u	963	0	0
rtm_retired.aborted_events:u	964	0	0
rtm_retired.aborted_events:u	965	0	0
rtm_retired.aborted_events:u	966	0	0
rtm_retired.aborted_events:u	967	0	0
rtm_retired.aborted_events:u	968	0	0
rtm_retired.aborted_events:u	969	0	0
rtm_retired.aborted_events:u	970	0	0
rtm_retired.aborted_events:u	971	0	0
rtm_retired.aborted_events:u	972	0	0
rtm_retired.aborted_events:u	973	0	0
rtm_retired.aborted_events:u	974	0	0
rtm_retired.aborted_events:u	975	0	0
rtm_retired.aborted_events:u	976	0	0
rtm_retired.aborted_events:u	977	0	0
rtm_retired.aborted_events:u	978	0	0
rtm_retired.aborted_events:u	979	0	0
rtm_retired.aborted_events:u	980	0	0
rtm_retired.aborted_events:u	981	0	0
rtm_retired.aborted_events:u	982	0	0
rtm_retired.aborted_events:u	983	0	0
rtm_retired.aborted_events:u	984	0	0
rtm_retired.aborted_events:u	985	0	0
rtm_retired.aborted_events:u	986	0	0
rtm_retired.aborted_events:u	987	0	0
rtm_retired.aborted_events:u	988	0	0
rtm_retired.aborted_events:u	989	0	0
rtm_retired.aborted_events:u	990	0	0
rtm_retired.aborted_events:u	991	0	0
rtm_retired.aborted_events:u	992	0	0
rtm_retired.aborted_events:u	993	0	0
rtm_retired.aborted_events:u	994	0	0
rtm_retired.aborted_events:u	995	0	0
rtm_retired.aborted_events:u	996	0	0
rtm_retired.aborted_events:u	997	0	0
rtm_retired.aborted_events:u	998	0	0
rtm_retired.aborted_events:u	999	0	0
rtm_retired.aborted_events:u	1000	0	0
core_power.lvl0_turbo_license:u	1	7627824115	0
core_power.lvl0_turbo_license:u	2	7670247142	0
br_inst_retired.far_branch:u	1	33417	0
br_inst_retired.far_branch:u	2	33416	0
cpu_clk_unhalted.thread:u	1	7618889252	0
cpu_clk_unhalted.thread:u	2	7627371348	0
inst_retired.any:u	1	227003362	0
inst_retired.any:u	2	227003369	0
resource_stalls.any:u	1	444392939	0
resource_stalls.any:u	2	419611317	0
uops_executed.cycles_ge_1_uop_exec:u	1	6381586476	0
uops_executed.cycles_ge_1_uop_exec:u	2	6381246907	0
dtlb_load_misses.walk_completed_1g:u	1	0	0
dtlb_load_misses.walk_completed_1g:u	2	0	0
dtlb_load_misses.walk_completed_1g:u	3	0	0
dtlb_load_misses.walk_completed_1g:u	4	0	0
dtlb_load_misses.walk_completed_1g:u	5	0	0
dtlb_load_misses.walk_completed_1g:u	6	0	0
dtlb_load_misses.walk_completed_1g:u	7	0	0
dtlb_load_misses.walk_completed_1g:u	8	0	0
dtlb_load_misses.walk_completed_1g:u	9	0	0
dtlb_load_misses.walk_completed_1g:u	10	0	0
dtlb_load_misses.walk_completed_1g:u	11	0	0
dtlb_load_misses.walk_completed_1g:u	12	0	0
dtlb_load_misses.walk_completed_1g:u	13	0	0
dtlb_load_misses.walk_completed_1g:u	14	0	0
dtlb_load_misses.walk_completed_1g:u	15	0	0
dtlb_load_misses.walk_completed_1g:u	16	0	0
dtlb_load_misses.walk_completed_1g:u	17	0	0
dtlb_load_misses.walk_completed_1g:u	18	0	0
dtlb_load_misses.walk_completed_1g:u	19	0	0
dtlb_load_misses.walk_completed_1g:u	20	0	0
dtlb_load_misses.walk_completed_1g:u	21	0	0
dtlb_load_misses.walk_completed_1g:u	22	0	0
dtlb_load_misses.walk_completed_1g:u	23	0	0
dtlb_load_misses.walk_completed_1g:u	24	0	0
dtlb_load_misses.walk_completed_1g:u	25	0	0
dtlb_load_misses.walk_completed_1g:u	26	0	0
dtlb_load_misses.walk_completed_1g:u	27	0	0
dtlb_load_misses.walk_completed_1g:u	28	0	0
dtlb_load_misses.walk_completed_1g:u	29	0	0
dtlb_load_misses.walk_completed_1g:u	30	0	0
dtlb_load_misses.walk_completed_1g:u	31	0	0
dtlb_load_misses.walk_completed_1g:u	32	0	0
dtlb_load_misses.walk_completed_1g:u	33	0	0
dtlb_load_misses.walk_completed_1g:u	34	0	0
dtlb_load_misses.walk_completed_1g:u	35	0	0
dtlb_load_misses.walk_completed_1g:u	36	0	0
dtlb_load_misses.walk_completed_1g:u	37	0	0
dtlb_load_misses.walk_completed_1g:u	38	0	0
dtlb_load_misses.walk_completed_1g:u	39	0	0
dtlb_load_misses.walk_completed_1g:u	40	0	0
dtlb_load_misses.walk_completed_1g:u	41	0	0
dtlb_load_misses.walk_completed_1g:u	42	0	0
dtlb_load_misses.walk_completed_1g:u	43	0	0
dtlb_load_misses.walk_completed_1g:u	44	0	0
dtlb_load_misses.walk_completed_1g:u	45	0	0
dtlb_load_misses.walk_completed_1g:u	46	0	0
dtlb_load_misses.walk_completed_1g:u	47	0	0
dtlb_load_misses.walk_completed_1g:u	48	0	0
dtlb_load_misses.walk_completed_1g:u	49	0	0
dtlb_load_misses.walk_completed_1g:u	50	0	0
dtlb_load_misses.walk_completed_1g:u	51	0	0
dtlb_load_misses.walk_completed_1g:u	52	0	0
dtlb_load_misses.walk_completed_1g:u	53	0	0
dtlb_load_misses.walk_completed_1g:u	54	0	0
dtlb_load_misses.walk_completed_1g:u	55	0	0
dtlb_load_misses.walk_completed_1g:u	56	0	0
dtlb_load_misses.walk_completed_1g:u	57	0	0
dtlb_load_misses.walk_completed_1g:u	58	0	0
dtlb_load_misses.walk_completed_1g:u	59	0	0
dtlb_load_misses.walk_completed_1g:u	60	0	0
dtlb_load_misses.walk_completed_1g:u	61	0	0
dtlb_load_misses.walk_completed_1g:u	62	0	0
dtlb_load_misses.walk_completed_1g:u	63	0	0
dtlb_load_misses.walk_completed_1g:u	64	0	0
dtlb_load_misses.walk_completed_1g:u	65	0	0
dtlb_load_misses.walk_completed_1g:u	66	0	0
dtlb_load_misses.walk_completed_1g:u	67	0	0
dtlb_load_misses.walk_completed_1g:u	68	0	0
dtlb_load_misses.walk_completed_1g:u	69	0	0
dtlb_load_misses.walk_completed_1g:u	70	0	0
dtlb_load_misses.walk_completed_1g:u	71	0	0
dtlb_load_misses.walk_completed_1g:u	72	0	0
dtlb_load_misses.walk_completed_1g:u	73	0	0
dtlb_load_misses.walk_completed_1g:u	74	0	0
dtlb_load_misses.walk_completed_1g:u	75	0	0
dtlb_load_misses.walk_completed_1g:u	76	0	0
dtlb_load_misses.walk_completed_1g:u	77	0	0
dtlb_load_misses.walk_completed_1g:u	78	0	0
dtlb_load_misses.walk_completed_1g:u	79	0	0
dtlb_load_misses.walk_completed_1g:u	80	0	0
dtlb_load_misses.walk_completed_1g:u	81	0	0
dtlb_load_misses.walk_completed_1g:u	82	0	0
dtlb_load_misses.walk_completed_1g:u	83	0	0
dtlb_load_misses.walk_completed_1g:u	84	0	0
dtlb_load_misses.walk_completed_1g:u	85	0	0
dtlb_load_misses.walk_completed_1g:u	86	0	0
dtlb_load_misses.walk_completed_1g:u	87	0	0
dtlb_load_misses.walk_completed_1g:u	88	0	0
dtlb_load_misses.walk_completed_1g:u	89	0	0
dtlb_load_misses.walk_completed_1g:u	90	0	0
dtlb_load_misses.walk_completed_1g:u	91	0	0
dtlb_load_misses.walk_completed_1g:u	92	0	0
dtlb_load_misses.walk_completed_1g:u	93	0	0
dtlb_load_misses.walk_completed_1g:u	94	0	0
dtlb_load_misses.walk_completed_1g:u	95	0	0
dtlb_load_misses.walk_completed_1g:u	96	0	0
dtlb_load_misses.walk_completed_1g:u	97	0	0
dtlb_load_misses.walk_completed_1g:u	98	0	0
dtlb_load_misses.walk_completed_1g:u	99	0	0
dtlb_load_misses.walk_completed_1g:u	100	0	0
dtlb_load_misses.walk_completed_1g:u	101	0	0
dtlb_load_misses.walk_completed_1g:u	102	0	0
dtlb_load_misses.walk_completed_1g:u	103	0	0
dtlb_load_misses.walk_completed_1g:u	104	0	0
dtlb_load_misses.walk_completed_1g:u	105	0	0
dtlb_load_misses.walk_completed_1g:u	106	0	0
dtlb_load_misses.walk_completed_1g:u	107	0	0
dtlb_load_misses.walk_completed_1g:u	108	0	0
dtlb_load_misses.walk_completed_1g:u	109	0	0
dtlb_load_misses.walk_completed_1g:u	110	0	0
dtlb_load_misses.walk_completed_1g:u	111	0	0
dtlb_load_misses.walk_completed_1g:u	112	0	0
dtlb_load_misses.walk_completed_1g:u	113	0	0
dtlb_load_misses.walk_completed_1g:u	114	0	0
dtlb_load_misses.walk_completed_1g:u	115	0	0
dtlb_load_misses.walk_completed_1g:u	116	0	0
dtlb_load_misses.walk_completed_1g:u	117	0	0
dtlb_load_misses.walk_completed_1g:u	118	0	0
dtlb_load_misses.walk_completed_1g:u	119	0	0
dtlb_load_misses.walk_completed_1g:u	120	0	0
dtlb_load_misses.walk_completed_1g:u	121	0	0
dtlb_load_misses.walk_completed_1g:u	122	0	0
dtlb_load_misses.walk_completed_1g:u	123	0	0
dtlb_load_misses.walk_completed_1g:u	124	0	0
dtlb_load_misses.walk_completed_1g:u	125	0	0
dtlb_load_misses.walk_completed_1g:u	126	0	0
dtlb_load_misses.walk_completed_1g:u	127	0	0
dtlb_load_misses.walk_completed_1g:u	128	0	0
dtlb_load_misses.walk_completed_1g:u	129	0	0
dtlb_load_misses.walk_completed_1g:u	130	0	0
dtlb_load_misses.walk_completed_1g:u	131	0	0
dtlb_load_misses.walk_completed_1g:u	132	0	0
dtlb_load_misses.walk_completed_1g:u	133	0	0
dtlb_load_misses.walk_completed_1g:u	134	0	0
dtlb_load_misses.walk_completed_1g:u	135	0	0
dtlb_load_misses.walk_completed_1g:u	136	0	0
dtlb_load_misses.walk_completed_1g:u	137	0	0
dtlb_load_misses.walk_completed_1g:u	138	0	0
dtlb_load_misses.walk_completed_1g:u	139	0	0
dtlb_load_misses.walk_completed_1g:u	140	0	0
dtlb_load_misses.walk_completed_1g:u	141	0	0
dtlb_load_misses.walk_completed_1g:u	142	0	0
dtlb_load_misses.walk_completed_1g:u	143	0	0
dtlb_load_misses.walk_completed_1g:u	144	0	0
dtlb_load_misses.walk_completed_1g:u	145	0	0
dtlb_load_misses.walk_completed_1g:u	146	0	0
dtlb_load_misses.walk_completed_1g:u	147	0	0
dtlb_load_misses.walk_completed_1g:u	148	0	0
dtlb_load_misses.walk_completed_1g:u	149	0	0
dtlb_load_misses.walk_completed_1g:u	150	0	0
dtlb_load_misses.walk_completed_1g:u	151	0	0
dtlb_load_misses.walk_completed_1g:u	152	0	0
dtlb_load_misses.walk_completed_1g:u	153	0	0
dtlb_load_misses.walk_completed_1g:u	154	0	0
dtlb_load_misses.walk_completed_1g:u	155	0	0
dtlb_load_misses.walk_completed_1g:u	156	0	0
dtlb_load_misses.walk_completed_1g:u	157	0	0
dtlb_load_misses.walk_completed_1g:u	158	0	0
dtlb_load_misses.walk_completed_1g:u	159	0	0
dtlb_load_misses.walk_completed_1g:u	160	0	0
dtlb_load_misses.walk_completed_1g:u	161	0	0
dtlb_load_misses.walk_completed_1g:u	162	0	0
dtlb_load_misses.walk_completed_1g:u	163	0	0
dtlb_load_misses.walk_completed_1g:u	164	0	0
dtlb_load_misses.walk_completed_1g:u	165	0	0
dtlb_load_misses.walk_completed_1g:u	166	0	0
dtlb_load_misses.walk_completed_1g:u	167	0	0
dtlb_load_misses.walk_completed_1g:u	168	0	0
dtlb_load_misses.walk_completed_1g:u	169	0	0
dtlb_load_misses.walk_completed_1g:u	170	0	0
dtlb_load_misses.walk_completed_1g:u	171	0	0
dtlb_load_misses.walk_completed_1g:u	172	0	0
dtlb_load_misses.walk_completed_1g:u	173	0	0
dtlb_load_misses.walk_completed_1g:u	174	0	0
dtlb_load_misses.walk_completed_1g:u	175	0	0
dtlb_load_misses.walk_completed_1g:u	176	0	0
dtlb_load_misses.walk_completed_1g:u	177	0	0
dtlb_load_misses.walk_completed_1g:u	178	0	0
dtlb_load_misses.walk_completed_1g:u	179	0	0
dtlb_load_misses.walk_completed_1g:u	180	0	0
dtlb_load_misses.walk_completed_1g:u	181	0	0
dtlb_load_misses.walk_completed_1g:u	182	0	0
dtlb_load_misses.walk_completed_1g:u	183	0	0
dtlb_load_misses.walk_completed_1g:u	184	0	0
dtlb_load_misses.walk_completed_1g:u	185	0	0
dtlb_load_misses.walk_completed_1g:u	186	0	0
dtlb_load_misses.walk_completed_1g:u	187	0	0
dtlb_load_misses.walk_completed_1g:u	188	0	0
dtlb_load_misses.walk_completed_1g:u	189	0	0
dtlb_load_misses.walk_completed_1g:u	190	0	0
dtlb_load_misses.walk_completed_1g:u	191	0	0
dtlb_load_misses.walk_completed_1g:u	192	0	0
dtlb_load_misses.walk_completed_1g:u	193	0	0
dtlb_load_misses.walk_completed_1g:u	194	0	0
dtlb_load_misses.walk_completed_1g:u	195	0	0
dtlb_load_misses.walk_completed_1g:u	196	0	0
dtlb_load_misses.walk_completed_1g:u	197	0	0
dtlb_load_misses.walk_completed_1g:u	198	0	0
dtlb_load_misses.walk_completed_1g:u	199	0	0
dtlb_load_misses.walk_completed_1g:u	200	0	0
dtlb_load_misses.walk_completed_1g:u	201	0	0
dtlb_load_misses.walk_completed_1g:u	202	0	0
dtlb_load_misses.walk_completed_1g:u	203	0	0
dtlb_load_misses.walk_completed_1g:u	204	0	0
dtlb_load_misses.walk_completed_1g:u	205	0	0
dtlb_load_misses.walk_completed_1g:u	206	0	0
dtlb_load_misses.walk_completed_1g:u	207	0	0
dtlb_load_misses.walk_completed_1g:u	208	0	0
dtlb_load_misses.walk_completed_1g:u	209	0	0
dtlb_load_misses.walk_completed_1g:u	210	0	0
dtlb_load_misses.walk_completed_1g:u	211	0	0
dtlb_load_misses.walk_completed_1g:u	212	0	0
dtlb_load_misses.walk_completed_1g:u	213	0	0
dtlb_load_misses.walk_completed_1g:u	214	0	0
dtlb_load_misses.walk_completed_1g:u	215	0	0
dtlb_load_misses.walk_completed_1g:u	216	0	0
dtlb_load_misses.walk_completed_1g:u	217	0	0
dtlb_load_misses.walk_completed_1g:u	218	0	0
dtlb_load_misses.walk_completed_1g:u	219	0	0
dtlb_load_misses.walk_completed_1g:u	220	0	0
dtlb_load_misses.walk_completed_1g:u	221	0	0
dtlb_load_misses.walk_completed_1g:u	222	0	0
dtlb_load_misses.walk_completed_1g:u	223	0	0
dtlb_load_misses.walk_completed_1g:u	224	0	0
dtlb_load_misses.walk_completed_1g:u	225	0	0
dtlb_load_misses.walk_completed_1g:u	226	0	0
dtlb_load_misses.walk_completed_1g:u	227	0	0
dtlb_load_misses.walk_completed_1g:u	228	0	0
dtlb_load_misses.walk_completed_1g:u	229	0	0
dtlb_load_misses.walk_completed_1g:u	230	0	0
dtlb_load_misses.walk_completed_1g:u	231	0	0
dtlb_load_misses.walk_completed_1g:u	232	0	0
dtlb_load_misses.walk_completed_1g:u	233	0	0
dtlb_load_misses.walk_completed_1g:u	234	0	0
dtlb_load_misses.walk_completed_1g:u	235	0	0
dtlb_load_misses.walk_completed_1g:u	236	0	0
dtlb_load_misses.walk_completed_1g:u	237	0	0
dtlb_load_misses.walk_completed_1g:u	238	0	0
dtlb_load_misses.walk_completed_1g:u	239	0	0
dtlb_load_misses.walk_completed_1g:u	240	0	0
dtlb_load_misses.walk_completed_1g:u	241	0	0
dtlb_load_misses.walk_completed_1g:u	242	0	0
dtlb_load_misses.walk_completed_1g:u	243	0	0
dtlb_load_misses.walk_completed_1g:u	244	0	0
dtlb_load_misses.walk_completed_1g:u	245	0	0
dtlb_load_misses.walk_completed_1g:u	246	0	0
dtlb_load_misses.walk_completed_1g:u	247	0	0
dtlb_load_misses.walk_completed_1g:u	248	0	0
dtlb_load_misses.walk_completed_1g:u	249	0	0
dtlb_load_misses.walk_completed_1g:u	250	0	0
dtlb_load_misses.walk_completed_1g:u	251	0	0
dtlb_load_misses.walk_completed_1g:u	252	0	0
dtlb_load_misses.walk_completed_1g:u	253	0	0
dtlb_load_misses.walk_completed_1g:u	254	0	0
dtlb_load_misses.walk_completed_1g:u	255	0	0
dtlb_load_misses.walk_completed_1g:u	256	0	0
dtlb_load_misses.walk_completed_1g:u	257	0	0
dtlb_load_misses.walk_completed_1g:u	258	0	0
dtlb_load_misses.walk_completed_1g:u	259	0	0
dtlb_load_misses.walk_completed_1g:u	260	0	0
dtlb_load_misses.walk_completed_1g:u	261	0	0
dtlb_load_misses.walk_completed_1g:u	262	0	0
dtlb_load_misses.walk_completed_1g:u	263	0	0
dtlb_load_misses.walk_completed_1g:u	264	0	0
dtlb_load_misses.walk_completed_1g:u	265	0	0
dtlb_load_misses.walk_completed_1g:u	266	0	0
dtlb_load_misses.walk_completed_1g:u	267	0	0
dtlb_load_misses.walk_completed_1g:u	268	0	0
dtlb_load_misses.walk_completed_1g:u	269	0	0
dtlb_load_misses.walk_completed_1g:u	270	0	0
dtlb_load_misses.walk_completed_1g:u	271	0	0
dtlb_load_misses.walk_completed_1g:u	272	0	0
dtlb_load_misses.walk_completed_1g:u	273	0	0
dtlb_load_misses.walk_completed_1g:u	274	0	0
dtlb_load_misses.walk_completed_1g:u	275	0	0
dtlb_load_misses.walk_completed_1g:u	276	0	0
dtlb_load_misses.walk_completed_1g:u	277	0	0
dtlb_load_misses.walk_completed_1g:u	278	0	0
dtlb_load_misses.walk_completed_1g:u	279	0	0
dtlb_load_misses.walk_completed_1g:u	280	0	0
dtlb_load_misses.walk_completed_1g:u	281	0	0
dtlb_load_misses.walk_completed_1g:u	282	0	0
dtlb_load_misses.walk_completed_1g:u	283	0	0
dtlb_load_misses.walk_completed_1g:u	284	0	0
dtlb_load_misses.walk_completed_1g:u	285	0	0
dtlb_load_misses.walk_completed_1g:u	286	0	0
dtlb_load_misses.walk_completed_1g:u	287	0	0
dtlb_load_misses.walk_completed_1g:u	288	0	0
dtlb_load_misses.walk_completed_1g:u	289	0	0
dtlb_load_misses.walk_completed_1g:u	290	0	0
dtlb_load_misses.walk_completed_1g:u	291	0	0
dtlb_load_misses.walk_completed_1g:u	292	0	0
dtlb_load_misses.walk_completed_1g:u	293	0	0
dtlb_load_misses.walk_completed_1g:u	294	0	0
dtlb_load_misses.walk_completed_1g:u	295	0	0
dtlb_load_misses.walk_completed_1g:u	296	0	0
dtlb_load_misses.walk_completed_1g:u	297	0	0
dtlb_load_misses.walk_completed_1g:u	298	0	0
dtlb_load_misses.walk_completed_1g:u	299	0	0
dtlb_load_misses.walk_completed_1g:u	300	0	0
dtlb_load_misses.walk_completed_1g:u	301	0	0
dtlb_load_misses.walk_completed_1g:u	302	0	0
dtlb_load_misses.walk_completed_1g:u	303	0	0
dtlb_load_misses.walk_completed_1g:u	304	0	0
dtlb_load_misses.walk_completed_1g:u	305	0	0
dtlb_load_misses.walk_completed_1g:u	306	0	0
dtlb_load_misses.walk_completed_1g:u	307	0	0
dtlb_load_misses.walk_completed_1g:u	308	0	0
dtlb_load_misses.walk_completed_1g:u	309	0	0
dtlb_load_misses.walk_completed_1g:u	310	0	0
dtlb_load_misses.walk_completed_1g:u	311	0	0
dtlb_load_misses.walk_completed_1g:u	312	0	0
dtlb_load_misses.walk_completed_1g:u	313	0	0
dtlb_load_misses.walk_completed_1g:u	314	0	0
dtlb_load_misses.walk_completed_1g:u	315	0	0
dtlb_load_misses.walk_completed_1g:u	316	0	0
dtlb_load_misses.walk_completed_1g:u	317	0	0
dtlb_load_misses.walk_completed_1g:u	318	0	0
dtlb_load_misses.walk_completed_1g:u	319	0	0
dtlb_load_misses.walk_completed_1g:u	320	0	0
dtlb_load_misses.walk_completed_1g:u	321	0	0
dtlb_load_misses.walk_completed_1g:u	322	0	0
dtlb_load_misses.walk_completed_1g:u	323	0	0
dtlb_load_misses.walk_completed_1g:u	324	0	0
dtlb_load_misses.walk_completed_1g:u	325	0	0
dtlb_load_misses.walk_completed_1g:u	326	0	0
dtlb_load_misses.walk_completed_1g:u	327	0	0
dtlb_load_misses.walk_completed_1g:u	328	0	0
dtlb_load_misses.walk_completed_1g:u	329	0	0
dtlb_load_misses.walk_completed_1g:u	330	0	0
dtlb_load_misses.walk_completed_1g:u	331	0	0
dtlb_load_misses.walk_completed_1g:u	332	0	0
dtlb_load_misses.walk_completed_1g:u	333	0	0
dtlb_load_misses.walk_completed_1g:u	334	0	0
dtlb_load_misses.walk_completed_1g:u	335	0	0
dtlb_load_misses.walk_completed_1g:u	336	0	0
dtlb_load_misses.walk_completed_1g:u	337	0	0
dtlb_load_misses.walk_completed_1g:u	338	0	0
dtlb_load_misses.walk_completed_1g:u	339	0	0
dtlb_load_misses.walk_completed_1g:u	340	0	0
dtlb_load_misses.walk_completed_1g:u	341	0	0
dtlb_load_misses.walk_completed_1g:u	342	0	0
dtlb_load_misses.walk_completed_1g:u	343	0	0
dtlb_load_misses.walk_completed_1g:u	344	0	0
dtlb_load_misses.walk_completed_1g:u	345	0	0
dtlb_load_misses.walk_completed_1g:u	346	0	0
dtlb_load_misses.walk_completed_1g:u	347	0	0
dtlb_load_misses.walk_completed_1g:u	348	0	0
dtlb_load_misses.walk_completed_1g:u	349	0	0
dtlb_load_misses.walk_completed_1g:u	350	0	0
dtlb_load_misses.walk_completed_1g:u	351	0	0
dtlb_load_misses.walk_completed_1g:u	352	0	0
dtlb_load_misses.walk_completed_1g:u	353	0	0
dtlb_load_misses.walk_completed_1g:u	354	0	0
dtlb_load_misses.walk_completed_1g:u	355	0	0
dtlb_load_misses.walk_completed_1g:u	356	0	0
dtlb_load_misses.walk_completed_1g:u	357	0	0
dtlb_load_misses.walk_completed_1g:u	358	0	0
dtlb_load_misses.walk_completed_1g:u	359	0	0
dtlb_load_misses.walk_completed_1g:u	360	0	0
dtlb_load_misses.walk_completed_1g:u	361	0	0
dtlb_load_misses.walk_completed_1g:u	362	0	0
dtlb_load_misses.walk_completed_1g:u	363	0	0
dtlb_load_misses.walk_completed_1g:u	364	0	0
dtlb_load_misses.walk_completed_1g:u	365	0	0
dtlb_load_misses.walk_completed_1g:u	366	0	0
dtlb_load_misses.walk_completed_1g:u	367	0	0
dtlb_load_misses.walk_completed_1g:u	368	0	0
dtlb_load_misses.walk_completed_1g:u	369	0	0
dtlb_load_misses.walk_completed_1g:u	370	0	0
dtlb_load_misses.walk_completed_1g:u	371	0	0
dtlb_load_misses.walk_completed_1g:u	372	0	0
dtlb_load_misses.walk_completed_1g:u	373	0	0
dtlb_load_misses.walk_completed_1g:u	374	0	0
dtlb_load_misses.walk_completed_1g:u	375	0	0
dtlb_load_misses.walk_completed_1g:u	376	0	0
dtlb_load_misses.walk_completed_1g:u	377	0	0
dtlb_load_misses.walk_completed_1g:u	378	0	0
dtlb_load_misses.walk_completed_1g:u	379	0	0
dtlb_load_misses.walk_completed_1g:u	380	0	0
dtlb_load_misses.walk_completed_1g:u	381	0	0
dtlb_load_misses.walk_completed_1g:u	382	0	0
dtlb_load_misses.walk_completed_1g:u	383	0	0
dtlb_load_misses.walk_completed_1g:u	384	0	0
dtlb_load_misses.walk_completed_1g:u	385	0	0
dtlb_load_misses.walk_completed_1g:u	386	0	0
dtlb_load_misses.walk_completed_1g:u	387	0	0
dtlb_load_misses.walk_completed_1g:u	388	0	0
dtlb_load_misses.walk_completed_1g:u	389	0	0
dtlb_load_misses.walk_completed_1g:u	390	0	0
dtlb_load_misses.walk_completed_1g:u	391	0	0
dtlb_load_misses.walk_completed_1g:u	392	0	0
dtlb_load_misses.walk_completed_1g:u	393	0	0
dtlb_load_misses.walk_completed_1g:u	394	0	0
dtlb_load_misses.walk_completed_1g:u	395	0	0
dtlb_load_misses.walk_completed_1g:u	396	0	0
dtlb_load_misses.walk_completed_1g:u	397	0	0
dtlb_load_misses.walk_completed_1g:u	398	0	0
dtlb_load_misses.walk_completed_1g:u	399	0	0
dtlb_load_misses.walk_completed_1g:u	400	0	0
dtlb_load_misses.walk_completed_1g:u	401	0	0
dtlb_load_misses.walk_completed_1g:u	402	0	0
dtlb_load_misses.walk_completed_1g:u	403	0	0
dtlb_load_misses.walk_completed_1g:u	404	0	0
dtlb_load_misses.walk_completed_1g:u	405	0	0
dtlb_load_misses.walk_completed_1g:u	406	0	0
dtlb_load_misses.walk_completed_1g:u	407	0	0
dtlb_load_misses.walk_completed_1g:u	408	0	0
dtlb_load_misses.walk_completed_1g:u	409	0	0
dtlb_load_misses.walk_completed_1g:u	410	0	0
dtlb_load_misses.walk_completed_1g:u	411	0	0
dtlb_load_misses.walk_completed_1g:u	412	0	0
dtlb_load_misses.walk_completed_1g:u	413	0	0
dtlb_load_misses.walk_completed_1g:u	414	0	0
dtlb_load_misses.walk_completed_1g:u	415	0	0
dtlb_load_misses.walk_completed_1g:u	416	0	0
dtlb_load_misses.walk_completed_1g:u	417	0	0
dtlb_load_misses.walk_completed_1g:u	418	0	0
dtlb_load_misses.walk_completed_1g:u	419	0	0
dtlb_load_misses.walk_completed_1g:u	420	0	0
dtlb_load_misses.walk_completed_1g:u	421	0	0
dtlb_load_misses.walk_completed_1g:u	422	0	0
dtlb_load_misses.walk_completed_1g:u	423	0	0
dtlb_load_misses.walk_completed_1g:u	424	0	0
dtlb_load_misses.walk_completed_1g:u	425	0	0
dtlb_load_misses.walk_completed_1g:u	426	0	0
dtlb_load_misses.walk_completed_1g:u	427	0	0
dtlb_load_misses.walk_completed_1g:u	428	0	0
dtlb_load_misses.walk_completed_1g:u	429	0	0
dtlb_load_misses.walk_completed_1g:u	430	0	0
dtlb_load_misses.walk_completed_1g:u	431	0	0
dtlb_load_misses.walk_completed_1g:u	432	0	0
dtlb_load_misses.walk_completed_1g:u	433	0	0
dtlb_load_misses.walk_completed_1g:u	434	0	0
dtlb_load_misses.walk_completed_1g:u	435	0	0
dtlb_load_misses.walk_completed_1g:u	436	0	0
dtlb_load_misses.walk_completed_1g:u	437	0	0
dtlb_load_misses.walk_completed_1g:u	438	0	0
dtlb_load_misses.walk_completed_1g:u	439	0	0
dtlb_load_misses.walk_completed_1g:u	440	0	0
dtlb_load_misses.walk_completed_1g:u	441	0	0
dtlb_load_misses.walk_completed_1g:u	442	0	0
dtlb_load_misses.walk_completed_1g:u	443	0	0
dtlb_load_misses.walk_completed_1g:u	444	0	0
dtlb_load_misses.walk_completed_1g:u	445	0	0
dtlb_load_misses.walk_completed_1g:u	446	0	0
dtlb_load_misses.walk_completed_1g:u	447	0	0
dtlb_load_misses.walk_completed_1g:u	448	0	0
dtlb_load_misses.walk_completed_1g:u	449	0	0
dtlb_load_misses.walk_completed_1g:u	450	0	0
dtlb_load_misses.walk_completed_1g:u	451	0	0
dtlb_load_misses.walk_completed_1g:u	452	0	0
dtlb_load_misses.walk_completed_1g:u	453	0	0
dtlb_load_misses.walk_completed_1g:u	454	0	0
dtlb_load_misses.walk_completed_1g:u	455	0	0
dtlb_load_misses.walk_completed_1g:u	456	0	0
dtlb_load_misses.walk_completed_1g:u	457	0	0
dtlb_load_misses.walk_completed_1g:u	458	0	0
dtlb_load_misses.walk_completed_1g:u	459	0	0
dtlb_load_misses.walk_completed_1g:u	460	0	0
dtlb_load_misses.walk_completed_1g:u	461	0	0
dtlb_load_misses.walk_completed_1g:u	462	0	0
dtlb_load_misses.walk_completed_1g:u	463	0	0
dtlb_load_misses.walk_completed_1g:u	464	0	0
dtlb_load_misses.walk_completed_1g:u	465	0	0
dtlb_load_misses.walk_completed_1g:u	466	0	0
dtlb_load_misses.walk_completed_1g:u	467	0	0
dtlb_load_misses.walk_completed_1g:u	468	0	0
dtlb_load_misses.walk_completed_1g:u	469	0	0
dtlb_load_misses.walk_completed_1g:u	470	0	0
dtlb_load_misses.walk_completed_1g:u	471	0	0
dtlb_load_misses.walk_completed_1g:u	472	0	0
dtlb_load_misses.walk_completed_1g:u	473	0	0
dtlb_load_misses.walk_completed_1g:u	474	0	0
dtlb_load_misses.walk_completed_1g:u	475	0	0
dtlb_load_misses.walk_completed_1g:u	476	0	0
dtlb_load_misses.walk_completed_1g:u	477	0	0
dtlb_load_misses.walk_completed_1g:u	478	0	0
dtlb_load_misses.walk_completed_1g:u	479	0	0
dtlb_load_misses.walk_completed_1g:u	480	0	0
dtlb_load_misses.walk_completed_1g:u	481	0	0
dtlb_load_misses.walk_completed_1g:u	482	0	0
dtlb_load_misses.walk_completed_1g:u	483	0	0
dtlb_load_misses.walk_completed_1g:u	484	0	0
dtlb_load_misses.walk_completed_1g:u	485	0	0
dtlb_load_misses.walk_completed_1g:u	486	0	0
dtlb_load_misses.walk_completed_1g:u	487	0	0
dtlb_load_misses.walk_completed_1g:u	488	0	0
dtlb_load_misses.walk_completed_1g:u	489	0	0
dtlb_load_misses.walk_completed_1g:u	490	0	0
dtlb_load_misses.walk_completed_1g:u	491	0	0
dtlb_load_misses.walk_completed_1g:u	492	0	0
dtlb_load_misses.walk_completed_1g:u	493	0	0
dtlb_load_misses.walk_completed_1g:u	494	0	0
dtlb_load_misses.walk_completed_1g:u	495	0	0
dtlb_load_misses.walk_completed_1g:u	496	0	0
dtlb_load_misses.walk_completed_1g:u	497	0	0
dtlb_load_misses.walk_completed_1g:u	498	0	0
dtlb_load_misses.walk_completed_1g:u	499	0	0
dtlb_load_misses.walk_completed_1g:u	500	0	0
dtlb_load_misses.walk_completed_1g:u	501	0	0
dtlb_load_misses.walk_completed_1g:u	502	0	0
dtlb_load_misses.walk_completed_1g:u	503	0	0
dtlb_load_misses.walk_completed_1g:u	504	0	0
dtlb_load_misses.walk_completed_1g:u	505	0	0
dtlb_load_misses.walk_completed_1g:u	506	0	0
dtlb_load_misses.walk_completed_1g:u	507	0	0
dtlb_load_misses.walk_completed_1g:u	508	0	0
dtlb_load_misses.walk_completed_1g:u	509	0	0
dtlb_load_misses.walk_completed_1g:u	510	0	0
dtlb_load_misses.walk_completed_1g:u	511	0	0
dtlb_load_misses.walk_completed_1g:u	512	0	0
dtlb_load_misses.walk_completed_1g:u	513	0	0
dtlb_load_misses.walk_completed_1g:u	514	0	0
dtlb_load_misses.walk_completed_1g:u	515	0	0
dtlb_load_misses.walk_completed_1g:u	516	0	0
dtlb_load_misses.walk_completed_1g:u	517	0	0
dtlb_load_misses.walk_completed_1g:u	518	0	0
dtlb_load_misses.walk_completed_1g:u	519	0	0
dtlb_load_misses.walk_completed_1g:u	520	0	0
dtlb_load_misses.walk_completed_1g:u	521	0	0
dtlb_load_misses.walk_completed_1g:u	522	0	0
dtlb_load_misses.walk_completed_1g:u	523	0	0
dtlb_load_misses.walk_completed_1g:u	524	0	0
dtlb_load_misses.walk_completed_1g:u	525	0	0
dtlb_load_misses.walk_completed_1g:u	526	0	0
dtlb_load_misses.walk_completed_1g:u	527	0	0
dtlb_load_misses.walk_completed_1g:u	528	0	0
dtlb_load_misses.walk_completed_1g:u	529	0	0
dtlb_load_misses.walk_completed_1g:u	530	0	0
dtlb_load_misses.walk_completed_1g:u	531	0	0
dtlb_load_misses.walk_completed_1g:u	532	0	0
dtlb_load_misses.walk_completed_1g:u	533	0	0
dtlb_load_misses.walk_completed_1g:u	534	0	0
dtlb_load_misses.walk_completed_1g:u	535	0	0
dtlb_load_misses.walk_completed_1g:u	536	0	0
dtlb_load_misses.walk_completed_1g:u	537	0	0
dtlb_load_misses.walk_completed_1g:u	538	0	0
dtlb_load_misses.walk_completed_1g:u	539	0	0
dtlb_load_misses.walk_completed_1g:u	540	0	0
dtlb_load_misses.walk_completed_1g:u	541	0	0
dtlb_load_misses.walk_completed_1g:u	542	0	0
dtlb_load_misses.walk_completed_1g:u	543	0	0
dtlb_load_misses.walk_completed_1g:u	544	0	0
dtlb_load_misses.walk_completed_1g:u	545	0	0
dtlb_load_misses.walk_completed_1g:u	546	0	0
dtlb_load_misses.walk_completed_1g:u	547	0	0
dtlb_load_misses.walk_completed_1g:u	548	0	0
dtlb_load_misses.walk_completed_1g:u	549	0	0
dtlb_load_misses.walk_completed_1g:u	550	0	0
dtlb_load_misses.walk_completed_1g:u	551	0	0
dtlb_load_misses.walk_completed_1g:u	552	0	0
dtlb_load_misses.walk_completed_1g:u	553	0	0
dtlb_load_misses.walk_completed_1g:u	554	0	0
dtlb_load_misses.walk_completed_1g:u	555	0	0
dtlb_load_misses.walk_completed_1g:u	556	0	0
dtlb_load_misses.walk_completed_1g:u	557	0	0
dtlb_load_misses.walk_completed_1g:u	558	0	0
dtlb_load_misses.walk_completed_1g:u	559	0	0
dtlb_load_misses.walk_completed_1g:u	560	0	0
dtlb_load_misses.walk_completed_1g:u	561	0	0
dtlb_load_misses.walk_completed_1g:u	562	0	0
dtlb_load_misses.walk_completed_1g:u	563	0	0
dtlb_load_misses.walk_completed_1g:u	564	0	0
dtlb_load_misses.walk_completed_1g:u	565	0	0
dtlb_load_misses.walk_completed_1g:u	566	0	0
dtlb_load_misses.walk_completed_1g:u	567	0	0
dtlb_load_misses.walk_completed_1g:u	568	0	0
dtlb_load_misses.walk_completed_1g:u	569	0	0
dtlb_load_misses.walk_completed_1g:u	570	0	0
dtlb_load_misses.walk_completed_1g:u	571	0	0
dtlb_load_misses.walk_completed_1g:u	572	0	0
dtlb_load_misses.walk_completed_1g:u	573	0	0
dtlb_load_misses.walk_completed_1g:u	574	0	0
dtlb_load_misses.walk_completed_1g:u	575	0	0
dtlb_load_misses.walk_completed_1g:u	576	0	0
dtlb_load_misses.walk_completed_1g:u	577	0	0
dtlb_load_misses.walk_completed_1g:u	578	0	0
dtlb_load_misses.walk_completed_1g:u	579	0	0
dtlb_load_misses.walk_completed_1g:u	580	0	0
dtlb_load_misses.walk_completed_1g:u	581	0	0
dtlb_load_misses.walk_completed_1g:u	582	0	0
dtlb_load_misses.walk_completed_1g:u	583	0	0
dtlb_load_misses.walk_completed_1g:u	584	0	0
dtlb_load_misses.walk_completed_1g:u	585	0	0
dtlb_load_misses.walk_completed_1g:u	586	0	0
dtlb_load_misses.walk_completed_1g:u	587	0	0
dtlb_load_misses.walk_completed_1g:u	588	0	0
dtlb_load_misses.walk_completed_1g:u	589	0	0
dtlb_load_misses.walk_completed_1g:u	590	0	0
dtlb_load_misses.walk_completed_1g:u	591	0	0
dtlb_load_misses.walk_completed_1g:u	592	0	0
dtlb_load_misses.walk_completed_1g:u	593	0	0
dtlb_load_misses.walk_completed_1g:u	594	0	0
dtlb_load_misses.walk_completed_1g:u	595	0	0
dtlb_load_misses.walk_completed_1g:u	596	0	0
dtlb_load_misses.walk_completed_1g:u	597	0	0
dtlb_load_misses.walk_completed_1g:u	598	0	0
dtlb_load_misses.walk_completed_1g:u	599	0	0
dtlb_load_misses.walk_completed_1g:u	600	0	0
dtlb_load_misses.walk_completed_1g:u	601	0	0
dtlb_load_misses.walk_completed_1g:u	602	0	0
dtlb_load_misses.walk_completed_1g:u	603	0	0
dtlb_load_misses.walk_completed_1g:u	604	0	0
dtlb_load_misses.walk_completed_1g:u	605	0	0
dtlb_load_misses.walk_completed_1g:u	606	0	0
dtlb_load_misses.walk_completed_1g:u	607	0	0
dtlb_load_misses.walk_completed_1g:u	608	0	0
dtlb_load_misses.walk_completed_1g:u	609	0	0
dtlb_load_misses.walk_completed_1g:u	610	0	0
dtlb_load_misses.walk_completed_1g:u	611	0	0
dtlb_load_misses.walk_completed_1g:u	612	0	0
dtlb_load_misses.walk_completed_1g:u	613	0	0
dtlb_load_misses.walk_completed_1g:u	614	0	0
dtlb_load_misses.walk_completed_1g:u	615	0	0
dtlb_load_misses.walk_completed_1g:u	616	0	0
dtlb_load_misses.walk_completed_1g:u	617	0	0
dtlb_load_misses.walk_completed_1g:u	618	0	0
dtlb_load_misses.walk_completed_1g:u	619	0	0
dtlb_load_misses.walk_completed_1g:u	620	0	0
dtlb_load_misses.walk_completed_1g:u	621	0	0
dtlb_load_misses.walk_completed_1g:u	622	0	0
dtlb_load_misses.walk_completed_1g:u	623	0	0
dtlb_load_misses.walk_completed_1g:u	624	0	0
dtlb_load_misses.walk_completed_1g:u	625	0	0
dtlb_load_misses.walk_completed_1g:u	626	0	0
dtlb_load_misses.walk_completed_1g:u	627	0	0
dtlb_load_misses.walk_completed_1g:u	628	0	0
dtlb_load_misses.walk_completed_1g:u	629	0	0
dtlb_load_misses.walk_completed_1g:u	630	0	0
dtlb_load_misses.walk_completed_1g:u	631	0	0
dtlb_load_misses.walk_completed_1g:u	632	0	0
dtlb_load_misses.walk_completed_1g:u	633	0	0
dtlb_load_misses.walk_completed_1g:u	634	0	0
dtlb_load_misses.walk_completed_1g:u	635	0	0
dtlb_load_misses.walk_completed_1g:u	636	0	0
dtlb_load_misses.walk_completed_1g:u	637	0	0
dtlb_load_misses.walk_completed_1g:u	638	0	0
dtlb_load_misses.walk_completed_1g:u	639	0	0
dtlb_load_misses.walk_completed_1g:u	640	0	0
dtlb_load_misses.walk_completed_1g:u	641	0	0
dtlb_load_misses.walk_completed_1g:u	642	0	0
dtlb_load_misses.walk_completed_1g:u	643	0	0
dtlb_load_misses.walk_completed_1g:u	644	0	0
dtlb_load_misses.walk_completed_1g:u	645	0	0
dtlb_load_misses.walk_completed_1g:u	646	0	0
dtlb_load_misses.walk_completed_1g:u	647	0	0
dtlb_load_misses.walk_completed_1g:u	648	0	0
dtlb_load_misses.walk_completed_1g:u	649	0	0
dtlb_load_misses.walk_completed_1g:u	650	0	0
dtlb_load_misses.walk_completed_1g:u	651	0	0
dtlb_load_misses.walk_completed_1g:u	652	0	0
dtlb_load_misses.walk_completed_1g:u	653	0	0
dtlb_load_misses.walk_completed_1g:u	654	0	0
dtlb_load_misses.walk_completed_1g:u	655	0	0
dtlb_load_misses.walk_completed_1g:u	656	0	0
dtlb_load_misses.walk_completed_1g:u	657	0	0
dtlb_load_misses.walk_completed_1g:u	658	0	0
dtlb_load_misses.walk_completed_1g:u	659	0	0
dtlb_load_misses.walk_completed_1g:u	660	0	0
dtlb_load_misses.walk_completed_1g:u	661	0	0
dtlb_load_misses.walk_completed_1g:u	662	0	0
dtlb_load_misses.walk_completed_1g:u	663	0	0
dtlb_load_misses.walk_completed_1g:u	664	0	0
dtlb_load_misses.walk_completed_1g:u	665	0	0
dtlb_load_misses.walk_completed_1g:u	666	0	0
dtlb_load_misses.walk_completed_1g:u	667	0	0
dtlb_load_misses.walk_completed_1g:u	668	0	0
dtlb_load_misses.walk_completed_1g:u	669	0	0
dtlb_load_misses.walk_completed_1g:u	670	0	0
dtlb_load_misses.walk_completed_1g:u	671	0	0
dtlb_load_misses.walk_completed_1g:u	672	0	0
dtlb_load_misses.walk_completed_1g:u	673	0	0
dtlb_load_misses.walk_completed_1g:u	674	0	0
dtlb_load_misses.walk_completed_1g:u	675	0	0
dtlb_load_misses.walk_completed_1g:u	676	0	0
dtlb_load_misses.walk_completed_1g:u	677	0	0
dtlb_load_misses.walk_completed_1g:u	678	0	0
dtlb_load_misses.walk_completed_1g:u	679	0	0
dtlb_load_misses.walk_completed_1g:u	680	0	0
dtlb_load_misses.walk_completed_1g:u	681	0	0
dtlb_load_misses.walk_completed_1g:u	682	0	0
dtlb_load_misses.walk_completed_1g:u	683	0	0
dtlb_load_misses.walk_completed_1g:u	684	0	0
dtlb_load_misses.walk_completed_1g:u	685	0	0
dtlb_load_misses.walk_completed_1g:u	686	0	0
dtlb_load_misses.walk_completed_1g:u	687	0	0
dtlb_load_misses.walk_completed_1g:u	688	0	0
dtlb_load_misses.walk_completed_1g:u	689	0	0
dtlb_load_misses.walk_completed_1g:u	690	0	0
dtlb_load_misses.walk_completed_1g:u	691	0	0
dtlb_load_misses.walk_completed_1g:u	692	0	0
dtlb_load_misses.walk_completed_1g:u	693	0	0
dtlb_load_misses.walk_completed_1g:u	694	0	0
dtlb_load_misses.walk_completed_1g:u	695	0	0
dtlb_load_misses.walk_completed_1g:u	696	0	0
dtlb_load_misses.walk_completed_1g:u	697	0	0
dtlb_load_misses.walk_completed_1g:u	698	0	0
dtlb_load_misses.walk_completed_1g:u	699	0	0
dtlb_load_misses.walk_completed_1g:u	700	0	0
dtlb_load_misses.walk_completed_1g:u	701	0	0
dtlb_load_misses.walk_completed_1g:u	702	0	0
dtlb_load_misses.walk_completed_1g:u	703	0	0
dtlb_load_misses.walk_completed_1g:u	704	0	0
dtlb_load_misses.walk_completed_1g:u	705	0	0
dtlb_load_misses.walk_completed_1g:u	706	0	0
dtlb_load_misses.walk_completed_1g:u	707	0	0
dtlb_load_misses.walk_completed_1g:u	708	0	0
dtlb_load_misses.walk_completed_1g:u	709	0	0
dtlb_load_misses.walk_completed_1g:u	710	0	0
dtlb_load_misses.walk_completed_1g:u	711	0	0
dtlb_load_misses.walk_completed_1g:u	712	0	0
dtlb_load_misses.walk_completed_1g:u	713	0	0
dtlb_load_misses.walk_completed_1g:u	714	0	0
dtlb_load_misses.walk_completed_1g:u	715	0	0
dtlb_load_misses.walk_completed_1g:u	716	0	0
dtlb_load_misses.walk_completed_1g:u	717	0	0
dtlb_load_misses.walk_completed_1g:u	718	0	0
dtlb_load_misses.walk_completed_1g:u	719	0	0
dtlb_load_misses.walk_completed_1g:u	720	0	0
dtlb_load_misses.walk_completed_1g:u	721	0	0
dtlb_load_misses.walk_completed_1g:u	722	0	0
dtlb_load_misses.walk_completed_1g:u	723	0	0
dtlb_load_misses.walk_completed_1g:u	724	0	0
dtlb_load_misses.walk_completed_1g:u	725	0	0
dtlb_load_misses.walk_completed_1g:u	726	0	0
dtlb_load_misses.walk_completed_1g:u	727	0	0
dtlb_load_misses.walk_completed_1g:u	728	0	0
dtlb_load_misses.walk_completed_1g:u	729	0	0
dtlb_load_misses.walk_completed_1g:u	730	0	0
dtlb_load_misses.walk_completed_1g:u	731	0	0
dtlb_load_misses.walk_completed_1g:u	732	0	0
dtlb_load_misses.walk_completed_1g:u	733	0	0
dtlb_load_misses.walk_completed_1g:u	734	0	0
dtlb_load_misses.walk_completed_1g:u	735	0	0
dtlb_load_misses.walk_completed_1g:u	736	0	0
dtlb_load_misses.walk_completed_1g:u	737	0	0
dtlb_load_misses.walk_completed_1g:u	738	0	0
dtlb_load_misses.walk_completed_1g:u	739	0	0
dtlb_load_misses.walk_completed_1g:u	740	0	0
dtlb_load_misses.walk_completed_1g:u	741	0	0
dtlb_load_misses.walk_completed_1g:u	742	0	0
dtlb_load_misses.walk_completed_1g:u	743	0	0
dtlb_load_misses.walk_completed_1g:u	744	0	0
dtlb_load_misses.walk_completed_1g:u	745	0	0
dtlb_load_misses.walk_completed_1g:u	746	0	0
dtlb_load_misses.walk_completed_1g:u	747	0	0
dtlb_load_misses.walk_completed_1g:u	748	0	0
dtlb_load_misses.walk_completed_1g:u	749	0	0
dtlb_load_misses.walk_completed_1g:u	750	0	0
dtlb_load_misses.walk_completed_1g:u	751	0	0
dtlb_load_misses.walk_completed_1g:u	752	0	0
dtlb_load_misses.walk_completed_1g:u	753	0	0
dtlb_load_misses.walk_completed_1g:u	754	0	0
dtlb_load_misses.walk_completed_1g:u	755	0	0
dtlb_load_misses.walk_completed_1g:u	756	0	0
dtlb_load_misses.walk_completed_1g:u	757	0	0
dtlb_load_misses.walk_completed_1g:u	758	0	0
dtlb_load_misses.walk_completed_1g:u	759	0	0
dtlb_load_misses.walk_completed_1g:u	760	0	0
dtlb_load_misses.walk_completed_1g:u	761	0	0
dtlb_load_misses.walk_completed_1g:u	762	0	0
dtlb_load_misses.walk_completed_1g:u	763	0	0
dtlb_load_misses.walk_completed_1g:u	764	0	0
dtlb_load_misses.walk_completed_1g:u	765	0	0
dtlb_load_misses.walk_completed_1g:u	766	0	0
dtlb_load_misses.walk_completed_1g:u	767	0	0
dtlb_load_misses.walk_completed_1g:u	768	0	0
dtlb_load_misses.walk_completed_1g:u	769	0	0
dtlb_load_misses.walk_completed_1g:u	770	0	0
dtlb_load_misses.walk_completed_1g:u	771	0	0
dtlb_load_misses.walk_completed_1g:u	772	0	0
dtlb_load_misses.walk_completed_1g:u	773	0	0
dtlb_load_misses.walk_completed_1g:u	774	0	0
dtlb_load_misses.walk_completed_1g:u	775	0	0
dtlb_load_misses.walk_completed_1g:u	776	0	0
dtlb_load_misses.walk_completed_1g:u	777	0	0
dtlb_load_misses.walk_completed_1g:u	778	0	0
dtlb_load_misses.walk_completed_1g:u	779	0	0
dtlb_load_misses.walk_completed_1g:u	780	0	0
dtlb_load_misses.walk_completed_1g:u	781	0	0
dtlb_load_misses.walk_completed_1g:u	782	0	0
dtlb_load_misses.walk_completed_1g:u	783	0	0
dtlb_load_misses.walk_completed_1g:u	784	0	0
dtlb_load_misses.walk_completed_1g:u	785	0	0
dtlb_load_misses.walk_completed_1g:u	786	0	0
dtlb_load_misses.walk_completed_1g:u	787	0	0
dtlb_load_misses.walk_completed_1g:u	788	0	0
dtlb_load_misses.walk_completed_1g:u	789	0	0
dtlb_load_misses.walk_completed_1g:u	790	0	0
dtlb_load_misses.walk_completed_1g:u	791	0	0
dtlb_load_misses.walk_completed_1g:u	792	0	0
dtlb_load_misses.walk_completed_1g:u	793	0	0
dtlb_load_misses.walk_completed_1g:u	794	0	0
dtlb_load_misses.walk_completed_1g:u	795	0	0
dtlb_load_misses.walk_completed_1g:u	796	0	0
dtlb_load_misses.walk_completed_1g:u	797	0	0
dtlb_load_misses.walk_completed_1g:u	798	0	0
dtlb_load_misses.walk_completed_1g:u	799	0	0
dtlb_load_misses.walk_completed_1g:u	800	0	0
dtlb_load_misses.walk_completed_1g:u	801	0	0
dtlb_load_misses.walk_completed_1g:u	802	0	0
dtlb_load_misses.walk_completed_1g:u	803	0	0
dtlb_load_misses.walk_completed_1g:u	804	0	0
dtlb_load_misses.walk_completed_1g:u	805	0	0
dtlb_load_misses.walk_completed_1g:u	806	0	0
dtlb_load_misses.walk_completed_1g:u	807	0	0
dtlb_load_misses.walk_completed_1g:u	808	0	0
dtlb_load_misses.walk_completed_1g:u	809	0	0
dtlb_load_misses.walk_completed_1g:u	810	0	0
dtlb_load_misses.walk_completed_1g:u	811	0	0
dtlb_load_misses.walk_completed_1g:u	812	0	0
dtlb_load_misses.walk_completed_1g:u	813	0	0
dtlb_load_misses.walk_completed_1g:u	814	0	0
dtlb_load_misses.walk_completed_1g:u	815	0	0
dtlb_load_misses.walk_completed_1g:u	816	0	0
dtlb_load_misses.walk_completed_1g:u	817	0	0
dtlb_load_misses.walk_completed_1g:u	818	0	0
dtlb_load_misses.walk_completed_1g:u	819	0	0
dtlb_load_misses.walk_completed_1g:u	820	0	0
dtlb_load_misses.walk_completed_1g:u	821	0	0
dtlb_load_misses.walk_completed_1g:u	822	0	0
dtlb_load_misses.walk_completed_1g:u	823	0	0
dtlb_load_misses.walk_completed_1g:u	824	0	0
dtlb_load_misses.walk_completed_1g:u	825	0	0
dtlb_load_misses.walk_completed_1g:u	826	0	0
dtlb_load_misses.walk_completed_1g:u	827	0	0
dtlb_load_misses.walk_completed_1g:u	828	0	0
dtlb_load_misses.walk_completed_1g:u	829	0	0
dtlb_load_misses.walk_completed_1g:u	830	0	0
dtlb_load_misses.walk_completed_1g:u	831	0	0
dtlb_load_misses.walk_completed_1g:u	832	0	0
dtlb_load_misses.walk_completed_1g:u	833	0	0
dtlb_load_misses.walk_completed_1g:u	834	0	0
dtlb_load_misses.walk_completed_1g:u	835	0	0
dtlb_load_misses.walk_completed_1g:u	836	0	0
dtlb_load_misses.walk_completed_1g:u	837	0	0
dtlb_load_misses.walk_completed_1g:u	838	0	0
dtlb_load_misses.walk_completed_1g:u	839	0	0
dtlb_load_misses.walk_completed_1g:u	840	0	0
dtlb_load_misses.walk_completed_1g:u	841	0	0
dtlb_load_misses.walk_completed_1g:u	842	0	0
dtlb_load_misses.walk_completed_1g:u	843	0	0
dtlb_load_misses.walk_completed_1g:u	844	0	0
dtlb_load_misses.walk_completed_1g:u	845	0	0
dtlb_load_misses.walk_completed_1g:u	846	0	0
dtlb_load_misses.walk_completed_1g:u	847	0	0
dtlb_load_misses.walk_completed_1g:u	848	0	0
dtlb_load_misses.walk_completed_1g:u	849	0	0
dtlb_load_misses.walk_completed_1g:u	850	0	0
dtlb_load_misses.walk_completed_1g:u	851	0	0
dtlb_load_misses.walk_completed_1g:u	852	0	0
dtlb_load_misses.walk_completed_1g:u	853	0	0
dtlb_load_misses.walk_completed_1g:u	854	0	0
dtlb_load_misses.walk_completed_1g:u	855	0	0
dtlb_load_misses.walk_completed_1g:u	856	0	0
dtlb_load_misses.walk_completed_1g:u	857	0	0
dtlb_load_misses.walk_completed_1g:u	858	0	0
dtlb_load_misses.walk_completed_1g:u	859	0	0
dtlb_load_misses.walk_completed_1g:u	860	0	0
dtlb_load_misses.walk_completed_1g:u	861	0	0
dtlb_load_misses.walk_completed_1g:u	862	0	0
dtlb_load_misses.walk_completed_1g:u	863	0	0
dtlb_load_misses.walk_completed_1g:u	864	0	0
dtlb_load_misses.walk_completed_1g:u	865	0	0
dtlb_load_misses.walk_completed_1g:u	866	0	0
dtlb_load_misses.walk_completed_1g:u	867	0	0
dtlb_load_misses.walk_completed_1g:u	868	0	0
dtlb_load_misses.walk_completed_1g:u	869	0	0
dtlb_load_misses.walk_completed_1g:u	870	0	0
dtlb_load_misses.walk_completed_1g:u	871	0	0
dtlb_load_misses.walk_completed_1g:u	872	0	0
dtlb_load_misses.walk_completed_1g:u	873	0	0
dtlb_load_misses.walk_completed_1g:u	874	0	0
dtlb_load_misses.walk_completed_1g:u	875	0	0
dtlb_load_misses.walk_completed_1g:u	876	0	0
dtlb_load_misses.walk_completed_1g:u	877	0	0
dtlb_load_misses.walk_completed_1g:u	878	0	0
dtlb_load_misses.walk_completed_1g:u	879	0	0
dtlb_load_misses.walk_completed_1g:u	880	0	0
dtlb_load_misses.walk_completed_1g:u	881	0	0
dtlb_load_misses.walk_completed_1g:u	882	0	0
dtlb_load_misses.walk_completed_1g:u	883	0	0
dtlb_load_misses.walk_completed_1g:u	884	0	0
dtlb_load_misses.walk_completed_1g:u	885	0	0
dtlb_load_misses.walk_completed_1g:u	886	0	0
dtlb_load_misses.walk_completed_1g:u	887	0	0
dtlb_load_misses.walk_completed_1g:u	888	0	0
dtlb_load_misses.walk_completed_1g:u	889	0	0
dtlb_load_misses.walk_completed_1g:u	890	0	0
dtlb_load_misses.walk_completed_1g:u	891	0	0
dtlb_load_misses.walk_completed_1g:u	892	0	0
dtlb_load_misses.walk_completed_1g:u	893	0	0
dtlb_load_misses.walk_completed_1g:u	894	0	0
dtlb_load_misses.walk_completed_1g:u	895	0	0
dtlb_load_misses.walk_completed_1g:u	896	0	0
dtlb_load_misses.walk_completed_1g:u	897	0	0
dtlb_load_misses.walk_completed_1g:u	898	0	0
dtlb_load_misses.walk_completed_1g:u	899	0	0
dtlb_load_misses.walk_completed_1g:u	900	0	0
dtlb_load_misses.walk_completed_1g:u	901	0	0
dtlb_load_misses.walk_completed_1g:u	902	0	0
dtlb_load_misses.walk_completed_1g:u	903	0	0
dtlb_load_misses.walk_completed_1g:u	904	0	0
dtlb_load_misses.walk_completed_1g:u	905	0	0
dtlb_load_misses.walk_completed_1g:u	906	0	0
dtlb_load_misses.walk_completed_1g:u	907	0	0
dtlb_load_misses.walk_completed_1g:u	908	0	0
dtlb_load_misses.walk_completed_1g:u	909	0	0
dtlb_load_misses.walk_completed_1g:u	910	0	0
dtlb_load_misses.walk_completed_1g:u	911	0	0
dtlb_load_misses.walk_completed_1g:u	912	0	0
dtlb_load_misses.walk_completed_1g:u	913	0	0
dtlb_load_misses.walk_completed_1g:u	914	0	0
dtlb_load_misses.walk_completed_1g:u	915	0	0
dtlb_load_misses.walk_completed_1g:u	916	0	0
dtlb_load_misses.walk_completed_1g:u	917	0	0
dtlb_load_misses.walk_completed_1g:u	918	0	0
dtlb_load_misses.walk_completed_1g:u	919	0	0
dtlb_load_misses.walk_completed_1g:u	920	0	0
dtlb_load_misses.walk_completed_1g:u	921	0	0
dtlb_load_misses.walk_completed_1g:u	922	0	0
dtlb_load_misses.walk_completed_1g:u	923	0	0
dtlb_load_misses.walk_completed_1g:u	924	0	0
dtlb_load_misses.walk_completed_1g:u	925	0	0
dtlb_load_misses.walk_completed_1g:u	926	0	0
dtlb_load_misses.walk_completed_1g:u	927	0	0
dtlb_load_misses.walk_completed_1g:u	928	0	0
dtlb_load_misses.walk_completed_1g:u	929	0	0
dtlb_load_misses.walk_completed_1g:u	930	0	0
dtlb_load_misses.walk_completed_1g:u	931	0	0
dtlb_load_misses.walk_completed_1g:u	932	0	0
dtlb_load_misses.walk_completed_1g:u	933	0	0
dtlb_load_misses.walk_completed_1g:u	934	0	0
dtlb_load_misses.walk_completed_1g:u	935	0	0
dtlb_load_misses.walk_completed_1g:u	936	0	0
dtlb_load_misses.walk_completed_1g:u	937	0	0
dtlb_load_misses.walk_completed_1g:u	938	0	0
dtlb_load_misses.walk_completed_1g:u	939	0	0
dtlb_load_misses.walk_completed_1g:u	940	0	0
dtlb_load_misses.walk_completed_1g:u	941	0	0
dtlb_load_misses.walk_completed_1g:u	942	0	0
dtlb_load_misses.walk_completed_1g:u	943	0	0
dtlb_load_misses.walk_completed_1g:u	944	0	0
dtlb_load_misses.walk_completed_1g:u	945	0	0
dtlb_load_misses.walk_completed_1g:u	946	0	0
dtlb_load_misses.walk_completed_1g:u	947	0	0
dtlb_load_misses.walk_completed_1g:u	948	0	0
dtlb_load_misses.walk_completed_1g:u	949	0	0
dtlb_load_misses.walk_completed_1g:u	950	0	0
dtlb_load_misses.walk_completed_1g:u	951	0	0
dtlb_load_misses.walk_completed_1g:u	952	0	0
dtlb_load_misses.walk_completed_1g:u	953	0	0
dtlb_load_misses.walk_completed_1g:u	954	0	0
dtlb_load_misses.walk_completed_1g:u	955	0	0
dtlb_load_misses.walk_completed_1g:u	956	0	0
dtlb_load_misses.walk_completed_1g:u	957	0	0
dtlb_load_misses.walk_completed_1g:u	958	0	0
dtlb_load_misses.walk_completed_1g:u	959	0	0
dtlb_load_misses.walk_completed_1g:u	960	0	0
dtlb_load_misses.walk_completed_1g:u	961	0	0
dtlb_load_misses.walk_completed_1g:u	962	0	0
dtlb_load_misses.walk_completed_1g:u	963	0	0
dtlb_load_misses.walk_completed_1g:u	964	0	0
dtlb_load_misses.walk_completed_1g:u	965	0	0
dtlb_load_misses.walk_completed_1g:u	966	0	0
dtlb_load_misses.walk_completed_1g:u	967	0	0
dtlb_load_misses.walk_completed_1g:u	968	0	0
dtlb_load_misses.walk_completed_1g:u	969	0	0
dtlb_load_misses.walk_completed_1g:u	970	0	0
dtlb_load_misses.walk_completed_1g:u	971	0	0
dtlb_load_misses.walk_completed_1g:u	972	0	0
dtlb_load_misses.walk_completed_1g:u	973	0	0
dtlb_load_misses.walk_completed_1g:u	974	0	0
dtlb_load_misses.walk_completed_1g:u	975	0	0
dtlb_load_misses.walk_completed_1g:u	976	0	0
dtlb_load_misses.walk_completed_1g:u	977	0	0
dtlb_load_misses.walk_completed_1g:u	978	0	0
dtlb_load_misses.walk_completed_1g:u	979	0	0
dtlb_load_misses.walk_completed_1g:u	980	0	0
dtlb_load_misses.walk_completed_1g:u	981	0	0
dtlb_load_misses.walk_completed_1g:u	982	0	0
dtlb_load_misses.walk_completed_1g:u	983	0	0
dtlb_load_misses.walk_completed_1g:u	984	0	0
dtlb_load_misses.walk_completed_1g:u	985	0	0
dtlb_load_misses.walk_completed_1g:u	986	0	0
dtlb_load_misses.walk_completed_1g:u	987	0	0
dtlb_load_misses.walk_completed_1g:u	988	0	0
dtlb_load_misses.walk_completed_1g:u	989	0	0
dtlb_load_misses.walk_completed_1g:u	990	0	0
dtlb_load_misses.walk_completed_1g:u	991	0	0
dtlb_load_misses.walk_completed_1g:u	992	0	0
dtlb_load_misses.walk_completed_1g:u	993	0	0
dtlb_load_misses.walk_completed_1g:u	994	0	0
dtlb_load_misses.walk_completed_1g:u	995	0	0
dtlb_load_misses.walk_completed_1g:u	996	0	0
dtlb_load_misses.walk_completed_1g:u	997	0	0
dtlb_load_misses.walk_completed_1g:u	998	0	0
dtlb_load_misses.walk_completed_1g:u	999	0	0
dtlb_load_misses.walk_completed_1g:u	1000	0	0
itlb_misses.walk_pending:u	1	340815	0
itlb_misses.walk_pending:u	2	340935	0
