name	status	reason
alignment-faults	excluded	software event
bpf-output	excluded	software event
cgroup-switches	excluded	software event
context-switches	excluded	software event
cpu-clock	excluded	software event
cpu-migrations	excluded	software event
dummy	excluded	software event
emulation-faults	excluded	software event
major-faults	excluded	software event
minor-faults	excluded	software event
page-faults	excluded	software event
task-clock	excluded	software event
LLC-loads	deferred	check whether this alias maps to offcore activity
LLC-load-misses	deferred	check whether this alias maps to offcore activity
LLC-stores	deferred	check whether this alias maps to offcore activity
LLC-store-misses	deferred	check whether this alias maps to offcore activity
node-loads	deferred	check whether this alias maps to offcore activity
node-load-misses	deferred	check whether this alias maps to offcore activity
mem-loads	deferred	needs load-latency sampling setup
topdown-bad-spec	deferred	requires an event group led by slots
topdown-be-bound	deferred	requires an event group led by slots
topdown-br-mispredict	deferred	requires an event group led by slots
topdown-fe-bound	deferred	requires an event group led by slots
topdown-fetch-lat	deferred	requires an event group led by slots
topdown-heavy-ops	deferred	requires an event group led by slots
topdown-mem-bound	deferred	requires an event group led by slots
topdown-retiring	deferred	requires an event group led by slots
cstate_core/c1-residency/	excluded	outside the supported core PMU: cstate_core
cstate_core/c6-residency/	excluded	outside the supported core PMU: cstate_core
cstate_pkg/c2-residency/	excluded	outside the supported core PMU: cstate_pkg
cstate_pkg/c6-residency/	excluded	outside the supported core PMU: cstate_pkg
intel_bts//	excluded	outside the supported core PMU: intel_bts
intel_pt//	excluded	outside the supported core PMU: intel_pt
msr/aperf/	excluded	outside the supported core PMU: msr
msr/cpu_thermal_margin/	excluded	outside the supported core PMU: msr
msr/mperf/	excluded	outside the supported core PMU: msr
msr/smi/	excluded	outside the supported core PMU: msr
msr/tsc/	excluded	outside the supported core PMU: msr
power/energy-pkg/	excluded	outside the supported core PMU: power
power/energy-psys/	excluded	outside the supported core PMU: power
power/energy-ram/	excluded	outside the supported core PMU: power
uncore_iio_free_running_0/bw_in_port0/	excluded	uncore event
uncore_iio_free_running_0/bw_in_port1/	excluded	uncore event
uncore_iio_free_running_0/bw_in_port2/	excluded	uncore event
uncore_iio_free_running_0/bw_in_port3/	excluded	uncore event
uncore_iio_free_running_0/bw_in_port4/	excluded	uncore event
uncore_iio_free_running_0/bw_in_port5/	excluded	uncore event
uncore_iio_free_running_0/bw_in_port6/	excluded	uncore event
uncore_iio_free_running_0/bw_in_port7/	excluded	uncore event
uncore_iio_free_running_0/ioclk/	excluded	uncore event
uncore_iio_free_running_1/bw_in_port0/	excluded	uncore event
uncore_iio_free_running_1/bw_in_port1/	excluded	uncore event
uncore_iio_free_running_1/bw_in_port2/	excluded	uncore event
uncore_iio_free_running_1/bw_in_port3/	excluded	uncore event
uncore_iio_free_running_1/bw_in_port4/	excluded	uncore event
uncore_iio_free_running_1/bw_in_port5/	excluded	uncore event
uncore_iio_free_running_1/bw_in_port6/	excluded	uncore event
uncore_iio_free_running_1/bw_in_port7/	excluded	uncore event
uncore_iio_free_running_1/ioclk/	excluded	uncore event
uncore_iio_free_running_2/bw_in_port0/	excluded	uncore event
uncore_iio_free_running_2/bw_in_port1/	excluded	uncore event
uncore_iio_free_running_2/bw_in_port2/	excluded	uncore event
uncore_iio_free_running_2/bw_in_port3/	excluded	uncore event
uncore_iio_free_running_2/bw_in_port4/	excluded	uncore event
uncore_iio_free_running_2/bw_in_port5/	excluded	uncore event
uncore_iio_free_running_2/bw_in_port6/	excluded	uncore event
uncore_iio_free_running_2/bw_in_port7/	excluded	uncore event
uncore_iio_free_running_2/ioclk/	excluded	uncore event
uncore_iio_free_running_3/bw_in_port0/	excluded	uncore event
uncore_iio_free_running_3/bw_in_port1/	excluded	uncore event
uncore_iio_free_running_3/bw_in_port2/	excluded	uncore event
uncore_iio_free_running_3/bw_in_port3/	excluded	uncore event
uncore_iio_free_running_3/bw_in_port4/	excluded	uncore event
uncore_iio_free_running_3/bw_in_port5/	excluded	uncore event
uncore_iio_free_running_3/bw_in_port6/	excluded	uncore event
uncore_iio_free_running_3/bw_in_port7/	excluded	uncore event
uncore_iio_free_running_3/ioclk/	excluded	uncore event
uncore_iio_free_running_4/bw_in_port0/	excluded	uncore event
uncore_iio_free_running_4/bw_in_port1/	excluded	uncore event
uncore_iio_free_running_4/bw_in_port2/	excluded	uncore event
uncore_iio_free_running_4/bw_in_port3/	excluded	uncore event
uncore_iio_free_running_4/bw_in_port4/	excluded	uncore event
uncore_iio_free_running_4/bw_in_port5/	excluded	uncore event
uncore_iio_free_running_4/bw_in_port6/	excluded	uncore event
uncore_iio_free_running_4/bw_in_port7/	excluded	uncore event
uncore_iio_free_running_4/ioclk/	excluded	uncore event
uncore_iio_free_running_5/bw_in_port0/	excluded	uncore event
uncore_iio_free_running_5/bw_in_port1/	excluded	uncore event
uncore_iio_free_running_5/bw_in_port2/	excluded	uncore event
uncore_iio_free_running_5/bw_in_port3/	excluded	uncore event
uncore_iio_free_running_5/bw_in_port4/	excluded	uncore event
uncore_iio_free_running_5/bw_in_port5/	excluded	uncore event
uncore_iio_free_running_5/bw_in_port6/	excluded	uncore event
uncore_iio_free_running_5/bw_in_port7/	excluded	uncore event
uncore_iio_free_running_5/ioclk/	excluded	uncore event
uncore_iio_free_running_6/bw_in_port0/	excluded	uncore event
uncore_iio_free_running_6/bw_in_port1/	excluded	uncore event
uncore_iio_free_running_6/bw_in_port2/	excluded	uncore event
uncore_iio_free_running_6/bw_in_port3/	excluded	uncore event
uncore_iio_free_running_6/bw_in_port4/	excluded	uncore event
uncore_iio_free_running_6/bw_in_port5/	excluded	uncore event
uncore_iio_free_running_6/bw_in_port6/	excluded	uncore event
uncore_iio_free_running_6/bw_in_port7/	excluded	uncore event
uncore_iio_free_running_6/ioclk/	excluded	uncore event
uncore_iio_free_running_7/bw_in_port0/	excluded	uncore event
uncore_iio_free_running_7/bw_in_port1/	excluded	uncore event
uncore_iio_free_running_7/bw_in_port2/	excluded	uncore event
uncore_iio_free_running_7/bw_in_port3/	excluded	uncore event
uncore_iio_free_running_7/bw_in_port4/	excluded	uncore event
uncore_iio_free_running_7/bw_in_port5/	excluded	uncore event
uncore_iio_free_running_7/bw_in_port6/	excluded	uncore event
uncore_iio_free_running_7/bw_in_port7/	excluded	uncore event
uncore_iio_free_running_7/ioclk/	excluded	uncore event
uncore_iio_free_running_8/bw_in_port0/	excluded	uncore event
uncore_iio_free_running_8/bw_in_port1/	excluded	uncore event
uncore_iio_free_running_8/bw_in_port2/	excluded	uncore event
uncore_iio_free_running_8/bw_in_port3/	excluded	uncore event
uncore_iio_free_running_8/bw_in_port4/	excluded	uncore event
uncore_iio_free_running_8/bw_in_port5/	excluded	uncore event
uncore_iio_free_running_8/bw_in_port6/	excluded	uncore event
uncore_iio_free_running_8/bw_in_port7/	excluded	uncore event
uncore_iio_free_running_8/ioclk/	excluded	uncore event
uncore_iio_free_running_9/bw_in_port0/	excluded	uncore event
uncore_iio_free_running_9/bw_in_port1/	excluded	uncore event
uncore_iio_free_running_9/bw_in_port2/	excluded	uncore event
uncore_iio_free_running_9/bw_in_port3/	excluded	uncore event
uncore_iio_free_running_9/bw_in_port4/	excluded	uncore event
uncore_iio_free_running_9/bw_in_port5/	excluded	uncore event
uncore_iio_free_running_9/bw_in_port6/	excluded	uncore event
uncore_iio_free_running_9/bw_in_port7/	excluded	uncore event
uncore_iio_free_running_9/ioclk/	excluded	uncore event
uncore_imc_0/cas_count_read/	excluded	uncore event
uncore_imc_0/cas_count_write/	excluded	uncore event
uncore_imc_0/clockticks/	excluded	uncore event
uncore_imc_1/cas_count_read/	excluded	uncore event
uncore_imc_1/cas_count_write/	excluded	uncore event
uncore_imc_1/clockticks/	excluded	uncore event
uncore_imc_2/cas_count_read/	excluded	uncore event
uncore_imc_2/cas_count_write/	excluded	uncore event
uncore_imc_2/clockticks/	excluded	uncore event
uncore_imc_3/cas_count_read/	excluded	uncore event
uncore_imc_3/cas_count_write/	excluded	uncore event
uncore_imc_3/clockticks/	excluded	uncore event
uncore_imc_4/cas_count_read/	excluded	uncore event
uncore_imc_4/cas_count_write/	excluded	uncore event
uncore_imc_4/clockticks/	excluded	uncore event
uncore_imc_5/cas_count_read/	excluded	uncore event
uncore_imc_5/cas_count_write/	excluded	uncore event
uncore_imc_5/clockticks/	excluded	uncore event
uncore_imc_6/cas_count_read/	excluded	uncore event
uncore_imc_6/cas_count_write/	excluded	uncore event
uncore_imc_6/clockticks/	excluded	uncore event
uncore_imc_7/cas_count_read/	excluded	uncore event
uncore_imc_7/cas_count_write/	excluded	uncore event
uncore_imc_7/clockticks/	excluded	uncore event
uncore_imc_free_running_0/dclk/	excluded	uncore event
uncore_imc_free_running_0/rpq_cycles/	excluded	uncore event
uncore_imc_free_running_0/wpq_cycles/	excluded	uncore event
uncore_imc_free_running_1/dclk/	excluded	uncore event
uncore_imc_free_running_1/rpq_cycles/	excluded	uncore event
uncore_imc_free_running_1/wpq_cycles/	excluded	uncore event
uncore_imc_free_running_2/dclk/	excluded	uncore event
uncore_imc_free_running_2/rpq_cycles/	excluded	uncore event
uncore_imc_free_running_2/wpq_cycles/	excluded	uncore event
uncore_imc_free_running_3/dclk/	excluded	uncore event
uncore_imc_free_running_3/rpq_cycles/	excluded	uncore event
uncore_imc_free_running_3/wpq_cycles/	excluded	uncore event
l1d_pend_miss.l2_stall	excluded	deprecated event
ocr.demand_code_rd.l3_hit	excluded	offcore event
ocr.demand_code_rd.l3_hit.snoop_hitm	excluded	offcore event
ocr.demand_code_rd.snc_cache.hit_with_fwd	excluded	offcore event
ocr.demand_code_rd.snc_cache.hitm	excluded	offcore event
ocr.demand_data_rd.l3_hit	excluded	offcore event
ocr.demand_data_rd.l3_hit.snoop_hit_no_fwd	excluded	offcore event
ocr.demand_data_rd.l3_hit.snoop_hit_with_fwd	excluded	offcore event
ocr.demand_data_rd.l3_hit.snoop_hitm	excluded	offcore event
ocr.demand_data_rd.remote_cache.snoop_hit_with_fwd	excluded	offcore event
ocr.demand_data_rd.remote_cache.snoop_hitm	excluded	offcore event
ocr.demand_data_rd.snc_cache.hit_with_fwd	excluded	offcore event
ocr.demand_data_rd.snc_cache.hitm	excluded	offcore event
ocr.demand_rfo.l3_hit	excluded	offcore event
ocr.demand_rfo.l3_hit.snoop_hitm	excluded	offcore event
ocr.demand_rfo.snc_cache.hit_with_fwd	excluded	offcore event
ocr.demand_rfo.snc_cache.hitm	excluded	offcore event
ocr.hwpf_l3.l3_hit	excluded	offcore event
ocr.reads_to_core.l3_hit	excluded	offcore event
ocr.reads_to_core.l3_hit.snoop_hit_no_fwd	excluded	offcore event
ocr.reads_to_core.l3_hit.snoop_hit_with_fwd	excluded	offcore event
ocr.reads_to_core.l3_hit.snoop_hitm	excluded	offcore event
ocr.reads_to_core.remote_cache.snoop_fwd	excluded	offcore event
ocr.reads_to_core.remote_cache.snoop_hit_with_fwd	excluded	offcore event
ocr.reads_to_core.remote_cache.snoop_hitm	excluded	offcore event
ocr.reads_to_core.snc_cache.hit_with_fwd	excluded	offcore event
ocr.reads_to_core.snc_cache.hitm	excluded	offcore event
ocr.rfo_to_core.l3_hit_m	excluded	offcore event
ocr.streaming_wr.l3_hit	excluded	offcore event
offcore_requests.all_requests	excluded	offcore event
offcore_requests.data_rd	excluded	offcore event
offcore_requests.demand_code_rd	excluded	offcore event
offcore_requests.demand_data_rd	excluded	offcore event
offcore_requests.demand_rfo	excluded	offcore event
offcore_requests_outstanding.all_data_rd	excluded	offcore event
offcore_requests_outstanding.cycles_with_data_rd	excluded	offcore event
offcore_requests_outstanding.cycles_with_demand_code_rd	excluded	offcore event
offcore_requests_outstanding.cycles_with_demand_data_rd	excluded	offcore event
offcore_requests_outstanding.cycles_with_demand_rfo	excluded	offcore event
offcore_requests_outstanding.data_rd	excluded	offcore event
offcore_requests_outstanding.demand_code_rd	excluded	offcore event
offcore_requests_outstanding.demand_data_rd	excluded	offcore event
frontend_retired.any_dsb_miss	deferred	needs frontend filtering setup
frontend_retired.dsb_miss	deferred	needs frontend filtering setup
frontend_retired.itlb_miss	deferred	needs frontend filtering setup
frontend_retired.l1i_miss	deferred	needs frontend filtering setup
frontend_retired.l2_miss	deferred	needs frontend filtering setup
frontend_retired.latency_ge_1	deferred	needs frontend filtering setup
frontend_retired.latency_ge_128	deferred	needs frontend filtering setup
frontend_retired.latency_ge_16	deferred	needs frontend filtering setup
frontend_retired.latency_ge_2	deferred	needs frontend filtering setup
frontend_retired.latency_ge_256	deferred	needs frontend filtering setup
frontend_retired.latency_ge_2_bubbles_ge_1	deferred	needs frontend filtering setup
frontend_retired.latency_ge_32	deferred	needs frontend filtering setup
frontend_retired.latency_ge_4	deferred	needs frontend filtering setup
frontend_retired.latency_ge_512	deferred	needs frontend filtering setup
frontend_retired.latency_ge_64	deferred	needs frontend filtering setup
frontend_retired.latency_ge_8	deferred	needs frontend filtering setup
frontend_retired.ms_flows	deferred	needs frontend filtering setup
frontend_retired.stlb_miss	deferred	needs frontend filtering setup
frontend_retired.unknown_branch	deferred	needs frontend filtering setup
temp1	excluded	hwmon event
temp_core_0	excluded	hwmon event
temp_core_1	excluded	hwmon event
temp_core_10	excluded	hwmon event
temp_core_11	excluded	hwmon event
temp_core_12	excluded	hwmon event
temp_core_13	excluded	hwmon event
temp_core_14	excluded	hwmon event
temp_core_15	excluded	hwmon event
temp_core_16	excluded	hwmon event
temp_core_17	excluded	hwmon event
temp_core_18	excluded	hwmon event
temp_core_19	excluded	hwmon event
temp_core_2	excluded	hwmon event
temp_core_20	excluded	hwmon event
temp_core_21	excluded	hwmon event
temp_core_22	excluded	hwmon event
temp_core_23	excluded	hwmon event
temp_core_24	excluded	hwmon event
temp_core_25	excluded	hwmon event
temp_core_26	excluded	hwmon event
temp_core_27	excluded	hwmon event
temp_core_28	excluded	hwmon event
temp_core_29	excluded	hwmon event
temp_core_3	excluded	hwmon event
temp_core_30	excluded	hwmon event
temp_core_31	excluded	hwmon event
temp_core_32	excluded	hwmon event
temp_core_33	excluded	hwmon event
temp_core_34	excluded	hwmon event
temp_core_35	excluded	hwmon event
temp_core_4	excluded	hwmon event
temp_core_5	excluded	hwmon event
temp_core_6	excluded	hwmon event
temp_core_7	excluded	hwmon event
temp_core_8	excluded	hwmon event
temp_core_9	excluded	hwmon event
temp_package_id_0	excluded	hwmon event
temp_package_id_1	excluded	hwmon event
mem_trans_retired.load_latency_gt_1024	deferred	requires precise sampling
mem_trans_retired.load_latency_gt_128	deferred	requires precise sampling
mem_trans_retired.load_latency_gt_16	deferred	requires precise sampling
mem_trans_retired.load_latency_gt_256	deferred	requires precise sampling
mem_trans_retired.load_latency_gt_32	deferred	requires precise sampling
mem_trans_retired.load_latency_gt_4	deferred	requires precise sampling
mem_trans_retired.load_latency_gt_512	deferred	requires precise sampling
mem_trans_retired.load_latency_gt_64	deferred	requires precise sampling
mem_trans_retired.load_latency_gt_8	deferred	requires precise sampling
mem_trans_retired.store_sample	deferred	requires precise sampling
ocr.demand_code_rd.l3_miss	excluded	offcore event
ocr.demand_data_rd.l3_miss	excluded	offcore event
ocr.demand_rfo.l3_miss	excluded	offcore event
ocr.hwpf_l3.l3_miss	excluded	offcore event
ocr.hwpf_l3.l3_miss_local	excluded	offcore event
ocr.reads_to_core.l3_miss	excluded	offcore event
ocr.reads_to_core.l3_miss_local	excluded	offcore event
ocr.reads_to_core.l3_miss_local_socket	excluded	offcore event
ocr.streaming_wr.l3_miss	excluded	offcore event
ocr.streaming_wr.l3_miss_local	excluded	offcore event
offcore_requests.l3_miss_demand_data_rd	excluded	offcore event
offcore_requests_outstanding.l3_miss_demand_data_rd	excluded	offcore event
ocr.demand_code_rd.any_response	excluded	offcore event
ocr.demand_code_rd.dram	excluded	offcore event
ocr.demand_code_rd.local_dram	excluded	offcore event
ocr.demand_code_rd.snc_dram	excluded	offcore event
ocr.demand_data_rd.any_response	excluded	offcore event
ocr.demand_data_rd.dram	excluded	offcore event
ocr.demand_data_rd.local_dram	excluded	offcore event
ocr.demand_data_rd.remote_dram	excluded	offcore event
ocr.demand_data_rd.snc_dram	excluded	offcore event
ocr.demand_rfo.any_response	excluded	offcore event
ocr.demand_rfo.dram	excluded	offcore event
ocr.demand_rfo.local_dram	excluded	offcore event
ocr.demand_rfo.snc_dram	excluded	offcore event
ocr.hwpf_l1d.any_response	excluded	offcore event
ocr.hwpf_l2.any_response	excluded	offcore event
ocr.hwpf_l3.any_response	excluded	offcore event
ocr.hwpf_l3.remote	excluded	offcore event
ocr.modified_write.any_response	excluded	offcore event
ocr.reads_to_core.any_response	excluded	offcore event
ocr.reads_to_core.dram	excluded	offcore event
ocr.reads_to_core.local_dram	excluded	offcore event
ocr.reads_to_core.local_socket_dram	excluded	offcore event
ocr.reads_to_core.remote	excluded	offcore event
ocr.reads_to_core.remote_dram	excluded	offcore event
ocr.reads_to_core.remote_memory	excluded	offcore event
ocr.reads_to_core.snc_dram	excluded	offcore event
ocr.streaming_wr.any_response	excluded	offcore event
ocr.write_estimate.memory	excluded	offcore event
rs_empty.count	excluded	deprecated event
rs_empty.cycles	excluded	deprecated event
arith.divider_active	excluded	deprecated event
arith.fp_divider_active	excluded	deprecated event
arith.int_divider_active	excluded	deprecated event
int_misc.unknown_branch_cycles	deferred	needs frontend filtering setup
uops_executed.stall_cycles	excluded	deprecated event
uops_retired.ms	deferred	needs frontend filtering setup
uops_retired.stall_cycles	excluded	deprecated event
duration_time	excluded	outside the supported core PMU: tool
has_pmem	excluded	outside the supported core PMU: tool
num_cores	excluded	outside the supported core PMU: tool
num_cpus	excluded	outside the supported core PMU: tool
num_cpus_online	excluded	outside the supported core PMU: tool
num_dies	excluded	outside the supported core PMU: tool
num_packages	excluded	outside the supported core PMU: tool
smt_on	excluded	outside the supported core PMU: tool
system_time	excluded	outside the supported core PMU: tool
system_tsc_freq	excluded	outside the supported core PMU: tool
user_time	excluded	outside the supported core PMU: tool
unc_cha_bypass_cha_imc.intermediate	excluded	uncore event
unc_cha_bypass_cha_imc.not_taken	excluded	uncore event
unc_cha_bypass_cha_imc.taken	excluded	uncore event
unc_cha_clockticks	excluded	uncore event
unc_cha_cms_clockticks	excluded	uncore event
unc_cha_core_snp.any_gtone	excluded	uncore event
unc_cha_core_snp.any_one	excluded	uncore event
unc_cha_core_snp.core_gtone	excluded	uncore event
unc_cha_core_snp.core_one	excluded	uncore event
unc_cha_core_snp.evict_gtone	excluded	uncore event
unc_cha_core_snp.evict_one	excluded	uncore event
unc_cha_core_snp.ext_gtone	excluded	uncore event
unc_cha_core_snp.ext_one	excluded	uncore event
unc_cha_core_snp.remote_gtone	excluded	uncore event
unc_cha_core_snp.remote_one	excluded	uncore event
unc_cha_dir_lookup.no_snp	excluded	uncore event
unc_cha_dir_lookup.snp	excluded	uncore event
unc_cha_dir_update.ha	excluded	uncore event
unc_cha_dir_update.tor	excluded	uncore event
unc_cha_direct_go.ha_suppress_drd	excluded	uncore event
unc_cha_direct_go.ha_suppress_no_d2c	excluded	uncore event
unc_cha_direct_go.ha_tor_dealloc	excluded	uncore event
unc_cha_direct_go_opc.extcmp	excluded	uncore event
unc_cha_direct_go_opc.fast_go	excluded	uncore event
unc_cha_direct_go_opc.fast_go_pull	excluded	uncore event
unc_cha_direct_go_opc.go	excluded	uncore event
unc_cha_direct_go_opc.go_pull	excluded	uncore event
unc_cha_direct_go_opc.idle_due_suppress	excluded	uncore event
unc_cha_direct_go_opc.nop	excluded	uncore event
unc_cha_direct_go_opc.pull	excluded	uncore event
unc_cha_egress_ordering.iv_snoopgo_dn	excluded	uncore event
unc_cha_egress_ordering.iv_snoopgo_up	excluded	uncore event
unc_cha_hitme_hit.ex_rds	excluded	uncore event
unc_cha_hitme_hit.shared_ownreq	excluded	uncore event
unc_cha_hitme_hit.wbmtoe	excluded	uncore event
unc_cha_hitme_hit.wbmtoi_or_s	excluded	uncore event
unc_cha_hitme_lookup.read	excluded	uncore event
unc_cha_hitme_lookup.write	excluded	uncore event
unc_cha_hitme_miss.notshared_rdinvown	excluded	uncore event
unc_cha_hitme_miss.read_or_inv	excluded	uncore event
unc_cha_hitme_miss.shared_rdinvown	excluded	uncore event
unc_cha_hitme_update.deallocate	excluded	uncore event
unc_cha_hitme_update.deallocate_rspfwdi_loc	excluded	uncore event
unc_cha_hitme_update.rdinvown	excluded	uncore event
unc_cha_hitme_update.rspfwdi_rem	excluded	uncore event
unc_cha_hitme_update.shared	excluded	uncore event
unc_cha_imc_reads_count.normal	excluded	uncore event
unc_cha_imc_reads_count.priority	excluded	uncore event
unc_cha_imc_writes_count.full	excluded	uncore event
unc_cha_imc_writes_count.full_priority	excluded	uncore event
unc_cha_imc_writes_count.partial	excluded	uncore event
unc_cha_imc_writes_count.partial_priority	excluded	uncore event
unc_cha_llc_lookup.all	excluded	uncore event
unc_cha_llc_lookup.all_remote	excluded	uncore event
unc_cha_llc_lookup.any_f	excluded	uncore event
unc_cha_llc_lookup.code	excluded	uncore event
unc_cha_llc_lookup.code_read_f	excluded	uncore event
unc_cha_llc_lookup.corepref_or_dmnd_local_f	excluded	uncore event
unc_cha_llc_lookup.data_rd	excluded	uncore event
unc_cha_llc_lookup.data_read_all	excluded	uncore event
unc_cha_llc_lookup.data_read_f	excluded	uncore event
unc_cha_llc_lookup.data_read_local	excluded	uncore event
unc_cha_llc_lookup.data_read_miss	excluded	uncore event
unc_cha_llc_lookup.e	excluded	uncore event
unc_cha_llc_lookup.f	excluded	uncore event
unc_cha_llc_lookup.flush_inv	excluded	uncore event
unc_cha_llc_lookup.flush_or_inv_f	excluded	uncore event
unc_cha_llc_lookup.i	excluded	uncore event
unc_cha_llc_lookup.llcpref_local_f	excluded	uncore event
unc_cha_llc_lookup.local_code	excluded	uncore event
unc_cha_llc_lookup.local_data_rd	excluded	uncore event
unc_cha_llc_lookup.local_dmnd_code	excluded	uncore event
unc_cha_llc_lookup.local_dmnd_data_rd	excluded	uncore event
unc_cha_llc_lookup.local_dmnd_rfo	excluded	uncore event
unc_cha_llc_lookup.local_f	excluded	uncore event
unc_cha_llc_lookup.local_flush_inv	excluded	uncore event
unc_cha_llc_lookup.local_llc_pf	excluded	uncore event
unc_cha_llc_lookup.local_pf	excluded	uncore event
unc_cha_llc_lookup.local_pf_code	excluded	uncore event
unc_cha_llc_lookup.local_pf_data_rd	excluded	uncore event
unc_cha_llc_lookup.local_pf_rfo	excluded	uncore event
unc_cha_llc_lookup.local_rfo	excluded	uncore event
unc_cha_llc_lookup.locally_homed_address	excluded	uncore event
unc_cha_llc_lookup.m	excluded	uncore event
unc_cha_llc_lookup.miss_all	excluded	uncore event
unc_cha_llc_lookup.other_req_f	excluded	uncore event
unc_cha_llc_lookup.pref_or_dmnd_remote_f	excluded	uncore event
unc_cha_llc_lookup.remote_code	excluded	uncore event
unc_cha_llc_lookup.remote_data_rd	excluded	uncore event
unc_cha_llc_lookup.remote_f	excluded	uncore event
unc_cha_llc_lookup.remote_flush_inv	excluded	uncore event
unc_cha_llc_lookup.remote_other	excluded	uncore event
unc_cha_llc_lookup.remote_rfo	excluded	uncore event
unc_cha_llc_lookup.remote_snoop_f	excluded	uncore event
unc_cha_llc_lookup.remote_snp	excluded	uncore event
unc_cha_llc_lookup.remotely_homed_address	excluded	uncore event
unc_cha_llc_lookup.rfo	excluded	uncore event
unc_cha_llc_lookup.rfo_f	excluded	uncore event
unc_cha_llc_lookup.rfo_local	excluded	uncore event
unc_cha_llc_lookup.s	excluded	uncore event
unc_cha_llc_lookup.sf_e	excluded	uncore event
unc_cha_llc_lookup.sf_h	excluded	uncore event
unc_cha_llc_lookup.sf_s	excluded	uncore event
unc_cha_llc_lookup.write_local	excluded	uncore event
unc_cha_llc_lookup.write_remote	excluded	uncore event
unc_cha_llc_victims.e_state	excluded	uncore event
unc_cha_llc_victims.ia	excluded	uncore event
unc_cha_llc_victims.io	excluded	uncore event
unc_cha_llc_victims.io_e	excluded	uncore event
unc_cha_llc_victims.io_fs	excluded	uncore event
unc_cha_llc_victims.io_m	excluded	uncore event
unc_cha_llc_victims.io_mesf	excluded	uncore event
unc_cha_llc_victims.local_all	excluded	uncore event
unc_cha_llc_victims.local_e	excluded	uncore event
unc_cha_llc_victims.local_m	excluded	uncore event
unc_cha_llc_victims.local_only	excluded	uncore event
unc_cha_llc_victims.local_s	excluded	uncore event
unc_cha_llc_victims.m_state	excluded	uncore event
unc_cha_llc_victims.remote_all	excluded	uncore event
unc_cha_llc_victims.remote_e	excluded	uncore event
unc_cha_llc_victims.remote_m	excluded	uncore event
unc_cha_llc_victims.remote_only	excluded	uncore event
unc_cha_llc_victims.remote_s	excluded	uncore event
unc_cha_llc_victims.s_state	excluded	uncore event
unc_cha_llc_victims.total_e	excluded	uncore event
unc_cha_llc_victims.total_m	excluded	uncore event
unc_cha_llc_victims.total_s	excluded	uncore event
unc_cha_misc.cv0_pref_miss	excluded	uncore event
unc_cha_misc.cv0_pref_vic	excluded	uncore event
unc_cha_misc.rfo_hit_s	excluded	uncore event
unc_cha_misc.rspi_was_fse	excluded	uncore event
unc_cha_misc.wc_aliasing	excluded	uncore event
unc_cha_osb.local_invitoe	excluded	uncore event
unc_cha_osb.local_read	excluded	uncore event
unc_cha_osb.off_pwrheuristic	excluded	uncore event
unc_cha_osb.remote_read	excluded	uncore event
unc_cha_osb.remote_readinvitoe	excluded	uncore event
unc_cha_osb.rfo_hits_snp_bcast	excluded	uncore event
unc_cha_pmm_memmode_nm_invitox.local	excluded	uncore event
unc_cha_pmm_memmode_nm_invitox.remote	excluded	uncore event
unc_cha_pmm_memmode_nm_invitox.setconflict	excluded	uncore event
unc_cha_pmm_memmode_nm_setconflicts.llc	excluded	uncore event
unc_cha_pmm_memmode_nm_setconflicts.sf	excluded	uncore event
unc_cha_pmm_memmode_nm_setconflicts.tor	excluded	uncore event
unc_cha_pmm_memmode_nm_setconflicts2.iodc	excluded	uncore event
unc_cha_pmm_memmode_nm_setconflicts2.memwr	excluded	uncore event
unc_cha_pmm_memmode_nm_setconflicts2.memwrni	excluded	uncore event
unc_cha_pmm_qos.ddr4_fast_insert	excluded	uncore event
unc_cha_pmm_qos.rej_irq	excluded	uncore event
unc_cha_pmm_qos.slow_insert	excluded	uncore event
unc_cha_pmm_qos.slowtorq_skip	excluded	uncore event
unc_cha_pmm_qos.throttle	excluded	uncore event
unc_cha_pmm_qos.throttle_irq	excluded	uncore event
unc_cha_pmm_qos.throttle_prq	excluded	uncore event
unc_cha_pmm_qos_occupancy.ddr_fast_fifo	excluded	uncore event
unc_cha_pmm_qos_occupancy.ddr_slow_fifo	excluded	uncore event
unc_cha_read_no_credits.mc0	excluded	uncore event
unc_cha_read_no_credits.mc1	excluded	uncore event
unc_cha_read_no_credits.mc2	excluded	uncore event
unc_cha_read_no_credits.mc3	excluded	uncore event
unc_cha_read_no_credits.mc4	excluded	uncore event
unc_cha_read_no_credits.mc5	excluded	uncore event
unc_cha_requests.invitoe	excluded	uncore event
unc_cha_requests.invitoe_local	excluded	uncore event
unc_cha_requests.invitoe_remote	excluded	uncore event
unc_cha_requests.reads	excluded	uncore event
unc_cha_requests.reads_local	excluded	uncore event
unc_cha_requests.reads_remote	excluded	uncore event
unc_cha_requests.writes	excluded	uncore event
unc_cha_requests.writes_local	excluded	uncore event
unc_cha_requests.writes_remote	excluded	uncore event
unc_cha_rxc_inserts.ipq	excluded	uncore event
unc_cha_rxc_inserts.irq	excluded	uncore event
unc_cha_rxc_inserts.irq_rej	excluded	uncore event
unc_cha_rxc_inserts.prq	excluded	uncore event
unc_cha_rxc_inserts.prq_rej	excluded	uncore event
unc_cha_rxc_inserts.rrq	excluded	uncore event
unc_cha_rxc_inserts.wbq	excluded	uncore event
unc_cha_rxc_ipq0_reject.ad_req_vn0	excluded	uncore event
unc_cha_rxc_ipq0_reject.ad_rsp_vn0	excluded	uncore event
unc_cha_rxc_ipq0_reject.ak_non_upi	excluded	uncore event
unc_cha_rxc_ipq0_reject.bl_ncb_vn0	excluded	uncore event
unc_cha_rxc_ipq0_reject.bl_ncs_vn0	excluded	uncore event
unc_cha_rxc_ipq0_reject.bl_rsp_vn0	excluded	uncore event
unc_cha_rxc_ipq0_reject.bl_wb_vn0	excluded	uncore event
unc_cha_rxc_ipq0_reject.iv_non_upi	excluded	uncore event
unc_cha_rxc_ipq1_reject.allow_snp	excluded	uncore event
unc_cha_rxc_ipq1_reject.any0	excluded	uncore event
unc_cha_rxc_ipq1_reject.ha	excluded	uncore event
unc_cha_rxc_ipq1_reject.llc_or_sf_way	excluded	uncore event
unc_cha_rxc_ipq1_reject.llc_victim	excluded	uncore event
unc_cha_rxc_ipq1_reject.pa_match	excluded	uncore event
unc_cha_rxc_ipq1_reject.sf_victim	excluded	uncore event
unc_cha_rxc_ipq1_reject.victim	excluded	uncore event
unc_cha_rxc_irq0_reject.ad_req_vn0	excluded	uncore event
unc_cha_rxc_irq0_reject.ad_rsp_vn0	excluded	uncore event
unc_cha_rxc_irq0_reject.ak_non_upi	excluded	uncore event
unc_cha_rxc_irq0_reject.bl_ncb_vn0	excluded	uncore event
unc_cha_rxc_irq0_reject.bl_ncs_vn0	excluded	uncore event
unc_cha_rxc_irq0_reject.bl_rsp_vn0	excluded	uncore event
unc_cha_rxc_irq0_reject.bl_wb_vn0	excluded	uncore event
unc_cha_rxc_irq0_reject.iv_non_upi	excluded	uncore event
unc_cha_rxc_irq1_reject.allow_snp	excluded	uncore event
unc_cha_rxc_irq1_reject.any0	excluded	uncore event
unc_cha_rxc_irq1_reject.ha	excluded	uncore event
unc_cha_rxc_irq1_reject.llc_or_sf_way	excluded	uncore event
unc_cha_rxc_irq1_reject.llc_victim	excluded	uncore event
unc_cha_rxc_irq1_reject.pa_match	excluded	uncore event
unc_cha_rxc_irq1_reject.sf_victim	excluded	uncore event
unc_cha_rxc_irq1_reject.victim	excluded	uncore event
unc_cha_rxc_ismq0_reject.ad_req_vn0	excluded	uncore event
unc_cha_rxc_ismq0_reject.ad_rsp_vn0	excluded	uncore event
unc_cha_rxc_ismq0_reject.ak_non_upi	excluded	uncore event
unc_cha_rxc_ismq0_reject.bl_ncb_vn0	excluded	uncore event
unc_cha_rxc_ismq0_reject.bl_ncs_vn0	excluded	uncore event
unc_cha_rxc_ismq0_reject.bl_rsp_vn0	excluded	uncore event
unc_cha_rxc_ismq0_reject.bl_wb_vn0	excluded	uncore event
unc_cha_rxc_ismq0_reject.iv_non_upi	excluded	uncore event
unc_cha_rxc_ismq0_retry.ad_req_vn0	excluded	uncore event
unc_cha_rxc_ismq0_retry.ad_rsp_vn0	excluded	uncore event
unc_cha_rxc_ismq0_retry.ak_non_upi	excluded	uncore event
unc_cha_rxc_ismq0_retry.bl_ncb_vn0	excluded	uncore event
unc_cha_rxc_ismq0_retry.bl_ncs_vn0	excluded	uncore event
unc_cha_rxc_ismq0_retry.bl_rsp_vn0	excluded	uncore event
unc_cha_rxc_ismq0_retry.bl_wb_vn0	excluded	uncore event
unc_cha_rxc_ismq0_retry.iv_non_upi	excluded	uncore event
unc_cha_rxc_ismq1_reject.any0	excluded	uncore event
unc_cha_rxc_ismq1_reject.ha	excluded	uncore event
unc_cha_rxc_ismq1_retry.any0	excluded	uncore event
unc_cha_rxc_ismq1_retry.ha	excluded	uncore event
unc_cha_rxc_occupancy.ipq	excluded	uncore event
unc_cha_rxc_occupancy.rrq	excluded	uncore event
unc_cha_rxc_occupancy.wbq	excluded	uncore event
unc_cha_rxc_other0_retry.ad_req_vn0	excluded	uncore event
unc_cha_rxc_other0_retry.ad_rsp_vn0	excluded	uncore event
unc_cha_rxc_other0_retry.ak_non_upi	excluded	uncore event
unc_cha_rxc_other0_retry.bl_ncb_vn0	excluded	uncore event
unc_cha_rxc_other0_retry.bl_ncs_vn0	excluded	uncore event
unc_cha_rxc_other0_retry.bl_rsp_vn0	excluded	uncore event
unc_cha_rxc_other0_retry.bl_wb_vn0	excluded	uncore event
unc_cha_rxc_other0_retry.iv_non_upi	excluded	uncore event
unc_cha_rxc_other1_retry.allow_snp	excluded	uncore event
unc_cha_rxc_other1_retry.any0	excluded	uncore event
unc_cha_rxc_other1_retry.ha	excluded	uncore event
unc_cha_rxc_other1_retry.llc_or_sf_way	excluded	uncore event
unc_cha_rxc_other1_retry.llc_victim	excluded	uncore event
unc_cha_rxc_other1_retry.pa_match	excluded	uncore event
unc_cha_rxc_other1_retry.sf_victim	excluded	uncore event
unc_cha_rxc_other1_retry.victim	excluded	uncore event
unc_cha_rxc_prq0_reject.ad_req_vn0	excluded	uncore event
unc_cha_rxc_prq0_reject.ad_rsp_vn0	excluded	uncore event
unc_cha_rxc_prq0_reject.ak_non_upi	excluded	uncore event
unc_cha_rxc_prq0_reject.bl_ncb_vn0	excluded	uncore event
unc_cha_rxc_prq0_reject.bl_ncs_vn0	excluded	uncore event
unc_cha_rxc_prq0_reject.bl_rsp_vn0	excluded	uncore event
unc_cha_rxc_prq0_reject.bl_wb_vn0	excluded	uncore event
unc_cha_rxc_prq0_reject.iv_non_upi	excluded	uncore event
unc_cha_rxc_prq1_reject.allow_snp	excluded	uncore event
unc_cha_rxc_prq1_reject.any0	excluded	uncore event
unc_cha_rxc_prq1_reject.ha	excluded	uncore event
unc_cha_rxc_prq1_reject.llc_or_sf_way	excluded	uncore event
unc_cha_rxc_prq1_reject.llc_victim	excluded	uncore event
unc_cha_rxc_prq1_reject.pa_match	excluded	uncore event
unc_cha_rxc_prq1_reject.sf_victim	excluded	uncore event
unc_cha_rxc_prq1_reject.victim	excluded	uncore event
unc_cha_rxc_req_q0_retry.ad_req_vn0	excluded	uncore event
unc_cha_rxc_req_q0_retry.ad_rsp_vn0	excluded	uncore event
unc_cha_rxc_req_q0_retry.ak_non_upi	excluded	uncore event
unc_cha_rxc_req_q0_retry.bl_ncb_vn0	excluded	uncore event
unc_cha_rxc_req_q0_retry.bl_ncs_vn0	excluded	uncore event
unc_cha_rxc_req_q0_retry.bl_rsp_vn0	excluded	uncore event
unc_cha_rxc_req_q0_retry.bl_wb_vn0	excluded	uncore event
unc_cha_rxc_req_q0_retry.iv_non_upi	excluded	uncore event
unc_cha_rxc_req_q1_retry.allow_snp	excluded	uncore event
unc_cha_rxc_req_q1_retry.any0	excluded	uncore event
unc_cha_rxc_req_q1_retry.ha	excluded	uncore event
unc_cha_rxc_req_q1_retry.llc_or_sf_way	excluded	uncore event
unc_cha_rxc_req_q1_retry.llc_victim	excluded	uncore event
unc_cha_rxc_req_q1_retry.pa_match	excluded	uncore event
unc_cha_rxc_req_q1_retry.sf_victim	excluded	uncore event
unc_cha_rxc_req_q1_retry.victim	excluded	uncore event
unc_cha_rxc_rrq0_reject.ad_req_vn0	excluded	uncore event
unc_cha_rxc_rrq0_reject.ad_rsp_vn0	excluded	uncore event
unc_cha_rxc_rrq0_reject.ak_non_upi	excluded	uncore event
unc_cha_rxc_rrq0_reject.bl_ncb_vn0	excluded	uncore event
unc_cha_rxc_rrq0_reject.bl_ncs_vn0	excluded	uncore event
unc_cha_rxc_rrq0_reject.bl_rsp_vn0	excluded	uncore event
unc_cha_rxc_rrq0_reject.bl_wb_vn0	excluded	uncore event
unc_cha_rxc_rrq0_reject.iv_non_upi	excluded	uncore event
unc_cha_rxc_rrq1_reject.allow_snp	excluded	uncore event
unc_cha_rxc_rrq1_reject.any0	excluded	uncore event
unc_cha_rxc_rrq1_reject.ha	excluded	uncore event
unc_cha_rxc_rrq1_reject.llc_or_sf_way	excluded	uncore event
unc_cha_rxc_rrq1_reject.llc_victim	excluded	uncore event
unc_cha_rxc_rrq1_reject.pa_match	excluded	uncore event
unc_cha_rxc_rrq1_reject.sf_victim	excluded	uncore event
unc_cha_rxc_rrq1_reject.victim	excluded	uncore event
unc_cha_rxc_wbq0_reject.ad_req_vn0	excluded	uncore event
unc_cha_rxc_wbq0_reject.ad_rsp_vn0	excluded	uncore event
unc_cha_rxc_wbq0_reject.ak_non_upi	excluded	uncore event
unc_cha_rxc_wbq0_reject.bl_ncb_vn0	excluded	uncore event
unc_cha_rxc_wbq0_reject.bl_ncs_vn0	excluded	uncore event
unc_cha_rxc_wbq0_reject.bl_rsp_vn0	excluded	uncore event
unc_cha_rxc_wbq0_reject.bl_wb_vn0	excluded	uncore event
unc_cha_rxc_wbq0_reject.iv_non_upi	excluded	uncore event
unc_cha_rxc_wbq1_reject.allow_snp	excluded	uncore event
unc_cha_rxc_wbq1_reject.any0	excluded	uncore event
unc_cha_rxc_wbq1_reject.ha	excluded	uncore event
unc_cha_rxc_wbq1_reject.llc_or_sf_way	excluded	uncore event
unc_cha_rxc_wbq1_reject.llc_victim	excluded	uncore event
unc_cha_rxc_wbq1_reject.pa_match	excluded	uncore event
unc_cha_rxc_wbq1_reject.sf_victim	excluded	uncore event
unc_cha_rxc_wbq1_reject.victim	excluded	uncore event
unc_cha_snoop_resp.rspcnflct	excluded	uncore event
unc_cha_snoop_resp.rspfwd	excluded	uncore event
unc_cha_snoop_resp.rspfwdwb	excluded	uncore event
unc_cha_snoop_resp.rspi	excluded	uncore event
unc_cha_snoop_resp.rspifwd	excluded	uncore event
unc_cha_snoop_resp.rsps	excluded	uncore event
unc_cha_snoop_resp.rspsfwd	excluded	uncore event
unc_cha_snoop_resp.rspwb	excluded	uncore event
unc_cha_snoop_resp_local.rspcnflct	excluded	uncore event
unc_cha_snoop_resp_local.rspfwd	excluded	uncore event
unc_cha_snoop_resp_local.rspfwdwb	excluded	uncore event
unc_cha_snoop_resp_local.rspi	excluded	uncore event
unc_cha_snoop_resp_local.rspifwd	excluded	uncore event
unc_cha_snoop_resp_local.rsps	excluded	uncore event
unc_cha_snoop_resp_local.rspsfwd	excluded	uncore event
unc_cha_snoop_resp_local.rspwb	excluded	uncore event
unc_cha_snoop_rsp_misc.mtoi_rspdatam	excluded	uncore event
unc_cha_snoop_rsp_misc.mtoi_rspifwdm	excluded	uncore event
unc_cha_snoop_rsp_misc.pulldataptl_hitllc	excluded	uncore event
unc_cha_snoop_rsp_misc.pulldataptl_hitsf	excluded	uncore event
unc_cha_snoop_rsp_misc.rspifwdmptl_hitllc	excluded	uncore event
unc_cha_snoop_rsp_misc.rspifwdmptl_hitsf	excluded	uncore event
unc_cha_snoops_sent.all	excluded	uncore event
unc_cha_snoops_sent.bcst_local	excluded	uncore event
unc_cha_snoops_sent.bcst_remote	excluded	uncore event
unc_cha_snoops_sent.direct_local	excluded	uncore event
unc_cha_snoops_sent.direct_remote	excluded	uncore event
unc_cha_snoops_sent.local	excluded	uncore event
unc_cha_snoops_sent.remote	excluded	uncore event
unc_cha_tor_inserts.all	excluded	uncore event
unc_cha_tor_inserts.ddr	excluded	uncore event
unc_cha_tor_inserts.evict	excluded	uncore event
unc_cha_tor_inserts.hit	excluded	uncore event
unc_cha_tor_inserts.ia	excluded	uncore event
unc_cha_tor_inserts.ia_clflush	excluded	uncore event
unc_cha_tor_inserts.ia_clflushopt	excluded	uncore event
unc_cha_tor_inserts.ia_crd	excluded	uncore event
unc_cha_tor_inserts.ia_crd_pref	excluded	uncore event
unc_cha_tor_inserts.ia_drd	excluded	uncore event
unc_cha_tor_inserts.ia_drd_opt	excluded	uncore event
unc_cha_tor_inserts.ia_drd_opt_pref	excluded	uncore event
unc_cha_tor_inserts.ia_drd_pref	excluded	uncore event
unc_cha_tor_inserts.ia_drdpte	excluded	uncore event
unc_cha_tor_inserts.ia_hit	excluded	uncore event
unc_cha_tor_inserts.ia_hit_crd	excluded	uncore event
unc_cha_tor_inserts.ia_hit_crd_pref	excluded	uncore event
unc_cha_tor_inserts.ia_hit_cxl_acc	excluded	uncore event
unc_cha_tor_inserts.ia_hit_cxl_acc_local	excluded	uncore event
unc_cha_tor_inserts.ia_hit_drd	excluded	uncore event
unc_cha_tor_inserts.ia_hit_drd_opt	excluded	uncore event
unc_cha_tor_inserts.ia_hit_drd_opt_pref	excluded	uncore event
unc_cha_tor_inserts.ia_hit_drd_pref	excluded	uncore event
unc_cha_tor_inserts.ia_hit_drdpte	excluded	uncore event
unc_cha_tor_inserts.ia_hit_itom	excluded	uncore event
unc_cha_tor_inserts.ia_hit_llcprefcode	excluded	uncore event
unc_cha_tor_inserts.ia_hit_llcprefdata	excluded	uncore event
unc_cha_tor_inserts.ia_hit_llcprefrfo	excluded	uncore event
unc_cha_tor_inserts.ia_hit_rfo	excluded	uncore event
unc_cha_tor_inserts.ia_hit_rfo_pref	excluded	uncore event
unc_cha_tor_inserts.ia_itom	excluded	uncore event
unc_cha_tor_inserts.ia_itomcachenear	excluded	uncore event
unc_cha_tor_inserts.ia_llcprefcode	excluded	uncore event
unc_cha_tor_inserts.ia_llcprefdata	excluded	uncore event
unc_cha_tor_inserts.ia_llcprefrfo	excluded	uncore event
unc_cha_tor_inserts.ia_miss	excluded	uncore event
unc_cha_tor_inserts.ia_miss_crd	excluded	uncore event
unc_cha_tor_inserts.ia_miss_crd_local	excluded	uncore event
unc_cha_tor_inserts.ia_miss_crd_pref	excluded	uncore event
unc_cha_tor_inserts.ia_miss_crd_pref_local	excluded	uncore event
unc_cha_tor_inserts.ia_miss_crd_pref_remote	excluded	uncore event
unc_cha_tor_inserts.ia_miss_crd_remote	excluded	uncore event
unc_cha_tor_inserts.ia_miss_crdmorph_cxl_acc	excluded	uncore event
unc_cha_tor_inserts.ia_miss_cxl_acc	excluded	uncore event
unc_cha_tor_inserts.ia_miss_cxl_acc_local	excluded	uncore event
unc_cha_tor_inserts.ia_miss_drd	excluded	uncore event
unc_cha_tor_inserts.ia_miss_drd_cxl_acc	excluded	uncore event
unc_cha_tor_inserts.ia_miss_drd_cxl_acc_local	excluded	uncore event
unc_cha_tor_inserts.ia_miss_drd_cxl_exp_local	excluded	uncore event
unc_cha_tor_inserts.ia_miss_drd_ddr	excluded	uncore event
unc_cha_tor_inserts.ia_miss_drd_local	excluded	uncore event
unc_cha_tor_inserts.ia_miss_drd_local_ddr	excluded	uncore event
unc_cha_tor_inserts.ia_miss_drd_local_pmm	excluded	uncore event
unc_cha_tor_inserts.ia_miss_drd_opt	excluded	uncore event
unc_cha_tor_inserts.ia_miss_drd_opt_cxl_acc_local	excluded	uncore event
unc_cha_tor_inserts.ia_miss_drd_opt_pref	excluded	uncore event
unc_cha_tor_inserts.ia_miss_drd_opt_pref_cxl_acc_local	excluded	uncore event
unc_cha_tor_inserts.ia_miss_drd_pmm	excluded	uncore event
unc_cha_tor_inserts.ia_miss_drd_pref	excluded	uncore event
unc_cha_tor_inserts.ia_miss_drd_pref_cxl_acc	excluded	uncore event
unc_cha_tor_inserts.ia_miss_drd_pref_cxl_acc_local	excluded	uncore event
unc_cha_tor_inserts.ia_miss_drd_pref_cxl_exp_local	excluded	uncore event
unc_cha_tor_inserts.ia_miss_drd_pref_ddr	excluded	uncore event
unc_cha_tor_inserts.ia_miss_drd_pref_local	excluded	uncore event
unc_cha_tor_inserts.ia_miss_drd_pref_local_ddr	excluded	uncore event
unc_cha_tor_inserts.ia_miss_drd_pref_local_pmm	excluded	uncore event
unc_cha_tor_inserts.ia_miss_drd_pref_pmm	excluded	uncore event
unc_cha_tor_inserts.ia_miss_drd_pref_remote	excluded	uncore event
unc_cha_tor_inserts.ia_miss_drd_pref_remote_ddr	excluded	uncore event
unc_cha_tor_inserts.ia_miss_drd_pref_remote_pmm	excluded	uncore event
unc_cha_tor_inserts.ia_miss_drd_remote	excluded	uncore event
unc_cha_tor_inserts.ia_miss_drd_remote_ddr	excluded	uncore event
unc_cha_tor_inserts.ia_miss_drd_remote_pmm	excluded	uncore event
unc_cha_tor_inserts.ia_miss_drdmorph_cxl_acc	excluded	uncore event
unc_cha_tor_inserts.ia_miss_drdpte	excluded	uncore event
unc_cha_tor_inserts.ia_miss_itom	excluded	uncore event
unc_cha_tor_inserts.ia_miss_llcprefcode	excluded	uncore event
unc_cha_tor_inserts.ia_miss_llcprefcode_cxl_acc	excluded	uncore event
unc_cha_tor_inserts.ia_miss_llcprefdata	excluded	uncore event
unc_cha_tor_inserts.ia_miss_llcprefdata_cxl_acc	excluded	uncore event
unc_cha_tor_inserts.ia_miss_llcprefdata_cxl_acc_local	excluded	uncore event
unc_cha_tor_inserts.ia_miss_llcprefdata_cxl_exp_local	excluded	uncore event
unc_cha_tor_inserts.ia_miss_llcprefrfo	excluded	uncore event
unc_cha_tor_inserts.ia_miss_llcprefrfo_cxl_acc	excluded	uncore event
unc_cha_tor_inserts.ia_miss_llcprefrfo_cxl_acc_local	excluded	uncore event
unc_cha_tor_inserts.ia_miss_llcprefrfo_cxl_exp_local	excluded	uncore event
unc_cha_tor_inserts.ia_miss_local_wcil_ddr	excluded	uncore event
unc_cha_tor_inserts.ia_miss_local_wcil_pmm	excluded	uncore event
unc_cha_tor_inserts.ia_miss_local_wcilf_ddr	excluded	uncore event
unc_cha_tor_inserts.ia_miss_local_wcilf_pmm	excluded	uncore event
unc_cha_tor_inserts.ia_miss_remote_wcil_ddr	excluded	uncore event
unc_cha_tor_inserts.ia_miss_remote_wcil_pmm	excluded	uncore event
unc_cha_tor_inserts.ia_miss_remote_wcilf_ddr	excluded	uncore event
unc_cha_tor_inserts.ia_miss_remote_wcilf_pmm	excluded	uncore event
unc_cha_tor_inserts.ia_miss_rfo	excluded	uncore event
unc_cha_tor_inserts.ia_miss_rfo_cxl_acc	excluded	uncore event
unc_cha_tor_inserts.ia_miss_rfo_cxl_acc_local	excluded	uncore event
unc_cha_tor_inserts.ia_miss_rfo_cxl_exp_local	excluded	uncore event
unc_cha_tor_inserts.ia_miss_rfo_local	excluded	uncore event
unc_cha_tor_inserts.ia_miss_rfo_pref	excluded	uncore event
unc_cha_tor_inserts.ia_miss_rfo_pref_cxl_acc	excluded	uncore event
unc_cha_tor_inserts.ia_miss_rfo_pref_cxl_acc_local	excluded	uncore event
unc_cha_tor_inserts.ia_miss_rfo_pref_cxl_exp_local	excluded	uncore event
unc_cha_tor_inserts.ia_miss_rfo_pref_local	excluded	uncore event
unc_cha_tor_inserts.ia_miss_rfo_pref_remote	excluded	uncore event
unc_cha_tor_inserts.ia_miss_rfo_remote	excluded	uncore event
unc_cha_tor_inserts.ia_miss_rfomorph_cxl_acc	excluded	uncore event
unc_cha_tor_inserts.ia_miss_ucrdf	excluded	uncore event
unc_cha_tor_inserts.ia_miss_wcil	excluded	uncore event
unc_cha_tor_inserts.ia_miss_wcil_ddr	excluded	uncore event
unc_cha_tor_inserts.ia_miss_wcil_pmm	excluded	uncore event
unc_cha_tor_inserts.ia_miss_wcilf	excluded	uncore event
unc_cha_tor_inserts.ia_miss_wcilf_ddr	excluded	uncore event
unc_cha_tor_inserts.ia_miss_wcilf_pmm	excluded	uncore event
unc_cha_tor_inserts.ia_miss_wil	excluded	uncore event
unc_cha_tor_inserts.ia_rfo	excluded	uncore event
unc_cha_tor_inserts.ia_rfo_pref	excluded	uncore event
unc_cha_tor_inserts.ia_specitom	excluded	uncore event
unc_cha_tor_inserts.ia_wbeftoe	excluded	uncore event
unc_cha_tor_inserts.ia_wbeftoi	excluded	uncore event
unc_cha_tor_inserts.ia_wbmtoe	excluded	uncore event
unc_cha_tor_inserts.ia_wbmtoi	excluded	uncore event
unc_cha_tor_inserts.ia_wbstoi	excluded	uncore event
unc_cha_tor_inserts.ia_wcil	excluded	uncore event
unc_cha_tor_inserts.ia_wcilf	excluded	uncore event
unc_cha_tor_inserts.io	excluded	uncore event
unc_cha_tor_inserts.io_clflush	excluded	uncore event
unc_cha_tor_inserts.io_hit	excluded	uncore event
unc_cha_tor_inserts.io_hit_itom	excluded	uncore event
unc_cha_tor_inserts.io_hit_itomcachenear	excluded	uncore event
unc_cha_tor_inserts.io_hit_pcirdcur	excluded	uncore event
unc_cha_tor_inserts.io_hit_rfo	excluded	uncore event
unc_cha_tor_inserts.io_itom	excluded	uncore event
unc_cha_tor_inserts.io_itom_local	excluded	uncore event
unc_cha_tor_inserts.io_itom_remote	excluded	uncore event
unc_cha_tor_inserts.io_itomcachenear	excluded	uncore event
unc_cha_tor_inserts.io_itomcachenear_local	excluded	uncore event
unc_cha_tor_inserts.io_itomcachenear_remote	excluded	uncore event
unc_cha_tor_inserts.io_miss	excluded	uncore event
unc_cha_tor_inserts.io_miss_itom	excluded	uncore event
unc_cha_tor_inserts.io_miss_itomcachenear	excluded	uncore event
unc_cha_tor_inserts.io_miss_pcirdcur	excluded	uncore event
unc_cha_tor_inserts.io_miss_rfo	excluded	uncore event
unc_cha_tor_inserts.io_pcirdcur	excluded	uncore event
unc_cha_tor_inserts.io_pcirdcur_local	excluded	uncore event
unc_cha_tor_inserts.io_pcirdcur_remote	excluded	uncore event
unc_cha_tor_inserts.io_rfo	excluded	uncore event
unc_cha_tor_inserts.io_wbmtoi	excluded	uncore event
unc_cha_tor_inserts.ipq	excluded	uncore event
unc_cha_tor_inserts.irq_ia	excluded	uncore event
unc_cha_tor_inserts.irq_non_ia	excluded	uncore event
unc_cha_tor_inserts.isoc	excluded	uncore event
unc_cha_tor_inserts.loc_all	excluded	uncore event
unc_cha_tor_inserts.loc_ia	excluded	uncore event
unc_cha_tor_inserts.loc_io	excluded	uncore event
unc_cha_tor_inserts.local_tgt	excluded	uncore event
unc_cha_tor_inserts.match_opc	excluded	uncore event
unc_cha_tor_inserts.miss	excluded	uncore event
unc_cha_tor_inserts.mmcfg	excluded	uncore event
unc_cha_tor_inserts.mmio	excluded	uncore event
unc_cha_tor_inserts.nearmem	excluded	uncore event
unc_cha_tor_inserts.noncoh	excluded	uncore event
unc_cha_tor_inserts.not_nearmem	excluded	uncore event
unc_cha_tor_inserts.pmm	excluded	uncore event
unc_cha_tor_inserts.premorph_opc	excluded	uncore event
unc_cha_tor_inserts.prq_iosf	excluded	uncore event
unc_cha_tor_inserts.prq_non_iosf	excluded	uncore event
unc_cha_tor_inserts.rem_all	excluded	uncore event
unc_cha_tor_inserts.rem_snps	excluded	uncore event
unc_cha_tor_inserts.remote_tgt	excluded	uncore event
unc_cha_tor_inserts.rrq	excluded	uncore event
unc_cha_tor_inserts.rrq_miss_invxtom_cxl_exp_local	excluded	uncore event
unc_cha_tor_inserts.rrq_miss_rdcode_cxl_exp_local	excluded	uncore event
unc_cha_tor_inserts.rrq_miss_rdcur_cxl_exp_local	excluded	uncore event
unc_cha_tor_inserts.rrq_miss_rddata_cxl_exp_local	excluded	uncore event
unc_cha_tor_inserts.rrq_miss_rdinvown_opt_cxl_exp_local	excluded	uncore event
unc_cha_tor_inserts.snps_from_rem	excluded	uncore event
unc_cha_tor_inserts.wbq	excluded	uncore event
unc_cha_tor_occupancy.all	excluded	uncore event
unc_cha_tor_occupancy.ddr	excluded	uncore event
unc_cha_tor_occupancy.evict	excluded	uncore event
unc_cha_tor_occupancy.hit	excluded	uncore event
unc_cha_tor_occupancy.ia	excluded	uncore event
unc_cha_tor_occupancy.ia_clflush	excluded	uncore event
unc_cha_tor_occupancy.ia_clflushopt	excluded	uncore event
unc_cha_tor_occupancy.ia_crd	excluded	uncore event
unc_cha_tor_occupancy.ia_crd_pref	excluded	uncore event
unc_cha_tor_occupancy.ia_drd	excluded	uncore event
unc_cha_tor_occupancy.ia_drd_opt	excluded	uncore event
unc_cha_tor_occupancy.ia_drd_opt_pref	excluded	uncore event
unc_cha_tor_occupancy.ia_drd_pref	excluded	uncore event
unc_cha_tor_occupancy.ia_drdpte	excluded	uncore event
unc_cha_tor_occupancy.ia_hit	excluded	uncore event
unc_cha_tor_occupancy.ia_hit_crd	excluded	uncore event
unc_cha_tor_occupancy.ia_hit_crd_pref	excluded	uncore event
unc_cha_tor_occupancy.ia_hit_cxl_acc	excluded	uncore event
unc_cha_tor_occupancy.ia_hit_cxl_acc_local	excluded	uncore event
unc_cha_tor_occupancy.ia_hit_drd	excluded	uncore event
unc_cha_tor_occupancy.ia_hit_drd_opt	excluded	uncore event
unc_cha_tor_occupancy.ia_hit_drd_opt_pref	excluded	uncore event
unc_cha_tor_occupancy.ia_hit_drd_pref	excluded	uncore event
unc_cha_tor_occupancy.ia_hit_drdpte	excluded	uncore event
unc_cha_tor_occupancy.ia_hit_itom	excluded	uncore event
unc_cha_tor_occupancy.ia_hit_llcprefcode	excluded	uncore event
unc_cha_tor_occupancy.ia_hit_llcprefdata	excluded	uncore event
unc_cha_tor_occupancy.ia_hit_llcprefrfo	excluded	uncore event
unc_cha_tor_occupancy.ia_hit_rfo	excluded	uncore event
unc_cha_tor_occupancy.ia_hit_rfo_pref	excluded	uncore event
unc_cha_tor_occupancy.ia_itom	excluded	uncore event
unc_cha_tor_occupancy.ia_itomcachenear	excluded	uncore event
unc_cha_tor_occupancy.ia_llcprefcode	excluded	uncore event
unc_cha_tor_occupancy.ia_llcprefdata	excluded	uncore event
unc_cha_tor_occupancy.ia_llcprefrfo	excluded	uncore event
unc_cha_tor_occupancy.ia_miss	excluded	uncore event
unc_cha_tor_occupancy.ia_miss_crd	excluded	uncore event
unc_cha_tor_occupancy.ia_miss_crd_local	excluded	uncore event
unc_cha_tor_occupancy.ia_miss_crd_pref	excluded	uncore event
unc_cha_tor_occupancy.ia_miss_crd_pref_local	excluded	uncore event
unc_cha_tor_occupancy.ia_miss_crd_pref_remote	excluded	uncore event
unc_cha_tor_occupancy.ia_miss_crd_remote	excluded	uncore event
unc_cha_tor_occupancy.ia_miss_crdmorph_cxl_acc	excluded	uncore event
unc_cha_tor_occupancy.ia_miss_cxl_acc	excluded	uncore event
unc_cha_tor_occupancy.ia_miss_cxl_acc_local	excluded	uncore event
unc_cha_tor_occupancy.ia_miss_drd	excluded	uncore event
unc_cha_tor_occupancy.ia_miss_drd_cxl_acc	excluded	uncore event
unc_cha_tor_occupancy.ia_miss_drd_cxl_acc_local	excluded	uncore event
unc_cha_tor_occupancy.ia_miss_drd_cxl_exp_local	excluded	uncore event
unc_cha_tor_occupancy.ia_miss_drd_ddr	excluded	uncore event
unc_cha_tor_occupancy.ia_miss_drd_local	excluded	uncore event
unc_cha_tor_occupancy.ia_miss_drd_local_ddr	excluded	uncore event
unc_cha_tor_occupancy.ia_miss_drd_local_pmm	excluded	uncore event
unc_cha_tor_occupancy.ia_miss_drd_opt	excluded	uncore event
unc_cha_tor_occupancy.ia_miss_drd_opt_cxl_acc_local	excluded	uncore event
unc_cha_tor_occupancy.ia_miss_drd_opt_pref	excluded	uncore event
unc_cha_tor_occupancy.ia_miss_drd_opt_pref_cxl_acc_local	excluded	uncore event
unc_cha_tor_occupancy.ia_miss_drd_pmm	excluded	uncore event
unc_cha_tor_occupancy.ia_miss_drd_pref	excluded	uncore event
unc_cha_tor_occupancy.ia_miss_drd_pref_cxl_acc	excluded	uncore event
unc_cha_tor_occupancy.ia_miss_drd_pref_cxl_acc_local	excluded	uncore event
unc_cha_tor_occupancy.ia_miss_drd_pref_cxl_exp_local	excluded	uncore event
unc_cha_tor_occupancy.ia_miss_drd_pref_ddr	excluded	uncore event
unc_cha_tor_occupancy.ia_miss_drd_pref_local	excluded	uncore event
unc_cha_tor_occupancy.ia_miss_drd_pref_local_ddr	excluded	uncore event
unc_cha_tor_occupancy.ia_miss_drd_pref_local_pmm	excluded	uncore event
unc_cha_tor_occupancy.ia_miss_drd_pref_pmm	excluded	uncore event
unc_cha_tor_occupancy.ia_miss_drd_pref_remote	excluded	uncore event
unc_cha_tor_occupancy.ia_miss_drd_pref_remote_ddr	excluded	uncore event
unc_cha_tor_occupancy.ia_miss_drd_pref_remote_pmm	excluded	uncore event
unc_cha_tor_occupancy.ia_miss_drd_remote	excluded	uncore event
unc_cha_tor_occupancy.ia_miss_drd_remote_ddr	excluded	uncore event
unc_cha_tor_occupancy.ia_miss_drd_remote_pmm	excluded	uncore event
unc_cha_tor_occupancy.ia_miss_drdmorph_cxl_acc	excluded	uncore event
unc_cha_tor_occupancy.ia_miss_drdpte	excluded	uncore event
unc_cha_tor_occupancy.ia_miss_itom	excluded	uncore event
unc_cha_tor_occupancy.ia_miss_llcprefcode	excluded	uncore event
unc_cha_tor_occupancy.ia_miss_llcprefcode_cxl_acc	excluded	uncore event
unc_cha_tor_occupancy.ia_miss_llcprefdata	excluded	uncore event
unc_cha_tor_occupancy.ia_miss_llcprefdata_cxl_acc	excluded	uncore event
unc_cha_tor_occupancy.ia_miss_llcprefdata_cxl_acc_local	excluded	uncore event
unc_cha_tor_occupancy.ia_miss_llcprefdata_cxl_exp_local	excluded	uncore event
unc_cha_tor_occupancy.ia_miss_llcprefrfo	excluded	uncore event
unc_cha_tor_occupancy.ia_miss_llcprefrfo_cxl_acc	excluded	uncore event
unc_cha_tor_occupancy.ia_miss_llcprefrfo_cxl_acc_local	excluded	uncore event
unc_cha_tor_occupancy.ia_miss_llcprefrfo_cxl_exp_local	excluded	uncore event
unc_cha_tor_occupancy.ia_miss_local_wcil_ddr	excluded	uncore event
unc_cha_tor_occupancy.ia_miss_local_wcil_pmm	excluded	uncore event
unc_cha_tor_occupancy.ia_miss_local_wcilf_ddr	excluded	uncore event
unc_cha_tor_occupancy.ia_miss_local_wcilf_pmm	excluded	uncore event
unc_cha_tor_occupancy.ia_miss_remote_wcil_ddr	excluded	uncore event
unc_cha_tor_occupancy.ia_miss_remote_wcil_pmm	excluded	uncore event
unc_cha_tor_occupancy.ia_miss_remote_wcilf_ddr	excluded	uncore event
unc_cha_tor_occupancy.ia_miss_remote_wcilf_pmm	excluded	uncore event
unc_cha_tor_occupancy.ia_miss_rfo	excluded	uncore event
unc_cha_tor_occupancy.ia_miss_rfo_cxl_acc	excluded	uncore event
unc_cha_tor_occupancy.ia_miss_rfo_cxl_acc_local	excluded	uncore event
unc_cha_tor_occupancy.ia_miss_rfo_cxl_exp_local	excluded	uncore event
unc_cha_tor_occupancy.ia_miss_rfo_local	excluded	uncore event
unc_cha_tor_occupancy.ia_miss_rfo_pref	excluded	uncore event
unc_cha_tor_occupancy.ia_miss_rfo_pref_cxl_acc	excluded	uncore event
unc_cha_tor_occupancy.ia_miss_rfo_pref_cxl_acc_local	excluded	uncore event
unc_cha_tor_occupancy.ia_miss_rfo_pref_cxl_exp_local	excluded	uncore event
unc_cha_tor_occupancy.ia_miss_rfo_pref_local	excluded	uncore event
unc_cha_tor_occupancy.ia_miss_rfo_pref_remote	excluded	uncore event
unc_cha_tor_occupancy.ia_miss_rfo_remote	excluded	uncore event
unc_cha_tor_occupancy.ia_miss_rfomorph_cxl_acc	excluded	uncore event
unc_cha_tor_occupancy.ia_miss_ucrdf	excluded	uncore event
unc_cha_tor_occupancy.ia_miss_wcil	excluded	uncore event
unc_cha_tor_occupancy.ia_miss_wcil_ddr	excluded	uncore event
unc_cha_tor_occupancy.ia_miss_wcil_pmm	excluded	uncore event
unc_cha_tor_occupancy.ia_miss_wcilf	excluded	uncore event
unc_cha_tor_occupancy.ia_miss_wcilf_ddr	excluded	uncore event
unc_cha_tor_occupancy.ia_miss_wcilf_pmm	excluded	uncore event
unc_cha_tor_occupancy.ia_miss_wil	excluded	uncore event
unc_cha_tor_occupancy.ia_rfo	excluded	uncore event
unc_cha_tor_occupancy.ia_rfo_pref	excluded	uncore event
unc_cha_tor_occupancy.ia_specitom	excluded	uncore event
unc_cha_tor_occupancy.ia_wbmtoi	excluded	uncore event
unc_cha_tor_occupancy.ia_wcil	excluded	uncore event
unc_cha_tor_occupancy.ia_wcilf	excluded	uncore event
unc_cha_tor_occupancy.io	excluded	uncore event
unc_cha_tor_occupancy.io_clflush	excluded	uncore event
unc_cha_tor_occupancy.io_hit	excluded	uncore event
unc_cha_tor_occupancy.io_hit_itom	excluded	uncore event
unc_cha_tor_occupancy.io_hit_itomcachenear	excluded	uncore event
unc_cha_tor_occupancy.io_hit_pcirdcur	excluded	uncore event
unc_cha_tor_occupancy.io_hit_rfo	excluded	uncore event
unc_cha_tor_occupancy.io_itom	excluded	uncore event
unc_cha_tor_occupancy.io_itomcachenear	excluded	uncore event
unc_cha_tor_occupancy.io_miss	excluded	uncore event
unc_cha_tor_occupancy.io_miss_itom	excluded	uncore event
unc_cha_tor_occupancy.io_miss_itom_local	excluded	uncore event
unc_cha_tor_occupancy.io_miss_itom_remote	excluded	uncore event
unc_cha_tor_occupancy.io_miss_itomcachenear	excluded	uncore event
unc_cha_tor_occupancy.io_miss_itomcachenear_local	excluded	uncore event
unc_cha_tor_occupancy.io_miss_itomcachenear_remote	excluded	uncore event
unc_cha_tor_occupancy.io_miss_pcirdcur	excluded	uncore event
unc_cha_tor_occupancy.io_miss_pcirdcur_local	excluded	uncore event
unc_cha_tor_occupancy.io_miss_pcirdcur_remote	excluded	uncore event
unc_cha_tor_occupancy.io_miss_rfo	excluded	uncore event
unc_cha_tor_occupancy.io_pcirdcur	excluded	uncore event
unc_cha_tor_occupancy.io_rfo	excluded	uncore event
unc_cha_tor_occupancy.io_wbmtoi	excluded	uncore event
unc_cha_tor_occupancy.ipq	excluded	uncore event
unc_cha_tor_occupancy.irq_ia	excluded	uncore event
unc_cha_tor_occupancy.irq_non_ia	excluded	uncore event
unc_cha_tor_occupancy.isoc	excluded	uncore event
unc_cha_tor_occupancy.loc_all	excluded	uncore event
unc_cha_tor_occupancy.loc_ia	excluded	uncore event
unc_cha_tor_occupancy.loc_io	excluded	uncore event
unc_cha_tor_occupancy.local_tgt	excluded	uncore event
unc_cha_tor_occupancy.match_opc	excluded	uncore event
unc_cha_tor_occupancy.miss	excluded	uncore event
unc_cha_tor_occupancy.mmcfg	excluded	uncore event
unc_cha_tor_occupancy.mmio	excluded	uncore event
unc_cha_tor_occupancy.nearmem	excluded	uncore event
unc_cha_tor_occupancy.noncoh	excluded	uncore event
unc_cha_tor_occupancy.not_nearmem	excluded	uncore event
unc_cha_tor_occupancy.pmm	excluded	uncore event
unc_cha_tor_occupancy.premorph_opc	excluded	uncore event
unc_cha_tor_occupancy.prq	excluded	uncore event
unc_cha_tor_occupancy.prq_non_iosf	excluded	uncore event
unc_cha_tor_occupancy.rem_all	excluded	uncore event
unc_cha_tor_occupancy.rem_snps	excluded	uncore event
unc_cha_tor_occupancy.remote_tgt	excluded	uncore event
unc_cha_tor_occupancy.rrq	excluded	uncore event
unc_cha_tor_occupancy.rrq_miss_invxtom_cxl_exp_local	excluded	uncore event
unc_cha_tor_occupancy.rrq_miss_rdcode_cxl_exp_local	excluded	uncore event
unc_cha_tor_occupancy.rrq_miss_rdcur_cxl_exp_local	excluded	uncore event
unc_cha_tor_occupancy.rrq_miss_rddata_cxl_exp_local	excluded	uncore event
unc_cha_tor_occupancy.rrq_miss_rdinvown_opt_cxl_exp_local	excluded	uncore event
unc_cha_tor_occupancy.snps_from_rem	excluded	uncore event
unc_cha_tor_occupancy.wbq	excluded	uncore event
unc_cha_wb_push_mtoi.llc	excluded	uncore event
unc_cha_wb_push_mtoi.mem	excluded	uncore event
unc_cha_write_no_credits.mc0	excluded	uncore event
unc_cha_write_no_credits.mc1	excluded	uncore event
unc_cha_write_no_credits.mc2	excluded	uncore event
unc_cha_write_no_credits.mc3	excluded	uncore event
unc_cha_write_no_credits.mc4	excluded	uncore event
unc_cha_write_no_credits.mc5	excluded	uncore event
unc_cha_xpt_pref.drop0_conflict	excluded	uncore event
unc_cha_xpt_pref.drop0_nocrd	excluded	uncore event
unc_cha_xpt_pref.drop1_conflict	excluded	uncore event
unc_cha_xpt_pref.drop1_nocrd	excluded	uncore event
unc_cha_xpt_pref.sent0	excluded	uncore event
unc_cha_xpt_pref.sent1	excluded	uncore event
unc_i_cache_total_occupancy.mem	excluded	uncore event
unc_i_clockticks	excluded	uncore event
unc_i_faf_full	excluded	uncore event
unc_i_faf_inserts	excluded	uncore event
unc_i_faf_occupancy	excluded	uncore event
unc_i_faf_transactions	excluded	uncore event
unc_i_irp_all.evicts	excluded	uncore event
unc_i_irp_all.inbound_inserts	excluded	uncore event
unc_i_irp_all.outbound_inserts	excluded	uncore event
unc_i_misc0.2nd_atomic_insert	excluded	uncore event
unc_i_misc0.2nd_rd_insert	excluded	uncore event
unc_i_misc0.2nd_wr_insert	excluded	uncore event
unc_i_misc0.fast_rej	excluded	uncore event
unc_i_misc0.fast_req	excluded	uncore event
unc_i_misc0.fast_xfer	excluded	uncore event
unc_i_misc0.pf_ack_hint	excluded	uncore event
unc_i_misc0.slowpath_fwpf_no_prf	excluded	uncore event
unc_i_misc1.lost_fwd	excluded	uncore event
unc_i_misc1.sec_rcvd_invld	excluded	uncore event
unc_i_misc1.sec_rcvd_vld	excluded	uncore event
unc_i_misc1.slow_e	excluded	uncore event
unc_i_misc1.slow_i	excluded	uncore event
unc_i_misc1.slow_m	excluded	uncore event
unc_i_misc1.slow_s	excluded	uncore event
unc_i_snoop_resp.all_hit	excluded	uncore event
unc_i_snoop_resp.all_hit_es	excluded	uncore event
unc_i_snoop_resp.all_hit_i	excluded	uncore event
unc_i_snoop_resp.all_hit_m	excluded	uncore event
unc_i_snoop_resp.all_miss	excluded	uncore event
unc_i_snoop_resp.hit_es	excluded	uncore event
unc_i_snoop_resp.hit_i	excluded	uncore event
unc_i_snoop_resp.hit_m	excluded	uncore event
unc_i_snoop_resp.miss	excluded	uncore event
unc_i_snoop_resp.snpcode	excluded	uncore event
unc_i_snoop_resp.snpdata	excluded	uncore event
unc_i_snoop_resp.snpinv	excluded	uncore event
unc_i_transactions.wr_pref	excluded	uncore event
unc_i_txc_ak_inserts	excluded	uncore event
unc_i_txc_bl_drs_cycles_full	excluded	uncore event
unc_i_txc_bl_drs_inserts	excluded	uncore event
unc_i_txc_bl_drs_occupancy	excluded	uncore event
unc_i_txc_bl_ncb_cycles_full	excluded	uncore event
unc_i_txc_bl_ncb_inserts	excluded	uncore event
unc_i_txc_bl_ncb_occupancy	excluded	uncore event
unc_i_txc_bl_ncs_cycles_full	excluded	uncore event
unc_i_txc_bl_ncs_inserts	excluded	uncore event
unc_i_txc_bl_ncs_occupancy	excluded	uncore event
unc_i_txr2_ad01_stall_credit_cycles	excluded	uncore event
unc_i_txr2_ad0_stall_credit_cycles	excluded	uncore event
unc_i_txr2_ad1_stall_credit_cycles	excluded	uncore event
unc_i_txr2_bl_stall_credit_cycles	excluded	uncore event
unc_i_txs_data_inserts_ncb	excluded	uncore event
unc_i_txs_data_inserts_ncs	excluded	uncore event
unc_i_txs_request_occupancy	excluded	uncore event
unc_m2m_clockticks	excluded	uncore event
unc_m2m_cms_clockticks	excluded	uncore event
unc_m2m_direct2core_not_taken_dirstate	excluded	uncore event
unc_m2m_direct2core_not_taken_dirstate.non_cisgress	excluded	uncore event
unc_m2m_direct2core_not_taken_notforked	excluded	uncore event
unc_m2m_direct2core_txn_override	excluded	uncore event
unc_m2m_direct2core_txn_override.cisgress	excluded	uncore event
unc_m2m_direct2core_txn_override.pmm_hit	excluded	uncore event
unc_m2m_direct2upi_not_taken_credits	excluded	uncore event
unc_m2m_direct2upi_not_taken_dirstate	excluded	uncore event
unc_m2m_direct2upi_not_taken_dirstate.cisgress	excluded	uncore event
unc_m2m_direct2upi_not_taken_dirstate.egress	excluded	uncore event
unc_m2m_direct2upi_not_taken_dirstate.non_cisgress	excluded	uncore event
unc_m2m_direct2upi_taken	excluded	uncore event
unc_m2m_direct2upi_txn_override	excluded	uncore event
unc_m2m_direct2upi_txn_override.cisgress	excluded	uncore event
unc_m2m_direct2upitxn_override.pmm_hit	excluded	uncore event
unc_m2m_directory_hit.clean_a	excluded	uncore event
unc_m2m_directory_hit.clean_i	excluded	uncore event
unc_m2m_directory_hit.clean_p	excluded	uncore event
unc_m2m_directory_hit.clean_s	excluded	uncore event
unc_m2m_directory_hit.dirty_a	excluded	uncore event
unc_m2m_directory_hit.dirty_i	excluded	uncore event
unc_m2m_directory_hit.dirty_p	excluded	uncore event
unc_m2m_directory_hit.dirty_s	excluded	uncore event
unc_m2m_directory_lookup.any	excluded	uncore event
unc_m2m_directory_lookup.state_a	excluded	uncore event
unc_m2m_directory_lookup.state_i	excluded	uncore event
unc_m2m_directory_lookup.state_s	excluded	uncore event
unc_m2m_directory_miss.clean_a	excluded	uncore event
unc_m2m_directory_miss.clean_i	excluded	uncore event
unc_m2m_directory_miss.clean_p	excluded	uncore event
unc_m2m_directory_miss.clean_s	excluded	uncore event
unc_m2m_directory_miss.dirty_a	excluded	uncore event
unc_m2m_directory_miss.dirty_i	excluded	uncore event
unc_m2m_directory_miss.dirty_p	excluded	uncore event
unc_m2m_directory_miss.dirty_s	excluded	uncore event
unc_m2m_directory_update.a2i	excluded	uncore event
unc_m2m_directory_update.a2s	excluded	uncore event
unc_m2m_directory_update.a_to_i_hit_non_pmm	excluded	uncore event
unc_m2m_directory_update.a_to_i_miss_non_pmm	excluded	uncore event
unc_m2m_directory_update.a_to_s_hit_non_pmm	excluded	uncore event
unc_m2m_directory_update.a_to_s_miss_non_pmm	excluded	uncore event
unc_m2m_directory_update.any	excluded	uncore event
unc_m2m_directory_update.hit_non_pmm	excluded	uncore event
unc_m2m_directory_update.i2a	excluded	uncore event
unc_m2m_directory_update.i2s	excluded	uncore event
unc_m2m_directory_update.i_to_a_hit_non_pmm	excluded	uncore event
unc_m2m_directory_update.i_to_a_miss_non_pmm	excluded	uncore event
unc_m2m_directory_update.i_to_s_hit_non_pmm	excluded	uncore event
unc_m2m_directory_update.i_to_s_miss_non_pmm	excluded	uncore event
unc_m2m_directory_update.miss_non_pmm	excluded	uncore event
unc_m2m_directory_update.s2a	excluded	uncore event
unc_m2m_directory_update.s2i	excluded	uncore event
unc_m2m_directory_update.s_to_a_hit_non_pmm	excluded	uncore event
unc_m2m_directory_update.s_to_a_miss_non_pmm	excluded	uncore event
unc_m2m_directory_update.s_to_i_hit_non_pmm	excluded	uncore event
unc_m2m_directory_update.s_to_i_miss_non_pmm	excluded	uncore event
unc_m2m_egress_ordering.iv_snoopgo_dn	excluded	uncore event
unc_m2m_egress_ordering.iv_snoopgo_up	excluded	uncore event
unc_m2m_igr_starve_winner.mask7	excluded	uncore event
unc_m2m_imc_reads.all	excluded	uncore event
unc_m2m_imc_reads.ch0.to_nm1lm	excluded	uncore event
unc_m2m_imc_reads.ch0.to_nmcache	excluded	uncore event
unc_m2m_imc_reads.ch0_all	excluded	uncore event
unc_m2m_imc_reads.ch0_from_tgr	excluded	uncore event
unc_m2m_imc_reads.ch0_isoch	excluded	uncore event
unc_m2m_imc_reads.ch0_normal	excluded	uncore event
unc_m2m_imc_reads.ch0_to_ddr_as_cache	excluded	uncore event
unc_m2m_imc_reads.ch0_to_ddr_as_mem	excluded	uncore event
unc_m2m_imc_reads.ch0_to_pmm	excluded	uncore event
unc_m2m_imc_reads.ch1.to_nm1lm	excluded	uncore event
unc_m2m_imc_reads.ch1.to_nmcache	excluded	uncore event
unc_m2m_imc_reads.ch1_all	excluded	uncore event
unc_m2m_imc_reads.ch1_from_tgr	excluded	uncore event
unc_m2m_imc_reads.ch1_isoch	excluded	uncore event
unc_m2m_imc_reads.ch1_normal	excluded	uncore event
unc_m2m_imc_reads.ch1_to_ddr_as_cache	excluded	uncore event
unc_m2m_imc_reads.ch1_to_ddr_as_mem	excluded	uncore event
unc_m2m_imc_reads.ch1_to_pmm	excluded	uncore event
unc_m2m_imc_reads.from_tgr	excluded	uncore event
unc_m2m_imc_reads.isoch	excluded	uncore event
unc_m2m_imc_reads.normal	excluded	uncore event
unc_m2m_imc_reads.to_ddr_as_cache	excluded	uncore event
unc_m2m_imc_reads.to_ddr_as_mem	excluded	uncore event
unc_m2m_imc_reads.to_nm1lm	excluded	uncore event
unc_m2m_imc_reads.to_nmcache	excluded	uncore event
unc_m2m_imc_reads.to_pmm	excluded	uncore event
unc_m2m_imc_writes.all	excluded	uncore event
unc_m2m_imc_writes.ch0.ni	excluded	uncore event
unc_m2m_imc_writes.ch0_all	excluded	uncore event
unc_m2m_imc_writes.ch0_from_tgr	excluded	uncore event
unc_m2m_imc_writes.ch0_full	excluded	uncore event
unc_m2m_imc_writes.ch0_full_isoch	excluded	uncore event
unc_m2m_imc_writes.ch0_ni	excluded	uncore event
unc_m2m_imc_writes.ch0_ni_miss	excluded	uncore event
unc_m2m_imc_writes.ch0_partial	excluded	uncore event
unc_m2m_imc_writes.ch0_partial_isoch	excluded	uncore event
unc_m2m_imc_writes.ch0_to_ddr_as_cache	excluded	uncore event
unc_m2m_imc_writes.ch0_to_ddr_as_mem	excluded	uncore event
unc_m2m_imc_writes.ch0_to_pmm	excluded	uncore event
unc_m2m_imc_writes.ch1.ni	excluded	uncore event
unc_m2m_imc_writes.ch1_all	excluded	uncore event
unc_m2m_imc_writes.ch1_from_tgr	excluded	uncore event
unc_m2m_imc_writes.ch1_full	excluded	uncore event
unc_m2m_imc_writes.ch1_full_isoch	excluded	uncore event
unc_m2m_imc_writes.ch1_ni	excluded	uncore event
unc_m2m_imc_writes.ch1_ni_miss	excluded	uncore event
unc_m2m_imc_writes.ch1_partial	excluded	uncore event
unc_m2m_imc_writes.ch1_partial_isoch	excluded	uncore event
unc_m2m_imc_writes.ch1_to_ddr_as_cache	excluded	uncore event
unc_m2m_imc_writes.ch1_to_ddr_as_mem	excluded	uncore event
unc_m2m_imc_writes.ch1_to_pmm	excluded	uncore event
unc_m2m_imc_writes.from_tgr	excluded	uncore event
unc_m2m_imc_writes.full	excluded	uncore event
unc_m2m_imc_writes.full_isoch	excluded	uncore event
unc_m2m_imc_writes.ni	excluded	uncore event
unc_m2m_imc_writes.ni_miss	excluded	uncore event
unc_m2m_imc_writes.partial	excluded	uncore event
unc_m2m_imc_writes.partial_isoch	excluded	uncore event
unc_m2m_imc_writes.to_ddr_as_cache	excluded	uncore event
unc_m2m_imc_writes.to_ddr_as_mem	excluded	uncore event
unc_m2m_imc_writes.to_pmm	excluded	uncore event
unc_m2m_prefcam_cis_drops	excluded	uncore event
unc_m2m_prefcam_demand_drops.ch0_upi	excluded	uncore event
unc_m2m_prefcam_demand_drops.ch0_xpt	excluded	uncore event
unc_m2m_prefcam_demand_drops.ch1_upi	excluded	uncore event
unc_m2m_prefcam_demand_drops.ch1_xpt	excluded	uncore event
unc_m2m_prefcam_demand_drops.upi_allch	excluded	uncore event
unc_m2m_prefcam_demand_drops.xpt_allch	excluded	uncore event
unc_m2m_prefcam_demand_merge.upi_allch	excluded	uncore event
unc_m2m_prefcam_demand_merge.xpt_allch	excluded	uncore event
unc_m2m_prefcam_demand_no_merge.rd_merged	excluded	uncore event
unc_m2m_prefcam_demand_no_merge.wr_merged	excluded	uncore event
unc_m2m_prefcam_demand_no_merge.wr_squashed	excluded	uncore event
unc_m2m_prefcam_inserts.ch0_upi	excluded	uncore event
unc_m2m_prefcam_inserts.ch0_xpt	excluded	uncore event
unc_m2m_prefcam_inserts.ch1_upi	excluded	uncore event
unc_m2m_prefcam_inserts.ch1_xpt	excluded	uncore event
unc_m2m_prefcam_inserts.upi_allch	excluded	uncore event
unc_m2m_prefcam_inserts.xpt_allch	excluded	uncore event
unc_m2m_prefcam_occupancy.allch	excluded	uncore event
unc_m2m_prefcam_occupancy.ch0	excluded	uncore event
unc_m2m_prefcam_occupancy.ch1	excluded	uncore event
unc_m2m_prefcam_resp_miss.allch	excluded	uncore event
unc_m2m_prefcam_resp_miss.ch0	excluded	uncore event
unc_m2m_prefcam_resp_miss.ch1	excluded	uncore event
unc_m2m_prefcam_rxc_deallocs.1lm_posted	excluded	uncore event
unc_m2m_prefcam_rxc_deallocs.cis	excluded	uncore event
unc_m2m_prefcam_rxc_deallocs.pmm_memmode_accept	excluded	uncore event
unc_m2m_prefcam_rxc_deallocs.squashed	excluded	uncore event
unc_m2m_prefcam_rxc_occupancy	excluded	uncore event
unc_m2m_rxc_ad_inserts	excluded	uncore event
unc_m2m_rxc_ad_occupancy	excluded	uncore event
unc_m2m_tag_hit.nm_rd_hit_clean	excluded	uncore event
unc_m2m_tag_hit.nm_rd_hit_dirty	excluded	uncore event
unc_m2m_tag_hit.nm_ufill_hit_clean	excluded	uncore event
unc_m2m_tag_hit.nm_ufill_hit_dirty	excluded	uncore event
unc_m2m_tag_miss	excluded	uncore event
unc_m2m_tgr_ad_credits	excluded	uncore event
unc_m2m_tgr_bl_credits	excluded	uncore event
unc_m2m_tracker_inserts.ch0	excluded	uncore event
unc_m2m_tracker_inserts.ch1	excluded	uncore event
unc_m2m_tracker_occupancy.ch0	excluded	uncore event
unc_m2m_tracker_occupancy.ch1	excluded	uncore event
unc_m2m_wpq_flush.ch0	excluded	uncore event
unc_m2m_wpq_flush.ch1	excluded	uncore event
unc_m2m_wpq_no_reg_crd.chn0	excluded	uncore event
unc_m2m_wpq_no_reg_crd.chn1	excluded	uncore event
unc_m2m_wpq_no_spec_crd.chn0	excluded	uncore event
unc_m2m_wpq_no_spec_crd.chn1	excluded	uncore event
unc_m2m_wr_tracker_inserts.ch0	excluded	uncore event
unc_m2m_wr_tracker_inserts.ch1	excluded	uncore event
unc_m2m_wr_tracker_ne.ch0	excluded	uncore event
unc_m2m_wr_tracker_ne.ch1	excluded	uncore event
unc_m2m_wr_tracker_ne.mirr	excluded	uncore event
unc_m2m_wr_tracker_ne.mirr_nontgr	excluded	uncore event
unc_m2m_wr_tracker_ne.mirr_pwr	excluded	uncore event
unc_m2m_wr_tracker_nonposted_inserts.ch0	excluded	uncore event
unc_m2m_wr_tracker_nonposted_inserts.ch1	excluded	uncore event
unc_m2m_wr_tracker_nonposted_occupancy.ch0	excluded	uncore event
unc_m2m_wr_tracker_nonposted_occupancy.ch1	excluded	uncore event
unc_m2m_wr_tracker_posted_inserts.ch0	excluded	uncore event
unc_m2m_wr_tracker_posted_inserts.ch1	excluded	uncore event
unc_m2m_wr_tracker_posted_occupancy.ch0	excluded	uncore event
unc_m2m_wr_tracker_posted_occupancy.ch1	excluded	uncore event
unc_m3upi_cha_ad_credits_empty.req	excluded	uncore event
unc_m3upi_cha_ad_credits_empty.snp	excluded	uncore event
unc_m3upi_cha_ad_credits_empty.vna	excluded	uncore event
unc_m3upi_cha_ad_credits_empty.wb	excluded	uncore event
unc_m3upi_clockticks	excluded	uncore event
unc_m3upi_cms_clockticks	excluded	uncore event
unc_m3upi_d2c_sent	excluded	uncore event
unc_m3upi_d2u_sent	excluded	uncore event
unc_m3upi_egress_ordering.iv_snoopgo_dn	excluded	uncore event
unc_m3upi_egress_ordering.iv_snoopgo_up	excluded	uncore event
unc_m3upi_m2_bl_credits_empty.iio1_ncb	excluded	uncore event
unc_m3upi_m2_bl_credits_empty.iio2_ncb	excluded	uncore event
unc_m3upi_m2_bl_credits_empty.iio3_ncb	excluded	uncore event
unc_m3upi_m2_bl_credits_empty.iio4_ncb	excluded	uncore event
unc_m3upi_m2_bl_credits_empty.iio5_ncb	excluded	uncore event
unc_m3upi_m2_bl_credits_empty.ncs	excluded	uncore event
unc_m3upi_m2_bl_credits_empty.ncs_sel	excluded	uncore event
unc_m3upi_m2_bl_credits_empty.ubox_ncb	excluded	uncore event
unc_m3upi_multi_slot_rcvd.ad_slot0	excluded	uncore event
unc_m3upi_multi_slot_rcvd.ad_slot1	excluded	uncore event
unc_m3upi_multi_slot_rcvd.ad_slot2	excluded	uncore event
unc_m3upi_multi_slot_rcvd.ak_slot0	excluded	uncore event
unc_m3upi_multi_slot_rcvd.ak_slot2	excluded	uncore event
unc_m3upi_multi_slot_rcvd.bl_slot0	excluded	uncore event
unc_m3upi_rxc_arb_lost_vn0.ad_req	excluded	uncore event
unc_m3upi_rxc_arb_lost_vn0.ad_rsp	excluded	uncore event
unc_m3upi_rxc_arb_lost_vn0.ad_snp	excluded	uncore event
unc_m3upi_rxc_arb_lost_vn0.bl_ncb	excluded	uncore event
unc_m3upi_rxc_arb_lost_vn0.bl_ncs	excluded	uncore event
unc_m3upi_rxc_arb_lost_vn0.bl_rsp	excluded	uncore event
unc_m3upi_rxc_arb_lost_vn0.bl_wb	excluded	uncore event
unc_m3upi_rxc_arb_lost_vn1.ad_req	excluded	uncore event
unc_m3upi_rxc_arb_lost_vn1.ad_rsp	excluded	uncore event
unc_m3upi_rxc_arb_lost_vn1.ad_snp	excluded	uncore event
unc_m3upi_rxc_arb_lost_vn1.bl_ncb	excluded	uncore event
unc_m3upi_rxc_arb_lost_vn1.bl_ncs	excluded	uncore event
unc_m3upi_rxc_arb_lost_vn1.bl_rsp	excluded	uncore event
unc_m3upi_rxc_arb_lost_vn1.bl_wb	excluded	uncore event
unc_m3upi_rxc_arb_misc.adbl_parallel_win_vn0	excluded	uncore event
unc_m3upi_rxc_arb_misc.adbl_parallel_win_vn1	excluded	uncore event
unc_m3upi_rxc_arb_misc.all_parallel_win	excluded	uncore event
unc_m3upi_rxc_arb_misc.no_prog_ad_vn0	excluded	uncore event
unc_m3upi_rxc_arb_misc.no_prog_ad_vn1	excluded	uncore event
unc_m3upi_rxc_arb_misc.no_prog_bl_vn0	excluded	uncore event
unc_m3upi_rxc_arb_misc.no_prog_bl_vn1	excluded	uncore event
unc_m3upi_rxc_arb_misc.vn01_parallel_win	excluded	uncore event
unc_m3upi_rxc_arb_nocrd_vn0.ad_req	excluded	uncore event
unc_m3upi_rxc_arb_nocrd_vn0.ad_rsp	excluded	uncore event
unc_m3upi_rxc_arb_nocrd_vn0.ad_snp	excluded	uncore event
unc_m3upi_rxc_arb_nocrd_vn0.bl_ncb	excluded	uncore event
unc_m3upi_rxc_arb_nocrd_vn0.bl_ncs	excluded	uncore event
unc_m3upi_rxc_arb_nocrd_vn0.bl_rsp	excluded	uncore event
unc_m3upi_rxc_arb_nocrd_vn0.bl_wb	excluded	uncore event
unc_m3upi_rxc_arb_nocrd_vn1.ad_req	excluded	uncore event
unc_m3upi_rxc_arb_nocrd_vn1.ad_rsp	excluded	uncore event
unc_m3upi_rxc_arb_nocrd_vn1.ad_snp	excluded	uncore event
unc_m3upi_rxc_arb_nocrd_vn1.bl_ncb	excluded	uncore event
unc_m3upi_rxc_arb_nocrd_vn1.bl_ncs	excluded	uncore event
unc_m3upi_rxc_arb_nocrd_vn1.bl_rsp	excluded	uncore event
unc_m3upi_rxc_arb_nocrd_vn1.bl_wb	excluded	uncore event
unc_m3upi_rxc_arb_noreq_vn0.ad_req	excluded	uncore event
unc_m3upi_rxc_arb_noreq_vn0.ad_rsp	excluded	uncore event
unc_m3upi_rxc_arb_noreq_vn0.ad_snp	excluded	uncore event
unc_m3upi_rxc_arb_noreq_vn0.bl_ncb	excluded	uncore event
unc_m3upi_rxc_arb_noreq_vn0.bl_ncs	excluded	uncore event
unc_m3upi_rxc_arb_noreq_vn0.bl_rsp	excluded	uncore event
unc_m3upi_rxc_arb_noreq_vn0.bl_wb	excluded	uncore event
unc_m3upi_rxc_arb_noreq_vn1.ad_req	excluded	uncore event
unc_m3upi_rxc_arb_noreq_vn1.ad_rsp	excluded	uncore event
unc_m3upi_rxc_arb_noreq_vn1.ad_snp	excluded	uncore event
unc_m3upi_rxc_arb_noreq_vn1.bl_ncb	excluded	uncore event
unc_m3upi_rxc_arb_noreq_vn1.bl_ncs	excluded	uncore event
unc_m3upi_rxc_arb_noreq_vn1.bl_rsp	excluded	uncore event
unc_m3upi_rxc_arb_noreq_vn1.bl_wb	excluded	uncore event
unc_m3upi_rxc_bypassed.ad_s0_bl_arb	excluded	uncore event
unc_m3upi_rxc_bypassed.ad_s0_idle	excluded	uncore event
unc_m3upi_rxc_bypassed.ad_s1_bl_slot	excluded	uncore event
unc_m3upi_rxc_bypassed.ad_s2_bl_slot	excluded	uncore event
unc_m3upi_rxc_crd_misc.any_bgf_fifo	excluded	uncore event
unc_m3upi_rxc_crd_misc.any_bgf_path	excluded	uncore event
unc_m3upi_rxc_crd_misc.lt1_for_d2k	excluded	uncore event
unc_m3upi_rxc_crd_misc.lt2_for_d2k	excluded	uncore event
unc_m3upi_rxc_crd_misc.vn0_no_d2k_for_arb	excluded	uncore event
unc_m3upi_rxc_crd_misc.vn1_no_d2k_for_arb	excluded	uncore event
unc_m3upi_rxc_crd_occ.consumed	excluded	uncore event
unc_m3upi_rxc_crd_occ.d2k_crd	excluded	uncore event
unc_m3upi_rxc_crd_occ.flits_in_fifo	excluded	uncore event
unc_m3upi_rxc_crd_occ.flits_in_path	excluded	uncore event
unc_m3upi_rxc_crd_occ.p1p_fifo	excluded	uncore event
unc_m3upi_rxc_crd_occ.p1p_total	excluded	uncore event
unc_m3upi_rxc_crd_occ.txq_crd	excluded	uncore event
unc_m3upi_rxc_crd_occ.vna_in_use	excluded	uncore event
unc_m3upi_rxc_cycles_ne_vn0.ad_req	excluded	uncore event
unc_m3upi_rxc_cycles_ne_vn0.ad_rsp	excluded	uncore event
unc_m3upi_rxc_cycles_ne_vn0.ad_snp	excluded	uncore event
unc_m3upi_rxc_cycles_ne_vn0.bl_ncb	excluded	uncore event
unc_m3upi_rxc_cycles_ne_vn0.bl_ncs	excluded	uncore event
unc_m3upi_rxc_cycles_ne_vn0.bl_rsp	excluded	uncore event
unc_m3upi_rxc_cycles_ne_vn0.bl_wb	excluded	uncore event
unc_m3upi_rxc_data_flits_not_sent.all	excluded	uncore event
unc_m3upi_rxc_data_flits_not_sent.no_bgf	excluded	uncore event
unc_m3upi_rxc_data_flits_not_sent.no_txq	excluded	uncore event
unc_m3upi_rxc_data_flits_not_sent.tsv_hi	excluded	uncore event
unc_m3upi_rxc_data_flits_not_sent.valid_for_flit	excluded	uncore event
unc_m3upi_rxc_flit_gen_hdr1.accum	excluded	uncore event
unc_m3upi_rxc_flit_gen_hdr1.accum_read	excluded	uncore event
unc_m3upi_rxc_flit_gen_hdr1.accum_wasted	excluded	uncore event
unc_m3upi_rxc_flit_gen_hdr1.ahead_blocked	excluded	uncore event
unc_m3upi_rxc_flit_gen_hdr1.ahead_msg1_after	excluded	uncore event
unc_m3upi_rxc_flit_gen_hdr1.ahead_msg1_during	excluded	uncore event
unc_m3upi_rxc_flit_gen_hdr1.ahead_msg2_after	excluded	uncore event
unc_m3upi_rxc_flit_gen_hdr1.ahead_msg2_sent	excluded	uncore event
unc_m3upi_rxc_flit_gen_hdr2.par	excluded	uncore event
unc_m3upi_rxc_flit_gen_hdr2.par_flit	excluded	uncore event
unc_m3upi_rxc_flit_gen_hdr2.par_msg	excluded	uncore event
unc_m3upi_rxc_flit_gen_hdr2.rmstall	excluded	uncore event
unc_m3upi_rxc_flit_gen_hdr2.rmstall_nomsg	excluded	uncore event
unc_m3upi_rxc_flits_gen_bl.p0_wait	excluded	uncore event
unc_m3upi_rxc_flits_gen_bl.p1_wait	excluded	uncore event
unc_m3upi_rxc_flits_gen_bl.p1p_at_limit	excluded	uncore event
unc_m3upi_rxc_flits_gen_bl.p1p_busy	excluded	uncore event
unc_m3upi_rxc_flits_gen_bl.p1p_fifo_full	excluded	uncore event
unc_m3upi_rxc_flits_gen_bl.p1p_hold_p0	excluded	uncore event
unc_m3upi_rxc_flits_gen_bl.p1p_to_limbo	excluded	uncore event
unc_m3upi_rxc_flits_misc.s2req_in_holdoff	excluded	uncore event
unc_m3upi_rxc_flits_misc.s2req_in_service	excluded	uncore event
unc_m3upi_rxc_flits_misc.s2req_received	excluded	uncore event
unc_m3upi_rxc_flits_misc.s2req_withdrawn	excluded	uncore event
unc_m3upi_rxc_flits_slot_bl.all	excluded	uncore event
unc_m3upi_rxc_flits_slot_bl.need_data	excluded	uncore event
unc_m3upi_rxc_flits_slot_bl.p0_wait	excluded	uncore event
unc_m3upi_rxc_flits_slot_bl.p1_not_req	excluded	uncore event
unc_m3upi_rxc_flits_slot_bl.p1_not_req_but_bubble	excluded	uncore event
unc_m3upi_rxc_flits_slot_bl.p1_not_req_not_avail	excluded	uncore event
unc_m3upi_rxc_flits_slot_bl.p1_wait	excluded	uncore event
unc_m3upi_rxc_hdr_flit_not_sent.all	excluded	uncore event
unc_m3upi_rxc_hdr_flit_not_sent.no_bgf_crd	excluded	uncore event
unc_m3upi_rxc_hdr_flit_not_sent.no_bgf_no_msg	excluded	uncore event
unc_m3upi_rxc_hdr_flit_not_sent.no_txq_crd	excluded	uncore event
unc_m3upi_rxc_hdr_flit_not_sent.no_txq_no_msg	excluded	uncore event
unc_m3upi_rxc_hdr_flit_not_sent.tsv_hi	excluded	uncore event
unc_m3upi_rxc_hdr_flit_not_sent.valid_for_flit	excluded	uncore event
unc_m3upi_rxc_hdr_flits_sent.1_msg	excluded	uncore event
unc_m3upi_rxc_hdr_flits_sent.1_msg_vnx	excluded	uncore event
unc_m3upi_rxc_hdr_flits_sent.2_msgs	excluded	uncore event
unc_m3upi_rxc_hdr_flits_sent.3_msgs	excluded	uncore event
unc_m3upi_rxc_hdr_flits_sent.slots_1	excluded	uncore event
unc_m3upi_rxc_hdr_flits_sent.slots_2	excluded	uncore event
unc_m3upi_rxc_hdr_flits_sent.slots_3	excluded	uncore event
unc_m3upi_rxc_held.cant_slot_ad	excluded	uncore event
unc_m3upi_rxc_held.cant_slot_bl	excluded	uncore event
unc_m3upi_rxc_held.parallel_attempt	excluded	uncore event
unc_m3upi_rxc_held.parallel_success	excluded	uncore event
unc_m3upi_rxc_held.vn0	excluded	uncore event
unc_m3upi_rxc_held.vn1	excluded	uncore event
unc_m3upi_rxc_packing_miss_vn0.ad_req	excluded	uncore event
unc_m3upi_rxc_packing_miss_vn0.ad_rsp	excluded	uncore event
unc_m3upi_rxc_packing_miss_vn0.ad_snp	excluded	uncore event
unc_m3upi_rxc_packing_miss_vn0.bl_ncb	excluded	uncore event
unc_m3upi_rxc_packing_miss_vn0.bl_ncs	excluded	uncore event
unc_m3upi_rxc_packing_miss_vn0.bl_rsp	excluded	uncore event
unc_m3upi_rxc_packing_miss_vn0.bl_wb	excluded	uncore event
unc_m3upi_rxc_packing_miss_vn1.ad_req	excluded	uncore event
unc_m3upi_rxc_packing_miss_vn1.ad_rsp	excluded	uncore event
unc_m3upi_rxc_packing_miss_vn1.ad_snp	excluded	uncore event
unc_m3upi_rxc_packing_miss_vn1.bl_ncb	excluded	uncore event
unc_m3upi_rxc_packing_miss_vn1.bl_ncs	excluded	uncore event
unc_m3upi_rxc_packing_miss_vn1.bl_rsp	excluded	uncore event
unc_m3upi_rxc_packing_miss_vn1.bl_wb	excluded	uncore event
unc_m3upi_rxc_vna_crd.any_in_use	excluded	uncore event
unc_m3upi_rxc_vna_crd.corrected	excluded	uncore event
unc_m3upi_rxc_vna_crd.lt1	excluded	uncore event
unc_m3upi_rxc_vna_crd.lt10	excluded	uncore event
unc_m3upi_rxc_vna_crd.lt4	excluded	uncore event
unc_m3upi_rxc_vna_crd.lt5	excluded	uncore event
unc_m3upi_rxc_vna_crd_misc.req_adbl_alloc_l5	excluded	uncore event
unc_m3upi_rxc_vna_crd_misc.req_vn01_alloc_lt10	excluded	uncore event
unc_m3upi_rxc_vna_crd_misc.vn0_just_ad	excluded	uncore event
unc_m3upi_rxc_vna_crd_misc.vn0_just_bl	excluded	uncore event
unc_m3upi_rxc_vna_crd_misc.vn0_only	excluded	uncore event
unc_m3upi_rxc_vna_crd_misc.vn1_just_ad	excluded	uncore event
unc_m3upi_rxc_vna_crd_misc.vn1_just_bl	excluded	uncore event
unc_m3upi_rxc_vna_crd_misc.vn1_only	excluded	uncore event
unc_m3upi_txc_ad_arb_fail.vn0_req	excluded	uncore event
unc_m3upi_txc_ad_arb_fail.vn0_rsp	excluded	uncore event
unc_m3upi_txc_ad_arb_fail.vn0_snp	excluded	uncore event
unc_m3upi_txc_ad_arb_fail.vn0_wb	excluded	uncore event
unc_m3upi_txc_ad_arb_fail.vn1_req	excluded	uncore event
unc_m3upi_txc_ad_arb_fail.vn1_rsp	excluded	uncore event
unc_m3upi_txc_ad_arb_fail.vn1_snp	excluded	uncore event
unc_m3upi_txc_ad_arb_fail.vn1_wb	excluded	uncore event
unc_m3upi_txc_ad_flq_bypass	excluded	uncore event
unc_m3upi_txc_ad_flq_bypass.ad_slot0	excluded	uncore event
unc_m3upi_txc_ad_flq_bypass.ad_slot1	excluded	uncore event
unc_m3upi_txc_ad_flq_bypass.ad_slot2	excluded	uncore event
unc_m3upi_txc_ad_flq_bypass.bl_early_rsp	excluded	uncore event
unc_m3upi_txc_ad_flq_cycles_ne.vn0_req	excluded	uncore event
unc_m3upi_txc_ad_flq_cycles_ne.vn0_rsp	excluded	uncore event
unc_m3upi_txc_ad_flq_cycles_ne.vn0_snp	excluded	uncore event
unc_m3upi_txc_ad_flq_cycles_ne.vn0_wb	excluded	uncore event
unc_m3upi_txc_ad_flq_cycles_ne.vn1_req	excluded	uncore event
unc_m3upi_txc_ad_flq_cycles_ne.vn1_rsp	excluded	uncore event
unc_m3upi_txc_ad_flq_cycles_ne.vn1_snp	excluded	uncore event
unc_m3upi_txc_ad_flq_cycles_ne.vn1_wb	excluded	uncore event
unc_m3upi_txc_ad_flq_inserts.vn0_req	excluded	uncore event
unc_m3upi_txc_ad_flq_inserts.vn0_rsp	excluded	uncore event
unc_m3upi_txc_ad_flq_inserts.vn0_snp	excluded	uncore event
unc_m3upi_txc_ad_flq_inserts.vn0_wb	excluded	uncore event
unc_m3upi_txc_ad_flq_inserts.vn1_req	excluded	uncore event
unc_m3upi_txc_ad_flq_inserts.vn1_rsp	excluded	uncore event
unc_m3upi_txc_ad_flq_inserts.vn1_snp	excluded	uncore event
unc_m3upi_txc_ad_flq_occupancy.vn0_req	excluded	uncore event
unc_m3upi_txc_ad_flq_occupancy.vn0_rsp	excluded	uncore event
unc_m3upi_txc_ad_flq_occupancy.vn0_snp	excluded	uncore event
unc_m3upi_txc_ad_flq_occupancy.vn0_wb	excluded	uncore event
unc_m3upi_txc_ad_flq_occupancy.vn1_req	excluded	uncore event
unc_m3upi_txc_ad_flq_occupancy.vn1_rsp	excluded	uncore event
unc_m3upi_txc_ad_flq_occupancy.vn1_snp	excluded	uncore event
unc_m3upi_txc_ak_flq_inserts	excluded	uncore event
unc_m3upi_txc_ak_flq_occupancy	excluded	uncore event
unc_m3upi_txc_bl_arb_fail.vn0_ncb	excluded	uncore event
unc_m3upi_txc_bl_arb_fail.vn0_ncs	excluded	uncore event
unc_m3upi_txc_bl_arb_fail.vn0_rsp	excluded	uncore event
unc_m3upi_txc_bl_arb_fail.vn0_wb	excluded	uncore event
unc_m3upi_txc_bl_arb_fail.vn1_ncb	excluded	uncore event
unc_m3upi_txc_bl_arb_fail.vn1_ncs	excluded	uncore event
unc_m3upi_txc_bl_arb_fail.vn1_rsp	excluded	uncore event
unc_m3upi_txc_bl_arb_fail.vn1_wb	excluded	uncore event
unc_m3upi_txc_bl_flq_cycles_ne.vn0_req	excluded	uncore event
unc_m3upi_txc_bl_flq_cycles_ne.vn0_rsp	excluded	uncore event
unc_m3upi_txc_bl_flq_cycles_ne.vn0_snp	excluded	uncore event
unc_m3upi_txc_bl_flq_cycles_ne.vn0_wb	excluded	uncore event
unc_m3upi_txc_bl_flq_cycles_ne.vn1_req	excluded	uncore event
unc_m3upi_txc_bl_flq_cycles_ne.vn1_rsp	excluded	uncore event
unc_m3upi_txc_bl_flq_cycles_ne.vn1_snp	excluded	uncore event
unc_m3upi_txc_bl_flq_cycles_ne.vn1_wb	excluded	uncore event
unc_m3upi_txc_bl_flq_inserts.vn0_ncb	excluded	uncore event
unc_m3upi_txc_bl_flq_inserts.vn0_ncs	excluded	uncore event
unc_m3upi_txc_bl_flq_inserts.vn0_rsp	excluded	uncore event
unc_m3upi_txc_bl_flq_inserts.vn0_wb	excluded	uncore event
unc_m3upi_txc_bl_flq_inserts.vn1_ncb	excluded	uncore event
unc_m3upi_txc_bl_flq_inserts.vn1_ncs	excluded	uncore event
unc_m3upi_txc_bl_flq_inserts.vn1_rsp	excluded	uncore event
unc_m3upi_txc_bl_flq_inserts.vn1_wb	excluded	uncore event
unc_m3upi_txc_bl_flq_occupancy.vn0_ncb	excluded	uncore event
unc_m3upi_txc_bl_flq_occupancy.vn0_ncs	excluded	uncore event
unc_m3upi_txc_bl_flq_occupancy.vn0_rsp	excluded	uncore event
unc_m3upi_txc_bl_flq_occupancy.vn0_wb	excluded	uncore event
unc_m3upi_txc_bl_flq_occupancy.vn1_ncb	excluded	uncore event
unc_m3upi_txc_bl_flq_occupancy.vn1_ncs	excluded	uncore event
unc_m3upi_txc_bl_flq_occupancy.vn1_rsp	excluded	uncore event
unc_m3upi_txc_bl_flq_occupancy.vn1_wb	excluded	uncore event
unc_m3upi_txc_bl_wb_flq_occupancy.vn0_local	excluded	uncore event
unc_m3upi_txc_bl_wb_flq_occupancy.vn0_through	excluded	uncore event
unc_m3upi_txc_bl_wb_flq_occupancy.vn0_wrpull	excluded	uncore event
unc_m3upi_txc_bl_wb_flq_occupancy.vn1_local	excluded	uncore event
unc_m3upi_txc_bl_wb_flq_occupancy.vn1_through	excluded	uncore event
unc_m3upi_txc_bl_wb_flq_occupancy.vn1_wrpull	excluded	uncore event
unc_m3upi_upi_peer_ad_credits_empty.vn0_req	excluded	uncore event
unc_m3upi_upi_peer_ad_credits_empty.vn0_rsp	excluded	uncore event
unc_m3upi_upi_peer_ad_credits_empty.vn0_snp	excluded	uncore event
unc_m3upi_upi_peer_ad_credits_empty.vn1_req	excluded	uncore event
unc_m3upi_upi_peer_ad_credits_empty.vn1_rsp	excluded	uncore event
unc_m3upi_upi_peer_ad_credits_empty.vn1_snp	excluded	uncore event
unc_m3upi_upi_peer_ad_credits_empty.vna	excluded	uncore event
unc_m3upi_upi_peer_bl_credits_empty.vn0_ncs_ncb	excluded	uncore event
unc_m3upi_upi_peer_bl_credits_empty.vn0_rsp	excluded	uncore event
unc_m3upi_upi_peer_bl_credits_empty.vn0_wb	excluded	uncore event
unc_m3upi_upi_peer_bl_credits_empty.vn1_ncs_ncb	excluded	uncore event
unc_m3upi_upi_peer_bl_credits_empty.vn1_rsp	excluded	uncore event
unc_m3upi_upi_peer_bl_credits_empty.vn1_wb	excluded	uncore event
unc_m3upi_upi_peer_bl_credits_empty.vna	excluded	uncore event
unc_m3upi_upi_prefetch_spawn	excluded	uncore event
unc_m3upi_vn0_credits_used.ncb	excluded	uncore event
unc_m3upi_vn0_credits_used.ncs	excluded	uncore event
unc_m3upi_vn0_credits_used.req	excluded	uncore event
unc_m3upi_vn0_credits_used.rsp	excluded	uncore event
unc_m3upi_vn0_credits_used.snp	excluded	uncore event
unc_m3upi_vn0_credits_used.wb	excluded	uncore event
unc_m3upi_vn0_no_credits.ncb	excluded	uncore event
unc_m3upi_vn0_no_credits.ncs	excluded	uncore event
unc_m3upi_vn0_no_credits.req	excluded	uncore event
unc_m3upi_vn0_no_credits.rsp	excluded	uncore event
unc_m3upi_vn0_no_credits.snp	excluded	uncore event
unc_m3upi_vn0_no_credits.wb	excluded	uncore event
unc_m3upi_vn1_credits_used.ncb	excluded	uncore event
unc_m3upi_vn1_credits_used.ncs	excluded	uncore event
unc_m3upi_vn1_credits_used.req	excluded	uncore event
unc_m3upi_vn1_credits_used.rsp	excluded	uncore event
unc_m3upi_vn1_credits_used.snp	excluded	uncore event
unc_m3upi_vn1_credits_used.wb	excluded	uncore event
unc_m3upi_vn1_no_credits.ncb	excluded	uncore event
unc_m3upi_vn1_no_credits.ncs	excluded	uncore event
unc_m3upi_vn1_no_credits.req	excluded	uncore event
unc_m3upi_vn1_no_credits.rsp	excluded	uncore event
unc_m3upi_vn1_no_credits.snp	excluded	uncore event
unc_m3upi_vn1_no_credits.wb	excluded	uncore event
unc_m3upi_wb_occ_compare.bothnonzero_rt_eq_localdest_vn0	excluded	uncore event
unc_m3upi_wb_occ_compare.bothnonzero_rt_eq_localdest_vn1	excluded	uncore event
unc_m3upi_wb_occ_compare.bothnonzero_rt_gt_localdest_vn0	excluded	uncore event
unc_m3upi_wb_occ_compare.bothnonzero_rt_gt_localdest_vn1	excluded	uncore event
unc_m3upi_wb_occ_compare.bothnonzero_rt_lt_localdest_vn0	excluded	uncore event
unc_m3upi_wb_occ_compare.bothnonzero_rt_lt_localdest_vn1	excluded	uncore event
unc_m3upi_wb_occ_compare.rt_eq_localdest_vn0	excluded	uncore event
unc_m3upi_wb_occ_compare.rt_eq_localdest_vn1	excluded	uncore event
unc_m3upi_wb_occ_compare.rt_gt_localdest_vn0	excluded	uncore event
unc_m3upi_wb_occ_compare.rt_gt_localdest_vn1	excluded	uncore event
unc_m3upi_wb_occ_compare.rt_lt_localdest_vn0	excluded	uncore event
unc_m3upi_wb_occ_compare.rt_lt_localdest_vn1	excluded	uncore event
unc_m3upi_wb_pending.local_and_rt_vn0	excluded	uncore event
unc_m3upi_wb_pending.local_and_rt_vn1	excluded	uncore event
unc_m3upi_wb_pending.localdest_vn0	excluded	uncore event
unc_m3upi_wb_pending.localdest_vn1	excluded	uncore event
unc_m3upi_wb_pending.routethru_vn0	excluded	uncore event
unc_m3upi_wb_pending.routethru_vn1	excluded	uncore event
unc_m3upi_wb_pending.waiting4pull_vn0	excluded	uncore event
unc_m3upi_wb_pending.waiting4pull_vn1	excluded	uncore event
unc_m3upi_xpt_pftch.arb	excluded	uncore event
unc_m3upi_xpt_pftch.arrived	excluded	uncore event
unc_m3upi_xpt_pftch.bypass	excluded	uncore event
unc_m3upi_xpt_pftch.flitted	excluded	uncore event
unc_m3upi_xpt_pftch.lost_arb	excluded	uncore event
unc_m3upi_xpt_pftch.lost_old	excluded	uncore event
unc_m3upi_xpt_pftch.lost_qfull	excluded	uncore event
unc_mdf_crs_txr_inserts.ad_bnc	excluded	uncore event
unc_mdf_crs_txr_inserts.ad_crd	excluded	uncore event
unc_mdf_crs_txr_inserts.ak	excluded	uncore event
unc_mdf_crs_txr_inserts.akc	excluded	uncore event
unc_mdf_crs_txr_inserts.bl_bnc	excluded	uncore event
unc_mdf_crs_txr_inserts.bl_crd	excluded	uncore event
unc_mdf_crs_txr_inserts.iv	excluded	uncore event
unc_mdf_crs_txr_v_bounces.ad	excluded	uncore event
unc_mdf_crs_txr_v_bounces.ak	excluded	uncore event
unc_mdf_crs_txr_v_bounces.akc	excluded	uncore event
unc_mdf_crs_txr_v_bounces.bl	excluded	uncore event
unc_mdf_crs_txr_v_bounces.iv	excluded	uncore event
unc_mdf_fast_asserted.ad_bnc	excluded	uncore event
unc_mdf_fast_asserted.bl_crd	excluded	uncore event
unc_upi_clockticks	excluded	uncore event
unc_upi_direct_attempts.d2c	excluded	uncore event
unc_upi_direct_attempts.d2k	excluded	uncore event
unc_upi_flowq_no_vna_crd.ad_vna_eq0	excluded	uncore event
unc_upi_flowq_no_vna_crd.ad_vna_eq1	excluded	uncore event
unc_upi_flowq_no_vna_crd.ad_vna_eq2	excluded	uncore event
unc_upi_flowq_no_vna_crd.ak_vna_eq0	excluded	uncore event
unc_upi_flowq_no_vna_crd.ak_vna_eq1	excluded	uncore event
unc_upi_flowq_no_vna_crd.ak_vna_eq2	excluded	uncore event
unc_upi_flowq_no_vna_crd.ak_vna_eq3	excluded	uncore event
unc_upi_flowq_no_vna_crd.bl_vna_eq0	excluded	uncore event
unc_upi_l1_power_cycles	excluded	uncore event
unc_upi_m3_byp_blocked.bgf_crd	excluded	uncore event
unc_upi_m3_byp_blocked.flowq_ad_vna_le2	excluded	uncore event
unc_upi_m3_byp_blocked.flowq_ak_vna_le3	excluded	uncore event
unc_upi_m3_byp_blocked.flowq_bl_vna_eq0	excluded	uncore event
unc_upi_m3_byp_blocked.gv_block	excluded	uncore event
unc_upi_m3_crd_return_blocked	excluded	uncore event
unc_upi_m3_rxq_blocked.bgf_crd	excluded	uncore event
unc_upi_m3_rxq_blocked.flowq_ad_vna_btw_2_thresh	excluded	uncore event
unc_upi_m3_rxq_blocked.flowq_ad_vna_le2	excluded	uncore event
unc_upi_m3_rxq_blocked.flowq_ak_vna_le3	excluded	uncore event
unc_upi_m3_rxq_blocked.flowq_bl_vna_btw_0_thresh	excluded	uncore event
unc_upi_m3_rxq_blocked.flowq_bl_vna_eq0	excluded	uncore event
unc_upi_m3_rxq_blocked.gv_block	excluded	uncore event
unc_upi_phy_init_cycles	excluded	uncore event
unc_upi_power_l1_nack	excluded	uncore event
unc_upi_power_l1_req	excluded	uncore event
unc_upi_req_slot2_from_m3.ack	excluded	uncore event
unc_upi_req_slot2_from_m3.vn0	excluded	uncore event
unc_upi_req_slot2_from_m3.vn1	excluded	uncore event
unc_upi_req_slot2_from_m3.vna	excluded	uncore event
unc_upi_rxl0_power_cycles	excluded	uncore event
unc_upi_rxl0p_power_cycles	excluded	uncore event
unc_upi_rxl_any_flits.data	excluded	uncore event
unc_upi_rxl_any_flits.llcrd	excluded	uncore event
unc_upi_rxl_any_flits.llctrl	excluded	uncore event
unc_upi_rxl_any_flits.null	excluded	uncore event
unc_upi_rxl_any_flits.prothdr	excluded	uncore event
unc_upi_rxl_any_flits.slot0	excluded	uncore event
unc_upi_rxl_any_flits.slot1	excluded	uncore event
unc_upi_rxl_any_flits.slot2	excluded	uncore event
unc_upi_rxl_basic_hdr_match.ncb	excluded	uncore event
unc_upi_rxl_basic_hdr_match.ncb_opc	excluded	uncore event
unc_upi_rxl_basic_hdr_match.ncs	excluded	uncore event
unc_upi_rxl_basic_hdr_match.ncs_opc	excluded	uncore event
unc_upi_rxl_bypassed.slot0	excluded	uncore event
unc_upi_rxl_bypassed.slot1	excluded	uncore event
unc_upi_rxl_bypassed.slot2	excluded	uncore event
unc_upi_rxl_crc_errors	excluded	uncore event
unc_upi_rxl_crc_llr_req_transmit	excluded	uncore event
unc_upi_rxl_credits_consumed_vn0	excluded	uncore event
unc_upi_rxl_credits_consumed_vn1	excluded	uncore event
unc_upi_rxl_credits_consumed_vna	excluded	uncore event
unc_upi_rxl_flits.all_data	excluded	uncore event
unc_upi_rxl_flits.all_null	excluded	uncore event
unc_upi_rxl_flits.data	excluded	uncore event
unc_upi_rxl_flits.idle	excluded	uncore event
unc_upi_rxl_flits.llcrd	excluded	uncore event
unc_upi_rxl_flits.llctrl	excluded	uncore event
unc_upi_rxl_flits.non_data	excluded	uncore event
unc_upi_rxl_flits.null	excluded	uncore event
unc_upi_rxl_flits.prothdr	excluded	uncore event
unc_upi_rxl_flits.slot0	excluded	uncore event
unc_upi_rxl_flits.slot1	excluded	uncore event
unc_upi_rxl_flits.slot2	excluded	uncore event
unc_upi_rxl_inserts.slot0	excluded	uncore event
unc_upi_rxl_inserts.slot1	excluded	uncore event
unc_upi_rxl_inserts.slot2	excluded	uncore event
unc_upi_rxl_occupancy.slot0	excluded	uncore event
unc_upi_rxl_occupancy.slot1	excluded	uncore event
unc_upi_rxl_occupancy.slot2	excluded	uncore event
unc_upi_rxl_slot_bypass.s0_rxq1	excluded	uncore event
unc_upi_rxl_slot_bypass.s0_rxq2	excluded	uncore event
unc_upi_rxl_slot_bypass.s1_rxq0	excluded	uncore event
unc_upi_rxl_slot_bypass.s1_rxq2	excluded	uncore event
unc_upi_rxl_slot_bypass.s2_rxq0	excluded	uncore event
unc_upi_rxl_slot_bypass.s2_rxq1	excluded	uncore event
unc_upi_txl0_power_cycles	excluded	uncore event
unc_upi_txl0p_clk_active.cfg_ctl	excluded	uncore event
unc_upi_txl0p_clk_active.dfx	excluded	uncore event
unc_upi_txl0p_clk_active.retry	excluded	uncore event
unc_upi_txl0p_clk_active.rxq	excluded	uncore event
unc_upi_txl0p_clk_active.rxq_bypass	excluded	uncore event
unc_upi_txl0p_clk_active.rxq_cred	excluded	uncore event
unc_upi_txl0p_clk_active.spare	excluded	uncore event
unc_upi_txl0p_clk_active.txq	excluded	uncore event
unc_upi_txl0p_power_cycles	excluded	uncore event
unc_upi_txl0p_power_cycles_ll_enter	excluded	uncore event
unc_upi_txl0p_power_cycles_m3_exit	excluded	uncore event
unc_upi_txl_any_flits.data	excluded	uncore event
unc_upi_txl_any_flits.llcrd	excluded	uncore event
unc_upi_txl_any_flits.llctrl	excluded	uncore event
unc_upi_txl_any_flits.null	excluded	uncore event
unc_upi_txl_any_flits.prothdr	excluded	uncore event
unc_upi_txl_any_flits.slot0	excluded	uncore event
unc_upi_txl_any_flits.slot1	excluded	uncore event
unc_upi_txl_any_flits.slot2	excluded	uncore event
unc_upi_txl_basic_hdr_match.ncb	excluded	uncore event
unc_upi_txl_basic_hdr_match.ncb_opc	excluded	uncore event
unc_upi_txl_basic_hdr_match.ncs	excluded	uncore event
unc_upi_txl_basic_hdr_match.ncs_opc	excluded	uncore event
unc_upi_txl_bypassed	excluded	uncore event
unc_upi_txl_flits.all_data	excluded	uncore event
unc_upi_txl_flits.all_llcrd	excluded	uncore event
unc_upi_txl_flits.all_llctrl	excluded	uncore event
unc_upi_txl_flits.all_null	excluded	uncore event
unc_upi_txl_flits.all_prothdr	excluded	uncore event
unc_upi_txl_flits.data	excluded	uncore event
unc_upi_txl_flits.idle	excluded	uncore event
unc_upi_txl_flits.llcrd	excluded	uncore event
unc_upi_txl_flits.llctrl	excluded	uncore event
unc_upi_txl_flits.non_data	excluded	uncore event
unc_upi_txl_flits.null	excluded	uncore event
unc_upi_txl_flits.prothdr	excluded	uncore event
unc_upi_txl_flits.slot0	excluded	uncore event
unc_upi_txl_flits.slot1	excluded	uncore event
unc_upi_txl_flits.slot2	excluded	uncore event
unc_upi_txl_inserts	excluded	uncore event
unc_upi_txl_occupancy	excluded	uncore event
unc_upi_vna_credit_return_blocked_vn01	excluded	uncore event
unc_upi_vna_credit_return_occupancy	excluded	uncore event
unc_iio_clockticks	excluded	uncore event
unc_iio_comp_buf_inserts.cmpd.all_parts	excluded	uncore event
unc_iio_comp_buf_inserts.cmpd.part0	excluded	uncore event
unc_iio_comp_buf_inserts.cmpd.part1	excluded	uncore event
unc_iio_comp_buf_inserts.cmpd.part2	excluded	uncore event
unc_iio_comp_buf_inserts.cmpd.part3	excluded	uncore event
unc_iio_comp_buf_inserts.cmpd.part4	excluded	uncore event
unc_iio_comp_buf_inserts.cmpd.part5	excluded	uncore event
unc_iio_comp_buf_inserts.cmpd.part6	excluded	uncore event
unc_iio_comp_buf_inserts.cmpd.part7	excluded	uncore event
unc_iio_comp_buf_occupancy.cmpd.all_parts	excluded	uncore event
unc_iio_comp_buf_occupancy.cmpd.part0	excluded	uncore event
unc_iio_comp_buf_occupancy.cmpd.part1	excluded	uncore event
unc_iio_comp_buf_occupancy.cmpd.part2	excluded	uncore event
unc_iio_comp_buf_occupancy.cmpd.part3	excluded	uncore event
unc_iio_comp_buf_occupancy.cmpd.part4	excluded	uncore event
unc_iio_comp_buf_occupancy.cmpd.part5	excluded	uncore event
unc_iio_comp_buf_occupancy.cmpd.part6	excluded	uncore event
unc_iio_comp_buf_occupancy.cmpd.part7	excluded	uncore event
unc_iio_data_req_by_cpu.mem_read.all_parts	excluded	uncore event
unc_iio_data_req_by_cpu.mem_read.part0	excluded	uncore event
unc_iio_data_req_by_cpu.mem_read.part1	excluded	uncore event
unc_iio_data_req_by_cpu.mem_read.part2	excluded	uncore event
unc_iio_data_req_by_cpu.mem_read.part3	excluded	uncore event
unc_iio_data_req_by_cpu.mem_read.part4	excluded	uncore event
unc_iio_data_req_by_cpu.mem_read.part5	excluded	uncore event
unc_iio_data_req_by_cpu.mem_read.part6	excluded	uncore event
unc_iio_data_req_by_cpu.mem_read.part7	excluded	uncore event
unc_iio_data_req_by_cpu.mem_write.all_parts	excluded	uncore event
unc_iio_data_req_by_cpu.mem_write.iommu0	excluded	uncore event
unc_iio_data_req_by_cpu.mem_write.iommu1	excluded	uncore event
unc_iio_data_req_by_cpu.mem_write.part0	excluded	uncore event
unc_iio_data_req_by_cpu.mem_write.part1	excluded	uncore event
unc_iio_data_req_by_cpu.mem_write.part2	excluded	uncore event
unc_iio_data_req_by_cpu.mem_write.part3	excluded	uncore event
unc_iio_data_req_by_cpu.mem_write.part4	excluded	uncore event
unc_iio_data_req_by_cpu.mem_write.part5	excluded	uncore event
unc_iio_data_req_by_cpu.mem_write.part6	excluded	uncore event
unc_iio_data_req_by_cpu.mem_write.part7	excluded	uncore event
unc_iio_data_req_by_cpu.peer_read.part0	excluded	uncore event
unc_iio_data_req_by_cpu.peer_read.part1	excluded	uncore event
unc_iio_data_req_by_cpu.peer_read.part2	excluded	uncore event
unc_iio_data_req_by_cpu.peer_read.part3	excluded	uncore event
unc_iio_data_req_by_cpu.peer_read.part4	excluded	uncore event
unc_iio_data_req_by_cpu.peer_read.part5	excluded	uncore event
unc_iio_data_req_by_cpu.peer_read.part6	excluded	uncore event
unc_iio_data_req_by_cpu.peer_read.part7	excluded	uncore event
unc_iio_data_req_by_cpu.peer_write.part0	excluded	uncore event
unc_iio_data_req_by_cpu.peer_write.part1	excluded	uncore event
unc_iio_data_req_by_cpu.peer_write.part2	excluded	uncore event
unc_iio_data_req_by_cpu.peer_write.part3	excluded	uncore event
unc_iio_data_req_by_cpu.peer_write.part4	excluded	uncore event
unc_iio_data_req_by_cpu.peer_write.part5	excluded	uncore event
unc_iio_data_req_by_cpu.peer_write.part6	excluded	uncore event
unc_iio_data_req_by_cpu.peer_write.part7	excluded	uncore event
unc_iio_data_req_of_cpu.cmpd.all_parts	excluded	uncore event
unc_iio_data_req_of_cpu.cmpd.part0	excluded	uncore event
unc_iio_data_req_of_cpu.cmpd.part1	excluded	uncore event
unc_iio_data_req_of_cpu.cmpd.part2	excluded	uncore event
unc_iio_data_req_of_cpu.cmpd.part3	excluded	uncore event
unc_iio_data_req_of_cpu.cmpd.part4	excluded	uncore event
unc_iio_data_req_of_cpu.cmpd.part5	excluded	uncore event
unc_iio_data_req_of_cpu.cmpd.part6	excluded	uncore event
unc_iio_data_req_of_cpu.cmpd.part7	excluded	uncore event
unc_iio_data_req_of_cpu.mem_read.all_parts	excluded	uncore event
unc_iio_data_req_of_cpu.mem_read.part0	excluded	uncore event
unc_iio_data_req_of_cpu.mem_read.part1	excluded	uncore event
unc_iio_data_req_of_cpu.mem_read.part2	excluded	uncore event
unc_iio_data_req_of_cpu.mem_read.part3	excluded	uncore event
unc_iio_data_req_of_cpu.mem_read.part4	excluded	uncore event
unc_iio_data_req_of_cpu.mem_read.part5	excluded	uncore event
unc_iio_data_req_of_cpu.mem_read.part6	excluded	uncore event
unc_iio_data_req_of_cpu.mem_read.part7	excluded	uncore event
unc_iio_data_req_of_cpu.mem_write.all_parts	excluded	uncore event
unc_iio_data_req_of_cpu.mem_write.part0	excluded	uncore event
unc_iio_data_req_of_cpu.mem_write.part1	excluded	uncore event
unc_iio_data_req_of_cpu.mem_write.part2	excluded	uncore event
unc_iio_data_req_of_cpu.mem_write.part3	excluded	uncore event
unc_iio_data_req_of_cpu.mem_write.part4	excluded	uncore event
unc_iio_data_req_of_cpu.mem_write.part5	excluded	uncore event
unc_iio_data_req_of_cpu.mem_write.part6	excluded	uncore event
unc_iio_data_req_of_cpu.mem_write.part7	excluded	uncore event
unc_iio_data_req_of_cpu.peer_write.part0	excluded	uncore event
unc_iio_data_req_of_cpu.peer_write.part1	excluded	uncore event
unc_iio_data_req_of_cpu.peer_write.part2	excluded	uncore event
unc_iio_data_req_of_cpu.peer_write.part3	excluded	uncore event
unc_iio_data_req_of_cpu.peer_write.part4	excluded	uncore event
unc_iio_data_req_of_cpu.peer_write.part5	excluded	uncore event
unc_iio_data_req_of_cpu.peer_write.part6	excluded	uncore event
unc_iio_data_req_of_cpu.peer_write.part7	excluded	uncore event
unc_iio_inbound_arb_req.data	excluded	uncore event
unc_iio_inbound_arb_req.final_rd_wr	excluded	uncore event
unc_iio_inbound_arb_req.iommu_hit	excluded	uncore event
unc_iio_inbound_arb_req.iommu_req	excluded	uncore event
unc_iio_inbound_arb_req.req_own	excluded	uncore event
unc_iio_inbound_arb_req.wr	excluded	uncore event
unc_iio_inbound_arb_won.data	excluded	uncore event
unc_iio_inbound_arb_won.final_rd_wr	excluded	uncore event
unc_iio_inbound_arb_won.iommu_hit	excluded	uncore event
unc_iio_inbound_arb_won.iommu_req	excluded	uncore event
unc_iio_inbound_arb_won.req_own	excluded	uncore event
unc_iio_inbound_arb_won.wr	excluded	uncore event
unc_iio_iommu0.1g_hits	excluded	uncore event
unc_iio_iommu0.2m_hits	excluded	uncore event
unc_iio_iommu0.4k_hits	excluded	uncore event
unc_iio_iommu0.ctxt_cache_hits	excluded	uncore event
unc_iio_iommu0.ctxt_cache_lookups	excluded	uncore event
unc_iio_iommu0.first_lookups	excluded	uncore event
unc_iio_iommu0.misses	excluded	uncore event
unc_iio_iommu1.num_mem_accesses	excluded	uncore event
unc_iio_iommu1.pwc_1g_hits	excluded	uncore event
unc_iio_iommu1.pwc_256t_hits	excluded	uncore event
unc_iio_iommu1.pwc_2m_hits	excluded	uncore event
unc_iio_iommu1.pwc_512g_hits	excluded	uncore event
unc_iio_iommu1.pwc_cache_fills	excluded	uncore event
unc_iio_iommu1.pwt_cache_lookups	excluded	uncore event
unc_iio_iommu1.slpwc_1g_hits	excluded	uncore event
unc_iio_iommu1.slpwc_256t_hits	excluded	uncore event
unc_iio_iommu1.slpwc_512g_hits	excluded	uncore event
unc_iio_iommu3.pwt_occupancy_msb	excluded	uncore event
unc_iio_mask_match_and.bus0	excluded	uncore event
unc_iio_mask_match_and.bus0_bus1	excluded	uncore event
unc_iio_mask_match_and.bus0_not_bus1	excluded	uncore event
unc_iio_mask_match_and.bus1	excluded	uncore event
unc_iio_mask_match_and.not_bus0_bus1	excluded	uncore event
unc_iio_mask_match_and.not_bus0_not_bus1	excluded	uncore event
unc_iio_mask_match_or.bus0	excluded	uncore event
unc_iio_mask_match_or.bus0_bus1	excluded	uncore event
unc_iio_mask_match_or.bus0_not_bus1	excluded	uncore event
unc_iio_mask_match_or.bus1	excluded	uncore event
unc_iio_mask_match_or.not_bus0_bus1	excluded	uncore event
unc_iio_mask_match_or.not_bus0_not_bus1	excluded	uncore event
unc_iio_num_req_of_cpu.commit.all	excluded	uncore event
unc_iio_num_req_of_cpu_by_tgt.abort	excluded	uncore event
unc_iio_num_req_of_cpu_by_tgt.confined_p2p	excluded	uncore event
unc_iio_num_req_of_cpu_by_tgt.loc_p2p	excluded	uncore event
unc_iio_num_req_of_cpu_by_tgt.mcast	excluded	uncore event
unc_iio_num_req_of_cpu_by_tgt.mem	excluded	uncore event
unc_iio_num_req_of_cpu_by_tgt.msgb	excluded	uncore event
unc_iio_num_req_of_cpu_by_tgt.rem_p2p	excluded	uncore event
unc_iio_num_req_of_cpu_by_tgt.ubox	excluded	uncore event
unc_iio_num_tgt_matched_req_of_cpu	excluded	uncore event
unc_iio_outbound_cl_reqs_issued.to_io	excluded	uncore event
unc_iio_outbound_tlp_reqs_issued.to_io	excluded	uncore event
unc_iio_pwt_occupancy	excluded	uncore event
unc_iio_req_from_pcie_cl_cmpl.data	excluded	uncore event
unc_iio_req_from_pcie_cl_cmpl.final_rd_wr	excluded	uncore event
unc_iio_req_from_pcie_cl_cmpl.req_own	excluded	uncore event
unc_iio_req_from_pcie_cl_cmpl.wr	excluded	uncore event
unc_iio_req_from_pcie_cmpl.final_rd_wr	excluded	uncore event
unc_iio_req_from_pcie_cmpl.iommu_hit	excluded	uncore event
unc_iio_req_from_pcie_cmpl.iommu_req	excluded	uncore event
unc_iio_req_from_pcie_cmpl.req_own	excluded	uncore event
unc_iio_req_from_pcie_pass_cmpl.data	excluded	uncore event
unc_iio_req_from_pcie_pass_cmpl.final_rd_wr	excluded	uncore event
unc_iio_req_from_pcie_pass_cmpl.req_own	excluded	uncore event
unc_iio_req_from_pcie_pass_cmpl.wr	excluded	uncore event
unc_iio_txn_req_by_cpu.mem_read.part0	excluded	uncore event
unc_iio_txn_req_by_cpu.mem_read.part1	excluded	uncore event
unc_iio_txn_req_by_cpu.mem_read.part2	excluded	uncore event
unc_iio_txn_req_by_cpu.mem_read.part3	excluded	uncore event
unc_iio_txn_req_by_cpu.mem_read.part4	excluded	uncore event
unc_iio_txn_req_by_cpu.mem_read.part5	excluded	uncore event
unc_iio_txn_req_by_cpu.mem_read.part6	excluded	uncore event
unc_iio_txn_req_by_cpu.mem_read.part7	excluded	uncore event
unc_iio_txn_req_by_cpu.mem_write.part0	excluded	uncore event
unc_iio_txn_req_by_cpu.mem_write.part1	excluded	uncore event
unc_iio_txn_req_by_cpu.mem_write.part2	excluded	uncore event
unc_iio_txn_req_by_cpu.mem_write.part3	excluded	uncore event
unc_iio_txn_req_by_cpu.mem_write.part4	excluded	uncore event
unc_iio_txn_req_by_cpu.mem_write.part5	excluded	uncore event
unc_iio_txn_req_by_cpu.mem_write.part6	excluded	uncore event
unc_iio_txn_req_by_cpu.mem_write.part7	excluded	uncore event
unc_iio_txn_req_by_cpu.peer_write.part0	excluded	uncore event
unc_iio_txn_req_by_cpu.peer_write.part1	excluded	uncore event
unc_iio_txn_req_by_cpu.peer_write.part2	excluded	uncore event
unc_iio_txn_req_by_cpu.peer_write.part3	excluded	uncore event
unc_iio_txn_req_by_cpu.peer_write.part4	excluded	uncore event
unc_iio_txn_req_by_cpu.peer_write.part5	excluded	uncore event
unc_iio_txn_req_by_cpu.peer_write.part6	excluded	uncore event
unc_iio_txn_req_by_cpu.peer_write.part7	excluded	uncore event
unc_iio_txn_req_of_cpu.cmpd.part0	excluded	uncore event
unc_iio_txn_req_of_cpu.cmpd.part1	excluded	uncore event
unc_iio_txn_req_of_cpu.cmpd.part2	excluded	uncore event
unc_iio_txn_req_of_cpu.cmpd.part3	excluded	uncore event
unc_iio_txn_req_of_cpu.cmpd.part4	excluded	uncore event
unc_iio_txn_req_of_cpu.cmpd.part5	excluded	uncore event
unc_iio_txn_req_of_cpu.cmpd.part6	excluded	uncore event
unc_iio_txn_req_of_cpu.cmpd.part7	excluded	uncore event
unc_iio_txn_req_of_cpu.mem_read.part0	excluded	uncore event
unc_iio_txn_req_of_cpu.mem_read.part1	excluded	uncore event
unc_iio_txn_req_of_cpu.mem_read.part2	excluded	uncore event
unc_iio_txn_req_of_cpu.mem_read.part3	excluded	uncore event
unc_iio_txn_req_of_cpu.mem_read.part4	excluded	uncore event
unc_iio_txn_req_of_cpu.mem_read.part5	excluded	uncore event
unc_iio_txn_req_of_cpu.mem_read.part6	excluded	uncore event
unc_iio_txn_req_of_cpu.mem_read.part7	excluded	uncore event
unc_iio_txn_req_of_cpu.mem_write.part0	excluded	uncore event
unc_iio_txn_req_of_cpu.mem_write.part1	excluded	uncore event
unc_iio_txn_req_of_cpu.mem_write.part2	excluded	uncore event
unc_iio_txn_req_of_cpu.mem_write.part3	excluded	uncore event
unc_iio_txn_req_of_cpu.mem_write.part4	excluded	uncore event
unc_iio_txn_req_of_cpu.mem_write.part5	excluded	uncore event
unc_iio_txn_req_of_cpu.mem_write.part6	excluded	uncore event
unc_iio_txn_req_of_cpu.mem_write.part7	excluded	uncore event
unc_iio_txn_req_of_cpu.peer_write.part0	excluded	uncore event
unc_iio_txn_req_of_cpu.peer_write.part1	excluded	uncore event
unc_iio_txn_req_of_cpu.peer_write.part2	excluded	uncore event
unc_iio_txn_req_of_cpu.peer_write.part3	excluded	uncore event
unc_iio_txn_req_of_cpu.peer_write.part4	excluded	uncore event
unc_iio_txn_req_of_cpu.peer_write.part5	excluded	uncore event
unc_iio_txn_req_of_cpu.peer_write.part6	excluded	uncore event
unc_iio_txn_req_of_cpu.peer_write.part7	excluded	uncore event
unc_iio_bandwidth_in.part0_freerun	excluded	uncore event
unc_iio_bandwidth_in.part1_freerun	excluded	uncore event
unc_iio_bandwidth_in.part2_freerun	excluded	uncore event
unc_iio_bandwidth_in.part3_freerun	excluded	uncore event
unc_iio_bandwidth_in.part4_freerun	excluded	uncore event
unc_iio_bandwidth_in.part5_freerun	excluded	uncore event
unc_iio_bandwidth_in.part6_freerun	excluded	uncore event
unc_iio_bandwidth_in.part7_freerun	excluded	uncore event
unc_iio_bandwidth_out.part0_freerun	excluded	uncore event
unc_iio_bandwidth_out.part1_freerun	excluded	uncore event
unc_iio_bandwidth_out.part2_freerun	excluded	uncore event
unc_iio_bandwidth_out.part3_freerun	excluded	uncore event
unc_iio_bandwidth_out.part4_freerun	excluded	uncore event
unc_iio_bandwidth_out.part5_freerun	excluded	uncore event
unc_iio_bandwidth_out.part6_freerun	excluded	uncore event
unc_iio_bandwidth_out.part7_freerun	excluded	uncore event
unc_iio_clockticks_freerun	excluded	uncore event
unc_m2p_clockticks	excluded	uncore event
unc_m2p_cms_clockticks	excluded	uncore event
unc_m2p_egress_ordering.iv_snoopgo_dn	excluded	uncore event
unc_m2p_egress_ordering.iv_snoopgo_up	excluded	uncore event
unc_m2p_iio_credits_acquired.drs_0	excluded	uncore event
unc_m2p_iio_credits_acquired.drs_1	excluded	uncore event
unc_m2p_iio_credits_acquired.ncb_0	excluded	uncore event
unc_m2p_iio_credits_acquired.ncb_1	excluded	uncore event
unc_m2p_iio_credits_acquired.ncs_0	excluded	uncore event
unc_m2p_iio_credits_acquired.ncs_1	excluded	uncore event
unc_m2p_iio_credits_reject.drs	excluded	uncore event
unc_m2p_iio_credits_reject.ncb	excluded	uncore event
unc_m2p_iio_credits_reject.ncs	excluded	uncore event
unc_m2p_iio_credits_used.drs_0	excluded	uncore event
unc_m2p_iio_credits_used.drs_1	excluded	uncore event
unc_m2p_iio_credits_used.ncb_0	excluded	uncore event
unc_m2p_iio_credits_used.ncb_1	excluded	uncore event
unc_m2p_iio_credits_used.ncs_0	excluded	uncore event
unc_m2p_iio_credits_used.ncs_1	excluded	uncore event
unc_m2p_local_ded_p2p_crd_taken_0.m2iosf0_ncb	excluded	uncore event
unc_m2p_local_ded_p2p_crd_taken_0.m2iosf0_ncs	excluded	uncore event
unc_m2p_local_ded_p2p_crd_taken_0.m2iosf1_ncb	excluded	uncore event
unc_m2p_local_ded_p2p_crd_taken_0.m2iosf1_ncs	excluded	uncore event
unc_m2p_local_ded_p2p_crd_taken_0.m2iosf2_ncb	excluded	uncore event
unc_m2p_local_ded_p2p_crd_taken_0.m2iosf2_ncs	excluded	uncore event
unc_m2p_local_ded_p2p_crd_taken_0.m2iosf3_ncb	excluded	uncore event
unc_m2p_local_ded_p2p_crd_taken_0.m2iosf3_ncs	excluded	uncore event
unc_m2p_local_ded_p2p_crd_taken_1.m2iosf4_ncb	excluded	uncore event
unc_m2p_local_ded_p2p_crd_taken_1.m2iosf4_ncs	excluded	uncore event
unc_m2p_local_ded_p2p_crd_taken_1.m2iosf5_ncb	excluded	uncore event
unc_m2p_local_ded_p2p_crd_taken_1.m2iosf5_ncs	excluded	uncore event
unc_m2p_local_p2p_ded_returned_0.ms2iosf0_ncb	excluded	uncore event
unc_m2p_local_p2p_ded_returned_0.ms2iosf0_ncs	excluded	uncore event
unc_m2p_local_p2p_ded_returned_0.ms2iosf1_ncb	excluded	uncore event
unc_m2p_local_p2p_ded_returned_0.ms2iosf1_ncs	excluded	uncore event
unc_m2p_local_p2p_ded_returned_0.ms2iosf2_ncb	excluded	uncore event
unc_m2p_local_p2p_ded_returned_0.ms2iosf2_ncs	excluded	uncore event
unc_m2p_local_p2p_ded_returned_0.ms2iosf3_ncb	excluded	uncore event
unc_m2p_local_p2p_ded_returned_0.ms2iosf3_ncs	excluded	uncore event
unc_m2p_local_p2p_ded_returned_1.ms2iosf4_ncb	excluded	uncore event
unc_m2p_local_p2p_ded_returned_1.ms2iosf4_ncs	excluded	uncore event
unc_m2p_local_p2p_ded_returned_1.ms2iosf5_ncb	excluded	uncore event
unc_m2p_local_p2p_ded_returned_1.ms2iosf5_ncs	excluded	uncore event
unc_m2p_local_p2p_shar_returned.agent_0	excluded	uncore event
unc_m2p_local_p2p_shar_returned.agent_1	excluded	uncore event
unc_m2p_local_p2p_shar_returned.agent_2	excluded	uncore event
unc_m2p_local_shar_p2p_crd_returned.agent_0	excluded	uncore event
unc_m2p_local_shar_p2p_crd_returned.agent_1	excluded	uncore event
unc_m2p_local_shar_p2p_crd_returned.agent_2	excluded	uncore event
unc_m2p_local_shar_p2p_crd_returned.agent_3	excluded	uncore event
unc_m2p_local_shar_p2p_crd_returned.agent_4	excluded	uncore event
unc_m2p_local_shar_p2p_crd_returned.agent_5	excluded	uncore event
unc_m2p_local_shar_p2p_crd_taken_0.m2iosf0_ncb	excluded	uncore event
unc_m2p_local_shar_p2p_crd_taken_0.m2iosf0_ncs	excluded	uncore event
unc_m2p_local_shar_p2p_crd_taken_0.m2iosf1_ncb	excluded	uncore event
unc_m2p_local_shar_p2p_crd_taken_0.m2iosf1_ncs	excluded	uncore event
unc_m2p_local_shar_p2p_crd_taken_0.m2iosf2_ncb	excluded	uncore event
unc_m2p_local_shar_p2p_crd_taken_0.m2iosf2_ncs	excluded	uncore event
unc_m2p_local_shar_p2p_crd_taken_0.m2iosf3_ncb	excluded	uncore event
unc_m2p_local_shar_p2p_crd_taken_0.m2iosf3_ncs	excluded	uncore event
unc_m2p_local_shar_p2p_crd_taken_1.m2iosf4_ncb	excluded	uncore event
unc_m2p_local_shar_p2p_crd_taken_1.m2iosf4_ncs	excluded	uncore event
unc_m2p_local_shar_p2p_crd_taken_1.m2iosf5_ncb	excluded	uncore event
unc_m2p_local_shar_p2p_crd_taken_1.m2iosf5_ncs	excluded	uncore event
unc_m2p_local_shar_p2p_crd_wait_0.m2iosf0_ncb	excluded	uncore event
unc_m2p_local_shar_p2p_crd_wait_0.m2iosf0_ncs	excluded	uncore event
unc_m2p_local_shar_p2p_crd_wait_0.m2iosf1_ncb	excluded	uncore event
unc_m2p_local_shar_p2p_crd_wait_0.m2iosf1_ncs	excluded	uncore event
unc_m2p_local_shar_p2p_crd_wait_0.m2iosf2_ncb	excluded	uncore event
unc_m2p_local_shar_p2p_crd_wait_0.m2iosf2_ncs	excluded	uncore event
unc_m2p_local_shar_p2p_crd_wait_0.m2iosf3_ncb	excluded	uncore event
unc_m2p_local_shar_p2p_crd_wait_0.m2iosf3_ncs	excluded	uncore event
unc_m2p_local_shar_p2p_crd_wait_1.m2iosf4_ncb	excluded	uncore event
unc_m2p_local_shar_p2p_crd_wait_1.m2iosf4_ncs	excluded	uncore event
unc_m2p_local_shar_p2p_crd_wait_1.m2iosf5_ncb	excluded	uncore event
unc_m2p_local_shar_p2p_crd_wait_1.m2iosf5_ncs	excluded	uncore event
unc_m2p_p2p_crd_occupancy.all	excluded	uncore event
unc_m2p_p2p_crd_occupancy.local_ncb	excluded	uncore event
unc_m2p_p2p_crd_occupancy.local_ncs	excluded	uncore event
unc_m2p_p2p_crd_occupancy.remote_ncb	excluded	uncore event
unc_m2p_p2p_crd_occupancy.remote_ncs	excluded	uncore event
unc_m2p_p2p_ded_received.all	excluded	uncore event
unc_m2p_p2p_ded_received.local_ncb	excluded	uncore event
unc_m2p_p2p_ded_received.local_ncs	excluded	uncore event
unc_m2p_p2p_ded_received.remote_ncb	excluded	uncore event
unc_m2p_p2p_ded_received.remote_ncs	excluded	uncore event
unc_m2p_p2p_shar_received.all	excluded	uncore event
unc_m2p_p2p_shar_received.local_ncb	excluded	uncore event
unc_m2p_p2p_shar_received.local_ncs	excluded	uncore event
unc_m2p_p2p_shar_received.remote_ncb	excluded	uncore event
unc_m2p_p2p_shar_received.remote_ncs	excluded	uncore event
unc_m2p_remote_ded_p2p_crd_taken_0.upi0_drs	excluded	uncore event
unc_m2p_remote_ded_p2p_crd_taken_0.upi0_ncb	excluded	uncore event
unc_m2p_remote_ded_p2p_crd_taken_0.upi0_ncs	excluded	uncore event
unc_m2p_remote_ded_p2p_crd_taken_0.upi1_drs	excluded	uncore event
unc_m2p_remote_ded_p2p_crd_taken_0.upi1_ncb	excluded	uncore event
unc_m2p_remote_ded_p2p_crd_taken_0.upi1_ncs	excluded	uncore event
unc_m2p_remote_ded_p2p_crd_taken_1.upi2_drs	excluded	uncore event
unc_m2p_remote_ded_p2p_crd_taken_1.upi2_ncb	excluded	uncore event
unc_m2p_remote_ded_p2p_crd_taken_1.upi2_ncs	excluded	uncore event
unc_m2p_remote_p2p_ded_returned.upi0_ncb	excluded	uncore event
unc_m2p_remote_p2p_ded_returned.upi0_ncs	excluded	uncore event
unc_m2p_remote_p2p_ded_returned.upi1_ncb	excluded	uncore event
unc_m2p_remote_p2p_ded_returned.upi1_ncs	excluded	uncore event
unc_m2p_remote_p2p_ded_returned.upi2_ncb	excluded	uncore event
unc_m2p_remote_p2p_ded_returned.upi2_ncs	excluded	uncore event
unc_m2p_remote_p2p_shar_returned.agent_0	excluded	uncore event
unc_m2p_remote_p2p_shar_returned.agent_1	excluded	uncore event
unc_m2p_remote_p2p_shar_returned.agent_2	excluded	uncore event
unc_m2p_remote_shar_p2p_crd_returned.agent_0	excluded	uncore event
unc_m2p_remote_shar_p2p_crd_returned.agent_1	excluded	uncore event
unc_m2p_remote_shar_p2p_crd_returned.agent_2	excluded	uncore event
unc_m2p_remote_shar_p2p_crd_taken_0.upi0_drs	excluded	uncore event
unc_m2p_remote_shar_p2p_crd_taken_0.upi0_ncb	excluded	uncore event
unc_m2p_remote_shar_p2p_crd_taken_0.upi0_ncs	excluded	uncore event
unc_m2p_remote_shar_p2p_crd_taken_0.upi1_drs	excluded	uncore event
unc_m2p_remote_shar_p2p_crd_taken_0.upi1_ncb	excluded	uncore event
unc_m2p_remote_shar_p2p_crd_taken_0.upi1_ncs	excluded	uncore event
unc_m2p_remote_shar_p2p_crd_taken_1.upi2_drs	excluded	uncore event
unc_m2p_remote_shar_p2p_crd_taken_1.upi2_ncb	excluded	uncore event
unc_m2p_remote_shar_p2p_crd_taken_1.upi2_ncs	excluded	uncore event
unc_m2p_remote_shar_p2p_crd_wait_0.upi0_drs	excluded	uncore event
unc_m2p_remote_shar_p2p_crd_wait_0.upi0_ncb	excluded	uncore event
unc_m2p_remote_shar_p2p_crd_wait_0.upi0_ncs	excluded	uncore event
unc_m2p_remote_shar_p2p_crd_wait_0.upi1_drs	excluded	uncore event
unc_m2p_remote_shar_p2p_crd_wait_0.upi1_ncb	excluded	uncore event
unc_m2p_remote_shar_p2p_crd_wait_0.upi1_ncs	excluded	uncore event
unc_m2p_remote_shar_p2p_crd_wait_1.upi2_drs	excluded	uncore event
unc_m2p_remote_shar_p2p_crd_wait_1.upi2_ncb	excluded	uncore event
unc_m2p_remote_shar_p2p_crd_wait_1.upi2_ncs	excluded	uncore event
unc_m2p_rxc_cycles_ne.all	excluded	uncore event
unc_m2p_rxc_cycles_ne.cha_idi	excluded	uncore event
unc_m2p_rxc_cycles_ne.cha_ncb	excluded	uncore event
unc_m2p_rxc_cycles_ne.cha_ncs	excluded	uncore event
unc_m2p_rxc_cycles_ne.iio_ncb	excluded	uncore event
unc_m2p_rxc_cycles_ne.iio_ncs	excluded	uncore event
unc_m2p_rxc_cycles_ne.upi_ncb	excluded	uncore event
unc_m2p_rxc_cycles_ne.upi_ncs	excluded	uncore event
unc_m2p_rxc_inserts.all	excluded	uncore event
unc_m2p_rxc_inserts.cha_idi	excluded	uncore event
unc_m2p_rxc_inserts.cha_ncb	excluded	uncore event
unc_m2p_rxc_inserts.cha_ncs	excluded	uncore event
unc_m2p_rxc_inserts.iio_ncb	excluded	uncore event
unc_m2p_rxc_inserts.iio_ncs	excluded	uncore event
unc_m2p_rxc_inserts.upi_ncb	excluded	uncore event
unc_m2p_rxc_inserts.upi_ncs	excluded	uncore event
unc_m2p_txc_credits.pmm	excluded	uncore event
unc_m2p_txc_credits.prq	excluded	uncore event
unc_m2p_txc_cycles_full.pmm_block_0	excluded	uncore event
unc_m2p_txc_cycles_full.pmm_block_1	excluded	uncore event
unc_m2p_txc_cycles_ne.pmm_distress_0	excluded	uncore event
unc_m2p_txc_cycles_ne.pmm_distress_1	excluded	uncore event
unc_m_act_count.all	excluded	uncore event
unc_m_cas_count.all	excluded	uncore event
unc_m_cas_count.pch0	excluded	uncore event
unc_m_cas_count.pch1	excluded	uncore event
unc_m_cas_count.rd	excluded	uncore event
unc_m_cas_count.rd_pre_reg	excluded	uncore event
unc_m_cas_count.rd_pre_underfill	excluded	uncore event
unc_m_cas_count.rd_reg	excluded	uncore event
unc_m_cas_count.rd_underfill	excluded	uncore event
unc_m_cas_count.wr	excluded	uncore event
unc_m_cas_count.wr_nonpre	excluded	uncore event
unc_m_cas_count.wr_pre	excluded	uncore event
unc_m_cas_issued_req_len.pch0	excluded	uncore event
unc_m_cas_issued_req_len.pch1	excluded	uncore event
unc_m_cas_issued_req_len.rd_32b	excluded	uncore event
unc_m_cas_issued_req_len.rd_64b	excluded	uncore event
unc_m_cas_issued_req_len.rd_ufill_32b	excluded	uncore event
unc_m_cas_issued_req_len.rd_ufill_64b	excluded	uncore event
unc_m_cas_issued_req_len.wr_32b	excluded	uncore event
unc_m_cas_issued_req_len.wr_64b	excluded	uncore event
unc_m_clockticks	excluded	uncore event
unc_m_dram_pre_all	excluded	uncore event
unc_m_hclockticks	excluded	uncore event
unc_m_pcls.rd	excluded	uncore event
unc_m_pcls.total	excluded	uncore event
unc_m_pcls.wr	excluded	uncore event
unc_m_pmm_rpq_inserts	excluded	uncore event
unc_m_pmm_rpq_occupancy.all_sch0	excluded	uncore event
unc_m_pmm_rpq_occupancy.all_sch1	excluded	uncore event
unc_m_pmm_rpq_occupancy.gnt_wait_sch0	excluded	uncore event
unc_m_pmm_rpq_occupancy.gnt_wait_sch1	excluded	uncore event
unc_m_pmm_rpq_occupancy.no_gnt_sch0	excluded	uncore event
unc_m_pmm_rpq_occupancy.no_gnt_sch1	excluded	uncore event
unc_m_pmm_wpq_cycles_ne	excluded	uncore event
unc_m_pmm_wpq_inserts	excluded	uncore event
unc_m_pmm_wpq_occupancy.all	excluded	uncore event
unc_m_pmm_wpq_occupancy.all_sch0	excluded	uncore event
unc_m_pmm_wpq_occupancy.all_sch1	excluded	uncore event
unc_m_pmm_wpq_occupancy.cas	excluded	uncore event
unc_m_pmm_wpq_occupancy.pwr	excluded	uncore event
unc_m_power_channel_ppd	excluded	uncore event
unc_m_power_cke_cycles.low_0	excluded	uncore event
unc_m_power_cke_cycles.low_1	excluded	uncore event
unc_m_power_cke_cycles.low_2	excluded	uncore event
unc_m_power_cke_cycles.low_3	excluded	uncore event
unc_m_power_crit_throttle_cycles.slot0	excluded	uncore event
unc_m_power_crit_throttle_cycles.slot1	excluded	uncore event
unc_m_power_self_refresh	excluded	uncore event
unc_m_pre_count.all	excluded	uncore event
unc_m_pre_count.pgt	excluded	uncore event
unc_m_pre_count.pgt_pch0	excluded	uncore event
unc_m_pre_count.pgt_pch1	excluded	uncore event
unc_m_pre_count.rd	excluded	uncore event
unc_m_pre_count.rd_pch0	excluded	uncore event
unc_m_pre_count.rd_pch1	excluded	uncore event
unc_m_pre_count.ufill	excluded	uncore event
unc_m_pre_count.ufill_pch0	excluded	uncore event
unc_m_pre_count.ufill_pch1	excluded	uncore event
unc_m_pre_count.wr	excluded	uncore event
unc_m_pre_count.wr_pch0	excluded	uncore event
unc_m_pre_count.wr_pch1	excluded	uncore event
unc_m_rdb_full	excluded	uncore event
unc_m_rdb_inserts	excluded	uncore event
unc_m_rdb_inserts.pch0	excluded	uncore event
unc_m_rdb_inserts.pch1	excluded	uncore event
unc_m_rdb_ne	excluded	uncore event
unc_m_rdb_ne.pch0	excluded	uncore event
unc_m_rdb_ne.pch1	excluded	uncore event
unc_m_rdb_not_empty	excluded	uncore event
unc_m_rdb_occupancy	excluded	uncore event
unc_m_rpq_inserts.pch0	excluded	uncore event
unc_m_rpq_inserts.pch1	excluded	uncore event
unc_m_rpq_occupancy_pch0	excluded	uncore event
unc_m_rpq_occupancy_pch1	excluded	uncore event
unc_m_sb_accesses.accepts	excluded	uncore event
unc_m_sb_accesses.fm_rd_cmps	excluded	uncore event
unc_m_sb_accesses.fm_wr_cmps	excluded	uncore event
unc_m_sb_accesses.nm_rd_cmps	excluded	uncore event
unc_m_sb_accesses.nm_wr_cmps	excluded	uncore event
unc_m_sb_accesses.rd_accepts	excluded	uncore event
unc_m_sb_accesses.rd_rejects	excluded	uncore event
unc_m_sb_accesses.rejects	excluded	uncore event
unc_m_sb_accesses.wr_accepts	excluded	uncore event
unc_m_sb_accesses.wr_rejects	excluded	uncore event
unc_m_sb_canary.alloc	excluded	uncore event
unc_m_sb_canary.dealloc	excluded	uncore event
unc_m_sb_canary.fm_rd_starved	excluded	uncore event
unc_m_sb_canary.fm_tgr_wr_starved	excluded	uncore event
unc_m_sb_canary.fm_wr_starved	excluded	uncore event
unc_m_sb_canary.nm_rd_starved	excluded	uncore event
unc_m_sb_canary.nm_wr_starved	excluded	uncore event
unc_m_sb_canary.vld	excluded	uncore event
unc_m_sb_cycles_full	excluded	uncore event
unc_m_sb_cycles_ne	excluded	uncore event
unc_m_sb_inserts.block_rds	excluded	uncore event
unc_m_sb_inserts.block_wrs	excluded	uncore event
unc_m_sb_inserts.pmm_rds	excluded	uncore event
unc_m_sb_inserts.pmm_wrs	excluded	uncore event
unc_m_sb_inserts.rds	excluded	uncore event
unc_m_sb_inserts.wrs	excluded	uncore event
unc_m_sb_occupancy.block_rds	excluded	uncore event
unc_m_sb_occupancy.block_wrs	excluded	uncore event
unc_m_sb_occupancy.pmm_rds	excluded	uncore event
unc_m_sb_occupancy.pmm_wrs	excluded	uncore event
unc_m_sb_occupancy.rds	excluded	uncore event
unc_m_sb_pref_inserts.all	excluded	uncore event
unc_m_sb_pref_inserts.ddr	excluded	uncore event
unc_m_sb_pref_inserts.pmm	excluded	uncore event
unc_m_sb_pref_occupancy.all	excluded	uncore event
unc_m_sb_pref_occupancy.ddr	excluded	uncore event
unc_m_sb_pref_occupancy.pmm	excluded	uncore event
unc_m_sb_reject.canary	excluded	uncore event
unc_m_sb_reject.ddr_early_cmp	excluded	uncore event
unc_m_sb_reject.fm_addr_cnflt	excluded	uncore event
unc_m_sb_reject.nm_set_cnflt	excluded	uncore event
unc_m_sb_reject.patrol_set_cnflt	excluded	uncore event
unc_m_sb_strv_alloc.fm_rd	excluded	uncore event
unc_m_sb_strv_alloc.fm_tgr	excluded	uncore event
unc_m_sb_strv_alloc.fm_wr	excluded	uncore event
unc_m_sb_strv_alloc.nm_rd	excluded	uncore event
unc_m_sb_strv_alloc.nm_wr	excluded	uncore event
unc_m_sb_strv_dealloc.fm_rd	excluded	uncore event
unc_m_sb_strv_dealloc.fm_tgr	excluded	uncore event
unc_m_sb_strv_dealloc.fm_wr	excluded	uncore event
unc_m_sb_strv_dealloc.nm_rd	excluded	uncore event
unc_m_sb_strv_dealloc.nm_wr	excluded	uncore event
unc_m_sb_strv_occ.fm_rd	excluded	uncore event
unc_m_sb_strv_occ.fm_tgr	excluded	uncore event
unc_m_sb_strv_occ.fm_wr	excluded	uncore event
unc_m_sb_strv_occ.nm_rd	excluded	uncore event
unc_m_sb_strv_occ.nm_wr	excluded	uncore event
unc_m_sb_tagged.ddr4_cmp	excluded	uncore event
unc_m_sb_tagged.new	excluded	uncore event
unc_m_sb_tagged.occ	excluded	uncore event
unc_m_sb_tagged.pmm0_cmp	excluded	uncore event
unc_m_sb_tagged.pmm1_cmp	excluded	uncore event
unc_m_sb_tagged.pmm2_cmp	excluded	uncore event
unc_m_sb_tagged.rd_hit	excluded	uncore event
unc_m_sb_tagged.rd_miss	excluded	uncore event
unc_m_tagchk.hit	excluded	uncore event
unc_m_tagchk.miss_clean	excluded	uncore event
unc_m_tagchk.miss_dirty	excluded	uncore event
unc_m_tagchk.nm_rd_hit	excluded	uncore event
unc_m_tagchk.nm_wr_hit	excluded	uncore event
unc_m_wpq_inserts.pch0	excluded	uncore event
unc_m_wpq_inserts.pch1	excluded	uncore event
unc_m_wpq_occupancy_pch0	excluded	uncore event
unc_m_wpq_occupancy_pch1	excluded	uncore event
unc_m_wpq_read_hit	excluded	uncore event
unc_m_wpq_write_hit	excluded	uncore event
unc_p_clockticks	excluded	uncore event
unc_p_core_transition_cycles	excluded	uncore event
unc_p_demotions	excluded	uncore event
unc_p_fivr_ps_ps0_cycles	excluded	uncore event
unc_p_fivr_ps_ps1_cycles	excluded	uncore event
unc_p_fivr_ps_ps2_cycles	excluded	uncore event
unc_p_fivr_ps_ps3_cycles	excluded	uncore event
unc_p_freq_clip_avx256	excluded	uncore event
unc_p_freq_clip_avx512	excluded	uncore event
unc_p_freq_max_limit_thermal_cycles	excluded	uncore event
unc_p_freq_max_power_cycles	excluded	uncore event
unc_p_freq_min_io_p_cycles	excluded	uncore event
unc_p_freq_trans_cycles	excluded	uncore event
unc_p_memory_phase_shedding_cycles	excluded	uncore event
unc_p_pkg_residency_c0_cycles	excluded	uncore event
unc_p_pkg_residency_c2e_cycles	excluded	uncore event
unc_p_pkg_residency_c6_cycles	excluded	uncore event
unc_p_pmax_throttled_cycles	excluded	uncore event
unc_p_power_state_occupancy_cores_c0	excluded	uncore event
unc_p_power_state_occupancy_cores_c3	excluded	uncore event
unc_p_power_state_occupancy_cores_c6	excluded	uncore event
unc_p_prochot_external_cycles	excluded	uncore event
unc_p_prochot_internal_cycles	excluded	uncore event
unc_p_total_transition_cycles	excluded	uncore event
unc_p_vr_hot_cycles	excluded	uncore event
rNNN	excluded	raw event descriptor
cpu/event=0..255,pc,edge,.../modifier	excluded	raw event descriptor
breakpoint//modifier	excluded	raw event descriptor
cstate_core/event=0..0xffffffffffffffff/modifier	excluded	raw event descriptor
cstate_pkg/event=0..0xffffffffffffffff/modifier	excluded	raw event descriptor
dsa0/event=0..0xfffffff,event_category=0..15,filter_wq=0..0xffffffff,.../modifier	excluded	raw event descriptor
dsa1/event=0..0xfffffff,event_category=0..15,filter_wq=0..0xffffffff,.../modifier	excluded	raw event descriptor
dsa2/event=0..0xfffffff,event_category=0..15,filter_wq=0..0xffffffff,.../modifier	excluded	raw event descriptor
dsa3/event=0..0xfffffff,event_category=0..15,filter_wq=0..0xffffffff,.../modifier	excluded	raw event descriptor
dsa4/event=0..0xfffffff,event_category=0..15,filter_wq=0..0xffffffff,.../modifier	excluded	raw event descriptor
dsa5/event=0..0xfffffff,event_category=0..15,filter_wq=0..0xffffffff,.../modifier	excluded	raw event descriptor
dsa6/event=0..0xfffffff,event_category=0..15,filter_wq=0..0xffffffff,.../modifier	excluded	raw event descriptor
dsa7/event=0..0xfffffff,event_category=0..15,filter_wq=0..0xffffffff,.../modifier	excluded	raw event descriptor
hwmon_bnxt_en//modifier	excluded	raw event descriptor
hwmon_coretemp//modifier	excluded	raw event descriptor
hwmon_power_meter//modifier	excluded	raw event descriptor
intel_bts//modifier	excluded	raw event descriptor
intel_pt/ptw,event,cyc_thresh=0..15,.../modifier	excluded	raw event descriptor
kprobe/retprobe/modifier	excluded	raw event descriptor
msr/event=0..0xffffffffffffffff/modifier	excluded	raw event descriptor
power/event=0..255/modifier	excluded	raw event descriptor
software//modifier	excluded	raw event descriptor
tool//modifier	excluded	raw event descriptor
tracepoint//modifier	excluded	raw event descriptor
uncore_cha/event=0..255,edge,filter_tid=0..0x3ff,.../modifier	excluded	raw event descriptor
uncore_iio_free_running/event=0..255,umask=0..255/modifier	excluded	raw event descriptor
uncore_iio/event=0..255,edge,fc_mask=0..7,.../modifier	excluded	raw event descriptor
uncore_imc_free_running/event=0..255,umask=0..255/modifier	excluded	raw event descriptor
uncore_imc/event=0..255,edge,inv,.../modifier	excluded	raw event descriptor
uncore_irp/event=0..255,edge,inv,.../modifier	excluded	raw event descriptor
uncore_m2m/event=0..255,edge,inv,.../modifier	excluded	raw event descriptor
uncore_m2pcie/event=0..255,edge,inv,.../modifier	excluded	raw event descriptor
uncore_m3upi/event=0..255,edge,inv,.../modifier	excluded	raw event descriptor
uncore_mdf/event=0..255,edge,inv,.../modifier	excluded	raw event descriptor
uncore_pcu/event=0..255,edge,inv,.../modifier	excluded	raw event descriptor
uncore_upi/event=0..255,edge,inv,.../modifier	excluded	raw event descriptor
uprobe/ref_ctr_offset=0..0xffffffff,retprobe/modifier	excluded	raw event descriptor
mem:<addr>[/len][:access]	excluded	hardware breakpoint
alarmtimer:alarmtimer_cancel	excluded	tracepoint event
alarmtimer:alarmtimer_fired	excluded	tracepoint event
alarmtimer:alarmtimer_start	excluded	tracepoint event
alarmtimer:alarmtimer_suspend	excluded	tracepoint event
amd_cpu:amd_pstate_epp_perf	excluded	tracepoint event
amd_cpu:amd_pstate_perf	excluded	tracepoint event
avc:selinux_audited	excluded	tracepoint event
block:blk_zone_append_update_request_bio	excluded	tracepoint event
block:blk_zone_wplug_bio	excluded	tracepoint event
block:blkdev_zone_mgmt	excluded	tracepoint event
block:block_bio_backmerge	excluded	tracepoint event
block:block_bio_complete	excluded	tracepoint event
block:block_bio_frontmerge	excluded	tracepoint event
block:block_bio_queue	excluded	tracepoint event
block:block_bio_remap	excluded	tracepoint event
block:block_dirty_buffer	excluded	tracepoint event
block:block_getrq	excluded	tracepoint event
block:block_io_done	excluded	tracepoint event
block:block_io_start	excluded	tracepoint event
block:block_plug	excluded	tracepoint event
block:block_rq_complete	excluded	tracepoint event
block:block_rq_error	excluded	tracepoint event
block:block_rq_insert	excluded	tracepoint event
block:block_rq_issue	excluded	tracepoint event
block:block_rq_merge	excluded	tracepoint event
block:block_rq_remap	excluded	tracepoint event
block:block_rq_requeue	excluded	tracepoint event
block:block_split	excluded	tracepoint event
block:block_touch_buffer	excluded	tracepoint event
block:block_unplug	excluded	tracepoint event
block:disk_zone_wplug_add_bio	excluded	tracepoint event
bpf_test_run:bpf_test_finish	excluded	tracepoint event
bpf_test_run:bpf_trigger_tp	excluded	tracepoint event
bpf_trace:bpf_trace_printk	excluded	tracepoint event
bridge:br_fdb_add	excluded	tracepoint event
bridge:br_fdb_external_learn_add	excluded	tracepoint event
bridge:br_fdb_update	excluded	tracepoint event
bridge:br_mdb_full	excluded	tracepoint event
bridge:fdb_delete	excluded	tracepoint event
btrfs:add_delayed_data_ref	excluded	tracepoint event
btrfs:add_delayed_ref_head	excluded	tracepoint event
btrfs:add_delayed_tree_ref	excluded	tracepoint event
btrfs:btrfs_add_block_group	excluded	tracepoint event
btrfs:btrfs_add_reclaim_block_group	excluded	tracepoint event
btrfs:btrfs_add_unused_block_group	excluded	tracepoint event
btrfs:btrfs_all_work_done	excluded	tracepoint event
btrfs:btrfs_alloc_extent_state	excluded	tracepoint event
btrfs:btrfs_chunk_alloc	excluded	tracepoint event
btrfs:btrfs_chunk_free	excluded	tracepoint event
btrfs:btrfs_clear_extent_bit	excluded	tracepoint event
btrfs:btrfs_convert_extent_bit	excluded	tracepoint event
btrfs:btrfs_cow_block	excluded	tracepoint event
btrfs:btrfs_done_preemptive_reclaim	excluded	tracepoint event
btrfs:btrfs_extent_map_shrinker_count	excluded	tracepoint event
btrfs:btrfs_extent_map_shrinker_remove_em	excluded	tracepoint event
btrfs:btrfs_extent_map_shrinker_scan_enter	excluded	tracepoint event
btrfs:btrfs_extent_map_shrinker_scan_exit	excluded	tracepoint event
btrfs:btrfs_fail_all_tickets	excluded	tracepoint event
btrfs:btrfs_failed_cluster_setup	excluded	tracepoint event
btrfs:btrfs_find_cluster	excluded	tracepoint event
btrfs:btrfs_find_free_extent	excluded	tracepoint event
btrfs:btrfs_find_free_extent_have_block_group	excluded	tracepoint event
btrfs:btrfs_find_free_extent_search_loop	excluded	tracepoint event
btrfs:btrfs_finish_ordered_extent	excluded	tracepoint event
btrfs:btrfs_flush_space	excluded	tracepoint event
btrfs:btrfs_free_extent_state	excluded	tracepoint event
btrfs:btrfs_get_extent	excluded	tracepoint event
btrfs:btrfs_get_extent_show_fi_inline	excluded	tracepoint event
btrfs:btrfs_get_extent_show_fi_regular	excluded	tracepoint event
btrfs:btrfs_get_raid_extent_offset	excluded	tracepoint event
btrfs:btrfs_handle_em_exist	excluded	tracepoint event
btrfs:btrfs_inode_evict	excluded	tracepoint event
btrfs:btrfs_inode_mod_outstanding_extents	excluded	tracepoint event
btrfs:btrfs_inode_new	excluded	tracepoint event
btrfs:btrfs_inode_request	excluded	tracepoint event
btrfs:btrfs_insert_one_raid_extent	excluded	tracepoint event
btrfs:btrfs_ordered_extent_add	excluded	tracepoint event
btrfs:btrfs_ordered_extent_dec_test_pending	excluded	tracepoint event
btrfs:btrfs_ordered_extent_lookup	excluded	tracepoint event
btrfs:btrfs_ordered_extent_lookup_first	excluded	tracepoint event
btrfs:btrfs_ordered_extent_lookup_first_range	excluded	tracepoint event
btrfs:btrfs_ordered_extent_lookup_for_logging	excluded	tracepoint event
btrfs:btrfs_ordered_extent_lookup_range	excluded	tracepoint event
btrfs:btrfs_ordered_extent_mark_finished	excluded	tracepoint event
btrfs:btrfs_ordered_extent_put	excluded	tracepoint event
btrfs:btrfs_ordered_extent_remove	excluded	tracepoint event
btrfs:btrfs_ordered_extent_split	excluded	tracepoint event
btrfs:btrfs_ordered_extent_start	excluded	tracepoint event
btrfs:btrfs_ordered_sched	excluded	tracepoint event
btrfs:btrfs_prelim_ref_insert	excluded	tracepoint event
btrfs:btrfs_prelim_ref_merge	excluded	tracepoint event
btrfs:btrfs_qgroup_account_extent	excluded	tracepoint event
btrfs:btrfs_qgroup_account_extents	excluded	tracepoint event
btrfs:btrfs_qgroup_meta_convert	excluded	tracepoint event
btrfs:btrfs_qgroup_meta_free_all_pertrans	excluded	tracepoint event
btrfs:btrfs_qgroup_meta_reserve	excluded	tracepoint event
btrfs:btrfs_qgroup_num_dirty_extents	excluded	tracepoint event
btrfs:btrfs_qgroup_release_data	excluded	tracepoint event
btrfs:btrfs_qgroup_reserve_data	excluded	tracepoint event
btrfs:btrfs_qgroup_trace_extent	excluded	tracepoint event
btrfs:btrfs_qgroup_update_counters	excluded	tracepoint event
btrfs:btrfs_qgroup_update_reserve	excluded	tracepoint event
btrfs:btrfs_raid_extent_delete	excluded	tracepoint event
btrfs:btrfs_reclaim_block_group	excluded	tracepoint event
btrfs:btrfs_remove_block_group	excluded	tracepoint event
btrfs:btrfs_reserve_extent	excluded	tracepoint event
btrfs:btrfs_reserve_extent_cluster	excluded	tracepoint event
btrfs:btrfs_reserve_ticket	excluded	tracepoint event
btrfs:btrfs_reserved_extent_alloc	excluded	tracepoint event
btrfs:btrfs_reserved_extent_free	excluded	tracepoint event
btrfs:btrfs_set_extent_bit	excluded	tracepoint event
btrfs:btrfs_setup_cluster	excluded	tracepoint event
btrfs:btrfs_skip_unused_block_group	excluded	tracepoint event
btrfs:btrfs_space_reservation	excluded	tracepoint event
btrfs:btrfs_sync_file	excluded	tracepoint event
btrfs:btrfs_sync_fs	excluded	tracepoint event
btrfs:btrfs_transaction_commit	excluded	tracepoint event
btrfs:btrfs_tree_lock	excluded	tracepoint event
btrfs:btrfs_tree_read_lock	excluded	tracepoint event
btrfs:btrfs_tree_read_unlock	excluded	tracepoint event
btrfs:btrfs_tree_unlock	excluded	tracepoint event
btrfs:btrfs_trigger_flush	excluded	tracepoint event
btrfs:btrfs_truncate_show_fi_inline	excluded	tracepoint event
btrfs:btrfs_truncate_show_fi_regular	excluded	tracepoint event
btrfs:btrfs_try_tree_read_lock	excluded	tracepoint event
btrfs:btrfs_work_queued	excluded	tracepoint event
btrfs:btrfs_work_sched	excluded	tracepoint event
btrfs:btrfs_workqueue_alloc	excluded	tracepoint event
btrfs:btrfs_workqueue_destroy	excluded	tracepoint event
btrfs:btrfs_writepage_end_io_hook	excluded	tracepoint event
btrfs:extent_writepage	excluded	tracepoint event
btrfs:raid56_read	excluded	tracepoint event
btrfs:raid56_write	excluded	tracepoint event
btrfs:run_delayed_data_ref	excluded	tracepoint event
btrfs:run_delayed_ref_head	excluded	tracepoint event
btrfs:run_delayed_tree_ref	excluded	tracepoint event
btrfs:update_bytes_may_use	excluded	tracepoint event
btrfs:update_bytes_pinned	excluded	tracepoint event
btrfs:update_bytes_zone_unusable	excluded	tracepoint event
capability:cap_capable	excluded	tracepoint event
cfg80211:cfg80211_assoc_comeback	excluded	tracepoint event
cfg80211:cfg80211_bss_color_notify	excluded	tracepoint event
cfg80211:cfg80211_cac_event	excluded	tracepoint event
cfg80211:cfg80211_ch_switch_notify	excluded	tracepoint event
cfg80211:cfg80211_ch_switch_started_notify	excluded	tracepoint event
cfg80211:cfg80211_chandef_dfs_required	excluded	tracepoint event
cfg80211:cfg80211_control_port_tx_status	excluded	tracepoint event
cfg80211:cfg80211_cqm_pktloss_notify	excluded	tracepoint event
cfg80211:cfg80211_cqm_rssi_notify	excluded	tracepoint event
cfg80211:cfg80211_del_sta	excluded	tracepoint event
cfg80211:cfg80211_epcs_changed	excluded	tracepoint event
cfg80211:cfg80211_ft_event	excluded	tracepoint event
cfg80211:cfg80211_get_bss	excluded	tracepoint event
cfg80211:cfg80211_gtk_rekey_notify	excluded	tracepoint event
cfg80211:cfg80211_ibss_joined	excluded	tracepoint event
cfg80211:cfg80211_inform_bss_frame	excluded	tracepoint event
cfg80211:cfg80211_links_removed	excluded	tracepoint event
cfg80211:cfg80211_mgmt_tx_status	excluded	tracepoint event
cfg80211:cfg80211_michael_mic_failure	excluded	tracepoint event
cfg80211:cfg80211_mlo_reconf_add_done	excluded	tracepoint event
cfg80211:cfg80211_new_sta	excluded	tracepoint event
cfg80211:cfg80211_notify_new_peer_candidate	excluded	tracepoint event
cfg80211:cfg80211_pmksa_candidate_notify	excluded	tracepoint event
cfg80211:cfg80211_pmsr_complete	excluded	tracepoint event
cfg80211:cfg80211_pmsr_report	excluded	tracepoint event
cfg80211:cfg80211_probe_status	excluded	tracepoint event
cfg80211:cfg80211_radar_event	excluded	tracepoint event
cfg80211:cfg80211_ready_on_channel	excluded	tracepoint event
cfg80211:cfg80211_ready_on_channel_expired	excluded	tracepoint event
cfg80211:cfg80211_reg_can_beacon	excluded	tracepoint event
cfg80211:cfg80211_report_obss_beacon	excluded	tracepoint event
cfg80211:cfg80211_report_wowlan_wakeup	excluded	tracepoint event
cfg80211:cfg80211_return_bool	excluded	tracepoint event
cfg80211:cfg80211_return_bss	excluded	tracepoint event
cfg80211:cfg80211_return_u32	excluded	tracepoint event
cfg80211:cfg80211_return_uint	excluded	tracepoint event
cfg80211:cfg80211_rx_control_port	excluded	tracepoint event
cfg80211:cfg80211_rx_mgmt	excluded	tracepoint event
cfg80211:cfg80211_rx_mlme_mgmt	excluded	tracepoint event
cfg80211:cfg80211_rx_spurious_frame	excluded	tracepoint event
cfg80211:cfg80211_rx_unexpected_4addr_frame	excluded	tracepoint event
cfg80211:cfg80211_rx_unprot_mlme_mgmt	excluded	tracepoint event
cfg80211:cfg80211_scan_done	excluded	tracepoint event
cfg80211:cfg80211_sched_scan_results	excluded	tracepoint event
cfg80211:cfg80211_sched_scan_stopped	excluded	tracepoint event
cfg80211:cfg80211_send_assoc_failure	excluded	tracepoint event
cfg80211:cfg80211_send_auth_timeout	excluded	tracepoint event
cfg80211:cfg80211_send_rx_assoc	excluded	tracepoint event
cfg80211:cfg80211_send_rx_auth	excluded	tracepoint event
cfg80211:cfg80211_stop_iface	excluded	tracepoint event
cfg80211:cfg80211_tdls_oper_request	excluded	tracepoint event
cfg80211:cfg80211_tx_mgmt_expired	excluded	tracepoint event
cfg80211:cfg80211_tx_mlme_mgmt	excluded	tracepoint event
cfg80211:cfg80211_update_owe_info_event	excluded	tracepoint event
cfg80211:rdev_abort_pmsr	excluded	tracepoint event
cfg80211:rdev_abort_scan	excluded	tracepoint event
cfg80211:rdev_add_intf_link	excluded	tracepoint event
cfg80211:rdev_add_key	excluded	tracepoint event
cfg80211:rdev_add_link_station	excluded	tracepoint event
cfg80211:rdev_add_mpath	excluded	tracepoint event
cfg80211:rdev_add_nan_func	excluded	tracepoint event
cfg80211:rdev_add_station	excluded	tracepoint event
cfg80211:rdev_add_tx_ts	excluded	tracepoint event
cfg80211:rdev_add_virtual_intf	excluded	tracepoint event
cfg80211:rdev_assoc	excluded	tracepoint event
cfg80211:rdev_assoc_ml_reconf	excluded	tracepoint event
cfg80211:rdev_auth	excluded	tracepoint event
cfg80211:rdev_cancel_remain_on_channel	excluded	tracepoint event
cfg80211:rdev_change_beacon	excluded	tracepoint event
cfg80211:rdev_change_bss	excluded	tracepoint event
cfg80211:rdev_change_mpath	excluded	tracepoint event
cfg80211:rdev_change_station	excluded	tracepoint event
cfg80211:rdev_change_virtual_intf	excluded	tracepoint event
cfg80211:rdev_channel_switch	excluded	tracepoint event
cfg80211:rdev_color_change	excluded	tracepoint event
cfg80211:rdev_connect	excluded	tracepoint event
cfg80211:rdev_crit_proto_start	excluded	tracepoint event
cfg80211:rdev_crit_proto_stop	excluded	tracepoint event
cfg80211:rdev_deauth	excluded	tracepoint event
cfg80211:rdev_del_intf_link	excluded	tracepoint event
cfg80211:rdev_del_key	excluded	tracepoint event
cfg80211:rdev_del_link_station	excluded	tracepoint event
cfg80211:rdev_del_mpath	excluded	tracepoint event
cfg80211:rdev_del_nan_func	excluded	tracepoint event
cfg80211:rdev_del_pmk	excluded	tracepoint event
cfg80211:rdev_del_pmksa	excluded	tracepoint event
cfg80211:rdev_del_station	excluded	tracepoint event
cfg80211:rdev_del_tx_ts	excluded	tracepoint event
cfg80211:rdev_del_virtual_intf	excluded	tracepoint event
cfg80211:rdev_disassoc	excluded	tracepoint event
cfg80211:rdev_disconnect	excluded	tracepoint event
cfg80211:rdev_dump_mpath	excluded	tracepoint event
cfg80211:rdev_dump_mpp	excluded	tracepoint event
cfg80211:rdev_dump_station	excluded	tracepoint event
cfg80211:rdev_dump_survey	excluded	tracepoint event
cfg80211:rdev_end_cac	excluded	tracepoint event
cfg80211:rdev_external_auth	excluded	tracepoint event
cfg80211:rdev_flush_pmksa	excluded	tracepoint event
cfg80211:rdev_get_antenna	excluded	tracepoint event
cfg80211:rdev_get_channel	excluded	tracepoint event
cfg80211:rdev_get_ftm_responder_stats	excluded	tracepoint event
cfg80211:rdev_get_key	excluded	tracepoint event
cfg80211:rdev_get_mesh_config	excluded	tracepoint event
cfg80211:rdev_get_mpath	excluded	tracepoint event
cfg80211:rdev_get_mpp	excluded	tracepoint event
cfg80211:rdev_get_station	excluded	tracepoint event
cfg80211:rdev_get_tx_power	excluded	tracepoint event
cfg80211:rdev_get_txq_stats	excluded	tracepoint event
cfg80211:rdev_inform_bss	excluded	tracepoint event
cfg80211:rdev_join_ibss	excluded	tracepoint event
cfg80211:rdev_join_mesh	excluded	tracepoint event
cfg80211:rdev_join_ocb	excluded	tracepoint event
cfg80211:rdev_leave_ibss	excluded	tracepoint event
cfg80211:rdev_leave_mesh	excluded	tracepoint event
cfg80211:rdev_leave_ocb	excluded	tracepoint event
cfg80211:rdev_libertas_set_mesh_channel	excluded	tracepoint event
cfg80211:rdev_mgmt_tx	excluded	tracepoint event
cfg80211:rdev_mgmt_tx_cancel_wait	excluded	tracepoint event
cfg80211:rdev_mod_link_station	excluded	tracepoint event
cfg80211:rdev_nan_change_conf	excluded	tracepoint event
cfg80211:rdev_probe_client	excluded	tracepoint event
cfg80211:rdev_probe_mesh_link	excluded	tracepoint event
cfg80211:rdev_remain_on_channel	excluded	tracepoint event
cfg80211:rdev_reset_tid_config	excluded	tracepoint event
cfg80211:rdev_resume	excluded	tracepoint event
cfg80211:rdev_return_chandef	excluded	tracepoint event
cfg80211:rdev_return_int	excluded	tracepoint event
cfg80211:rdev_return_int_cookie	excluded	tracepoint event
cfg80211:rdev_return_int_int	excluded	tracepoint event
cfg80211:rdev_return_int_mesh_config	excluded	tracepoint event
cfg80211:rdev_return_int_mpath_info	excluded	tracepoint event
cfg80211:rdev_return_int_station_info	excluded	tracepoint event
cfg80211:rdev_return_int_survey_info	excluded	tracepoint event
cfg80211:rdev_return_int_tx_rx	excluded	tracepoint event
cfg80211:rdev_return_void	excluded	tracepoint event
cfg80211:rdev_return_void_tx_rx	excluded	tracepoint event
cfg80211:rdev_return_wdev	excluded	tracepoint event
cfg80211:rdev_rfkill_poll	excluded	tracepoint event
cfg80211:rdev_scan	excluded	tracepoint event
cfg80211:rdev_sched_scan_start	excluded	tracepoint event
cfg80211:rdev_sched_scan_stop	excluded	tracepoint event
cfg80211:rdev_set_antenna	excluded	tracepoint event
cfg80211:rdev_set_ap_chanwidth	excluded	tracepoint event
cfg80211:rdev_set_bitrate_mask	excluded	tracepoint event
cfg80211:rdev_set_coalesce	excluded	tracepoint event
cfg80211:rdev_set_cqm_rssi_config	excluded	tracepoint event
cfg80211:rdev_set_cqm_rssi_range_config	excluded	tracepoint event
cfg80211:rdev_set_cqm_txe_config	excluded	tracepoint event
cfg80211:rdev_set_default_beacon_key	excluded	tracepoint event
cfg80211:rdev_set_default_key	excluded	tracepoint event
cfg80211:rdev_set_default_mgmt_key	excluded	tracepoint event
cfg80211:rdev_set_epcs	excluded	tracepoint event
cfg80211:rdev_set_fils_aad	excluded	tracepoint event
cfg80211:rdev_set_hw_timestamp	excluded	tracepoint event
cfg80211:rdev_set_mac_acl	excluded	tracepoint event
cfg80211:rdev_set_mcast_rate	excluded	tracepoint event
cfg80211:rdev_set_monitor_channel	excluded	tracepoint event
cfg80211:rdev_set_multicast_to_unicast	excluded	tracepoint event
cfg80211:rdev_set_noack_map	excluded	tracepoint event
cfg80211:rdev_set_pmk	excluded	tracepoint event
cfg80211:rdev_set_pmksa	excluded	tracepoint event
cfg80211:rdev_set_power_mgmt	excluded	tracepoint event
cfg80211:rdev_set_qos_map	excluded	tracepoint event
cfg80211:rdev_set_radar_background	excluded	tracepoint event
cfg80211:rdev_set_rekey_data	excluded	tracepoint event
cfg80211:rdev_set_sar_specs	excluded	tracepoint event
cfg80211:rdev_set_tid_config	excluded	tracepoint event
cfg80211:rdev_set_ttlm	excluded	tracepoint event
cfg80211:rdev_set_tx_power	excluded	tracepoint event
cfg80211:rdev_set_txq_params	excluded	tracepoint event
cfg80211:rdev_set_wakeup	excluded	tracepoint event
cfg80211:rdev_set_wiphy_params	excluded	tracepoint event
cfg80211:rdev_start_ap	excluded	tracepoint event
cfg80211:rdev_start_nan	excluded	tracepoint event
cfg80211:rdev_start_p2p_device	excluded	tracepoint event
cfg80211:rdev_start_pmsr	excluded	tracepoint event
cfg80211:rdev_start_radar_detection	excluded	tracepoint event
cfg80211:rdev_stop_ap	excluded	tracepoint event
cfg80211:rdev_stop_nan	excluded	tracepoint event
cfg80211:rdev_stop_p2p_device	excluded	tracepoint event
cfg80211:rdev_suspend	excluded	tracepoint event
cfg80211:rdev_tdls_cancel_channel_switch	excluded	tracepoint event
cfg80211:rdev_tdls_channel_switch	excluded	tracepoint event
cfg80211:rdev_tdls_mgmt	excluded	tracepoint event
cfg80211:rdev_tdls_oper	excluded	tracepoint event
cfg80211:rdev_tx_control_port	excluded	tracepoint event
cfg80211:rdev_update_connect_params	excluded	tracepoint event
cfg80211:rdev_update_ft_ies	excluded	tracepoint event
cfg80211:rdev_update_mesh_config	excluded	tracepoint event
cfg80211:rdev_update_mgmt_frame_registrations	excluded	tracepoint event
cfg80211:rdev_update_owe_info	excluded	tracepoint event
cfg80211:wiphy_delayed_work_queue	excluded	tracepoint event
cfg80211:wiphy_work_cancel	excluded	tracepoint event
cfg80211:wiphy_work_flush	excluded	tracepoint event
cfg80211:wiphy_work_queue	excluded	tracepoint event
cfg80211:wiphy_work_run	excluded	tracepoint event
cfg80211:wiphy_work_worker_start	excluded	tracepoint event
cgroup:cgroup_attach_task	excluded	tracepoint event
cgroup:cgroup_destroy_root	excluded	tracepoint event
cgroup:cgroup_freeze	excluded	tracepoint event
cgroup:cgroup_mkdir	excluded	tracepoint event
cgroup:cgroup_notify_frozen	excluded	tracepoint event
cgroup:cgroup_notify_populated	excluded	tracepoint event
cgroup:cgroup_release	excluded	tracepoint event
cgroup:cgroup_remount	excluded	tracepoint event
cgroup:cgroup_rename	excluded	tracepoint event
cgroup:cgroup_rmdir	excluded	tracepoint event
cgroup:cgroup_rstat_lock_contended	excluded	tracepoint event
cgroup:cgroup_rstat_locked	excluded	tracepoint event
cgroup:cgroup_rstat_unlock	excluded	tracepoint event
cgroup:cgroup_setup_root	excluded	tracepoint event
cgroup:cgroup_transfer_tasks	excluded	tracepoint event
cgroup:cgroup_unfreeze	excluded	tracepoint event
clk:clk_disable	excluded	tracepoint event
clk:clk_disable_complete	excluded	tracepoint event
clk:clk_enable	excluded	tracepoint event
clk:clk_enable_complete	excluded	tracepoint event
clk:clk_prepare	excluded	tracepoint event
clk:clk_prepare_complete	excluded	tracepoint event
clk:clk_rate_request_done	excluded	tracepoint event
clk:clk_rate_request_start	excluded	tracepoint event
clk:clk_set_duty_cycle	excluded	tracepoint event
clk:clk_set_duty_cycle_complete	excluded	tracepoint event
clk:clk_set_max_rate	excluded	tracepoint event
clk:clk_set_min_rate	excluded	tracepoint event
clk:clk_set_parent	excluded	tracepoint event
clk:clk_set_parent_complete	excluded	tracepoint event
clk:clk_set_phase	excluded	tracepoint event
clk:clk_set_phase_complete	excluded	tracepoint event
clk:clk_set_rate	excluded	tracepoint event
clk:clk_set_rate_complete	excluded	tracepoint event
clk:clk_set_rate_range	excluded	tracepoint event
clk:clk_unprepare	excluded	tracepoint event
clk:clk_unprepare_complete	excluded	tracepoint event
compaction:mm_compaction_begin	excluded	tracepoint event
compaction:mm_compaction_defer_compaction	excluded	tracepoint event
compaction:mm_compaction_defer_reset	excluded	tracepoint event
compaction:mm_compaction_deferred	excluded	tracepoint event
compaction:mm_compaction_end	excluded	tracepoint event
compaction:mm_compaction_fast_isolate_freepages	excluded	tracepoint event
compaction:mm_compaction_finished	excluded	tracepoint event
compaction:mm_compaction_isolate_freepages	excluded	tracepoint event
compaction:mm_compaction_isolate_migratepages	excluded	tracepoint event
compaction:mm_compaction_kcompactd_sleep	excluded	tracepoint event
compaction:mm_compaction_kcompactd_wake	excluded	tracepoint event
compaction:mm_compaction_migratepages	excluded	tracepoint event
compaction:mm_compaction_suitable	excluded	tracepoint event
compaction:mm_compaction_try_to_compact_pages	excluded	tracepoint event
compaction:mm_compaction_wakeup_kcompactd	excluded	tracepoint event
context_tracking:user_enter	excluded	tracepoint event
context_tracking:user_exit	excluded	tracepoint event
cpuhp:cpuhp_enter	excluded	tracepoint event
cpuhp:cpuhp_exit	excluded	tracepoint event
cpuhp:cpuhp_multi_enter	excluded	tracepoint event
csd:csd_function_entry	excluded	tracepoint event
csd:csd_function_exit	excluded	tracepoint event
csd:csd_queue_cpu	excluded	tracepoint event
cxl:cxl_aer_correctable_error	excluded	tracepoint event
cxl:cxl_aer_uncorrectable_error	excluded	tracepoint event
cxl:cxl_dram	excluded	tracepoint event
cxl:cxl_general_media	excluded	tracepoint event
cxl:cxl_generic_event	excluded	tracepoint event
cxl:cxl_memory_module	excluded	tracepoint event
cxl:cxl_memory_sparing	excluded	tracepoint event
cxl:cxl_overflow	excluded	tracepoint event
cxl:cxl_poison	excluded	tracepoint event
cxl:cxl_port_aer_correctable_error	excluded	tracepoint event
cxl:cxl_port_aer_uncorrectable_error	excluded	tracepoint event
dev:devres_log	excluded	tracepoint event
devfreq:devfreq_frequency	excluded	tracepoint event
devfreq:devfreq_monitor	excluded	tracepoint event
devlink:devlink_health_recover_aborted	excluded	tracepoint event
devlink:devlink_health_report	excluded	tracepoint event
devlink:devlink_health_reporter_state_update	excluded	tracepoint event
devlink:devlink_hwerr	excluded	tracepoint event
devlink:devlink_hwmsg	excluded	tracepoint event
devlink:devlink_trap_report	excluded	tracepoint event
dma:dma_alloc	excluded	tracepoint event
dma:dma_alloc_pages	excluded	tracepoint event
dma:dma_alloc_sgt	excluded	tracepoint event
dma:dma_alloc_sgt_err	excluded	tracepoint event
dma:dma_free	excluded	tracepoint event
dma:dma_free_pages	excluded	tracepoint event
dma:dma_free_sgt	excluded	tracepoint event
dma:dma_map_page	excluded	tracepoint event
dma:dma_map_resource	excluded	tracepoint event
dma:dma_map_sg	excluded	tracepoint event
dma:dma_map_sg_err	excluded	tracepoint event
dma:dma_sync_sg_for_cpu	excluded	tracepoint event
dma:dma_sync_sg_for_device	excluded	tracepoint event
dma:dma_sync_single_for_cpu	excluded	tracepoint event
dma:dma_sync_single_for_device	excluded	tracepoint event
dma:dma_unmap_page	excluded	tracepoint event
dma:dma_unmap_resource	excluded	tracepoint event
dma:dma_unmap_sg	excluded	tracepoint event
dma_fence:dma_fence_destroy	excluded	tracepoint event
dma_fence:dma_fence_emit	excluded	tracepoint event
dma_fence:dma_fence_enable_signal	excluded	tracepoint event
dma_fence:dma_fence_init	excluded	tracepoint event
dma_fence:dma_fence_signaled	excluded	tracepoint event
dma_fence:dma_fence_wait_end	excluded	tracepoint event
dma_fence:dma_fence_wait_start	excluded	tracepoint event
drm:drm_vblank_event	excluded	tracepoint event
drm:drm_vblank_event_delivered	excluded	tracepoint event
drm:drm_vblank_event_queued	excluded	tracepoint event
error_report:error_report_end	excluded	tracepoint event
exceptions:page_fault_kernel	excluded	tracepoint event
exceptions:page_fault_user	excluded	tracepoint event
ext4:ext4_alloc_da_blocks	excluded	tracepoint event
ext4:ext4_allocate_blocks	excluded	tracepoint event
ext4:ext4_allocate_inode	excluded	tracepoint event
ext4:ext4_begin_ordered_truncate	excluded	tracepoint event
ext4:ext4_collapse_range	excluded	tracepoint event
ext4:ext4_da_release_space	excluded	tracepoint event
ext4:ext4_da_reserve_space	excluded	tracepoint event
ext4:ext4_da_update_reserve_space	excluded	tracepoint event
ext4:ext4_da_write_begin	excluded	tracepoint event
ext4:ext4_da_write_end	excluded	tracepoint event
ext4:ext4_da_write_folios_end	excluded	tracepoint event
ext4:ext4_da_write_folios_start	excluded	tracepoint event
ext4:ext4_da_write_pages_extent	excluded	tracepoint event
ext4:ext4_discard_blocks	excluded	tracepoint event
ext4:ext4_discard_preallocations	excluded	tracepoint event
ext4:ext4_drop_inode	excluded	tracepoint event
ext4:ext4_error	excluded	tracepoint event
ext4:ext4_es_cache_extent	excluded	tracepoint event
ext4:ext4_es_find_extent_range_enter	excluded	tracepoint event
ext4:ext4_es_find_extent_range_exit	excluded	tracepoint event
ext4:ext4_es_insert_delayed_extent	excluded	tracepoint event
ext4:ext4_es_insert_extent	excluded	tracepoint event
ext4:ext4_es_lookup_extent_enter	excluded	tracepoint event
ext4:ext4_es_lookup_extent_exit	excluded	tracepoint event
ext4:ext4_es_remove_extent	excluded	tracepoint event
ext4:ext4_es_shrink	excluded	tracepoint event
ext4:ext4_es_shrink_count	excluded	tracepoint event
ext4:ext4_es_shrink_scan_enter	excluded	tracepoint event
ext4:ext4_es_shrink_scan_exit	excluded	tracepoint event
ext4:ext4_evict_inode	excluded	tracepoint event
ext4:ext4_ext_convert_to_initialized_enter	excluded	tracepoint event
ext4:ext4_ext_convert_to_initialized_fastpath	excluded	tracepoint event
ext4:ext4_ext_handle_unwritten_extents	excluded	tracepoint event
ext4:ext4_ext_load_extent	excluded	tracepoint event
ext4:ext4_ext_map_blocks_enter	excluded	tracepoint event
ext4:ext4_ext_map_blocks_exit	excluded	tracepoint event
ext4:ext4_ext_remove_space	excluded	tracepoint event
ext4:ext4_ext_remove_space_done	excluded	tracepoint event
ext4:ext4_ext_rm_idx	excluded	tracepoint event
ext4:ext4_ext_rm_leaf	excluded	tracepoint event
ext4:ext4_ext_show_extent	excluded	tracepoint event
ext4:ext4_fallocate_enter	excluded	tracepoint event
ext4:ext4_fallocate_exit	excluded	tracepoint event
ext4:ext4_fc_cleanup	excluded	tracepoint event
ext4:ext4_fc_commit_start	excluded	tracepoint event
ext4:ext4_fc_commit_stop	excluded	tracepoint event
ext4:ext4_fc_replay	excluded	tracepoint event
ext4:ext4_fc_replay_scan	excluded	tracepoint event
ext4:ext4_fc_stats	excluded	tracepoint event
ext4:ext4_fc_track_create	excluded	tracepoint event
ext4:ext4_fc_track_inode	excluded	tracepoint event
ext4:ext4_fc_track_link	excluded	tracepoint event
ext4:ext4_fc_track_range	excluded	tracepoint event
ext4:ext4_fc_track_unlink	excluded	tracepoint event
ext4:ext4_forget	excluded	tracepoint event
ext4:ext4_free_blocks	excluded	tracepoint event
ext4:ext4_free_inode	excluded	tracepoint event
ext4:ext4_fsmap_high_key	excluded	tracepoint event
ext4:ext4_fsmap_low_key	excluded	tracepoint event
ext4:ext4_fsmap_mapping	excluded	tracepoint event
ext4:ext4_get_implied_cluster_alloc_exit	excluded	tracepoint event
ext4:ext4_getfsmap_high_key	excluded	tracepoint event
ext4:ext4_getfsmap_low_key	excluded	tracepoint event
ext4:ext4_getfsmap_mapping	excluded	tracepoint event
ext4:ext4_ind_map_blocks_enter	excluded	tracepoint event
ext4:ext4_ind_map_blocks_exit	excluded	tracepoint event
ext4:ext4_insert_range	excluded	tracepoint event
ext4:ext4_invalidate_folio	excluded	tracepoint event
ext4:ext4_journal_start_inode	excluded	tracepoint event
ext4:ext4_journal_start_reserved	excluded	tracepoint event
ext4:ext4_journal_start_sb	excluded	tracepoint event
ext4:ext4_journalled_invalidate_folio	excluded	tracepoint event
ext4:ext4_journalled_write_end	excluded	tracepoint event
ext4:ext4_lazy_itable_init	excluded	tracepoint event
ext4:ext4_load_inode	excluded	tracepoint event
ext4:ext4_load_inode_bitmap	excluded	tracepoint event
ext4:ext4_mark_inode_dirty	excluded	tracepoint event
ext4:ext4_mb_bitmap_load	excluded	tracepoint event
ext4:ext4_mb_buddy_bitmap_load	excluded	tracepoint event
ext4:ext4_mb_discard_preallocations	excluded	tracepoint event
ext4:ext4_mb_new_group_pa	excluded	tracepoint event
ext4:ext4_mb_new_inode_pa	excluded	tracepoint event
ext4:ext4_mb_release_group_pa	excluded	tracepoint event
ext4:ext4_mb_release_inode_pa	excluded	tracepoint event
ext4:ext4_mballoc_alloc	excluded	tracepoint event
ext4:ext4_mballoc_discard	excluded	tracepoint event
ext4:ext4_mballoc_free	excluded	tracepoint event
ext4:ext4_mballoc_prealloc	excluded	tracepoint event
ext4:ext4_nfs_commit_metadata	excluded	tracepoint event
ext4:ext4_other_inode_update_time	excluded	tracepoint event
ext4:ext4_prefetch_bitmaps	excluded	tracepoint event
ext4:ext4_punch_hole	excluded	tracepoint event
ext4:ext4_read_block_bitmap_load	excluded	tracepoint event
ext4:ext4_read_folio	excluded	tracepoint event
ext4:ext4_release_folio	excluded	tracepoint event
ext4:ext4_remove_blocks	excluded	tracepoint event
ext4:ext4_request_blocks	excluded	tracepoint event
ext4:ext4_request_inode	excluded	tracepoint event
ext4:ext4_shutdown	excluded	tracepoint event
ext4:ext4_sync_file_enter	excluded	tracepoint event
ext4:ext4_sync_file_exit	excluded	tracepoint event
ext4:ext4_sync_fs	excluded	tracepoint event
ext4:ext4_trim_all_free	excluded	tracepoint event
ext4:ext4_trim_extent	excluded	tracepoint event
ext4:ext4_truncate_enter	excluded	tracepoint event
ext4:ext4_truncate_exit	excluded	tracepoint event
ext4:ext4_unlink_enter	excluded	tracepoint event
ext4:ext4_unlink_exit	excluded	tracepoint event
ext4:ext4_update_sb	excluded	tracepoint event
ext4:ext4_write_begin	excluded	tracepoint event
ext4:ext4_write_end	excluded	tracepoint event
ext4:ext4_writepages	excluded	tracepoint event
ext4:ext4_writepages_result	excluded	tracepoint event
ext4:ext4_zero_range	excluded	tracepoint event
fib:fib_table_lookup	excluded	tracepoint event
fib6:fib6_table_lookup	excluded	tracepoint event
filelock:break_lease_block	excluded	tracepoint event
filelock:break_lease_noblock	excluded	tracepoint event
filelock:break_lease_unblock	excluded	tracepoint event
filelock:fcntl_setlk	excluded	tracepoint event
filelock:flock_lock_inode	excluded	tracepoint event
filelock:generic_add_lease	excluded	tracepoint event
filelock:generic_delete_lease	excluded	tracepoint event
filelock:leases_conflict	excluded	tracepoint event
filelock:locks_get_lock_context	excluded	tracepoint event
filelock:locks_remove_posix	excluded	tracepoint event
filelock:posix_lock_inode	excluded	tracepoint event
filelock:time_out_leases	excluded	tracepoint event
filemap:file_check_and_advance_wb_err	excluded	tracepoint event
filemap:filemap_set_wb_err	excluded	tracepoint event
filemap:mm_filemap_add_to_page_cache	excluded	tracepoint event
filemap:mm_filemap_delete_from_page_cache	excluded	tracepoint event
filemap:mm_filemap_fault	excluded	tracepoint event
filemap:mm_filemap_get_pages	excluded	tracepoint event
filemap:mm_filemap_map_pages	excluded	tracepoint event
fs_dax:dax_insert_pfn_mkwrite	excluded	tracepoint event
fs_dax:dax_insert_pfn_mkwrite_no_entry	excluded	tracepoint event
fs_dax:dax_load_hole	excluded	tracepoint event
fs_dax:dax_pmd_fault	excluded	tracepoint event
fs_dax:dax_pmd_fault_done	excluded	tracepoint event
fs_dax:dax_pmd_load_hole	excluded	tracepoint event
fs_dax:dax_pmd_load_hole_fallback	excluded	tracepoint event
fs_dax:dax_pte_fault	excluded	tracepoint event
fs_dax:dax_pte_fault_done	excluded	tracepoint event
fs_dax:dax_writeback_one	excluded	tracepoint event
fs_dax:dax_writeback_range	excluded	tracepoint event
fs_dax:dax_writeback_range_done	excluded	tracepoint event
ftrace:function	excluded	tracepoint event
ftrace:print	excluded	tracepoint event
fuse:fuse_request_end	excluded	tracepoint event
fuse:fuse_request_send	excluded	tracepoint event
gpio:gpio_direction	excluded	tracepoint event
gpio:gpio_value	excluded	tracepoint event
handshake:handshake_cancel	excluded	tracepoint event
handshake:handshake_cancel_busy	excluded	tracepoint event
handshake:handshake_cancel_none	excluded	tracepoint event
handshake:handshake_cmd_accept	excluded	tracepoint event
handshake:handshake_cmd_accept_err	excluded	tracepoint event
handshake:handshake_cmd_done	excluded	tracepoint event
handshake:handshake_cmd_done_err	excluded	tracepoint event
handshake:handshake_complete	excluded	tracepoint event
handshake:handshake_destruct	excluded	tracepoint event
handshake:handshake_notify_err	excluded	tracepoint event
handshake:handshake_submit	excluded	tracepoint event
handshake:handshake_submit_err	excluded	tracepoint event
handshake:tls_alert_recv	excluded	tracepoint event
handshake:tls_alert_send	excluded	tracepoint event
handshake:tls_contenttype	excluded	tracepoint event
huge_memory:mm_collapse_huge_page	excluded	tracepoint event
huge_memory:mm_collapse_huge_page_isolate	excluded	tracepoint event
huge_memory:mm_collapse_huge_page_swapin	excluded	tracepoint event
huge_memory:mm_khugepaged_collapse_file	excluded	tracepoint event
huge_memory:mm_khugepaged_scan_file	excluded	tracepoint event
huge_memory:mm_khugepaged_scan_pmd	excluded	tracepoint event
hugetlbfs:hugetlbfs_alloc_inode	excluded	tracepoint event
hugetlbfs:hugetlbfs_evict_inode	excluded	tracepoint event
hugetlbfs:hugetlbfs_fallocate	excluded	tracepoint event
hugetlbfs:hugetlbfs_free_inode	excluded	tracepoint event
hugetlbfs:hugetlbfs_setattr	excluded	tracepoint event
hwmon:hwmon_attr_show	excluded	tracepoint event
hwmon:hwmon_attr_show_string	excluded	tracepoint event
hwmon:hwmon_attr_store	excluded	tracepoint event
hyperv:hyperv_mmu_flush_tlb_multi	excluded	tracepoint event
hyperv:hyperv_nested_flush_guest_mapping	excluded	tracepoint event
hyperv:hyperv_nested_flush_guest_mapping_range	excluded	tracepoint event
hyperv:hyperv_send_ipi_mask	excluded	tracepoint event
hyperv:hyperv_send_ipi_one	excluded	tracepoint event
i2c:i2c_read	excluded	tracepoint event
i2c:i2c_reply	excluded	tracepoint event
i2c:i2c_result	excluded	tracepoint event
i2c:i2c_write	excluded	tracepoint event
i2c_slave:i2c_slave	excluded	tracepoint event
icmp:icmp_send	excluded	tracepoint event
initcall:initcall_finish	excluded	tracepoint event
initcall:initcall_level	excluded	tracepoint event
initcall:initcall_start	excluded	tracepoint event
intel_ifs:ifs_sbaf	excluded	tracepoint event
intel_ifs:ifs_status	excluded	tracepoint event
intel_iommu:cache_tag_assign	excluded	tracepoint event
intel_iommu:cache_tag_flush_range	excluded	tracepoint event
intel_iommu:cache_tag_flush_range_np	excluded	tracepoint event
intel_iommu:cache_tag_unassign	excluded	tracepoint event
intel_iommu:prq_report	excluded	tracepoint event
intel_iommu:qi_submit	excluded	tracepoint event
interconnect:icc_set_bw	excluded	tracepoint event
interconnect:icc_set_bw_end	excluded	tracepoint event
io_uring:io_uring_complete	excluded	tracepoint event
io_uring:io_uring_cqe_overflow	excluded	tracepoint event
io_uring:io_uring_cqring_wait	excluded	tracepoint event
io_uring:io_uring_create	excluded	tracepoint event
io_uring:io_uring_defer	excluded	tracepoint event
io_uring:io_uring_fail_link	excluded	tracepoint event
io_uring:io_uring_file_get	excluded	tracepoint event
io_uring:io_uring_link	excluded	tracepoint event
io_uring:io_uring_local_work_run	excluded	tracepoint event
io_uring:io_uring_poll_arm	excluded	tracepoint event
io_uring:io_uring_queue_async_work	excluded	tracepoint event
io_uring:io_uring_register	excluded	tracepoint event
io_uring:io_uring_req_failed	excluded	tracepoint event
io_uring:io_uring_short_write	excluded	tracepoint event
io_uring:io_uring_submit_req	excluded	tracepoint event
io_uring:io_uring_task_add	excluded	tracepoint event
io_uring:io_uring_task_work_run	excluded	tracepoint event
iocost:iocost_inuse_adjust	excluded	tracepoint event
iocost:iocost_inuse_shortage	excluded	tracepoint event
iocost:iocost_inuse_transfer	excluded	tracepoint event
iocost:iocost_ioc_vrate_adj	excluded	tracepoint event
iocost:iocost_iocg_activate	excluded	tracepoint event
iocost:iocost_iocg_forgive_debt	excluded	tracepoint event
iocost:iocost_iocg_idle	excluded	tracepoint event
iomap:iomap_add_to_ioend	excluded	tracepoint event
iomap:iomap_dio_complete	excluded	tracepoint event
iomap:iomap_dio_invalidate_fail	excluded	tracepoint event
iomap:iomap_dio_rw_begin	excluded	tracepoint event
iomap:iomap_dio_rw_queued	excluded	tracepoint event
iomap:iomap_invalidate_folio	excluded	tracepoint event
iomap:iomap_iter	excluded	tracepoint event
iomap:iomap_iter_dstmap	excluded	tracepoint event
iomap:iomap_iter_srcmap	excluded	tracepoint event
iomap:iomap_readahead	excluded	tracepoint event
iomap:iomap_readpage	excluded	tracepoint event
iomap:iomap_release_folio	excluded	tracepoint event
iomap:iomap_writeback_folio	excluded	tracepoint event
iommu:add_device_to_group	excluded	tracepoint event
iommu:attach_device_to_domain	excluded	tracepoint event
iommu:io_page_fault	excluded	tracepoint event
iommu:map	excluded	tracepoint event
iommu:remove_device_from_group	excluded	tracepoint event
iommu:unmap	excluded	tracepoint event
ipi:ipi_send_cpu	excluded	tracepoint event
ipi:ipi_send_cpumask	excluded	tracepoint event
irq:irq_handler_entry	excluded	tracepoint event
irq:irq_handler_exit	excluded	tracepoint event
irq:softirq_entry	excluded	tracepoint event
irq:softirq_exit	excluded	tracepoint event
irq:softirq_raise	excluded	tracepoint event
irq:tasklet_entry	excluded	tracepoint event
irq:tasklet_exit	excluded	tracepoint event
irq_matrix:irq_matrix_alloc	excluded	tracepoint event
irq_matrix:irq_matrix_alloc_managed	excluded	tracepoint event
irq_matrix:irq_matrix_assign	excluded	tracepoint event
irq_matrix:irq_matrix_assign_system	excluded	tracepoint event
irq_matrix:irq_matrix_free	excluded	tracepoint event
irq_matrix:irq_matrix_offline	excluded	tracepoint event
irq_matrix:irq_matrix_online	excluded	tracepoint event
irq_matrix:irq_matrix_remove_managed	excluded	tracepoint event
irq_matrix:irq_matrix_remove_reserved	excluded	tracepoint event
irq_matrix:irq_matrix_reserve	excluded	tracepoint event
irq_matrix:irq_matrix_reserve_managed	excluded	tracepoint event
irq_vectors:call_function_entry	excluded	tracepoint event
irq_vectors:call_function_exit	excluded	tracepoint event
irq_vectors:call_function_single_entry	excluded	tracepoint event
irq_vectors:call_function_single_exit	excluded	tracepoint event
irq_vectors:deferred_error_apic_entry	excluded	tracepoint event
irq_vectors:deferred_error_apic_exit	excluded	tracepoint event
irq_vectors:error_apic_entry	excluded	tracepoint event
irq_vectors:error_apic_exit	excluded	tracepoint event
irq_vectors:irq_work_entry	excluded	tracepoint event
irq_vectors:irq_work_exit	excluded	tracepoint event
irq_vectors:local_timer_entry	excluded	tracepoint event
irq_vectors:local_timer_exit	excluded	tracepoint event
irq_vectors:reschedule_entry	excluded	tracepoint event
irq_vectors:reschedule_exit	excluded	tracepoint event
irq_vectors:spurious_apic_entry	excluded	tracepoint event
irq_vectors:spurious_apic_exit	excluded	tracepoint event
irq_vectors:thermal_apic_entry	excluded	tracepoint event
irq_vectors:thermal_apic_exit	excluded	tracepoint event
irq_vectors:threshold_apic_entry	excluded	tracepoint event
irq_vectors:threshold_apic_exit	excluded	tracepoint event
irq_vectors:vector_activate	excluded	tracepoint event
irq_vectors:vector_alloc	excluded	tracepoint event
irq_vectors:vector_alloc_managed	excluded	tracepoint event
irq_vectors:vector_clear	excluded	tracepoint event
irq_vectors:vector_config	excluded	tracepoint event
irq_vectors:vector_deactivate	excluded	tracepoint event
irq_vectors:vector_free_moved	excluded	tracepoint event
irq_vectors:vector_reserve	excluded	tracepoint event
irq_vectors:vector_reserve_managed	excluded	tracepoint event
irq_vectors:vector_setup	excluded	tracepoint event
irq_vectors:vector_teardown	excluded	tracepoint event
irq_vectors:vector_update	excluded	tracepoint event
irq_vectors:x86_platform_ipi_entry	excluded	tracepoint event
irq_vectors:x86_platform_ipi_exit	excluded	tracepoint event
jbd2:jbd2_checkpoint	excluded	tracepoint event
jbd2:jbd2_checkpoint_stats	excluded	tracepoint event
jbd2:jbd2_commit_flushing	excluded	tracepoint event
jbd2:jbd2_commit_locking	excluded	tracepoint event
jbd2:jbd2_commit_logging	excluded	tracepoint event
jbd2:jbd2_drop_transaction	excluded	tracepoint event
jbd2:jbd2_end_commit	excluded	tracepoint event
jbd2:jbd2_handle_extend	excluded	tracepoint event
jbd2:jbd2_handle_restart	excluded	tracepoint event
jbd2:jbd2_handle_start	excluded	tracepoint event
jbd2:jbd2_handle_stats	excluded	tracepoint event
jbd2:jbd2_lock_buffer_stall	excluded	tracepoint event
jbd2:jbd2_run_stats	excluded	tracepoint event
jbd2:jbd2_shrink_checkpoint_list	excluded	tracepoint event
jbd2:jbd2_shrink_count	excluded	tracepoint event
jbd2:jbd2_shrink_scan_enter	excluded	tracepoint event
jbd2:jbd2_shrink_scan_exit	excluded	tracepoint event
jbd2:jbd2_start_commit	excluded	tracepoint event
jbd2:jbd2_submit_inode_data	excluded	tracepoint event
jbd2:jbd2_update_log_tail	excluded	tracepoint event
jbd2:jbd2_write_superblock	excluded	tracepoint event
kmem:kfree	excluded	tracepoint event
kmem:kmalloc	excluded	tracepoint event
kmem:kmem_cache_alloc	excluded	tracepoint event
kmem:kmem_cache_free	excluded	tracepoint event
kmem:mm_calculate_totalreserve_pages	excluded	tracepoint event
kmem:mm_page_alloc	excluded	tracepoint event
kmem:mm_page_alloc_extfrag	excluded	tracepoint event
kmem:mm_page_alloc_zone_locked	excluded	tracepoint event
kmem:mm_page_free	excluded	tracepoint event
kmem:mm_page_free_batched	excluded	tracepoint event
kmem:mm_page_pcpu_drain	excluded	tracepoint event
kmem:mm_setup_per_zone_lowmem_reserve	excluded	tracepoint event
kmem:mm_setup_per_zone_wmarks	excluded	tracepoint event
kmem:rss_stat	excluded	tracepoint event
ksm:ksm_advisor	excluded	tracepoint event
ksm:ksm_enter	excluded	tracepoint event
ksm:ksm_exit	excluded	tracepoint event
ksm:ksm_merge_one_page	excluded	tracepoint event
ksm:ksm_merge_with_ksm_page	excluded	tracepoint event
ksm:ksm_remove_ksm_page	excluded	tracepoint event
ksm:ksm_remove_rmap_item	excluded	tracepoint event
ksm:ksm_start_scan	excluded	tracepoint event
ksm:ksm_stop_scan	excluded	tracepoint event
kvm:kvm_ack_irq	excluded	tracepoint event
kvm:kvm_age_hva	excluded	tracepoint event
kvm:kvm_apic	excluded	tracepoint event
kvm:kvm_apic_accept_irq	excluded	tracepoint event
kvm:kvm_apic_ipi	excluded	tracepoint event
kvm:kvm_apicv_accept_irq	excluded	tracepoint event
kvm:kvm_apicv_inhibit_changed	excluded	tracepoint event
kvm:kvm_async_pf_completed	excluded	tracepoint event
kvm:kvm_async_pf_not_present	excluded	tracepoint event
kvm:kvm_async_pf_ready	excluded	tracepoint event
kvm:kvm_async_pf_repeated_fault	excluded	tracepoint event
kvm:kvm_avic_doorbell	excluded	tracepoint event
kvm:kvm_avic_ga_log	excluded	tracepoint event
kvm:kvm_avic_incomplete_ipi	excluded	tracepoint event
kvm:kvm_avic_kick_vcpu_slowpath	excluded	tracepoint event
kvm:kvm_avic_unaccelerated_access	excluded	tracepoint event
kvm:kvm_cpuid	excluded	tracepoint event
kvm:kvm_cr	excluded	tracepoint event
kvm:kvm_dirty_ring_exit	excluded	tracepoint event
kvm:kvm_dirty_ring_push	excluded	tracepoint event
kvm:kvm_dirty_ring_reset	excluded	tracepoint event
kvm:kvm_emulate_insn	excluded	tracepoint event
kvm:kvm_entry	excluded	tracepoint event
kvm:kvm_eoi	excluded	tracepoint event
kvm:kvm_exit	excluded	tracepoint event
kvm:kvm_fast_mmio	excluded	tracepoint event
kvm:kvm_fpu	excluded	tracepoint event
kvm:kvm_halt_poll_ns	excluded	tracepoint event
kvm:kvm_hv_flush_tlb	excluded	tracepoint event
kvm:kvm_hv_flush_tlb_ex	excluded	tracepoint event
kvm:kvm_hv_hypercall	excluded	tracepoint event
kvm:kvm_hv_hypercall_done	excluded	tracepoint event
kvm:kvm_hv_notify_acked_sint	excluded	tracepoint event
kvm:kvm_hv_send_ipi	excluded	tracepoint event
kvm:kvm_hv_send_ipi_ex	excluded	tracepoint event
kvm:kvm_hv_stimer_callback	excluded	tracepoint event
kvm:kvm_hv_stimer_cleanup	excluded	tracepoint event
kvm:kvm_hv_stimer_expiration	excluded	tracepoint event
kvm:kvm_hv_stimer_set_config	excluded	tracepoint event
kvm:kvm_hv_stimer_set_count	excluded	tracepoint event
kvm:kvm_hv_stimer_start_one_shot	excluded	tracepoint event
kvm:kvm_hv_stimer_start_periodic	excluded	tracepoint event
kvm:kvm_hv_syndbg_get_msr	excluded	tracepoint event
kvm:kvm_hv_syndbg_set_msr	excluded	tracepoint event
kvm:kvm_hv_synic_send_eoi	excluded	tracepoint event
kvm:kvm_hv_synic_set_irq	excluded	tracepoint event
kvm:kvm_hv_synic_set_msr	excluded	tracepoint event
kvm:kvm_hv_timer_state	excluded	tracepoint event
kvm:kvm_hypercall	excluded	tracepoint event
kvm:kvm_inj_exception	excluded	tracepoint event
kvm:kvm_inj_virq	excluded	tracepoint event
kvm:kvm_invlpga	excluded	tracepoint event
kvm:kvm_ioapic_delayed_eoi_inj	excluded	tracepoint event
kvm:kvm_ioapic_set_irq	excluded	tracepoint event
kvm:kvm_iocsr	excluded	tracepoint event
kvm:kvm_mmio	excluded	tracepoint event
kvm:kvm_msi_set_irq	excluded	tracepoint event
kvm:kvm_msr	excluded	tracepoint event
kvm:kvm_nested_intercepts	excluded	tracepoint event
kvm:kvm_nested_intr_vmexit	excluded	tracepoint event
kvm:kvm_nested_vmenter	excluded	tracepoint event
kvm:kvm_nested_vmenter_failed	excluded	tracepoint event
kvm:kvm_nested_vmexit	excluded	tracepoint event
kvm:kvm_nested_vmexit_inject	excluded	tracepoint event
kvm:kvm_page_fault	excluded	tracepoint event
kvm:kvm_pi_irte_update	excluded	tracepoint event
kvm:kvm_pic_set_irq	excluded	tracepoint event
kvm:kvm_pio	excluded	tracepoint event
kvm:kvm_ple_window_update	excluded	tracepoint event
kvm:kvm_pml_full	excluded	tracepoint event
kvm:kvm_pv_eoi	excluded	tracepoint event
kvm:kvm_pv_tlb_flush	excluded	tracepoint event
kvm:kvm_pvclock_update	excluded	tracepoint event
kvm:kvm_rmp_fault	excluded	tracepoint event
kvm:kvm_set_irq	excluded	tracepoint event
kvm:kvm_skinit	excluded	tracepoint event
kvm:kvm_smm_transition	excluded	tracepoint event
kvm:kvm_test_age_hva	excluded	tracepoint event
kvm:kvm_track_tsc	excluded	tracepoint event
kvm:kvm_try_async_get_page	excluded	tracepoint event
kvm:kvm_unmap_hva_range	excluded	tracepoint event
kvm:kvm_update_master_clock	excluded	tracepoint event
kvm:kvm_userspace_exit	excluded	tracepoint event
kvm:kvm_vcpu_wakeup	excluded	tracepoint event
kvm:kvm_vm_set_mem_attributes	excluded	tracepoint event
kvm:kvm_vmgexit_enter	excluded	tracepoint event
kvm:kvm_vmgexit_exit	excluded	tracepoint event
kvm:kvm_vmgexit_msr_protocol_enter	excluded	tracepoint event
kvm:kvm_vmgexit_msr_protocol_exit	excluded	tracepoint event
kvm:kvm_wait_lapic_expire	excluded	tracepoint event
kvm:kvm_write_tsc_offset	excluded	tracepoint event
kvm:kvm_xen_hypercall	excluded	tracepoint event
kvm:vcpu_match_mmio	excluded	tracepoint event
kvmmmu:check_mmio_spte	excluded	tracepoint event
kvmmmu:fast_page_fault	excluded	tracepoint event
kvmmmu:handle_mmio_page_fault	excluded	tracepoint event
kvmmmu:kvm_mmu_get_page	excluded	tracepoint event
kvmmmu:kvm_mmu_pagetable_walk	excluded	tracepoint event
kvmmmu:kvm_mmu_paging_element	excluded	tracepoint event
kvmmmu:kvm_mmu_prepare_zap_page	excluded	tracepoint event
kvmmmu:kvm_mmu_set_accessed_bit	excluded	tracepoint event
kvmmmu:kvm_mmu_set_dirty_bit	excluded	tracepoint event
kvmmmu:kvm_mmu_set_spte	excluded	tracepoint event
kvmmmu:kvm_mmu_split_huge_page	excluded	tracepoint event
kvmmmu:kvm_mmu_spte_requested	excluded	tracepoint event
kvmmmu:kvm_mmu_sync_page	excluded	tracepoint event
kvmmmu:kvm_mmu_unsync_page	excluded	tracepoint event
kvmmmu:kvm_mmu_walker_error	excluded	tracepoint event
kvmmmu:kvm_mmu_zap_all_fast	excluded	tracepoint event
kvmmmu:kvm_tdp_mmu_spte_changed	excluded	tracepoint event
kvmmmu:mark_mmio_spte	excluded	tracepoint event
libata:ata_bmdma_setup	excluded	tracepoint event
libata:ata_bmdma_start	excluded	tracepoint event
libata:ata_bmdma_status	excluded	tracepoint event
libata:ata_bmdma_stop	excluded	tracepoint event
libata:ata_eh_about_to_do	excluded	tracepoint event
libata:ata_eh_done	excluded	tracepoint event
libata:ata_eh_link_autopsy	excluded	tracepoint event
libata:ata_eh_link_autopsy_qc	excluded	tracepoint event
libata:ata_exec_command	excluded	tracepoint event
libata:ata_link_hardreset_begin	excluded	tracepoint event
libata:ata_link_hardreset_end	excluded	tracepoint event
libata:ata_link_postreset	excluded	tracepoint event
libata:ata_link_softreset_begin	excluded	tracepoint event
libata:ata_link_softreset_end	excluded	tracepoint event
libata:ata_port_freeze	excluded	tracepoint event
libata:ata_port_thaw	excluded	tracepoint event
libata:ata_qc_complete_done	excluded	tracepoint event
libata:ata_qc_complete_failed	excluded	tracepoint event
libata:ata_qc_complete_internal	excluded	tracepoint event
libata:ata_qc_issue	excluded	tracepoint event
libata:ata_qc_prep	excluded	tracepoint event
libata:ata_sff_flush_pio_task	excluded	tracepoint event
libata:ata_sff_hsm_command_complete	excluded	tracepoint event
libata:ata_sff_hsm_state	excluded	tracepoint event
libata:ata_sff_pio_transfer_data	excluded	tracepoint event
libata:ata_sff_port_intr	excluded	tracepoint event
libata:ata_slave_hardreset_begin	excluded	tracepoint event
libata:ata_slave_hardreset_end	excluded	tracepoint event
libata:ata_slave_postreset	excluded	tracepoint event
libata:ata_std_sched_eh	excluded	tracepoint event
libata:ata_tf_load	excluded	tracepoint event
libata:atapi_pio_transfer_data	excluded	tracepoint event
libata:atapi_send_cdb	excluded	tracepoint event
lock:contention_begin	excluded	tracepoint event
lock:contention_end	excluded	tracepoint event
maple_tree:ma_op	excluded	tracepoint event
maple_tree:ma_read	excluded	tracepoint event
maple_tree:ma_write	excluded	tracepoint event
mce:mce_record	excluded	tracepoint event
mctp:mctp_key_acquire	excluded	tracepoint event
mctp:mctp_key_release	excluded	tracepoint event
mdio:mdio_access	excluded	tracepoint event
mei:mei_pci_cfg_read	excluded	tracepoint event
mei:mei_reg_read	excluded	tracepoint event
mei:mei_reg_write	excluded	tracepoint event
memcg:count_memcg_events	excluded	tracepoint event
memcg:memcg_flush_stats	excluded	tracepoint event
memcg:mod_memcg_lruvec_state	excluded	tracepoint event
memcg:mod_memcg_state	excluded	tracepoint event
migrate:mm_migrate_pages	excluded	tracepoint event
migrate:mm_migrate_pages_start	excluded	tracepoint event
migrate:remove_migration_pte	excluded	tracepoint event
migrate:set_migration_pte	excluded	tracepoint event
mmap:exit_mmap	excluded	tracepoint event
mmap:vm_unmapped_area	excluded	tracepoint event
mmap_lock:mmap_lock_acquire_returned	excluded	tracepoint event
mmap_lock:mmap_lock_released	excluded	tracepoint event
mmap_lock:mmap_lock_start_locking	excluded	tracepoint event
mmc:mmc_request_done	excluded	tracepoint event
mmc:mmc_request_start	excluded	tracepoint event
module:module_free	excluded	tracepoint event
module:module_get	excluded	tracepoint event
module:module_load	excluded	tracepoint event
module:module_put	excluded	tracepoint event
module:module_request	excluded	tracepoint event
mptcp:ack_update_msk	excluded	tracepoint event
mptcp:get_mapping_status	excluded	tracepoint event
mptcp:mptcp_sendmsg_frag	excluded	tracepoint event
mptcp:mptcp_subflow_get_send	excluded	tracepoint event
mptcp:subflow_check_data_avail	excluded	tracepoint event
msr:rdpmc	excluded	tracepoint event
msr:read_msr	excluded	tracepoint event
msr:write_msr	excluded	tracepoint event
napi:dql_stall_detected	excluded	tracepoint event
napi:napi_poll	excluded	tracepoint event
neigh:neigh_cleanup_and_release	excluded	tracepoint event
neigh:neigh_create	excluded	tracepoint event
neigh:neigh_event_send_dead	excluded	tracepoint event
neigh:neigh_event_send_done	excluded	tracepoint event
neigh:neigh_timer_handler	excluded	tracepoint event
neigh:neigh_update	excluded	tracepoint event
neigh:neigh_update_done	excluded	tracepoint event
net:napi_gro_frags_entry	excluded	tracepoint event
net:napi_gro_frags_exit	excluded	tracepoint event
net:napi_gro_receive_entry	excluded	tracepoint event
net:napi_gro_receive_exit	excluded	tracepoint event
net:net_dev_queue	excluded	tracepoint event
net:net_dev_start_xmit	excluded	tracepoint event
net:net_dev_xmit	excluded	tracepoint event
net:net_dev_xmit_timeout	excluded	tracepoint event
net:netif_receive_skb	excluded	tracepoint event
net:netif_receive_skb_entry	excluded	tracepoint event
net:netif_receive_skb_exit	excluded	tracepoint event
net:netif_receive_skb_list_entry	excluded	tracepoint event
net:netif_receive_skb_list_exit	excluded	tracepoint event
net:netif_rx	excluded	tracepoint event
net:netif_rx_entry	excluded	tracepoint event
net:netif_rx_exit	excluded	tracepoint event
netlink:netlink_extack	excluded	tracepoint event
nmi:nmi_handler	excluded	tracepoint event
notifier:notifier_register	excluded	tracepoint event
notifier:notifier_run	excluded	tracepoint event
notifier:notifier_unregister	excluded	tracepoint event
oom:compact_retry	excluded	tracepoint event
oom:finish_task_reaping	excluded	tracepoint event
oom:mark_victim	excluded	tracepoint event
oom:oom_score_adj_update	excluded	tracepoint event
oom:reclaim_retry_zone	excluded	tracepoint event
oom:skip_task_reaping	excluded	tracepoint event
oom:start_task_reaping	excluded	tracepoint event
oom:wake_reaper	excluded	tracepoint event
osnoise:irq_noise	excluded	tracepoint event
osnoise:nmi_noise	excluded	tracepoint event
osnoise:osnoise_sample	excluded	tracepoint event
osnoise:sample_threshold	excluded	tracepoint event
osnoise:softirq_noise	excluded	tracepoint event
osnoise:thread_noise	excluded	tracepoint event
osnoise:timerlat_sample	excluded	tracepoint event
page_isolation:test_pages_isolated	excluded	tracepoint event
page_pool:page_pool_release	excluded	tracepoint event
page_pool:page_pool_state_hold	excluded	tracepoint event
page_pool:page_pool_state_release	excluded	tracepoint event
page_pool:page_pool_update_nid	excluded	tracepoint event
pagemap:mm_lru_activate	excluded	tracepoint event
pagemap:mm_lru_insertion	excluded	tracepoint event
percpu:percpu_alloc_percpu	excluded	tracepoint event
percpu:percpu_alloc_percpu_fail	excluded	tracepoint event
percpu:percpu_create_chunk	excluded	tracepoint event
percpu:percpu_destroy_chunk	excluded	tracepoint event
percpu:percpu_free_percpu	excluded	tracepoint event
power:cpu_frequency	excluded	tracepoint event
power:cpu_frequency_limits	excluded	tracepoint event
power:cpu_idle	excluded	tracepoint event
power:cpu_idle_miss	excluded	tracepoint event
power:dev_pm_qos_add_request	excluded	tracepoint event
power:dev_pm_qos_remove_request	excluded	tracepoint event
power:dev_pm_qos_update_request	excluded	tracepoint event
power:device_pm_callback_end	excluded	tracepoint event
power:device_pm_callback_start	excluded	tracepoint event
power:guest_halt_poll_ns	excluded	tracepoint event
power:pm_qos_add_request	excluded	tracepoint event
power:pm_qos_remove_request	excluded	tracepoint event
power:pm_qos_update_flags	excluded	tracepoint event
power:pm_qos_update_request	excluded	tracepoint event
power:pm_qos_update_target	excluded	tracepoint event
power:pstate_sample	excluded	tracepoint event
power:suspend_resume	excluded	tracepoint event
power:wakeup_source_activate	excluded	tracepoint event
power:wakeup_source_deactivate	excluded	tracepoint event
printk:console	excluded	tracepoint event
pwm:pwm_apply	excluded	tracepoint event
pwm:pwm_get	excluded	tracepoint event
pwm:pwm_read_waveform	excluded	tracepoint event
pwm:pwm_round_waveform_fromhw	excluded	tracepoint event
pwm:pwm_round_waveform_tohw	excluded	tracepoint event
pwm:pwm_write_waveform	excluded	tracepoint event
qdisc:qdisc_create	excluded	tracepoint event
qdisc:qdisc_dequeue	excluded	tracepoint event
qdisc:qdisc_destroy	excluded	tracepoint event
qdisc:qdisc_enqueue	excluded	tracepoint event
qdisc:qdisc_reset	excluded	tracepoint event
qrtr:qrtr_ns_message	excluded	tracepoint event
qrtr:qrtr_ns_server_add	excluded	tracepoint event
qrtr:qrtr_ns_service_announce_del	excluded	tracepoint event
qrtr:qrtr_ns_service_announce_new	excluded	tracepoint event
ras:aer_event	excluded	tracepoint event
ras:arm_event	excluded	tracepoint event
ras:extlog_mem_event	excluded	tracepoint event
ras:mc_event	excluded	tracepoint event
ras:memory_failure_event	excluded	tracepoint event
ras:non_standard_event	excluded	tracepoint event
raw_syscalls:sys_enter	excluded	tracepoint event
raw_syscalls:sys_exit	excluded	tracepoint event
rcu:rcu_stall_warning	excluded	tracepoint event
rcu:rcu_utilization	excluded	tracepoint event
regmap:regcache_drop_region	excluded	tracepoint event
regmap:regcache_sync	excluded	tracepoint event
regmap:regmap_async_complete_done	excluded	tracepoint event
regmap:regmap_async_complete_start	excluded	tracepoint event
regmap:regmap_async_io_complete	excluded	tracepoint event
regmap:regmap_async_write_start	excluded	tracepoint event
regmap:regmap_bulk_read	excluded	tracepoint event
regmap:regmap_bulk_write	excluded	tracepoint event
regmap:regmap_cache_bypass	excluded	tracepoint event
regmap:regmap_cache_only	excluded	tracepoint event
regmap:regmap_hw_read_done	excluded	tracepoint event
regmap:regmap_hw_read_start	excluded	tracepoint event
regmap:regmap_hw_write_done	excluded	tracepoint event
regmap:regmap_hw_write_start	excluded	tracepoint event
regmap:regmap_reg_read	excluded	tracepoint event
regmap:regmap_reg_read_cache	excluded	tracepoint event
regmap:regmap_reg_write	excluded	tracepoint event
regulator:regulator_bypass_disable	excluded	tracepoint event
regulator:regulator_bypass_disable_complete	excluded	tracepoint event
regulator:regulator_bypass_enable	excluded	tracepoint event
regulator:regulator_bypass_enable_complete	excluded	tracepoint event
regulator:regulator_disable	excluded	tracepoint event
regulator:regulator_disable_complete	excluded	tracepoint event
regulator:regulator_enable	excluded	tracepoint event
regulator:regulator_enable_complete	excluded	tracepoint event
regulator:regulator_enable_delay	excluded	tracepoint event
regulator:regulator_set_voltage	excluded	tracepoint event
regulator:regulator_set_voltage_complete	excluded	tracepoint event
resctrl:mon_llc_occupancy_limbo	excluded	tracepoint event
resctrl:pseudo_lock_l2	excluded	tracepoint event
resctrl:pseudo_lock_l3	excluded	tracepoint event
resctrl:pseudo_lock_mem_latency	excluded	tracepoint event
rpm:rpm_idle	excluded	tracepoint event
rpm:rpm_resume	excluded	tracepoint event
rpm:rpm_return_int	excluded	tracepoint event
rpm:rpm_status	excluded	tracepoint event
rpm:rpm_suspend	excluded	tracepoint event
rpm:rpm_usage	excluded	tracepoint event
rseq:rseq_ip_fixup	excluded	tracepoint event
rseq:rseq_update	excluded	tracepoint event
rtc:rtc_alarm_irq_enable	excluded	tracepoint event
rtc:rtc_irq_set_freq	excluded	tracepoint event
rtc:rtc_irq_set_state	excluded	tracepoint event
rtc:rtc_read_alarm	excluded	tracepoint event
rtc:rtc_read_offset	excluded	tracepoint event
rtc:rtc_read_time	excluded	tracepoint event
rtc:rtc_set_alarm	excluded	tracepoint event
rtc:rtc_set_offset	excluded	tracepoint event
rtc:rtc_set_time	excluded	tracepoint event
rtc:rtc_timer_dequeue	excluded	tracepoint event
rtc:rtc_timer_enqueue	excluded	tracepoint event
rtc:rtc_timer_fired	excluded	tracepoint event
rv:error_wwnr	excluded	tracepoint event
rv:event_wwnr	excluded	tracepoint event
rv:rv_retries_error	excluded	tracepoint event
sched:sched_kthread_stop	excluded	tracepoint event
sched:sched_kthread_stop_ret	excluded	tracepoint event
sched:sched_kthread_work_execute_end	excluded	tracepoint event
sched:sched_kthread_work_execute_start	excluded	tracepoint event
sched:sched_kthread_work_queue_work	excluded	tracepoint event
sched:sched_migrate_task	excluded	tracepoint event
sched:sched_move_numa	excluded	tracepoint event
sched:sched_pi_setprio	excluded	tracepoint event
sched:sched_prepare_exec	excluded	tracepoint event
sched:sched_process_exec	excluded	tracepoint event
sched:sched_process_exit	excluded	tracepoint event
sched:sched_process_fork	excluded	tracepoint event
sched:sched_process_free	excluded	tracepoint event
sched:sched_process_hang	excluded	tracepoint event
sched:sched_process_wait	excluded	tracepoint event
sched:sched_skip_cpuset_numa	excluded	tracepoint event
sched:sched_skip_vma_numa	excluded	tracepoint event
sched:sched_stat_blocked	excluded	tracepoint event
sched:sched_stat_iowait	excluded	tracepoint event
sched:sched_stat_runtime	excluded	tracepoint event
sched:sched_stat_sleep	excluded	tracepoint event
sched:sched_stat_wait	excluded	tracepoint event
sched:sched_stick_numa	excluded	tracepoint event
sched:sched_swap_numa	excluded	tracepoint event
sched:sched_switch	excluded	tracepoint event
sched:sched_wait_task	excluded	tracepoint event
sched:sched_wake_idle_without_ipi	excluded	tracepoint event
sched:sched_wakeup	excluded	tracepoint event
sched:sched_wakeup_new	excluded	tracepoint event
sched:sched_waking	excluded	tracepoint event
scsi:scsi_dispatch_cmd_done	excluded	tracepoint event
scsi:scsi_dispatch_cmd_error	excluded	tracepoint event
scsi:scsi_dispatch_cmd_start	excluded	tracepoint event
scsi:scsi_dispatch_cmd_timeout	excluded	tracepoint event
scsi:scsi_eh_wakeup	excluded	tracepoint event
sd:scsi_prepare_zone_append	excluded	tracepoint event
sd:scsi_zone_wp_update	excluded	tracepoint event
signal:signal_deliver	excluded	tracepoint event
signal:signal_generate	excluded	tracepoint event
skb:consume_skb	excluded	tracepoint event
skb:kfree_skb	excluded	tracepoint event
skb:skb_copy_datagram_iovec	excluded	tracepoint event
smbus:smbus_read	excluded	tracepoint event
smbus:smbus_reply	excluded	tracepoint event
smbus:smbus_result	excluded	tracepoint event
smbus:smbus_write	excluded	tracepoint event
sock:inet_sk_error_report	excluded	tracepoint event
sock:inet_sock_set_state	excluded	tracepoint event
sock:sk_data_ready	excluded	tracepoint event
sock:sock_exceed_buf_limit	excluded	tracepoint event
sock:sock_rcvqueue_full	excluded	tracepoint event
sock:sock_recv_length	excluded	tracepoint event
sock:sock_send_length	excluded	tracepoint event
spi:spi_controller_busy	excluded	tracepoint event
spi:spi_controller_idle	excluded	tracepoint event
spi:spi_message_done	excluded	tracepoint event
spi:spi_message_start	excluded	tracepoint event
spi:spi_message_submit	excluded	tracepoint event
spi:spi_set_cs	excluded	tracepoint event
spi:spi_setup	excluded	tracepoint event
spi:spi_transfer_start	excluded	tracepoint event
spi:spi_transfer_stop	excluded	tracepoint event
swiotlb:swiotlb_bounced	excluded	tracepoint event
sync_trace:sync_timeline	excluded	tracepoint event
syscalls:sys_enter_accept	excluded	tracepoint event
syscalls:sys_enter_accept4	excluded	tracepoint event
syscalls:sys_enter_access	excluded	tracepoint event
syscalls:sys_enter_acct	excluded	tracepoint event
syscalls:sys_enter_add_key	excluded	tracepoint event
syscalls:sys_enter_adjtimex	excluded	tracepoint event
syscalls:sys_enter_alarm	excluded	tracepoint event
syscalls:sys_enter_arch_prctl	excluded	tracepoint event
syscalls:sys_enter_bind	excluded	tracepoint event
syscalls:sys_enter_bpf	excluded	tracepoint event
syscalls:sys_enter_brk	excluded	tracepoint event
syscalls:sys_enter_cachestat	excluded	tracepoint event
syscalls:sys_enter_capget	excluded	tracepoint event
syscalls:sys_enter_capset	excluded	tracepoint event
syscalls:sys_enter_chdir	excluded	tracepoint event
syscalls:sys_enter_chmod	excluded	tracepoint event
syscalls:sys_enter_chown	excluded	tracepoint event
syscalls:sys_enter_chroot	excluded	tracepoint event
syscalls:sys_enter_clock_adjtime	excluded	tracepoint event
syscalls:sys_enter_clock_getres	excluded	tracepoint event
syscalls:sys_enter_clock_gettime	excluded	tracepoint event
syscalls:sys_enter_clock_nanosleep	excluded	tracepoint event
syscalls:sys_enter_clock_settime	excluded	tracepoint event
syscalls:sys_enter_clone	excluded	tracepoint event
syscalls:sys_enter_clone3	excluded	tracepoint event
syscalls:sys_enter_close	excluded	tracepoint event
syscalls:sys_enter_close_range	excluded	tracepoint event
syscalls:sys_enter_connect	excluded	tracepoint event
syscalls:sys_enter_copy_file_range	excluded	tracepoint event
syscalls:sys_enter_creat	excluded	tracepoint event
syscalls:sys_enter_delete_module	excluded	tracepoint event
syscalls:sys_enter_dup	excluded	tracepoint event
syscalls:sys_enter_dup2	excluded	tracepoint event
syscalls:sys_enter_dup3	excluded	tracepoint event
syscalls:sys_enter_epoll_create	excluded	tracepoint event
syscalls:sys_enter_epoll_create1	excluded	tracepoint event
syscalls:sys_enter_epoll_ctl	excluded	tracepoint event
syscalls:sys_enter_epoll_pwait	excluded	tracepoint event
syscalls:sys_enter_epoll_pwait2	excluded	tracepoint event
syscalls:sys_enter_epoll_wait	excluded	tracepoint event
syscalls:sys_enter_eventfd	excluded	tracepoint event
syscalls:sys_enter_eventfd2	excluded	tracepoint event
syscalls:sys_enter_execve	excluded	tracepoint event
syscalls:sys_enter_execveat	excluded	tracepoint event
syscalls:sys_enter_exit	excluded	tracepoint event
syscalls:sys_enter_exit_group	excluded	tracepoint event
syscalls:sys_enter_faccessat	excluded	tracepoint event
syscalls:sys_enter_faccessat2	excluded	tracepoint event
syscalls:sys_enter_fadvise64	excluded	tracepoint event
syscalls:sys_enter_fallocate	excluded	tracepoint event
syscalls:sys_enter_fanotify_init	excluded	tracepoint event
syscalls:sys_enter_fanotify_mark	excluded	tracepoint event
syscalls:sys_enter_fchdir	excluded	tracepoint event
syscalls:sys_enter_fchmod	excluded	tracepoint event
syscalls:sys_enter_fchmodat	excluded	tracepoint event
syscalls:sys_enter_fchmodat2	excluded	tracepoint event
syscalls:sys_enter_fchown	excluded	tracepoint event
syscalls:sys_enter_fchownat	excluded	tracepoint event
syscalls:sys_enter_fcntl	excluded	tracepoint event
syscalls:sys_enter_fdatasync	excluded	tracepoint event
syscalls:sys_enter_fgetxattr	excluded	tracepoint event
syscalls:sys_enter_file_getattr	excluded	tracepoint event
syscalls:sys_enter_file_setattr	excluded	tracepoint event
syscalls:sys_enter_finit_module	excluded	tracepoint event
syscalls:sys_enter_flistxattr	excluded	tracepoint event
syscalls:sys_enter_flock	excluded	tracepoint event
syscalls:sys_enter_fork	excluded	tracepoint event
syscalls:sys_enter_fremovexattr	excluded	tracepoint event
syscalls:sys_enter_fsconfig	excluded	tracepoint event
syscalls:sys_enter_fsetxattr	excluded	tracepoint event
syscalls:sys_enter_fsmount	excluded	tracepoint event
syscalls:sys_enter_fsopen	excluded	tracepoint event
syscalls:sys_enter_fspick	excluded	tracepoint event
syscalls:sys_enter_fstatfs	excluded	tracepoint event
syscalls:sys_enter_fsync	excluded	tracepoint event
syscalls:sys_enter_ftruncate	excluded	tracepoint event
syscalls:sys_enter_futex	excluded	tracepoint event
syscalls:sys_enter_futex_requeue	excluded	tracepoint event
syscalls:sys_enter_futex_wait	excluded	tracepoint event
syscalls:sys_enter_futex_waitv	excluded	tracepoint event
syscalls:sys_enter_futex_wake	excluded	tracepoint event
syscalls:sys_enter_futimesat	excluded	tracepoint event
syscalls:sys_enter_get_mempolicy	excluded	tracepoint event
syscalls:sys_enter_get_robust_list	excluded	tracepoint event
syscalls:sys_enter_getcpu	excluded	tracepoint event
syscalls:sys_enter_getcwd	excluded	tracepoint event
syscalls:sys_enter_getdents	excluded	tracepoint event
syscalls:sys_enter_getdents64	excluded	tracepoint event
syscalls:sys_enter_getegid	excluded	tracepoint event
syscalls:sys_enter_geteuid	excluded	tracepoint event
syscalls:sys_enter_getgid	excluded	tracepoint event
syscalls:sys_enter_getgroups	excluded	tracepoint event
syscalls:sys_enter_getitimer	excluded	tracepoint event
syscalls:sys_enter_getpeername	excluded	tracepoint event
syscalls:sys_enter_getpgid	excluded	tracepoint event
syscalls:sys_enter_getpgrp	excluded	tracepoint event
syscalls:sys_enter_getpid	excluded	tracepoint event
syscalls:sys_enter_getppid	excluded	tracepoint event
syscalls:sys_enter_getpriority	excluded	tracepoint event
syscalls:sys_enter_getrandom	excluded	tracepoint event
syscalls:sys_enter_getresgid	excluded	tracepoint event
syscalls:sys_enter_getresuid	excluded	tracepoint event
syscalls:sys_enter_getrlimit	excluded	tracepoint event
syscalls:sys_enter_getrusage	excluded	tracepoint event
syscalls:sys_enter_getsid	excluded	tracepoint event
syscalls:sys_enter_getsockname	excluded	tracepoint event
syscalls:sys_enter_getsockopt	excluded	tracepoint event
syscalls:sys_enter_gettid	excluded	tracepoint event
syscalls:sys_enter_gettimeofday	excluded	tracepoint event
syscalls:sys_enter_getuid	excluded	tracepoint event
syscalls:sys_enter_getxattr	excluded	tracepoint event
syscalls:sys_enter_getxattrat	excluded	tracepoint event
syscalls:sys_enter_init_module	excluded	tracepoint event
syscalls:sys_enter_inotify_add_watch	excluded	tracepoint event
syscalls:sys_enter_inotify_init	excluded	tracepoint event
syscalls:sys_enter_inotify_init1	excluded	tracepoint event
syscalls:sys_enter_inotify_rm_watch	excluded	tracepoint event
syscalls:sys_enter_io_cancel	excluded	tracepoint event
syscalls:sys_enter_io_destroy	excluded	tracepoint event
syscalls:sys_enter_io_getevents	excluded	tracepoint event
syscalls:sys_enter_io_pgetevents	excluded	tracepoint event
syscalls:sys_enter_io_setup	excluded	tracepoint event
syscalls:sys_enter_io_submit	excluded	tracepoint event
syscalls:sys_enter_io_uring_enter	excluded	tracepoint event
syscalls:sys_enter_io_uring_register	excluded	tracepoint event
syscalls:sys_enter_io_uring_setup	excluded	tracepoint event
syscalls:sys_enter_ioctl	excluded	tracepoint event
syscalls:sys_enter_ioperm	excluded	tracepoint event
syscalls:sys_enter_iopl	excluded	tracepoint event
syscalls:sys_enter_ioprio_get	excluded	tracepoint event
syscalls:sys_enter_ioprio_set	excluded	tracepoint event
syscalls:sys_enter_kcmp	excluded	tracepoint event
syscalls:sys_enter_keyctl	excluded	tracepoint event
syscalls:sys_enter_kill	excluded	tracepoint event
syscalls:sys_enter_landlock_add_rule	excluded	tracepoint event
syscalls:sys_enter_landlock_create_ruleset	excluded	tracepoint event
syscalls:sys_enter_landlock_restrict_self	excluded	tracepoint event
syscalls:sys_enter_lchown	excluded	tracepoint event
syscalls:sys_enter_lgetxattr	excluded	tracepoint event
syscalls:sys_enter_link	excluded	tracepoint event
syscalls:sys_enter_linkat	excluded	tracepoint event
syscalls:sys_enter_listen	excluded	tracepoint event
syscalls:sys_enter_listmount	excluded	tracepoint event
syscalls:sys_enter_listxattr	excluded	tracepoint event
syscalls:sys_enter_listxattrat	excluded	tracepoint event
syscalls:sys_enter_llistxattr	excluded	tracepoint event
syscalls:sys_enter_lremovexattr	excluded	tracepoint event
syscalls:sys_enter_lseek	excluded	tracepoint event
syscalls:sys_enter_lsetxattr	excluded	tracepoint event
syscalls:sys_enter_lsm_get_self_attr	excluded	tracepoint event
syscalls:sys_enter_lsm_list_modules	excluded	tracepoint event
syscalls:sys_enter_lsm_set_self_attr	excluded	tracepoint event
syscalls:sys_enter_madvise	excluded	tracepoint event
syscalls:sys_enter_map_shadow_stack	excluded	tracepoint event
syscalls:sys_enter_mbind	excluded	tracepoint event
syscalls:sys_enter_membarrier	excluded	tracepoint event
syscalls:sys_enter_memfd_create	excluded	tracepoint event
syscalls:sys_enter_memfd_secret	excluded	tracepoint event
syscalls:sys_enter_migrate_pages	excluded	tracepoint event
syscalls:sys_enter_mincore	excluded	tracepoint event
syscalls:sys_enter_mkdir	excluded	tracepoint event
syscalls:sys_enter_mkdirat	excluded	tracepoint event
syscalls:sys_enter_mknod	excluded	tracepoint event
syscalls:sys_enter_mknodat	excluded	tracepoint event
syscalls:sys_enter_mlock	excluded	tracepoint event
syscalls:sys_enter_mlock2	excluded	tracepoint event
syscalls:sys_enter_mlockall	excluded	tracepoint event
syscalls:sys_enter_mmap	excluded	tracepoint event
syscalls:sys_enter_modify_ldt	excluded	tracepoint event
syscalls:sys_enter_mount	excluded	tracepoint event
syscalls:sys_enter_mount_setattr	excluded	tracepoint event
syscalls:sys_enter_move_mount	excluded	tracepoint event
syscalls:sys_enter_move_pages	excluded	tracepoint event
syscalls:sys_enter_mprotect	excluded	tracepoint event
syscalls:sys_enter_mq_getsetattr	excluded	tracepoint event
syscalls:sys_enter_mq_notify	excluded	tracepoint event
syscalls:sys_enter_mq_open	excluded	tracepoint event
syscalls:sys_enter_mq_timedreceive	excluded	tracepoint event
syscalls:sys_enter_mq_timedsend	excluded	tracepoint event
syscalls:sys_enter_mq_unlink	excluded	tracepoint event
syscalls:sys_enter_mremap	excluded	tracepoint event
syscalls:sys_enter_mseal	excluded	tracepoint event
syscalls:sys_enter_msgctl	excluded	tracepoint event
syscalls:sys_enter_msgget	excluded	tracepoint event
syscalls:sys_enter_msgrcv	excluded	tracepoint event
syscalls:sys_enter_msgsnd	excluded	tracepoint event
syscalls:sys_enter_msync	excluded	tracepoint event
syscalls:sys_enter_munlock	excluded	tracepoint event
syscalls:sys_enter_munlockall	excluded	tracepoint event
syscalls:sys_enter_munmap	excluded	tracepoint event
syscalls:sys_enter_name_to_handle_at	excluded	tracepoint event
syscalls:sys_enter_nanosleep	excluded	tracepoint event
syscalls:sys_enter_newfstat	excluded	tracepoint event
syscalls:sys_enter_newfstatat	excluded	tracepoint event
syscalls:sys_enter_newlstat	excluded	tracepoint event
syscalls:sys_enter_newstat	excluded	tracepoint event
syscalls:sys_enter_newuname	excluded	tracepoint event
syscalls:sys_enter_open	excluded	tracepoint event
syscalls:sys_enter_open_by_handle_at	excluded	tracepoint event
syscalls:sys_enter_open_tree	excluded	tracepoint event
syscalls:sys_enter_open_tree_attr	excluded	tracepoint event
syscalls:sys_enter_openat	excluded	tracepoint event
syscalls:sys_enter_openat2	excluded	tracepoint event
syscalls:sys_enter_pause	excluded	tracepoint event
syscalls:sys_enter_perf_event_open	excluded	tracepoint event
syscalls:sys_enter_personality	excluded	tracepoint event
syscalls:sys_enter_pidfd_getfd	excluded	tracepoint event
syscalls:sys_enter_pidfd_open	excluded	tracepoint event
syscalls:sys_enter_pidfd_send_signal	excluded	tracepoint event
syscalls:sys_enter_pipe	excluded	tracepoint event
syscalls:sys_enter_pipe2	excluded	tracepoint event
syscalls:sys_enter_pivot_root	excluded	tracepoint event
syscalls:sys_enter_pkey_alloc	excluded	tracepoint event
syscalls:sys_enter_pkey_free	excluded	tracepoint event
syscalls:sys_enter_pkey_mprotect	excluded	tracepoint event
syscalls:sys_enter_poll	excluded	tracepoint event
syscalls:sys_enter_ppoll	excluded	tracepoint event
syscalls:sys_enter_prctl	excluded	tracepoint event
syscalls:sys_enter_pread64	excluded	tracepoint event
syscalls:sys_enter_preadv	excluded	tracepoint event
syscalls:sys_enter_preadv2	excluded	tracepoint event
syscalls:sys_enter_prlimit64	excluded	tracepoint event
syscalls:sys_enter_process_madvise	excluded	tracepoint event
syscalls:sys_enter_process_mrelease	excluded	tracepoint event
syscalls:sys_enter_process_vm_readv	excluded	tracepoint event
syscalls:sys_enter_process_vm_writev	excluded	tracepoint event
syscalls:sys_enter_pselect6	excluded	tracepoint event
syscalls:sys_enter_ptrace	excluded	tracepoint event
syscalls:sys_enter_pwrite64	excluded	tracepoint event
syscalls:sys_enter_pwritev	excluded	tracepoint event
syscalls:sys_enter_pwritev2	excluded	tracepoint event
syscalls:sys_enter_quotactl	excluded	tracepoint event
syscalls:sys_enter_quotactl_fd	excluded	tracepoint event
syscalls:sys_enter_read	excluded	tracepoint event
syscalls:sys_enter_readahead	excluded	tracepoint event
syscalls:sys_enter_readlink	excluded	tracepoint event
syscalls:sys_enter_readlinkat	excluded	tracepoint event
syscalls:sys_enter_readv	excluded	tracepoint event
syscalls:sys_enter_reboot	excluded	tracepoint event
syscalls:sys_enter_recvfrom	excluded	tracepoint event
syscalls:sys_enter_recvmmsg	excluded	tracepoint event
syscalls:sys_enter_recvmsg	excluded	tracepoint event
syscalls:sys_enter_remap_file_pages	excluded	tracepoint event
syscalls:sys_enter_removexattr	excluded	tracepoint event
syscalls:sys_enter_removexattrat	excluded	tracepoint event
syscalls:sys_enter_rename	excluded	tracepoint event
syscalls:sys_enter_renameat	excluded	tracepoint event
syscalls:sys_enter_renameat2	excluded	tracepoint event
syscalls:sys_enter_request_key	excluded	tracepoint event
syscalls:sys_enter_restart_syscall	excluded	tracepoint event
syscalls:sys_enter_rmdir	excluded	tracepoint event
syscalls:sys_enter_rseq	excluded	tracepoint event
syscalls:sys_enter_rt_sigaction	excluded	tracepoint event
syscalls:sys_enter_rt_sigpending	excluded	tracepoint event
syscalls:sys_enter_rt_sigprocmask	excluded	tracepoint event
syscalls:sys_enter_rt_sigqueueinfo	excluded	tracepoint event
syscalls:sys_enter_rt_sigreturn	excluded	tracepoint event
syscalls:sys_enter_rt_sigsuspend	excluded	tracepoint event
syscalls:sys_enter_rt_sigtimedwait	excluded	tracepoint event
syscalls:sys_enter_rt_tgsigqueueinfo	excluded	tracepoint event
syscalls:sys_enter_sched_get_priority_max	excluded	tracepoint event
syscalls:sys_enter_sched_get_priority_min	excluded	tracepoint event
syscalls:sys_enter_sched_getaffinity	excluded	tracepoint event
syscalls:sys_enter_sched_getattr	excluded	tracepoint event
syscalls:sys_enter_sched_getparam	excluded	tracepoint event
syscalls:sys_enter_sched_getscheduler	excluded	tracepoint event
syscalls:sys_enter_sched_rr_get_interval	excluded	tracepoint event
syscalls:sys_enter_sched_setaffinity	excluded	tracepoint event
syscalls:sys_enter_sched_setattr	excluded	tracepoint event
syscalls:sys_enter_sched_setparam	excluded	tracepoint event
syscalls:sys_enter_sched_setscheduler	excluded	tracepoint event
syscalls:sys_enter_sched_yield	excluded	tracepoint event
syscalls:sys_enter_seccomp	excluded	tracepoint event
syscalls:sys_enter_select	excluded	tracepoint event
syscalls:sys_enter_semctl	excluded	tracepoint event
syscalls:sys_enter_semget	excluded	tracepoint event
syscalls:sys_enter_semop	excluded	tracepoint event
syscalls:sys_enter_semtimedop	excluded	tracepoint event
syscalls:sys_enter_sendfile64	excluded	tracepoint event
syscalls:sys_enter_sendmmsg	excluded	tracepoint event
syscalls:sys_enter_sendmsg	excluded	tracepoint event
syscalls:sys_enter_sendto	excluded	tracepoint event
syscalls:sys_enter_set_mempolicy	excluded	tracepoint event
syscalls:sys_enter_set_mempolicy_home_node	excluded	tracepoint event
syscalls:sys_enter_set_robust_list	excluded	tracepoint event
syscalls:sys_enter_set_tid_address	excluded	tracepoint event
syscalls:sys_enter_setdomainname	excluded	tracepoint event
syscalls:sys_enter_setfsgid	excluded	tracepoint event
syscalls:sys_enter_setfsuid	excluded	tracepoint event
syscalls:sys_enter_setgid	excluded	tracepoint event
syscalls:sys_enter_setgroups	excluded	tracepoint event
syscalls:sys_enter_sethostname	excluded	tracepoint event
syscalls:sys_enter_setitimer	excluded	tracepoint event
syscalls:sys_enter_setns	excluded	tracepoint event
syscalls:sys_enter_setpgid	excluded	tracepoint event
syscalls:sys_enter_setpriority	excluded	tracepoint event
syscalls:sys_enter_setregid	excluded	tracepoint event
syscalls:sys_enter_setresgid	excluded	tracepoint event
syscalls:sys_enter_setresuid	excluded	tracepoint event
syscalls:sys_enter_setreuid	excluded	tracepoint event
syscalls:sys_enter_setrlimit	excluded	tracepoint event
syscalls:sys_enter_setsid	excluded	tracepoint event
syscalls:sys_enter_setsockopt	excluded	tracepoint event
syscalls:sys_enter_settimeofday	excluded	tracepoint event
syscalls:sys_enter_setuid	excluded	tracepoint event
syscalls:sys_enter_setxattr	excluded	tracepoint event
syscalls:sys_enter_setxattrat	excluded	tracepoint event
syscalls:sys_enter_shmat	excluded	tracepoint event
syscalls:sys_enter_shmctl	excluded	tracepoint event
syscalls:sys_enter_shmdt	excluded	tracepoint event
syscalls:sys_enter_shmget	excluded	tracepoint event
syscalls:sys_enter_shutdown	excluded	tracepoint event
syscalls:sys_enter_sigaltstack	excluded	tracepoint event
syscalls:sys_enter_signalfd	excluded	tracepoint event
syscalls:sys_enter_signalfd4	excluded	tracepoint event
syscalls:sys_enter_socket	excluded	tracepoint event
syscalls:sys_enter_socketpair	excluded	tracepoint event
syscalls:sys_enter_splice	excluded	tracepoint event
syscalls:sys_enter_statfs	excluded	tracepoint event
syscalls:sys_enter_statmount	excluded	tracepoint event
syscalls:sys_enter_statx	excluded	tracepoint event
syscalls:sys_enter_swapoff	excluded	tracepoint event
syscalls:sys_enter_swapon	excluded	tracepoint event
syscalls:sys_enter_symlink	excluded	tracepoint event
syscalls:sys_enter_symlinkat	excluded	tracepoint event
syscalls:sys_enter_sync	excluded	tracepoint event
syscalls:sys_enter_sync_file_range	excluded	tracepoint event
syscalls:sys_enter_syncfs	excluded	tracepoint event
syscalls:sys_enter_sysfs	excluded	tracepoint event
syscalls:sys_enter_sysinfo	excluded	tracepoint event
syscalls:sys_enter_syslog	excluded	tracepoint event
syscalls:sys_enter_tee	excluded	tracepoint event
syscalls:sys_enter_tgkill	excluded	tracepoint event
syscalls:sys_enter_time	excluded	tracepoint event
syscalls:sys_enter_timer_create	excluded	tracepoint event
syscalls:sys_enter_timer_delete	excluded	tracepoint event
syscalls:sys_enter_timer_getoverrun	excluded	tracepoint event
syscalls:sys_enter_timer_gettime	excluded	tracepoint event
syscalls:sys_enter_timer_settime	excluded	tracepoint event
syscalls:sys_enter_timerfd_create	excluded	tracepoint event
syscalls:sys_enter_timerfd_gettime	excluded	tracepoint event
syscalls:sys_enter_timerfd_settime	excluded	tracepoint event
syscalls:sys_enter_times	excluded	tracepoint event
syscalls:sys_enter_tkill	excluded	tracepoint event
syscalls:sys_enter_truncate	excluded	tracepoint event
syscalls:sys_enter_umask	excluded	tracepoint event
syscalls:sys_enter_umount	excluded	tracepoint event
syscalls:sys_enter_unlink	excluded	tracepoint event
syscalls:sys_enter_unlinkat	excluded	tracepoint event
syscalls:sys_enter_unshare	excluded	tracepoint event
syscalls:sys_enter_uretprobe	excluded	tracepoint event
syscalls:sys_enter_userfaultfd	excluded	tracepoint event
syscalls:sys_enter_ustat	excluded	tracepoint event
syscalls:sys_enter_utime	excluded	tracepoint event
syscalls:sys_enter_utimensat	excluded	tracepoint event
syscalls:sys_enter_utimes	excluded	tracepoint event
syscalls:sys_enter_vfork	excluded	tracepoint event
syscalls:sys_enter_vhangup	excluded	tracepoint event
syscalls:sys_enter_vmsplice	excluded	tracepoint event
syscalls:sys_enter_wait4	excluded	tracepoint event
syscalls:sys_enter_waitid	excluded	tracepoint event
syscalls:sys_enter_write	excluded	tracepoint event
syscalls:sys_enter_writev	excluded	tracepoint event
syscalls:sys_exit_accept	excluded	tracepoint event
syscalls:sys_exit_accept4	excluded	tracepoint event
syscalls:sys_exit_access	excluded	tracepoint event
syscalls:sys_exit_acct	excluded	tracepoint event
syscalls:sys_exit_add_key	excluded	tracepoint event
syscalls:sys_exit_adjtimex	excluded	tracepoint event
syscalls:sys_exit_alarm	excluded	tracepoint event
syscalls:sys_exit_arch_prctl	excluded	tracepoint event
syscalls:sys_exit_bind	excluded	tracepoint event
syscalls:sys_exit_bpf	excluded	tracepoint event
syscalls:sys_exit_brk	excluded	tracepoint event
syscalls:sys_exit_cachestat	excluded	tracepoint event
syscalls:sys_exit_capget	excluded	tracepoint event
syscalls:sys_exit_capset	excluded	tracepoint event
syscalls:sys_exit_chdir	excluded	tracepoint event
syscalls:sys_exit_chmod	excluded	tracepoint event
syscalls:sys_exit_chown	excluded	tracepoint event
syscalls:sys_exit_chroot	excluded	tracepoint event
syscalls:sys_exit_clock_adjtime	excluded	tracepoint event
syscalls:sys_exit_clock_getres	excluded	tracepoint event
syscalls:sys_exit_clock_gettime	excluded	tracepoint event
syscalls:sys_exit_clock_nanosleep	excluded	tracepoint event
syscalls:sys_exit_clock_settime	excluded	tracepoint event
syscalls:sys_exit_clone	excluded	tracepoint event
syscalls:sys_exit_clone3	excluded	tracepoint event
syscalls:sys_exit_close	excluded	tracepoint event
syscalls:sys_exit_close_range	excluded	tracepoint event
syscalls:sys_exit_connect	excluded	tracepoint event
syscalls:sys_exit_copy_file_range	excluded	tracepoint event
syscalls:sys_exit_creat	excluded	tracepoint event
syscalls:sys_exit_delete_module	excluded	tracepoint event
syscalls:sys_exit_dup	excluded	tracepoint event
syscalls:sys_exit_dup2	excluded	tracepoint event
syscalls:sys_exit_dup3	excluded	tracepoint event
syscalls:sys_exit_epoll_create	excluded	tracepoint event
syscalls:sys_exit_epoll_create1	excluded	tracepoint event
syscalls:sys_exit_epoll_ctl	excluded	tracepoint event
syscalls:sys_exit_epoll_pwait	excluded	tracepoint event
syscalls:sys_exit_epoll_pwait2	excluded	tracepoint event
syscalls:sys_exit_epoll_wait	excluded	tracepoint event
syscalls:sys_exit_eventfd	excluded	tracepoint event
syscalls:sys_exit_eventfd2	excluded	tracepoint event
syscalls:sys_exit_execve	excluded	tracepoint event
syscalls:sys_exit_execveat	excluded	tracepoint event
syscalls:sys_exit_exit	excluded	tracepoint event
syscalls:sys_exit_exit_group	excluded	tracepoint event
syscalls:sys_exit_faccessat	excluded	tracepoint event
syscalls:sys_exit_faccessat2	excluded	tracepoint event
syscalls:sys_exit_fadvise64	excluded	tracepoint event
syscalls:sys_exit_fallocate	excluded	tracepoint event
syscalls:sys_exit_fanotify_init	excluded	tracepoint event
syscalls:sys_exit_fanotify_mark	excluded	tracepoint event
syscalls:sys_exit_fchdir	excluded	tracepoint event
syscalls:sys_exit_fchmod	excluded	tracepoint event
syscalls:sys_exit_fchmodat	excluded	tracepoint event
syscalls:sys_exit_fchmodat2	excluded	tracepoint event
syscalls:sys_exit_fchown	excluded	tracepoint event
syscalls:sys_exit_fchownat	excluded	tracepoint event
syscalls:sys_exit_fcntl	excluded	tracepoint event
syscalls:sys_exit_fdatasync	excluded	tracepoint event
syscalls:sys_exit_fgetxattr	excluded	tracepoint event
syscalls:sys_exit_file_getattr	excluded	tracepoint event
syscalls:sys_exit_file_setattr	excluded	tracepoint event
syscalls:sys_exit_finit_module	excluded	tracepoint event
syscalls:sys_exit_flistxattr	excluded	tracepoint event
syscalls:sys_exit_flock	excluded	tracepoint event
syscalls:sys_exit_fork	excluded	tracepoint event
syscalls:sys_exit_fremovexattr	excluded	tracepoint event
syscalls:sys_exit_fsconfig	excluded	tracepoint event
syscalls:sys_exit_fsetxattr	excluded	tracepoint event
syscalls:sys_exit_fsmount	excluded	tracepoint event
syscalls:sys_exit_fsopen	excluded	tracepoint event
syscalls:sys_exit_fspick	excluded	tracepoint event
syscalls:sys_exit_fstatfs	excluded	tracepoint event
syscalls:sys_exit_fsync	excluded	tracepoint event
syscalls:sys_exit_ftruncate	excluded	tracepoint event
syscalls:sys_exit_futex	excluded	tracepoint event
syscalls:sys_exit_futex_requeue	excluded	tracepoint event
syscalls:sys_exit_futex_wait	excluded	tracepoint event
syscalls:sys_exit_futex_waitv	excluded	tracepoint event
syscalls:sys_exit_futex_wake	excluded	tracepoint event
syscalls:sys_exit_futimesat	excluded	tracepoint event
syscalls:sys_exit_get_mempolicy	excluded	tracepoint event
syscalls:sys_exit_get_robust_list	excluded	tracepoint event
syscalls:sys_exit_getcpu	excluded	tracepoint event
syscalls:sys_exit_getcwd	excluded	tracepoint event
syscalls:sys_exit_getdents	excluded	tracepoint event
syscalls:sys_exit_getdents64	excluded	tracepoint event
syscalls:sys_exit_getegid	excluded	tracepoint event
syscalls:sys_exit_geteuid	excluded	tracepoint event
syscalls:sys_exit_getgid	excluded	tracepoint event
syscalls:sys_exit_getgroups	excluded	tracepoint event
syscalls:sys_exit_getitimer	excluded	tracepoint event
syscalls:sys_exit_getpeername	excluded	tracepoint event
syscalls:sys_exit_getpgid	excluded	tracepoint event
syscalls:sys_exit_getpgrp	excluded	tracepoint event
syscalls:sys_exit_getpid	excluded	tracepoint event
syscalls:sys_exit_getppid	excluded	tracepoint event
syscalls:sys_exit_getpriority	excluded	tracepoint event
syscalls:sys_exit_getrandom	excluded	tracepoint event
syscalls:sys_exit_getresgid	excluded	tracepoint event
syscalls:sys_exit_getresuid	excluded	tracepoint event
syscalls:sys_exit_getrlimit	excluded	tracepoint event
syscalls:sys_exit_getrusage	excluded	tracepoint event
syscalls:sys_exit_getsid	excluded	tracepoint event
syscalls:sys_exit_getsockname	excluded	tracepoint event
syscalls:sys_exit_getsockopt	excluded	tracepoint event
syscalls:sys_exit_gettid	excluded	tracepoint event
syscalls:sys_exit_gettimeofday	excluded	tracepoint event
syscalls:sys_exit_getuid	excluded	tracepoint event
syscalls:sys_exit_getxattr	excluded	tracepoint event
syscalls:sys_exit_getxattrat	excluded	tracepoint event
syscalls:sys_exit_init_module	excluded	tracepoint event
syscalls:sys_exit_inotify_add_watch	excluded	tracepoint event
syscalls:sys_exit_inotify_init	excluded	tracepoint event
syscalls:sys_exit_inotify_init1	excluded	tracepoint event
syscalls:sys_exit_inotify_rm_watch	excluded	tracepoint event
syscalls:sys_exit_io_cancel	excluded	tracepoint event
syscalls:sys_exit_io_destroy	excluded	tracepoint event
syscalls:sys_exit_io_getevents	excluded	tracepoint event
syscalls:sys_exit_io_pgetevents	excluded	tracepoint event
syscalls:sys_exit_io_setup	excluded	tracepoint event
syscalls:sys_exit_io_submit	excluded	tracepoint event
syscalls:sys_exit_io_uring_enter	excluded	tracepoint event
syscalls:sys_exit_io_uring_register	excluded	tracepoint event
syscalls:sys_exit_io_uring_setup	excluded	tracepoint event
syscalls:sys_exit_ioctl	excluded	tracepoint event
syscalls:sys_exit_ioperm	excluded	tracepoint event
syscalls:sys_exit_iopl	excluded	tracepoint event
syscalls:sys_exit_ioprio_get	excluded	tracepoint event
syscalls:sys_exit_ioprio_set	excluded	tracepoint event
syscalls:sys_exit_kcmp	excluded	tracepoint event
syscalls:sys_exit_keyctl	excluded	tracepoint event
syscalls:sys_exit_kill	excluded	tracepoint event
syscalls:sys_exit_landlock_add_rule	excluded	tracepoint event
syscalls:sys_exit_landlock_create_ruleset	excluded	tracepoint event
syscalls:sys_exit_landlock_restrict_self	excluded	tracepoint event
syscalls:sys_exit_lchown	excluded	tracepoint event
syscalls:sys_exit_lgetxattr	excluded	tracepoint event
syscalls:sys_exit_link	excluded	tracepoint event
syscalls:sys_exit_linkat	excluded	tracepoint event
syscalls:sys_exit_listen	excluded	tracepoint event
syscalls:sys_exit_listmount	excluded	tracepoint event
syscalls:sys_exit_listxattr	excluded	tracepoint event
syscalls:sys_exit_listxattrat	excluded	tracepoint event
syscalls:sys_exit_llistxattr	excluded	tracepoint event
syscalls:sys_exit_lremovexattr	excluded	tracepoint event
syscalls:sys_exit_lseek	excluded	tracepoint event
syscalls:sys_exit_lsetxattr	excluded	tracepoint event
syscalls:sys_exit_lsm_get_self_attr	excluded	tracepoint event
syscalls:sys_exit_lsm_list_modules	excluded	tracepoint event
syscalls:sys_exit_lsm_set_self_attr	excluded	tracepoint event
syscalls:sys_exit_madvise	excluded	tracepoint event
syscalls:sys_exit_map_shadow_stack	excluded	tracepoint event
syscalls:sys_exit_mbind	excluded	tracepoint event
syscalls:sys_exit_membarrier	excluded	tracepoint event
syscalls:sys_exit_memfd_create	excluded	tracepoint event
syscalls:sys_exit_memfd_secret	excluded	tracepoint event
syscalls:sys_exit_migrate_pages	excluded	tracepoint event
syscalls:sys_exit_mincore	excluded	tracepoint event
syscalls:sys_exit_mkdir	excluded	tracepoint event
syscalls:sys_exit_mkdirat	excluded	tracepoint event
syscalls:sys_exit_mknod	excluded	tracepoint event
syscalls:sys_exit_mknodat	excluded	tracepoint event
syscalls:sys_exit_mlock	excluded	tracepoint event
syscalls:sys_exit_mlock2	excluded	tracepoint event
syscalls:sys_exit_mlockall	excluded	tracepoint event
syscalls:sys_exit_mmap	excluded	tracepoint event
syscalls:sys_exit_modify_ldt	excluded	tracepoint event
syscalls:sys_exit_mount	excluded	tracepoint event
syscalls:sys_exit_mount_setattr	excluded	tracepoint event
syscalls:sys_exit_move_mount	excluded	tracepoint event
syscalls:sys_exit_move_pages	excluded	tracepoint event
syscalls:sys_exit_mprotect	excluded	tracepoint event
syscalls:sys_exit_mq_getsetattr	excluded	tracepoint event
syscalls:sys_exit_mq_notify	excluded	tracepoint event
syscalls:sys_exit_mq_open	excluded	tracepoint event
syscalls:sys_exit_mq_timedreceive	excluded	tracepoint event
syscalls:sys_exit_mq_timedsend	excluded	tracepoint event
syscalls:sys_exit_mq_unlink	excluded	tracepoint event
syscalls:sys_exit_mremap	excluded	tracepoint event
syscalls:sys_exit_mseal	excluded	tracepoint event
syscalls:sys_exit_msgctl	excluded	tracepoint event
syscalls:sys_exit_msgget	excluded	tracepoint event
syscalls:sys_exit_msgrcv	excluded	tracepoint event
syscalls:sys_exit_msgsnd	excluded	tracepoint event
syscalls:sys_exit_msync	excluded	tracepoint event
syscalls:sys_exit_munlock	excluded	tracepoint event
syscalls:sys_exit_munlockall	excluded	tracepoint event
syscalls:sys_exit_munmap	excluded	tracepoint event
syscalls:sys_exit_name_to_handle_at	excluded	tracepoint event
syscalls:sys_exit_nanosleep	excluded	tracepoint event
syscalls:sys_exit_newfstat	excluded	tracepoint event
syscalls:sys_exit_newfstatat	excluded	tracepoint event
syscalls:sys_exit_newlstat	excluded	tracepoint event
syscalls:sys_exit_newstat	excluded	tracepoint event
syscalls:sys_exit_newuname	excluded	tracepoint event
syscalls:sys_exit_open	excluded	tracepoint event
syscalls:sys_exit_open_by_handle_at	excluded	tracepoint event
syscalls:sys_exit_open_tree	excluded	tracepoint event
syscalls:sys_exit_open_tree_attr	excluded	tracepoint event
syscalls:sys_exit_openat	excluded	tracepoint event
syscalls:sys_exit_openat2	excluded	tracepoint event
syscalls:sys_exit_pause	excluded	tracepoint event
syscalls:sys_exit_perf_event_open	excluded	tracepoint event
syscalls:sys_exit_personality	excluded	tracepoint event
syscalls:sys_exit_pidfd_getfd	excluded	tracepoint event
syscalls:sys_exit_pidfd_open	excluded	tracepoint event
syscalls:sys_exit_pidfd_send_signal	excluded	tracepoint event
syscalls:sys_exit_pipe	excluded	tracepoint event
syscalls:sys_exit_pipe2	excluded	tracepoint event
syscalls:sys_exit_pivot_root	excluded	tracepoint event
syscalls:sys_exit_pkey_alloc	excluded	tracepoint event
syscalls:sys_exit_pkey_free	excluded	tracepoint event
syscalls:sys_exit_pkey_mprotect	excluded	tracepoint event
syscalls:sys_exit_poll	excluded	tracepoint event
syscalls:sys_exit_ppoll	excluded	tracepoint event
syscalls:sys_exit_prctl	excluded	tracepoint event
syscalls:sys_exit_pread64	excluded	tracepoint event
syscalls:sys_exit_preadv	excluded	tracepoint event
syscalls:sys_exit_preadv2	excluded	tracepoint event
syscalls:sys_exit_prlimit64	excluded	tracepoint event
syscalls:sys_exit_process_madvise	excluded	tracepoint event
syscalls:sys_exit_process_mrelease	excluded	tracepoint event
syscalls:sys_exit_process_vm_readv	excluded	tracepoint event
syscalls:sys_exit_process_vm_writev	excluded	tracepoint event
syscalls:sys_exit_pselect6	excluded	tracepoint event
syscalls:sys_exit_ptrace	excluded	tracepoint event
syscalls:sys_exit_pwrite64	excluded	tracepoint event
syscalls:sys_exit_pwritev	excluded	tracepoint event
syscalls:sys_exit_pwritev2	excluded	tracepoint event
syscalls:sys_exit_quotactl	excluded	tracepoint event
syscalls:sys_exit_quotactl_fd	excluded	tracepoint event
syscalls:sys_exit_read	excluded	tracepoint event
syscalls:sys_exit_readahead	excluded	tracepoint event
syscalls:sys_exit_readlink	excluded	tracepoint event
syscalls:sys_exit_readlinkat	excluded	tracepoint event
syscalls:sys_exit_readv	excluded	tracepoint event
syscalls:sys_exit_reboot	excluded	tracepoint event
syscalls:sys_exit_recvfrom	excluded	tracepoint event
syscalls:sys_exit_recvmmsg	excluded	tracepoint event
syscalls:sys_exit_recvmsg	excluded	tracepoint event
syscalls:sys_exit_remap_file_pages	excluded	tracepoint event
syscalls:sys_exit_removexattr	excluded	tracepoint event
syscalls:sys_exit_removexattrat	excluded	tracepoint event
syscalls:sys_exit_rename	excluded	tracepoint event
syscalls:sys_exit_renameat	excluded	tracepoint event
syscalls:sys_exit_renameat2	excluded	tracepoint event
syscalls:sys_exit_request_key	excluded	tracepoint event
syscalls:sys_exit_restart_syscall	excluded	tracepoint event
syscalls:sys_exit_rmdir	excluded	tracepoint event
syscalls:sys_exit_rseq	excluded	tracepoint event
syscalls:sys_exit_rt_sigaction	excluded	tracepoint event
syscalls:sys_exit_rt_sigpending	excluded	tracepoint event
syscalls:sys_exit_rt_sigprocmask	excluded	tracepoint event
syscalls:sys_exit_rt_sigqueueinfo	excluded	tracepoint event
syscalls:sys_exit_rt_sigreturn	excluded	tracepoint event
syscalls:sys_exit_rt_sigsuspend	excluded	tracepoint event
syscalls:sys_exit_rt_sigtimedwait	excluded	tracepoint event
syscalls:sys_exit_rt_tgsigqueueinfo	excluded	tracepoint event
syscalls:sys_exit_sched_get_priority_max	excluded	tracepoint event
syscalls:sys_exit_sched_get_priority_min	excluded	tracepoint event
syscalls:sys_exit_sched_getaffinity	excluded	tracepoint event
syscalls:sys_exit_sched_getattr	excluded	tracepoint event
syscalls:sys_exit_sched_getparam	excluded	tracepoint event
syscalls:sys_exit_sched_getscheduler	excluded	tracepoint event
syscalls:sys_exit_sched_rr_get_interval	excluded	tracepoint event
syscalls:sys_exit_sched_setaffinity	excluded	tracepoint event
syscalls:sys_exit_sched_setattr	excluded	tracepoint event
syscalls:sys_exit_sched_setparam	excluded	tracepoint event
syscalls:sys_exit_sched_setscheduler	excluded	tracepoint event
syscalls:sys_exit_sched_yield	excluded	tracepoint event
syscalls:sys_exit_seccomp	excluded	tracepoint event
syscalls:sys_exit_select	excluded	tracepoint event
syscalls:sys_exit_semctl	excluded	tracepoint event
syscalls:sys_exit_semget	excluded	tracepoint event
syscalls:sys_exit_semop	excluded	tracepoint event
syscalls:sys_exit_semtimedop	excluded	tracepoint event
syscalls:sys_exit_sendfile64	excluded	tracepoint event
syscalls:sys_exit_sendmmsg	excluded	tracepoint event
syscalls:sys_exit_sendmsg	excluded	tracepoint event
syscalls:sys_exit_sendto	excluded	tracepoint event
syscalls:sys_exit_set_mempolicy	excluded	tracepoint event
syscalls:sys_exit_set_mempolicy_home_node	excluded	tracepoint event
syscalls:sys_exit_set_robust_list	excluded	tracepoint event
syscalls:sys_exit_set_tid_address	excluded	tracepoint event
syscalls:sys_exit_setdomainname	excluded	tracepoint event
syscalls:sys_exit_setfsgid	excluded	tracepoint event
syscalls:sys_exit_setfsuid	excluded	tracepoint event
syscalls:sys_exit_setgid	excluded	tracepoint event
syscalls:sys_exit_setgroups	excluded	tracepoint event
syscalls:sys_exit_sethostname	excluded	tracepoint event
syscalls:sys_exit_setitimer	excluded	tracepoint event
syscalls:sys_exit_setns	excluded	tracepoint event
syscalls:sys_exit_setpgid	excluded	tracepoint event
syscalls:sys_exit_setpriority	excluded	tracepoint event
syscalls:sys_exit_setregid	excluded	tracepoint event
syscalls:sys_exit_setresgid	excluded	tracepoint event
syscalls:sys_exit_setresuid	excluded	tracepoint event
syscalls:sys_exit_setreuid	excluded	tracepoint event
syscalls:sys_exit_setrlimit	excluded	tracepoint event
syscalls:sys_exit_setsid	excluded	tracepoint event
syscalls:sys_exit_setsockopt	excluded	tracepoint event
syscalls:sys_exit_settimeofday	excluded	tracepoint event
syscalls:sys_exit_setuid	excluded	tracepoint event
syscalls:sys_exit_setxattr	excluded	tracepoint event
syscalls:sys_exit_setxattrat	excluded	tracepoint event
syscalls:sys_exit_shmat	excluded	tracepoint event
syscalls:sys_exit_shmctl	excluded	tracepoint event
syscalls:sys_exit_shmdt	excluded	tracepoint event
syscalls:sys_exit_shmget	excluded	tracepoint event
syscalls:sys_exit_shutdown	excluded	tracepoint event
syscalls:sys_exit_sigaltstack	excluded	tracepoint event
syscalls:sys_exit_signalfd	excluded	tracepoint event
syscalls:sys_exit_signalfd4	excluded	tracepoint event
syscalls:sys_exit_socket	excluded	tracepoint event
syscalls:sys_exit_socketpair	excluded	tracepoint event
syscalls:sys_exit_splice	excluded	tracepoint event
syscalls:sys_exit_statfs	excluded	tracepoint event
syscalls:sys_exit_statmount	excluded	tracepoint event
syscalls:sys_exit_statx	excluded	tracepoint event
syscalls:sys_exit_swapoff	excluded	tracepoint event
syscalls:sys_exit_swapon	excluded	tracepoint event
syscalls:sys_exit_symlink	excluded	tracepoint event
syscalls:sys_exit_symlinkat	excluded	tracepoint event
syscalls:sys_exit_sync	excluded	tracepoint event
syscalls:sys_exit_sync_file_range	excluded	tracepoint event
syscalls:sys_exit_syncfs	excluded	tracepoint event
syscalls:sys_exit_sysfs	excluded	tracepoint event
syscalls:sys_exit_sysinfo	excluded	tracepoint event
syscalls:sys_exit_syslog	excluded	tracepoint event
syscalls:sys_exit_tee	excluded	tracepoint event
syscalls:sys_exit_tgkill	excluded	tracepoint event
syscalls:sys_exit_time	excluded	tracepoint event
syscalls:sys_exit_timer_create	excluded	tracepoint event
syscalls:sys_exit_timer_delete	excluded	tracepoint event
syscalls:sys_exit_timer_getoverrun	excluded	tracepoint event
syscalls:sys_exit_timer_gettime	excluded	tracepoint event
syscalls:sys_exit_timer_settime	excluded	tracepoint event
syscalls:sys_exit_timerfd_create	excluded	tracepoint event
syscalls:sys_exit_timerfd_gettime	excluded	tracepoint event
syscalls:sys_exit_timerfd_settime	excluded	tracepoint event
syscalls:sys_exit_times	excluded	tracepoint event
syscalls:sys_exit_tkill	excluded	tracepoint event
syscalls:sys_exit_truncate	excluded	tracepoint event
syscalls:sys_exit_umask	excluded	tracepoint event
syscalls:sys_exit_umount	excluded	tracepoint event
syscalls:sys_exit_unlink	excluded	tracepoint event
syscalls:sys_exit_unlinkat	excluded	tracepoint event
syscalls:sys_exit_unshare	excluded	tracepoint event
syscalls:sys_exit_uretprobe	excluded	tracepoint event
syscalls:sys_exit_userfaultfd	excluded	tracepoint event
syscalls:sys_exit_ustat	excluded	tracepoint event
syscalls:sys_exit_utime	excluded	tracepoint event
syscalls:sys_exit_utimensat	excluded	tracepoint event
syscalls:sys_exit_utimes	excluded	tracepoint event
syscalls:sys_exit_vfork	excluded	tracepoint event
syscalls:sys_exit_vhangup	excluded	tracepoint event
syscalls:sys_exit_vmsplice	excluded	tracepoint event
syscalls:sys_exit_wait4	excluded	tracepoint event
syscalls:sys_exit_waitid	excluded	tracepoint event
syscalls:sys_exit_write	excluded	tracepoint event
syscalls:sys_exit_writev	excluded	tracepoint event
task:task_newtask	excluded	tracepoint event
task:task_prctl_unknown	excluded	tracepoint event
task:task_rename	excluded	tracepoint event
tcp:tcp_ao_handshake_failure	excluded	tracepoint event
tcp:tcp_ao_key_not_found	excluded	tracepoint event
tcp:tcp_ao_mismatch	excluded	tracepoint event
tcp:tcp_ao_rcv_sne_update	excluded	tracepoint event
tcp:tcp_ao_rnext_request	excluded	tracepoint event
tcp:tcp_ao_snd_sne_update	excluded	tracepoint event
tcp:tcp_ao_synack_no_key	excluded	tracepoint event
tcp:tcp_ao_wrong_maclen	excluded	tracepoint event
tcp:tcp_bad_csum	excluded	tracepoint event
tcp:tcp_cong_state_set	excluded	tracepoint event
tcp:tcp_destroy_sock	excluded	tracepoint event
tcp:tcp_hash_ao_required	excluded	tracepoint event
tcp:tcp_hash_bad_header	excluded	tracepoint event
tcp:tcp_hash_md5_mismatch	excluded	tracepoint event
tcp:tcp_hash_md5_required	excluded	tracepoint event
tcp:tcp_hash_md5_unexpected	excluded	tracepoint event
tcp:tcp_probe	excluded	tracepoint event
tcp:tcp_rcv_space_adjust	excluded	tracepoint event
tcp:tcp_rcvbuf_grow	excluded	tracepoint event
tcp:tcp_receive_reset	excluded	tracepoint event
tcp:tcp_retransmit_skb	excluded	tracepoint event
tcp:tcp_retransmit_synack	excluded	tracepoint event
tcp:tcp_send_reset	excluded	tracepoint event
tcp:tcp_sendmsg_locked	excluded	tracepoint event
thermal:cdev_update	excluded	tracepoint event
thermal:thermal_power_devfreq_get_power	excluded	tracepoint event
thermal:thermal_power_devfreq_limit	excluded	tracepoint event
thermal:thermal_temperature	excluded	tracepoint event
thermal:thermal_zone_trip	excluded	tracepoint event
thermal_power_allocator:thermal_power_actor	excluded	tracepoint event
thermal_power_allocator:thermal_power_allocator	excluded	tracepoint event
thermal_power_allocator:thermal_power_allocator_pid	excluded	tracepoint event
thp:remove_migration_pmd	excluded	tracepoint event
thp:set_migration_pmd	excluded	tracepoint event
timer:hrtimer_cancel	excluded	tracepoint event
timer:hrtimer_expire_entry	excluded	tracepoint event
timer:hrtimer_expire_exit	excluded	tracepoint event
timer:hrtimer_setup	excluded	tracepoint event
timer:hrtimer_start	excluded	tracepoint event
timer:itimer_expire	excluded	tracepoint event
timer:itimer_state	excluded	tracepoint event
timer:tick_stop	excluded	tracepoint event
timer:timer_base_idle	excluded	tracepoint event
timer:timer_cancel	excluded	tracepoint event
timer:timer_expire_entry	excluded	tracepoint event
timer:timer_expire_exit	excluded	tracepoint event
timer:timer_init	excluded	tracepoint event
timer:timer_start	excluded	tracepoint event
timer_migration:tmigr_connect_child_parent	excluded	tracepoint event
timer_migration:tmigr_connect_cpu_parent	excluded	tracepoint event
timer_migration:tmigr_cpu_active	excluded	tracepoint event
timer_migration:tmigr_cpu_idle	excluded	tracepoint event
timer_migration:tmigr_cpu_new_timer	excluded	tracepoint event
timer_migration:tmigr_cpu_new_timer_idle	excluded	tracepoint event
timer_migration:tmigr_cpu_offline	excluded	tracepoint event
timer_migration:tmigr_cpu_online	excluded	tracepoint event
timer_migration:tmigr_group_set	excluded	tracepoint event
timer_migration:tmigr_group_set_cpu_active	excluded	tracepoint event
timer_migration:tmigr_group_set_cpu_inactive	excluded	tracepoint event
timer_migration:tmigr_handle_remote	excluded	tracepoint event
timer_migration:tmigr_handle_remote_cpu	excluded	tracepoint event
timer_migration:tmigr_update_events	excluded	tracepoint event
timestamp:ctime_ns_xchg	excluded	tracepoint event
timestamp:ctime_xchg_skip	excluded	tracepoint event
timestamp:fill_mg_cmtime	excluded	tracepoint event
timestamp:inode_set_ctime_to_ts	excluded	tracepoint event
tlb:tlb_flush	excluded	tracepoint event
tls:tls_device_decrypted	excluded	tracepoint event
tls:tls_device_offload_set	excluded	tracepoint event
tls:tls_device_rx_resync_nh_delay	excluded	tracepoint event
tls:tls_device_rx_resync_nh_schedule	excluded	tracepoint event
tls:tls_device_rx_resync_send	excluded	tracepoint event
tls:tls_device_tx_resync_req	excluded	tracepoint event
tls:tls_device_tx_resync_send	excluded	tracepoint event
tsm_mr:tsm_mr_read	excluded	tracepoint event
tsm_mr:tsm_mr_refresh	excluded	tracepoint event
tsm_mr:tsm_mr_write	excluded	tracepoint event
udp:udp_fail_queue_rcv_skb	excluded	tracepoint event
vmalloc:alloc_vmap_area	excluded	tracepoint event
vmalloc:free_vmap_area_noflush	excluded	tracepoint event
vmalloc:purge_vmap_area_lazy	excluded	tracepoint event
vmscan:mm_shrink_slab_end	excluded	tracepoint event
vmscan:mm_shrink_slab_start	excluded	tracepoint event
vmscan:mm_vmscan_direct_reclaim_begin	excluded	tracepoint event
vmscan:mm_vmscan_direct_reclaim_end	excluded	tracepoint event
vmscan:mm_vmscan_kswapd_sleep	excluded	tracepoint event
vmscan:mm_vmscan_kswapd_wake	excluded	tracepoint event
vmscan:mm_vmscan_lru_isolate	excluded	tracepoint event
vmscan:mm_vmscan_lru_shrink_active	excluded	tracepoint event
vmscan:mm_vmscan_lru_shrink_inactive	excluded	tracepoint event
vmscan:mm_vmscan_memcg_reclaim_begin	excluded	tracepoint event
vmscan:mm_vmscan_memcg_reclaim_end	excluded	tracepoint event
vmscan:mm_vmscan_memcg_softlimit_reclaim_begin	excluded	tracepoint event
vmscan:mm_vmscan_memcg_softlimit_reclaim_end	excluded	tracepoint event
vmscan:mm_vmscan_node_reclaim_begin	excluded	tracepoint event
vmscan:mm_vmscan_node_reclaim_end	excluded	tracepoint event
vmscan:mm_vmscan_reclaim_pages	excluded	tracepoint event
vmscan:mm_vmscan_throttled	excluded	tracepoint event
vmscan:mm_vmscan_wakeup_kswapd	excluded	tracepoint event
vmscan:mm_vmscan_write_folio	excluded	tracepoint event
vsock:virtio_transport_alloc_pkt	excluded	tracepoint event
vsock:virtio_transport_recv_pkt	excluded	tracepoint event
vsyscall:emulate_vsyscall	excluded	tracepoint event
watchdog:watchdog_ping	excluded	tracepoint event
watchdog:watchdog_set_timeout	excluded	tracepoint event
watchdog:watchdog_start	excluded	tracepoint event
watchdog:watchdog_stop	excluded	tracepoint event
wbt:wbt_lat	excluded	tracepoint event
wbt:wbt_stat	excluded	tracepoint event
wbt:wbt_step	excluded	tracepoint event
wbt:wbt_timer	excluded	tracepoint event
workqueue:workqueue_activate_work	excluded	tracepoint event
workqueue:workqueue_execute_end	excluded	tracepoint event
workqueue:workqueue_execute_start	excluded	tracepoint event
workqueue:workqueue_queue_work	excluded	tracepoint event
writeback:balance_dirty_pages	excluded	tracepoint event
writeback:bdi_dirty_ratelimit	excluded	tracepoint event
writeback:flush_foreign	excluded	tracepoint event
writeback:folio_wait_writeback	excluded	tracepoint event
writeback:global_dirty_state	excluded	tracepoint event
writeback:inode_foreign_history	excluded	tracepoint event
writeback:inode_switch_wbs	excluded	tracepoint event
writeback:sb_clear_inode_writeback	excluded	tracepoint event
writeback:sb_mark_inode_writeback	excluded	tracepoint event
writeback:track_foreign_dirty	excluded	tracepoint event
writeback:wbc_writepage	excluded	tracepoint event
writeback:writeback_bdi_register	excluded	tracepoint event
writeback:writeback_dirty_folio	excluded	tracepoint event
writeback:writeback_dirty_inode	excluded	tracepoint event
writeback:writeback_dirty_inode_enqueue	excluded	tracepoint event
writeback:writeback_dirty_inode_start	excluded	tracepoint event
writeback:writeback_exec	excluded	tracepoint event
writeback:writeback_lazytime	excluded	tracepoint event
writeback:writeback_lazytime_iput	excluded	tracepoint event
writeback:writeback_mark_inode_dirty	excluded	tracepoint event
writeback:writeback_pages_written	excluded	tracepoint event
writeback:writeback_queue	excluded	tracepoint event
writeback:writeback_queue_io	excluded	tracepoint event
writeback:writeback_sb_inodes_requeue	excluded	tracepoint event
writeback:writeback_single_inode	excluded	tracepoint event
writeback:writeback_single_inode_start	excluded	tracepoint event
writeback:writeback_start	excluded	tracepoint event
writeback:writeback_wait	excluded	tracepoint event
writeback:writeback_wake_background	excluded	tracepoint event
writeback:writeback_write_inode	excluded	tracepoint event
writeback:writeback_write_inode_start	excluded	tracepoint event
writeback:writeback_written	excluded	tracepoint event
x86_fpu:x86_fpu_after_save	excluded	tracepoint event
x86_fpu:x86_fpu_before_save	excluded	tracepoint event
x86_fpu:x86_fpu_copy_dst	excluded	tracepoint event
x86_fpu:x86_fpu_dropped	excluded	tracepoint event
x86_fpu:x86_fpu_regs_activated	excluded	tracepoint event
x86_fpu:x86_fpu_regs_deactivated	excluded	tracepoint event
x86_fpu:x86_fpu_xstate_check_failed	excluded	tracepoint event
xdp:bpf_xdp_link_attach_failed	excluded	tracepoint event
xdp:mem_connect	excluded	tracepoint event
xdp:mem_disconnect	excluded	tracepoint event
xdp:xdp_bulk_tx	excluded	tracepoint event
xdp:xdp_cpumap_enqueue	excluded	tracepoint event
xdp:xdp_cpumap_kthread	excluded	tracepoint event
xdp:xdp_devmap_xmit	excluded	tracepoint event
xdp:xdp_exception	excluded	tracepoint event
xdp:xdp_redirect	excluded	tracepoint event
xdp:xdp_redirect_err	excluded	tracepoint event
xen:xen_cpu_load_idt	excluded	tracepoint event
xen:xen_cpu_set_ldt	excluded	tracepoint event
xen:xen_cpu_write_gdt_entry	excluded	tracepoint event
xen:xen_cpu_write_idt_entry	excluded	tracepoint event
xen:xen_cpu_write_ldt_entry	excluded	tracepoint event
xen:xen_mc_batch	excluded	tracepoint event
xen:xen_mc_callback	excluded	tracepoint event
xen:xen_mc_entry	excluded	tracepoint event
xen:xen_mc_entry_alloc	excluded	tracepoint event
xen:xen_mc_extend_args	excluded	tracepoint event
xen:xen_mc_flush	excluded	tracepoint event
xen:xen_mc_flush_reason	excluded	tracepoint event
xen:xen_mc_issue	excluded	tracepoint event
xen:xen_mmu_alloc_ptpage	excluded	tracepoint event
xen:xen_mmu_flush_tlb_multi	excluded	tracepoint event
xen:xen_mmu_flush_tlb_one_user	excluded	tracepoint event
xen:xen_mmu_pgd_pin	excluded	tracepoint event
xen:xen_mmu_pgd_unpin	excluded	tracepoint event
xen:xen_mmu_ptep_modify_prot_commit	excluded	tracepoint event
xen:xen_mmu_ptep_modify_prot_start	excluded	tracepoint event
xen:xen_mmu_release_ptpage	excluded	tracepoint event
xen:xen_mmu_set_p4d	excluded	tracepoint event
xen:xen_mmu_set_pmd	excluded	tracepoint event
xen:xen_mmu_set_pte	excluded	tracepoint event
xen:xen_mmu_set_pud	excluded	tracepoint event
xen:xen_mmu_write_cr3	excluded	tracepoint event
xhci-hcd:xhci_add_endpoint	excluded	tracepoint event
xhci-hcd:xhci_address_ctrl_ctx	excluded	tracepoint event
xhci-hcd:xhci_address_ctx	excluded	tracepoint event
xhci-hcd:xhci_alloc_dev	excluded	tracepoint event
xhci-hcd:xhci_alloc_stream_info_ctx	excluded	tracepoint event
xhci-hcd:xhci_alloc_virt_device	excluded	tracepoint event
xhci-hcd:xhci_configure_endpoint	excluded	tracepoint event
xhci-hcd:xhci_configure_endpoint_ctrl_ctx	excluded	tracepoint event
xhci-hcd:xhci_dbc_alloc_request	excluded	tracepoint event
xhci-hcd:xhci_dbc_free_request	excluded	tracepoint event
xhci-hcd:xhci_dbc_gadget_ep_queue	excluded	tracepoint event
xhci-hcd:xhci_dbc_giveback_request	excluded	tracepoint event
xhci-hcd:xhci_dbc_handle_event	excluded	tracepoint event
xhci-hcd:xhci_dbc_handle_transfer	excluded	tracepoint event
xhci-hcd:xhci_dbc_queue_request	excluded	tracepoint event
xhci-hcd:xhci_dbg_address	excluded	tracepoint event
xhci-hcd:xhci_dbg_cancel_urb	excluded	tracepoint event
xhci-hcd:xhci_dbg_context_change	excluded	tracepoint event
xhci-hcd:xhci_dbg_init	excluded	tracepoint event
xhci-hcd:xhci_dbg_quirks	excluded	tracepoint event
xhci-hcd:xhci_dbg_reset_ep	excluded	tracepoint event
xhci-hcd:xhci_dbg_ring_expansion	excluded	tracepoint event
xhci-hcd:xhci_discover_or_reset_device	excluded	tracepoint event
xhci-hcd:xhci_free_dev	excluded	tracepoint event
xhci-hcd:xhci_free_virt_device	excluded	tracepoint event
xhci-hcd:xhci_get_port_status	excluded	tracepoint event
xhci-hcd:xhci_handle_cmd_addr_dev	excluded	tracepoint event
xhci-hcd:xhci_handle_cmd_config_ep	excluded	tracepoint event
xhci-hcd:xhci_handle_cmd_disable_slot	excluded	tracepoint event
xhci-hcd:xhci_handle_cmd_reset_dev	excluded	tracepoint event
xhci-hcd:xhci_handle_cmd_reset_ep	excluded	tracepoint event
xhci-hcd:xhci_handle_cmd_set_deq	excluded	tracepoint event
xhci-hcd:xhci_handle_cmd_set_deq_ep	excluded	tracepoint event
xhci-hcd:xhci_handle_cmd_set_deq_stream	excluded	tracepoint event
xhci-hcd:xhci_handle_cmd_stop_ep	excluded	tracepoint event
xhci-hcd:xhci_handle_command	excluded	tracepoint event
xhci-hcd:xhci_handle_event	excluded	tracepoint event
xhci-hcd:xhci_handle_port_status	excluded	tracepoint event
xhci-hcd:xhci_handle_transfer	excluded	tracepoint event
xhci-hcd:xhci_hub_status_data	excluded	tracepoint event
xhci-hcd:xhci_inc_deq	excluded	tracepoint event
xhci-hcd:xhci_inc_enq	excluded	tracepoint event
xhci-hcd:xhci_queue_trb	excluded	tracepoint event
xhci-hcd:xhci_ring_alloc	excluded	tracepoint event
xhci-hcd:xhci_ring_ep_doorbell	excluded	tracepoint event
xhci-hcd:xhci_ring_expansion	excluded	tracepoint event
xhci-hcd:xhci_ring_free	excluded	tracepoint event
xhci-hcd:xhci_ring_host_doorbell	excluded	tracepoint event
xhci-hcd:xhci_setup_addressable_virt_device	excluded	tracepoint event
xhci-hcd:xhci_setup_device	excluded	tracepoint event
xhci-hcd:xhci_setup_device_slot	excluded	tracepoint event
xhci-hcd:xhci_stop_device	excluded	tracepoint event
xhci-hcd:xhci_urb_dequeue	excluded	tracepoint event
xhci-hcd:xhci_urb_enqueue	excluded	tracepoint event
xhci-hcd:xhci_urb_giveback	excluded	tracepoint event
tma_core_bound	excluded	derived metric
tma_info_core_ilp	excluded	derived metric
tma_info_memory_l2mpki	excluded	derived metric
tma_memory_bound	excluded	derived metric
tma_info_bad_spec_branch_misprediction_cost	excluded	derived metric
tma_info_bad_spec_ipmisp_cond_ntaken	excluded	derived metric
tma_info_bad_spec_ipmisp_cond_taken	excluded	derived metric
tma_info_bad_spec_ipmisp_indirect	excluded	derived metric
tma_info_bad_spec_ipmisp_ret	excluded	derived metric
tma_info_bad_spec_ipmispredict	excluded	derived metric
tma_info_bottleneck_irregular_overhead	excluded	derived metric
tma_info_bottleneck_mispredictions	excluded	derived metric
tma_info_branches_callret	excluded	derived metric
tma_info_branches_cond_nt	excluded	derived metric
tma_info_branches_cond_tk	excluded	derived metric
tma_info_branches_jump	excluded	derived metric
tma_info_branches_other_branches	excluded	derived metric
tma_branch_mispredicts	excluded	derived metric
tma_clears_resteers	excluded	derived metric
tma_machine_clears	excluded	derived metric
tma_mispredicts_resteers	excluded	derived metric
tma_icache_misses	excluded	derived metric
tma_info_bottleneck_big_code	excluded	derived metric
tma_itlb_misses	excluded	derived metric
tma_unknown_branches	excluded	derived metric
tma_info_bad_spec_spec_clears_ratio	excluded	derived metric
tma_other_mispredicts	excluded	derived metric
tma_fused_instructions	excluded	derived metric
tma_info_inst_mix_bptkbranch	excluded	derived metric
tma_info_inst_mix_ipbranch	excluded	derived metric
tma_info_inst_mix_ipcall	excluded	derived metric
tma_info_inst_mix_iptb	excluded	derived metric
tma_info_system_ipfarbranch	excluded	derived metric
tma_info_thread_uptb	excluded	derived metric
tma_non_fused_branches	excluded	derived metric
tma_info_bottleneck_branching_overhead	excluded	derived metric
tma_nop_instructions	excluded	derived metric
tma_amx_busy	excluded	derived metric
tma_divider	excluded	derived metric
tma_info_bottleneck_compute_bound_est	excluded	derived metric
tma_ports_utilized_3m	excluded	derived metric
tma_frontend_bound	excluded	derived metric
tma_info_bottleneck_instruction_fetch_bw	excluded	derived metric
tma_assists	excluded	derived metric
tma_other_nukes	excluded	derived metric
tma_serializing_operation	excluded	derived metric
tma_info_bottleneck_cache_memory_bandwidth	excluded	derived metric
tma_info_bottleneck_cache_memory_latency	excluded	derived metric
tma_l1_hit_latency	excluded	derived metric
tma_l2_bound	excluded	derived metric
tma_l3_hit_latency	excluded	derived metric
tma_mem_latency	excluded	derived metric
tma_store_latency	excluded	derived metric
tma_contested_accesses	excluded	derived metric
tma_data_sharing	excluded	derived metric
tma_false_sharing	excluded	derived metric
tma_fb_full	excluded	derived metric
tma_info_bottleneck_memory_synchronization	excluded	derived metric
tma_mem_bandwidth	excluded	derived metric
tma_sq_full	excluded	derived metric
tma_dtlb_load	excluded	derived metric
tma_dtlb_store	excluded	derived metric
tma_info_bottleneck_memory_data_tlbs	excluded	derived metric
tma_backend_bound	excluded	derived metric
tma_info_bottleneck_other_bottlenecks	excluded	derived metric
tma_info_bottleneck_useful_work	excluded	derived metric
tma_retiring	excluded	derived metric
tma_c01_wait	excluded	derived metric
tma_c02_wait	excluded	derived metric
tma_info_system_c0_wait	excluded	derived metric
tma_info_memory_fb_hpki	excluded	derived metric
tma_info_memory_l1mpki	excluded	derived metric
tma_info_memory_l1mpki_load	excluded	derived metric
tma_info_memory_l2hpki_all	excluded	derived metric
tma_info_memory_l2hpki_load	excluded	derived metric
tma_info_memory_l2mpki_all	excluded	derived metric
tma_info_memory_l2mpki_load	excluded	derived metric
tma_info_memory_mix_offcore_read_any_pki	excluded	derived metric
tma_l1_bound	excluded	derived metric
tma_l3_bound	excluded	derived metric
tma_info_memory_l2mpki_rfo	excluded	derived metric
tma_fp_scalar	excluded	derived metric
tma_fp_vector	excluded	derived metric
tma_fp_vector_128b	excluded	derived metric
tma_fp_vector_256b	excluded	derived metric
tma_fp_vector_512b	excluded	derived metric
tma_int_vector_128b	excluded	derived metric
tma_int_vector_256b	excluded	derived metric
tma_port_0	excluded	derived metric
tma_x87_use	excluded	derived metric
tma_info_botlnk_l0_core_bound_likely	excluded	derived metric
tma_info_core_fp_arith_utilization	excluded	derived metric
tma_info_pipeline_execute	excluded	derived metric
tma_info_system_gflops	excluded	derived metric
tma_info_thread_execute_per_issue	excluded	derived metric
tma_dsb	excluded	derived metric
tma_info_botlnk_l2_dsb_bandwidth	excluded	derived metric
tma_info_frontend_dsb_coverage	excluded	derived metric
tma_decoder0_alone	excluded	derived metric
tma_dsb_switches	excluded	derived metric
tma_info_botlnk_l2_dsb_misses	excluded	derived metric
tma_info_frontend_dsb_switch_cost	excluded	derived metric
tma_info_frontend_ipdsb_miss_ret	excluded	derived metric
tma_mite	excluded	derived metric
tma_bad_speculation	excluded	derived metric
tma_fetch_bandwidth	excluded	derived metric
tma_fetch_latency	excluded	derived metric
tma_heavy_operations	excluded	derived metric
tma_light_operations	excluded	derived metric
tma_info_botlnk_l2_ic_misses	excluded	derived metric
tma_info_frontend_fetch_upc	excluded	derived metric
tma_info_frontend_icache_miss_latency	excluded	derived metric
tma_info_frontend_ipunknown_branch	excluded	derived metric
tma_info_frontend_unknown_branch_cost	excluded	derived metric
tma_info_memory_tlb_code_stlb_mpki	excluded	derived metric
tma_info_pipeline_fetch_dsb	excluded	derived metric
tma_info_pipeline_fetch_mite	excluded	derived metric
tma_branch_resteers	excluded	derived metric
tma_lcp	excluded	derived metric
tma_ms_switches	excluded	derived metric
tma_info_core_flopc	excluded	derived metric
tma_info_inst_mix_iparith	excluded	derived metric
tma_info_inst_mix_iparith_avx128	excluded	derived metric
tma_info_inst_mix_iparith_avx256	excluded	derived metric
tma_info_inst_mix_iparith_avx512	excluded	derived metric
tma_info_inst_mix_iparith_scalar_dp	excluded	derived metric
tma_info_inst_mix_iparith_scalar_hp	excluded	derived metric
tma_info_inst_mix_iparith_scalar_sp	excluded	derived metric
tma_info_inst_mix_ipflop	excluded	derived metric
tma_info_inst_mix_ippause	excluded	derived metric
tma_avx_assists	excluded	derived metric
tma_fp_arith	excluded	derived metric
tma_fp_assists	excluded	derived metric
tma_info_memory_soc_r2c_dram_bw	excluded	derived metric
tma_info_memory_soc_r2c_l3m_bw	excluded	derived metric
tma_info_memory_soc_r2c_offcore_bw	excluded	derived metric
tma_info_system_cpu_utilization	excluded	derived metric
tma_info_system_dram_bw_use	excluded	derived metric
tma_shuffles_256b	excluded	derived metric
tma_info_frontend_l2mpki_code	excluded	derived metric
tma_info_frontend_l2mpki_code_all	excluded	derived metric
tma_info_inst_mix_ipload	excluded	derived metric
tma_info_inst_mix_ipstore	excluded	derived metric
tma_info_system_io_read_bw	excluded	derived metric
tma_info_system_io_write_bw	excluded	derived metric
tma_info_memory_core_l2_evictions_nonsilent_pki	excluded	derived metric
tma_info_memory_core_l2_evictions_silent_pki	excluded	derived metric
tma_info_memory_core_l1d_cache_fill_bw_2t	excluded	derived metric
tma_info_memory_core_l2_cache_fill_bw_2t	excluded	derived metric
tma_info_memory_core_l3_cache_access_bw_2t	excluded	derived metric
tma_info_memory_core_l3_cache_fill_bw_2t	excluded	derived metric
tma_info_memory_l1d_cache_fill_bw	excluded	derived metric
tma_info_memory_l2_cache_fill_bw	excluded	derived metric
tma_info_memory_l3_cache_access_bw	excluded	derived metric
tma_info_memory_l3_cache_fill_bw	excluded	derived metric
tma_info_memory_l3mpki	excluded	derived metric
tma_info_memory_load_miss_real_latency	excluded	derived metric
tma_info_memory_mix_bus_lock_pki	excluded	derived metric
tma_info_memory_mix_uc_load_pki	excluded	derived metric
tma_info_memory_mlp	excluded	derived metric
tma_info_memory_tlb_load_stlb_mpki	excluded	derived metric
tma_info_memory_tlb_page_walks_utilization	excluded	derived metric
tma_info_memory_tlb_store_stlb_mpki	excluded	derived metric
tma_info_system_mem_parallel_reads	excluded	derived metric
tma_info_system_mem_read_latency	excluded	derived metric
tma_info_thread_cpi	excluded	derived metric
tma_info_system_mem_dram_read_latency	excluded	derived metric
tma_info_system_mem_pmm_read_latency	excluded	derived metric
tma_info_system_pmm_read_bw	excluded	derived metric
tma_info_system_pmm_write_bw	excluded	derived metric
tma_mba_stalls	excluded	derived metric
tma_streaming_stores	excluded	derived metric
tma_dram_bound	excluded	derived metric
tma_store_bound	excluded	derived metric
tma_load_stlb_hit	excluded	derived metric
tma_load_stlb_miss	excluded	derived metric
tma_store_stlb_hit	excluded	derived metric
tma_store_stlb_miss	excluded	derived metric
tma_info_memory_latency_data_l2_mlp	excluded	derived metric
tma_info_memory_latency_load_l2_mlp	excluded	derived metric
tma_info_memory_latency_load_l2_miss_latency	excluded	derived metric
tma_info_memory_latency_load_l3_miss_latency	excluded	derived metric
tma_info_pipeline_ipassist	excluded	derived metric
tma_info_pipeline_strings_cycles	excluded	derived metric
tma_microcode_sequencer	excluded	derived metric
tma_info_system_kernel_cpi	excluded	derived metric
tma_info_system_kernel_utilization	excluded	derived metric
tma_info_memory_mix_offcore_mwrite_any_pki	excluded	derived metric
tma_info_memory_mix_offcore_read_l3m_pki	excluded	derived metric
tma_lock_latency	excluded	derived metric
tma_remote_cache	excluded	derived metric
tma_info_pipeline_retire	excluded	derived metric
tma_info_thread_clks	excluded	derived metric
tma_info_thread_uoppi	excluded	derived metric
tma_int_operations	excluded	derived metric
tma_memory_operations	excluded	derived metric
tma_other_light_ops	excluded	derived metric
tma_ports_utilization	excluded	derived metric
tma_ports_utilized_0	excluded	derived metric
tma_ports_utilized_1	excluded	derived metric
tma_ports_utilized_2	excluded	derived metric
C1_Core_Residency	excluded	derived metric
C2_Pkg_Residency	excluded	derived metric
C6_Core_Residency	excluded	derived metric
C6_Pkg_Residency	excluded	derived metric
tma_info_core_epc	excluded	derived metric
tma_info_system_core_frequency	excluded	derived metric
tma_info_system_turbo_utilization	excluded	derived metric
tma_info_inst_mix_ipswpf	excluded	derived metric
tma_info_core_coreipc	excluded	derived metric
tma_info_thread_ipc	excluded	derived metric
tma_info_core_core_clks	excluded	derived metric
tma_info_system_smt_2t_utilization	excluded	derived metric
tma_info_thread_slots_utilization	excluded	derived metric
tma_info_system_upi_data_transmit_bw	excluded	derived metric
tma_local_mem	excluded	derived metric
tma_remote_mem	excluded	derived metric
UNCORE_FREQ	excluded	derived metric
tma_info_system_socket_clks	excluded	derived metric
tma_info_system_uncore_frequency	excluded	derived metric
tma_info_inst_mix_instructions	excluded	derived metric
tma_info_system_cpus_utilized	excluded	derived metric
tma_info_thread_slots	excluded	derived metric
tma_few_uops_instructions	excluded	derived metric
tma_cisc	excluded	derived metric
tma_memory_fence	excluded	derived metric
tma_slow_pause	excluded	derived metric
tma_split_loads	excluded	derived metric
tma_split_stores	excluded	derived metric
tma_store_fwd_blk	excluded	derived metric
tma_alu_op_utilization	excluded	derived metric
tma_load_op_utilization	excluded	derived metric
tma_mixing_vectors	excluded	derived metric
tma_page_faults	excluded	derived metric
tma_store_op_utilization	excluded	derived metric
tma_port_1	excluded	derived metric
tma_port_6	excluded	derived metric
cpi	excluded	derived metric
cpu_operating_frequency	excluded	derived metric
cpu_utilization	excluded	derived metric
dtlb_2nd_level_2mb_large_page_load_mpi	excluded	derived metric
dtlb_2nd_level_load_mpi	excluded	derived metric
dtlb_2nd_level_store_mpi	excluded	derived metric
iio_bandwidth_read	excluded	derived metric
iio_bandwidth_write	excluded	derived metric
io_bandwidth_read	excluded	derived metric
io_bandwidth_read_local	excluded	derived metric
io_bandwidth_read_remote	excluded	derived metric
io_bandwidth_write	excluded	derived metric
io_bandwidth_write_local	excluded	derived metric
io_bandwidth_write_remote	excluded	derived metric
io_percent_of_inbound_full_writes_that_miss_l3	excluded	derived metric
io_percent_of_inbound_partial_writes_that_miss_l3	excluded	derived metric
io_percent_of_inbound_reads_that_miss_l3	excluded	derived metric
itlb_2nd_level_large_page_mpi	excluded	derived metric
itlb_2nd_level_mpi	excluded	derived metric
l1_i_code_read_misses_with_prefetches_per_instr	excluded	derived metric
l1d_demand_data_read_hits_per_instr	excluded	derived metric
l1d_mpi	excluded	derived metric
l2_demand_code_mpi	excluded	derived metric
l2_demand_data_read_hits_per_instr	excluded	derived metric
l2_demand_data_read_mpi	excluded	derived metric
l2_mpi	excluded	derived metric
llc_code_read_mpi_demand_plus_prefetch	excluded	derived metric
llc_data_read_mpi_demand_plus_prefetch	excluded	derived metric
llc_demand_data_read_miss_latency	excluded	derived metric
llc_demand_data_read_miss_latency_for_local_requests	excluded	derived metric
llc_demand_data_read_miss_latency_for_remote_requests	excluded	derived metric
llc_demand_data_read_miss_to_dram_latency	excluded	derived metric
llc_demand_data_read_miss_to_pmem_latency	excluded	derived metric
llc_miss_local_memory_bandwidth_read	excluded	derived metric
llc_miss_local_memory_bandwidth_write	excluded	derived metric
llc_miss_remote_memory_bandwidth_read	excluded	derived metric
llc_miss_remote_memory_bandwidth_write	excluded	derived metric
loads_per_instr	excluded	derived metric
memory_bandwidth_read	excluded	derived metric
memory_bandwidth_total	excluded	derived metric
memory_bandwidth_write	excluded	derived metric
memory_extra_write_bw_due_to_directory_updates	excluded	derived metric
numa_reads_addressed_to_local_dram	excluded	derived metric
numa_reads_addressed_to_remote_dram	excluded	derived metric
percent_uops_delivered_from_decoded_icache	excluded	derived metric
percent_uops_delivered_from_legacy_decode_pipeline	excluded	derived metric
percent_uops_delivered_from_microcode_sequencer	excluded	derived metric
pmem_memory_bandwidth_read	excluded	derived metric
pmem_memory_bandwidth_total	excluded	derived metric
pmem_memory_bandwidth_write	excluded	derived metric
smi_cycles	excluded	derived metric
smi_num	excluded	derived metric
stores_per_instr	excluded	derived metric
tsx_aborted_cycles	excluded	derived metric
tsx_cycles_per_transaction	excluded	derived metric
tsx_transactional_cycles	excluded	derived metric
uncore_frequency	excluded	derived metric
upi_data_receive_bw	excluded	derived metric
upi_data_transmit_bw	excluded	derived metric
