event	round	count	exit
el-capacity:u	1	0	0
el-capacity:u	2	0	0
el-capacity:u	3	0	0
el-capacity:u	4	0	0
el-capacity:u	5	0	0
el-capacity:u	6	0	0
el-capacity:u	7	0	0
el-capacity:u	8	0	0
el-capacity:u	9	0	0
el-capacity:u	10	0	0
el-capacity:u	11	0	0
el-capacity:u	12	0	0
el-capacity:u	13	0	0
el-capacity:u	14	0	0
el-capacity:u	15	0	0
el-capacity:u	16	0	0
el-capacity:u	17	0	0
el-capacity:u	18	0	0
el-capacity:u	19	0	0
el-capacity:u	20	0	0
el-capacity:u	21	0	0
el-capacity:u	22	0	0
el-capacity:u	23	0	0
el-capacity:u	24	0	0
el-capacity:u	25	0	0
el-capacity:u	26	0	0
el-capacity:u	27	0	0
el-capacity:u	28	0	0
el-capacity:u	29	0	0
el-capacity:u	30	0	0
el-capacity:u	31	0	0
el-capacity:u	32	0	0
el-capacity:u	33	0	0
el-capacity:u	34	0	0
el-capacity:u	35	0	0
el-capacity:u	36	0	0
el-capacity:u	37	0	0
el-capacity:u	38	0	0
el-capacity:u	39	0	0
el-capacity:u	40	0	0
el-capacity:u	41	0	0
el-capacity:u	42	0	0
el-capacity:u	43	0	0
el-capacity:u	44	0	0
el-capacity:u	45	0	0
el-capacity:u	46	0	0
el-capacity:u	47	0	0
el-capacity:u	48	0	0
el-capacity:u	49	0	0
el-capacity:u	50	0	0
el-capacity:u	51	0	0
el-capacity:u	52	0	0
el-capacity:u	53	0	0
el-capacity:u	54	0	0
el-capacity:u	55	0	0
el-capacity:u	56	0	0
el-capacity:u	57	0	0
el-capacity:u	58	0	0
el-capacity:u	59	0	0
el-capacity:u	60	0	0
el-capacity:u	61	0	0
el-capacity:u	62	0	0
el-capacity:u	63	0	0
el-capacity:u	64	0	0
el-capacity:u	65	0	0
el-capacity:u	66	0	0
el-capacity:u	67	0	0
el-capacity:u	68	0	0
el-capacity:u	69	0	0
el-capacity:u	70	0	0
el-capacity:u	71	0	0
el-capacity:u	72	0	0
el-capacity:u	73	0	0
el-capacity:u	74	0	0
el-capacity:u	75	0	0
el-capacity:u	76	0	0
el-capacity:u	77	0	0
el-capacity:u	78	0	0
el-capacity:u	79	0	0
el-capacity:u	80	0	0
el-capacity:u	81	0	0
el-capacity:u	82	0	0
el-capacity:u	83	0	0
el-capacity:u	84	0	0
el-capacity:u	85	0	0
el-capacity:u	86	0	0
el-capacity:u	87	0	0
el-capacity:u	88	0	0
el-capacity:u	89	0	0
el-capacity:u	90	0	0
el-capacity:u	91	0	0
el-capacity:u	92	0	0
el-capacity:u	93	0	0
el-capacity:u	94	0	0
el-capacity:u	95	0	0
el-capacity:u	96	0	0
el-capacity:u	97	0	0
el-capacity:u	98	0	0
el-capacity:u	99	0	0
el-capacity:u	100	0	0
el-capacity:u	101	0	0
el-capacity:u	102	0	0
el-capacity:u	103	0	0
el-capacity:u	104	0	0
el-capacity:u	105	0	0
el-capacity:u	106	0	0
el-capacity:u	107	0	0
el-capacity:u	108	0	0
el-capacity:u	109	0	0
el-capacity:u	110	0	0
el-capacity:u	111	0	0
el-capacity:u	112	0	0
el-capacity:u	113	0	0
el-capacity:u	114	0	0
el-capacity:u	115	0	0
el-capacity:u	116	0	0
el-capacity:u	117	0	0
el-capacity:u	118	0	0
el-capacity:u	119	0	0
el-capacity:u	120	0	0
el-capacity:u	121	0	0
el-capacity:u	122	0	0
el-capacity:u	123	0	0
el-capacity:u	124	0	0
el-capacity:u	125	0	0
el-capacity:u	126	0	0
el-capacity:u	127	0	0
el-capacity:u	128	0	0
el-capacity:u	129	0	0
el-capacity:u	130	0	0
el-capacity:u	131	0	0
el-capacity:u	132	0	0
el-capacity:u	133	0	0
el-capacity:u	134	0	0
el-capacity:u	135	0	0
el-capacity:u	136	0	0
el-capacity:u	137	0	0
el-capacity:u	138	0	0
el-capacity:u	139	0	0
el-capacity:u	140	0	0
el-capacity:u	141	0	0
el-capacity:u	142	0	0
el-capacity:u	143	0	0
el-capacity:u	144	0	0
el-capacity:u	145	0	0
el-capacity:u	146	0	0
el-capacity:u	147	0	0
el-capacity:u	148	0	0
el-capacity:u	149	0	0
el-capacity:u	150	0	0
el-capacity:u	151	0	0
el-capacity:u	152	0	0
el-capacity:u	153	0	0
el-capacity:u	154	0	0
el-capacity:u	155	0	0
el-capacity:u	156	0	0
el-capacity:u	157	0	0
el-capacity:u	158	0	0
el-capacity:u	159	0	0
el-capacity:u	160	0	0
el-capacity:u	161	0	0
el-capacity:u	162	0	0
el-capacity:u	163	0	0
el-capacity:u	164	0	0
el-capacity:u	165	0	0
el-capacity:u	166	0	0
el-capacity:u	167	0	0
el-capacity:u	168	0	0
el-capacity:u	169	0	0
el-capacity:u	170	0	0
el-capacity:u	171	0	0
el-capacity:u	172	0	0
el-capacity:u	173	0	0
el-capacity:u	174	0	0
el-capacity:u	175	0	0
el-capacity:u	176	0	0
el-capacity:u	177	0	0
el-capacity:u	178	0	0
el-capacity:u	179	0	0
el-capacity:u	180	0	0
el-capacity:u	181	0	0
el-capacity:u	182	0	0
el-capacity:u	183	0	0
el-capacity:u	184	0	0
el-capacity:u	185	0	0
el-capacity:u	186	0	0
el-capacity:u	187	0	0
el-capacity:u	188	0	0
el-capacity:u	189	0	0
el-capacity:u	190	0	0
el-capacity:u	191	0	0
el-capacity:u	192	0	0
el-capacity:u	193	0	0
el-capacity:u	194	0	0
el-capacity:u	195	0	0
el-capacity:u	196	0	0
el-capacity:u	197	0	0
el-capacity:u	198	0	0
el-capacity:u	199	0	0
el-capacity:u	200	0	0
el-capacity:u	201	0	0
el-capacity:u	202	0	0
el-capacity:u	203	0	0
el-capacity:u	204	0	0
el-capacity:u	205	0	0
el-capacity:u	206	0	0
el-capacity:u	207	0	0
el-capacity:u	208	0	0
el-capacity:u	209	0	0
el-capacity:u	210	0	0
el-capacity:u	211	0	0
el-capacity:u	212	0	0
el-capacity:u	213	0	0
el-capacity:u	214	0	0
el-capacity:u	215	0	0
el-capacity:u	216	0	0
el-capacity:u	217	0	0
el-capacity:u	218	0	0
el-capacity:u	219	0	0
el-capacity:u	220	0	0
el-capacity:u	221	0	0
el-capacity:u	222	0	0
el-capacity:u	223	0	0
el-capacity:u	224	0	0
el-capacity:u	225	0	0
el-capacity:u	226	0	0
el-capacity:u	227	0	0
el-capacity:u	228	0	0
el-capacity:u	229	0	0
el-capacity:u	230	0	0
el-capacity:u	231	0	0
el-capacity:u	232	0	0
el-capacity:u	233	0	0
el-capacity:u	234	0	0
el-capacity:u	235	0	0
el-capacity:u	236	0	0
el-capacity:u	237	0	0
el-capacity:u	238	0	0
el-capacity:u	239	0	0
el-capacity:u	240	0	0
el-capacity:u	241	0	0
el-capacity:u	242	0	0
el-capacity:u	243	0	0
el-capacity:u	244	0	0
el-capacity:u	245	0	0
el-capacity:u	246	0	0
el-capacity:u	247	0	0
el-capacity:u	248	0	0
el-capacity:u	249	0	0
el-capacity:u	250	0	0
el-capacity:u	251	0	0
el-capacity:u	252	0	0
el-capacity:u	253	0	0
el-capacity:u	254	0	0
el-capacity:u	255	0	0
el-capacity:u	256	0	0
el-capacity:u	257	0	0
el-capacity:u	258	0	0
el-capacity:u	259	0	0
el-capacity:u	260	0	0
el-capacity:u	261	0	0
el-capacity:u	262	0	0
el-capacity:u	263	0	0
el-capacity:u	264	0	0
el-capacity:u	265	0	0
el-capacity:u	266	0	0
el-capacity:u	267	0	0
el-capacity:u	268	0	0
el-capacity:u	269	0	0
el-capacity:u	270	0	0
el-capacity:u	271	0	0
el-capacity:u	272	0	0
el-capacity:u	273	0	0
el-capacity:u	274	0	0
el-capacity:u	275	0	0
el-capacity:u	276	0	0
el-capacity:u	277	0	0
el-capacity:u	278	0	0
el-capacity:u	279	0	0
el-capacity:u	280	0	0
el-capacity:u	281	0	0
el-capacity:u	282	0	0
el-capacity:u	283	0	0
el-capacity:u	284	0	0
el-capacity:u	285	0	0
el-capacity:u	286	0	0
el-capacity:u	287	0	0
el-capacity:u	288	0	0
el-capacity:u	289	0	0
el-capacity:u	290	0	0
el-capacity:u	291	0	0
el-capacity:u	292	0	0
el-capacity:u	293	0	0
el-capacity:u	294	0	0
el-capacity:u	295	0	0
el-capacity:u	296	0	0
el-capacity:u	297	0	0
el-capacity:u	298	0	0
el-capacity:u	299	0	0
el-capacity:u	300	0	0
el-capacity:u	301	0	0
el-capacity:u	302	0	0
el-capacity:u	303	0	0
el-capacity:u	304	0	0
el-capacity:u	305	0	0
el-capacity:u	306	0	0
el-capacity:u	307	0	0
el-capacity:u	308	0	0
el-capacity:u	309	0	0
el-capacity:u	310	0	0
el-capacity:u	311	0	0
el-capacity:u	312	0	0
el-capacity:u	313	0	0
el-capacity:u	314	0	0
el-capacity:u	315	0	0
el-capacity:u	316	0	0
el-capacity:u	317	0	0
el-capacity:u	318	0	0
el-capacity:u	319	0	0
el-capacity:u	320	0	0
el-capacity:u	321	0	0
el-capacity:u	322	0	0
el-capacity:u	323	0	0
el-capacity:u	324	0	0
el-capacity:u	325	0	0
el-capacity:u	326	0	0
el-capacity:u	327	0	0
el-capacity:u	328	0	0
el-capacity:u	329	0	0
el-capacity:u	330	0	0
el-capacity:u	331	0	0
el-capacity:u	332	0	0
el-capacity:u	333	0	0
el-capacity:u	334	0	0
el-capacity:u	335	0	0
el-capacity:u	336	0	0
el-capacity:u	337	0	0
el-capacity:u	338	0	0
el-capacity:u	339	0	0
el-capacity:u	340	0	0
el-capacity:u	341	0	0
el-capacity:u	342	0	0
el-capacity:u	343	0	0
el-capacity:u	344	0	0
el-capacity:u	345	0	0
el-capacity:u	346	0	0
el-capacity:u	347	0	0
el-capacity:u	348	0	0
el-capacity:u	349	0	0
el-capacity:u	350	0	0
el-capacity:u	351	0	0
el-capacity:u	352	0	0
el-capacity:u	353	0	0
el-capacity:u	354	0	0
el-capacity:u	355	0	0
el-capacity:u	356	0	0
el-capacity:u	357	0	0
el-capacity:u	358	0	0
el-capacity:u	359	0	0
el-capacity:u	360	0	0
el-capacity:u	361	0	0
el-capacity:u	362	0	0
el-capacity:u	363	0	0
el-capacity:u	364	0	0
el-capacity:u	365	0	0
el-capacity:u	366	0	0
el-capacity:u	367	0	0
el-capacity:u	368	0	0
el-capacity:u	369	0	0
el-capacity:u	370	0	0
el-capacity:u	371	0	0
el-capacity:u	372	0	0
el-capacity:u	373	0	0
el-capacity:u	374	0	0
el-capacity:u	375	0	0
el-capacity:u	376	0	0
el-capacity:u	377	0	0
el-capacity:u	378	0	0
el-capacity:u	379	0	0
el-capacity:u	380	0	0
el-capacity:u	381	0	0
el-capacity:u	382	0	0
el-capacity:u	383	0	0
el-capacity:u	384	0	0
el-capacity:u	385	0	0
el-capacity:u	386	0	0
el-capacity:u	387	0	0
el-capacity:u	388	0	0
el-capacity:u	389	0	0
el-capacity:u	390	0	0
el-capacity:u	391	0	0
el-capacity:u	392	0	0
el-capacity:u	393	0	0
el-capacity:u	394	0	0
el-capacity:u	395	0	0
el-capacity:u	396	0	0
el-capacity:u	397	0	0
el-capacity:u	398	0	0
el-capacity:u	399	0	0
el-capacity:u	400	0	0
el-capacity:u	401	0	0
el-capacity:u	402	0	0
el-capacity:u	403	0	0
el-capacity:u	404	0	0
el-capacity:u	405	0	0
el-capacity:u	406	0	0
el-capacity:u	407	0	0
el-capacity:u	408	0	0
el-capacity:u	409	0	0
el-capacity:u	410	0	0
el-capacity:u	411	0	0
el-capacity:u	412	0	0
el-capacity:u	413	0	0
el-capacity:u	414	0	0
el-capacity:u	415	0	0
el-capacity:u	416	0	0
el-capacity:u	417	0	0
el-capacity:u	418	0	0
el-capacity:u	419	0	0
el-capacity:u	420	0	0
el-capacity:u	421	0	0
el-capacity:u	422	0	0
el-capacity:u	423	0	0
el-capacity:u	424	0	0
el-capacity:u	425	0	0
el-capacity:u	426	0	0
el-capacity:u	427	0	0
el-capacity:u	428	0	0
el-capacity:u	429	0	0
el-capacity:u	430	0	0
el-capacity:u	431	0	0
el-capacity:u	432	0	0
el-capacity:u	433	0	0
el-capacity:u	434	0	0
el-capacity:u	435	0	0
el-capacity:u	436	0	0
el-capacity:u	437	0	0
el-capacity:u	438	0	0
el-capacity:u	439	0	0
el-capacity:u	440	0	0
el-capacity:u	441	0	0
el-capacity:u	442	0	0
el-capacity:u	443	0	0
el-capacity:u	444	0	0
el-capacity:u	445	0	0
el-capacity:u	446	0	0
el-capacity:u	447	0	0
el-capacity:u	448	0	0
el-capacity:u	449	0	0
el-capacity:u	450	0	0
el-capacity:u	451	0	0
el-capacity:u	452	0	0
el-capacity:u	453	0	0
el-capacity:u	454	0	0
el-capacity:u	455	0	0
el-capacity:u	456	0	0
el-capacity:u	457	0	0
el-capacity:u	458	0	0
el-capacity:u	459	0	0
el-capacity:u	460	0	0
el-capacity:u	461	0	0
el-capacity:u	462	0	0
el-capacity:u	463	0	0
el-capacity:u	464	0	0
el-capacity:u	465	0	0
el-capacity:u	466	0	0
el-capacity:u	467	0	0
el-capacity:u	468	0	0
el-capacity:u	469	0	0
el-capacity:u	470	0	0
el-capacity:u	471	0	0
el-capacity:u	472	0	0
el-capacity:u	473	0	0
el-capacity:u	474	0	0
el-capacity:u	475	0	0
el-capacity:u	476	0	0
el-capacity:u	477	0	0
el-capacity:u	478	0	0
el-capacity:u	479	0	0
el-capacity:u	480	0	0
el-capacity:u	481	0	0
el-capacity:u	482	0	0
el-capacity:u	483	0	0
el-capacity:u	484	0	0
el-capacity:u	485	0	0
el-capacity:u	486	0	0
el-capacity:u	487	0	0
el-capacity:u	488	0	0
el-capacity:u	489	0	0
el-capacity:u	490	0	0
el-capacity:u	491	0	0
el-capacity:u	492	0	0
el-capacity:u	493	0	0
el-capacity:u	494	0	0
el-capacity:u	495	0	0
el-capacity:u	496	0	0
el-capacity:u	497	0	0
el-capacity:u	498	0	0
el-capacity:u	499	0	0
el-capacity:u	500	0	0
el-capacity:u	501	0	0
el-capacity:u	502	0	0
el-capacity:u	503	0	0
el-capacity:u	504	0	0
el-capacity:u	505	0	0
el-capacity:u	506	0	0
el-capacity:u	507	0	0
el-capacity:u	508	0	0
el-capacity:u	509	0	0
el-capacity:u	510	0	0
el-capacity:u	511	0	0
el-capacity:u	512	0	0
el-capacity:u	513	0	0
el-capacity:u	514	0	0
el-capacity:u	515	0	0
el-capacity:u	516	0	0
el-capacity:u	517	0	0
el-capacity:u	518	0	0
el-capacity:u	519	0	0
el-capacity:u	520	0	0
el-capacity:u	521	0	0
el-capacity:u	522	0	0
el-capacity:u	523	0	0
el-capacity:u	524	0	0
el-capacity:u	525	0	0
el-capacity:u	526	0	0
el-capacity:u	527	0	0
el-capacity:u	528	0	0
el-capacity:u	529	0	0
el-capacity:u	530	0	0
el-capacity:u	531	0	0
el-capacity:u	532	0	0
el-capacity:u	533	0	0
el-capacity:u	534	0	0
el-capacity:u	535	0	0
el-capacity:u	536	0	0
el-capacity:u	537	0	0
el-capacity:u	538	0	0
el-capacity:u	539	0	0
el-capacity:u	540	0	0
el-capacity:u	541	0	0
el-capacity:u	542	0	0
el-capacity:u	543	0	0
el-capacity:u	544	0	0
el-capacity:u	545	0	0
el-capacity:u	546	0	0
el-capacity:u	547	0	0
el-capacity:u	548	0	0
el-capacity:u	549	0	0
el-capacity:u	550	0	0
el-capacity:u	551	0	0
el-capacity:u	552	0	0
el-capacity:u	553	0	0
el-capacity:u	554	0	0
el-capacity:u	555	0	0
el-capacity:u	556	0	0
el-capacity:u	557	0	0
el-capacity:u	558	0	0
el-capacity:u	559	0	0
el-capacity:u	560	0	0
el-capacity:u	561	0	0
el-capacity:u	562	0	0
el-capacity:u	563	0	0
el-capacity:u	564	0	0
el-capacity:u	565	0	0
el-capacity:u	566	0	0
el-capacity:u	567	0	0
el-capacity:u	568	0	0
el-capacity:u	569	0	0
el-capacity:u	570	0	0
el-capacity:u	571	0	0
el-capacity:u	572	0	0
el-capacity:u	573	0	0
el-capacity:u	574	0	0
el-capacity:u	575	0	0
el-capacity:u	576	0	0
el-capacity:u	577	0	0
el-capacity:u	578	0	0
el-capacity:u	579	0	0
el-capacity:u	580	0	0
el-capacity:u	581	0	0
el-capacity:u	582	0	0
el-capacity:u	583	0	0
el-capacity:u	584	0	0
el-capacity:u	585	0	0
el-capacity:u	586	0	0
el-capacity:u	587	0	0
el-capacity:u	588	0	0
el-capacity:u	589	0	0
el-capacity:u	590	0	0
el-capacity:u	591	0	0
el-capacity:u	592	0	0
el-capacity:u	593	0	0
el-capacity:u	594	0	0
el-capacity:u	595	0	0
el-capacity:u	596	0	0
el-capacity:u	597	0	0
el-capacity:u	598	0	0
el-capacity:u	599	0	0
el-capacity:u	600	0	0
el-capacity:u	601	0	0
el-capacity:u	602	0	0
el-capacity:u	603	0	0
el-capacity:u	604	0	0
el-capacity:u	605	0	0
el-capacity:u	606	0	0
el-capacity:u	607	0	0
el-capacity:u	608	0	0
el-capacity:u	609	0	0
el-capacity:u	610	0	0
el-capacity:u	611	0	0
el-capacity:u	612	0	0
el-capacity:u	613	0	0
el-capacity:u	614	0	0
el-capacity:u	615	0	0
el-capacity:u	616	0	0
el-capacity:u	617	0	0
el-capacity:u	618	0	0
el-capacity:u	619	0	0
el-capacity:u	620	0	0
el-capacity:u	621	0	0
el-capacity:u	622	0	0
el-capacity:u	623	0	0
el-capacity:u	624	0	0
el-capacity:u	625	0	0
el-capacity:u	626	0	0
el-capacity:u	627	0	0
el-capacity:u	628	0	0
el-capacity:u	629	0	0
el-capacity:u	630	0	0
el-capacity:u	631	0	0
el-capacity:u	632	0	0
el-capacity:u	633	0	0
el-capacity:u	634	0	0
el-capacity:u	635	0	0
el-capacity:u	636	0	0
el-capacity:u	637	0	0
el-capacity:u	638	0	0
el-capacity:u	639	0	0
el-capacity:u	640	0	0
el-capacity:u	641	0	0
el-capacity:u	642	0	0
el-capacity:u	643	0	0
el-capacity:u	644	0	0
el-capacity:u	645	0	0
el-capacity:u	646	0	0
el-capacity:u	647	0	0
el-capacity:u	648	0	0
el-capacity:u	649	0	0
el-capacity:u	650	0	0
el-capacity:u	651	0	0
el-capacity:u	652	0	0
el-capacity:u	653	0	0
el-capacity:u	654	0	0
el-capacity:u	655	0	0
el-capacity:u	656	0	0
el-capacity:u	657	0	0
el-capacity:u	658	0	0
el-capacity:u	659	0	0
el-capacity:u	660	0	0
el-capacity:u	661	0	0
el-capacity:u	662	0	0
el-capacity:u	663	0	0
el-capacity:u	664	0	0
el-capacity:u	665	0	0
el-capacity:u	666	0	0
el-capacity:u	667	0	0
el-capacity:u	668	0	0
el-capacity:u	669	0	0
el-capacity:u	670	0	0
el-capacity:u	671	0	0
el-capacity:u	672	0	0
el-capacity:u	673	0	0
el-capacity:u	674	0	0
el-capacity:u	675	0	0
el-capacity:u	676	0	0
el-capacity:u	677	0	0
el-capacity:u	678	0	0
el-capacity:u	679	0	0
el-capacity:u	680	0	0
el-capacity:u	681	0	0
el-capacity:u	682	0	0
el-capacity:u	683	0	0
el-capacity:u	684	0	0
el-capacity:u	685	0	0
el-capacity:u	686	0	0
el-capacity:u	687	0	0
el-capacity:u	688	0	0
el-capacity:u	689	0	0
el-capacity:u	690	0	0
el-capacity:u	691	0	0
el-capacity:u	692	0	0
el-capacity:u	693	0	0
el-capacity:u	694	0	0
el-capacity:u	695	0	0
el-capacity:u	696	0	0
el-capacity:u	697	0	0
el-capacity:u	698	0	0
el-capacity:u	699	0	0
el-capacity:u	700	0	0
el-capacity:u	701	0	0
el-capacity:u	702	0	0
el-capacity:u	703	0	0
el-capacity:u	704	0	0
el-capacity:u	705	0	0
el-capacity:u	706	0	0
el-capacity:u	707	0	0
el-capacity:u	708	0	0
el-capacity:u	709	0	0
el-capacity:u	710	0	0
el-capacity:u	711	0	0
el-capacity:u	712	0	0
el-capacity:u	713	0	0
el-capacity:u	714	0	0
el-capacity:u	715	0	0
el-capacity:u	716	0	0
el-capacity:u	717	0	0
el-capacity:u	718	0	0
el-capacity:u	719	0	0
el-capacity:u	720	0	0
el-capacity:u	721	0	0
el-capacity:u	722	0	0
el-capacity:u	723	0	0
el-capacity:u	724	0	0
el-capacity:u	725	0	0
el-capacity:u	726	0	0
el-capacity:u	727	0	0
el-capacity:u	728	0	0
el-capacity:u	729	0	0
el-capacity:u	730	0	0
el-capacity:u	731	0	0
el-capacity:u	732	0	0
el-capacity:u	733	0	0
el-capacity:u	734	0	0
el-capacity:u	735	0	0
el-capacity:u	736	0	0
el-capacity:u	737	0	0
el-capacity:u	738	0	0
el-capacity:u	739	0	0
el-capacity:u	740	0	0
el-capacity:u	741	0	0
el-capacity:u	742	0	0
el-capacity:u	743	0	0
el-capacity:u	744	0	0
el-capacity:u	745	0	0
el-capacity:u	746	0	0
el-capacity:u	747	0	0
el-capacity:u	748	0	0
el-capacity:u	749	0	0
el-capacity:u	750	0	0
el-capacity:u	751	0	0
el-capacity:u	752	0	0
el-capacity:u	753	0	0
el-capacity:u	754	0	0
el-capacity:u	755	0	0
el-capacity:u	756	0	0
el-capacity:u	757	0	0
el-capacity:u	758	0	0
el-capacity:u	759	0	0
el-capacity:u	760	0	0
el-capacity:u	761	0	0
el-capacity:u	762	0	0
el-capacity:u	763	0	0
el-capacity:u	764	0	0
el-capacity:u	765	0	0
el-capacity:u	766	0	0
el-capacity:u	767	0	0
el-capacity:u	768	0	0
el-capacity:u	769	0	0
el-capacity:u	770	0	0
el-capacity:u	771	0	0
el-capacity:u	772	0	0
el-capacity:u	773	0	0
el-capacity:u	774	0	0
el-capacity:u	775	0	0
el-capacity:u	776	0	0
el-capacity:u	777	0	0
el-capacity:u	778	0	0
el-capacity:u	779	0	0
el-capacity:u	780	0	0
el-capacity:u	781	0	0
el-capacity:u	782	0	0
el-capacity:u	783	0	0
el-capacity:u	784	0	0
el-capacity:u	785	0	0
el-capacity:u	786	0	0
el-capacity:u	787	0	0
el-capacity:u	788	0	0
el-capacity:u	789	0	0
el-capacity:u	790	0	0
el-capacity:u	791	0	0
el-capacity:u	792	0	0
el-capacity:u	793	0	0
el-capacity:u	794	0	0
el-capacity:u	795	0	0
el-capacity:u	796	0	0
el-capacity:u	797	0	0
el-capacity:u	798	0	0
el-capacity:u	799	0	0
el-capacity:u	800	0	0
el-capacity:u	801	0	0
el-capacity:u	802	0	0
el-capacity:u	803	0	0
el-capacity:u	804	0	0
el-capacity:u	805	0	0
el-capacity:u	806	0	0
el-capacity:u	807	0	0
el-capacity:u	808	0	0
el-capacity:u	809	0	0
el-capacity:u	810	0	0
el-capacity:u	811	0	0
el-capacity:u	812	0	0
el-capacity:u	813	0	0
el-capacity:u	814	0	0
el-capacity:u	815	0	0
el-capacity:u	816	0	0
el-capacity:u	817	0	0
el-capacity:u	818	0	0
el-capacity:u	819	0	0
el-capacity:u	820	0	0
el-capacity:u	821	0	0
el-capacity:u	822	0	0
el-capacity:u	823	0	0
el-capacity:u	824	0	0
el-capacity:u	825	0	0
el-capacity:u	826	0	0
el-capacity:u	827	0	0
el-capacity:u	828	0	0
el-capacity:u	829	0	0
el-capacity:u	830	0	0
el-capacity:u	831	0	0
el-capacity:u	832	0	0
el-capacity:u	833	0	0
el-capacity:u	834	0	0
el-capacity:u	835	0	0
el-capacity:u	836	0	0
el-capacity:u	837	0	0
el-capacity:u	838	0	0
el-capacity:u	839	0	0
el-capacity:u	840	0	0
el-capacity:u	841	0	0
el-capacity:u	842	0	0
el-capacity:u	843	0	0
el-capacity:u	844	0	0
el-capacity:u	845	0	0
el-capacity:u	846	0	0
el-capacity:u	847	0	0
el-capacity:u	848	0	0
el-capacity:u	849	0	0
el-capacity:u	850	0	0
el-capacity:u	851	0	0
el-capacity:u	852	0	0
el-capacity:u	853	0	0
el-capacity:u	854	0	0
el-capacity:u	855	0	0
el-capacity:u	856	0	0
el-capacity:u	857	0	0
el-capacity:u	858	0	0
el-capacity:u	859	0	0
el-capacity:u	860	0	0
el-capacity:u	861	0	0
el-capacity:u	862	0	0
el-capacity:u	863	0	0
el-capacity:u	864	0	0
el-capacity:u	865	0	0
el-capacity:u	866	0	0
el-capacity:u	867	0	0
el-capacity:u	868	0	0
el-capacity:u	869	0	0
el-capacity:u	870	0	0
el-capacity:u	871	0	0
el-capacity:u	872	0	0
el-capacity:u	873	0	0
el-capacity:u	874	0	0
el-capacity:u	875	0	0
el-capacity:u	876	0	0
el-capacity:u	877	0	0
el-capacity:u	878	0	0
el-capacity:u	879	0	0
el-capacity:u	880	0	0
el-capacity:u	881	0	0
el-capacity:u	882	0	0
el-capacity:u	883	0	0
el-capacity:u	884	0	0
el-capacity:u	885	0	0
el-capacity:u	886	0	0
el-capacity:u	887	0	0
el-capacity:u	888	0	0
el-capacity:u	889	0	0
el-capacity:u	890	0	0
el-capacity:u	891	0	0
el-capacity:u	892	0	0
el-capacity:u	893	0	0
el-capacity:u	894	0	0
el-capacity:u	895	0	0
el-capacity:u	896	0	0
el-capacity:u	897	0	0
el-capacity:u	898	0	0
el-capacity:u	899	0	0
el-capacity:u	900	0	0
el-capacity:u	901	0	0
el-capacity:u	902	0	0
el-capacity:u	903	0	0
el-capacity:u	904	0	0
el-capacity:u	905	0	0
el-capacity:u	906	0	0
el-capacity:u	907	0	0
el-capacity:u	908	0	0
el-capacity:u	909	0	0
el-capacity:u	910	0	0
el-capacity:u	911	0	0
el-capacity:u	912	0	0
el-capacity:u	913	0	0
el-capacity:u	914	0	0
el-capacity:u	915	0	0
el-capacity:u	916	0	0
el-capacity:u	917	0	0
el-capacity:u	918	0	0
el-capacity:u	919	0	0
el-capacity:u	920	0	0
el-capacity:u	921	0	0
el-capacity:u	922	0	0
el-capacity:u	923	0	0
el-capacity:u	924	0	0
el-capacity:u	925	0	0
el-capacity:u	926	0	0
el-capacity:u	927	0	0
el-capacity:u	928	0	0
el-capacity:u	929	0	0
el-capacity:u	930	0	0
el-capacity:u	931	0	0
el-capacity:u	932	0	0
el-capacity:u	933	0	0
el-capacity:u	934	0	0
el-capacity:u	935	0	0
el-capacity:u	936	0	0
el-capacity:u	937	0	0
el-capacity:u	938	0	0
el-capacity:u	939	0	0
el-capacity:u	940	0	0
el-capacity:u	941	0	0
el-capacity:u	942	0	0
el-capacity:u	943	0	0
el-capacity:u	944	0	0
el-capacity:u	945	0	0
el-capacity:u	946	0	0
el-capacity:u	947	0	0
el-capacity:u	948	0	0
el-capacity:u	949	0	0
el-capacity:u	950	0	0
el-capacity:u	951	0	0
el-capacity:u	952	0	0
el-capacity:u	953	0	0
el-capacity:u	954	0	0
el-capacity:u	955	0	0
el-capacity:u	956	0	0
el-capacity:u	957	0	0
el-capacity:u	958	0	0
el-capacity:u	959	0	0
el-capacity:u	960	0	0
el-capacity:u	961	0	0
el-capacity:u	962	0	0
el-capacity:u	963	0	0
el-capacity:u	964	0	0
el-capacity:u	965	0	0
el-capacity:u	966	0	0
el-capacity:u	967	0	0
el-capacity:u	968	0	0
el-capacity:u	969	0	0
el-capacity:u	970	0	0
el-capacity:u	971	0	0
el-capacity:u	972	0	0
el-capacity:u	973	0	0
el-capacity:u	974	0	0
el-capacity:u	975	0	0
el-capacity:u	976	0	0
el-capacity:u	977	0	0
el-capacity:u	978	0	0
el-capacity:u	979	0	0
el-capacity:u	980	0	0
el-capacity:u	981	0	0
el-capacity:u	982	0	0
el-capacity:u	983	0	0
el-capacity:u	984	0	0
el-capacity:u	985	0	0
el-capacity:u	986	0	0
el-capacity:u	987	0	0
el-capacity:u	988	0	0
el-capacity:u	989	0	0
el-capacity:u	990	0	0
el-capacity:u	991	0	0
el-capacity:u	992	0	0
el-capacity:u	993	0	0
el-capacity:u	994	0	0
el-capacity:u	995	0	0
el-capacity:u	996	0	0
el-capacity:u	997	0	0
el-capacity:u	998	0	0
el-capacity:u	999	0	0
el-capacity:u	1000	0	0
l1d_pend_miss.pending:u	1	188791647	0
l1d_pend_miss.pending:u	2	185775395	0
l2_rqsts.pf_miss:u	1	11304	0
l2_rqsts.pf_miss:u	2	7975	0
mem_load_l3_miss_retired.local_dram:u	1	275035	0
mem_load_l3_miss_retired.local_dram:u	2	289213	0
fp_arith_inst_retired.256b_packed_double:u	1	0	0
fp_arith_inst_retired.256b_packed_double:u	2	0	0
fp_arith_inst_retired.256b_packed_double:u	3	0	0
fp_arith_inst_retired.256b_packed_double:u	4	0	0
fp_arith_inst_retired.256b_packed_double:u	5	0	0
fp_arith_inst_retired.256b_packed_double:u	6	0	0
fp_arith_inst_retired.256b_packed_double:u	7	0	0
fp_arith_inst_retired.256b_packed_double:u	8	0	0
fp_arith_inst_retired.256b_packed_double:u	9	0	0
fp_arith_inst_retired.256b_packed_double:u	10	0	0
fp_arith_inst_retired.256b_packed_double:u	11	0	0
fp_arith_inst_retired.256b_packed_double:u	12	0	0
fp_arith_inst_retired.256b_packed_double:u	13	0	0
fp_arith_inst_retired.256b_packed_double:u	14	0	0
fp_arith_inst_retired.256b_packed_double:u	15	0	0
fp_arith_inst_retired.256b_packed_double:u	16	0	0
fp_arith_inst_retired.256b_packed_double:u	17	0	0
fp_arith_inst_retired.256b_packed_double:u	18	0	0
fp_arith_inst_retired.256b_packed_double:u	19	0	0
fp_arith_inst_retired.256b_packed_double:u	20	0	0
fp_arith_inst_retired.256b_packed_double:u	21	0	0
fp_arith_inst_retired.256b_packed_double:u	22	0	0
fp_arith_inst_retired.256b_packed_double:u	23	0	0
fp_arith_inst_retired.256b_packed_double:u	24	0	0
fp_arith_inst_retired.256b_packed_double:u	25	0	0
fp_arith_inst_retired.256b_packed_double:u	26	0	0
fp_arith_inst_retired.256b_packed_double:u	27	0	0
fp_arith_inst_retired.256b_packed_double:u	28	0	0
fp_arith_inst_retired.256b_packed_double:u	29	0	0
fp_arith_inst_retired.256b_packed_double:u	30	0	0
fp_arith_inst_retired.256b_packed_double:u	31	0	0
fp_arith_inst_retired.256b_packed_double:u	32	0	0
fp_arith_inst_retired.256b_packed_double:u	33	0	0
fp_arith_inst_retired.256b_packed_double:u	34	0	0
fp_arith_inst_retired.256b_packed_double:u	35	0	0
fp_arith_inst_retired.256b_packed_double:u	36	0	0
fp_arith_inst_retired.256b_packed_double:u	37	0	0
fp_arith_inst_retired.256b_packed_double:u	38	0	0
fp_arith_inst_retired.256b_packed_double:u	39	0	0
fp_arith_inst_retired.256b_packed_double:u	40	0	0
fp_arith_inst_retired.256b_packed_double:u	41	0	0
fp_arith_inst_retired.256b_packed_double:u	42	0	0
fp_arith_inst_retired.256b_packed_double:u	43	0	0
fp_arith_inst_retired.256b_packed_double:u	44	0	0
fp_arith_inst_retired.256b_packed_double:u	45	0	0
fp_arith_inst_retired.256b_packed_double:u	46	0	0
fp_arith_inst_retired.256b_packed_double:u	47	0	0
fp_arith_inst_retired.256b_packed_double:u	48	0	0
fp_arith_inst_retired.256b_packed_double:u	49	0	0
fp_arith_inst_retired.256b_packed_double:u	50	0	0
fp_arith_inst_retired.256b_packed_double:u	51	0	0
fp_arith_inst_retired.256b_packed_double:u	52	0	0
fp_arith_inst_retired.256b_packed_double:u	53	0	0
fp_arith_inst_retired.256b_packed_double:u	54	0	0
fp_arith_inst_retired.256b_packed_double:u	55	0	0
fp_arith_inst_retired.256b_packed_double:u	56	0	0
fp_arith_inst_retired.256b_packed_double:u	57	0	0
fp_arith_inst_retired.256b_packed_double:u	58	0	0
fp_arith_inst_retired.256b_packed_double:u	59	0	0
fp_arith_inst_retired.256b_packed_double:u	60	0	0
fp_arith_inst_retired.256b_packed_double:u	61	0	0
fp_arith_inst_retired.256b_packed_double:u	62	0	0
fp_arith_inst_retired.256b_packed_double:u	63	0	0
fp_arith_inst_retired.256b_packed_double:u	64	0	0
fp_arith_inst_retired.256b_packed_double:u	65	0	0
fp_arith_inst_retired.256b_packed_double:u	66	0	0
fp_arith_inst_retired.256b_packed_double:u	67	0	0
fp_arith_inst_retired.256b_packed_double:u	68	0	0
fp_arith_inst_retired.256b_packed_double:u	69	0	0
fp_arith_inst_retired.256b_packed_double:u	70	0	0
fp_arith_inst_retired.256b_packed_double:u	71	0	0
fp_arith_inst_retired.256b_packed_double:u	72	0	0
fp_arith_inst_retired.256b_packed_double:u	73	0	0
fp_arith_inst_retired.256b_packed_double:u	74	0	0
fp_arith_inst_retired.256b_packed_double:u	75	0	0
fp_arith_inst_retired.256b_packed_double:u	76	0	0
fp_arith_inst_retired.256b_packed_double:u	77	0	0
fp_arith_inst_retired.256b_packed_double:u	78	0	0
fp_arith_inst_retired.256b_packed_double:u	79	0	0
fp_arith_inst_retired.256b_packed_double:u	80	0	0
fp_arith_inst_retired.256b_packed_double:u	81	0	0
fp_arith_inst_retired.256b_packed_double:u	82	0	0
fp_arith_inst_retired.256b_packed_double:u	83	0	0
fp_arith_inst_retired.256b_packed_double:u	84	0	0
fp_arith_inst_retired.256b_packed_double:u	85	0	0
fp_arith_inst_retired.256b_packed_double:u	86	0	0
fp_arith_inst_retired.256b_packed_double:u	87	0	0
fp_arith_inst_retired.256b_packed_double:u	88	0	0
fp_arith_inst_retired.256b_packed_double:u	89	0	0
fp_arith_inst_retired.256b_packed_double:u	90	0	0
fp_arith_inst_retired.256b_packed_double:u	91	0	0
fp_arith_inst_retired.256b_packed_double:u	92	0	0
fp_arith_inst_retired.256b_packed_double:u	93	0	0
fp_arith_inst_retired.256b_packed_double:u	94	0	0
fp_arith_inst_retired.256b_packed_double:u	95	0	0
fp_arith_inst_retired.256b_packed_double:u	96	0	0
fp_arith_inst_retired.256b_packed_double:u	97	0	0
fp_arith_inst_retired.256b_packed_double:u	98	0	0
fp_arith_inst_retired.256b_packed_double:u	99	0	0
fp_arith_inst_retired.256b_packed_double:u	100	0	0
fp_arith_inst_retired.256b_packed_double:u	101	0	0
fp_arith_inst_retired.256b_packed_double:u	102	0	0
fp_arith_inst_retired.256b_packed_double:u	103	0	0
fp_arith_inst_retired.256b_packed_double:u	104	0	0
fp_arith_inst_retired.256b_packed_double:u	105	0	0
fp_arith_inst_retired.256b_packed_double:u	106	0	0
fp_arith_inst_retired.256b_packed_double:u	107	0	0
fp_arith_inst_retired.256b_packed_double:u	108	0	0
fp_arith_inst_retired.256b_packed_double:u	109	0	0
fp_arith_inst_retired.256b_packed_double:u	110	0	0
fp_arith_inst_retired.256b_packed_double:u	111	0	0
fp_arith_inst_retired.256b_packed_double:u	112	0	0
fp_arith_inst_retired.256b_packed_double:u	113	0	0
fp_arith_inst_retired.256b_packed_double:u	114	0	0
fp_arith_inst_retired.256b_packed_double:u	115	0	0
fp_arith_inst_retired.256b_packed_double:u	116	0	0
fp_arith_inst_retired.256b_packed_double:u	117	0	0
fp_arith_inst_retired.256b_packed_double:u	118	0	0
fp_arith_inst_retired.256b_packed_double:u	119	0	0
fp_arith_inst_retired.256b_packed_double:u	120	0	0
fp_arith_inst_retired.256b_packed_double:u	121	0	0
fp_arith_inst_retired.256b_packed_double:u	122	0	0
fp_arith_inst_retired.256b_packed_double:u	123	0	0
fp_arith_inst_retired.256b_packed_double:u	124	0	0
fp_arith_inst_retired.256b_packed_double:u	125	0	0
fp_arith_inst_retired.256b_packed_double:u	126	0	0
fp_arith_inst_retired.256b_packed_double:u	127	0	0
fp_arith_inst_retired.256b_packed_double:u	128	0	0
fp_arith_inst_retired.256b_packed_double:u	129	0	0
fp_arith_inst_retired.256b_packed_double:u	130	0	0
fp_arith_inst_retired.256b_packed_double:u	131	0	0
fp_arith_inst_retired.256b_packed_double:u	132	0	0
fp_arith_inst_retired.256b_packed_double:u	133	0	0
fp_arith_inst_retired.256b_packed_double:u	134	0	0
fp_arith_inst_retired.256b_packed_double:u	135	0	0
fp_arith_inst_retired.256b_packed_double:u	136	0	0
fp_arith_inst_retired.256b_packed_double:u	137	0	0
fp_arith_inst_retired.256b_packed_double:u	138	0	0
fp_arith_inst_retired.256b_packed_double:u	139	0	0
fp_arith_inst_retired.256b_packed_double:u	140	0	0
fp_arith_inst_retired.256b_packed_double:u	141	0	0
fp_arith_inst_retired.256b_packed_double:u	142	0	0
fp_arith_inst_retired.256b_packed_double:u	143	0	0
fp_arith_inst_retired.256b_packed_double:u	144	0	0
fp_arith_inst_retired.256b_packed_double:u	145	0	0
fp_arith_inst_retired.256b_packed_double:u	146	0	0
fp_arith_inst_retired.256b_packed_double:u	147	0	0
fp_arith_inst_retired.256b_packed_double:u	148	0	0
fp_arith_inst_retired.256b_packed_double:u	149	0	0
fp_arith_inst_retired.256b_packed_double:u	150	0	0
fp_arith_inst_retired.256b_packed_double:u	151	0	0
fp_arith_inst_retired.256b_packed_double:u	152	0	0
fp_arith_inst_retired.256b_packed_double:u	153	0	0
fp_arith_inst_retired.256b_packed_double:u	154	0	0
fp_arith_inst_retired.256b_packed_double:u	155	0	0
fp_arith_inst_retired.256b_packed_double:u	156	0	0
fp_arith_inst_retired.256b_packed_double:u	157	0	0
fp_arith_inst_retired.256b_packed_double:u	158	0	0
fp_arith_inst_retired.256b_packed_double:u	159	0	0
fp_arith_inst_retired.256b_packed_double:u	160	0	0
fp_arith_inst_retired.256b_packed_double:u	161	0	0
fp_arith_inst_retired.256b_packed_double:u	162	0	0
fp_arith_inst_retired.256b_packed_double:u	163	0	0
fp_arith_inst_retired.256b_packed_double:u	164	0	0
fp_arith_inst_retired.256b_packed_double:u	165	0	0
fp_arith_inst_retired.256b_packed_double:u	166	0	0
fp_arith_inst_retired.256b_packed_double:u	167	0	0
fp_arith_inst_retired.256b_packed_double:u	168	0	0
fp_arith_inst_retired.256b_packed_double:u	169	0	0
fp_arith_inst_retired.256b_packed_double:u	170	0	0
fp_arith_inst_retired.256b_packed_double:u	171	0	0
fp_arith_inst_retired.256b_packed_double:u	172	0	0
fp_arith_inst_retired.256b_packed_double:u	173	0	0
fp_arith_inst_retired.256b_packed_double:u	174	0	0
fp_arith_inst_retired.256b_packed_double:u	175	0	0
fp_arith_inst_retired.256b_packed_double:u	176	0	0
fp_arith_inst_retired.256b_packed_double:u	177	0	0
fp_arith_inst_retired.256b_packed_double:u	178	0	0
fp_arith_inst_retired.256b_packed_double:u	179	0	0
fp_arith_inst_retired.256b_packed_double:u	180	0	0
fp_arith_inst_retired.256b_packed_double:u	181	0	0
fp_arith_inst_retired.256b_packed_double:u	182	0	0
fp_arith_inst_retired.256b_packed_double:u	183	0	0
fp_arith_inst_retired.256b_packed_double:u	184	0	0
fp_arith_inst_retired.256b_packed_double:u	185	0	0
fp_arith_inst_retired.256b_packed_double:u	186	0	0
fp_arith_inst_retired.256b_packed_double:u	187	0	0
fp_arith_inst_retired.256b_packed_double:u	188	0	0
fp_arith_inst_retired.256b_packed_double:u	189	0	0
fp_arith_inst_retired.256b_packed_double:u	190	0	0
fp_arith_inst_retired.256b_packed_double:u	191	0	0
fp_arith_inst_retired.256b_packed_double:u	192	0	0
fp_arith_inst_retired.256b_packed_double:u	193	0	0
fp_arith_inst_retired.256b_packed_double:u	194	0	0
fp_arith_inst_retired.256b_packed_double:u	195	0	0
fp_arith_inst_retired.256b_packed_double:u	196	0	0
fp_arith_inst_retired.256b_packed_double:u	197	0	0
fp_arith_inst_retired.256b_packed_double:u	198	0	0
fp_arith_inst_retired.256b_packed_double:u	199	0	0
fp_arith_inst_retired.256b_packed_double:u	200	0	0
fp_arith_inst_retired.256b_packed_double:u	201	0	0
fp_arith_inst_retired.256b_packed_double:u	202	0	0
fp_arith_inst_retired.256b_packed_double:u	203	0	0
fp_arith_inst_retired.256b_packed_double:u	204	0	0
fp_arith_inst_retired.256b_packed_double:u	205	0	0
fp_arith_inst_retired.256b_packed_double:u	206	0	0
fp_arith_inst_retired.256b_packed_double:u	207	0	0
fp_arith_inst_retired.256b_packed_double:u	208	0	0
fp_arith_inst_retired.256b_packed_double:u	209	0	0
fp_arith_inst_retired.256b_packed_double:u	210	0	0
fp_arith_inst_retired.256b_packed_double:u	211	0	0
fp_arith_inst_retired.256b_packed_double:u	212	0	0
fp_arith_inst_retired.256b_packed_double:u	213	0	0
fp_arith_inst_retired.256b_packed_double:u	214	0	0
fp_arith_inst_retired.256b_packed_double:u	215	0	0
fp_arith_inst_retired.256b_packed_double:u	216	0	0
fp_arith_inst_retired.256b_packed_double:u	217	0	0
fp_arith_inst_retired.256b_packed_double:u	218	0	0
fp_arith_inst_retired.256b_packed_double:u	219	0	0
fp_arith_inst_retired.256b_packed_double:u	220	0	0
fp_arith_inst_retired.256b_packed_double:u	221	0	0
fp_arith_inst_retired.256b_packed_double:u	222	0	0
fp_arith_inst_retired.256b_packed_double:u	223	0	0
fp_arith_inst_retired.256b_packed_double:u	224	0	0
fp_arith_inst_retired.256b_packed_double:u	225	0	0
fp_arith_inst_retired.256b_packed_double:u	226	0	0
fp_arith_inst_retired.256b_packed_double:u	227	0	0
fp_arith_inst_retired.256b_packed_double:u	228	0	0
fp_arith_inst_retired.256b_packed_double:u	229	0	0
fp_arith_inst_retired.256b_packed_double:u	230	0	0
fp_arith_inst_retired.256b_packed_double:u	231	0	0
fp_arith_inst_retired.256b_packed_double:u	232	0	0
fp_arith_inst_retired.256b_packed_double:u	233	0	0
fp_arith_inst_retired.256b_packed_double:u	234	0	0
fp_arith_inst_retired.256b_packed_double:u	235	0	0
fp_arith_inst_retired.256b_packed_double:u	236	0	0
fp_arith_inst_retired.256b_packed_double:u	237	0	0
fp_arith_inst_retired.256b_packed_double:u	238	0	0
fp_arith_inst_retired.256b_packed_double:u	239	0	0
fp_arith_inst_retired.256b_packed_double:u	240	0	0
fp_arith_inst_retired.256b_packed_double:u	241	0	0
fp_arith_inst_retired.256b_packed_double:u	242	0	0
fp_arith_inst_retired.256b_packed_double:u	243	0	0
fp_arith_inst_retired.256b_packed_double:u	244	0	0
fp_arith_inst_retired.256b_packed_double:u	245	0	0
fp_arith_inst_retired.256b_packed_double:u	246	0	0
fp_arith_inst_retired.256b_packed_double:u	247	0	0
fp_arith_inst_retired.256b_packed_double:u	248	0	0
fp_arith_inst_retired.256b_packed_double:u	249	0	0
fp_arith_inst_retired.256b_packed_double:u	250	0	0
fp_arith_inst_retired.256b_packed_double:u	251	0	0
fp_arith_inst_retired.256b_packed_double:u	252	0	0
fp_arith_inst_retired.256b_packed_double:u	253	0	0
fp_arith_inst_retired.256b_packed_double:u	254	0	0
fp_arith_inst_retired.256b_packed_double:u	255	0	0
fp_arith_inst_retired.256b_packed_double:u	256	0	0
fp_arith_inst_retired.256b_packed_double:u	257	0	0
fp_arith_inst_retired.256b_packed_double:u	258	0	0
fp_arith_inst_retired.256b_packed_double:u	259	0	0
fp_arith_inst_retired.256b_packed_double:u	260	0	0
fp_arith_inst_retired.256b_packed_double:u	261	0	0
fp_arith_inst_retired.256b_packed_double:u	262	0	0
fp_arith_inst_retired.256b_packed_double:u	263	0	0
fp_arith_inst_retired.256b_packed_double:u	264	0	0
fp_arith_inst_retired.256b_packed_double:u	265	0	0
fp_arith_inst_retired.256b_packed_double:u	266	0	0
fp_arith_inst_retired.256b_packed_double:u	267	0	0
fp_arith_inst_retired.256b_packed_double:u	268	0	0
fp_arith_inst_retired.256b_packed_double:u	269	0	0
fp_arith_inst_retired.256b_packed_double:u	270	0	0
fp_arith_inst_retired.256b_packed_double:u	271	0	0
fp_arith_inst_retired.256b_packed_double:u	272	0	0
fp_arith_inst_retired.256b_packed_double:u	273	0	0
fp_arith_inst_retired.256b_packed_double:u	274	0	0
fp_arith_inst_retired.256b_packed_double:u	275	0	0
fp_arith_inst_retired.256b_packed_double:u	276	0	0
fp_arith_inst_retired.256b_packed_double:u	277	0	0
fp_arith_inst_retired.256b_packed_double:u	278	0	0
fp_arith_inst_retired.256b_packed_double:u	279	0	0
fp_arith_inst_retired.256b_packed_double:u	280	0	0
fp_arith_inst_retired.256b_packed_double:u	281	0	0
fp_arith_inst_retired.256b_packed_double:u	282	0	0
fp_arith_inst_retired.256b_packed_double:u	283	0	0
fp_arith_inst_retired.256b_packed_double:u	284	0	0
fp_arith_inst_retired.256b_packed_double:u	285	0	0
fp_arith_inst_retired.256b_packed_double:u	286	0	0
fp_arith_inst_retired.256b_packed_double:u	287	0	0
fp_arith_inst_retired.256b_packed_double:u	288	0	0
fp_arith_inst_retired.256b_packed_double:u	289	0	0
fp_arith_inst_retired.256b_packed_double:u	290	0	0
fp_arith_inst_retired.256b_packed_double:u	291	0	0
fp_arith_inst_retired.256b_packed_double:u	292	0	0
fp_arith_inst_retired.256b_packed_double:u	293	0	0
fp_arith_inst_retired.256b_packed_double:u	294	0	0
fp_arith_inst_retired.256b_packed_double:u	295	0	0
fp_arith_inst_retired.256b_packed_double:u	296	0	0
fp_arith_inst_retired.256b_packed_double:u	297	0	0
fp_arith_inst_retired.256b_packed_double:u	298	0	0
fp_arith_inst_retired.256b_packed_double:u	299	0	0
fp_arith_inst_retired.256b_packed_double:u	300	0	0
fp_arith_inst_retired.256b_packed_double:u	301	0	0
fp_arith_inst_retired.256b_packed_double:u	302	0	0
fp_arith_inst_retired.256b_packed_double:u	303	0	0
fp_arith_inst_retired.256b_packed_double:u	304	0	0
fp_arith_inst_retired.256b_packed_double:u	305	0	0
fp_arith_inst_retired.256b_packed_double:u	306	0	0
fp_arith_inst_retired.256b_packed_double:u	307	0	0
fp_arith_inst_retired.256b_packed_double:u	308	0	0
fp_arith_inst_retired.256b_packed_double:u	309	0	0
fp_arith_inst_retired.256b_packed_double:u	310	0	0
fp_arith_inst_retired.256b_packed_double:u	311	0	0
fp_arith_inst_retired.256b_packed_double:u	312	0	0
fp_arith_inst_retired.256b_packed_double:u	313	0	0
fp_arith_inst_retired.256b_packed_double:u	314	0	0
fp_arith_inst_retired.256b_packed_double:u	315	0	0
fp_arith_inst_retired.256b_packed_double:u	316	0	0
fp_arith_inst_retired.256b_packed_double:u	317	0	0
fp_arith_inst_retired.256b_packed_double:u	318	0	0
fp_arith_inst_retired.256b_packed_double:u	319	0	0
fp_arith_inst_retired.256b_packed_double:u	320	0	0
fp_arith_inst_retired.256b_packed_double:u	321	0	0
fp_arith_inst_retired.256b_packed_double:u	322	0	0
fp_arith_inst_retired.256b_packed_double:u	323	0	0
fp_arith_inst_retired.256b_packed_double:u	324	0	0
fp_arith_inst_retired.256b_packed_double:u	325	0	0
fp_arith_inst_retired.256b_packed_double:u	326	0	0
fp_arith_inst_retired.256b_packed_double:u	327	0	0
fp_arith_inst_retired.256b_packed_double:u	328	0	0
fp_arith_inst_retired.256b_packed_double:u	329	0	0
fp_arith_inst_retired.256b_packed_double:u	330	0	0
fp_arith_inst_retired.256b_packed_double:u	331	0	0
fp_arith_inst_retired.256b_packed_double:u	332	0	0
fp_arith_inst_retired.256b_packed_double:u	333	0	0
fp_arith_inst_retired.256b_packed_double:u	334	0	0
fp_arith_inst_retired.256b_packed_double:u	335	0	0
fp_arith_inst_retired.256b_packed_double:u	336	0	0
fp_arith_inst_retired.256b_packed_double:u	337	0	0
fp_arith_inst_retired.256b_packed_double:u	338	0	0
fp_arith_inst_retired.256b_packed_double:u	339	0	0
fp_arith_inst_retired.256b_packed_double:u	340	0	0
fp_arith_inst_retired.256b_packed_double:u	341	0	0
fp_arith_inst_retired.256b_packed_double:u	342	0	0
fp_arith_inst_retired.256b_packed_double:u	343	0	0
fp_arith_inst_retired.256b_packed_double:u	344	0	0
fp_arith_inst_retired.256b_packed_double:u	345	0	0
fp_arith_inst_retired.256b_packed_double:u	346	0	0
fp_arith_inst_retired.256b_packed_double:u	347	0	0
fp_arith_inst_retired.256b_packed_double:u	348	0	0
fp_arith_inst_retired.256b_packed_double:u	349	0	0
fp_arith_inst_retired.256b_packed_double:u	350	0	0
fp_arith_inst_retired.256b_packed_double:u	351	0	0
fp_arith_inst_retired.256b_packed_double:u	352	0	0
fp_arith_inst_retired.256b_packed_double:u	353	0	0
fp_arith_inst_retired.256b_packed_double:u	354	0	0
fp_arith_inst_retired.256b_packed_double:u	355	0	0
fp_arith_inst_retired.256b_packed_double:u	356	0	0
fp_arith_inst_retired.256b_packed_double:u	357	0	0
fp_arith_inst_retired.256b_packed_double:u	358	0	0
fp_arith_inst_retired.256b_packed_double:u	359	0	0
fp_arith_inst_retired.256b_packed_double:u	360	0	0
fp_arith_inst_retired.256b_packed_double:u	361	0	0
fp_arith_inst_retired.256b_packed_double:u	362	0	0
fp_arith_inst_retired.256b_packed_double:u	363	0	0
fp_arith_inst_retired.256b_packed_double:u	364	0	0
fp_arith_inst_retired.256b_packed_double:u	365	0	0
fp_arith_inst_retired.256b_packed_double:u	366	0	0
fp_arith_inst_retired.256b_packed_double:u	367	0	0
fp_arith_inst_retired.256b_packed_double:u	368	0	0
fp_arith_inst_retired.256b_packed_double:u	369	0	0
fp_arith_inst_retired.256b_packed_double:u	370	0	0
fp_arith_inst_retired.256b_packed_double:u	371	0	0
fp_arith_inst_retired.256b_packed_double:u	372	0	0
fp_arith_inst_retired.256b_packed_double:u	373	0	0
fp_arith_inst_retired.256b_packed_double:u	374	0	0
fp_arith_inst_retired.256b_packed_double:u	375	0	0
fp_arith_inst_retired.256b_packed_double:u	376	0	0
fp_arith_inst_retired.256b_packed_double:u	377	0	0
fp_arith_inst_retired.256b_packed_double:u	378	0	0
fp_arith_inst_retired.256b_packed_double:u	379	0	0
fp_arith_inst_retired.256b_packed_double:u	380	0	0
fp_arith_inst_retired.256b_packed_double:u	381	0	0
fp_arith_inst_retired.256b_packed_double:u	382	0	0
fp_arith_inst_retired.256b_packed_double:u	383	0	0
fp_arith_inst_retired.256b_packed_double:u	384	0	0
fp_arith_inst_retired.256b_packed_double:u	385	0	0
fp_arith_inst_retired.256b_packed_double:u	386	0	0
fp_arith_inst_retired.256b_packed_double:u	387	0	0
fp_arith_inst_retired.256b_packed_double:u	388	0	0
fp_arith_inst_retired.256b_packed_double:u	389	0	0
fp_arith_inst_retired.256b_packed_double:u	390	0	0
fp_arith_inst_retired.256b_packed_double:u	391	0	0
fp_arith_inst_retired.256b_packed_double:u	392	0	0
fp_arith_inst_retired.256b_packed_double:u	393	0	0
fp_arith_inst_retired.256b_packed_double:u	394	0	0
fp_arith_inst_retired.256b_packed_double:u	395	0	0
fp_arith_inst_retired.256b_packed_double:u	396	0	0
fp_arith_inst_retired.256b_packed_double:u	397	0	0
fp_arith_inst_retired.256b_packed_double:u	398	0	0
fp_arith_inst_retired.256b_packed_double:u	399	0	0
fp_arith_inst_retired.256b_packed_double:u	400	0	0
fp_arith_inst_retired.256b_packed_double:u	401	0	0
fp_arith_inst_retired.256b_packed_double:u	402	0	0
fp_arith_inst_retired.256b_packed_double:u	403	0	0
fp_arith_inst_retired.256b_packed_double:u	404	0	0
fp_arith_inst_retired.256b_packed_double:u	405	0	0
fp_arith_inst_retired.256b_packed_double:u	406	0	0
fp_arith_inst_retired.256b_packed_double:u	407	0	0
fp_arith_inst_retired.256b_packed_double:u	408	0	0
fp_arith_inst_retired.256b_packed_double:u	409	0	0
fp_arith_inst_retired.256b_packed_double:u	410	0	0
fp_arith_inst_retired.256b_packed_double:u	411	0	0
fp_arith_inst_retired.256b_packed_double:u	412	0	0
fp_arith_inst_retired.256b_packed_double:u	413	0	0
fp_arith_inst_retired.256b_packed_double:u	414	0	0
fp_arith_inst_retired.256b_packed_double:u	415	0	0
fp_arith_inst_retired.256b_packed_double:u	416	0	0
fp_arith_inst_retired.256b_packed_double:u	417	0	0
fp_arith_inst_retired.256b_packed_double:u	418	0	0
fp_arith_inst_retired.256b_packed_double:u	419	0	0
fp_arith_inst_retired.256b_packed_double:u	420	0	0
fp_arith_inst_retired.256b_packed_double:u	421	0	0
fp_arith_inst_retired.256b_packed_double:u	422	0	0
fp_arith_inst_retired.256b_packed_double:u	423	0	0
fp_arith_inst_retired.256b_packed_double:u	424	0	0
fp_arith_inst_retired.256b_packed_double:u	425	0	0
fp_arith_inst_retired.256b_packed_double:u	426	0	0
fp_arith_inst_retired.256b_packed_double:u	427	0	0
fp_arith_inst_retired.256b_packed_double:u	428	0	0
fp_arith_inst_retired.256b_packed_double:u	429	0	0
fp_arith_inst_retired.256b_packed_double:u	430	0	0
fp_arith_inst_retired.256b_packed_double:u	431	0	0
fp_arith_inst_retired.256b_packed_double:u	432	0	0
fp_arith_inst_retired.256b_packed_double:u	433	0	0
fp_arith_inst_retired.256b_packed_double:u	434	0	0
fp_arith_inst_retired.256b_packed_double:u	435	0	0
fp_arith_inst_retired.256b_packed_double:u	436	0	0
fp_arith_inst_retired.256b_packed_double:u	437	0	0
fp_arith_inst_retired.256b_packed_double:u	438	0	0
fp_arith_inst_retired.256b_packed_double:u	439	0	0
fp_arith_inst_retired.256b_packed_double:u	440	0	0
fp_arith_inst_retired.256b_packed_double:u	441	0	0
fp_arith_inst_retired.256b_packed_double:u	442	0	0
fp_arith_inst_retired.256b_packed_double:u	443	0	0
fp_arith_inst_retired.256b_packed_double:u	444	0	0
fp_arith_inst_retired.256b_packed_double:u	445	0	0
fp_arith_inst_retired.256b_packed_double:u	446	0	0
fp_arith_inst_retired.256b_packed_double:u	447	0	0
fp_arith_inst_retired.256b_packed_double:u	448	0	0
fp_arith_inst_retired.256b_packed_double:u	449	0	0
fp_arith_inst_retired.256b_packed_double:u	450	0	0
fp_arith_inst_retired.256b_packed_double:u	451	0	0
fp_arith_inst_retired.256b_packed_double:u	452	0	0
fp_arith_inst_retired.256b_packed_double:u	453	0	0
fp_arith_inst_retired.256b_packed_double:u	454	0	0
fp_arith_inst_retired.256b_packed_double:u	455	0	0
fp_arith_inst_retired.256b_packed_double:u	456	0	0
fp_arith_inst_retired.256b_packed_double:u	457	0	0
fp_arith_inst_retired.256b_packed_double:u	458	0	0
fp_arith_inst_retired.256b_packed_double:u	459	0	0
fp_arith_inst_retired.256b_packed_double:u	460	0	0
fp_arith_inst_retired.256b_packed_double:u	461	0	0
fp_arith_inst_retired.256b_packed_double:u	462	0	0
fp_arith_inst_retired.256b_packed_double:u	463	0	0
fp_arith_inst_retired.256b_packed_double:u	464	0	0
fp_arith_inst_retired.256b_packed_double:u	465	0	0
fp_arith_inst_retired.256b_packed_double:u	466	0	0
fp_arith_inst_retired.256b_packed_double:u	467	0	0
fp_arith_inst_retired.256b_packed_double:u	468	0	0
fp_arith_inst_retired.256b_packed_double:u	469	0	0
fp_arith_inst_retired.256b_packed_double:u	470	0	0
fp_arith_inst_retired.256b_packed_double:u	471	0	0
fp_arith_inst_retired.256b_packed_double:u	472	0	0
fp_arith_inst_retired.256b_packed_double:u	473	0	0
fp_arith_inst_retired.256b_packed_double:u	474	0	0
fp_arith_inst_retired.256b_packed_double:u	475	0	0
fp_arith_inst_retired.256b_packed_double:u	476	0	0
fp_arith_inst_retired.256b_packed_double:u	477	0	0
fp_arith_inst_retired.256b_packed_double:u	478	0	0
fp_arith_inst_retired.256b_packed_double:u	479	0	0
fp_arith_inst_retired.256b_packed_double:u	480	0	0
fp_arith_inst_retired.256b_packed_double:u	481	0	0
fp_arith_inst_retired.256b_packed_double:u	482	0	0
fp_arith_inst_retired.256b_packed_double:u	483	0	0
fp_arith_inst_retired.256b_packed_double:u	484	0	0
fp_arith_inst_retired.256b_packed_double:u	485	0	0
fp_arith_inst_retired.256b_packed_double:u	486	0	0
fp_arith_inst_retired.256b_packed_double:u	487	0	0
fp_arith_inst_retired.256b_packed_double:u	488	0	0
fp_arith_inst_retired.256b_packed_double:u	489	0	0
fp_arith_inst_retired.256b_packed_double:u	490	0	0
fp_arith_inst_retired.256b_packed_double:u	491	0	0
fp_arith_inst_retired.256b_packed_double:u	492	0	0
fp_arith_inst_retired.256b_packed_double:u	493	0	0
fp_arith_inst_retired.256b_packed_double:u	494	0	0
fp_arith_inst_retired.256b_packed_double:u	495	0	0
fp_arith_inst_retired.256b_packed_double:u	496	0	0
fp_arith_inst_retired.256b_packed_double:u	497	0	0
fp_arith_inst_retired.256b_packed_double:u	498	0	0
fp_arith_inst_retired.256b_packed_double:u	499	0	0
fp_arith_inst_retired.256b_packed_double:u	500	0	0
fp_arith_inst_retired.256b_packed_double:u	501	0	0
fp_arith_inst_retired.256b_packed_double:u	502	0	0
fp_arith_inst_retired.256b_packed_double:u	503	0	0
fp_arith_inst_retired.256b_packed_double:u	504	0	0
fp_arith_inst_retired.256b_packed_double:u	505	0	0
fp_arith_inst_retired.256b_packed_double:u	506	0	0
fp_arith_inst_retired.256b_packed_double:u	507	0	0
fp_arith_inst_retired.256b_packed_double:u	508	0	0
fp_arith_inst_retired.256b_packed_double:u	509	0	0
fp_arith_inst_retired.256b_packed_double:u	510	0	0
fp_arith_inst_retired.256b_packed_double:u	511	0	0
fp_arith_inst_retired.256b_packed_double:u	512	0	0
fp_arith_inst_retired.256b_packed_double:u	513	0	0
fp_arith_inst_retired.256b_packed_double:u	514	0	0
fp_arith_inst_retired.256b_packed_double:u	515	0	0
fp_arith_inst_retired.256b_packed_double:u	516	0	0
fp_arith_inst_retired.256b_packed_double:u	517	0	0
fp_arith_inst_retired.256b_packed_double:u	518	0	0
fp_arith_inst_retired.256b_packed_double:u	519	0	0
fp_arith_inst_retired.256b_packed_double:u	520	0	0
fp_arith_inst_retired.256b_packed_double:u	521	0	0
fp_arith_inst_retired.256b_packed_double:u	522	0	0
fp_arith_inst_retired.256b_packed_double:u	523	0	0
fp_arith_inst_retired.256b_packed_double:u	524	0	0
fp_arith_inst_retired.256b_packed_double:u	525	0	0
fp_arith_inst_retired.256b_packed_double:u	526	0	0
fp_arith_inst_retired.256b_packed_double:u	527	0	0
fp_arith_inst_retired.256b_packed_double:u	528	0	0
fp_arith_inst_retired.256b_packed_double:u	529	0	0
fp_arith_inst_retired.256b_packed_double:u	530	0	0
fp_arith_inst_retired.256b_packed_double:u	531	0	0
fp_arith_inst_retired.256b_packed_double:u	532	0	0
fp_arith_inst_retired.256b_packed_double:u	533	0	0
fp_arith_inst_retired.256b_packed_double:u	534	0	0
fp_arith_inst_retired.256b_packed_double:u	535	0	0
fp_arith_inst_retired.256b_packed_double:u	536	0	0
fp_arith_inst_retired.256b_packed_double:u	537	0	0
fp_arith_inst_retired.256b_packed_double:u	538	0	0
fp_arith_inst_retired.256b_packed_double:u	539	0	0
fp_arith_inst_retired.256b_packed_double:u	540	0	0
fp_arith_inst_retired.256b_packed_double:u	541	0	0
fp_arith_inst_retired.256b_packed_double:u	542	0	0
fp_arith_inst_retired.256b_packed_double:u	543	0	0
fp_arith_inst_retired.256b_packed_double:u	544	0	0
fp_arith_inst_retired.256b_packed_double:u	545	0	0
fp_arith_inst_retired.256b_packed_double:u	546	0	0
fp_arith_inst_retired.256b_packed_double:u	547	0	0
fp_arith_inst_retired.256b_packed_double:u	548	0	0
fp_arith_inst_retired.256b_packed_double:u	549	0	0
fp_arith_inst_retired.256b_packed_double:u	550	0	0
fp_arith_inst_retired.256b_packed_double:u	551	0	0
fp_arith_inst_retired.256b_packed_double:u	552	0	0
fp_arith_inst_retired.256b_packed_double:u	553	0	0
fp_arith_inst_retired.256b_packed_double:u	554	0	0
fp_arith_inst_retired.256b_packed_double:u	555	0	0
fp_arith_inst_retired.256b_packed_double:u	556	0	0
fp_arith_inst_retired.256b_packed_double:u	557	0	0
fp_arith_inst_retired.256b_packed_double:u	558	0	0
fp_arith_inst_retired.256b_packed_double:u	559	0	0
fp_arith_inst_retired.256b_packed_double:u	560	0	0
fp_arith_inst_retired.256b_packed_double:u	561	0	0
fp_arith_inst_retired.256b_packed_double:u	562	0	0
fp_arith_inst_retired.256b_packed_double:u	563	0	0
fp_arith_inst_retired.256b_packed_double:u	564	0	0
fp_arith_inst_retired.256b_packed_double:u	565	0	0
fp_arith_inst_retired.256b_packed_double:u	566	0	0
fp_arith_inst_retired.256b_packed_double:u	567	0	0
fp_arith_inst_retired.256b_packed_double:u	568	0	0
fp_arith_inst_retired.256b_packed_double:u	569	0	0
fp_arith_inst_retired.256b_packed_double:u	570	0	0
fp_arith_inst_retired.256b_packed_double:u	571	0	0
fp_arith_inst_retired.256b_packed_double:u	572	0	0
fp_arith_inst_retired.256b_packed_double:u	573	0	0
fp_arith_inst_retired.256b_packed_double:u	574	0	0
fp_arith_inst_retired.256b_packed_double:u	575	0	0
fp_arith_inst_retired.256b_packed_double:u	576	0	0
fp_arith_inst_retired.256b_packed_double:u	577	0	0
fp_arith_inst_retired.256b_packed_double:u	578	0	0
fp_arith_inst_retired.256b_packed_double:u	579	0	0
fp_arith_inst_retired.256b_packed_double:u	580	0	0
fp_arith_inst_retired.256b_packed_double:u	581	0	0
fp_arith_inst_retired.256b_packed_double:u	582	0	0
fp_arith_inst_retired.256b_packed_double:u	583	0	0
fp_arith_inst_retired.256b_packed_double:u	584	0	0
fp_arith_inst_retired.256b_packed_double:u	585	0	0
fp_arith_inst_retired.256b_packed_double:u	586	0	0
fp_arith_inst_retired.256b_packed_double:u	587	0	0
fp_arith_inst_retired.256b_packed_double:u	588	0	0
fp_arith_inst_retired.256b_packed_double:u	589	0	0
fp_arith_inst_retired.256b_packed_double:u	590	0	0
fp_arith_inst_retired.256b_packed_double:u	591	0	0
fp_arith_inst_retired.256b_packed_double:u	592	0	0
fp_arith_inst_retired.256b_packed_double:u	593	0	0
fp_arith_inst_retired.256b_packed_double:u	594	0	0
fp_arith_inst_retired.256b_packed_double:u	595	0	0
fp_arith_inst_retired.256b_packed_double:u	596	0	0
fp_arith_inst_retired.256b_packed_double:u	597	0	0
fp_arith_inst_retired.256b_packed_double:u	598	0	0
fp_arith_inst_retired.256b_packed_double:u	599	0	0
fp_arith_inst_retired.256b_packed_double:u	600	0	0
fp_arith_inst_retired.256b_packed_double:u	601	0	0
fp_arith_inst_retired.256b_packed_double:u	602	0	0
fp_arith_inst_retired.256b_packed_double:u	603	0	0
fp_arith_inst_retired.256b_packed_double:u	604	0	0
fp_arith_inst_retired.256b_packed_double:u	605	0	0
fp_arith_inst_retired.256b_packed_double:u	606	0	0
fp_arith_inst_retired.256b_packed_double:u	607	0	0
fp_arith_inst_retired.256b_packed_double:u	608	0	0
fp_arith_inst_retired.256b_packed_double:u	609	0	0
fp_arith_inst_retired.256b_packed_double:u	610	0	0
fp_arith_inst_retired.256b_packed_double:u	611	0	0
fp_arith_inst_retired.256b_packed_double:u	612	0	0
fp_arith_inst_retired.256b_packed_double:u	613	0	0
fp_arith_inst_retired.256b_packed_double:u	614	0	0
fp_arith_inst_retired.256b_packed_double:u	615	0	0
fp_arith_inst_retired.256b_packed_double:u	616	0	0
fp_arith_inst_retired.256b_packed_double:u	617	0	0
fp_arith_inst_retired.256b_packed_double:u	618	0	0
fp_arith_inst_retired.256b_packed_double:u	619	0	0
fp_arith_inst_retired.256b_packed_double:u	620	0	0
fp_arith_inst_retired.256b_packed_double:u	621	0	0
fp_arith_inst_retired.256b_packed_double:u	622	0	0
fp_arith_inst_retired.256b_packed_double:u	623	0	0
fp_arith_inst_retired.256b_packed_double:u	624	0	0
fp_arith_inst_retired.256b_packed_double:u	625	0	0
fp_arith_inst_retired.256b_packed_double:u	626	0	0
fp_arith_inst_retired.256b_packed_double:u	627	0	0
fp_arith_inst_retired.256b_packed_double:u	628	0	0
fp_arith_inst_retired.256b_packed_double:u	629	0	0
fp_arith_inst_retired.256b_packed_double:u	630	0	0
fp_arith_inst_retired.256b_packed_double:u	631	0	0
fp_arith_inst_retired.256b_packed_double:u	632	0	0
fp_arith_inst_retired.256b_packed_double:u	633	0	0
fp_arith_inst_retired.256b_packed_double:u	634	0	0
fp_arith_inst_retired.256b_packed_double:u	635	0	0
fp_arith_inst_retired.256b_packed_double:u	636	0	0
fp_arith_inst_retired.256b_packed_double:u	637	0	0
fp_arith_inst_retired.256b_packed_double:u	638	0	0
fp_arith_inst_retired.256b_packed_double:u	639	0	0
fp_arith_inst_retired.256b_packed_double:u	640	0	0
fp_arith_inst_retired.256b_packed_double:u	641	0	0
fp_arith_inst_retired.256b_packed_double:u	642	0	0
fp_arith_inst_retired.256b_packed_double:u	643	0	0
fp_arith_inst_retired.256b_packed_double:u	644	0	0
fp_arith_inst_retired.256b_packed_double:u	645	0	0
fp_arith_inst_retired.256b_packed_double:u	646	0	0
fp_arith_inst_retired.256b_packed_double:u	647	0	0
fp_arith_inst_retired.256b_packed_double:u	648	0	0
fp_arith_inst_retired.256b_packed_double:u	649	0	0
fp_arith_inst_retired.256b_packed_double:u	650	0	0
fp_arith_inst_retired.256b_packed_double:u	651	0	0
fp_arith_inst_retired.256b_packed_double:u	652	0	0
fp_arith_inst_retired.256b_packed_double:u	653	0	0
fp_arith_inst_retired.256b_packed_double:u	654	0	0
fp_arith_inst_retired.256b_packed_double:u	655	0	0
fp_arith_inst_retired.256b_packed_double:u	656	0	0
fp_arith_inst_retired.256b_packed_double:u	657	0	0
fp_arith_inst_retired.256b_packed_double:u	658	0	0
fp_arith_inst_retired.256b_packed_double:u	659	0	0
fp_arith_inst_retired.256b_packed_double:u	660	0	0
fp_arith_inst_retired.256b_packed_double:u	661	0	0
fp_arith_inst_retired.256b_packed_double:u	662	0	0
fp_arith_inst_retired.256b_packed_double:u	663	0	0
fp_arith_inst_retired.256b_packed_double:u	664	0	0
fp_arith_inst_retired.256b_packed_double:u	665	0	0
fp_arith_inst_retired.256b_packed_double:u	666	0	0
fp_arith_inst_retired.256b_packed_double:u	667	0	0
fp_arith_inst_retired.256b_packed_double:u	668	0	0
fp_arith_inst_retired.256b_packed_double:u	669	0	0
fp_arith_inst_retired.256b_packed_double:u	670	0	0
fp_arith_inst_retired.256b_packed_double:u	671	0	0
fp_arith_inst_retired.256b_packed_double:u	672	0	0
fp_arith_inst_retired.256b_packed_double:u	673	0	0
fp_arith_inst_retired.256b_packed_double:u	674	0	0
fp_arith_inst_retired.256b_packed_double:u	675	0	0
fp_arith_inst_retired.256b_packed_double:u	676	0	0
fp_arith_inst_retired.256b_packed_double:u	677	0	0
fp_arith_inst_retired.256b_packed_double:u	678	0	0
fp_arith_inst_retired.256b_packed_double:u	679	0	0
fp_arith_inst_retired.256b_packed_double:u	680	0	0
fp_arith_inst_retired.256b_packed_double:u	681	0	0
fp_arith_inst_retired.256b_packed_double:u	682	0	0
fp_arith_inst_retired.256b_packed_double:u	683	0	0
fp_arith_inst_retired.256b_packed_double:u	684	0	0
fp_arith_inst_retired.256b_packed_double:u	685	0	0
fp_arith_inst_retired.256b_packed_double:u	686	0	0
fp_arith_inst_retired.256b_packed_double:u	687	0	0
fp_arith_inst_retired.256b_packed_double:u	688	0	0
fp_arith_inst_retired.256b_packed_double:u	689	0	0
fp_arith_inst_retired.256b_packed_double:u	690	0	0
fp_arith_inst_retired.256b_packed_double:u	691	0	0
fp_arith_inst_retired.256b_packed_double:u	692	0	0
fp_arith_inst_retired.256b_packed_double:u	693	0	0
fp_arith_inst_retired.256b_packed_double:u	694	0	0
fp_arith_inst_retired.256b_packed_double:u	695	0	0
fp_arith_inst_retired.256b_packed_double:u	696	0	0
fp_arith_inst_retired.256b_packed_double:u	697	0	0
fp_arith_inst_retired.256b_packed_double:u	698	0	0
fp_arith_inst_retired.256b_packed_double:u	699	0	0
fp_arith_inst_retired.256b_packed_double:u	700	0	0
fp_arith_inst_retired.256b_packed_double:u	701	0	0
fp_arith_inst_retired.256b_packed_double:u	702	0	0
fp_arith_inst_retired.256b_packed_double:u	703	0	0
fp_arith_inst_retired.256b_packed_double:u	704	0	0
fp_arith_inst_retired.256b_packed_double:u	705	0	0
fp_arith_inst_retired.256b_packed_double:u	706	0	0
fp_arith_inst_retired.256b_packed_double:u	707	0	0
fp_arith_inst_retired.256b_packed_double:u	708	0	0
fp_arith_inst_retired.256b_packed_double:u	709	0	0
fp_arith_inst_retired.256b_packed_double:u	710	0	0
fp_arith_inst_retired.256b_packed_double:u	711	0	0
fp_arith_inst_retired.256b_packed_double:u	712	0	0
fp_arith_inst_retired.256b_packed_double:u	713	0	0
fp_arith_inst_retired.256b_packed_double:u	714	0	0
fp_arith_inst_retired.256b_packed_double:u	715	0	0
fp_arith_inst_retired.256b_packed_double:u	716	0	0
fp_arith_inst_retired.256b_packed_double:u	717	0	0
fp_arith_inst_retired.256b_packed_double:u	718	0	0
fp_arith_inst_retired.256b_packed_double:u	719	0	0
fp_arith_inst_retired.256b_packed_double:u	720	0	0
fp_arith_inst_retired.256b_packed_double:u	721	0	0
fp_arith_inst_retired.256b_packed_double:u	722	0	0
fp_arith_inst_retired.256b_packed_double:u	723	0	0
fp_arith_inst_retired.256b_packed_double:u	724	0	0
fp_arith_inst_retired.256b_packed_double:u	725	0	0
fp_arith_inst_retired.256b_packed_double:u	726	0	0
fp_arith_inst_retired.256b_packed_double:u	727	0	0
fp_arith_inst_retired.256b_packed_double:u	728	0	0
fp_arith_inst_retired.256b_packed_double:u	729	0	0
fp_arith_inst_retired.256b_packed_double:u	730	0	0
fp_arith_inst_retired.256b_packed_double:u	731	0	0
fp_arith_inst_retired.256b_packed_double:u	732	0	0
fp_arith_inst_retired.256b_packed_double:u	733	0	0
fp_arith_inst_retired.256b_packed_double:u	734	0	0
fp_arith_inst_retired.256b_packed_double:u	735	0	0
fp_arith_inst_retired.256b_packed_double:u	736	0	0
fp_arith_inst_retired.256b_packed_double:u	737	0	0
fp_arith_inst_retired.256b_packed_double:u	738	0	0
fp_arith_inst_retired.256b_packed_double:u	739	0	0
fp_arith_inst_retired.256b_packed_double:u	740	0	0
fp_arith_inst_retired.256b_packed_double:u	741	0	0
fp_arith_inst_retired.256b_packed_double:u	742	0	0
fp_arith_inst_retired.256b_packed_double:u	743	0	0
fp_arith_inst_retired.256b_packed_double:u	744	0	0
fp_arith_inst_retired.256b_packed_double:u	745	0	0
fp_arith_inst_retired.256b_packed_double:u	746	0	0
fp_arith_inst_retired.256b_packed_double:u	747	0	0
fp_arith_inst_retired.256b_packed_double:u	748	0	0
fp_arith_inst_retired.256b_packed_double:u	749	0	0
fp_arith_inst_retired.256b_packed_double:u	750	0	0
fp_arith_inst_retired.256b_packed_double:u	751	0	0
fp_arith_inst_retired.256b_packed_double:u	752	0	0
fp_arith_inst_retired.256b_packed_double:u	753	0	0
fp_arith_inst_retired.256b_packed_double:u	754	0	0
fp_arith_inst_retired.256b_packed_double:u	755	0	0
fp_arith_inst_retired.256b_packed_double:u	756	0	0
fp_arith_inst_retired.256b_packed_double:u	757	0	0
fp_arith_inst_retired.256b_packed_double:u	758	0	0
fp_arith_inst_retired.256b_packed_double:u	759	0	0
fp_arith_inst_retired.256b_packed_double:u	760	0	0
fp_arith_inst_retired.256b_packed_double:u	761	0	0
fp_arith_inst_retired.256b_packed_double:u	762	0	0
fp_arith_inst_retired.256b_packed_double:u	763	0	0
fp_arith_inst_retired.256b_packed_double:u	764	0	0
fp_arith_inst_retired.256b_packed_double:u	765	0	0
fp_arith_inst_retired.256b_packed_double:u	766	0	0
fp_arith_inst_retired.256b_packed_double:u	767	0	0
fp_arith_inst_retired.256b_packed_double:u	768	0	0
fp_arith_inst_retired.256b_packed_double:u	769	0	0
fp_arith_inst_retired.256b_packed_double:u	770	0	0
fp_arith_inst_retired.256b_packed_double:u	771	0	0
fp_arith_inst_retired.256b_packed_double:u	772	0	0
fp_arith_inst_retired.256b_packed_double:u	773	0	0
fp_arith_inst_retired.256b_packed_double:u	774	0	0
fp_arith_inst_retired.256b_packed_double:u	775	0	0
fp_arith_inst_retired.256b_packed_double:u	776	0	0
fp_arith_inst_retired.256b_packed_double:u	777	0	0
fp_arith_inst_retired.256b_packed_double:u	778	0	0
fp_arith_inst_retired.256b_packed_double:u	779	0	0
fp_arith_inst_retired.256b_packed_double:u	780	0	0
fp_arith_inst_retired.256b_packed_double:u	781	0	0
fp_arith_inst_retired.256b_packed_double:u	782	0	0
fp_arith_inst_retired.256b_packed_double:u	783	0	0
fp_arith_inst_retired.256b_packed_double:u	784	0	0
fp_arith_inst_retired.256b_packed_double:u	785	0	0
fp_arith_inst_retired.256b_packed_double:u	786	0	0
fp_arith_inst_retired.256b_packed_double:u	787	0	0
fp_arith_inst_retired.256b_packed_double:u	788	0	0
fp_arith_inst_retired.256b_packed_double:u	789	0	0
fp_arith_inst_retired.256b_packed_double:u	790	0	0
fp_arith_inst_retired.256b_packed_double:u	791	0	0
fp_arith_inst_retired.256b_packed_double:u	792	0	0
fp_arith_inst_retired.256b_packed_double:u	793	0	0
fp_arith_inst_retired.256b_packed_double:u	794	0	0
fp_arith_inst_retired.256b_packed_double:u	795	0	0
fp_arith_inst_retired.256b_packed_double:u	796	0	0
fp_arith_inst_retired.256b_packed_double:u	797	0	0
fp_arith_inst_retired.256b_packed_double:u	798	0	0
fp_arith_inst_retired.256b_packed_double:u	799	0	0
fp_arith_inst_retired.256b_packed_double:u	800	0	0
fp_arith_inst_retired.256b_packed_double:u	801	0	0
fp_arith_inst_retired.256b_packed_double:u	802	0	0
fp_arith_inst_retired.256b_packed_double:u	803	0	0
fp_arith_inst_retired.256b_packed_double:u	804	0	0
fp_arith_inst_retired.256b_packed_double:u	805	0	0
fp_arith_inst_retired.256b_packed_double:u	806	0	0
fp_arith_inst_retired.256b_packed_double:u	807	0	0
fp_arith_inst_retired.256b_packed_double:u	808	0	0
fp_arith_inst_retired.256b_packed_double:u	809	0	0
fp_arith_inst_retired.256b_packed_double:u	810	0	0
fp_arith_inst_retired.256b_packed_double:u	811	0	0
fp_arith_inst_retired.256b_packed_double:u	812	0	0
fp_arith_inst_retired.256b_packed_double:u	813	0	0
fp_arith_inst_retired.256b_packed_double:u	814	0	0
fp_arith_inst_retired.256b_packed_double:u	815	0	0
fp_arith_inst_retired.256b_packed_double:u	816	0	0
fp_arith_inst_retired.256b_packed_double:u	817	0	0
fp_arith_inst_retired.256b_packed_double:u	818	0	0
fp_arith_inst_retired.256b_packed_double:u	819	0	0
fp_arith_inst_retired.256b_packed_double:u	820	0	0
fp_arith_inst_retired.256b_packed_double:u	821	0	0
fp_arith_inst_retired.256b_packed_double:u	822	0	0
fp_arith_inst_retired.256b_packed_double:u	823	0	0
fp_arith_inst_retired.256b_packed_double:u	824	0	0
fp_arith_inst_retired.256b_packed_double:u	825	0	0
fp_arith_inst_retired.256b_packed_double:u	826	0	0
fp_arith_inst_retired.256b_packed_double:u	827	0	0
fp_arith_inst_retired.256b_packed_double:u	828	0	0
fp_arith_inst_retired.256b_packed_double:u	829	0	0
fp_arith_inst_retired.256b_packed_double:u	830	0	0
fp_arith_inst_retired.256b_packed_double:u	831	0	0
fp_arith_inst_retired.256b_packed_double:u	832	0	0
fp_arith_inst_retired.256b_packed_double:u	833	0	0
fp_arith_inst_retired.256b_packed_double:u	834	0	0
fp_arith_inst_retired.256b_packed_double:u	835	0	0
fp_arith_inst_retired.256b_packed_double:u	836	0	0
fp_arith_inst_retired.256b_packed_double:u	837	0	0
fp_arith_inst_retired.256b_packed_double:u	838	0	0
fp_arith_inst_retired.256b_packed_double:u	839	0	0
fp_arith_inst_retired.256b_packed_double:u	840	0	0
fp_arith_inst_retired.256b_packed_double:u	841	0	0
fp_arith_inst_retired.256b_packed_double:u	842	0	0
fp_arith_inst_retired.256b_packed_double:u	843	0	0
fp_arith_inst_retired.256b_packed_double:u	844	0	0
fp_arith_inst_retired.256b_packed_double:u	845	0	0
fp_arith_inst_retired.256b_packed_double:u	846	0	0
fp_arith_inst_retired.256b_packed_double:u	847	0	0
fp_arith_inst_retired.256b_packed_double:u	848	0	0
fp_arith_inst_retired.256b_packed_double:u	849	0	0
fp_arith_inst_retired.256b_packed_double:u	850	0	0
fp_arith_inst_retired.256b_packed_double:u	851	0	0
fp_arith_inst_retired.256b_packed_double:u	852	0	0
fp_arith_inst_retired.256b_packed_double:u	853	0	0
fp_arith_inst_retired.256b_packed_double:u	854	0	0
fp_arith_inst_retired.256b_packed_double:u	855	0	0
fp_arith_inst_retired.256b_packed_double:u	856	0	0
fp_arith_inst_retired.256b_packed_double:u	857	0	0
fp_arith_inst_retired.256b_packed_double:u	858	0	0
fp_arith_inst_retired.256b_packed_double:u	859	0	0
fp_arith_inst_retired.256b_packed_double:u	860	0	0
fp_arith_inst_retired.256b_packed_double:u	861	0	0
fp_arith_inst_retired.256b_packed_double:u	862	0	0
fp_arith_inst_retired.256b_packed_double:u	863	0	0
fp_arith_inst_retired.256b_packed_double:u	864	0	0
fp_arith_inst_retired.256b_packed_double:u	865	0	0
fp_arith_inst_retired.256b_packed_double:u	866	0	0
fp_arith_inst_retired.256b_packed_double:u	867	0	0
fp_arith_inst_retired.256b_packed_double:u	868	0	0
fp_arith_inst_retired.256b_packed_double:u	869	0	0
fp_arith_inst_retired.256b_packed_double:u	870	0	0
fp_arith_inst_retired.256b_packed_double:u	871	0	0
fp_arith_inst_retired.256b_packed_double:u	872	0	0
fp_arith_inst_retired.256b_packed_double:u	873	0	0
fp_arith_inst_retired.256b_packed_double:u	874	0	0
fp_arith_inst_retired.256b_packed_double:u	875	0	0
fp_arith_inst_retired.256b_packed_double:u	876	0	0
fp_arith_inst_retired.256b_packed_double:u	877	0	0
fp_arith_inst_retired.256b_packed_double:u	878	0	0
fp_arith_inst_retired.256b_packed_double:u	879	0	0
fp_arith_inst_retired.256b_packed_double:u	880	0	0
fp_arith_inst_retired.256b_packed_double:u	881	0	0
fp_arith_inst_retired.256b_packed_double:u	882	0	0
fp_arith_inst_retired.256b_packed_double:u	883	0	0
fp_arith_inst_retired.256b_packed_double:u	884	0	0
fp_arith_inst_retired.256b_packed_double:u	885	0	0
fp_arith_inst_retired.256b_packed_double:u	886	0	0
fp_arith_inst_retired.256b_packed_double:u	887	0	0
fp_arith_inst_retired.256b_packed_double:u	888	0	0
fp_arith_inst_retired.256b_packed_double:u	889	0	0
fp_arith_inst_retired.256b_packed_double:u	890	0	0
fp_arith_inst_retired.256b_packed_double:u	891	0	0
fp_arith_inst_retired.256b_packed_double:u	892	0	0
fp_arith_inst_retired.256b_packed_double:u	893	0	0
fp_arith_inst_retired.256b_packed_double:u	894	0	0
fp_arith_inst_retired.256b_packed_double:u	895	0	0
fp_arith_inst_retired.256b_packed_double:u	896	0	0
fp_arith_inst_retired.256b_packed_double:u	897	0	0
fp_arith_inst_retired.256b_packed_double:u	898	0	0
fp_arith_inst_retired.256b_packed_double:u	899	0	0
fp_arith_inst_retired.256b_packed_double:u	900	0	0
fp_arith_inst_retired.256b_packed_double:u	901	0	0
fp_arith_inst_retired.256b_packed_double:u	902	0	0
fp_arith_inst_retired.256b_packed_double:u	903	0	0
fp_arith_inst_retired.256b_packed_double:u	904	0	0
fp_arith_inst_retired.256b_packed_double:u	905	0	0
fp_arith_inst_retired.256b_packed_double:u	906	0	0
fp_arith_inst_retired.256b_packed_double:u	907	0	0
fp_arith_inst_retired.256b_packed_double:u	908	0	0
fp_arith_inst_retired.256b_packed_double:u	909	0	0
fp_arith_inst_retired.256b_packed_double:u	910	0	0
fp_arith_inst_retired.256b_packed_double:u	911	0	0
fp_arith_inst_retired.256b_packed_double:u	912	0	0
fp_arith_inst_retired.256b_packed_double:u	913	0	0
fp_arith_inst_retired.256b_packed_double:u	914	0	0
fp_arith_inst_retired.256b_packed_double:u	915	0	0
fp_arith_inst_retired.256b_packed_double:u	916	0	0
fp_arith_inst_retired.256b_packed_double:u	917	0	0
fp_arith_inst_retired.256b_packed_double:u	918	0	0
fp_arith_inst_retired.256b_packed_double:u	919	0	0
fp_arith_inst_retired.256b_packed_double:u	920	0	0
fp_arith_inst_retired.256b_packed_double:u	921	0	0
fp_arith_inst_retired.256b_packed_double:u	922	0	0
fp_arith_inst_retired.256b_packed_double:u	923	0	0
fp_arith_inst_retired.256b_packed_double:u	924	0	0
fp_arith_inst_retired.256b_packed_double:u	925	0	0
fp_arith_inst_retired.256b_packed_double:u	926	0	0
fp_arith_inst_retired.256b_packed_double:u	927	0	0
fp_arith_inst_retired.256b_packed_double:u	928	0	0
fp_arith_inst_retired.256b_packed_double:u	929	0	0
fp_arith_inst_retired.256b_packed_double:u	930	0	0
fp_arith_inst_retired.256b_packed_double:u	931	0	0
fp_arith_inst_retired.256b_packed_double:u	932	0	0
fp_arith_inst_retired.256b_packed_double:u	933	0	0
fp_arith_inst_retired.256b_packed_double:u	934	0	0
fp_arith_inst_retired.256b_packed_double:u	935	0	0
fp_arith_inst_retired.256b_packed_double:u	936	0	0
fp_arith_inst_retired.256b_packed_double:u	937	0	0
fp_arith_inst_retired.256b_packed_double:u	938	0	0
fp_arith_inst_retired.256b_packed_double:u	939	0	0
fp_arith_inst_retired.256b_packed_double:u	940	0	0
fp_arith_inst_retired.256b_packed_double:u	941	0	0
fp_arith_inst_retired.256b_packed_double:u	942	0	0
fp_arith_inst_retired.256b_packed_double:u	943	0	0
fp_arith_inst_retired.256b_packed_double:u	944	0	0
fp_arith_inst_retired.256b_packed_double:u	945	0	0
fp_arith_inst_retired.256b_packed_double:u	946	0	0
fp_arith_inst_retired.256b_packed_double:u	947	0	0
fp_arith_inst_retired.256b_packed_double:u	948	0	0
fp_arith_inst_retired.256b_packed_double:u	949	0	0
fp_arith_inst_retired.256b_packed_double:u	950	0	0
fp_arith_inst_retired.256b_packed_double:u	951	0	0
fp_arith_inst_retired.256b_packed_double:u	952	0	0
fp_arith_inst_retired.256b_packed_double:u	953	0	0
fp_arith_inst_retired.256b_packed_double:u	954	0	0
fp_arith_inst_retired.256b_packed_double:u	955	0	0
fp_arith_inst_retired.256b_packed_double:u	956	0	0
fp_arith_inst_retired.256b_packed_double:u	957	0	0
fp_arith_inst_retired.256b_packed_double:u	958	0	0
fp_arith_inst_retired.256b_packed_double:u	959	0	0
fp_arith_inst_retired.256b_packed_double:u	960	0	0
fp_arith_inst_retired.256b_packed_double:u	961	0	0
fp_arith_inst_retired.256b_packed_double:u	962	0	0
fp_arith_inst_retired.256b_packed_double:u	963	0	0
fp_arith_inst_retired.256b_packed_double:u	964	0	0
fp_arith_inst_retired.256b_packed_double:u	965	0	0
fp_arith_inst_retired.256b_packed_double:u	966	0	0
fp_arith_inst_retired.256b_packed_double:u	967	0	0
fp_arith_inst_retired.256b_packed_double:u	968	0	0
fp_arith_inst_retired.256b_packed_double:u	969	0	0
fp_arith_inst_retired.256b_packed_double:u	970	0	0
fp_arith_inst_retired.256b_packed_double:u	971	0	0
fp_arith_inst_retired.256b_packed_double:u	972	0	0
fp_arith_inst_retired.256b_packed_double:u	973	0	0
fp_arith_inst_retired.256b_packed_double:u	974	0	0
fp_arith_inst_retired.256b_packed_double:u	975	0	0
fp_arith_inst_retired.256b_packed_double:u	976	0	0
fp_arith_inst_retired.256b_packed_double:u	977	0	0
fp_arith_inst_retired.256b_packed_double:u	978	0	0
fp_arith_inst_retired.256b_packed_double:u	979	0	0
fp_arith_inst_retired.256b_packed_double:u	980	0	0
fp_arith_inst_retired.256b_packed_double:u	981	0	0
fp_arith_inst_retired.256b_packed_double:u	982	0	0
fp_arith_inst_retired.256b_packed_double:u	983	0	0
fp_arith_inst_retired.256b_packed_double:u	984	0	0
fp_arith_inst_retired.256b_packed_double:u	985	0	0
fp_arith_inst_retired.256b_packed_double:u	986	0	0
fp_arith_inst_retired.256b_packed_double:u	987	0	0
fp_arith_inst_retired.256b_packed_double:u	988	0	0
fp_arith_inst_retired.256b_packed_double:u	989	0	0
fp_arith_inst_retired.256b_packed_double:u	990	0	0
fp_arith_inst_retired.256b_packed_double:u	991	0	0
fp_arith_inst_retired.256b_packed_double:u	992	0	0
fp_arith_inst_retired.256b_packed_double:u	993	0	0
fp_arith_inst_retired.256b_packed_double:u	994	0	0
fp_arith_inst_retired.256b_packed_double:u	995	0	0
fp_arith_inst_retired.256b_packed_double:u	996	0	0
fp_arith_inst_retired.256b_packed_double:u	997	0	0
fp_arith_inst_retired.256b_packed_double:u	998	0	0
fp_arith_inst_retired.256b_packed_double:u	999	0	0
fp_arith_inst_retired.256b_packed_double:u	1000	0	0
icache_tag.stalls:u	1	20816	0
icache_tag.stalls:u	2	1052	0
idq_uops_not_delivered.cycles_le_1_uop_deliv.core:u	1	3135346838	0
idq_uops_not_delivered.cycles_le_1_uop_deliv.core:u	2	3134469839	0
rtm_retired.aborted_unfriendly:u	1	0	0
rtm_retired.aborted_unfriendly:u	2	0	0
rtm_retired.aborted_unfriendly:u	3	0	0
rtm_retired.aborted_unfriendly:u	4	0	0
rtm_retired.aborted_unfriendly:u	5	0	0
rtm_retired.aborted_unfriendly:u	6	0	0
rtm_retired.aborted_unfriendly:u	7	0	0
rtm_retired.aborted_unfriendly:u	8	0	0
rtm_retired.aborted_unfriendly:u	9	0	0
rtm_retired.aborted_unfriendly:u	10	0	0
rtm_retired.aborted_unfriendly:u	11	0	0
rtm_retired.aborted_unfriendly:u	12	0	0
rtm_retired.aborted_unfriendly:u	13	0	0
rtm_retired.aborted_unfriendly:u	14	0	0
rtm_retired.aborted_unfriendly:u	15	0	0
rtm_retired.aborted_unfriendly:u	16	0	0
rtm_retired.aborted_unfriendly:u	17	0	0
rtm_retired.aborted_unfriendly:u	18	0	0
rtm_retired.aborted_unfriendly:u	19	0	0
rtm_retired.aborted_unfriendly:u	20	0	0
rtm_retired.aborted_unfriendly:u	21	0	0
rtm_retired.aborted_unfriendly:u	22	0	0
rtm_retired.aborted_unfriendly:u	23	0	0
rtm_retired.aborted_unfriendly:u	24	0	0
rtm_retired.aborted_unfriendly:u	25	0	0
rtm_retired.aborted_unfriendly:u	26	0	0
rtm_retired.aborted_unfriendly:u	27	0	0
rtm_retired.aborted_unfriendly:u	28	0	0
rtm_retired.aborted_unfriendly:u	29	0	0
rtm_retired.aborted_unfriendly:u	30	0	0
rtm_retired.aborted_unfriendly:u	31	0	0
rtm_retired.aborted_unfriendly:u	32	0	0
rtm_retired.aborted_unfriendly:u	33	0	0
rtm_retired.aborted_unfriendly:u	34	0	0
rtm_retired.aborted_unfriendly:u	35	0	0
rtm_retired.aborted_unfriendly:u	36	0	0
rtm_retired.aborted_unfriendly:u	37	0	0
rtm_retired.aborted_unfriendly:u	38	0	0
rtm_retired.aborted_unfriendly:u	39	0	0
rtm_retired.aborted_unfriendly:u	40	0	0
rtm_retired.aborted_unfriendly:u	41	0	0
rtm_retired.aborted_unfriendly:u	42	0	0
rtm_retired.aborted_unfriendly:u	43	0	0
rtm_retired.aborted_unfriendly:u	44	0	0
rtm_retired.aborted_unfriendly:u	45	0	0
rtm_retired.aborted_unfriendly:u	46	0	0
rtm_retired.aborted_unfriendly:u	47	0	0
rtm_retired.aborted_unfriendly:u	48	0	0
rtm_retired.aborted_unfriendly:u	49	0	0
rtm_retired.aborted_unfriendly:u	50	0	0
rtm_retired.aborted_unfriendly:u	51	0	0
rtm_retired.aborted_unfriendly:u	52	0	0
rtm_retired.aborted_unfriendly:u	53	0	0
rtm_retired.aborted_unfriendly:u	54	0	0
rtm_retired.aborted_unfriendly:u	55	0	0
rtm_retired.aborted_unfriendly:u	56	0	0
rtm_retired.aborted_unfriendly:u	57	0	0
rtm_retired.aborted_unfriendly:u	58	0	0
rtm_retired.aborted_unfriendly:u	59	0	0
rtm_retired.aborted_unfriendly:u	60	0	0
rtm_retired.aborted_unfriendly:u	61	0	0
rtm_retired.aborted_unfriendly:u	62	0	0
rtm_retired.aborted_unfriendly:u	63	0	0
rtm_retired.aborted_unfriendly:u	64	0	0
rtm_retired.aborted_unfriendly:u	65	0	0
rtm_retired.aborted_unfriendly:u	66	0	0
rtm_retired.aborted_unfriendly:u	67	0	0
rtm_retired.aborted_unfriendly:u	68	0	0
rtm_retired.aborted_unfriendly:u	69	0	0
rtm_retired.aborted_unfriendly:u	70	0	0
rtm_retired.aborted_unfriendly:u	71	0	0
rtm_retired.aborted_unfriendly:u	72	0	0
rtm_retired.aborted_unfriendly:u	73	0	0
rtm_retired.aborted_unfriendly:u	74	0	0
rtm_retired.aborted_unfriendly:u	75	0	0
rtm_retired.aborted_unfriendly:u	76	0	0
rtm_retired.aborted_unfriendly:u	77	0	0
rtm_retired.aborted_unfriendly:u	78	0	0
rtm_retired.aborted_unfriendly:u	79	0	0
rtm_retired.aborted_unfriendly:u	80	0	0
rtm_retired.aborted_unfriendly:u	81	0	0
rtm_retired.aborted_unfriendly:u	82	0	0
rtm_retired.aborted_unfriendly:u	83	0	0
rtm_retired.aborted_unfriendly:u	84	0	0
rtm_retired.aborted_unfriendly:u	85	0	0
rtm_retired.aborted_unfriendly:u	86	0	0
rtm_retired.aborted_unfriendly:u	87	0	0
rtm_retired.aborted_unfriendly:u	88	0	0
rtm_retired.aborted_unfriendly:u	89	0	0
rtm_retired.aborted_unfriendly:u	90	0	0
rtm_retired.aborted_unfriendly:u	91	0	0
rtm_retired.aborted_unfriendly:u	92	0	0
rtm_retired.aborted_unfriendly:u	93	0	0
rtm_retired.aborted_unfriendly:u	94	0	0
rtm_retired.aborted_unfriendly:u	95	0	0
rtm_retired.aborted_unfriendly:u	96	0	0
rtm_retired.aborted_unfriendly:u	97	0	0
rtm_retired.aborted_unfriendly:u	98	0	0
rtm_retired.aborted_unfriendly:u	99	0	0
rtm_retired.aborted_unfriendly:u	100	0	0
rtm_retired.aborted_unfriendly:u	101	0	0
rtm_retired.aborted_unfriendly:u	102	0	0
rtm_retired.aborted_unfriendly:u	103	0	0
rtm_retired.aborted_unfriendly:u	104	0	0
rtm_retired.aborted_unfriendly:u	105	0	0
rtm_retired.aborted_unfriendly:u	106	0	0
rtm_retired.aborted_unfriendly:u	107	0	0
rtm_retired.aborted_unfriendly:u	108	0	0
rtm_retired.aborted_unfriendly:u	109	0	0
rtm_retired.aborted_unfriendly:u	110	0	0
rtm_retired.aborted_unfriendly:u	111	0	0
rtm_retired.aborted_unfriendly:u	112	0	0
rtm_retired.aborted_unfriendly:u	113	0	0
rtm_retired.aborted_unfriendly:u	114	0	0
rtm_retired.aborted_unfriendly:u	115	0	0
rtm_retired.aborted_unfriendly:u	116	0	0
rtm_retired.aborted_unfriendly:u	117	0	0
rtm_retired.aborted_unfriendly:u	118	0	0
rtm_retired.aborted_unfriendly:u	119	0	0
rtm_retired.aborted_unfriendly:u	120	0	0
rtm_retired.aborted_unfriendly:u	121	0	0
rtm_retired.aborted_unfriendly:u	122	0	0
rtm_retired.aborted_unfriendly:u	123	0	0
rtm_retired.aborted_unfriendly:u	124	0	0
rtm_retired.aborted_unfriendly:u	125	0	0
rtm_retired.aborted_unfriendly:u	126	0	0
rtm_retired.aborted_unfriendly:u	127	0	0
rtm_retired.aborted_unfriendly:u	128	0	0
rtm_retired.aborted_unfriendly:u	129	0	0
rtm_retired.aborted_unfriendly:u	130	0	0
rtm_retired.aborted_unfriendly:u	131	0	0
rtm_retired.aborted_unfriendly:u	132	0	0
rtm_retired.aborted_unfriendly:u	133	0	0
rtm_retired.aborted_unfriendly:u	134	0	0
rtm_retired.aborted_unfriendly:u	135	0	0
rtm_retired.aborted_unfriendly:u	136	0	0
rtm_retired.aborted_unfriendly:u	137	0	0
rtm_retired.aborted_unfriendly:u	138	0	0
rtm_retired.aborted_unfriendly:u	139	0	0
rtm_retired.aborted_unfriendly:u	140	0	0
rtm_retired.aborted_unfriendly:u	141	0	0
rtm_retired.aborted_unfriendly:u	142	0	0
rtm_retired.aborted_unfriendly:u	143	0	0
rtm_retired.aborted_unfriendly:u	144	0	0
rtm_retired.aborted_unfriendly:u	145	0	0
rtm_retired.aborted_unfriendly:u	146	0	0
rtm_retired.aborted_unfriendly:u	147	0	0
rtm_retired.aborted_unfriendly:u	148	0	0
rtm_retired.aborted_unfriendly:u	149	0	0
rtm_retired.aborted_unfriendly:u	150	0	0
rtm_retired.aborted_unfriendly:u	151	0	0
rtm_retired.aborted_unfriendly:u	152	0	0
rtm_retired.aborted_unfriendly:u	153	0	0
rtm_retired.aborted_unfriendly:u	154	0	0
rtm_retired.aborted_unfriendly:u	155	0	0
rtm_retired.aborted_unfriendly:u	156	0	0
rtm_retired.aborted_unfriendly:u	157	0	0
rtm_retired.aborted_unfriendly:u	158	0	0
rtm_retired.aborted_unfriendly:u	159	0	0
rtm_retired.aborted_unfriendly:u	160	0	0
rtm_retired.aborted_unfriendly:u	161	0	0
rtm_retired.aborted_unfriendly:u	162	0	0
rtm_retired.aborted_unfriendly:u	163	0	0
rtm_retired.aborted_unfriendly:u	164	0	0
rtm_retired.aborted_unfriendly:u	165	0	0
rtm_retired.aborted_unfriendly:u	166	0	0
rtm_retired.aborted_unfriendly:u	167	0	0
rtm_retired.aborted_unfriendly:u	168	0	0
rtm_retired.aborted_unfriendly:u	169	0	0
rtm_retired.aborted_unfriendly:u	170	0	0
rtm_retired.aborted_unfriendly:u	171	0	0
rtm_retired.aborted_unfriendly:u	172	0	0
rtm_retired.aborted_unfriendly:u	173	0	0
rtm_retired.aborted_unfriendly:u	174	0	0
rtm_retired.aborted_unfriendly:u	175	0	0
rtm_retired.aborted_unfriendly:u	176	0	0
rtm_retired.aborted_unfriendly:u	177	0	0
rtm_retired.aborted_unfriendly:u	178	0	0
rtm_retired.aborted_unfriendly:u	179	0	0
rtm_retired.aborted_unfriendly:u	180	0	0
rtm_retired.aborted_unfriendly:u	181	0	0
rtm_retired.aborted_unfriendly:u	182	0	0
rtm_retired.aborted_unfriendly:u	183	0	0
rtm_retired.aborted_unfriendly:u	184	0	0
rtm_retired.aborted_unfriendly:u	185	0	0
rtm_retired.aborted_unfriendly:u	186	0	0
rtm_retired.aborted_unfriendly:u	187	0	0
rtm_retired.aborted_unfriendly:u	188	0	0
rtm_retired.aborted_unfriendly:u	189	0	0
rtm_retired.aborted_unfriendly:u	190	0	0
rtm_retired.aborted_unfriendly:u	191	0	0
rtm_retired.aborted_unfriendly:u	192	0	0
rtm_retired.aborted_unfriendly:u	193	0	0
rtm_retired.aborted_unfriendly:u	194	0	0
rtm_retired.aborted_unfriendly:u	195	0	0
rtm_retired.aborted_unfriendly:u	196	0	0
rtm_retired.aborted_unfriendly:u	197	0	0
rtm_retired.aborted_unfriendly:u	198	0	0
rtm_retired.aborted_unfriendly:u	199	0	0
rtm_retired.aborted_unfriendly:u	200	0	0
rtm_retired.aborted_unfriendly:u	201	0	0
rtm_retired.aborted_unfriendly:u	202	0	0
rtm_retired.aborted_unfriendly:u	203	0	0
rtm_retired.aborted_unfriendly:u	204	0	0
rtm_retired.aborted_unfriendly:u	205	0	0
rtm_retired.aborted_unfriendly:u	206	0	0
rtm_retired.aborted_unfriendly:u	207	0	0
rtm_retired.aborted_unfriendly:u	208	0	0
rtm_retired.aborted_unfriendly:u	209	0	0
rtm_retired.aborted_unfriendly:u	210	0	0
rtm_retired.aborted_unfriendly:u	211	0	0
rtm_retired.aborted_unfriendly:u	212	0	0
rtm_retired.aborted_unfriendly:u	213	0	0
rtm_retired.aborted_unfriendly:u	214	0	0
rtm_retired.aborted_unfriendly:u	215	0	0
rtm_retired.aborted_unfriendly:u	216	0	0
rtm_retired.aborted_unfriendly:u	217	0	0
rtm_retired.aborted_unfriendly:u	218	0	0
rtm_retired.aborted_unfriendly:u	219	0	0
rtm_retired.aborted_unfriendly:u	220	0	0
rtm_retired.aborted_unfriendly:u	221	0	0
rtm_retired.aborted_unfriendly:u	222	0	0
rtm_retired.aborted_unfriendly:u	223	0	0
rtm_retired.aborted_unfriendly:u	224	0	0
rtm_retired.aborted_unfriendly:u	225	0	0
rtm_retired.aborted_unfriendly:u	226	0	0
rtm_retired.aborted_unfriendly:u	227	0	0
rtm_retired.aborted_unfriendly:u	228	0	0
rtm_retired.aborted_unfriendly:u	229	0	0
rtm_retired.aborted_unfriendly:u	230	0	0
rtm_retired.aborted_unfriendly:u	231	0	0
rtm_retired.aborted_unfriendly:u	232	0	0
rtm_retired.aborted_unfriendly:u	233	0	0
rtm_retired.aborted_unfriendly:u	234	0	0
rtm_retired.aborted_unfriendly:u	235	0	0
rtm_retired.aborted_unfriendly:u	236	0	0
rtm_retired.aborted_unfriendly:u	237	0	0
rtm_retired.aborted_unfriendly:u	238	0	0
rtm_retired.aborted_unfriendly:u	239	0	0
rtm_retired.aborted_unfriendly:u	240	0	0
rtm_retired.aborted_unfriendly:u	241	0	0
rtm_retired.aborted_unfriendly:u	242	0	0
rtm_retired.aborted_unfriendly:u	243	0	0
rtm_retired.aborted_unfriendly:u	244	0	0
rtm_retired.aborted_unfriendly:u	245	0	0
rtm_retired.aborted_unfriendly:u	246	0	0
rtm_retired.aborted_unfriendly:u	247	0	0
rtm_retired.aborted_unfriendly:u	248	0	0
rtm_retired.aborted_unfriendly:u	249	0	0
rtm_retired.aborted_unfriendly:u	250	0	0
rtm_retired.aborted_unfriendly:u	251	0	0
rtm_retired.aborted_unfriendly:u	252	0	0
rtm_retired.aborted_unfriendly:u	253	0	0
rtm_retired.aborted_unfriendly:u	254	0	0
rtm_retired.aborted_unfriendly:u	255	0	0
rtm_retired.aborted_unfriendly:u	256	0	0
rtm_retired.aborted_unfriendly:u	257	0	0
rtm_retired.aborted_unfriendly:u	258	0	0
rtm_retired.aborted_unfriendly:u	259	0	0
rtm_retired.aborted_unfriendly:u	260	0	0
rtm_retired.aborted_unfriendly:u	261	0	0
rtm_retired.aborted_unfriendly:u	262	0	0
rtm_retired.aborted_unfriendly:u	263	0	0
rtm_retired.aborted_unfriendly:u	264	0	0
rtm_retired.aborted_unfriendly:u	265	0	0
rtm_retired.aborted_unfriendly:u	266	0	0
rtm_retired.aborted_unfriendly:u	267	0	0
rtm_retired.aborted_unfriendly:u	268	0	0
rtm_retired.aborted_unfriendly:u	269	0	0
rtm_retired.aborted_unfriendly:u	270	0	0
rtm_retired.aborted_unfriendly:u	271	0	0
rtm_retired.aborted_unfriendly:u	272	0	0
rtm_retired.aborted_unfriendly:u	273	0	0
rtm_retired.aborted_unfriendly:u	274	0	0
rtm_retired.aborted_unfriendly:u	275	0	0
rtm_retired.aborted_unfriendly:u	276	0	0
rtm_retired.aborted_unfriendly:u	277	0	0
rtm_retired.aborted_unfriendly:u	278	0	0
rtm_retired.aborted_unfriendly:u	279	0	0
rtm_retired.aborted_unfriendly:u	280	0	0
rtm_retired.aborted_unfriendly:u	281	0	0
rtm_retired.aborted_unfriendly:u	282	0	0
rtm_retired.aborted_unfriendly:u	283	0	0
rtm_retired.aborted_unfriendly:u	284	0	0
rtm_retired.aborted_unfriendly:u	285	0	0
rtm_retired.aborted_unfriendly:u	286	0	0
rtm_retired.aborted_unfriendly:u	287	0	0
rtm_retired.aborted_unfriendly:u	288	0	0
rtm_retired.aborted_unfriendly:u	289	0	0
rtm_retired.aborted_unfriendly:u	290	0	0
rtm_retired.aborted_unfriendly:u	291	0	0
rtm_retired.aborted_unfriendly:u	292	0	0
rtm_retired.aborted_unfriendly:u	293	0	0
rtm_retired.aborted_unfriendly:u	294	0	0
rtm_retired.aborted_unfriendly:u	295	0	0
rtm_retired.aborted_unfriendly:u	296	0	0
rtm_retired.aborted_unfriendly:u	297	0	0
rtm_retired.aborted_unfriendly:u	298	0	0
rtm_retired.aborted_unfriendly:u	299	0	0
rtm_retired.aborted_unfriendly:u	300	0	0
rtm_retired.aborted_unfriendly:u	301	0	0
rtm_retired.aborted_unfriendly:u	302	0	0
rtm_retired.aborted_unfriendly:u	303	0	0
rtm_retired.aborted_unfriendly:u	304	0	0
rtm_retired.aborted_unfriendly:u	305	0	0
rtm_retired.aborted_unfriendly:u	306	0	0
rtm_retired.aborted_unfriendly:u	307	0	0
rtm_retired.aborted_unfriendly:u	308	0	0
rtm_retired.aborted_unfriendly:u	309	0	0
rtm_retired.aborted_unfriendly:u	310	0	0
rtm_retired.aborted_unfriendly:u	311	0	0
rtm_retired.aborted_unfriendly:u	312	0	0
rtm_retired.aborted_unfriendly:u	313	0	0
rtm_retired.aborted_unfriendly:u	314	0	0
rtm_retired.aborted_unfriendly:u	315	0	0
rtm_retired.aborted_unfriendly:u	316	0	0
rtm_retired.aborted_unfriendly:u	317	0	0
rtm_retired.aborted_unfriendly:u	318	0	0
rtm_retired.aborted_unfriendly:u	319	0	0
rtm_retired.aborted_unfriendly:u	320	0	0
rtm_retired.aborted_unfriendly:u	321	0	0
rtm_retired.aborted_unfriendly:u	322	0	0
rtm_retired.aborted_unfriendly:u	323	0	0
rtm_retired.aborted_unfriendly:u	324	0	0
rtm_retired.aborted_unfriendly:u	325	0	0
rtm_retired.aborted_unfriendly:u	326	0	0
rtm_retired.aborted_unfriendly:u	327	0	0
rtm_retired.aborted_unfriendly:u	328	0	0
rtm_retired.aborted_unfriendly:u	329	0	0
rtm_retired.aborted_unfriendly:u	330	0	0
rtm_retired.aborted_unfriendly:u	331	0	0
rtm_retired.aborted_unfriendly:u	332	0	0
rtm_retired.aborted_unfriendly:u	333	0	0
rtm_retired.aborted_unfriendly:u	334	0	0
rtm_retired.aborted_unfriendly:u	335	0	0
rtm_retired.aborted_unfriendly:u	336	0	0
rtm_retired.aborted_unfriendly:u	337	0	0
rtm_retired.aborted_unfriendly:u	338	0	0
rtm_retired.aborted_unfriendly:u	339	0	0
rtm_retired.aborted_unfriendly:u	340	0	0
rtm_retired.aborted_unfriendly:u	341	0	0
rtm_retired.aborted_unfriendly:u	342	0	0
rtm_retired.aborted_unfriendly:u	343	0	0
rtm_retired.aborted_unfriendly:u	344	0	0
rtm_retired.aborted_unfriendly:u	345	0	0
rtm_retired.aborted_unfriendly:u	346	0	0
rtm_retired.aborted_unfriendly:u	347	0	0
rtm_retired.aborted_unfriendly:u	348	0	0
rtm_retired.aborted_unfriendly:u	349	0	0
rtm_retired.aborted_unfriendly:u	350	0	0
rtm_retired.aborted_unfriendly:u	351	0	0
rtm_retired.aborted_unfriendly:u	352	0	0
rtm_retired.aborted_unfriendly:u	353	0	0
rtm_retired.aborted_unfriendly:u	354	0	0
rtm_retired.aborted_unfriendly:u	355	0	0
rtm_retired.aborted_unfriendly:u	356	0	0
rtm_retired.aborted_unfriendly:u	357	0	0
rtm_retired.aborted_unfriendly:u	358	0	0
rtm_retired.aborted_unfriendly:u	359	0	0
rtm_retired.aborted_unfriendly:u	360	0	0
rtm_retired.aborted_unfriendly:u	361	0	0
rtm_retired.aborted_unfriendly:u	362	0	0
rtm_retired.aborted_unfriendly:u	363	0	0
rtm_retired.aborted_unfriendly:u	364	0	0
rtm_retired.aborted_unfriendly:u	365	0	0
rtm_retired.aborted_unfriendly:u	366	0	0
rtm_retired.aborted_unfriendly:u	367	0	0
rtm_retired.aborted_unfriendly:u	368	0	0
rtm_retired.aborted_unfriendly:u	369	0	0
rtm_retired.aborted_unfriendly:u	370	0	0
rtm_retired.aborted_unfriendly:u	371	0	0
rtm_retired.aborted_unfriendly:u	372	0	0
rtm_retired.aborted_unfriendly:u	373	0	0
rtm_retired.aborted_unfriendly:u	374	0	0
rtm_retired.aborted_unfriendly:u	375	0	0
rtm_retired.aborted_unfriendly:u	376	0	0
rtm_retired.aborted_unfriendly:u	377	0	0
rtm_retired.aborted_unfriendly:u	378	0	0
rtm_retired.aborted_unfriendly:u	379	0	0
rtm_retired.aborted_unfriendly:u	380	0	0
rtm_retired.aborted_unfriendly:u	381	0	0
rtm_retired.aborted_unfriendly:u	382	0	0
rtm_retired.aborted_unfriendly:u	383	0	0
rtm_retired.aborted_unfriendly:u	384	0	0
rtm_retired.aborted_unfriendly:u	385	0	0
rtm_retired.aborted_unfriendly:u	386	0	0
rtm_retired.aborted_unfriendly:u	387	0	0
rtm_retired.aborted_unfriendly:u	388	0	0
rtm_retired.aborted_unfriendly:u	389	0	0
rtm_retired.aborted_unfriendly:u	390	0	0
rtm_retired.aborted_unfriendly:u	391	0	0
rtm_retired.aborted_unfriendly:u	392	0	0
rtm_retired.aborted_unfriendly:u	393	0	0
rtm_retired.aborted_unfriendly:u	394	0	0
rtm_retired.aborted_unfriendly:u	395	0	0
rtm_retired.aborted_unfriendly:u	396	0	0
rtm_retired.aborted_unfriendly:u	397	0	0
rtm_retired.aborted_unfriendly:u	398	0	0
rtm_retired.aborted_unfriendly:u	399	0	0
rtm_retired.aborted_unfriendly:u	400	0	0
rtm_retired.aborted_unfriendly:u	401	0	0
rtm_retired.aborted_unfriendly:u	402	0	0
rtm_retired.aborted_unfriendly:u	403	0	0
rtm_retired.aborted_unfriendly:u	404	0	0
rtm_retired.aborted_unfriendly:u	405	0	0
rtm_retired.aborted_unfriendly:u	406	0	0
rtm_retired.aborted_unfriendly:u	407	0	0
rtm_retired.aborted_unfriendly:u	408	0	0
rtm_retired.aborted_unfriendly:u	409	0	0
rtm_retired.aborted_unfriendly:u	410	0	0
rtm_retired.aborted_unfriendly:u	411	0	0
rtm_retired.aborted_unfriendly:u	412	0	0
rtm_retired.aborted_unfriendly:u	413	0	0
rtm_retired.aborted_unfriendly:u	414	0	0
rtm_retired.aborted_unfriendly:u	415	0	0
rtm_retired.aborted_unfriendly:u	416	0	0
rtm_retired.aborted_unfriendly:u	417	0	0
rtm_retired.aborted_unfriendly:u	418	0	0
rtm_retired.aborted_unfriendly:u	419	0	0
rtm_retired.aborted_unfriendly:u	420	0	0
rtm_retired.aborted_unfriendly:u	421	0	0
rtm_retired.aborted_unfriendly:u	422	0	0
rtm_retired.aborted_unfriendly:u	423	0	0
rtm_retired.aborted_unfriendly:u	424	0	0
rtm_retired.aborted_unfriendly:u	425	0	0
rtm_retired.aborted_unfriendly:u	426	0	0
rtm_retired.aborted_unfriendly:u	427	0	0
rtm_retired.aborted_unfriendly:u	428	0	0
rtm_retired.aborted_unfriendly:u	429	0	0
rtm_retired.aborted_unfriendly:u	430	0	0
rtm_retired.aborted_unfriendly:u	431	0	0
rtm_retired.aborted_unfriendly:u	432	0	0
rtm_retired.aborted_unfriendly:u	433	0	0
rtm_retired.aborted_unfriendly:u	434	0	0
rtm_retired.aborted_unfriendly:u	435	0	0
rtm_retired.aborted_unfriendly:u	436	0	0
rtm_retired.aborted_unfriendly:u	437	0	0
rtm_retired.aborted_unfriendly:u	438	0	0
rtm_retired.aborted_unfriendly:u	439	0	0
rtm_retired.aborted_unfriendly:u	440	0	0
rtm_retired.aborted_unfriendly:u	441	0	0
rtm_retired.aborted_unfriendly:u	442	0	0
rtm_retired.aborted_unfriendly:u	443	0	0
rtm_retired.aborted_unfriendly:u	444	0	0
rtm_retired.aborted_unfriendly:u	445	0	0
rtm_retired.aborted_unfriendly:u	446	0	0
rtm_retired.aborted_unfriendly:u	447	0	0
rtm_retired.aborted_unfriendly:u	448	0	0
rtm_retired.aborted_unfriendly:u	449	0	0
rtm_retired.aborted_unfriendly:u	450	0	0
rtm_retired.aborted_unfriendly:u	451	0	0
rtm_retired.aborted_unfriendly:u	452	0	0
rtm_retired.aborted_unfriendly:u	453	0	0
rtm_retired.aborted_unfriendly:u	454	0	0
rtm_retired.aborted_unfriendly:u	455	0	0
rtm_retired.aborted_unfriendly:u	456	0	0
rtm_retired.aborted_unfriendly:u	457	0	0
rtm_retired.aborted_unfriendly:u	458	0	0
rtm_retired.aborted_unfriendly:u	459	0	0
rtm_retired.aborted_unfriendly:u	460	0	0
rtm_retired.aborted_unfriendly:u	461	0	0
rtm_retired.aborted_unfriendly:u	462	0	0
rtm_retired.aborted_unfriendly:u	463	0	0
rtm_retired.aborted_unfriendly:u	464	0	0
rtm_retired.aborted_unfriendly:u	465	0	0
rtm_retired.aborted_unfriendly:u	466	0	0
rtm_retired.aborted_unfriendly:u	467	0	0
rtm_retired.aborted_unfriendly:u	468	0	0
rtm_retired.aborted_unfriendly:u	469	0	0
rtm_retired.aborted_unfriendly:u	470	0	0
rtm_retired.aborted_unfriendly:u	471	0	0
rtm_retired.aborted_unfriendly:u	472	0	0
rtm_retired.aborted_unfriendly:u	473	0	0
rtm_retired.aborted_unfriendly:u	474	0	0
rtm_retired.aborted_unfriendly:u	475	0	0
rtm_retired.aborted_unfriendly:u	476	0	0
rtm_retired.aborted_unfriendly:u	477	0	0
rtm_retired.aborted_unfriendly:u	478	0	0
rtm_retired.aborted_unfriendly:u	479	0	0
rtm_retired.aborted_unfriendly:u	480	0	0
rtm_retired.aborted_unfriendly:u	481	0	0
rtm_retired.aborted_unfriendly:u	482	0	0
rtm_retired.aborted_unfriendly:u	483	0	0
rtm_retired.aborted_unfriendly:u	484	0	0
rtm_retired.aborted_unfriendly:u	485	0	0
rtm_retired.aborted_unfriendly:u	486	0	0
rtm_retired.aborted_unfriendly:u	487	0	0
rtm_retired.aborted_unfriendly:u	488	0	0
rtm_retired.aborted_unfriendly:u	489	0	0
rtm_retired.aborted_unfriendly:u	490	0	0
rtm_retired.aborted_unfriendly:u	491	0	0
rtm_retired.aborted_unfriendly:u	492	0	0
rtm_retired.aborted_unfriendly:u	493	0	0
rtm_retired.aborted_unfriendly:u	494	0	0
rtm_retired.aborted_unfriendly:u	495	0	0
rtm_retired.aborted_unfriendly:u	496	0	0
rtm_retired.aborted_unfriendly:u	497	0	0
rtm_retired.aborted_unfriendly:u	498	0	0
rtm_retired.aborted_unfriendly:u	499	0	0
rtm_retired.aborted_unfriendly:u	500	0	0
rtm_retired.aborted_unfriendly:u	501	0	0
rtm_retired.aborted_unfriendly:u	502	0	0
rtm_retired.aborted_unfriendly:u	503	0	0
rtm_retired.aborted_unfriendly:u	504	0	0
rtm_retired.aborted_unfriendly:u	505	0	0
rtm_retired.aborted_unfriendly:u	506	0	0
rtm_retired.aborted_unfriendly:u	507	0	0
rtm_retired.aborted_unfriendly:u	508	0	0
rtm_retired.aborted_unfriendly:u	509	0	0
rtm_retired.aborted_unfriendly:u	510	0	0
rtm_retired.aborted_unfriendly:u	511	0	0
rtm_retired.aborted_unfriendly:u	512	0	0
rtm_retired.aborted_unfriendly:u	513	0	0
rtm_retired.aborted_unfriendly:u	514	0	0
rtm_retired.aborted_unfriendly:u	515	0	0
rtm_retired.aborted_unfriendly:u	516	0	0
rtm_retired.aborted_unfriendly:u	517	0	0
rtm_retired.aborted_unfriendly:u	518	0	0
rtm_retired.aborted_unfriendly:u	519	0	0
rtm_retired.aborted_unfriendly:u	520	0	0
rtm_retired.aborted_unfriendly:u	521	0	0
rtm_retired.aborted_unfriendly:u	522	0	0
rtm_retired.aborted_unfriendly:u	523	0	0
rtm_retired.aborted_unfriendly:u	524	0	0
rtm_retired.aborted_unfriendly:u	525	0	0
rtm_retired.aborted_unfriendly:u	526	0	0
rtm_retired.aborted_unfriendly:u	527	0	0
rtm_retired.aborted_unfriendly:u	528	0	0
rtm_retired.aborted_unfriendly:u	529	0	0
rtm_retired.aborted_unfriendly:u	530	0	0
rtm_retired.aborted_unfriendly:u	531	0	0
rtm_retired.aborted_unfriendly:u	532	0	0
rtm_retired.aborted_unfriendly:u	533	0	0
rtm_retired.aborted_unfriendly:u	534	0	0
rtm_retired.aborted_unfriendly:u	535	0	0
rtm_retired.aborted_unfriendly:u	536	0	0
rtm_retired.aborted_unfriendly:u	537	0	0
rtm_retired.aborted_unfriendly:u	538	0	0
rtm_retired.aborted_unfriendly:u	539	0	0
rtm_retired.aborted_unfriendly:u	540	0	0
rtm_retired.aborted_unfriendly:u	541	0	0
rtm_retired.aborted_unfriendly:u	542	0	0
rtm_retired.aborted_unfriendly:u	543	0	0
rtm_retired.aborted_unfriendly:u	544	0	0
rtm_retired.aborted_unfriendly:u	545	0	0
rtm_retired.aborted_unfriendly:u	546	0	0
rtm_retired.aborted_unfriendly:u	547	0	0
rtm_retired.aborted_unfriendly:u	548	0	0
rtm_retired.aborted_unfriendly:u	549	0	0
rtm_retired.aborted_unfriendly:u	550	0	0
rtm_retired.aborted_unfriendly:u	551	0	0
rtm_retired.aborted_unfriendly:u	552	0	0
rtm_retired.aborted_unfriendly:u	553	0	0
rtm_retired.aborted_unfriendly:u	554	0	0
rtm_retired.aborted_unfriendly:u	555	0	0
rtm_retired.aborted_unfriendly:u	556	0	0
rtm_retired.aborted_unfriendly:u	557	0	0
rtm_retired.aborted_unfriendly:u	558	0	0
rtm_retired.aborted_unfriendly:u	559	0	0
rtm_retired.aborted_unfriendly:u	560	0	0
rtm_retired.aborted_unfriendly:u	561	0	0
rtm_retired.aborted_unfriendly:u	562	0	0
rtm_retired.aborted_unfriendly:u	563	0	0
rtm_retired.aborted_unfriendly:u	564	0	0
rtm_retired.aborted_unfriendly:u	565	0	0
rtm_retired.aborted_unfriendly:u	566	0	0
rtm_retired.aborted_unfriendly:u	567	0	0
rtm_retired.aborted_unfriendly:u	568	0	0
rtm_retired.aborted_unfriendly:u	569	0	0
rtm_retired.aborted_unfriendly:u	570	0	0
rtm_retired.aborted_unfriendly:u	571	0	0
rtm_retired.aborted_unfriendly:u	572	0	0
rtm_retired.aborted_unfriendly:u	573	0	0
rtm_retired.aborted_unfriendly:u	574	0	0
rtm_retired.aborted_unfriendly:u	575	0	0
rtm_retired.aborted_unfriendly:u	576	0	0
rtm_retired.aborted_unfriendly:u	577	0	0
rtm_retired.aborted_unfriendly:u	578	0	0
rtm_retired.aborted_unfriendly:u	579	0	0
rtm_retired.aborted_unfriendly:u	580	0	0
rtm_retired.aborted_unfriendly:u	581	0	0
rtm_retired.aborted_unfriendly:u	582	0	0
rtm_retired.aborted_unfriendly:u	583	0	0
rtm_retired.aborted_unfriendly:u	584	0	0
rtm_retired.aborted_unfriendly:u	585	0	0
rtm_retired.aborted_unfriendly:u	586	0	0
rtm_retired.aborted_unfriendly:u	587	0	0
rtm_retired.aborted_unfriendly:u	588	0	0
rtm_retired.aborted_unfriendly:u	589	0	0
rtm_retired.aborted_unfriendly:u	590	0	0
rtm_retired.aborted_unfriendly:u	591	0	0
rtm_retired.aborted_unfriendly:u	592	0	0
rtm_retired.aborted_unfriendly:u	593	0	0
rtm_retired.aborted_unfriendly:u	594	0	0
rtm_retired.aborted_unfriendly:u	595	0	0
rtm_retired.aborted_unfriendly:u	596	0	0
rtm_retired.aborted_unfriendly:u	597	0	0
rtm_retired.aborted_unfriendly:u	598	0	0
rtm_retired.aborted_unfriendly:u	599	0	0
rtm_retired.aborted_unfriendly:u	600	0	0
rtm_retired.aborted_unfriendly:u	601	0	0
rtm_retired.aborted_unfriendly:u	602	0	0
rtm_retired.aborted_unfriendly:u	603	0	0
rtm_retired.aborted_unfriendly:u	604	0	0
rtm_retired.aborted_unfriendly:u	605	0	0
rtm_retired.aborted_unfriendly:u	606	0	0
rtm_retired.aborted_unfriendly:u	607	0	0
rtm_retired.aborted_unfriendly:u	608	0	0
rtm_retired.aborted_unfriendly:u	609	0	0
rtm_retired.aborted_unfriendly:u	610	0	0
rtm_retired.aborted_unfriendly:u	611	0	0
rtm_retired.aborted_unfriendly:u	612	0	0
rtm_retired.aborted_unfriendly:u	613	0	0
rtm_retired.aborted_unfriendly:u	614	0	0
rtm_retired.aborted_unfriendly:u	615	0	0
rtm_retired.aborted_unfriendly:u	616	0	0
rtm_retired.aborted_unfriendly:u	617	0	0
rtm_retired.aborted_unfriendly:u	618	0	0
rtm_retired.aborted_unfriendly:u	619	0	0
rtm_retired.aborted_unfriendly:u	620	0	0
rtm_retired.aborted_unfriendly:u	621	0	0
rtm_retired.aborted_unfriendly:u	622	0	0
rtm_retired.aborted_unfriendly:u	623	0	0
rtm_retired.aborted_unfriendly:u	624	0	0
rtm_retired.aborted_unfriendly:u	625	0	0
rtm_retired.aborted_unfriendly:u	626	0	0
rtm_retired.aborted_unfriendly:u	627	0	0
rtm_retired.aborted_unfriendly:u	628	0	0
rtm_retired.aborted_unfriendly:u	629	0	0
rtm_retired.aborted_unfriendly:u	630	0	0
rtm_retired.aborted_unfriendly:u	631	0	0
rtm_retired.aborted_unfriendly:u	632	0	0
rtm_retired.aborted_unfriendly:u	633	0	0
rtm_retired.aborted_unfriendly:u	634	0	0
rtm_retired.aborted_unfriendly:u	635	0	0
rtm_retired.aborted_unfriendly:u	636	0	0
rtm_retired.aborted_unfriendly:u	637	0	0
rtm_retired.aborted_unfriendly:u	638	0	0
rtm_retired.aborted_unfriendly:u	639	0	0
rtm_retired.aborted_unfriendly:u	640	0	0
rtm_retired.aborted_unfriendly:u	641	0	0
rtm_retired.aborted_unfriendly:u	642	0	0
rtm_retired.aborted_unfriendly:u	643	0	0
rtm_retired.aborted_unfriendly:u	644	0	0
rtm_retired.aborted_unfriendly:u	645	0	0
rtm_retired.aborted_unfriendly:u	646	0	0
rtm_retired.aborted_unfriendly:u	647	0	0
rtm_retired.aborted_unfriendly:u	648	0	0
rtm_retired.aborted_unfriendly:u	649	0	0
rtm_retired.aborted_unfriendly:u	650	0	0
rtm_retired.aborted_unfriendly:u	651	0	0
rtm_retired.aborted_unfriendly:u	652	0	0
rtm_retired.aborted_unfriendly:u	653	0	0
rtm_retired.aborted_unfriendly:u	654	0	0
rtm_retired.aborted_unfriendly:u	655	0	0
rtm_retired.aborted_unfriendly:u	656	0	0
rtm_retired.aborted_unfriendly:u	657	0	0
rtm_retired.aborted_unfriendly:u	658	0	0
rtm_retired.aborted_unfriendly:u	659	0	0
rtm_retired.aborted_unfriendly:u	660	0	0
rtm_retired.aborted_unfriendly:u	661	0	0
rtm_retired.aborted_unfriendly:u	662	0	0
rtm_retired.aborted_unfriendly:u	663	0	0
rtm_retired.aborted_unfriendly:u	664	0	0
rtm_retired.aborted_unfriendly:u	665	0	0
rtm_retired.aborted_unfriendly:u	666	0	0
rtm_retired.aborted_unfriendly:u	667	0	0
rtm_retired.aborted_unfriendly:u	668	0	0
rtm_retired.aborted_unfriendly:u	669	0	0
rtm_retired.aborted_unfriendly:u	670	0	0
rtm_retired.aborted_unfriendly:u	671	0	0
rtm_retired.aborted_unfriendly:u	672	0	0
rtm_retired.aborted_unfriendly:u	673	0	0
rtm_retired.aborted_unfriendly:u	674	0	0
rtm_retired.aborted_unfriendly:u	675	0	0
rtm_retired.aborted_unfriendly:u	676	0	0
rtm_retired.aborted_unfriendly:u	677	0	0
rtm_retired.aborted_unfriendly:u	678	0	0
rtm_retired.aborted_unfriendly:u	679	0	0
rtm_retired.aborted_unfriendly:u	680	0	0
rtm_retired.aborted_unfriendly:u	681	0	0
rtm_retired.aborted_unfriendly:u	682	0	0
rtm_retired.aborted_unfriendly:u	683	0	0
rtm_retired.aborted_unfriendly:u	684	0	0
rtm_retired.aborted_unfriendly:u	685	0	0
rtm_retired.aborted_unfriendly:u	686	0	0
rtm_retired.aborted_unfriendly:u	687	0	0
rtm_retired.aborted_unfriendly:u	688	0	0
rtm_retired.aborted_unfriendly:u	689	0	0
rtm_retired.aborted_unfriendly:u	690	0	0
rtm_retired.aborted_unfriendly:u	691	0	0
rtm_retired.aborted_unfriendly:u	692	0	0
rtm_retired.aborted_unfriendly:u	693	0	0
rtm_retired.aborted_unfriendly:u	694	0	0
rtm_retired.aborted_unfriendly:u	695	0	0
rtm_retired.aborted_unfriendly:u	696	0	0
rtm_retired.aborted_unfriendly:u	697	0	0
rtm_retired.aborted_unfriendly:u	698	0	0
rtm_retired.aborted_unfriendly:u	699	0	0
rtm_retired.aborted_unfriendly:u	700	0	0
rtm_retired.aborted_unfriendly:u	701	0	0
rtm_retired.aborted_unfriendly:u	702	0	0
rtm_retired.aborted_unfriendly:u	703	0	0
rtm_retired.aborted_unfriendly:u	704	0	0
rtm_retired.aborted_unfriendly:u	705	0	0
rtm_retired.aborted_unfriendly:u	706	0	0
rtm_retired.aborted_unfriendly:u	707	0	0
rtm_retired.aborted_unfriendly:u	708	0	0
rtm_retired.aborted_unfriendly:u	709	0	0
rtm_retired.aborted_unfriendly:u	710	0	0
rtm_retired.aborted_unfriendly:u	711	0	0
rtm_retired.aborted_unfriendly:u	712	0	0
rtm_retired.aborted_unfriendly:u	713	0	0
rtm_retired.aborted_unfriendly:u	714	0	0
rtm_retired.aborted_unfriendly:u	715	0	0
rtm_retired.aborted_unfriendly:u	716	0	0
rtm_retired.aborted_unfriendly:u	717	0	0
rtm_retired.aborted_unfriendly:u	718	0	0
rtm_retired.aborted_unfriendly:u	719	0	0
rtm_retired.aborted_unfriendly:u	720	0	0
rtm_retired.aborted_unfriendly:u	721	0	0
rtm_retired.aborted_unfriendly:u	722	0	0
rtm_retired.aborted_unfriendly:u	723	0	0
rtm_retired.aborted_unfriendly:u	724	0	0
rtm_retired.aborted_unfriendly:u	725	0	0
rtm_retired.aborted_unfriendly:u	726	0	0
rtm_retired.aborted_unfriendly:u	727	0	0
rtm_retired.aborted_unfriendly:u	728	0	0
rtm_retired.aborted_unfriendly:u	729	0	0
rtm_retired.aborted_unfriendly:u	730	0	0
rtm_retired.aborted_unfriendly:u	731	0	0
rtm_retired.aborted_unfriendly:u	732	0	0
rtm_retired.aborted_unfriendly:u	733	0	0
rtm_retired.aborted_unfriendly:u	734	0	0
rtm_retired.aborted_unfriendly:u	735	0	0
rtm_retired.aborted_unfriendly:u	736	0	0
rtm_retired.aborted_unfriendly:u	737	0	0
rtm_retired.aborted_unfriendly:u	738	0	0
rtm_retired.aborted_unfriendly:u	739	0	0
rtm_retired.aborted_unfriendly:u	740	0	0
rtm_retired.aborted_unfriendly:u	741	0	0
rtm_retired.aborted_unfriendly:u	742	0	0
rtm_retired.aborted_unfriendly:u	743	0	0
rtm_retired.aborted_unfriendly:u	744	0	0
rtm_retired.aborted_unfriendly:u	745	0	0
rtm_retired.aborted_unfriendly:u	746	0	0
rtm_retired.aborted_unfriendly:u	747	0	0
rtm_retired.aborted_unfriendly:u	748	0	0
rtm_retired.aborted_unfriendly:u	749	0	0
rtm_retired.aborted_unfriendly:u	750	0	0
rtm_retired.aborted_unfriendly:u	751	0	0
rtm_retired.aborted_unfriendly:u	752	0	0
rtm_retired.aborted_unfriendly:u	753	0	0
rtm_retired.aborted_unfriendly:u	754	0	0
rtm_retired.aborted_unfriendly:u	755	0	0
rtm_retired.aborted_unfriendly:u	756	0	0
rtm_retired.aborted_unfriendly:u	757	0	0
rtm_retired.aborted_unfriendly:u	758	0	0
rtm_retired.aborted_unfriendly:u	759	0	0
rtm_retired.aborted_unfriendly:u	760	0	0
rtm_retired.aborted_unfriendly:u	761	0	0
rtm_retired.aborted_unfriendly:u	762	0	0
rtm_retired.aborted_unfriendly:u	763	0	0
rtm_retired.aborted_unfriendly:u	764	0	0
rtm_retired.aborted_unfriendly:u	765	0	0
rtm_retired.aborted_unfriendly:u	766	0	0
rtm_retired.aborted_unfriendly:u	767	0	0
rtm_retired.aborted_unfriendly:u	768	0	0
rtm_retired.aborted_unfriendly:u	769	0	0
rtm_retired.aborted_unfriendly:u	770	0	0
rtm_retired.aborted_unfriendly:u	771	0	0
rtm_retired.aborted_unfriendly:u	772	0	0
rtm_retired.aborted_unfriendly:u	773	0	0
rtm_retired.aborted_unfriendly:u	774	0	0
rtm_retired.aborted_unfriendly:u	775	0	0
rtm_retired.aborted_unfriendly:u	776	0	0
rtm_retired.aborted_unfriendly:u	777	0	0
rtm_retired.aborted_unfriendly:u	778	0	0
rtm_retired.aborted_unfriendly:u	779	0	0
rtm_retired.aborted_unfriendly:u	780	0	0
rtm_retired.aborted_unfriendly:u	781	0	0
rtm_retired.aborted_unfriendly:u	782	0	0
rtm_retired.aborted_unfriendly:u	783	0	0
rtm_retired.aborted_unfriendly:u	784	0	0
rtm_retired.aborted_unfriendly:u	785	0	0
rtm_retired.aborted_unfriendly:u	786	0	0
rtm_retired.aborted_unfriendly:u	787	0	0
rtm_retired.aborted_unfriendly:u	788	0	0
rtm_retired.aborted_unfriendly:u	789	0	0
rtm_retired.aborted_unfriendly:u	790	0	0
rtm_retired.aborted_unfriendly:u	791	0	0
rtm_retired.aborted_unfriendly:u	792	0	0
rtm_retired.aborted_unfriendly:u	793	0	0
rtm_retired.aborted_unfriendly:u	794	0	0
rtm_retired.aborted_unfriendly:u	795	0	0
rtm_retired.aborted_unfriendly:u	796	0	0
rtm_retired.aborted_unfriendly:u	797	0	0
rtm_retired.aborted_unfriendly:u	798	0	0
rtm_retired.aborted_unfriendly:u	799	0	0
rtm_retired.aborted_unfriendly:u	800	0	0
rtm_retired.aborted_unfriendly:u	801	0	0
rtm_retired.aborted_unfriendly:u	802	0	0
rtm_retired.aborted_unfriendly:u	803	0	0
rtm_retired.aborted_unfriendly:u	804	0	0
rtm_retired.aborted_unfriendly:u	805	0	0
rtm_retired.aborted_unfriendly:u	806	0	0
rtm_retired.aborted_unfriendly:u	807	0	0
rtm_retired.aborted_unfriendly:u	808	0	0
rtm_retired.aborted_unfriendly:u	809	0	0
rtm_retired.aborted_unfriendly:u	810	0	0
rtm_retired.aborted_unfriendly:u	811	0	0
rtm_retired.aborted_unfriendly:u	812	0	0
rtm_retired.aborted_unfriendly:u	813	0	0
rtm_retired.aborted_unfriendly:u	814	0	0
rtm_retired.aborted_unfriendly:u	815	0	0
rtm_retired.aborted_unfriendly:u	816	0	0
rtm_retired.aborted_unfriendly:u	817	0	0
rtm_retired.aborted_unfriendly:u	818	0	0
rtm_retired.aborted_unfriendly:u	819	0	0
rtm_retired.aborted_unfriendly:u	820	0	0
rtm_retired.aborted_unfriendly:u	821	0	0
rtm_retired.aborted_unfriendly:u	822	0	0
rtm_retired.aborted_unfriendly:u	823	0	0
rtm_retired.aborted_unfriendly:u	824	0	0
rtm_retired.aborted_unfriendly:u	825	0	0
rtm_retired.aborted_unfriendly:u	826	0	0
rtm_retired.aborted_unfriendly:u	827	0	0
rtm_retired.aborted_unfriendly:u	828	0	0
rtm_retired.aborted_unfriendly:u	829	0	0
rtm_retired.aborted_unfriendly:u	830	0	0
rtm_retired.aborted_unfriendly:u	831	0	0
rtm_retired.aborted_unfriendly:u	832	0	0
rtm_retired.aborted_unfriendly:u	833	0	0
rtm_retired.aborted_unfriendly:u	834	0	0
rtm_retired.aborted_unfriendly:u	835	0	0
rtm_retired.aborted_unfriendly:u	836	0	0
rtm_retired.aborted_unfriendly:u	837	0	0
rtm_retired.aborted_unfriendly:u	838	0	0
rtm_retired.aborted_unfriendly:u	839	0	0
rtm_retired.aborted_unfriendly:u	840	0	0
rtm_retired.aborted_unfriendly:u	841	0	0
rtm_retired.aborted_unfriendly:u	842	0	0
rtm_retired.aborted_unfriendly:u	843	0	0
rtm_retired.aborted_unfriendly:u	844	0	0
rtm_retired.aborted_unfriendly:u	845	0	0
rtm_retired.aborted_unfriendly:u	846	0	0
rtm_retired.aborted_unfriendly:u	847	0	0
rtm_retired.aborted_unfriendly:u	848	0	0
rtm_retired.aborted_unfriendly:u	849	0	0
rtm_retired.aborted_unfriendly:u	850	0	0
rtm_retired.aborted_unfriendly:u	851	0	0
rtm_retired.aborted_unfriendly:u	852	0	0
rtm_retired.aborted_unfriendly:u	853	0	0
rtm_retired.aborted_unfriendly:u	854	0	0
rtm_retired.aborted_unfriendly:u	855	0	0
rtm_retired.aborted_unfriendly:u	856	0	0
rtm_retired.aborted_unfriendly:u	857	0	0
rtm_retired.aborted_unfriendly:u	858	0	0
rtm_retired.aborted_unfriendly:u	859	0	0
rtm_retired.aborted_unfriendly:u	860	0	0
rtm_retired.aborted_unfriendly:u	861	0	0
rtm_retired.aborted_unfriendly:u	862	0	0
rtm_retired.aborted_unfriendly:u	863	0	0
rtm_retired.aborted_unfriendly:u	864	0	0
rtm_retired.aborted_unfriendly:u	865	0	0
rtm_retired.aborted_unfriendly:u	866	0	0
rtm_retired.aborted_unfriendly:u	867	0	0
rtm_retired.aborted_unfriendly:u	868	0	0
rtm_retired.aborted_unfriendly:u	869	0	0
rtm_retired.aborted_unfriendly:u	870	0	0
rtm_retired.aborted_unfriendly:u	871	0	0
rtm_retired.aborted_unfriendly:u	872	0	0
rtm_retired.aborted_unfriendly:u	873	0	0
rtm_retired.aborted_unfriendly:u	874	0	0
rtm_retired.aborted_unfriendly:u	875	0	0
rtm_retired.aborted_unfriendly:u	876	0	0
rtm_retired.aborted_unfriendly:u	877	0	0
rtm_retired.aborted_unfriendly:u	878	0	0
rtm_retired.aborted_unfriendly:u	879	0	0
rtm_retired.aborted_unfriendly:u	880	0	0
rtm_retired.aborted_unfriendly:u	881	0	0
rtm_retired.aborted_unfriendly:u	882	0	0
rtm_retired.aborted_unfriendly:u	883	0	0
rtm_retired.aborted_unfriendly:u	884	0	0
rtm_retired.aborted_unfriendly:u	885	0	0
rtm_retired.aborted_unfriendly:u	886	0	0
rtm_retired.aborted_unfriendly:u	887	0	0
rtm_retired.aborted_unfriendly:u	888	0	0
rtm_retired.aborted_unfriendly:u	889	0	0
rtm_retired.aborted_unfriendly:u	890	0	0
rtm_retired.aborted_unfriendly:u	891	0	0
rtm_retired.aborted_unfriendly:u	892	0	0
rtm_retired.aborted_unfriendly:u	893	0	0
rtm_retired.aborted_unfriendly:u	894	0	0
rtm_retired.aborted_unfriendly:u	895	0	0
rtm_retired.aborted_unfriendly:u	896	0	0
rtm_retired.aborted_unfriendly:u	897	0	0
rtm_retired.aborted_unfriendly:u	898	0	0
rtm_retired.aborted_unfriendly:u	899	0	0
rtm_retired.aborted_unfriendly:u	900	0	0
rtm_retired.aborted_unfriendly:u	901	0	0
rtm_retired.aborted_unfriendly:u	902	0	0
rtm_retired.aborted_unfriendly:u	903	0	0
rtm_retired.aborted_unfriendly:u	904	0	0
rtm_retired.aborted_unfriendly:u	905	0	0
rtm_retired.aborted_unfriendly:u	906	0	0
rtm_retired.aborted_unfriendly:u	907	0	0
rtm_retired.aborted_unfriendly:u	908	0	0
rtm_retired.aborted_unfriendly:u	909	0	0
rtm_retired.aborted_unfriendly:u	910	0	0
rtm_retired.aborted_unfriendly:u	911	0	0
rtm_retired.aborted_unfriendly:u	912	0	0
rtm_retired.aborted_unfriendly:u	913	0	0
rtm_retired.aborted_unfriendly:u	914	0	0
rtm_retired.aborted_unfriendly:u	915	0	0
rtm_retired.aborted_unfriendly:u	916	0	0
rtm_retired.aborted_unfriendly:u	917	0	0
rtm_retired.aborted_unfriendly:u	918	0	0
rtm_retired.aborted_unfriendly:u	919	0	0
rtm_retired.aborted_unfriendly:u	920	0	0
rtm_retired.aborted_unfriendly:u	921	0	0
rtm_retired.aborted_unfriendly:u	922	0	0
rtm_retired.aborted_unfriendly:u	923	0	0
rtm_retired.aborted_unfriendly:u	924	0	0
rtm_retired.aborted_unfriendly:u	925	0	0
rtm_retired.aborted_unfriendly:u	926	0	0
rtm_retired.aborted_unfriendly:u	927	0	0
rtm_retired.aborted_unfriendly:u	928	0	0
rtm_retired.aborted_unfriendly:u	929	0	0
rtm_retired.aborted_unfriendly:u	930	0	0
rtm_retired.aborted_unfriendly:u	931	0	0
rtm_retired.aborted_unfriendly:u	932	0	0
rtm_retired.aborted_unfriendly:u	933	0	0
rtm_retired.aborted_unfriendly:u	934	0	0
rtm_retired.aborted_unfriendly:u	935	0	0
rtm_retired.aborted_unfriendly:u	936	0	0
rtm_retired.aborted_unfriendly:u	937	0	0
rtm_retired.aborted_unfriendly:u	938	0	0
rtm_retired.aborted_unfriendly:u	939	0	0
rtm_retired.aborted_unfriendly:u	940	0	0
rtm_retired.aborted_unfriendly:u	941	0	0
rtm_retired.aborted_unfriendly:u	942	0	0
rtm_retired.aborted_unfriendly:u	943	0	0
rtm_retired.aborted_unfriendly:u	944	0	0
rtm_retired.aborted_unfriendly:u	945	0	0
rtm_retired.aborted_unfriendly:u	946	0	0
rtm_retired.aborted_unfriendly:u	947	0	0
rtm_retired.aborted_unfriendly:u	948	0	0
rtm_retired.aborted_unfriendly:u	949	0	0
rtm_retired.aborted_unfriendly:u	950	0	0
rtm_retired.aborted_unfriendly:u	951	0	0
rtm_retired.aborted_unfriendly:u	952	0	0
rtm_retired.aborted_unfriendly:u	953	0	0
rtm_retired.aborted_unfriendly:u	954	0	0
rtm_retired.aborted_unfriendly:u	955	0	0
rtm_retired.aborted_unfriendly:u	956	0	0
rtm_retired.aborted_unfriendly:u	957	0	0
rtm_retired.aborted_unfriendly:u	958	0	0
rtm_retired.aborted_unfriendly:u	959	0	0
rtm_retired.aborted_unfriendly:u	960	0	0
rtm_retired.aborted_unfriendly:u	961	0	0
rtm_retired.aborted_unfriendly:u	962	0	0
rtm_retired.aborted_unfriendly:u	963	0	0
rtm_retired.aborted_unfriendly:u	964	0	0
rtm_retired.aborted_unfriendly:u	965	0	0
rtm_retired.aborted_unfriendly:u	966	0	0
rtm_retired.aborted_unfriendly:u	967	0	0
rtm_retired.aborted_unfriendly:u	968	0	0
rtm_retired.aborted_unfriendly:u	969	0	0
rtm_retired.aborted_unfriendly:u	970	0	0
rtm_retired.aborted_unfriendly:u	971	0	0
rtm_retired.aborted_unfriendly:u	972	0	0
rtm_retired.aborted_unfriendly:u	973	0	0
rtm_retired.aborted_unfriendly:u	974	0	0
rtm_retired.aborted_unfriendly:u	975	0	0
rtm_retired.aborted_unfriendly:u	976	0	0
rtm_retired.aborted_unfriendly:u	977	0	0
rtm_retired.aborted_unfriendly:u	978	0	0
rtm_retired.aborted_unfriendly:u	979	0	0
rtm_retired.aborted_unfriendly:u	980	0	0
rtm_retired.aborted_unfriendly:u	981	0	0
rtm_retired.aborted_unfriendly:u	982	0	0
rtm_retired.aborted_unfriendly:u	983	0	0
rtm_retired.aborted_unfriendly:u	984	0	0
rtm_retired.aborted_unfriendly:u	985	0	0
rtm_retired.aborted_unfriendly:u	986	0	0
rtm_retired.aborted_unfriendly:u	987	0	0
rtm_retired.aborted_unfriendly:u	988	0	0
rtm_retired.aborted_unfriendly:u	989	0	0
rtm_retired.aborted_unfriendly:u	990	0	0
rtm_retired.aborted_unfriendly:u	991	0	0
rtm_retired.aborted_unfriendly:u	992	0	0
rtm_retired.aborted_unfriendly:u	993	0	0
rtm_retired.aborted_unfriendly:u	994	0	0
rtm_retired.aborted_unfriendly:u	995	0	0
rtm_retired.aborted_unfriendly:u	996	0	0
rtm_retired.aborted_unfriendly:u	997	0	0
rtm_retired.aborted_unfriendly:u	998	0	0
rtm_retired.aborted_unfriendly:u	999	0	0
rtm_retired.aborted_unfriendly:u	1000	0	0
core_snoop_response.rsp_ifwdfe:u	1	4323	0
core_snoop_response.rsp_ifwdfe:u	2	3685	0
br_inst_retired.not_taken:u	1	2400016	0
br_inst_retired.not_taken:u	2	2400016	0
br_inst_retired.not_taken:u	3	2400016	0
br_inst_retired.not_taken:u	4	2400016	0
br_inst_retired.not_taken:u	5	2400016	0
br_inst_retired.not_taken:u	6	2400016	0
br_inst_retired.not_taken:u	7	2400016	0
br_inst_retired.not_taken:u	8	2400016	0
br_inst_retired.not_taken:u	9	2400016	0
br_inst_retired.not_taken:u	10	2400016	0
br_inst_retired.not_taken:u	11	2400016	0
br_inst_retired.not_taken:u	12	2400016	0
br_inst_retired.not_taken:u	13	2400016	0
br_inst_retired.not_taken:u	14	2400016	0
br_inst_retired.not_taken:u	15	2400016	0
br_inst_retired.not_taken:u	16	2400016	0
br_inst_retired.not_taken:u	17	2400016	0
br_inst_retired.not_taken:u	18	2400016	0
br_inst_retired.not_taken:u	19	2400016	0
br_inst_retired.not_taken:u	20	2400016	0
br_inst_retired.not_taken:u	21	2400016	0
br_inst_retired.not_taken:u	22	2400016	0
br_inst_retired.not_taken:u	23	2400016	0
br_inst_retired.not_taken:u	24	2400016	0
br_inst_retired.not_taken:u	25	2400016	0
br_inst_retired.not_taken:u	26	2400016	0
br_inst_retired.not_taken:u	27	2400016	0
br_inst_retired.not_taken:u	28	2400016	0
br_inst_retired.not_taken:u	29	2400016	0
br_inst_retired.not_taken:u	30	2400016	0
br_inst_retired.not_taken:u	31	2400016	0
br_inst_retired.not_taken:u	32	2400016	0
br_inst_retired.not_taken:u	33	2400016	0
br_inst_retired.not_taken:u	34	2400016	0
br_inst_retired.not_taken:u	35	2400016	0
br_inst_retired.not_taken:u	36	2400016	0
br_inst_retired.not_taken:u	37	2400016	0
br_inst_retired.not_taken:u	38	2400016	0
br_inst_retired.not_taken:u	39	2400016	0
br_inst_retired.not_taken:u	40	2400016	0
br_inst_retired.not_taken:u	41	2400016	0
br_inst_retired.not_taken:u	42	2400016	0
br_inst_retired.not_taken:u	43	2400016	0
br_inst_retired.not_taken:u	44	2400016	0
br_inst_retired.not_taken:u	45	2400016	0
br_inst_retired.not_taken:u	46	2400016	0
br_inst_retired.not_taken:u	47	2400016	0
br_inst_retired.not_taken:u	48	2400016	0
br_inst_retired.not_taken:u	49	2400016	0
br_inst_retired.not_taken:u	50	2400016	0
br_inst_retired.not_taken:u	51	2400016	0
br_inst_retired.not_taken:u	52	2400016	0
br_inst_retired.not_taken:u	53	2400016	0
br_inst_retired.not_taken:u	54	2400016	0
br_inst_retired.not_taken:u	55	2400016	0
br_inst_retired.not_taken:u	56	2400016	0
br_inst_retired.not_taken:u	57	2400016	0
br_inst_retired.not_taken:u	58	2400016	0
br_inst_retired.not_taken:u	59	2400016	0
br_inst_retired.not_taken:u	60	2400016	0
br_inst_retired.not_taken:u	61	2400016	0
br_inst_retired.not_taken:u	62	2400016	0
br_inst_retired.not_taken:u	63	2400016	0
br_inst_retired.not_taken:u	64	2400016	0
br_inst_retired.not_taken:u	65	2400016	0
br_inst_retired.not_taken:u	66	2400016	0
br_inst_retired.not_taken:u	67	2400016	0
br_inst_retired.not_taken:u	68	2400016	0
br_inst_retired.not_taken:u	69	2400016	0
br_inst_retired.not_taken:u	70	2400016	0
br_inst_retired.not_taken:u	71	2400016	0
br_inst_retired.not_taken:u	72	2400016	0
br_inst_retired.not_taken:u	73	2400016	0
br_inst_retired.not_taken:u	74	2400016	0
br_inst_retired.not_taken:u	75	2400016	0
br_inst_retired.not_taken:u	76	2400016	0
br_inst_retired.not_taken:u	77	2400016	0
br_inst_retired.not_taken:u	78	2400016	0
br_inst_retired.not_taken:u	79	2400016	0
br_inst_retired.not_taken:u	80	2400016	0
br_inst_retired.not_taken:u	81	2400016	0
br_inst_retired.not_taken:u	82	2400016	0
br_inst_retired.not_taken:u	83	2400016	0
br_inst_retired.not_taken:u	84	2400016	0
br_inst_retired.not_taken:u	85	2400016	0
br_inst_retired.not_taken:u	86	2400016	0
br_inst_retired.not_taken:u	87	2400016	0
br_inst_retired.not_taken:u	88	2400016	0
br_inst_retired.not_taken:u	89	2400016	0
br_inst_retired.not_taken:u	90	2400016	0
br_inst_retired.not_taken:u	91	2400016	0
br_inst_retired.not_taken:u	92	2400016	0
br_inst_retired.not_taken:u	93	2400016	0
br_inst_retired.not_taken:u	94	2400016	0
br_inst_retired.not_taken:u	95	2400016	0
br_inst_retired.not_taken:u	96	2400016	0
br_inst_retired.not_taken:u	97	2400016	0
br_inst_retired.not_taken:u	98	2400016	0
br_inst_retired.not_taken:u	99	2400016	0
br_inst_retired.not_taken:u	100	2400016	0
br_inst_retired.not_taken:u	101	2400016	0
br_inst_retired.not_taken:u	102	2400016	0
br_inst_retired.not_taken:u	103	2400016	0
br_inst_retired.not_taken:u	104	2400016	0
br_inst_retired.not_taken:u	105	2400016	0
br_inst_retired.not_taken:u	106	2400016	0
br_inst_retired.not_taken:u	107	2400016	0
br_inst_retired.not_taken:u	108	2400016	0
br_inst_retired.not_taken:u	109	2400016	0
br_inst_retired.not_taken:u	110	2400016	0
br_inst_retired.not_taken:u	111	2400016	0
br_inst_retired.not_taken:u	112	2400016	0
br_inst_retired.not_taken:u	113	2400016	0
br_inst_retired.not_taken:u	114	2400016	0
br_inst_retired.not_taken:u	115	2400016	0
br_inst_retired.not_taken:u	116	2400016	0
br_inst_retired.not_taken:u	117	2400016	0
br_inst_retired.not_taken:u	118	2400016	0
br_inst_retired.not_taken:u	119	2400016	0
br_inst_retired.not_taken:u	120	2400016	0
br_inst_retired.not_taken:u	121	2400016	0
br_inst_retired.not_taken:u	122	2400016	0
br_inst_retired.not_taken:u	123	2400016	0
br_inst_retired.not_taken:u	124	2400016	0
br_inst_retired.not_taken:u	125	2400016	0
br_inst_retired.not_taken:u	126	2400016	0
br_inst_retired.not_taken:u	127	2400016	0
br_inst_retired.not_taken:u	128	2400016	0
br_inst_retired.not_taken:u	129	2400016	0
br_inst_retired.not_taken:u	130	2400016	0
br_inst_retired.not_taken:u	131	2400016	0
br_inst_retired.not_taken:u	132	2400016	0
br_inst_retired.not_taken:u	133	2400016	0
br_inst_retired.not_taken:u	134	2400016	0
br_inst_retired.not_taken:u	135	2400016	0
br_inst_retired.not_taken:u	136	2400016	0
br_inst_retired.not_taken:u	137	2400016	0
br_inst_retired.not_taken:u	138	2400016	0
br_inst_retired.not_taken:u	139	2400016	0
br_inst_retired.not_taken:u	140	2400016	0
br_inst_retired.not_taken:u	141	2400016	0
br_inst_retired.not_taken:u	142	2400016	0
br_inst_retired.not_taken:u	143	2400016	0
br_inst_retired.not_taken:u	144	2400016	0
br_inst_retired.not_taken:u	145	2400016	0
br_inst_retired.not_taken:u	146	2400016	0
br_inst_retired.not_taken:u	147	2400016	0
br_inst_retired.not_taken:u	148	2400016	0
br_inst_retired.not_taken:u	149	2400016	0
br_inst_retired.not_taken:u	150	2400016	0
br_inst_retired.not_taken:u	151	2400016	0
br_inst_retired.not_taken:u	152	2400016	0
br_inst_retired.not_taken:u	153	2400016	0
br_inst_retired.not_taken:u	154	2400016	0
br_inst_retired.not_taken:u	155	2400016	0
br_inst_retired.not_taken:u	156	2400016	0
br_inst_retired.not_taken:u	157	2400016	0
br_inst_retired.not_taken:u	158	2400016	0
br_inst_retired.not_taken:u	159	2400016	0
br_inst_retired.not_taken:u	160	2400016	0
br_inst_retired.not_taken:u	161	2400016	0
br_inst_retired.not_taken:u	162	2400016	0
br_inst_retired.not_taken:u	163	2400016	0
br_inst_retired.not_taken:u	164	2400016	0
br_inst_retired.not_taken:u	165	2400016	0
br_inst_retired.not_taken:u	166	2400016	0
br_inst_retired.not_taken:u	167	2400016	0
br_inst_retired.not_taken:u	168	2400016	0
br_inst_retired.not_taken:u	169	2400016	0
br_inst_retired.not_taken:u	170	2400016	0
br_inst_retired.not_taken:u	171	2400016	0
br_inst_retired.not_taken:u	172	2400016	0
br_inst_retired.not_taken:u	173	2400016	0
br_inst_retired.not_taken:u	174	2400016	0
br_inst_retired.not_taken:u	175	2400016	0
br_inst_retired.not_taken:u	176	2400016	0
br_inst_retired.not_taken:u	177	2400016	0
br_inst_retired.not_taken:u	178	2400016	0
br_inst_retired.not_taken:u	179	2400016	0
br_inst_retired.not_taken:u	180	2400016	0
br_inst_retired.not_taken:u	181	2400016	0
br_inst_retired.not_taken:u	182	2400016	0
br_inst_retired.not_taken:u	183	2400016	0
br_inst_retired.not_taken:u	184	2400016	0
br_inst_retired.not_taken:u	185	2400016	0
br_inst_retired.not_taken:u	186	2400016	0
br_inst_retired.not_taken:u	187	2400016	0
br_inst_retired.not_taken:u	188	2400016	0
br_inst_retired.not_taken:u	189	2400016	0
br_inst_retired.not_taken:u	190	2400016	0
br_inst_retired.not_taken:u	191	2400016	0
br_inst_retired.not_taken:u	192	2400016	0
br_inst_retired.not_taken:u	193	2400016	0
br_inst_retired.not_taken:u	194	2400016	0
br_inst_retired.not_taken:u	195	2400016	0
br_inst_retired.not_taken:u	196	2400016	0
br_inst_retired.not_taken:u	197	2400016	0
br_inst_retired.not_taken:u	198	2400016	0
br_inst_retired.not_taken:u	199	2400016	0
br_inst_retired.not_taken:u	200	2400016	0
br_inst_retired.not_taken:u	201	2400016	0
br_inst_retired.not_taken:u	202	2400016	0
br_inst_retired.not_taken:u	203	2400016	0
br_inst_retired.not_taken:u	204	2400016	0
br_inst_retired.not_taken:u	205	2400016	0
br_inst_retired.not_taken:u	206	2400016	0
br_inst_retired.not_taken:u	207	2400016	0
br_inst_retired.not_taken:u	208	2400016	0
br_inst_retired.not_taken:u	209	2400016	0
br_inst_retired.not_taken:u	210	2400016	0
br_inst_retired.not_taken:u	211	2400016	0
br_inst_retired.not_taken:u	212	2400016	0
br_inst_retired.not_taken:u	213	2400016	0
br_inst_retired.not_taken:u	214	2400016	0
br_inst_retired.not_taken:u	215	2400016	0
br_inst_retired.not_taken:u	216	2400016	0
br_inst_retired.not_taken:u	217	2400016	0
br_inst_retired.not_taken:u	218	2400016	0
br_inst_retired.not_taken:u	219	2400016	0
br_inst_retired.not_taken:u	220	2400016	0
br_inst_retired.not_taken:u	221	2400016	0
br_inst_retired.not_taken:u	222	2400016	0
br_inst_retired.not_taken:u	223	2400016	0
br_inst_retired.not_taken:u	224	2400016	0
br_inst_retired.not_taken:u	225	2400016	0
br_inst_retired.not_taken:u	226	2400016	0
br_inst_retired.not_taken:u	227	2400016	0
br_inst_retired.not_taken:u	228	2400016	0
br_inst_retired.not_taken:u	229	2400016	0
br_inst_retired.not_taken:u	230	2400016	0
br_inst_retired.not_taken:u	231	2400016	0
br_inst_retired.not_taken:u	232	2400016	0
br_inst_retired.not_taken:u	233	2400016	0
br_inst_retired.not_taken:u	234	2400016	0
br_inst_retired.not_taken:u	235	2400016	0
br_inst_retired.not_taken:u	236	2400016	0
br_inst_retired.not_taken:u	237	2400016	0
br_inst_retired.not_taken:u	238	2400016	0
br_inst_retired.not_taken:u	239	2400016	0
br_inst_retired.not_taken:u	240	2400016	0
br_inst_retired.not_taken:u	241	2400016	0
br_inst_retired.not_taken:u	242	2400016	0
br_inst_retired.not_taken:u	243	2400016	0
br_inst_retired.not_taken:u	244	2400016	0
br_inst_retired.not_taken:u	245	2400016	0
br_inst_retired.not_taken:u	246	2400016	0
br_inst_retired.not_taken:u	247	2400016	0
br_inst_retired.not_taken:u	248	2400016	0
br_inst_retired.not_taken:u	249	2400016	0
br_inst_retired.not_taken:u	250	2400016	0
br_inst_retired.not_taken:u	251	2400016	0
br_inst_retired.not_taken:u	252	2400016	0
br_inst_retired.not_taken:u	253	2400016	0
br_inst_retired.not_taken:u	254	2400016	0
br_inst_retired.not_taken:u	255	2400016	0
br_inst_retired.not_taken:u	256	2400016	0
br_inst_retired.not_taken:u	257	2400016	0
br_inst_retired.not_taken:u	258	2400016	0
br_inst_retired.not_taken:u	259	2400016	0
br_inst_retired.not_taken:u	260	2400016	0
br_inst_retired.not_taken:u	261	2400016	0
br_inst_retired.not_taken:u	262	2400016	0
br_inst_retired.not_taken:u	263	2400016	0
br_inst_retired.not_taken:u	264	2400016	0
br_inst_retired.not_taken:u	265	2400016	0
br_inst_retired.not_taken:u	266	2400016	0
br_inst_retired.not_taken:u	267	2400016	0
br_inst_retired.not_taken:u	268	2400016	0
br_inst_retired.not_taken:u	269	2400016	0
br_inst_retired.not_taken:u	270	2400016	0
br_inst_retired.not_taken:u	271	2400016	0
br_inst_retired.not_taken:u	272	2400016	0
br_inst_retired.not_taken:u	273	2400016	0
br_inst_retired.not_taken:u	274	2400016	0
br_inst_retired.not_taken:u	275	2400016	0
br_inst_retired.not_taken:u	276	2400016	0
br_inst_retired.not_taken:u	277	2400016	0
br_inst_retired.not_taken:u	278	2400016	0
br_inst_retired.not_taken:u	279	2400016	0
br_inst_retired.not_taken:u	280	2400016	0
br_inst_retired.not_taken:u	281	2400016	0
br_inst_retired.not_taken:u	282	2400016	0
br_inst_retired.not_taken:u	283	2400016	0
br_inst_retired.not_taken:u	284	2400016	0
br_inst_retired.not_taken:u	285	2400016	0
br_inst_retired.not_taken:u	286	2400016	0
br_inst_retired.not_taken:u	287	2400016	0
br_inst_retired.not_taken:u	288	2400016	0
br_inst_retired.not_taken:u	289	2400016	0
br_inst_retired.not_taken:u	290	2400016	0
br_inst_retired.not_taken:u	291	2400016	0
br_inst_retired.not_taken:u	292	2400016	0
br_inst_retired.not_taken:u	293	2400016	0
br_inst_retired.not_taken:u	294	2400016	0
br_inst_retired.not_taken:u	295	2400016	0
br_inst_retired.not_taken:u	296	2400016	0
br_inst_retired.not_taken:u	297	2400016	0
br_inst_retired.not_taken:u	298	2400016	0
br_inst_retired.not_taken:u	299	2400016	0
br_inst_retired.not_taken:u	300	2400016	0
br_inst_retired.not_taken:u	301	2400016	0
br_inst_retired.not_taken:u	302	2400016	0
br_inst_retired.not_taken:u	303	2400016	0
br_inst_retired.not_taken:u	304	2400016	0
br_inst_retired.not_taken:u	305	2400016	0
br_inst_retired.not_taken:u	306	2400016	0
br_inst_retired.not_taken:u	307	2400016	0
br_inst_retired.not_taken:u	308	2400016	0
br_inst_retired.not_taken:u	309	2400016	0
br_inst_retired.not_taken:u	310	2400016	0
br_inst_retired.not_taken:u	311	2400016	0
br_inst_retired.not_taken:u	312	2400016	0
br_inst_retired.not_taken:u	313	2400016	0
br_inst_retired.not_taken:u	314	2400016	0
br_inst_retired.not_taken:u	315	2400016	0
br_inst_retired.not_taken:u	316	2400016	0
br_inst_retired.not_taken:u	317	2400016	0
br_inst_retired.not_taken:u	318	2400016	0
br_inst_retired.not_taken:u	319	2400016	0
br_inst_retired.not_taken:u	320	2400016	0
br_inst_retired.not_taken:u	321	2400016	0
br_inst_retired.not_taken:u	322	2400016	0
br_inst_retired.not_taken:u	323	2400016	0
br_inst_retired.not_taken:u	324	2400016	0
br_inst_retired.not_taken:u	325	2400016	0
br_inst_retired.not_taken:u	326	2400016	0
br_inst_retired.not_taken:u	327	2400016	0
br_inst_retired.not_taken:u	328	2400016	0
br_inst_retired.not_taken:u	329	2400016	0
br_inst_retired.not_taken:u	330	2400016	0
br_inst_retired.not_taken:u	331	2400016	0
br_inst_retired.not_taken:u	332	2400016	0
br_inst_retired.not_taken:u	333	2400016	0
br_inst_retired.not_taken:u	334	2400016	0
br_inst_retired.not_taken:u	335	2400016	0
br_inst_retired.not_taken:u	336	2400016	0
br_inst_retired.not_taken:u	337	2400016	0
br_inst_retired.not_taken:u	338	2400016	0
br_inst_retired.not_taken:u	339	2400016	0
br_inst_retired.not_taken:u	340	2400016	0
br_inst_retired.not_taken:u	341	2400016	0
br_inst_retired.not_taken:u	342	2400016	0
br_inst_retired.not_taken:u	343	2400016	0
br_inst_retired.not_taken:u	344	2400016	0
br_inst_retired.not_taken:u	345	2400016	0
br_inst_retired.not_taken:u	346	2400016	0
br_inst_retired.not_taken:u	347	2400016	0
br_inst_retired.not_taken:u	348	2400016	0
br_inst_retired.not_taken:u	349	2400016	0
br_inst_retired.not_taken:u	350	2400016	0
br_inst_retired.not_taken:u	351	2400016	0
br_inst_retired.not_taken:u	352	2400016	0
br_inst_retired.not_taken:u	353	2400016	0
br_inst_retired.not_taken:u	354	2400016	0
br_inst_retired.not_taken:u	355	2400016	0
br_inst_retired.not_taken:u	356	2400016	0
br_inst_retired.not_taken:u	357	2400016	0
br_inst_retired.not_taken:u	358	2400016	0
br_inst_retired.not_taken:u	359	2400016	0
br_inst_retired.not_taken:u	360	2400016	0
br_inst_retired.not_taken:u	361	2400016	0
br_inst_retired.not_taken:u	362	2400016	0
br_inst_retired.not_taken:u	363	2400016	0
br_inst_retired.not_taken:u	364	2400016	0
br_inst_retired.not_taken:u	365	2400016	0
br_inst_retired.not_taken:u	366	2400016	0
br_inst_retired.not_taken:u	367	2400016	0
br_inst_retired.not_taken:u	368	2400016	0
br_inst_retired.not_taken:u	369	2400016	0
br_inst_retired.not_taken:u	370	2400016	0
br_inst_retired.not_taken:u	371	2400016	0
br_inst_retired.not_taken:u	372	2400016	0
br_inst_retired.not_taken:u	373	2400016	0
br_inst_retired.not_taken:u	374	2400016	0
br_inst_retired.not_taken:u	375	2400016	0
br_inst_retired.not_taken:u	376	2400016	0
br_inst_retired.not_taken:u	377	2400016	0
br_inst_retired.not_taken:u	378	2400016	0
br_inst_retired.not_taken:u	379	2400016	0
br_inst_retired.not_taken:u	380	2400016	0
br_inst_retired.not_taken:u	381	2400016	0
br_inst_retired.not_taken:u	382	2400016	0
br_inst_retired.not_taken:u	383	2400016	0
br_inst_retired.not_taken:u	384	2400016	0
br_inst_retired.not_taken:u	385	2400016	0
br_inst_retired.not_taken:u	386	2400016	0
br_inst_retired.not_taken:u	387	2400016	0
br_inst_retired.not_taken:u	388	2400016	0
br_inst_retired.not_taken:u	389	2400016	0
br_inst_retired.not_taken:u	390	2400016	0
br_inst_retired.not_taken:u	391	2400016	0
br_inst_retired.not_taken:u	392	2400016	0
br_inst_retired.not_taken:u	393	2400016	0
br_inst_retired.not_taken:u	394	2400016	0
br_inst_retired.not_taken:u	395	2400016	0
br_inst_retired.not_taken:u	396	2400016	0
br_inst_retired.not_taken:u	397	2400016	0
br_inst_retired.not_taken:u	398	2400016	0
br_inst_retired.not_taken:u	399	2400016	0
br_inst_retired.not_taken:u	400	2400016	0
br_inst_retired.not_taken:u	401	2400016	0
br_inst_retired.not_taken:u	402	2400016	0
br_inst_retired.not_taken:u	403	2400016	0
br_inst_retired.not_taken:u	404	2400016	0
br_inst_retired.not_taken:u	405	2400016	0
br_inst_retired.not_taken:u	406	2400016	0
br_inst_retired.not_taken:u	407	2400016	0
br_inst_retired.not_taken:u	408	2400016	0
br_inst_retired.not_taken:u	409	2400016	0
br_inst_retired.not_taken:u	410	2400016	0
br_inst_retired.not_taken:u	411	2400016	0
br_inst_retired.not_taken:u	412	2400016	0
br_inst_retired.not_taken:u	413	2400016	0
br_inst_retired.not_taken:u	414	2400016	0
br_inst_retired.not_taken:u	415	2400016	0
br_inst_retired.not_taken:u	416	2400016	0
br_inst_retired.not_taken:u	417	2400016	0
br_inst_retired.not_taken:u	418	2400016	0
br_inst_retired.not_taken:u	419	2400016	0
br_inst_retired.not_taken:u	420	2400016	0
br_inst_retired.not_taken:u	421	2400016	0
br_inst_retired.not_taken:u	422	2400016	0
br_inst_retired.not_taken:u	423	2400016	0
br_inst_retired.not_taken:u	424	2400016	0
br_inst_retired.not_taken:u	425	2400016	0
br_inst_retired.not_taken:u	426	2400016	0
br_inst_retired.not_taken:u	427	2400016	0
br_inst_retired.not_taken:u	428	2400016	0
br_inst_retired.not_taken:u	429	2400016	0
br_inst_retired.not_taken:u	430	2400016	0
br_inst_retired.not_taken:u	431	2400016	0
br_inst_retired.not_taken:u	432	2400016	0
br_inst_retired.not_taken:u	433	2400016	0
br_inst_retired.not_taken:u	434	2400016	0
br_inst_retired.not_taken:u	435	2400016	0
br_inst_retired.not_taken:u	436	2400016	0
br_inst_retired.not_taken:u	437	2400016	0
br_inst_retired.not_taken:u	438	2400016	0
br_inst_retired.not_taken:u	439	2400016	0
br_inst_retired.not_taken:u	440	2400016	0
br_inst_retired.not_taken:u	441	2400016	0
br_inst_retired.not_taken:u	442	2400016	0
br_inst_retired.not_taken:u	443	2400016	0
br_inst_retired.not_taken:u	444	2400016	0
br_inst_retired.not_taken:u	445	2400016	0
br_inst_retired.not_taken:u	446	2400016	0
br_inst_retired.not_taken:u	447	2400016	0
br_inst_retired.not_taken:u	448	2400016	0
br_inst_retired.not_taken:u	449	2400016	0
br_inst_retired.not_taken:u	450	2400016	0
br_inst_retired.not_taken:u	451	2400016	0
br_inst_retired.not_taken:u	452	2400016	0
br_inst_retired.not_taken:u	453	2400016	0
br_inst_retired.not_taken:u	454	2400016	0
br_inst_retired.not_taken:u	455	2400016	0
br_inst_retired.not_taken:u	456	2400016	0
br_inst_retired.not_taken:u	457	2400016	0
br_inst_retired.not_taken:u	458	2400016	0
br_inst_retired.not_taken:u	459	2400016	0
br_inst_retired.not_taken:u	460	2400016	0
br_inst_retired.not_taken:u	461	2400016	0
br_inst_retired.not_taken:u	462	2400016	0
br_inst_retired.not_taken:u	463	2400016	0
br_inst_retired.not_taken:u	464	2400016	0
br_inst_retired.not_taken:u	465	2400016	0
br_inst_retired.not_taken:u	466	2400016	0
br_inst_retired.not_taken:u	467	2400016	0
br_inst_retired.not_taken:u	468	2400016	0
br_inst_retired.not_taken:u	469	2400016	0
br_inst_retired.not_taken:u	470	2400016	0
br_inst_retired.not_taken:u	471	2400016	0
br_inst_retired.not_taken:u	472	2400016	0
br_inst_retired.not_taken:u	473	2400016	0
br_inst_retired.not_taken:u	474	2400016	0
br_inst_retired.not_taken:u	475	2400016	0
br_inst_retired.not_taken:u	476	2400016	0
br_inst_retired.not_taken:u	477	2400016	0
br_inst_retired.not_taken:u	478	2400016	0
br_inst_retired.not_taken:u	479	2400016	0
br_inst_retired.not_taken:u	480	2400016	0
br_inst_retired.not_taken:u	481	2400016	0
br_inst_retired.not_taken:u	482	2400016	0
br_inst_retired.not_taken:u	483	2400016	0
br_inst_retired.not_taken:u	484	2400016	0
br_inst_retired.not_taken:u	485	2400016	0
br_inst_retired.not_taken:u	486	2400016	0
br_inst_retired.not_taken:u	487	2400016	0
br_inst_retired.not_taken:u	488	2400016	0
br_inst_retired.not_taken:u	489	2400016	0
br_inst_retired.not_taken:u	490	2400016	0
br_inst_retired.not_taken:u	491	2400016	0
br_inst_retired.not_taken:u	492	2400016	0
br_inst_retired.not_taken:u	493	2400016	0
br_inst_retired.not_taken:u	494	2400016	0
br_inst_retired.not_taken:u	495	2400016	0
br_inst_retired.not_taken:u	496	2400016	0
br_inst_retired.not_taken:u	497	2400016	0
br_inst_retired.not_taken:u	498	2400016	0
br_inst_retired.not_taken:u	499	2400016	0
br_inst_retired.not_taken:u	500	2400016	0
br_inst_retired.not_taken:u	501	2400016	0
br_inst_retired.not_taken:u	502	2400016	0
br_inst_retired.not_taken:u	503	2400016	0
br_inst_retired.not_taken:u	504	2400016	0
br_inst_retired.not_taken:u	505	2400016	0
br_inst_retired.not_taken:u	506	2400016	0
br_inst_retired.not_taken:u	507	2400016	0
br_inst_retired.not_taken:u	508	2400016	0
br_inst_retired.not_taken:u	509	2400016	0
br_inst_retired.not_taken:u	510	2400016	0
br_inst_retired.not_taken:u	511	2400016	0
br_inst_retired.not_taken:u	512	2400016	0
br_inst_retired.not_taken:u	513	2400016	0
br_inst_retired.not_taken:u	514	2400016	0
br_inst_retired.not_taken:u	515	2400016	0
br_inst_retired.not_taken:u	516	2400016	0
br_inst_retired.not_taken:u	517	2400016	0
br_inst_retired.not_taken:u	518	2400016	0
br_inst_retired.not_taken:u	519	2400016	0
br_inst_retired.not_taken:u	520	2400016	0
br_inst_retired.not_taken:u	521	2400016	0
br_inst_retired.not_taken:u	522	2400016	0
br_inst_retired.not_taken:u	523	2400016	0
br_inst_retired.not_taken:u	524	2400016	0
br_inst_retired.not_taken:u	525	2400016	0
br_inst_retired.not_taken:u	526	2400016	0
br_inst_retired.not_taken:u	527	2400016	0
br_inst_retired.not_taken:u	528	2400016	0
br_inst_retired.not_taken:u	529	2400016	0
br_inst_retired.not_taken:u	530	2400016	0
br_inst_retired.not_taken:u	531	2400016	0
br_inst_retired.not_taken:u	532	2400016	0
br_inst_retired.not_taken:u	533	2400016	0
br_inst_retired.not_taken:u	534	2400016	0
br_inst_retired.not_taken:u	535	2400016	0
br_inst_retired.not_taken:u	536	2400016	0
br_inst_retired.not_taken:u	537	2400016	0
br_inst_retired.not_taken:u	538	2400016	0
br_inst_retired.not_taken:u	539	2400016	0
br_inst_retired.not_taken:u	540	2400016	0
br_inst_retired.not_taken:u	541	2400016	0
br_inst_retired.not_taken:u	542	2400016	0
br_inst_retired.not_taken:u	543	2400016	0
br_inst_retired.not_taken:u	544	2400016	0
br_inst_retired.not_taken:u	545	2400016	0
br_inst_retired.not_taken:u	546	2400016	0
br_inst_retired.not_taken:u	547	2400016	0
br_inst_retired.not_taken:u	548	2400016	0
br_inst_retired.not_taken:u	549	2400016	0
br_inst_retired.not_taken:u	550	2400016	0
br_inst_retired.not_taken:u	551	2400016	0
br_inst_retired.not_taken:u	552	2400016	0
br_inst_retired.not_taken:u	553	2400016	0
br_inst_retired.not_taken:u	554	2400016	0
br_inst_retired.not_taken:u	555	2400016	0
br_inst_retired.not_taken:u	556	2400016	0
br_inst_retired.not_taken:u	557	2400016	0
br_inst_retired.not_taken:u	558	2400016	0
br_inst_retired.not_taken:u	559	2400016	0
br_inst_retired.not_taken:u	560	2400016	0
br_inst_retired.not_taken:u	561	2400016	0
br_inst_retired.not_taken:u	562	2400016	0
br_inst_retired.not_taken:u	563	2400016	0
br_inst_retired.not_taken:u	564	2400016	0
br_inst_retired.not_taken:u	565	2400016	0
br_inst_retired.not_taken:u	566	2400016	0
br_inst_retired.not_taken:u	567	2400016	0
br_inst_retired.not_taken:u	568	2400016	0
br_inst_retired.not_taken:u	569	2400016	0
br_inst_retired.not_taken:u	570	2400016	0
br_inst_retired.not_taken:u	571	2400016	0
br_inst_retired.not_taken:u	572	2400016	0
br_inst_retired.not_taken:u	573	2400016	0
br_inst_retired.not_taken:u	574	2400016	0
br_inst_retired.not_taken:u	575	2400016	0
br_inst_retired.not_taken:u	576	2400016	0
br_inst_retired.not_taken:u	577	2400016	0
br_inst_retired.not_taken:u	578	2400016	0
br_inst_retired.not_taken:u	579	2400016	0
br_inst_retired.not_taken:u	580	2400016	0
br_inst_retired.not_taken:u	581	2400016	0
br_inst_retired.not_taken:u	582	2400016	0
br_inst_retired.not_taken:u	583	2400016	0
br_inst_retired.not_taken:u	584	2400016	0
br_inst_retired.not_taken:u	585	2400016	0
br_inst_retired.not_taken:u	586	2400016	0
br_inst_retired.not_taken:u	587	2400016	0
br_inst_retired.not_taken:u	588	2400016	0
br_inst_retired.not_taken:u	589	2400016	0
br_inst_retired.not_taken:u	590	2400016	0
br_inst_retired.not_taken:u	591	2400016	0
br_inst_retired.not_taken:u	592	2400016	0
br_inst_retired.not_taken:u	593	2400016	0
br_inst_retired.not_taken:u	594	2400016	0
br_inst_retired.not_taken:u	595	2400016	0
br_inst_retired.not_taken:u	596	2400016	0
br_inst_retired.not_taken:u	597	2400016	0
br_inst_retired.not_taken:u	598	2400016	0
br_inst_retired.not_taken:u	599	2400016	0
br_inst_retired.not_taken:u	600	2400016	0
br_inst_retired.not_taken:u	601	2400016	0
br_inst_retired.not_taken:u	602	2400016	0
br_inst_retired.not_taken:u	603	2400016	0
br_inst_retired.not_taken:u	604	2400016	0
br_inst_retired.not_taken:u	605	2400016	0
br_inst_retired.not_taken:u	606	2400016	0
br_inst_retired.not_taken:u	607	2400016	0
br_inst_retired.not_taken:u	608	2400016	0
br_inst_retired.not_taken:u	609	2400016	0
br_inst_retired.not_taken:u	610	2400016	0
br_inst_retired.not_taken:u	611	2400016	0
br_inst_retired.not_taken:u	612	2400016	0
br_inst_retired.not_taken:u	613	2400016	0
br_inst_retired.not_taken:u	614	2400016	0
br_inst_retired.not_taken:u	615	2400016	0
br_inst_retired.not_taken:u	616	2400016	0
br_inst_retired.not_taken:u	617	2400016	0
br_inst_retired.not_taken:u	618	2400016	0
br_inst_retired.not_taken:u	619	2400016	0
br_inst_retired.not_taken:u	620	2400016	0
br_inst_retired.not_taken:u	621	2400016	0
br_inst_retired.not_taken:u	622	2400016	0
br_inst_retired.not_taken:u	623	2400016	0
br_inst_retired.not_taken:u	624	2400016	0
br_inst_retired.not_taken:u	625	2400016	0
br_inst_retired.not_taken:u	626	2400016	0
br_inst_retired.not_taken:u	627	2400016	0
br_inst_retired.not_taken:u	628	2400016	0
br_inst_retired.not_taken:u	629	2400016	0
br_inst_retired.not_taken:u	630	2400016	0
br_inst_retired.not_taken:u	631	2400016	0
br_inst_retired.not_taken:u	632	2400016	0
br_inst_retired.not_taken:u	633	2400016	0
br_inst_retired.not_taken:u	634	2400016	0
br_inst_retired.not_taken:u	635	2400016	0
br_inst_retired.not_taken:u	636	2400016	0
br_inst_retired.not_taken:u	637	2400016	0
br_inst_retired.not_taken:u	638	2400016	0
br_inst_retired.not_taken:u	639	2400016	0
br_inst_retired.not_taken:u	640	2400016	0
br_inst_retired.not_taken:u	641	2400016	0
br_inst_retired.not_taken:u	642	2400016	0
br_inst_retired.not_taken:u	643	2400016	0
br_inst_retired.not_taken:u	644	2400016	0
br_inst_retired.not_taken:u	645	2400016	0
br_inst_retired.not_taken:u	646	2400016	0
br_inst_retired.not_taken:u	647	2400016	0
br_inst_retired.not_taken:u	648	2400016	0
br_inst_retired.not_taken:u	649	2400016	0
br_inst_retired.not_taken:u	650	2400016	0
br_inst_retired.not_taken:u	651	2400016	0
br_inst_retired.not_taken:u	652	2400016	0
br_inst_retired.not_taken:u	653	2400016	0
br_inst_retired.not_taken:u	654	2400016	0
br_inst_retired.not_taken:u	655	2400016	0
br_inst_retired.not_taken:u	656	2400016	0
br_inst_retired.not_taken:u	657	2400016	0
br_inst_retired.not_taken:u	658	2400016	0
br_inst_retired.not_taken:u	659	2400016	0
br_inst_retired.not_taken:u	660	2400016	0
br_inst_retired.not_taken:u	661	2400016	0
br_inst_retired.not_taken:u	662	2400016	0
br_inst_retired.not_taken:u	663	2400016	0
br_inst_retired.not_taken:u	664	2400016	0
br_inst_retired.not_taken:u	665	2400016	0
br_inst_retired.not_taken:u	666	2400016	0
br_inst_retired.not_taken:u	667	2400016	0
br_inst_retired.not_taken:u	668	2400016	0
br_inst_retired.not_taken:u	669	2400016	0
br_inst_retired.not_taken:u	670	2400016	0
br_inst_retired.not_taken:u	671	2400016	0
br_inst_retired.not_taken:u	672	2400016	0
br_inst_retired.not_taken:u	673	2400016	0
br_inst_retired.not_taken:u	674	2400016	0
br_inst_retired.not_taken:u	675	2400016	0
br_inst_retired.not_taken:u	676	2400016	0
br_inst_retired.not_taken:u	677	2400016	0
br_inst_retired.not_taken:u	678	2400016	0
br_inst_retired.not_taken:u	679	2400016	0
br_inst_retired.not_taken:u	680	2400016	0
br_inst_retired.not_taken:u	681	2400016	0
br_inst_retired.not_taken:u	682	2400016	0
br_inst_retired.not_taken:u	683	2400016	0
br_inst_retired.not_taken:u	684	2400016	0
br_inst_retired.not_taken:u	685	2400016	0
br_inst_retired.not_taken:u	686	2400016	0
br_inst_retired.not_taken:u	687	2400016	0
br_inst_retired.not_taken:u	688	2400016	0
br_inst_retired.not_taken:u	689	2400016	0
br_inst_retired.not_taken:u	690	2400016	0
br_inst_retired.not_taken:u	691	2400016	0
br_inst_retired.not_taken:u	692	2400016	0
br_inst_retired.not_taken:u	693	2400016	0
br_inst_retired.not_taken:u	694	2400016	0
br_inst_retired.not_taken:u	695	2400016	0
br_inst_retired.not_taken:u	696	2400016	0
br_inst_retired.not_taken:u	697	2400016	0
br_inst_retired.not_taken:u	698	2400016	0
br_inst_retired.not_taken:u	699	2400016	0
br_inst_retired.not_taken:u	700	2400016	0
br_inst_retired.not_taken:u	701	2400016	0
br_inst_retired.not_taken:u	702	2400016	0
br_inst_retired.not_taken:u	703	2400016	0
br_inst_retired.not_taken:u	704	2400016	0
br_inst_retired.not_taken:u	705	2400016	0
br_inst_retired.not_taken:u	706	2400016	0
br_inst_retired.not_taken:u	707	2400016	0
br_inst_retired.not_taken:u	708	2400016	0
br_inst_retired.not_taken:u	709	2400016	0
br_inst_retired.not_taken:u	710	2400016	0
br_inst_retired.not_taken:u	711	2400016	0
br_inst_retired.not_taken:u	712	2400016	0
br_inst_retired.not_taken:u	713	2400016	0
br_inst_retired.not_taken:u	714	2400016	0
br_inst_retired.not_taken:u	715	2400016	0
br_inst_retired.not_taken:u	716	2400016	0
br_inst_retired.not_taken:u	717	2400016	0
br_inst_retired.not_taken:u	718	2400016	0
br_inst_retired.not_taken:u	719	2400016	0
br_inst_retired.not_taken:u	720	2400016	0
br_inst_retired.not_taken:u	721	2400016	0
br_inst_retired.not_taken:u	722	2400016	0
br_inst_retired.not_taken:u	723	2400016	0
br_inst_retired.not_taken:u	724	2400016	0
br_inst_retired.not_taken:u	725	2400016	0
br_inst_retired.not_taken:u	726	2400016	0
br_inst_retired.not_taken:u	727	2400016	0
br_inst_retired.not_taken:u	728	2400016	0
br_inst_retired.not_taken:u	729	2400016	0
br_inst_retired.not_taken:u	730	2400016	0
br_inst_retired.not_taken:u	731	2400016	0
br_inst_retired.not_taken:u	732	2400016	0
br_inst_retired.not_taken:u	733	2400016	0
br_inst_retired.not_taken:u	734	2400016	0
br_inst_retired.not_taken:u	735	2400016	0
br_inst_retired.not_taken:u	736	2400016	0
br_inst_retired.not_taken:u	737	2400016	0
br_inst_retired.not_taken:u	738	2400016	0
br_inst_retired.not_taken:u	739	2400016	0
br_inst_retired.not_taken:u	740	2400016	0
br_inst_retired.not_taken:u	741	2400016	0
br_inst_retired.not_taken:u	742	2400016	0
br_inst_retired.not_taken:u	743	2400016	0
br_inst_retired.not_taken:u	744	2400016	0
br_inst_retired.not_taken:u	745	2400016	0
br_inst_retired.not_taken:u	746	2400016	0
br_inst_retired.not_taken:u	747	2400016	0
br_inst_retired.not_taken:u	748	2400016	0
br_inst_retired.not_taken:u	749	2400016	0
br_inst_retired.not_taken:u	750	2400016	0
br_inst_retired.not_taken:u	751	2400016	0
br_inst_retired.not_taken:u	752	2400016	0
br_inst_retired.not_taken:u	753	2400016	0
br_inst_retired.not_taken:u	754	2400016	0
br_inst_retired.not_taken:u	755	2400016	0
br_inst_retired.not_taken:u	756	2400016	0
br_inst_retired.not_taken:u	757	2400016	0
br_inst_retired.not_taken:u	758	2400016	0
br_inst_retired.not_taken:u	759	2400016	0
br_inst_retired.not_taken:u	760	2400016	0
br_inst_retired.not_taken:u	761	2400016	0
br_inst_retired.not_taken:u	762	2400016	0
br_inst_retired.not_taken:u	763	2400016	0
br_inst_retired.not_taken:u	764	2400016	0
br_inst_retired.not_taken:u	765	2400016	0
br_inst_retired.not_taken:u	766	2400016	0
br_inst_retired.not_taken:u	767	2400016	0
br_inst_retired.not_taken:u	768	2400016	0
br_inst_retired.not_taken:u	769	2400016	0
br_inst_retired.not_taken:u	770	2400016	0
br_inst_retired.not_taken:u	771	2400016	0
br_inst_retired.not_taken:u	772	2400016	0
br_inst_retired.not_taken:u	773	2400016	0
br_inst_retired.not_taken:u	774	2400016	0
br_inst_retired.not_taken:u	775	2400016	0
br_inst_retired.not_taken:u	776	2400016	0
br_inst_retired.not_taken:u	777	2400016	0
br_inst_retired.not_taken:u	778	2400016	0
br_inst_retired.not_taken:u	779	2400016	0
br_inst_retired.not_taken:u	780	2400016	0
br_inst_retired.not_taken:u	781	2400016	0
br_inst_retired.not_taken:u	782	2400016	0
br_inst_retired.not_taken:u	783	2400016	0
br_inst_retired.not_taken:u	784	2400016	0
br_inst_retired.not_taken:u	785	2400016	0
br_inst_retired.not_taken:u	786	2400016	0
br_inst_retired.not_taken:u	787	2400016	0
br_inst_retired.not_taken:u	788	2400016	0
br_inst_retired.not_taken:u	789	2400016	0
br_inst_retired.not_taken:u	790	2400016	0
br_inst_retired.not_taken:u	791	2400016	0
br_inst_retired.not_taken:u	792	2400016	0
br_inst_retired.not_taken:u	793	2400016	0
br_inst_retired.not_taken:u	794	2400016	0
br_inst_retired.not_taken:u	795	2400016	0
br_inst_retired.not_taken:u	796	2400016	0
br_inst_retired.not_taken:u	797	2400016	0
br_inst_retired.not_taken:u	798	2400016	0
br_inst_retired.not_taken:u	799	2400016	0
br_inst_retired.not_taken:u	800	2400016	0
br_inst_retired.not_taken:u	801	2400016	0
br_inst_retired.not_taken:u	802	2400016	0
br_inst_retired.not_taken:u	803	2400016	0
br_inst_retired.not_taken:u	804	2400016	0
br_inst_retired.not_taken:u	805	2400016	0
br_inst_retired.not_taken:u	806	2400016	0
br_inst_retired.not_taken:u	807	2400016	0
br_inst_retired.not_taken:u	808	2400016	0
br_inst_retired.not_taken:u	809	2400016	0
br_inst_retired.not_taken:u	810	2400016	0
br_inst_retired.not_taken:u	811	2400016	0
br_inst_retired.not_taken:u	812	2400016	0
br_inst_retired.not_taken:u	813	2400016	0
br_inst_retired.not_taken:u	814	2400016	0
br_inst_retired.not_taken:u	815	2400016	0
br_inst_retired.not_taken:u	816	2400016	0
br_inst_retired.not_taken:u	817	2400016	0
br_inst_retired.not_taken:u	818	2400016	0
br_inst_retired.not_taken:u	819	2400016	0
br_inst_retired.not_taken:u	820	2400016	0
br_inst_retired.not_taken:u	821	2400016	0
br_inst_retired.not_taken:u	822	2400016	0
br_inst_retired.not_taken:u	823	2400016	0
br_inst_retired.not_taken:u	824	2400016	0
br_inst_retired.not_taken:u	825	2400016	0
br_inst_retired.not_taken:u	826	2400016	0
br_inst_retired.not_taken:u	827	2400016	0
br_inst_retired.not_taken:u	828	2400016	0
br_inst_retired.not_taken:u	829	2400016	0
br_inst_retired.not_taken:u	830	2400016	0
br_inst_retired.not_taken:u	831	2400016	0
br_inst_retired.not_taken:u	832	2400016	0
br_inst_retired.not_taken:u	833	2400016	0
br_inst_retired.not_taken:u	834	2400016	0
br_inst_retired.not_taken:u	835	2400016	0
br_inst_retired.not_taken:u	836	2400016	0
br_inst_retired.not_taken:u	837	2400016	0
br_inst_retired.not_taken:u	838	2400016	0
br_inst_retired.not_taken:u	839	2400016	0
br_inst_retired.not_taken:u	840	2400016	0
br_inst_retired.not_taken:u	841	2400016	0
br_inst_retired.not_taken:u	842	2400016	0
br_inst_retired.not_taken:u	843	2400016	0
br_inst_retired.not_taken:u	844	2400016	0
br_inst_retired.not_taken:u	845	2400016	0
br_inst_retired.not_taken:u	846	2400016	0
br_inst_retired.not_taken:u	847	2400016	0
br_inst_retired.not_taken:u	848	2400016	0
br_inst_retired.not_taken:u	849	2400016	0
br_inst_retired.not_taken:u	850	2400016	0
br_inst_retired.not_taken:u	851	2400016	0
br_inst_retired.not_taken:u	852	2400016	0
br_inst_retired.not_taken:u	853	2400016	0
br_inst_retired.not_taken:u	854	2400016	0
br_inst_retired.not_taken:u	855	2400016	0
br_inst_retired.not_taken:u	856	2400016	0
br_inst_retired.not_taken:u	857	2400016	0
br_inst_retired.not_taken:u	858	2400016	0
br_inst_retired.not_taken:u	859	2400016	0
br_inst_retired.not_taken:u	860	2400016	0
br_inst_retired.not_taken:u	861	2400016	0
br_inst_retired.not_taken:u	862	2400016	0
br_inst_retired.not_taken:u	863	2400016	0
br_inst_retired.not_taken:u	864	2400016	0
br_inst_retired.not_taken:u	865	2400016	0
br_inst_retired.not_taken:u	866	2400016	0
br_inst_retired.not_taken:u	867	2400016	0
br_inst_retired.not_taken:u	868	2400016	0
br_inst_retired.not_taken:u	869	2400016	0
br_inst_retired.not_taken:u	870	2400016	0
br_inst_retired.not_taken:u	871	2400016	0
br_inst_retired.not_taken:u	872	2400016	0
br_inst_retired.not_taken:u	873	2400016	0
br_inst_retired.not_taken:u	874	2400016	0
br_inst_retired.not_taken:u	875	2400016	0
br_inst_retired.not_taken:u	876	2400016	0
br_inst_retired.not_taken:u	877	2400016	0
br_inst_retired.not_taken:u	878	2400016	0
br_inst_retired.not_taken:u	879	2400016	0
br_inst_retired.not_taken:u	880	2400016	0
br_inst_retired.not_taken:u	881	2400016	0
br_inst_retired.not_taken:u	882	2400016	0
br_inst_retired.not_taken:u	883	2400016	0
br_inst_retired.not_taken:u	884	2400016	0
br_inst_retired.not_taken:u	885	2400016	0
br_inst_retired.not_taken:u	886	2400016	0
br_inst_retired.not_taken:u	887	2400016	0
br_inst_retired.not_taken:u	888	2400016	0
br_inst_retired.not_taken:u	889	2400016	0
br_inst_retired.not_taken:u	890	2400016	0
br_inst_retired.not_taken:u	891	2400016	0
br_inst_retired.not_taken:u	892	2400016	0
br_inst_retired.not_taken:u	893	2400016	0
br_inst_retired.not_taken:u	894	2400016	0
br_inst_retired.not_taken:u	895	2400016	0
br_inst_retired.not_taken:u	896	2400016	0
br_inst_retired.not_taken:u	897	2400016	0
br_inst_retired.not_taken:u	898	2400016	0
br_inst_retired.not_taken:u	899	2400016	0
br_inst_retired.not_taken:u	900	2400016	0
br_inst_retired.not_taken:u	901	2400016	0
br_inst_retired.not_taken:u	902	2400016	0
br_inst_retired.not_taken:u	903	2400016	0
br_inst_retired.not_taken:u	904	2400016	0
br_inst_retired.not_taken:u	905	2400016	0
br_inst_retired.not_taken:u	906	2400016	0
br_inst_retired.not_taken:u	907	2400016	0
br_inst_retired.not_taken:u	908	2400016	0
br_inst_retired.not_taken:u	909	2400016	0
br_inst_retired.not_taken:u	910	2400016	0
br_inst_retired.not_taken:u	911	2400016	0
br_inst_retired.not_taken:u	912	2400016	0
br_inst_retired.not_taken:u	913	2400016	0
br_inst_retired.not_taken:u	914	2400016	0
br_inst_retired.not_taken:u	915	2400016	0
br_inst_retired.not_taken:u	916	2400016	0
br_inst_retired.not_taken:u	917	2400016	0
br_inst_retired.not_taken:u	918	2400016	0
br_inst_retired.not_taken:u	919	2400016	0
br_inst_retired.not_taken:u	920	2400016	0
br_inst_retired.not_taken:u	921	2400016	0
br_inst_retired.not_taken:u	922	2400016	0
br_inst_retired.not_taken:u	923	2400016	0
br_inst_retired.not_taken:u	924	2400016	0
br_inst_retired.not_taken:u	925	2400016	0
br_inst_retired.not_taken:u	926	2400016	0
br_inst_retired.not_taken:u	927	2400016	0
br_inst_retired.not_taken:u	928	2400016	0
br_inst_retired.not_taken:u	929	2400016	0
br_inst_retired.not_taken:u	930	2400016	0
br_inst_retired.not_taken:u	931	2400016	0
br_inst_retired.not_taken:u	932	2400016	0
br_inst_retired.not_taken:u	933	2400016	0
br_inst_retired.not_taken:u	934	2400016	0
br_inst_retired.not_taken:u	935	2400016	0
br_inst_retired.not_taken:u	936	2400016	0
br_inst_retired.not_taken:u	937	2400016	0
br_inst_retired.not_taken:u	938	2400016	0
br_inst_retired.not_taken:u	939	2400016	0
br_inst_retired.not_taken:u	940	2400016	0
br_inst_retired.not_taken:u	941	2400016	0
br_inst_retired.not_taken:u	942	2400016	0
br_inst_retired.not_taken:u	943	2400016	0
br_inst_retired.not_taken:u	944	2400016	0
br_inst_retired.not_taken:u	945	2400016	0
br_inst_retired.not_taken:u	946	2400016	0
br_inst_retired.not_taken:u	947	2400016	0
br_inst_retired.not_taken:u	948	2400016	0
br_inst_retired.not_taken:u	949	2400016	0
br_inst_retired.not_taken:u	950	2400016	0
br_inst_retired.not_taken:u	951	2400016	0
br_inst_retired.not_taken:u	952	2400016	0
br_inst_retired.not_taken:u	953	2400016	0
br_inst_retired.not_taken:u	954	2400016	0
br_inst_retired.not_taken:u	955	2400016	0
br_inst_retired.not_taken:u	956	2400016	0
br_inst_retired.not_taken:u	957	2400016	0
br_inst_retired.not_taken:u	958	2400016	0
br_inst_retired.not_taken:u	959	2400016	0
br_inst_retired.not_taken:u	960	2400016	0
br_inst_retired.not_taken:u	961	2400016	0
br_inst_retired.not_taken:u	962	2400016	0
br_inst_retired.not_taken:u	963	2400016	0
br_inst_retired.not_taken:u	964	2400016	0
br_inst_retired.not_taken:u	965	2400016	0
br_inst_retired.not_taken:u	966	2400016	0
br_inst_retired.not_taken:u	967	2400016	0
br_inst_retired.not_taken:u	968	2400016	0
br_inst_retired.not_taken:u	969	2400016	0
br_inst_retired.not_taken:u	970	2400016	0
br_inst_retired.not_taken:u	971	2400016	0
br_inst_retired.not_taken:u	972	2400016	0
br_inst_retired.not_taken:u	973	2400016	0
br_inst_retired.not_taken:u	974	2400016	0
br_inst_retired.not_taken:u	975	2400016	0
br_inst_retired.not_taken:u	976	2400016	0
br_inst_retired.not_taken:u	977	2400016	0
br_inst_retired.not_taken:u	978	2400016	0
br_inst_retired.not_taken:u	979	2400016	0
br_inst_retired.not_taken:u	980	2400016	0
br_inst_retired.not_taken:u	981	2400016	0
br_inst_retired.not_taken:u	982	2400016	0
br_inst_retired.not_taken:u	983	2400016	0
br_inst_retired.not_taken:u	984	2400016	0
br_inst_retired.not_taken:u	985	2400016	0
br_inst_retired.not_taken:u	986	2400016	0
br_inst_retired.not_taken:u	987	2400016	0
br_inst_retired.not_taken:u	988	2400016	0
br_inst_retired.not_taken:u	989	2400016	0
br_inst_retired.not_taken:u	990	2400016	0
br_inst_retired.not_taken:u	991	2400016	0
br_inst_retired.not_taken:u	992	2400016	0
br_inst_retired.not_taken:u	993	2400016	0
br_inst_retired.not_taken:u	994	2400016	0
br_inst_retired.not_taken:u	995	2400016	0
br_inst_retired.not_taken:u	996	2400016	0
br_inst_retired.not_taken:u	997	2400016	0
br_inst_retired.not_taken:u	998	2400016	0
br_inst_retired.not_taken:u	999	2400016	0
br_inst_retired.not_taken:u	1000	2400016	0
cycle_activity.cycles_l1d_miss:u	1	189799757	0
cycle_activity.cycles_l1d_miss:u	2	187779480	0
int_misc.clears_count:u	1	1902181	0
int_misc.clears_count:u	2	1901076	0
rs_events.empty_end:u	1	9434511	0
rs_events.empty_end:u	2	9447509	0
uops_executed.stall_cycles:u	1	1255305335	0
uops_executed.stall_cycles:u	2	1263245247	0
dtlb_store_misses.miss_causes_a_walk:u	1	30088	0
dtlb_store_misses.miss_causes_a_walk:u	2	30129	0
L1-icache-load-misses:u	1	16586	0
L1-icache-load-misses:u	2	16439	0
