event	round	count	exit
topdown-fetch-bubbles:u	1	14488963983	0
topdown-fetch-bubbles:u	2	14485677411	0
l2_rqsts.all_code_rd:u	1	16071	0
l2_rqsts.all_code_rd:u	2	16632	0
mem_inst_retired.all_loads:u	1	79960026	0
mem_inst_retired.all_loads:u	2	79960009	0
mem_load_retired.l1_miss:u	1	439829	0
mem_load_retired.l1_miss:u	2	440100	0
fp_arith_inst_retired.scalar_double:u	1	1900000	0
fp_arith_inst_retired.scalar_double:u	2	1900000	0
fp_arith_inst_retired.scalar_double:u	3	1900000	0
fp_arith_inst_retired.scalar_double:u	4	1900000	0
fp_arith_inst_retired.scalar_double:u	5	1900000	0
fp_arith_inst_retired.scalar_double:u	6	1900000	0
fp_arith_inst_retired.scalar_double:u	7	1900000	0
fp_arith_inst_retired.scalar_double:u	8	1900000	0
fp_arith_inst_retired.scalar_double:u	9	1900000	0
fp_arith_inst_retired.scalar_double:u	10	1900000	0
fp_arith_inst_retired.scalar_double:u	11	1900000	0
fp_arith_inst_retired.scalar_double:u	12	1900000	0
fp_arith_inst_retired.scalar_double:u	13	1900000	0
fp_arith_inst_retired.scalar_double:u	14	1900000	0
fp_arith_inst_retired.scalar_double:u	15	1900000	0
fp_arith_inst_retired.scalar_double:u	16	1900000	0
fp_arith_inst_retired.scalar_double:u	17	1900000	0
fp_arith_inst_retired.scalar_double:u	18	1900000	0
fp_arith_inst_retired.scalar_double:u	19	1900000	0
fp_arith_inst_retired.scalar_double:u	20	1900000	0
fp_arith_inst_retired.scalar_double:u	21	1900000	0
fp_arith_inst_retired.scalar_double:u	22	1900000	0
fp_arith_inst_retired.scalar_double:u	23	1900000	0
fp_arith_inst_retired.scalar_double:u	24	1900000	0
fp_arith_inst_retired.scalar_double:u	25	1900000	0
fp_arith_inst_retired.scalar_double:u	26	1900000	0
fp_arith_inst_retired.scalar_double:u	27	1900000	0
fp_arith_inst_retired.scalar_double:u	28	1900000	0
fp_arith_inst_retired.scalar_double:u	29	1900000	0
fp_arith_inst_retired.scalar_double:u	30	1900000	0
fp_arith_inst_retired.scalar_double:u	31	1900000	0
fp_arith_inst_retired.scalar_double:u	32	1900000	0
fp_arith_inst_retired.scalar_double:u	33	1900000	0
fp_arith_inst_retired.scalar_double:u	34	1900000	0
fp_arith_inst_retired.scalar_double:u	35	1900000	0
fp_arith_inst_retired.scalar_double:u	36	1900000	0
fp_arith_inst_retired.scalar_double:u	37	1900000	0
fp_arith_inst_retired.scalar_double:u	38	1900000	0
fp_arith_inst_retired.scalar_double:u	39	1900000	0
fp_arith_inst_retired.scalar_double:u	40	1900000	0
fp_arith_inst_retired.scalar_double:u	41	1900000	0
fp_arith_inst_retired.scalar_double:u	42	1900000	0
fp_arith_inst_retired.scalar_double:u	43	1900000	0
fp_arith_inst_retired.scalar_double:u	44	1900000	0
fp_arith_inst_retired.scalar_double:u	45	1900000	0
fp_arith_inst_retired.scalar_double:u	46	1900000	0
fp_arith_inst_retired.scalar_double:u	47	1900000	0
fp_arith_inst_retired.scalar_double:u	48	1900000	0
fp_arith_inst_retired.scalar_double:u	49	1900000	0
fp_arith_inst_retired.scalar_double:u	50	1900000	0
fp_arith_inst_retired.scalar_double:u	51	1900000	0
fp_arith_inst_retired.scalar_double:u	52	1900000	0
fp_arith_inst_retired.scalar_double:u	53	1900000	0
fp_arith_inst_retired.scalar_double:u	54	1900000	0
fp_arith_inst_retired.scalar_double:u	55	1900000	0
fp_arith_inst_retired.scalar_double:u	56	1900000	0
fp_arith_inst_retired.scalar_double:u	57	1900000	0
fp_arith_inst_retired.scalar_double:u	58	1900000	0
fp_arith_inst_retired.scalar_double:u	59	1900000	0
fp_arith_inst_retired.scalar_double:u	60	1900000	0
fp_arith_inst_retired.scalar_double:u	61	1900000	0
fp_arith_inst_retired.scalar_double:u	62	1900000	0
fp_arith_inst_retired.scalar_double:u	63	1900000	0
fp_arith_inst_retired.scalar_double:u	64	1900000	0
fp_arith_inst_retired.scalar_double:u	65	1900000	0
fp_arith_inst_retired.scalar_double:u	66	1900000	0
fp_arith_inst_retired.scalar_double:u	67	1900000	0
fp_arith_inst_retired.scalar_double:u	68	1900000	0
fp_arith_inst_retired.scalar_double:u	69	1900000	0
fp_arith_inst_retired.scalar_double:u	70	1900000	0
fp_arith_inst_retired.scalar_double:u	71	1900000	0
fp_arith_inst_retired.scalar_double:u	72	1900000	0
fp_arith_inst_retired.scalar_double:u	73	1900000	0
fp_arith_inst_retired.scalar_double:u	74	1900000	0
fp_arith_inst_retired.scalar_double:u	75	1900000	0
fp_arith_inst_retired.scalar_double:u	76	1900000	0
fp_arith_inst_retired.scalar_double:u	77	1900000	0
fp_arith_inst_retired.scalar_double:u	78	1900000	0
fp_arith_inst_retired.scalar_double:u	79	1900000	0
fp_arith_inst_retired.scalar_double:u	80	1900000	0
fp_arith_inst_retired.scalar_double:u	81	1900000	0
fp_arith_inst_retired.scalar_double:u	82	1900000	0
fp_arith_inst_retired.scalar_double:u	83	1900000	0
fp_arith_inst_retired.scalar_double:u	84	1900000	0
fp_arith_inst_retired.scalar_double:u	85	1900000	0
fp_arith_inst_retired.scalar_double:u	86	1900000	0
fp_arith_inst_retired.scalar_double:u	87	1900000	0
fp_arith_inst_retired.scalar_double:u	88	1900000	0
fp_arith_inst_retired.scalar_double:u	89	1900000	0
fp_arith_inst_retired.scalar_double:u	90	1900000	0
fp_arith_inst_retired.scalar_double:u	91	1900000	0
fp_arith_inst_retired.scalar_double:u	92	1900000	0
fp_arith_inst_retired.scalar_double:u	93	1900000	0
fp_arith_inst_retired.scalar_double:u	94	1900000	0
fp_arith_inst_retired.scalar_double:u	95	1900000	0
fp_arith_inst_retired.scalar_double:u	96	1900000	0
fp_arith_inst_retired.scalar_double:u	97	1900000	0
fp_arith_inst_retired.scalar_double:u	98	1900000	0
fp_arith_inst_retired.scalar_double:u	99	1900000	0
fp_arith_inst_retired.scalar_double:u	100	1900000	0
fp_arith_inst_retired.scalar_double:u	101	1900000	0
fp_arith_inst_retired.scalar_double:u	102	1900000	0
fp_arith_inst_retired.scalar_double:u	103	1900000	0
fp_arith_inst_retired.scalar_double:u	104	1900000	0
fp_arith_inst_retired.scalar_double:u	105	1900000	0
fp_arith_inst_retired.scalar_double:u	106	1900000	0
fp_arith_inst_retired.scalar_double:u	107	1900000	0
fp_arith_inst_retired.scalar_double:u	108	1900000	0
fp_arith_inst_retired.scalar_double:u	109	1900000	0
fp_arith_inst_retired.scalar_double:u	110	1900000	0
fp_arith_inst_retired.scalar_double:u	111	1900000	0
fp_arith_inst_retired.scalar_double:u	112	1900000	0
fp_arith_inst_retired.scalar_double:u	113	1900000	0
fp_arith_inst_retired.scalar_double:u	114	1900000	0
fp_arith_inst_retired.scalar_double:u	115	1900000	0
fp_arith_inst_retired.scalar_double:u	116	1900000	0
fp_arith_inst_retired.scalar_double:u	117	1900000	0
fp_arith_inst_retired.scalar_double:u	118	1900000	0
fp_arith_inst_retired.scalar_double:u	119	1900000	0
fp_arith_inst_retired.scalar_double:u	120	1900000	0
fp_arith_inst_retired.scalar_double:u	121	1900000	0
fp_arith_inst_retired.scalar_double:u	122	1900000	0
fp_arith_inst_retired.scalar_double:u	123	1900000	0
fp_arith_inst_retired.scalar_double:u	124	1900000	0
fp_arith_inst_retired.scalar_double:u	125	1900000	0
fp_arith_inst_retired.scalar_double:u	126	1900000	0
fp_arith_inst_retired.scalar_double:u	127	1900000	0
fp_arith_inst_retired.scalar_double:u	128	1900000	0
fp_arith_inst_retired.scalar_double:u	129	1900000	0
fp_arith_inst_retired.scalar_double:u	130	1900000	0
fp_arith_inst_retired.scalar_double:u	131	1900000	0
fp_arith_inst_retired.scalar_double:u	132	1900000	0
fp_arith_inst_retired.scalar_double:u	133	1900000	0
fp_arith_inst_retired.scalar_double:u	134	1900000	0
fp_arith_inst_retired.scalar_double:u	135	1900000	0
fp_arith_inst_retired.scalar_double:u	136	1900000	0
fp_arith_inst_retired.scalar_double:u	137	1900000	0
fp_arith_inst_retired.scalar_double:u	138	1900000	0
fp_arith_inst_retired.scalar_double:u	139	1900000	0
fp_arith_inst_retired.scalar_double:u	140	1900000	0
fp_arith_inst_retired.scalar_double:u	141	1900000	0
fp_arith_inst_retired.scalar_double:u	142	1900000	0
fp_arith_inst_retired.scalar_double:u	143	1900000	0
fp_arith_inst_retired.scalar_double:u	144	1900000	0
fp_arith_inst_retired.scalar_double:u	145	1900000	0
fp_arith_inst_retired.scalar_double:u	146	1900000	0
fp_arith_inst_retired.scalar_double:u	147	1900000	0
fp_arith_inst_retired.scalar_double:u	148	1900000	0
fp_arith_inst_retired.scalar_double:u	149	1900000	0
fp_arith_inst_retired.scalar_double:u	150	1900000	0
fp_arith_inst_retired.scalar_double:u	151	1900000	0
fp_arith_inst_retired.scalar_double:u	152	1900000	0
fp_arith_inst_retired.scalar_double:u	153	1900000	0
fp_arith_inst_retired.scalar_double:u	154	1900000	0
fp_arith_inst_retired.scalar_double:u	155	1900000	0
fp_arith_inst_retired.scalar_double:u	156	1900000	0
fp_arith_inst_retired.scalar_double:u	157	1900000	0
fp_arith_inst_retired.scalar_double:u	158	1900000	0
fp_arith_inst_retired.scalar_double:u	159	1900000	0
fp_arith_inst_retired.scalar_double:u	160	1900000	0
fp_arith_inst_retired.scalar_double:u	161	1900000	0
fp_arith_inst_retired.scalar_double:u	162	1900000	0
fp_arith_inst_retired.scalar_double:u	163	1900000	0
fp_arith_inst_retired.scalar_double:u	164	1900000	0
fp_arith_inst_retired.scalar_double:u	165	1900000	0
fp_arith_inst_retired.scalar_double:u	166	1900000	0
fp_arith_inst_retired.scalar_double:u	167	1900000	0
fp_arith_inst_retired.scalar_double:u	168	1900000	0
fp_arith_inst_retired.scalar_double:u	169	1900000	0
fp_arith_inst_retired.scalar_double:u	170	1900000	0
fp_arith_inst_retired.scalar_double:u	171	1900000	0
fp_arith_inst_retired.scalar_double:u	172	1900000	0
fp_arith_inst_retired.scalar_double:u	173	1900000	0
fp_arith_inst_retired.scalar_double:u	174	1900000	0
fp_arith_inst_retired.scalar_double:u	175	1900000	0
fp_arith_inst_retired.scalar_double:u	176	1900000	0
fp_arith_inst_retired.scalar_double:u	177	1900000	0
fp_arith_inst_retired.scalar_double:u	178	1900000	0
fp_arith_inst_retired.scalar_double:u	179	1900000	0
fp_arith_inst_retired.scalar_double:u	180	1900000	0
fp_arith_inst_retired.scalar_double:u	181	1900000	0
fp_arith_inst_retired.scalar_double:u	182	1900000	0
fp_arith_inst_retired.scalar_double:u	183	1900000	0
fp_arith_inst_retired.scalar_double:u	184	1900000	0
fp_arith_inst_retired.scalar_double:u	185	1900000	0
fp_arith_inst_retired.scalar_double:u	186	1900000	0
fp_arith_inst_retired.scalar_double:u	187	1900000	0
fp_arith_inst_retired.scalar_double:u	188	1900000	0
fp_arith_inst_retired.scalar_double:u	189	1900000	0
fp_arith_inst_retired.scalar_double:u	190	1900000	0
fp_arith_inst_retired.scalar_double:u	191	1900000	0
fp_arith_inst_retired.scalar_double:u	192	1900000	0
fp_arith_inst_retired.scalar_double:u	193	1900000	0
fp_arith_inst_retired.scalar_double:u	194	1900000	0
fp_arith_inst_retired.scalar_double:u	195	1900000	0
fp_arith_inst_retired.scalar_double:u	196	1900000	0
fp_arith_inst_retired.scalar_double:u	197	1900000	0
fp_arith_inst_retired.scalar_double:u	198	1900000	0
fp_arith_inst_retired.scalar_double:u	199	1900000	0
fp_arith_inst_retired.scalar_double:u	200	1900000	0
fp_arith_inst_retired.scalar_double:u	201	1900000	0
fp_arith_inst_retired.scalar_double:u	202	1900000	0
fp_arith_inst_retired.scalar_double:u	203	1900000	0
fp_arith_inst_retired.scalar_double:u	204	1900000	0
fp_arith_inst_retired.scalar_double:u	205	1900000	0
fp_arith_inst_retired.scalar_double:u	206	1900000	0
fp_arith_inst_retired.scalar_double:u	207	1900000	0
fp_arith_inst_retired.scalar_double:u	208	1900000	0
fp_arith_inst_retired.scalar_double:u	209	1900000	0
fp_arith_inst_retired.scalar_double:u	210	1900000	0
fp_arith_inst_retired.scalar_double:u	211	1900000	0
fp_arith_inst_retired.scalar_double:u	212	1900000	0
fp_arith_inst_retired.scalar_double:u	213	1900000	0
fp_arith_inst_retired.scalar_double:u	214	1900000	0
fp_arith_inst_retired.scalar_double:u	215	1900000	0
fp_arith_inst_retired.scalar_double:u	216	1900000	0
fp_arith_inst_retired.scalar_double:u	217	1900000	0
fp_arith_inst_retired.scalar_double:u	218	1900000	0
fp_arith_inst_retired.scalar_double:u	219	1900000	0
fp_arith_inst_retired.scalar_double:u	220	1900000	0
fp_arith_inst_retired.scalar_double:u	221	1900000	0
fp_arith_inst_retired.scalar_double:u	222	1900000	0
fp_arith_inst_retired.scalar_double:u	223	1900000	0
fp_arith_inst_retired.scalar_double:u	224	1900000	0
fp_arith_inst_retired.scalar_double:u	225	1900000	0
fp_arith_inst_retired.scalar_double:u	226	1900000	0
fp_arith_inst_retired.scalar_double:u	227	1900000	0
fp_arith_inst_retired.scalar_double:u	228	1900000	0
fp_arith_inst_retired.scalar_double:u	229	1900000	0
fp_arith_inst_retired.scalar_double:u	230	1900000	0
fp_arith_inst_retired.scalar_double:u	231	1900000	0
fp_arith_inst_retired.scalar_double:u	232	1900000	0
fp_arith_inst_retired.scalar_double:u	233	1900000	0
fp_arith_inst_retired.scalar_double:u	234	1900000	0
fp_arith_inst_retired.scalar_double:u	235	1900000	0
fp_arith_inst_retired.scalar_double:u	236	1900000	0
fp_arith_inst_retired.scalar_double:u	237	1900000	0
fp_arith_inst_retired.scalar_double:u	238	1900000	0
fp_arith_inst_retired.scalar_double:u	239	1900000	0
fp_arith_inst_retired.scalar_double:u	240	1900000	0
fp_arith_inst_retired.scalar_double:u	241	1900000	0
fp_arith_inst_retired.scalar_double:u	242	1900000	0
fp_arith_inst_retired.scalar_double:u	243	1900000	0
fp_arith_inst_retired.scalar_double:u	244	1900000	0
fp_arith_inst_retired.scalar_double:u	245	1900000	0
fp_arith_inst_retired.scalar_double:u	246	1900000	0
fp_arith_inst_retired.scalar_double:u	247	1900000	0
fp_arith_inst_retired.scalar_double:u	248	1900000	0
fp_arith_inst_retired.scalar_double:u	249	1900000	0
fp_arith_inst_retired.scalar_double:u	250	1900000	0
fp_arith_inst_retired.scalar_double:u	251	1900000	0
fp_arith_inst_retired.scalar_double:u	252	1900000	0
fp_arith_inst_retired.scalar_double:u	253	1900000	0
fp_arith_inst_retired.scalar_double:u	254	1900000	0
fp_arith_inst_retired.scalar_double:u	255	1900000	0
fp_arith_inst_retired.scalar_double:u	256	1900000	0
fp_arith_inst_retired.scalar_double:u	257	1900000	0
fp_arith_inst_retired.scalar_double:u	258	1900000	0
fp_arith_inst_retired.scalar_double:u	259	1900000	0
fp_arith_inst_retired.scalar_double:u	260	1900000	0
fp_arith_inst_retired.scalar_double:u	261	1900000	0
fp_arith_inst_retired.scalar_double:u	262	1900000	0
fp_arith_inst_retired.scalar_double:u	263	1900000	0
fp_arith_inst_retired.scalar_double:u	264	1900000	0
fp_arith_inst_retired.scalar_double:u	265	1900000	0
fp_arith_inst_retired.scalar_double:u	266	1900000	0
fp_arith_inst_retired.scalar_double:u	267	1900000	0
fp_arith_inst_retired.scalar_double:u	268	1900000	0
fp_arith_inst_retired.scalar_double:u	269	1900000	0
fp_arith_inst_retired.scalar_double:u	270	1900000	0
fp_arith_inst_retired.scalar_double:u	271	1900000	0
fp_arith_inst_retired.scalar_double:u	272	1900000	0
fp_arith_inst_retired.scalar_double:u	273	1900000	0
fp_arith_inst_retired.scalar_double:u	274	1900000	0
fp_arith_inst_retired.scalar_double:u	275	1900000	0
fp_arith_inst_retired.scalar_double:u	276	1900000	0
fp_arith_inst_retired.scalar_double:u	277	1900000	0
fp_arith_inst_retired.scalar_double:u	278	1900000	0
fp_arith_inst_retired.scalar_double:u	279	1900000	0
fp_arith_inst_retired.scalar_double:u	280	1900000	0
fp_arith_inst_retired.scalar_double:u	281	1900000	0
fp_arith_inst_retired.scalar_double:u	282	1900000	0
fp_arith_inst_retired.scalar_double:u	283	1900000	0
fp_arith_inst_retired.scalar_double:u	284	1900000	0
fp_arith_inst_retired.scalar_double:u	285	1900000	0
fp_arith_inst_retired.scalar_double:u	286	1900000	0
fp_arith_inst_retired.scalar_double:u	287	1900000	0
fp_arith_inst_retired.scalar_double:u	288	1900000	0
fp_arith_inst_retired.scalar_double:u	289	1900000	0
fp_arith_inst_retired.scalar_double:u	290	1900000	0
fp_arith_inst_retired.scalar_double:u	291	1900000	0
fp_arith_inst_retired.scalar_double:u	292	1900000	0
fp_arith_inst_retired.scalar_double:u	293	1900000	0
fp_arith_inst_retired.scalar_double:u	294	1900000	0
fp_arith_inst_retired.scalar_double:u	295	1900000	0
fp_arith_inst_retired.scalar_double:u	296	1900000	0
fp_arith_inst_retired.scalar_double:u	297	1900000	0
fp_arith_inst_retired.scalar_double:u	298	1900000	0
fp_arith_inst_retired.scalar_double:u	299	1900000	0
fp_arith_inst_retired.scalar_double:u	300	1900000	0
fp_arith_inst_retired.scalar_double:u	301	1900000	0
fp_arith_inst_retired.scalar_double:u	302	1900000	0
fp_arith_inst_retired.scalar_double:u	303	1900000	0
fp_arith_inst_retired.scalar_double:u	304	1900000	0
fp_arith_inst_retired.scalar_double:u	305	1900000	0
fp_arith_inst_retired.scalar_double:u	306	1900000	0
fp_arith_inst_retired.scalar_double:u	307	1900000	0
fp_arith_inst_retired.scalar_double:u	308	1900000	0
fp_arith_inst_retired.scalar_double:u	309	1900000	0
fp_arith_inst_retired.scalar_double:u	310	1900000	0
fp_arith_inst_retired.scalar_double:u	311	1900000	0
fp_arith_inst_retired.scalar_double:u	312	1900000	0
fp_arith_inst_retired.scalar_double:u	313	1900000	0
fp_arith_inst_retired.scalar_double:u	314	1900000	0
fp_arith_inst_retired.scalar_double:u	315	1900000	0
fp_arith_inst_retired.scalar_double:u	316	1900000	0
fp_arith_inst_retired.scalar_double:u	317	1900000	0
fp_arith_inst_retired.scalar_double:u	318	1900000	0
fp_arith_inst_retired.scalar_double:u	319	1900000	0
fp_arith_inst_retired.scalar_double:u	320	1900000	0
fp_arith_inst_retired.scalar_double:u	321	1900000	0
fp_arith_inst_retired.scalar_double:u	322	1900000	0
fp_arith_inst_retired.scalar_double:u	323	1900000	0
fp_arith_inst_retired.scalar_double:u	324	1900000	0
fp_arith_inst_retired.scalar_double:u	325	1900000	0
fp_arith_inst_retired.scalar_double:u	326	1900000	0
fp_arith_inst_retired.scalar_double:u	327	1900000	0
fp_arith_inst_retired.scalar_double:u	328	1900000	0
fp_arith_inst_retired.scalar_double:u	329	1900000	0
fp_arith_inst_retired.scalar_double:u	330	1900000	0
fp_arith_inst_retired.scalar_double:u	331	1900000	0
fp_arith_inst_retired.scalar_double:u	332	1900000	0
fp_arith_inst_retired.scalar_double:u	333	1900000	0
fp_arith_inst_retired.scalar_double:u	334	1900000	0
fp_arith_inst_retired.scalar_double:u	335	1900000	0
fp_arith_inst_retired.scalar_double:u	336	1900000	0
fp_arith_inst_retired.scalar_double:u	337	1900000	0
fp_arith_inst_retired.scalar_double:u	338	1900000	0
fp_arith_inst_retired.scalar_double:u	339	1900000	0
fp_arith_inst_retired.scalar_double:u	340	1900000	0
fp_arith_inst_retired.scalar_double:u	341	1900000	0
fp_arith_inst_retired.scalar_double:u	342	1900000	0
fp_arith_inst_retired.scalar_double:u	343	1900000	0
fp_arith_inst_retired.scalar_double:u	344	1900000	0
fp_arith_inst_retired.scalar_double:u	345	1900000	0
fp_arith_inst_retired.scalar_double:u	346	1900000	0
fp_arith_inst_retired.scalar_double:u	347	1900000	0
fp_arith_inst_retired.scalar_double:u	348	1900000	0
fp_arith_inst_retired.scalar_double:u	349	1900000	0
fp_arith_inst_retired.scalar_double:u	350	1900000	0
fp_arith_inst_retired.scalar_double:u	351	1900000	0
fp_arith_inst_retired.scalar_double:u	352	1900000	0
fp_arith_inst_retired.scalar_double:u	353	1900000	0
fp_arith_inst_retired.scalar_double:u	354	1900000	0
fp_arith_inst_retired.scalar_double:u	355	1900000	0
fp_arith_inst_retired.scalar_double:u	356	1900000	0
fp_arith_inst_retired.scalar_double:u	357	1900000	0
fp_arith_inst_retired.scalar_double:u	358	1900000	0
fp_arith_inst_retired.scalar_double:u	359	1900000	0
fp_arith_inst_retired.scalar_double:u	360	1900000	0
fp_arith_inst_retired.scalar_double:u	361	1900000	0
fp_arith_inst_retired.scalar_double:u	362	1900000	0
fp_arith_inst_retired.scalar_double:u	363	1900000	0
fp_arith_inst_retired.scalar_double:u	364	1900000	0
fp_arith_inst_retired.scalar_double:u	365	1900000	0
fp_arith_inst_retired.scalar_double:u	366	1900000	0
fp_arith_inst_retired.scalar_double:u	367	1900000	0
fp_arith_inst_retired.scalar_double:u	368	1900000	0
fp_arith_inst_retired.scalar_double:u	369	1900000	0
fp_arith_inst_retired.scalar_double:u	370	1900000	0
fp_arith_inst_retired.scalar_double:u	371	1900000	0
fp_arith_inst_retired.scalar_double:u	372	1900000	0
fp_arith_inst_retired.scalar_double:u	373	1900000	0
fp_arith_inst_retired.scalar_double:u	374	1900000	0
fp_arith_inst_retired.scalar_double:u	375	1900000	0
fp_arith_inst_retired.scalar_double:u	376	1900000	0
fp_arith_inst_retired.scalar_double:u	377	1900000	0
fp_arith_inst_retired.scalar_double:u	378	1900000	0
fp_arith_inst_retired.scalar_double:u	379	1900000	0
fp_arith_inst_retired.scalar_double:u	380	1900000	0
fp_arith_inst_retired.scalar_double:u	381	1900000	0
fp_arith_inst_retired.scalar_double:u	382	1900000	0
fp_arith_inst_retired.scalar_double:u	383	1900000	0
fp_arith_inst_retired.scalar_double:u	384	1900000	0
fp_arith_inst_retired.scalar_double:u	385	1900000	0
fp_arith_inst_retired.scalar_double:u	386	1900000	0
fp_arith_inst_retired.scalar_double:u	387	1900000	0
fp_arith_inst_retired.scalar_double:u	388	1900000	0
fp_arith_inst_retired.scalar_double:u	389	1900000	0
fp_arith_inst_retired.scalar_double:u	390	1900000	0
fp_arith_inst_retired.scalar_double:u	391	1900000	0
fp_arith_inst_retired.scalar_double:u	392	1900000	0
fp_arith_inst_retired.scalar_double:u	393	1900000	0
fp_arith_inst_retired.scalar_double:u	394	1900000	0
fp_arith_inst_retired.scalar_double:u	395	1900000	0
fp_arith_inst_retired.scalar_double:u	396	1900000	0
fp_arith_inst_retired.scalar_double:u	397	1900000	0
fp_arith_inst_retired.scalar_double:u	398	1900000	0
fp_arith_inst_retired.scalar_double:u	399	1900000	0
fp_arith_inst_retired.scalar_double:u	400	1900000	0
fp_arith_inst_retired.scalar_double:u	401	1900000	0
fp_arith_inst_retired.scalar_double:u	402	1900000	0
fp_arith_inst_retired.scalar_double:u	403	1900000	0
fp_arith_inst_retired.scalar_double:u	404	1900000	0
fp_arith_inst_retired.scalar_double:u	405	1900000	0
fp_arith_inst_retired.scalar_double:u	406	1900000	0
fp_arith_inst_retired.scalar_double:u	407	1900000	0
fp_arith_inst_retired.scalar_double:u	408	1900000	0
fp_arith_inst_retired.scalar_double:u	409	1900000	0
fp_arith_inst_retired.scalar_double:u	410	1900000	0
fp_arith_inst_retired.scalar_double:u	411	1900000	0
fp_arith_inst_retired.scalar_double:u	412	1900000	0
fp_arith_inst_retired.scalar_double:u	413	1900000	0
fp_arith_inst_retired.scalar_double:u	414	1900000	0
fp_arith_inst_retired.scalar_double:u	415	1900000	0
fp_arith_inst_retired.scalar_double:u	416	1900000	0
fp_arith_inst_retired.scalar_double:u	417	1900000	0
fp_arith_inst_retired.scalar_double:u	418	1900000	0
fp_arith_inst_retired.scalar_double:u	419	1900000	0
fp_arith_inst_retired.scalar_double:u	420	1900000	0
fp_arith_inst_retired.scalar_double:u	421	1900000	0
fp_arith_inst_retired.scalar_double:u	422	1900000	0
fp_arith_inst_retired.scalar_double:u	423	1900000	0
fp_arith_inst_retired.scalar_double:u	424	1900000	0
fp_arith_inst_retired.scalar_double:u	425	1900000	0
fp_arith_inst_retired.scalar_double:u	426	1900000	0
fp_arith_inst_retired.scalar_double:u	427	1900000	0
fp_arith_inst_retired.scalar_double:u	428	1900000	0
fp_arith_inst_retired.scalar_double:u	429	1900000	0
fp_arith_inst_retired.scalar_double:u	430	1900000	0
fp_arith_inst_retired.scalar_double:u	431	1900000	0
fp_arith_inst_retired.scalar_double:u	432	1900000	0
fp_arith_inst_retired.scalar_double:u	433	1900000	0
fp_arith_inst_retired.scalar_double:u	434	1900000	0
fp_arith_inst_retired.scalar_double:u	435	1900000	0
fp_arith_inst_retired.scalar_double:u	436	1900000	0
fp_arith_inst_retired.scalar_double:u	437	1900000	0
fp_arith_inst_retired.scalar_double:u	438	1900000	0
fp_arith_inst_retired.scalar_double:u	439	1900000	0
fp_arith_inst_retired.scalar_double:u	440	1900000	0
fp_arith_inst_retired.scalar_double:u	441	1900000	0
fp_arith_inst_retired.scalar_double:u	442	1900000	0
fp_arith_inst_retired.scalar_double:u	443	1900000	0
fp_arith_inst_retired.scalar_double:u	444	1900000	0
fp_arith_inst_retired.scalar_double:u	445	1900000	0
fp_arith_inst_retired.scalar_double:u	446	1900000	0
fp_arith_inst_retired.scalar_double:u	447	1900000	0
fp_arith_inst_retired.scalar_double:u	448	1900000	0
fp_arith_inst_retired.scalar_double:u	449	1900000	0
fp_arith_inst_retired.scalar_double:u	450	1900000	0
fp_arith_inst_retired.scalar_double:u	451	1900000	0
fp_arith_inst_retired.scalar_double:u	452	1900000	0
fp_arith_inst_retired.scalar_double:u	453	1900000	0
fp_arith_inst_retired.scalar_double:u	454	1900000	0
fp_arith_inst_retired.scalar_double:u	455	1900000	0
fp_arith_inst_retired.scalar_double:u	456	1900000	0
fp_arith_inst_retired.scalar_double:u	457	1900000	0
fp_arith_inst_retired.scalar_double:u	458	1900000	0
fp_arith_inst_retired.scalar_double:u	459	1900000	0
fp_arith_inst_retired.scalar_double:u	460	1900000	0
fp_arith_inst_retired.scalar_double:u	461	1900000	0
fp_arith_inst_retired.scalar_double:u	462	1900000	0
fp_arith_inst_retired.scalar_double:u	463	1900000	0
fp_arith_inst_retired.scalar_double:u	464	1900000	0
fp_arith_inst_retired.scalar_double:u	465	1900000	0
fp_arith_inst_retired.scalar_double:u	466	1900000	0
fp_arith_inst_retired.scalar_double:u	467	1900000	0
fp_arith_inst_retired.scalar_double:u	468	1900000	0
fp_arith_inst_retired.scalar_double:u	469	1900000	0
fp_arith_inst_retired.scalar_double:u	470	1900000	0
fp_arith_inst_retired.scalar_double:u	471	1900000	0
fp_arith_inst_retired.scalar_double:u	472	1900000	0
fp_arith_inst_retired.scalar_double:u	473	1900000	0
fp_arith_inst_retired.scalar_double:u	474	1900000	0
fp_arith_inst_retired.scalar_double:u	475	1900000	0
fp_arith_inst_retired.scalar_double:u	476	1900000	0
fp_arith_inst_retired.scalar_double:u	477	1900000	0
fp_arith_inst_retired.scalar_double:u	478	1900000	0
fp_arith_inst_retired.scalar_double:u	479	1900000	0
fp_arith_inst_retired.scalar_double:u	480	1900000	0
fp_arith_inst_retired.scalar_double:u	481	1900000	0
fp_arith_inst_retired.scalar_double:u	482	1900000	0
fp_arith_inst_retired.scalar_double:u	483	1900000	0
fp_arith_inst_retired.scalar_double:u	484	1900000	0
fp_arith_inst_retired.scalar_double:u	485	1900000	0
fp_arith_inst_retired.scalar_double:u	486	1900000	0
fp_arith_inst_retired.scalar_double:u	487	1900000	0
fp_arith_inst_retired.scalar_double:u	488	1900000	0
fp_arith_inst_retired.scalar_double:u	489	1900000	0
fp_arith_inst_retired.scalar_double:u	490	1900000	0
fp_arith_inst_retired.scalar_double:u	491	1900000	0
fp_arith_inst_retired.scalar_double:u	492	1900000	0
fp_arith_inst_retired.scalar_double:u	493	1900000	0
fp_arith_inst_retired.scalar_double:u	494	1900000	0
fp_arith_inst_retired.scalar_double:u	495	1900000	0
fp_arith_inst_retired.scalar_double:u	496	1900000	0
fp_arith_inst_retired.scalar_double:u	497	1900000	0
fp_arith_inst_retired.scalar_double:u	498	1900000	0
fp_arith_inst_retired.scalar_double:u	499	1900000	0
fp_arith_inst_retired.scalar_double:u	500	1900000	0
fp_arith_inst_retired.scalar_double:u	501	1900000	0
fp_arith_inst_retired.scalar_double:u	502	1900000	0
fp_arith_inst_retired.scalar_double:u	503	1900000	0
fp_arith_inst_retired.scalar_double:u	504	1900000	0
fp_arith_inst_retired.scalar_double:u	505	1900000	0
fp_arith_inst_retired.scalar_double:u	506	1900000	0
fp_arith_inst_retired.scalar_double:u	507	1900000	0
fp_arith_inst_retired.scalar_double:u	508	1900000	0
fp_arith_inst_retired.scalar_double:u	509	1900000	0
fp_arith_inst_retired.scalar_double:u	510	1900000	0
fp_arith_inst_retired.scalar_double:u	511	1900000	0
fp_arith_inst_retired.scalar_double:u	512	1900000	0
fp_arith_inst_retired.scalar_double:u	513	1900000	0
fp_arith_inst_retired.scalar_double:u	514	1900000	0
fp_arith_inst_retired.scalar_double:u	515	1900000	0
fp_arith_inst_retired.scalar_double:u	516	1900000	0
fp_arith_inst_retired.scalar_double:u	517	1900000	0
fp_arith_inst_retired.scalar_double:u	518	1900000	0
fp_arith_inst_retired.scalar_double:u	519	1900000	0
fp_arith_inst_retired.scalar_double:u	520	1900000	0
fp_arith_inst_retired.scalar_double:u	521	1900000	0
fp_arith_inst_retired.scalar_double:u	522	1900000	0
fp_arith_inst_retired.scalar_double:u	523	1900000	0
fp_arith_inst_retired.scalar_double:u	524	1900000	0
fp_arith_inst_retired.scalar_double:u	525	1900000	0
fp_arith_inst_retired.scalar_double:u	526	1900000	0
fp_arith_inst_retired.scalar_double:u	527	1900000	0
fp_arith_inst_retired.scalar_double:u	528	1900000	0
fp_arith_inst_retired.scalar_double:u	529	1900000	0
fp_arith_inst_retired.scalar_double:u	530	1900000	0
fp_arith_inst_retired.scalar_double:u	531	1900000	0
fp_arith_inst_retired.scalar_double:u	532	1900000	0
fp_arith_inst_retired.scalar_double:u	533	1900000	0
fp_arith_inst_retired.scalar_double:u	534	1900000	0
fp_arith_inst_retired.scalar_double:u	535	1900000	0
fp_arith_inst_retired.scalar_double:u	536	1900000	0
fp_arith_inst_retired.scalar_double:u	537	1900000	0
fp_arith_inst_retired.scalar_double:u	538	1900000	0
fp_arith_inst_retired.scalar_double:u	539	1900000	0
fp_arith_inst_retired.scalar_double:u	540	1900000	0
fp_arith_inst_retired.scalar_double:u	541	1900000	0
fp_arith_inst_retired.scalar_double:u	542	1900000	0
fp_arith_inst_retired.scalar_double:u	543	1900000	0
fp_arith_inst_retired.scalar_double:u	544	1900000	0
fp_arith_inst_retired.scalar_double:u	545	1900000	0
fp_arith_inst_retired.scalar_double:u	546	1900000	0
fp_arith_inst_retired.scalar_double:u	547	1900000	0
fp_arith_inst_retired.scalar_double:u	548	1900000	0
fp_arith_inst_retired.scalar_double:u	549	1900000	0
fp_arith_inst_retired.scalar_double:u	550	1900000	0
fp_arith_inst_retired.scalar_double:u	551	1900000	0
fp_arith_inst_retired.scalar_double:u	552	1900000	0
fp_arith_inst_retired.scalar_double:u	553	1900000	0
fp_arith_inst_retired.scalar_double:u	554	1900000	0
fp_arith_inst_retired.scalar_double:u	555	1900000	0
fp_arith_inst_retired.scalar_double:u	556	1900000	0
fp_arith_inst_retired.scalar_double:u	557	1900000	0
fp_arith_inst_retired.scalar_double:u	558	1900000	0
fp_arith_inst_retired.scalar_double:u	559	1900000	0
fp_arith_inst_retired.scalar_double:u	560	1900000	0
fp_arith_inst_retired.scalar_double:u	561	1900000	0
fp_arith_inst_retired.scalar_double:u	562	1900000	0
fp_arith_inst_retired.scalar_double:u	563	1900000	0
fp_arith_inst_retired.scalar_double:u	564	1900000	0
fp_arith_inst_retired.scalar_double:u	565	1900000	0
fp_arith_inst_retired.scalar_double:u	566	1900000	0
fp_arith_inst_retired.scalar_double:u	567	1900000	0
fp_arith_inst_retired.scalar_double:u	568	1900000	0
fp_arith_inst_retired.scalar_double:u	569	1900000	0
fp_arith_inst_retired.scalar_double:u	570	1900000	0
fp_arith_inst_retired.scalar_double:u	571	1900000	0
fp_arith_inst_retired.scalar_double:u	572	1900000	0
fp_arith_inst_retired.scalar_double:u	573	1900000	0
fp_arith_inst_retired.scalar_double:u	574	1900000	0
fp_arith_inst_retired.scalar_double:u	575	1900000	0
fp_arith_inst_retired.scalar_double:u	576	1900000	0
fp_arith_inst_retired.scalar_double:u	577	1900000	0
fp_arith_inst_retired.scalar_double:u	578	1900000	0
fp_arith_inst_retired.scalar_double:u	579	1900000	0
fp_arith_inst_retired.scalar_double:u	580	1900000	0
fp_arith_inst_retired.scalar_double:u	581	1900000	0
fp_arith_inst_retired.scalar_double:u	582	1900000	0
fp_arith_inst_retired.scalar_double:u	583	1900000	0
fp_arith_inst_retired.scalar_double:u	584	1900000	0
fp_arith_inst_retired.scalar_double:u	585	1900000	0
fp_arith_inst_retired.scalar_double:u	586	1900000	0
fp_arith_inst_retired.scalar_double:u	587	1900000	0
fp_arith_inst_retired.scalar_double:u	588	1900000	0
fp_arith_inst_retired.scalar_double:u	589	1900000	0
fp_arith_inst_retired.scalar_double:u	590	1900000	0
fp_arith_inst_retired.scalar_double:u	591	1900000	0
fp_arith_inst_retired.scalar_double:u	592	1900000	0
fp_arith_inst_retired.scalar_double:u	593	1900000	0
fp_arith_inst_retired.scalar_double:u	594	1900000	0
fp_arith_inst_retired.scalar_double:u	595	1900000	0
fp_arith_inst_retired.scalar_double:u	596	1900000	0
fp_arith_inst_retired.scalar_double:u	597	1900000	0
fp_arith_inst_retired.scalar_double:u	598	1900000	0
fp_arith_inst_retired.scalar_double:u	599	1900000	0
fp_arith_inst_retired.scalar_double:u	600	1900000	0
fp_arith_inst_retired.scalar_double:u	601	1900000	0
fp_arith_inst_retired.scalar_double:u	602	1900000	0
fp_arith_inst_retired.scalar_double:u	603	1900000	0
fp_arith_inst_retired.scalar_double:u	604	1900000	0
fp_arith_inst_retired.scalar_double:u	605	1900000	0
fp_arith_inst_retired.scalar_double:u	606	1900000	0
fp_arith_inst_retired.scalar_double:u	607	1900000	0
fp_arith_inst_retired.scalar_double:u	608	1900000	0
fp_arith_inst_retired.scalar_double:u	609	1900000	0
fp_arith_inst_retired.scalar_double:u	610	1900000	0
fp_arith_inst_retired.scalar_double:u	611	1900000	0
fp_arith_inst_retired.scalar_double:u	612	1900000	0
fp_arith_inst_retired.scalar_double:u	613	1900000	0
fp_arith_inst_retired.scalar_double:u	614	1900000	0
fp_arith_inst_retired.scalar_double:u	615	1900000	0
fp_arith_inst_retired.scalar_double:u	616	1900000	0
fp_arith_inst_retired.scalar_double:u	617	1900000	0
fp_arith_inst_retired.scalar_double:u	618	1900000	0
fp_arith_inst_retired.scalar_double:u	619	1900000	0
fp_arith_inst_retired.scalar_double:u	620	1900000	0
fp_arith_inst_retired.scalar_double:u	621	1900000	0
fp_arith_inst_retired.scalar_double:u	622	1900000	0
fp_arith_inst_retired.scalar_double:u	623	1900000	0
fp_arith_inst_retired.scalar_double:u	624	1900000	0
fp_arith_inst_retired.scalar_double:u	625	1900000	0
fp_arith_inst_retired.scalar_double:u	626	1900000	0
fp_arith_inst_retired.scalar_double:u	627	1900000	0
fp_arith_inst_retired.scalar_double:u	628	1900000	0
fp_arith_inst_retired.scalar_double:u	629	1900000	0
fp_arith_inst_retired.scalar_double:u	630	1900000	0
fp_arith_inst_retired.scalar_double:u	631	1900000	0
fp_arith_inst_retired.scalar_double:u	632	1900000	0
fp_arith_inst_retired.scalar_double:u	633	1900000	0
fp_arith_inst_retired.scalar_double:u	634	1900000	0
fp_arith_inst_retired.scalar_double:u	635	1900000	0
fp_arith_inst_retired.scalar_double:u	636	1900000	0
fp_arith_inst_retired.scalar_double:u	637	1900000	0
fp_arith_inst_retired.scalar_double:u	638	1900000	0
fp_arith_inst_retired.scalar_double:u	639	1900000	0
fp_arith_inst_retired.scalar_double:u	640	1900000	0
fp_arith_inst_retired.scalar_double:u	641	1900000	0
fp_arith_inst_retired.scalar_double:u	642	1900000	0
fp_arith_inst_retired.scalar_double:u	643	1900000	0
fp_arith_inst_retired.scalar_double:u	644	1900000	0
fp_arith_inst_retired.scalar_double:u	645	1900000	0
fp_arith_inst_retired.scalar_double:u	646	1900000	0
fp_arith_inst_retired.scalar_double:u	647	1900000	0
fp_arith_inst_retired.scalar_double:u	648	1900000	0
fp_arith_inst_retired.scalar_double:u	649	1900000	0
fp_arith_inst_retired.scalar_double:u	650	1900000	0
fp_arith_inst_retired.scalar_double:u	651	1900000	0
fp_arith_inst_retired.scalar_double:u	652	1900000	0
fp_arith_inst_retired.scalar_double:u	653	1900000	0
fp_arith_inst_retired.scalar_double:u	654	1900000	0
fp_arith_inst_retired.scalar_double:u	655	1900000	0
fp_arith_inst_retired.scalar_double:u	656	1900000	0
fp_arith_inst_retired.scalar_double:u	657	1900000	0
fp_arith_inst_retired.scalar_double:u	658	1900000	0
fp_arith_inst_retired.scalar_double:u	659	1900000	0
fp_arith_inst_retired.scalar_double:u	660	1900000	0
fp_arith_inst_retired.scalar_double:u	661	1900000	0
fp_arith_inst_retired.scalar_double:u	662	1900000	0
fp_arith_inst_retired.scalar_double:u	663	1900000	0
fp_arith_inst_retired.scalar_double:u	664	1900000	0
fp_arith_inst_retired.scalar_double:u	665	1900000	0
fp_arith_inst_retired.scalar_double:u	666	1900000	0
fp_arith_inst_retired.scalar_double:u	667	1900000	0
fp_arith_inst_retired.scalar_double:u	668	1900000	0
fp_arith_inst_retired.scalar_double:u	669	1900000	0
fp_arith_inst_retired.scalar_double:u	670	1900000	0
fp_arith_inst_retired.scalar_double:u	671	1900000	0
fp_arith_inst_retired.scalar_double:u	672	1900000	0
fp_arith_inst_retired.scalar_double:u	673	1900000	0
fp_arith_inst_retired.scalar_double:u	674	1900000	0
fp_arith_inst_retired.scalar_double:u	675	1900000	0
fp_arith_inst_retired.scalar_double:u	676	1900000	0
fp_arith_inst_retired.scalar_double:u	677	1900000	0
fp_arith_inst_retired.scalar_double:u	678	1900000	0
fp_arith_inst_retired.scalar_double:u	679	1900000	0
fp_arith_inst_retired.scalar_double:u	680	1900000	0
fp_arith_inst_retired.scalar_double:u	681	1900000	0
fp_arith_inst_retired.scalar_double:u	682	1900000	0
fp_arith_inst_retired.scalar_double:u	683	1900000	0
fp_arith_inst_retired.scalar_double:u	684	1900000	0
fp_arith_inst_retired.scalar_double:u	685	1900000	0
fp_arith_inst_retired.scalar_double:u	686	1900000	0
fp_arith_inst_retired.scalar_double:u	687	1900000	0
fp_arith_inst_retired.scalar_double:u	688	1900000	0
fp_arith_inst_retired.scalar_double:u	689	1900000	0
fp_arith_inst_retired.scalar_double:u	690	1900000	0
fp_arith_inst_retired.scalar_double:u	691	1900000	0
fp_arith_inst_retired.scalar_double:u	692	1900000	0
fp_arith_inst_retired.scalar_double:u	693	1900000	0
fp_arith_inst_retired.scalar_double:u	694	1900000	0
fp_arith_inst_retired.scalar_double:u	695	1900000	0
fp_arith_inst_retired.scalar_double:u	696	1900000	0
fp_arith_inst_retired.scalar_double:u	697	1900000	0
fp_arith_inst_retired.scalar_double:u	698	1900000	0
fp_arith_inst_retired.scalar_double:u	699	1900000	0
fp_arith_inst_retired.scalar_double:u	700	1900000	0
fp_arith_inst_retired.scalar_double:u	701	1900000	0
fp_arith_inst_retired.scalar_double:u	702	1900000	0
fp_arith_inst_retired.scalar_double:u	703	1900000	0
fp_arith_inst_retired.scalar_double:u	704	1900000	0
fp_arith_inst_retired.scalar_double:u	705	1900000	0
fp_arith_inst_retired.scalar_double:u	706	1900000	0
fp_arith_inst_retired.scalar_double:u	707	1900000	0
fp_arith_inst_retired.scalar_double:u	708	1900000	0
fp_arith_inst_retired.scalar_double:u	709	1900000	0
fp_arith_inst_retired.scalar_double:u	710	1900000	0
fp_arith_inst_retired.scalar_double:u	711	1900000	0
fp_arith_inst_retired.scalar_double:u	712	1900000	0
fp_arith_inst_retired.scalar_double:u	713	1900000	0
fp_arith_inst_retired.scalar_double:u	714	1900000	0
fp_arith_inst_retired.scalar_double:u	715	1900000	0
fp_arith_inst_retired.scalar_double:u	716	1900000	0
fp_arith_inst_retired.scalar_double:u	717	1900000	0
fp_arith_inst_retired.scalar_double:u	718	1900000	0
fp_arith_inst_retired.scalar_double:u	719	1900000	0
fp_arith_inst_retired.scalar_double:u	720	1900000	0
fp_arith_inst_retired.scalar_double:u	721	1900000	0
fp_arith_inst_retired.scalar_double:u	722	1900000	0
fp_arith_inst_retired.scalar_double:u	723	1900000	0
fp_arith_inst_retired.scalar_double:u	724	1900000	0
fp_arith_inst_retired.scalar_double:u	725	1900000	0
fp_arith_inst_retired.scalar_double:u	726	1900000	0
fp_arith_inst_retired.scalar_double:u	727	1900000	0
fp_arith_inst_retired.scalar_double:u	728	1900000	0
fp_arith_inst_retired.scalar_double:u	729	1900000	0
fp_arith_inst_retired.scalar_double:u	730	1900000	0
fp_arith_inst_retired.scalar_double:u	731	1900000	0
fp_arith_inst_retired.scalar_double:u	732	1900000	0
fp_arith_inst_retired.scalar_double:u	733	1900000	0
fp_arith_inst_retired.scalar_double:u	734	1900000	0
fp_arith_inst_retired.scalar_double:u	735	1900000	0
fp_arith_inst_retired.scalar_double:u	736	1900000	0
fp_arith_inst_retired.scalar_double:u	737	1900000	0
fp_arith_inst_retired.scalar_double:u	738	1900000	0
fp_arith_inst_retired.scalar_double:u	739	1900000	0
fp_arith_inst_retired.scalar_double:u	740	1900000	0
fp_arith_inst_retired.scalar_double:u	741	1900000	0
fp_arith_inst_retired.scalar_double:u	742	1900000	0
fp_arith_inst_retired.scalar_double:u	743	1900000	0
fp_arith_inst_retired.scalar_double:u	744	1900000	0
fp_arith_inst_retired.scalar_double:u	745	1900000	0
fp_arith_inst_retired.scalar_double:u	746	1900000	0
fp_arith_inst_retired.scalar_double:u	747	1900000	0
fp_arith_inst_retired.scalar_double:u	748	1900000	0
fp_arith_inst_retired.scalar_double:u	749	1900000	0
fp_arith_inst_retired.scalar_double:u	750	1900000	0
fp_arith_inst_retired.scalar_double:u	751	1900000	0
fp_arith_inst_retired.scalar_double:u	752	1900000	0
fp_arith_inst_retired.scalar_double:u	753	1900000	0
fp_arith_inst_retired.scalar_double:u	754	1900000	0
fp_arith_inst_retired.scalar_double:u	755	1900000	0
fp_arith_inst_retired.scalar_double:u	756	1900000	0
fp_arith_inst_retired.scalar_double:u	757	1900000	0
fp_arith_inst_retired.scalar_double:u	758	1900000	0
fp_arith_inst_retired.scalar_double:u	759	1900000	0
fp_arith_inst_retired.scalar_double:u	760	1900000	0
fp_arith_inst_retired.scalar_double:u	761	1900000	0
fp_arith_inst_retired.scalar_double:u	762	1900000	0
fp_arith_inst_retired.scalar_double:u	763	1900000	0
fp_arith_inst_retired.scalar_double:u	764	1900000	0
fp_arith_inst_retired.scalar_double:u	765	1900000	0
fp_arith_inst_retired.scalar_double:u	766	1900000	0
fp_arith_inst_retired.scalar_double:u	767	1900000	0
fp_arith_inst_retired.scalar_double:u	768	1900000	0
fp_arith_inst_retired.scalar_double:u	769	1900000	0
fp_arith_inst_retired.scalar_double:u	770	1900000	0
fp_arith_inst_retired.scalar_double:u	771	1900000	0
fp_arith_inst_retired.scalar_double:u	772	1900000	0
fp_arith_inst_retired.scalar_double:u	773	1900000	0
fp_arith_inst_retired.scalar_double:u	774	1900000	0
fp_arith_inst_retired.scalar_double:u	775	1900000	0
fp_arith_inst_retired.scalar_double:u	776	1900000	0
fp_arith_inst_retired.scalar_double:u	777	1900000	0
fp_arith_inst_retired.scalar_double:u	778	1900000	0
fp_arith_inst_retired.scalar_double:u	779	1900000	0
fp_arith_inst_retired.scalar_double:u	780	1900000	0
fp_arith_inst_retired.scalar_double:u	781	1900000	0
fp_arith_inst_retired.scalar_double:u	782	1900000	0
fp_arith_inst_retired.scalar_double:u	783	1900000	0
fp_arith_inst_retired.scalar_double:u	784	1900000	0
fp_arith_inst_retired.scalar_double:u	785	1900000	0
fp_arith_inst_retired.scalar_double:u	786	1900000	0
fp_arith_inst_retired.scalar_double:u	787	1900000	0
fp_arith_inst_retired.scalar_double:u	788	1900000	0
fp_arith_inst_retired.scalar_double:u	789	1900000	0
fp_arith_inst_retired.scalar_double:u	790	1900000	0
fp_arith_inst_retired.scalar_double:u	791	1900000	0
fp_arith_inst_retired.scalar_double:u	792	1900000	0
fp_arith_inst_retired.scalar_double:u	793	1900000	0
fp_arith_inst_retired.scalar_double:u	794	1900000	0
fp_arith_inst_retired.scalar_double:u	795	1900000	0
fp_arith_inst_retired.scalar_double:u	796	1900000	0
fp_arith_inst_retired.scalar_double:u	797	1900000	0
fp_arith_inst_retired.scalar_double:u	798	1900000	0
fp_arith_inst_retired.scalar_double:u	799	1900000	0
fp_arith_inst_retired.scalar_double:u	800	1900000	0
fp_arith_inst_retired.scalar_double:u	801	1900000	0
fp_arith_inst_retired.scalar_double:u	802	1900000	0
fp_arith_inst_retired.scalar_double:u	803	1900000	0
fp_arith_inst_retired.scalar_double:u	804	1900000	0
fp_arith_inst_retired.scalar_double:u	805	1900000	0
fp_arith_inst_retired.scalar_double:u	806	1900000	0
fp_arith_inst_retired.scalar_double:u	807	1900000	0
fp_arith_inst_retired.scalar_double:u	808	1900000	0
fp_arith_inst_retired.scalar_double:u	809	1900000	0
fp_arith_inst_retired.scalar_double:u	810	1900000	0
fp_arith_inst_retired.scalar_double:u	811	1900000	0
fp_arith_inst_retired.scalar_double:u	812	1900000	0
fp_arith_inst_retired.scalar_double:u	813	1900000	0
fp_arith_inst_retired.scalar_double:u	814	1900000	0
fp_arith_inst_retired.scalar_double:u	815	1900000	0
fp_arith_inst_retired.scalar_double:u	816	1900000	0
fp_arith_inst_retired.scalar_double:u	817	1900000	0
fp_arith_inst_retired.scalar_double:u	818	1900000	0
fp_arith_inst_retired.scalar_double:u	819	1900000	0
fp_arith_inst_retired.scalar_double:u	820	1900000	0
fp_arith_inst_retired.scalar_double:u	821	1900000	0
fp_arith_inst_retired.scalar_double:u	822	1900000	0
fp_arith_inst_retired.scalar_double:u	823	1900000	0
fp_arith_inst_retired.scalar_double:u	824	1900000	0
fp_arith_inst_retired.scalar_double:u	825	1900000	0
fp_arith_inst_retired.scalar_double:u	826	1900000	0
fp_arith_inst_retired.scalar_double:u	827	1900000	0
fp_arith_inst_retired.scalar_double:u	828	1900000	0
fp_arith_inst_retired.scalar_double:u	829	1900000	0
fp_arith_inst_retired.scalar_double:u	830	1900000	0
fp_arith_inst_retired.scalar_double:u	831	1900000	0
fp_arith_inst_retired.scalar_double:u	832	1900000	0
fp_arith_inst_retired.scalar_double:u	833	1900000	0
fp_arith_inst_retired.scalar_double:u	834	1900000	0
fp_arith_inst_retired.scalar_double:u	835	1900000	0
fp_arith_inst_retired.scalar_double:u	836	1900000	0
fp_arith_inst_retired.scalar_double:u	837	1900000	0
fp_arith_inst_retired.scalar_double:u	838	1900000	0
fp_arith_inst_retired.scalar_double:u	839	1900000	0
fp_arith_inst_retired.scalar_double:u	840	1900000	0
fp_arith_inst_retired.scalar_double:u	841	1900000	0
fp_arith_inst_retired.scalar_double:u	842	1900000	0
fp_arith_inst_retired.scalar_double:u	843	1900000	0
fp_arith_inst_retired.scalar_double:u	844	1900000	0
fp_arith_inst_retired.scalar_double:u	845	1900000	0
fp_arith_inst_retired.scalar_double:u	846	1900000	0
fp_arith_inst_retired.scalar_double:u	847	1900000	0
fp_arith_inst_retired.scalar_double:u	848	1900000	0
fp_arith_inst_retired.scalar_double:u	849	1900000	0
fp_arith_inst_retired.scalar_double:u	850	1900000	0
fp_arith_inst_retired.scalar_double:u	851	1900000	0
fp_arith_inst_retired.scalar_double:u	852	1900000	0
fp_arith_inst_retired.scalar_double:u	853	1900000	0
fp_arith_inst_retired.scalar_double:u	854	1900000	0
fp_arith_inst_retired.scalar_double:u	855	1900000	0
fp_arith_inst_retired.scalar_double:u	856	1900000	0
fp_arith_inst_retired.scalar_double:u	857	1900000	0
fp_arith_inst_retired.scalar_double:u	858	1900000	0
fp_arith_inst_retired.scalar_double:u	859	1900000	0
fp_arith_inst_retired.scalar_double:u	860	1900000	0
fp_arith_inst_retired.scalar_double:u	861	1900000	0
fp_arith_inst_retired.scalar_double:u	862	1900000	0
fp_arith_inst_retired.scalar_double:u	863	1900000	0
fp_arith_inst_retired.scalar_double:u	864	1900000	0
fp_arith_inst_retired.scalar_double:u	865	1900000	0
fp_arith_inst_retired.scalar_double:u	866	1900000	0
fp_arith_inst_retired.scalar_double:u	867	1900000	0
fp_arith_inst_retired.scalar_double:u	868	1900000	0
fp_arith_inst_retired.scalar_double:u	869	1900000	0
fp_arith_inst_retired.scalar_double:u	870	1900000	0
fp_arith_inst_retired.scalar_double:u	871	1900000	0
fp_arith_inst_retired.scalar_double:u	872	1900000	0
fp_arith_inst_retired.scalar_double:u	873	1900000	0
fp_arith_inst_retired.scalar_double:u	874	1900000	0
fp_arith_inst_retired.scalar_double:u	875	1900000	0
fp_arith_inst_retired.scalar_double:u	876	1900000	0
fp_arith_inst_retired.scalar_double:u	877	1900000	0
fp_arith_inst_retired.scalar_double:u	878	1900000	0
fp_arith_inst_retired.scalar_double:u	879	1900000	0
fp_arith_inst_retired.scalar_double:u	880	1900000	0
fp_arith_inst_retired.scalar_double:u	881	1900000	0
fp_arith_inst_retired.scalar_double:u	882	1900000	0
fp_arith_inst_retired.scalar_double:u	883	1900000	0
fp_arith_inst_retired.scalar_double:u	884	1900000	0
fp_arith_inst_retired.scalar_double:u	885	1900000	0
fp_arith_inst_retired.scalar_double:u	886	1900000	0
fp_arith_inst_retired.scalar_double:u	887	1900000	0
fp_arith_inst_retired.scalar_double:u	888	1900000	0
fp_arith_inst_retired.scalar_double:u	889	1900000	0
fp_arith_inst_retired.scalar_double:u	890	1900000	0
fp_arith_inst_retired.scalar_double:u	891	1900000	0
fp_arith_inst_retired.scalar_double:u	892	1900000	0
fp_arith_inst_retired.scalar_double:u	893	1900000	0
fp_arith_inst_retired.scalar_double:u	894	1900000	0
fp_arith_inst_retired.scalar_double:u	895	1900000	0
fp_arith_inst_retired.scalar_double:u	896	1900000	0
fp_arith_inst_retired.scalar_double:u	897	1900000	0
fp_arith_inst_retired.scalar_double:u	898	1900000	0
fp_arith_inst_retired.scalar_double:u	899	1900000	0
fp_arith_inst_retired.scalar_double:u	900	1900000	0
fp_arith_inst_retired.scalar_double:u	901	1900000	0
fp_arith_inst_retired.scalar_double:u	902	1900000	0
fp_arith_inst_retired.scalar_double:u	903	1900000	0
fp_arith_inst_retired.scalar_double:u	904	1900000	0
fp_arith_inst_retired.scalar_double:u	905	1900000	0
fp_arith_inst_retired.scalar_double:u	906	1900000	0
fp_arith_inst_retired.scalar_double:u	907	1900000	0
fp_arith_inst_retired.scalar_double:u	908	1900000	0
fp_arith_inst_retired.scalar_double:u	909	1900000	0
fp_arith_inst_retired.scalar_double:u	910	1900000	0
fp_arith_inst_retired.scalar_double:u	911	1900000	0
fp_arith_inst_retired.scalar_double:u	912	1900000	0
fp_arith_inst_retired.scalar_double:u	913	1900000	0
fp_arith_inst_retired.scalar_double:u	914	1900000	0
fp_arith_inst_retired.scalar_double:u	915	1900000	0
fp_arith_inst_retired.scalar_double:u	916	1900000	0
fp_arith_inst_retired.scalar_double:u	917	1900000	0
fp_arith_inst_retired.scalar_double:u	918	1900000	0
fp_arith_inst_retired.scalar_double:u	919	1900000	0
fp_arith_inst_retired.scalar_double:u	920	1900000	0
fp_arith_inst_retired.scalar_double:u	921	1900000	0
fp_arith_inst_retired.scalar_double:u	922	1900000	0
fp_arith_inst_retired.scalar_double:u	923	1900000	0
fp_arith_inst_retired.scalar_double:u	924	1900000	0
fp_arith_inst_retired.scalar_double:u	925	1900000	0
fp_arith_inst_retired.scalar_double:u	926	1900000	0
fp_arith_inst_retired.scalar_double:u	927	1900000	0
fp_arith_inst_retired.scalar_double:u	928	1900000	0
fp_arith_inst_retired.scalar_double:u	929	1900000	0
fp_arith_inst_retired.scalar_double:u	930	1900000	0
fp_arith_inst_retired.scalar_double:u	931	1900000	0
fp_arith_inst_retired.scalar_double:u	932	1900000	0
fp_arith_inst_retired.scalar_double:u	933	1900000	0
fp_arith_inst_retired.scalar_double:u	934	1900000	0
fp_arith_inst_retired.scalar_double:u	935	1900000	0
fp_arith_inst_retired.scalar_double:u	936	1900000	0
fp_arith_inst_retired.scalar_double:u	937	1900000	0
fp_arith_inst_retired.scalar_double:u	938	1900000	0
fp_arith_inst_retired.scalar_double:u	939	1900000	0
fp_arith_inst_retired.scalar_double:u	940	1900000	0
fp_arith_inst_retired.scalar_double:u	941	1900000	0
fp_arith_inst_retired.scalar_double:u	942	1900000	0
fp_arith_inst_retired.scalar_double:u	943	1900000	0
fp_arith_inst_retired.scalar_double:u	944	1900000	0
fp_arith_inst_retired.scalar_double:u	945	1900000	0
fp_arith_inst_retired.scalar_double:u	946	1900000	0
fp_arith_inst_retired.scalar_double:u	947	1900000	0
fp_arith_inst_retired.scalar_double:u	948	1900000	0
fp_arith_inst_retired.scalar_double:u	949	1900000	0
fp_arith_inst_retired.scalar_double:u	950	1900000	0
fp_arith_inst_retired.scalar_double:u	951	1900000	0
fp_arith_inst_retired.scalar_double:u	952	1900000	0
fp_arith_inst_retired.scalar_double:u	953	1900000	0
fp_arith_inst_retired.scalar_double:u	954	1900000	0
fp_arith_inst_retired.scalar_double:u	955	1900000	0
fp_arith_inst_retired.scalar_double:u	956	1900000	0
fp_arith_inst_retired.scalar_double:u	957	1900000	0
fp_arith_inst_retired.scalar_double:u	958	1900000	0
fp_arith_inst_retired.scalar_double:u	959	1900000	0
fp_arith_inst_retired.scalar_double:u	960	1900000	0
fp_arith_inst_retired.scalar_double:u	961	1900000	0
fp_arith_inst_retired.scalar_double:u	962	1900000	0
fp_arith_inst_retired.scalar_double:u	963	1900000	0
fp_arith_inst_retired.scalar_double:u	964	1900000	0
fp_arith_inst_retired.scalar_double:u	965	1900000	0
fp_arith_inst_retired.scalar_double:u	966	1900000	0
fp_arith_inst_retired.scalar_double:u	967	1900000	0
fp_arith_inst_retired.scalar_double:u	968	1900000	0
fp_arith_inst_retired.scalar_double:u	969	1900000	0
fp_arith_inst_retired.scalar_double:u	970	1900000	0
fp_arith_inst_retired.scalar_double:u	971	1900000	0
fp_arith_inst_retired.scalar_double:u	972	1900000	0
fp_arith_inst_retired.scalar_double:u	973	1900000	0
fp_arith_inst_retired.scalar_double:u	974	1900000	0
fp_arith_inst_retired.scalar_double:u	975	1900000	0
fp_arith_inst_retired.scalar_double:u	976	1900000	0
fp_arith_inst_retired.scalar_double:u	977	1900000	0
fp_arith_inst_retired.scalar_double:u	978	1900000	0
fp_arith_inst_retired.scalar_double:u	979	1900000	0
fp_arith_inst_retired.scalar_double:u	980	1900000	0
fp_arith_inst_retired.scalar_double:u	981	1900000	0
fp_arith_inst_retired.scalar_double:u	982	1900000	0
fp_arith_inst_retired.scalar_double:u	983	1900000	0
fp_arith_inst_retired.scalar_double:u	984	1900000	0
fp_arith_inst_retired.scalar_double:u	985	1900000	0
fp_arith_inst_retired.scalar_double:u	986	1900000	0
fp_arith_inst_retired.scalar_double:u	987	1900000	0
fp_arith_inst_retired.scalar_double:u	988	1900000	0
fp_arith_inst_retired.scalar_double:u	989	1900000	0
fp_arith_inst_retired.scalar_double:u	990	1900000	0
fp_arith_inst_retired.scalar_double:u	991	1900000	0
fp_arith_inst_retired.scalar_double:u	992	1900000	0
fp_arith_inst_retired.scalar_double:u	993	1900000	0
fp_arith_inst_retired.scalar_double:u	994	1900000	0
fp_arith_inst_retired.scalar_double:u	995	1900000	0
fp_arith_inst_retired.scalar_double:u	996	1900000	0
fp_arith_inst_retired.scalar_double:u	997	1900000	0
fp_arith_inst_retired.scalar_double:u	998	1900000	0
fp_arith_inst_retired.scalar_double:u	999	1900000	0
fp_arith_inst_retired.scalar_double:u	1000	1900000	0
idq.dsb_cycles_ok:u	1	36097390	0
idq.dsb_cycles_ok:u	2	36216300	0
hle_retired.aborted_mem:u	1	0	0
hle_retired.aborted_mem:u	2	0	0
hle_retired.aborted_mem:u	3	0	0
hle_retired.aborted_mem:u	4	0	0
hle_retired.aborted_mem:u	5	0	0
hle_retired.aborted_mem:u	6	0	0
hle_retired.aborted_mem:u	7	0	0
hle_retired.aborted_mem:u	8	0	0
hle_retired.aborted_mem:u	9	0	0
hle_retired.aborted_mem:u	10	0	0
hle_retired.aborted_mem:u	11	0	0
hle_retired.aborted_mem:u	12	0	0
hle_retired.aborted_mem:u	13	0	0
hle_retired.aborted_mem:u	14	0	0
hle_retired.aborted_mem:u	15	0	0
hle_retired.aborted_mem:u	16	0	0
hle_retired.aborted_mem:u	17	0	0
hle_retired.aborted_mem:u	18	0	0
hle_retired.aborted_mem:u	19	0	0
hle_retired.aborted_mem:u	20	0	0
hle_retired.aborted_mem:u	21	0	0
hle_retired.aborted_mem:u	22	0	0
hle_retired.aborted_mem:u	23	0	0
hle_retired.aborted_mem:u	24	0	0
hle_retired.aborted_mem:u	25	0	0
hle_retired.aborted_mem:u	26	0	0
hle_retired.aborted_mem:u	27	0	0
hle_retired.aborted_mem:u	28	0	0
hle_retired.aborted_mem:u	29	0	0
hle_retired.aborted_mem:u	30	0	0
hle_retired.aborted_mem:u	31	0	0
hle_retired.aborted_mem:u	32	0	0
hle_retired.aborted_mem:u	33	0	0
hle_retired.aborted_mem:u	34	0	0
hle_retired.aborted_mem:u	35	0	0
hle_retired.aborted_mem:u	36	0	0
hle_retired.aborted_mem:u	37	0	0
hle_retired.aborted_mem:u	38	0	0
hle_retired.aborted_mem:u	39	0	0
hle_retired.aborted_mem:u	40	0	0
hle_retired.aborted_mem:u	41	0	0
hle_retired.aborted_mem:u	42	0	0
hle_retired.aborted_mem:u	43	0	0
hle_retired.aborted_mem:u	44	0	0
hle_retired.aborted_mem:u	45	0	0
hle_retired.aborted_mem:u	46	0	0
hle_retired.aborted_mem:u	47	0	0
hle_retired.aborted_mem:u	48	0	0
hle_retired.aborted_mem:u	49	0	0
hle_retired.aborted_mem:u	50	0	0
hle_retired.aborted_mem:u	51	0	0
hle_retired.aborted_mem:u	52	0	0
hle_retired.aborted_mem:u	53	0	0
hle_retired.aborted_mem:u	54	0	0
hle_retired.aborted_mem:u	55	0	0
hle_retired.aborted_mem:u	56	0	0
hle_retired.aborted_mem:u	57	0	0
hle_retired.aborted_mem:u	58	0	0
hle_retired.aborted_mem:u	59	0	0
hle_retired.aborted_mem:u	60	0	0
hle_retired.aborted_mem:u	61	0	0
hle_retired.aborted_mem:u	62	0	0
hle_retired.aborted_mem:u	63	0	0
hle_retired.aborted_mem:u	64	0	0
hle_retired.aborted_mem:u	65	0	0
hle_retired.aborted_mem:u	66	0	0
hle_retired.aborted_mem:u	67	0	0
hle_retired.aborted_mem:u	68	0	0
hle_retired.aborted_mem:u	69	0	0
hle_retired.aborted_mem:u	70	0	0
hle_retired.aborted_mem:u	71	0	0
hle_retired.aborted_mem:u	72	0	0
hle_retired.aborted_mem:u	73	0	0
hle_retired.aborted_mem:u	74	0	0
hle_retired.aborted_mem:u	75	0	0
hle_retired.aborted_mem:u	76	0	0
hle_retired.aborted_mem:u	77	0	0
hle_retired.aborted_mem:u	78	0	0
hle_retired.aborted_mem:u	79	0	0
hle_retired.aborted_mem:u	80	0	0
hle_retired.aborted_mem:u	81	0	0
hle_retired.aborted_mem:u	82	0	0
hle_retired.aborted_mem:u	83	0	0
hle_retired.aborted_mem:u	84	0	0
hle_retired.aborted_mem:u	85	0	0
hle_retired.aborted_mem:u	86	0	0
hle_retired.aborted_mem:u	87	0	0
hle_retired.aborted_mem:u	88	0	0
hle_retired.aborted_mem:u	89	0	0
hle_retired.aborted_mem:u	90	0	0
hle_retired.aborted_mem:u	91	0	0
hle_retired.aborted_mem:u	92	0	0
hle_retired.aborted_mem:u	93	0	0
hle_retired.aborted_mem:u	94	0	0
hle_retired.aborted_mem:u	95	0	0
hle_retired.aborted_mem:u	96	0	0
hle_retired.aborted_mem:u	97	0	0
hle_retired.aborted_mem:u	98	0	0
hle_retired.aborted_mem:u	99	0	0
hle_retired.aborted_mem:u	100	0	0
hle_retired.aborted_mem:u	101	0	0
hle_retired.aborted_mem:u	102	0	0
hle_retired.aborted_mem:u	103	0	0
hle_retired.aborted_mem:u	104	0	0
hle_retired.aborted_mem:u	105	0	0
hle_retired.aborted_mem:u	106	0	0
hle_retired.aborted_mem:u	107	0	0
hle_retired.aborted_mem:u	108	0	0
hle_retired.aborted_mem:u	109	0	0
hle_retired.aborted_mem:u	110	0	0
hle_retired.aborted_mem:u	111	0	0
hle_retired.aborted_mem:u	112	0	0
hle_retired.aborted_mem:u	113	0	0
hle_retired.aborted_mem:u	114	0	0
hle_retired.aborted_mem:u	115	0	0
hle_retired.aborted_mem:u	116	0	0
hle_retired.aborted_mem:u	117	0	0
hle_retired.aborted_mem:u	118	0	0
hle_retired.aborted_mem:u	119	0	0
hle_retired.aborted_mem:u	120	0	0
hle_retired.aborted_mem:u	121	0	0
hle_retired.aborted_mem:u	122	0	0
hle_retired.aborted_mem:u	123	0	0
hle_retired.aborted_mem:u	124	0	0
hle_retired.aborted_mem:u	125	0	0
hle_retired.aborted_mem:u	126	0	0
hle_retired.aborted_mem:u	127	0	0
hle_retired.aborted_mem:u	128	0	0
hle_retired.aborted_mem:u	129	0	0
hle_retired.aborted_mem:u	130	0	0
hle_retired.aborted_mem:u	131	0	0
hle_retired.aborted_mem:u	132	0	0
hle_retired.aborted_mem:u	133	0	0
hle_retired.aborted_mem:u	134	0	0
hle_retired.aborted_mem:u	135	0	0
hle_retired.aborted_mem:u	136	0	0
hle_retired.aborted_mem:u	137	0	0
hle_retired.aborted_mem:u	138	0	0
hle_retired.aborted_mem:u	139	0	0
hle_retired.aborted_mem:u	140	0	0
hle_retired.aborted_mem:u	141	0	0
hle_retired.aborted_mem:u	142	0	0
hle_retired.aborted_mem:u	143	0	0
hle_retired.aborted_mem:u	144	0	0
hle_retired.aborted_mem:u	145	0	0
hle_retired.aborted_mem:u	146	0	0
hle_retired.aborted_mem:u	147	0	0
hle_retired.aborted_mem:u	148	0	0
hle_retired.aborted_mem:u	149	0	0
hle_retired.aborted_mem:u	150	0	0
hle_retired.aborted_mem:u	151	0	0
hle_retired.aborted_mem:u	152	0	0
hle_retired.aborted_mem:u	153	0	0
hle_retired.aborted_mem:u	154	0	0
hle_retired.aborted_mem:u	155	0	0
hle_retired.aborted_mem:u	156	0	0
hle_retired.aborted_mem:u	157	0	0
hle_retired.aborted_mem:u	158	0	0
hle_retired.aborted_mem:u	159	0	0
hle_retired.aborted_mem:u	160	0	0
hle_retired.aborted_mem:u	161	0	0
hle_retired.aborted_mem:u	162	0	0
hle_retired.aborted_mem:u	163	0	0
hle_retired.aborted_mem:u	164	0	0
hle_retired.aborted_mem:u	165	0	0
hle_retired.aborted_mem:u	166	0	0
hle_retired.aborted_mem:u	167	0	0
hle_retired.aborted_mem:u	168	0	0
hle_retired.aborted_mem:u	169	0	0
hle_retired.aborted_mem:u	170	0	0
hle_retired.aborted_mem:u	171	0	0
hle_retired.aborted_mem:u	172	0	0
hle_retired.aborted_mem:u	173	0	0
hle_retired.aborted_mem:u	174	0	0
hle_retired.aborted_mem:u	175	0	0
hle_retired.aborted_mem:u	176	0	0
hle_retired.aborted_mem:u	177	0	0
hle_retired.aborted_mem:u	178	0	0
hle_retired.aborted_mem:u	179	0	0
hle_retired.aborted_mem:u	180	0	0
hle_retired.aborted_mem:u	181	0	0
hle_retired.aborted_mem:u	182	0	0
hle_retired.aborted_mem:u	183	0	0
hle_retired.aborted_mem:u	184	0	0
hle_retired.aborted_mem:u	185	0	0
hle_retired.aborted_mem:u	186	0	0
hle_retired.aborted_mem:u	187	0	0
hle_retired.aborted_mem:u	188	0	0
hle_retired.aborted_mem:u	189	0	0
hle_retired.aborted_mem:u	190	0	0
hle_retired.aborted_mem:u	191	0	0
hle_retired.aborted_mem:u	192	0	0
hle_retired.aborted_mem:u	193	0	0
hle_retired.aborted_mem:u	194	0	0
hle_retired.aborted_mem:u	195	0	0
hle_retired.aborted_mem:u	196	0	0
hle_retired.aborted_mem:u	197	0	0
hle_retired.aborted_mem:u	198	0	0
hle_retired.aborted_mem:u	199	0	0
hle_retired.aborted_mem:u	200	0	0
hle_retired.aborted_mem:u	201	0	0
hle_retired.aborted_mem:u	202	0	0
hle_retired.aborted_mem:u	203	0	0
hle_retired.aborted_mem:u	204	0	0
hle_retired.aborted_mem:u	205	0	0
hle_retired.aborted_mem:u	206	0	0
hle_retired.aborted_mem:u	207	0	0
hle_retired.aborted_mem:u	208	0	0
hle_retired.aborted_mem:u	209	0	0
hle_retired.aborted_mem:u	210	0	0
hle_retired.aborted_mem:u	211	0	0
hle_retired.aborted_mem:u	212	0	0
hle_retired.aborted_mem:u	213	0	0
hle_retired.aborted_mem:u	214	0	0
hle_retired.aborted_mem:u	215	0	0
hle_retired.aborted_mem:u	216	0	0
hle_retired.aborted_mem:u	217	0	0
hle_retired.aborted_mem:u	218	0	0
hle_retired.aborted_mem:u	219	0	0
hle_retired.aborted_mem:u	220	0	0
hle_retired.aborted_mem:u	221	0	0
hle_retired.aborted_mem:u	222	0	0
hle_retired.aborted_mem:u	223	0	0
hle_retired.aborted_mem:u	224	0	0
hle_retired.aborted_mem:u	225	0	0
hle_retired.aborted_mem:u	226	0	0
hle_retired.aborted_mem:u	227	0	0
hle_retired.aborted_mem:u	228	0	0
hle_retired.aborted_mem:u	229	0	0
hle_retired.aborted_mem:u	230	0	0
hle_retired.aborted_mem:u	231	0	0
hle_retired.aborted_mem:u	232	0	0
hle_retired.aborted_mem:u	233	0	0
hle_retired.aborted_mem:u	234	0	0
hle_retired.aborted_mem:u	235	0	0
hle_retired.aborted_mem:u	236	0	0
hle_retired.aborted_mem:u	237	0	0
hle_retired.aborted_mem:u	238	0	0
hle_retired.aborted_mem:u	239	0	0
hle_retired.aborted_mem:u	240	0	0
hle_retired.aborted_mem:u	241	0	0
hle_retired.aborted_mem:u	242	0	0
hle_retired.aborted_mem:u	243	0	0
hle_retired.aborted_mem:u	244	0	0
hle_retired.aborted_mem:u	245	0	0
hle_retired.aborted_mem:u	246	0	0
hle_retired.aborted_mem:u	247	0	0
hle_retired.aborted_mem:u	248	0	0
hle_retired.aborted_mem:u	249	0	0
hle_retired.aborted_mem:u	250	0	0
hle_retired.aborted_mem:u	251	0	0
hle_retired.aborted_mem:u	252	0	0
hle_retired.aborted_mem:u	253	0	0
hle_retired.aborted_mem:u	254	0	0
hle_retired.aborted_mem:u	255	0	0
hle_retired.aborted_mem:u	256	0	0
hle_retired.aborted_mem:u	257	0	0
hle_retired.aborted_mem:u	258	0	0
hle_retired.aborted_mem:u	259	0	0
hle_retired.aborted_mem:u	260	0	0
hle_retired.aborted_mem:u	261	0	0
hle_retired.aborted_mem:u	262	0	0
hle_retired.aborted_mem:u	263	0	0
hle_retired.aborted_mem:u	264	0	0
hle_retired.aborted_mem:u	265	0	0
hle_retired.aborted_mem:u	266	0	0
hle_retired.aborted_mem:u	267	0	0
hle_retired.aborted_mem:u	268	0	0
hle_retired.aborted_mem:u	269	0	0
hle_retired.aborted_mem:u	270	0	0
hle_retired.aborted_mem:u	271	0	0
hle_retired.aborted_mem:u	272	0	0
hle_retired.aborted_mem:u	273	0	0
hle_retired.aborted_mem:u	274	0	0
hle_retired.aborted_mem:u	275	0	0
hle_retired.aborted_mem:u	276	0	0
hle_retired.aborted_mem:u	277	0	0
hle_retired.aborted_mem:u	278	0	0
hle_retired.aborted_mem:u	279	0	0
hle_retired.aborted_mem:u	280	0	0
hle_retired.aborted_mem:u	281	0	0
hle_retired.aborted_mem:u	282	0	0
hle_retired.aborted_mem:u	283	0	0
hle_retired.aborted_mem:u	284	0	0
hle_retired.aborted_mem:u	285	0	0
hle_retired.aborted_mem:u	286	0	0
hle_retired.aborted_mem:u	287	0	0
hle_retired.aborted_mem:u	288	0	0
hle_retired.aborted_mem:u	289	0	0
hle_retired.aborted_mem:u	290	0	0
hle_retired.aborted_mem:u	291	0	0
hle_retired.aborted_mem:u	292	0	0
hle_retired.aborted_mem:u	293	0	0
hle_retired.aborted_mem:u	294	0	0
hle_retired.aborted_mem:u	295	0	0
hle_retired.aborted_mem:u	296	0	0
hle_retired.aborted_mem:u	297	0	0
hle_retired.aborted_mem:u	298	0	0
hle_retired.aborted_mem:u	299	0	0
hle_retired.aborted_mem:u	300	0	0
hle_retired.aborted_mem:u	301	0	0
hle_retired.aborted_mem:u	302	0	0
hle_retired.aborted_mem:u	303	0	0
hle_retired.aborted_mem:u	304	0	0
hle_retired.aborted_mem:u	305	0	0
hle_retired.aborted_mem:u	306	0	0
hle_retired.aborted_mem:u	307	0	0
hle_retired.aborted_mem:u	308	0	0
hle_retired.aborted_mem:u	309	0	0
hle_retired.aborted_mem:u	310	0	0
hle_retired.aborted_mem:u	311	0	0
hle_retired.aborted_mem:u	312	0	0
hle_retired.aborted_mem:u	313	0	0
hle_retired.aborted_mem:u	314	0	0
hle_retired.aborted_mem:u	315	0	0
hle_retired.aborted_mem:u	316	0	0
hle_retired.aborted_mem:u	317	0	0
hle_retired.aborted_mem:u	318	0	0
hle_retired.aborted_mem:u	319	0	0
hle_retired.aborted_mem:u	320	0	0
hle_retired.aborted_mem:u	321	0	0
hle_retired.aborted_mem:u	322	0	0
hle_retired.aborted_mem:u	323	0	0
hle_retired.aborted_mem:u	324	0	0
hle_retired.aborted_mem:u	325	0	0
hle_retired.aborted_mem:u	326	0	0
hle_retired.aborted_mem:u	327	0	0
hle_retired.aborted_mem:u	328	0	0
hle_retired.aborted_mem:u	329	0	0
hle_retired.aborted_mem:u	330	0	0
hle_retired.aborted_mem:u	331	0	0
hle_retired.aborted_mem:u	332	0	0
hle_retired.aborted_mem:u	333	0	0
hle_retired.aborted_mem:u	334	0	0
hle_retired.aborted_mem:u	335	0	0
hle_retired.aborted_mem:u	336	0	0
hle_retired.aborted_mem:u	337	0	0
hle_retired.aborted_mem:u	338	0	0
hle_retired.aborted_mem:u	339	0	0
hle_retired.aborted_mem:u	340	0	0
hle_retired.aborted_mem:u	341	0	0
hle_retired.aborted_mem:u	342	0	0
hle_retired.aborted_mem:u	343	0	0
hle_retired.aborted_mem:u	344	0	0
hle_retired.aborted_mem:u	345	0	0
hle_retired.aborted_mem:u	346	0	0
hle_retired.aborted_mem:u	347	0	0
hle_retired.aborted_mem:u	348	0	0
hle_retired.aborted_mem:u	349	0	0
hle_retired.aborted_mem:u	350	0	0
hle_retired.aborted_mem:u	351	0	0
hle_retired.aborted_mem:u	352	0	0
hle_retired.aborted_mem:u	353	0	0
hle_retired.aborted_mem:u	354	0	0
hle_retired.aborted_mem:u	355	0	0
hle_retired.aborted_mem:u	356	0	0
hle_retired.aborted_mem:u	357	0	0
hle_retired.aborted_mem:u	358	0	0
hle_retired.aborted_mem:u	359	0	0
hle_retired.aborted_mem:u	360	0	0
hle_retired.aborted_mem:u	361	0	0
hle_retired.aborted_mem:u	362	0	0
hle_retired.aborted_mem:u	363	0	0
hle_retired.aborted_mem:u	364	0	0
hle_retired.aborted_mem:u	365	0	0
hle_retired.aborted_mem:u	366	0	0
hle_retired.aborted_mem:u	367	0	0
hle_retired.aborted_mem:u	368	0	0
hle_retired.aborted_mem:u	369	0	0
hle_retired.aborted_mem:u	370	0	0
hle_retired.aborted_mem:u	371	0	0
hle_retired.aborted_mem:u	372	0	0
hle_retired.aborted_mem:u	373	0	0
hle_retired.aborted_mem:u	374	0	0
hle_retired.aborted_mem:u	375	0	0
hle_retired.aborted_mem:u	376	0	0
hle_retired.aborted_mem:u	377	0	0
hle_retired.aborted_mem:u	378	0	0
hle_retired.aborted_mem:u	379	0	0
hle_retired.aborted_mem:u	380	0	0
hle_retired.aborted_mem:u	381	0	0
hle_retired.aborted_mem:u	382	0	0
hle_retired.aborted_mem:u	383	0	0
hle_retired.aborted_mem:u	384	0	0
hle_retired.aborted_mem:u	385	0	0
hle_retired.aborted_mem:u	386	0	0
hle_retired.aborted_mem:u	387	0	0
hle_retired.aborted_mem:u	388	0	0
hle_retired.aborted_mem:u	389	0	0
hle_retired.aborted_mem:u	390	0	0
hle_retired.aborted_mem:u	391	0	0
hle_retired.aborted_mem:u	392	0	0
hle_retired.aborted_mem:u	393	0	0
hle_retired.aborted_mem:u	394	0	0
hle_retired.aborted_mem:u	395	0	0
hle_retired.aborted_mem:u	396	0	0
hle_retired.aborted_mem:u	397	0	0
hle_retired.aborted_mem:u	398	0	0
hle_retired.aborted_mem:u	399	0	0
hle_retired.aborted_mem:u	400	0	0
hle_retired.aborted_mem:u	401	0	0
hle_retired.aborted_mem:u	402	0	0
hle_retired.aborted_mem:u	403	0	0
hle_retired.aborted_mem:u	404	0	0
hle_retired.aborted_mem:u	405	0	0
hle_retired.aborted_mem:u	406	0	0
hle_retired.aborted_mem:u	407	0	0
hle_retired.aborted_mem:u	408	0	0
hle_retired.aborted_mem:u	409	0	0
hle_retired.aborted_mem:u	410	0	0
hle_retired.aborted_mem:u	411	0	0
hle_retired.aborted_mem:u	412	0	0
hle_retired.aborted_mem:u	413	0	0
hle_retired.aborted_mem:u	414	0	0
hle_retired.aborted_mem:u	415	0	0
hle_retired.aborted_mem:u	416	0	0
hle_retired.aborted_mem:u	417	0	0
hle_retired.aborted_mem:u	418	0	0
hle_retired.aborted_mem:u	419	0	0
hle_retired.aborted_mem:u	420	0	0
hle_retired.aborted_mem:u	421	0	0
hle_retired.aborted_mem:u	422	0	0
hle_retired.aborted_mem:u	423	0	0
hle_retired.aborted_mem:u	424	0	0
hle_retired.aborted_mem:u	425	0	0
hle_retired.aborted_mem:u	426	0	0
hle_retired.aborted_mem:u	427	0	0
hle_retired.aborted_mem:u	428	0	0
hle_retired.aborted_mem:u	429	0	0
hle_retired.aborted_mem:u	430	0	0
hle_retired.aborted_mem:u	431	0	0
hle_retired.aborted_mem:u	432	0	0
hle_retired.aborted_mem:u	433	0	0
hle_retired.aborted_mem:u	434	0	0
hle_retired.aborted_mem:u	435	0	0
hle_retired.aborted_mem:u	436	0	0
hle_retired.aborted_mem:u	437	0	0
hle_retired.aborted_mem:u	438	0	0
hle_retired.aborted_mem:u	439	0	0
hle_retired.aborted_mem:u	440	0	0
hle_retired.aborted_mem:u	441	0	0
hle_retired.aborted_mem:u	442	0	0
hle_retired.aborted_mem:u	443	0	0
hle_retired.aborted_mem:u	444	0	0
hle_retired.aborted_mem:u	445	0	0
hle_retired.aborted_mem:u	446	0	0
hle_retired.aborted_mem:u	447	0	0
hle_retired.aborted_mem:u	448	0	0
hle_retired.aborted_mem:u	449	0	0
hle_retired.aborted_mem:u	450	0	0
hle_retired.aborted_mem:u	451	0	0
hle_retired.aborted_mem:u	452	0	0
hle_retired.aborted_mem:u	453	0	0
hle_retired.aborted_mem:u	454	0	0
hle_retired.aborted_mem:u	455	0	0
hle_retired.aborted_mem:u	456	0	0
hle_retired.aborted_mem:u	457	0	0
hle_retired.aborted_mem:u	458	0	0
hle_retired.aborted_mem:u	459	0	0
hle_retired.aborted_mem:u	460	0	0
hle_retired.aborted_mem:u	461	0	0
hle_retired.aborted_mem:u	462	0	0
hle_retired.aborted_mem:u	463	0	0
hle_retired.aborted_mem:u	464	0	0
hle_retired.aborted_mem:u	465	0	0
hle_retired.aborted_mem:u	466	0	0
hle_retired.aborted_mem:u	467	0	0
hle_retired.aborted_mem:u	468	0	0
hle_retired.aborted_mem:u	469	0	0
hle_retired.aborted_mem:u	470	0	0
hle_retired.aborted_mem:u	471	0	0
hle_retired.aborted_mem:u	472	0	0
hle_retired.aborted_mem:u	473	0	0
hle_retired.aborted_mem:u	474	0	0
hle_retired.aborted_mem:u	475	0	0
hle_retired.aborted_mem:u	476	0	0
hle_retired.aborted_mem:u	477	0	0
hle_retired.aborted_mem:u	478	0	0
hle_retired.aborted_mem:u	479	0	0
hle_retired.aborted_mem:u	480	0	0
hle_retired.aborted_mem:u	481	0	0
hle_retired.aborted_mem:u	482	0	0
hle_retired.aborted_mem:u	483	0	0
hle_retired.aborted_mem:u	484	0	0
hle_retired.aborted_mem:u	485	0	0
hle_retired.aborted_mem:u	486	0	0
hle_retired.aborted_mem:u	487	0	0
hle_retired.aborted_mem:u	488	0	0
hle_retired.aborted_mem:u	489	0	0
hle_retired.aborted_mem:u	490	0	0
hle_retired.aborted_mem:u	491	0	0
hle_retired.aborted_mem:u	492	0	0
hle_retired.aborted_mem:u	493	0	0
hle_retired.aborted_mem:u	494	0	0
hle_retired.aborted_mem:u	495	0	0
hle_retired.aborted_mem:u	496	0	0
hle_retired.aborted_mem:u	497	0	0
hle_retired.aborted_mem:u	498	0	0
hle_retired.aborted_mem:u	499	0	0
hle_retired.aborted_mem:u	500	0	0
hle_retired.aborted_mem:u	501	0	0
hle_retired.aborted_mem:u	502	0	0
hle_retired.aborted_mem:u	503	0	0
hle_retired.aborted_mem:u	504	0	0
hle_retired.aborted_mem:u	505	0	0
hle_retired.aborted_mem:u	506	0	0
hle_retired.aborted_mem:u	507	0	0
hle_retired.aborted_mem:u	508	0	0
hle_retired.aborted_mem:u	509	0	0
hle_retired.aborted_mem:u	510	0	0
hle_retired.aborted_mem:u	511	0	0
hle_retired.aborted_mem:u	512	0	0
hle_retired.aborted_mem:u	513	0	0
hle_retired.aborted_mem:u	514	0	0
hle_retired.aborted_mem:u	515	0	0
hle_retired.aborted_mem:u	516	0	0
hle_retired.aborted_mem:u	517	0	0
hle_retired.aborted_mem:u	518	0	0
hle_retired.aborted_mem:u	519	0	0
hle_retired.aborted_mem:u	520	0	0
hle_retired.aborted_mem:u	521	0	0
hle_retired.aborted_mem:u	522	0	0
hle_retired.aborted_mem:u	523	0	0
hle_retired.aborted_mem:u	524	0	0
hle_retired.aborted_mem:u	525	0	0
hle_retired.aborted_mem:u	526	0	0
hle_retired.aborted_mem:u	527	0	0
hle_retired.aborted_mem:u	528	0	0
hle_retired.aborted_mem:u	529	0	0
hle_retired.aborted_mem:u	530	0	0
hle_retired.aborted_mem:u	531	0	0
hle_retired.aborted_mem:u	532	0	0
hle_retired.aborted_mem:u	533	0	0
hle_retired.aborted_mem:u	534	0	0
hle_retired.aborted_mem:u	535	0	0
hle_retired.aborted_mem:u	536	0	0
hle_retired.aborted_mem:u	537	0	0
hle_retired.aborted_mem:u	538	0	0
hle_retired.aborted_mem:u	539	0	0
hle_retired.aborted_mem:u	540	0	0
hle_retired.aborted_mem:u	541	0	0
hle_retired.aborted_mem:u	542	0	0
hle_retired.aborted_mem:u	543	0	0
hle_retired.aborted_mem:u	544	0	0
hle_retired.aborted_mem:u	545	0	0
hle_retired.aborted_mem:u	546	0	0
hle_retired.aborted_mem:u	547	0	0
hle_retired.aborted_mem:u	548	0	0
hle_retired.aborted_mem:u	549	0	0
hle_retired.aborted_mem:u	550	0	0
hle_retired.aborted_mem:u	551	0	0
hle_retired.aborted_mem:u	552	0	0
hle_retired.aborted_mem:u	553	0	0
hle_retired.aborted_mem:u	554	0	0
hle_retired.aborted_mem:u	555	0	0
hle_retired.aborted_mem:u	556	0	0
hle_retired.aborted_mem:u	557	0	0
hle_retired.aborted_mem:u	558	0	0
hle_retired.aborted_mem:u	559	0	0
hle_retired.aborted_mem:u	560	0	0
hle_retired.aborted_mem:u	561	0	0
hle_retired.aborted_mem:u	562	0	0
hle_retired.aborted_mem:u	563	0	0
hle_retired.aborted_mem:u	564	0	0
hle_retired.aborted_mem:u	565	0	0
hle_retired.aborted_mem:u	566	0	0
hle_retired.aborted_mem:u	567	0	0
hle_retired.aborted_mem:u	568	0	0
hle_retired.aborted_mem:u	569	0	0
hle_retired.aborted_mem:u	570	0	0
hle_retired.aborted_mem:u	571	0	0
hle_retired.aborted_mem:u	572	0	0
hle_retired.aborted_mem:u	573	0	0
hle_retired.aborted_mem:u	574	0	0
hle_retired.aborted_mem:u	575	0	0
hle_retired.aborted_mem:u	576	0	0
hle_retired.aborted_mem:u	577	0	0
hle_retired.aborted_mem:u	578	0	0
hle_retired.aborted_mem:u	579	0	0
hle_retired.aborted_mem:u	580	0	0
hle_retired.aborted_mem:u	581	0	0
hle_retired.aborted_mem:u	582	0	0
hle_retired.aborted_mem:u	583	0	0
hle_retired.aborted_mem:u	584	0	0
hle_retired.aborted_mem:u	585	0	0
hle_retired.aborted_mem:u	586	0	0
hle_retired.aborted_mem:u	587	0	0
hle_retired.aborted_mem:u	588	0	0
hle_retired.aborted_mem:u	589	0	0
hle_retired.aborted_mem:u	590	0	0
hle_retired.aborted_mem:u	591	0	0
hle_retired.aborted_mem:u	592	0	0
hle_retired.aborted_mem:u	593	0	0
hle_retired.aborted_mem:u	594	0	0
hle_retired.aborted_mem:u	595	0	0
hle_retired.aborted_mem:u	596	0	0
hle_retired.aborted_mem:u	597	0	0
hle_retired.aborted_mem:u	598	0	0
hle_retired.aborted_mem:u	599	0	0
hle_retired.aborted_mem:u	600	0	0
hle_retired.aborted_mem:u	601	0	0
hle_retired.aborted_mem:u	602	0	0
hle_retired.aborted_mem:u	603	0	0
hle_retired.aborted_mem:u	604	0	0
hle_retired.aborted_mem:u	605	0	0
hle_retired.aborted_mem:u	606	0	0
hle_retired.aborted_mem:u	607	0	0
hle_retired.aborted_mem:u	608	0	0
hle_retired.aborted_mem:u	609	0	0
hle_retired.aborted_mem:u	610	0	0
hle_retired.aborted_mem:u	611	0	0
hle_retired.aborted_mem:u	612	0	0
hle_retired.aborted_mem:u	613	0	0
hle_retired.aborted_mem:u	614	0	0
hle_retired.aborted_mem:u	615	0	0
hle_retired.aborted_mem:u	616	0	0
hle_retired.aborted_mem:u	617	0	0
hle_retired.aborted_mem:u	618	0	0
hle_retired.aborted_mem:u	619	0	0
hle_retired.aborted_mem:u	620	0	0
hle_retired.aborted_mem:u	621	0	0
hle_retired.aborted_mem:u	622	0	0
hle_retired.aborted_mem:u	623	0	0
hle_retired.aborted_mem:u	624	0	0
hle_retired.aborted_mem:u	625	0	0
hle_retired.aborted_mem:u	626	0	0
hle_retired.aborted_mem:u	627	0	0
hle_retired.aborted_mem:u	628	0	0
hle_retired.aborted_mem:u	629	0	0
hle_retired.aborted_mem:u	630	0	0
hle_retired.aborted_mem:u	631	0	0
hle_retired.aborted_mem:u	632	0	0
hle_retired.aborted_mem:u	633	0	0
hle_retired.aborted_mem:u	634	0	0
hle_retired.aborted_mem:u	635	0	0
hle_retired.aborted_mem:u	636	0	0
hle_retired.aborted_mem:u	637	0	0
hle_retired.aborted_mem:u	638	0	0
hle_retired.aborted_mem:u	639	0	0
hle_retired.aborted_mem:u	640	0	0
hle_retired.aborted_mem:u	641	0	0
hle_retired.aborted_mem:u	642	0	0
hle_retired.aborted_mem:u	643	0	0
hle_retired.aborted_mem:u	644	0	0
hle_retired.aborted_mem:u	645	0	0
hle_retired.aborted_mem:u	646	0	0
hle_retired.aborted_mem:u	647	0	0
hle_retired.aborted_mem:u	648	0	0
hle_retired.aborted_mem:u	649	0	0
hle_retired.aborted_mem:u	650	0	0
hle_retired.aborted_mem:u	651	0	0
hle_retired.aborted_mem:u	652	0	0
hle_retired.aborted_mem:u	653	0	0
hle_retired.aborted_mem:u	654	0	0
hle_retired.aborted_mem:u	655	0	0
hle_retired.aborted_mem:u	656	0	0
hle_retired.aborted_mem:u	657	0	0
hle_retired.aborted_mem:u	658	0	0
hle_retired.aborted_mem:u	659	0	0
hle_retired.aborted_mem:u	660	0	0
hle_retired.aborted_mem:u	661	0	0
hle_retired.aborted_mem:u	662	0	0
hle_retired.aborted_mem:u	663	0	0
hle_retired.aborted_mem:u	664	0	0
hle_retired.aborted_mem:u	665	0	0
hle_retired.aborted_mem:u	666	0	0
hle_retired.aborted_mem:u	667	0	0
hle_retired.aborted_mem:u	668	0	0
hle_retired.aborted_mem:u	669	0	0
hle_retired.aborted_mem:u	670	0	0
hle_retired.aborted_mem:u	671	0	0
hle_retired.aborted_mem:u	672	0	0
hle_retired.aborted_mem:u	673	0	0
hle_retired.aborted_mem:u	674	0	0
hle_retired.aborted_mem:u	675	0	0
hle_retired.aborted_mem:u	676	0	0
hle_retired.aborted_mem:u	677	0	0
hle_retired.aborted_mem:u	678	0	0
hle_retired.aborted_mem:u	679	0	0
hle_retired.aborted_mem:u	680	0	0
hle_retired.aborted_mem:u	681	0	0
hle_retired.aborted_mem:u	682	0	0
hle_retired.aborted_mem:u	683	0	0
hle_retired.aborted_mem:u	684	0	0
hle_retired.aborted_mem:u	685	0	0
hle_retired.aborted_mem:u	686	0	0
hle_retired.aborted_mem:u	687	0	0
hle_retired.aborted_mem:u	688	0	0
hle_retired.aborted_mem:u	689	0	0
hle_retired.aborted_mem:u	690	0	0
hle_retired.aborted_mem:u	691	0	0
hle_retired.aborted_mem:u	692	0	0
hle_retired.aborted_mem:u	693	0	0
hle_retired.aborted_mem:u	694	0	0
hle_retired.aborted_mem:u	695	0	0
hle_retired.aborted_mem:u	696	0	0
hle_retired.aborted_mem:u	697	0	0
hle_retired.aborted_mem:u	698	0	0
hle_retired.aborted_mem:u	699	0	0
hle_retired.aborted_mem:u	700	0	0
hle_retired.aborted_mem:u	701	0	0
hle_retired.aborted_mem:u	702	0	0
hle_retired.aborted_mem:u	703	0	0
hle_retired.aborted_mem:u	704	0	0
hle_retired.aborted_mem:u	705	0	0
hle_retired.aborted_mem:u	706	0	0
hle_retired.aborted_mem:u	707	0	0
hle_retired.aborted_mem:u	708	0	0
hle_retired.aborted_mem:u	709	0	0
hle_retired.aborted_mem:u	710	0	0
hle_retired.aborted_mem:u	711	0	0
hle_retired.aborted_mem:u	712	0	0
hle_retired.aborted_mem:u	713	0	0
hle_retired.aborted_mem:u	714	0	0
hle_retired.aborted_mem:u	715	0	0
hle_retired.aborted_mem:u	716	0	0
hle_retired.aborted_mem:u	717	0	0
hle_retired.aborted_mem:u	718	0	0
hle_retired.aborted_mem:u	719	0	0
hle_retired.aborted_mem:u	720	0	0
hle_retired.aborted_mem:u	721	0	0
hle_retired.aborted_mem:u	722	0	0
hle_retired.aborted_mem:u	723	0	0
hle_retired.aborted_mem:u	724	0	0
hle_retired.aborted_mem:u	725	0	0
hle_retired.aborted_mem:u	726	0	0
hle_retired.aborted_mem:u	727	0	0
hle_retired.aborted_mem:u	728	0	0
hle_retired.aborted_mem:u	729	0	0
hle_retired.aborted_mem:u	730	0	0
hle_retired.aborted_mem:u	731	0	0
hle_retired.aborted_mem:u	732	0	0
hle_retired.aborted_mem:u	733	0	0
hle_retired.aborted_mem:u	734	0	0
hle_retired.aborted_mem:u	735	0	0
hle_retired.aborted_mem:u	736	0	0
hle_retired.aborted_mem:u	737	0	0
hle_retired.aborted_mem:u	738	0	0
hle_retired.aborted_mem:u	739	0	0
hle_retired.aborted_mem:u	740	0	0
hle_retired.aborted_mem:u	741	0	0
hle_retired.aborted_mem:u	742	0	0
hle_retired.aborted_mem:u	743	0	0
hle_retired.aborted_mem:u	744	0	0
hle_retired.aborted_mem:u	745	0	0
hle_retired.aborted_mem:u	746	0	0
hle_retired.aborted_mem:u	747	0	0
hle_retired.aborted_mem:u	748	0	0
hle_retired.aborted_mem:u	749	0	0
hle_retired.aborted_mem:u	750	0	0
hle_retired.aborted_mem:u	751	0	0
hle_retired.aborted_mem:u	752	0	0
hle_retired.aborted_mem:u	753	0	0
hle_retired.aborted_mem:u	754	0	0
hle_retired.aborted_mem:u	755	0	0
hle_retired.aborted_mem:u	756	0	0
hle_retired.aborted_mem:u	757	0	0
hle_retired.aborted_mem:u	758	0	0
hle_retired.aborted_mem:u	759	0	0
hle_retired.aborted_mem:u	760	0	0
hle_retired.aborted_mem:u	761	0	0
hle_retired.aborted_mem:u	762	0	0
hle_retired.aborted_mem:u	763	0	0
hle_retired.aborted_mem:u	764	0	0
hle_retired.aborted_mem:u	765	0	0
hle_retired.aborted_mem:u	766	0	0
hle_retired.aborted_mem:u	767	0	0
hle_retired.aborted_mem:u	768	0	0
hle_retired.aborted_mem:u	769	0	0
hle_retired.aborted_mem:u	770	0	0
hle_retired.aborted_mem:u	771	0	0
hle_retired.aborted_mem:u	772	0	0
hle_retired.aborted_mem:u	773	0	0
hle_retired.aborted_mem:u	774	0	0
hle_retired.aborted_mem:u	775	0	0
hle_retired.aborted_mem:u	776	0	0
hle_retired.aborted_mem:u	777	0	0
hle_retired.aborted_mem:u	778	0	0
hle_retired.aborted_mem:u	779	0	0
hle_retired.aborted_mem:u	780	0	0
hle_retired.aborted_mem:u	781	0	0
hle_retired.aborted_mem:u	782	0	0
hle_retired.aborted_mem:u	783	0	0
hle_retired.aborted_mem:u	784	0	0
hle_retired.aborted_mem:u	785	0	0
hle_retired.aborted_mem:u	786	0	0
hle_retired.aborted_mem:u	787	0	0
hle_retired.aborted_mem:u	788	0	0
hle_retired.aborted_mem:u	789	0	0
hle_retired.aborted_mem:u	790	0	0
hle_retired.aborted_mem:u	791	0	0
hle_retired.aborted_mem:u	792	0	0
hle_retired.aborted_mem:u	793	0	0
hle_retired.aborted_mem:u	794	0	0
hle_retired.aborted_mem:u	795	0	0
hle_retired.aborted_mem:u	796	0	0
hle_retired.aborted_mem:u	797	0	0
hle_retired.aborted_mem:u	798	0	0
hle_retired.aborted_mem:u	799	0	0
hle_retired.aborted_mem:u	800	0	0
hle_retired.aborted_mem:u	801	0	0
hle_retired.aborted_mem:u	802	0	0
hle_retired.aborted_mem:u	803	0	0
hle_retired.aborted_mem:u	804	0	0
hle_retired.aborted_mem:u	805	0	0
hle_retired.aborted_mem:u	806	0	0
hle_retired.aborted_mem:u	807	0	0
hle_retired.aborted_mem:u	808	0	0
hle_retired.aborted_mem:u	809	0	0
hle_retired.aborted_mem:u	810	0	0
hle_retired.aborted_mem:u	811	0	0
hle_retired.aborted_mem:u	812	0	0
hle_retired.aborted_mem:u	813	0	0
hle_retired.aborted_mem:u	814	0	0
hle_retired.aborted_mem:u	815	0	0
hle_retired.aborted_mem:u	816	0	0
hle_retired.aborted_mem:u	817	0	0
hle_retired.aborted_mem:u	818	0	0
hle_retired.aborted_mem:u	819	0	0
hle_retired.aborted_mem:u	820	0	0
hle_retired.aborted_mem:u	821	0	0
hle_retired.aborted_mem:u	822	0	0
hle_retired.aborted_mem:u	823	0	0
hle_retired.aborted_mem:u	824	0	0
hle_retired.aborted_mem:u	825	0	0
hle_retired.aborted_mem:u	826	0	0
hle_retired.aborted_mem:u	827	0	0
hle_retired.aborted_mem:u	828	0	0
hle_retired.aborted_mem:u	829	0	0
hle_retired.aborted_mem:u	830	0	0
hle_retired.aborted_mem:u	831	0	0
hle_retired.aborted_mem:u	832	0	0
hle_retired.aborted_mem:u	833	0	0
hle_retired.aborted_mem:u	834	0	0
hle_retired.aborted_mem:u	835	0	0
hle_retired.aborted_mem:u	836	0	0
hle_retired.aborted_mem:u	837	0	0
hle_retired.aborted_mem:u	838	0	0
hle_retired.aborted_mem:u	839	0	0
hle_retired.aborted_mem:u	840	0	0
hle_retired.aborted_mem:u	841	0	0
hle_retired.aborted_mem:u	842	0	0
hle_retired.aborted_mem:u	843	0	0
hle_retired.aborted_mem:u	844	0	0
hle_retired.aborted_mem:u	845	0	0
hle_retired.aborted_mem:u	846	0	0
hle_retired.aborted_mem:u	847	0	0
hle_retired.aborted_mem:u	848	0	0
hle_retired.aborted_mem:u	849	0	0
hle_retired.aborted_mem:u	850	0	0
hle_retired.aborted_mem:u	851	0	0
hle_retired.aborted_mem:u	852	0	0
hle_retired.aborted_mem:u	853	0	0
hle_retired.aborted_mem:u	854	0	0
hle_retired.aborted_mem:u	855	0	0
hle_retired.aborted_mem:u	856	0	0
hle_retired.aborted_mem:u	857	0	0
hle_retired.aborted_mem:u	858	0	0
hle_retired.aborted_mem:u	859	0	0
hle_retired.aborted_mem:u	860	0	0
hle_retired.aborted_mem:u	861	0	0
hle_retired.aborted_mem:u	862	0	0
hle_retired.aborted_mem:u	863	0	0
hle_retired.aborted_mem:u	864	0	0
hle_retired.aborted_mem:u	865	0	0
hle_retired.aborted_mem:u	866	0	0
hle_retired.aborted_mem:u	867	0	0
hle_retired.aborted_mem:u	868	0	0
hle_retired.aborted_mem:u	869	0	0
hle_retired.aborted_mem:u	870	0	0
hle_retired.aborted_mem:u	871	0	0
hle_retired.aborted_mem:u	872	0	0
hle_retired.aborted_mem:u	873	0	0
hle_retired.aborted_mem:u	874	0	0
hle_retired.aborted_mem:u	875	0	0
hle_retired.aborted_mem:u	876	0	0
hle_retired.aborted_mem:u	877	0	0
hle_retired.aborted_mem:u	878	0	0
hle_retired.aborted_mem:u	879	0	0
hle_retired.aborted_mem:u	880	0	0
hle_retired.aborted_mem:u	881	0	0
hle_retired.aborted_mem:u	882	0	0
hle_retired.aborted_mem:u	883	0	0
hle_retired.aborted_mem:u	884	0	0
hle_retired.aborted_mem:u	885	0	0
hle_retired.aborted_mem:u	886	0	0
hle_retired.aborted_mem:u	887	0	0
hle_retired.aborted_mem:u	888	0	0
hle_retired.aborted_mem:u	889	0	0
hle_retired.aborted_mem:u	890	0	0
hle_retired.aborted_mem:u	891	0	0
hle_retired.aborted_mem:u	892	0	0
hle_retired.aborted_mem:u	893	0	0
hle_retired.aborted_mem:u	894	0	0
hle_retired.aborted_mem:u	895	0	0
hle_retired.aborted_mem:u	896	0	0
hle_retired.aborted_mem:u	897	0	0
hle_retired.aborted_mem:u	898	0	0
hle_retired.aborted_mem:u	899	0	0
hle_retired.aborted_mem:u	900	0	0
hle_retired.aborted_mem:u	901	0	0
hle_retired.aborted_mem:u	902	0	0
hle_retired.aborted_mem:u	903	0	0
hle_retired.aborted_mem:u	904	0	0
hle_retired.aborted_mem:u	905	0	0
hle_retired.aborted_mem:u	906	0	0
hle_retired.aborted_mem:u	907	0	0
hle_retired.aborted_mem:u	908	0	0
hle_retired.aborted_mem:u	909	0	0
hle_retired.aborted_mem:u	910	0	0
hle_retired.aborted_mem:u	911	0	0
hle_retired.aborted_mem:u	912	0	0
hle_retired.aborted_mem:u	913	0	0
hle_retired.aborted_mem:u	914	0	0
hle_retired.aborted_mem:u	915	0	0
hle_retired.aborted_mem:u	916	0	0
hle_retired.aborted_mem:u	917	0	0
hle_retired.aborted_mem:u	918	0	0
hle_retired.aborted_mem:u	919	0	0
hle_retired.aborted_mem:u	920	0	0
hle_retired.aborted_mem:u	921	0	0
hle_retired.aborted_mem:u	922	0	0
hle_retired.aborted_mem:u	923	0	0
hle_retired.aborted_mem:u	924	0	0
hle_retired.aborted_mem:u	925	0	0
hle_retired.aborted_mem:u	926	0	0
hle_retired.aborted_mem:u	927	0	0
hle_retired.aborted_mem:u	928	0	0
hle_retired.aborted_mem:u	929	0	0
hle_retired.aborted_mem:u	930	0	0
hle_retired.aborted_mem:u	931	0	0
hle_retired.aborted_mem:u	932	0	0
hle_retired.aborted_mem:u	933	0	0
hle_retired.aborted_mem:u	934	0	0
hle_retired.aborted_mem:u	935	0	0
hle_retired.aborted_mem:u	936	0	0
hle_retired.aborted_mem:u	937	0	0
hle_retired.aborted_mem:u	938	0	0
hle_retired.aborted_mem:u	939	0	0
hle_retired.aborted_mem:u	940	0	0
hle_retired.aborted_mem:u	941	0	0
hle_retired.aborted_mem:u	942	0	0
hle_retired.aborted_mem:u	943	0	0
hle_retired.aborted_mem:u	944	0	0
hle_retired.aborted_mem:u	945	0	0
hle_retired.aborted_mem:u	946	0	0
hle_retired.aborted_mem:u	947	0	0
hle_retired.aborted_mem:u	948	0	0
hle_retired.aborted_mem:u	949	0	0
hle_retired.aborted_mem:u	950	0	0
hle_retired.aborted_mem:u	951	0	0
hle_retired.aborted_mem:u	952	0	0
hle_retired.aborted_mem:u	953	0	0
hle_retired.aborted_mem:u	954	0	0
hle_retired.aborted_mem:u	955	0	0
hle_retired.aborted_mem:u	956	0	0
hle_retired.aborted_mem:u	957	0	0
hle_retired.aborted_mem:u	958	0	0
hle_retired.aborted_mem:u	959	0	0
hle_retired.aborted_mem:u	960	0	0
hle_retired.aborted_mem:u	961	0	0
hle_retired.aborted_mem:u	962	0	0
hle_retired.aborted_mem:u	963	0	0
hle_retired.aborted_mem:u	964	0	0
hle_retired.aborted_mem:u	965	0	0
hle_retired.aborted_mem:u	966	0	0
hle_retired.aborted_mem:u	967	0	0
hle_retired.aborted_mem:u	968	0	0
hle_retired.aborted_mem:u	969	0	0
hle_retired.aborted_mem:u	970	0	0
hle_retired.aborted_mem:u	971	0	0
hle_retired.aborted_mem:u	972	0	0
hle_retired.aborted_mem:u	973	0	0
hle_retired.aborted_mem:u	974	0	0
hle_retired.aborted_mem:u	975	0	0
hle_retired.aborted_mem:u	976	0	0
hle_retired.aborted_mem:u	977	0	0
hle_retired.aborted_mem:u	978	0	0
hle_retired.aborted_mem:u	979	0	0
hle_retired.aborted_mem:u	980	0	0
hle_retired.aborted_mem:u	981	0	0
hle_retired.aborted_mem:u	982	0	0
hle_retired.aborted_mem:u	983	0	0
hle_retired.aborted_mem:u	984	0	0
hle_retired.aborted_mem:u	985	0	0
hle_retired.aborted_mem:u	986	0	0
hle_retired.aborted_mem:u	987	0	0
hle_retired.aborted_mem:u	988	0	0
hle_retired.aborted_mem:u	989	0	0
hle_retired.aborted_mem:u	990	0	0
hle_retired.aborted_mem:u	991	0	0
hle_retired.aborted_mem:u	992	0	0
hle_retired.aborted_mem:u	993	0	0
hle_retired.aborted_mem:u	994	0	0
hle_retired.aborted_mem:u	995	0	0
hle_retired.aborted_mem:u	996	0	0
hle_retired.aborted_mem:u	997	0	0
hle_retired.aborted_mem:u	998	0	0
hle_retired.aborted_mem:u	999	0	0
hle_retired.aborted_mem:u	1000	0	0
tx_exec.misc5:u	1	0	0
tx_exec.misc5:u	2	0	0
tx_exec.misc5:u	3	0	0
tx_exec.misc5:u	4	0	0
tx_exec.misc5:u	5	0	0
tx_exec.misc5:u	6	0	0
tx_exec.misc5:u	7	0	0
tx_exec.misc5:u	8	0	0
tx_exec.misc5:u	9	0	0
tx_exec.misc5:u	10	0	0
tx_exec.misc5:u	11	0	0
tx_exec.misc5:u	12	0	0
tx_exec.misc5:u	13	0	0
tx_exec.misc5:u	14	0	0
tx_exec.misc5:u	15	0	0
tx_exec.misc5:u	16	0	0
tx_exec.misc5:u	17	0	0
tx_exec.misc5:u	18	0	0
tx_exec.misc5:u	19	0	0
tx_exec.misc5:u	20	0	0
tx_exec.misc5:u	21	0	0
tx_exec.misc5:u	22	0	0
tx_exec.misc5:u	23	0	0
tx_exec.misc5:u	24	0	0
tx_exec.misc5:u	25	0	0
tx_exec.misc5:u	26	0	0
tx_exec.misc5:u	27	0	0
tx_exec.misc5:u	28	0	0
tx_exec.misc5:u	29	0	0
tx_exec.misc5:u	30	0	0
tx_exec.misc5:u	31	0	0
tx_exec.misc5:u	32	0	0
tx_exec.misc5:u	33	0	0
tx_exec.misc5:u	34	0	0
tx_exec.misc5:u	35	0	0
tx_exec.misc5:u	36	0	0
tx_exec.misc5:u	37	0	0
tx_exec.misc5:u	38	0	0
tx_exec.misc5:u	39	0	0
tx_exec.misc5:u	40	0	0
tx_exec.misc5:u	41	0	0
tx_exec.misc5:u	42	0	0
tx_exec.misc5:u	43	0	0
tx_exec.misc5:u	44	0	0
tx_exec.misc5:u	45	0	0
tx_exec.misc5:u	46	0	0
tx_exec.misc5:u	47	0	0
tx_exec.misc5:u	48	0	0
tx_exec.misc5:u	49	0	0
tx_exec.misc5:u	50	0	0
tx_exec.misc5:u	51	0	0
tx_exec.misc5:u	52	0	0
tx_exec.misc5:u	53	0	0
tx_exec.misc5:u	54	0	0
tx_exec.misc5:u	55	0	0
tx_exec.misc5:u	56	0	0
tx_exec.misc5:u	57	0	0
tx_exec.misc5:u	58	0	0
tx_exec.misc5:u	59	0	0
tx_exec.misc5:u	60	0	0
tx_exec.misc5:u	61	0	0
tx_exec.misc5:u	62	0	0
tx_exec.misc5:u	63	0	0
tx_exec.misc5:u	64	0	0
tx_exec.misc5:u	65	0	0
tx_exec.misc5:u	66	0	0
tx_exec.misc5:u	67	0	0
tx_exec.misc5:u	68	0	0
tx_exec.misc5:u	69	0	0
tx_exec.misc5:u	70	0	0
tx_exec.misc5:u	71	0	0
tx_exec.misc5:u	72	0	0
tx_exec.misc5:u	73	0	0
tx_exec.misc5:u	74	0	0
tx_exec.misc5:u	75	0	0
tx_exec.misc5:u	76	0	0
tx_exec.misc5:u	77	0	0
tx_exec.misc5:u	78	0	0
tx_exec.misc5:u	79	0	0
tx_exec.misc5:u	80	0	0
tx_exec.misc5:u	81	0	0
tx_exec.misc5:u	82	0	0
tx_exec.misc5:u	83	0	0
tx_exec.misc5:u	84	0	0
tx_exec.misc5:u	85	0	0
tx_exec.misc5:u	86	0	0
tx_exec.misc5:u	87	0	0
tx_exec.misc5:u	88	0	0
tx_exec.misc5:u	89	0	0
tx_exec.misc5:u	90	0	0
tx_exec.misc5:u	91	0	0
tx_exec.misc5:u	92	0	0
tx_exec.misc5:u	93	0	0
tx_exec.misc5:u	94	0	0
tx_exec.misc5:u	95	0	0
tx_exec.misc5:u	96	0	0
tx_exec.misc5:u	97	0	0
tx_exec.misc5:u	98	0	0
tx_exec.misc5:u	99	0	0
tx_exec.misc5:u	100	0	0
tx_exec.misc5:u	101	0	0
tx_exec.misc5:u	102	0	0
tx_exec.misc5:u	103	0	0
tx_exec.misc5:u	104	0	0
tx_exec.misc5:u	105	0	0
tx_exec.misc5:u	106	0	0
tx_exec.misc5:u	107	0	0
tx_exec.misc5:u	108	0	0
tx_exec.misc5:u	109	0	0
tx_exec.misc5:u	110	0	0
tx_exec.misc5:u	111	0	0
tx_exec.misc5:u	112	0	0
tx_exec.misc5:u	113	0	0
tx_exec.misc5:u	114	0	0
tx_exec.misc5:u	115	0	0
tx_exec.misc5:u	116	0	0
tx_exec.misc5:u	117	0	0
tx_exec.misc5:u	118	0	0
tx_exec.misc5:u	119	0	0
tx_exec.misc5:u	120	0	0
tx_exec.misc5:u	121	0	0
tx_exec.misc5:u	122	0	0
tx_exec.misc5:u	123	0	0
tx_exec.misc5:u	124	0	0
tx_exec.misc5:u	125	0	0
tx_exec.misc5:u	126	0	0
tx_exec.misc5:u	127	0	0
tx_exec.misc5:u	128	0	0
tx_exec.misc5:u	129	0	0
tx_exec.misc5:u	130	0	0
tx_exec.misc5:u	131	0	0
tx_exec.misc5:u	132	0	0
tx_exec.misc5:u	133	0	0
tx_exec.misc5:u	134	0	0
tx_exec.misc5:u	135	0	0
tx_exec.misc5:u	136	0	0
tx_exec.misc5:u	137	0	0
tx_exec.misc5:u	138	0	0
tx_exec.misc5:u	139	0	0
tx_exec.misc5:u	140	0	0
tx_exec.misc5:u	141	0	0
tx_exec.misc5:u	142	0	0
tx_exec.misc5:u	143	0	0
tx_exec.misc5:u	144	0	0
tx_exec.misc5:u	145	0	0
tx_exec.misc5:u	146	0	0
tx_exec.misc5:u	147	0	0
tx_exec.misc5:u	148	0	0
tx_exec.misc5:u	149	0	0
tx_exec.misc5:u	150	0	0
tx_exec.misc5:u	151	0	0
tx_exec.misc5:u	152	0	0
tx_exec.misc5:u	153	0	0
tx_exec.misc5:u	154	0	0
tx_exec.misc5:u	155	0	0
tx_exec.misc5:u	156	0	0
tx_exec.misc5:u	157	0	0
tx_exec.misc5:u	158	0	0
tx_exec.misc5:u	159	0	0
tx_exec.misc5:u	160	0	0
tx_exec.misc5:u	161	0	0
tx_exec.misc5:u	162	0	0
tx_exec.misc5:u	163	0	0
tx_exec.misc5:u	164	0	0
tx_exec.misc5:u	165	0	0
tx_exec.misc5:u	166	0	0
tx_exec.misc5:u	167	0	0
tx_exec.misc5:u	168	0	0
tx_exec.misc5:u	169	0	0
tx_exec.misc5:u	170	0	0
tx_exec.misc5:u	171	0	0
tx_exec.misc5:u	172	0	0
tx_exec.misc5:u	173	0	0
tx_exec.misc5:u	174	0	0
tx_exec.misc5:u	175	0	0
tx_exec.misc5:u	176	0	0
tx_exec.misc5:u	177	0	0
tx_exec.misc5:u	178	0	0
tx_exec.misc5:u	179	0	0
tx_exec.misc5:u	180	0	0
tx_exec.misc5:u	181	0	0
tx_exec.misc5:u	182	0	0
tx_exec.misc5:u	183	0	0
tx_exec.misc5:u	184	0	0
tx_exec.misc5:u	185	0	0
tx_exec.misc5:u	186	0	0
tx_exec.misc5:u	187	0	0
tx_exec.misc5:u	188	0	0
tx_exec.misc5:u	189	0	0
tx_exec.misc5:u	190	0	0
tx_exec.misc5:u	191	0	0
tx_exec.misc5:u	192	0	0
tx_exec.misc5:u	193	0	0
tx_exec.misc5:u	194	0	0
tx_exec.misc5:u	195	0	0
tx_exec.misc5:u	196	0	0
tx_exec.misc5:u	197	0	0
tx_exec.misc5:u	198	0	0
tx_exec.misc5:u	199	0	0
tx_exec.misc5:u	200	0	0
tx_exec.misc5:u	201	0	0
tx_exec.misc5:u	202	0	0
tx_exec.misc5:u	203	0	0
tx_exec.misc5:u	204	0	0
tx_exec.misc5:u	205	0	0
tx_exec.misc5:u	206	0	0
tx_exec.misc5:u	207	0	0
tx_exec.misc5:u	208	0	0
tx_exec.misc5:u	209	0	0
tx_exec.misc5:u	210	0	0
tx_exec.misc5:u	211	0	0
tx_exec.misc5:u	212	0	0
tx_exec.misc5:u	213	0	0
tx_exec.misc5:u	214	0	0
tx_exec.misc5:u	215	0	0
tx_exec.misc5:u	216	0	0
tx_exec.misc5:u	217	0	0
tx_exec.misc5:u	218	0	0
tx_exec.misc5:u	219	0	0
tx_exec.misc5:u	220	0	0
tx_exec.misc5:u	221	0	0
tx_exec.misc5:u	222	0	0
tx_exec.misc5:u	223	0	0
tx_exec.misc5:u	224	0	0
tx_exec.misc5:u	225	0	0
tx_exec.misc5:u	226	0	0
tx_exec.misc5:u	227	0	0
tx_exec.misc5:u	228	0	0
tx_exec.misc5:u	229	0	0
tx_exec.misc5:u	230	0	0
tx_exec.misc5:u	231	0	0
tx_exec.misc5:u	232	0	0
tx_exec.misc5:u	233	0	0
tx_exec.misc5:u	234	0	0
tx_exec.misc5:u	235	0	0
tx_exec.misc5:u	236	0	0
tx_exec.misc5:u	237	0	0
tx_exec.misc5:u	238	0	0
tx_exec.misc5:u	239	0	0
tx_exec.misc5:u	240	0	0
tx_exec.misc5:u	241	0	0
tx_exec.misc5:u	242	0	0
tx_exec.misc5:u	243	0	0
tx_exec.misc5:u	244	0	0
tx_exec.misc5:u	245	0	0
tx_exec.misc5:u	246	0	0
tx_exec.misc5:u	247	0	0
tx_exec.misc5:u	248	0	0
tx_exec.misc5:u	249	0	0
tx_exec.misc5:u	250	0	0
tx_exec.misc5:u	251	0	0
tx_exec.misc5:u	252	0	0
tx_exec.misc5:u	253	0	0
tx_exec.misc5:u	254	0	0
tx_exec.misc5:u	255	0	0
tx_exec.misc5:u	256	0	0
tx_exec.misc5:u	257	0	0
tx_exec.misc5:u	258	0	0
tx_exec.misc5:u	259	0	0
tx_exec.misc5:u	260	0	0
tx_exec.misc5:u	261	0	0
tx_exec.misc5:u	262	0	0
tx_exec.misc5:u	263	0	0
tx_exec.misc5:u	264	0	0
tx_exec.misc5:u	265	0	0
tx_exec.misc5:u	266	0	0
tx_exec.misc5:u	267	0	0
tx_exec.misc5:u	268	0	0
tx_exec.misc5:u	269	0	0
tx_exec.misc5:u	270	0	0
tx_exec.misc5:u	271	0	0
tx_exec.misc5:u	272	0	0
tx_exec.misc5:u	273	0	0
tx_exec.misc5:u	274	0	0
tx_exec.misc5:u	275	0	0
tx_exec.misc5:u	276	0	0
tx_exec.misc5:u	277	0	0
tx_exec.misc5:u	278	0	0
tx_exec.misc5:u	279	0	0
tx_exec.misc5:u	280	0	0
tx_exec.misc5:u	281	0	0
tx_exec.misc5:u	282	0	0
tx_exec.misc5:u	283	0	0
tx_exec.misc5:u	284	0	0
tx_exec.misc5:u	285	0	0
tx_exec.misc5:u	286	0	0
tx_exec.misc5:u	287	0	0
tx_exec.misc5:u	288	0	0
tx_exec.misc5:u	289	0	0
tx_exec.misc5:u	290	0	0
tx_exec.misc5:u	291	0	0
tx_exec.misc5:u	292	0	0
tx_exec.misc5:u	293	0	0
tx_exec.misc5:u	294	0	0
tx_exec.misc5:u	295	0	0
tx_exec.misc5:u	296	0	0
tx_exec.misc5:u	297	0	0
tx_exec.misc5:u	298	0	0
tx_exec.misc5:u	299	0	0
tx_exec.misc5:u	300	0	0
tx_exec.misc5:u	301	0	0
tx_exec.misc5:u	302	0	0
tx_exec.misc5:u	303	0	0
tx_exec.misc5:u	304	0	0
tx_exec.misc5:u	305	0	0
tx_exec.misc5:u	306	0	0
tx_exec.misc5:u	307	0	0
tx_exec.misc5:u	308	0	0
tx_exec.misc5:u	309	0	0
tx_exec.misc5:u	310	0	0
tx_exec.misc5:u	311	0	0
tx_exec.misc5:u	312	0	0
tx_exec.misc5:u	313	0	0
tx_exec.misc5:u	314	0	0
tx_exec.misc5:u	315	0	0
tx_exec.misc5:u	316	0	0
tx_exec.misc5:u	317	0	0
tx_exec.misc5:u	318	0	0
tx_exec.misc5:u	319	0	0
tx_exec.misc5:u	320	0	0
tx_exec.misc5:u	321	0	0
tx_exec.misc5:u	322	0	0
tx_exec.misc5:u	323	0	0
tx_exec.misc5:u	324	0	0
tx_exec.misc5:u	325	0	0
tx_exec.misc5:u	326	0	0
tx_exec.misc5:u	327	0	0
tx_exec.misc5:u	328	0	0
tx_exec.misc5:u	329	0	0
tx_exec.misc5:u	330	0	0
tx_exec.misc5:u	331	0	0
tx_exec.misc5:u	332	0	0
tx_exec.misc5:u	333	0	0
tx_exec.misc5:u	334	0	0
tx_exec.misc5:u	335	0	0
tx_exec.misc5:u	336	0	0
tx_exec.misc5:u	337	0	0
tx_exec.misc5:u	338	0	0
tx_exec.misc5:u	339	0	0
tx_exec.misc5:u	340	0	0
tx_exec.misc5:u	341	0	0
tx_exec.misc5:u	342	0	0
tx_exec.misc5:u	343	0	0
tx_exec.misc5:u	344	0	0
tx_exec.misc5:u	345	0	0
tx_exec.misc5:u	346	0	0
tx_exec.misc5:u	347	0	0
tx_exec.misc5:u	348	0	0
tx_exec.misc5:u	349	0	0
tx_exec.misc5:u	350	0	0
tx_exec.misc5:u	351	0	0
tx_exec.misc5:u	352	0	0
tx_exec.misc5:u	353	0	0
tx_exec.misc5:u	354	0	0
tx_exec.misc5:u	355	0	0
tx_exec.misc5:u	356	0	0
tx_exec.misc5:u	357	0	0
tx_exec.misc5:u	358	0	0
tx_exec.misc5:u	359	0	0
tx_exec.misc5:u	360	0	0
tx_exec.misc5:u	361	0	0
tx_exec.misc5:u	362	0	0
tx_exec.misc5:u	363	0	0
tx_exec.misc5:u	364	0	0
tx_exec.misc5:u	365	0	0
tx_exec.misc5:u	366	0	0
tx_exec.misc5:u	367	0	0
tx_exec.misc5:u	368	0	0
tx_exec.misc5:u	369	0	0
tx_exec.misc5:u	370	0	0
tx_exec.misc5:u	371	0	0
tx_exec.misc5:u	372	0	0
tx_exec.misc5:u	373	0	0
tx_exec.misc5:u	374	0	0
tx_exec.misc5:u	375	0	0
tx_exec.misc5:u	376	0	0
tx_exec.misc5:u	377	0	0
tx_exec.misc5:u	378	0	0
tx_exec.misc5:u	379	0	0
tx_exec.misc5:u	380	0	0
tx_exec.misc5:u	381	0	0
tx_exec.misc5:u	382	0	0
tx_exec.misc5:u	383	0	0
tx_exec.misc5:u	384	0	0
tx_exec.misc5:u	385	0	0
tx_exec.misc5:u	386	0	0
tx_exec.misc5:u	387	0	0
tx_exec.misc5:u	388	0	0
tx_exec.misc5:u	389	0	0
tx_exec.misc5:u	390	0	0
tx_exec.misc5:u	391	0	0
tx_exec.misc5:u	392	0	0
tx_exec.misc5:u	393	0	0
tx_exec.misc5:u	394	0	0
tx_exec.misc5:u	395	0	0
tx_exec.misc5:u	396	0	0
tx_exec.misc5:u	397	0	0
tx_exec.misc5:u	398	0	0
tx_exec.misc5:u	399	0	0
tx_exec.misc5:u	400	0	0
tx_exec.misc5:u	401	0	0
tx_exec.misc5:u	402	0	0
tx_exec.misc5:u	403	0	0
tx_exec.misc5:u	404	0	0
tx_exec.misc5:u	405	0	0
tx_exec.misc5:u	406	0	0
tx_exec.misc5:u	407	0	0
tx_exec.misc5:u	408	0	0
tx_exec.misc5:u	409	0	0
tx_exec.misc5:u	410	0	0
tx_exec.misc5:u	411	0	0
tx_exec.misc5:u	412	0	0
tx_exec.misc5:u	413	0	0
tx_exec.misc5:u	414	0	0
tx_exec.misc5:u	415	0	0
tx_exec.misc5:u	416	0	0
tx_exec.misc5:u	417	0	0
tx_exec.misc5:u	418	0	0
tx_exec.misc5:u	419	0	0
tx_exec.misc5:u	420	0	0
tx_exec.misc5:u	421	0	0
tx_exec.misc5:u	422	0	0
tx_exec.misc5:u	423	0	0
tx_exec.misc5:u	424	0	0
tx_exec.misc5:u	425	0	0
tx_exec.misc5:u	426	0	0
tx_exec.misc5:u	427	0	0
tx_exec.misc5:u	428	0	0
tx_exec.misc5:u	429	0	0
tx_exec.misc5:u	430	0	0
tx_exec.misc5:u	431	0	0
tx_exec.misc5:u	432	0	0
tx_exec.misc5:u	433	0	0
tx_exec.misc5:u	434	0	0
tx_exec.misc5:u	435	0	0
tx_exec.misc5:u	436	0	0
tx_exec.misc5:u	437	0	0
tx_exec.misc5:u	438	0	0
tx_exec.misc5:u	439	0	0
tx_exec.misc5:u	440	0	0
tx_exec.misc5:u	441	0	0
tx_exec.misc5:u	442	0	0
tx_exec.misc5:u	443	0	0
tx_exec.misc5:u	444	0	0
tx_exec.misc5:u	445	0	0
tx_exec.misc5:u	446	0	0
tx_exec.misc5:u	447	0	0
tx_exec.misc5:u	448	0	0
tx_exec.misc5:u	449	0	0
tx_exec.misc5:u	450	0	0
tx_exec.misc5:u	451	0	0
tx_exec.misc5:u	452	0	0
tx_exec.misc5:u	453	0	0
tx_exec.misc5:u	454	0	0
tx_exec.misc5:u	455	0	0
tx_exec.misc5:u	456	0	0
tx_exec.misc5:u	457	0	0
tx_exec.misc5:u	458	0	0
tx_exec.misc5:u	459	0	0
tx_exec.misc5:u	460	0	0
tx_exec.misc5:u	461	0	0
tx_exec.misc5:u	462	0	0
tx_exec.misc5:u	463	0	0
tx_exec.misc5:u	464	0	0
tx_exec.misc5:u	465	0	0
tx_exec.misc5:u	466	0	0
tx_exec.misc5:u	467	0	0
tx_exec.misc5:u	468	0	0
tx_exec.misc5:u	469	0	0
tx_exec.misc5:u	470	0	0
tx_exec.misc5:u	471	0	0
tx_exec.misc5:u	472	0	0
tx_exec.misc5:u	473	0	0
tx_exec.misc5:u	474	0	0
tx_exec.misc5:u	475	0	0
tx_exec.misc5:u	476	0	0
tx_exec.misc5:u	477	0	0
tx_exec.misc5:u	478	0	0
tx_exec.misc5:u	479	0	0
tx_exec.misc5:u	480	0	0
tx_exec.misc5:u	481	0	0
tx_exec.misc5:u	482	0	0
tx_exec.misc5:u	483	0	0
tx_exec.misc5:u	484	0	0
tx_exec.misc5:u	485	0	0
tx_exec.misc5:u	486	0	0
tx_exec.misc5:u	487	0	0
tx_exec.misc5:u	488	0	0
tx_exec.misc5:u	489	0	0
tx_exec.misc5:u	490	0	0
tx_exec.misc5:u	491	0	0
tx_exec.misc5:u	492	0	0
tx_exec.misc5:u	493	0	0
tx_exec.misc5:u	494	0	0
tx_exec.misc5:u	495	0	0
tx_exec.misc5:u	496	0	0
tx_exec.misc5:u	497	0	0
tx_exec.misc5:u	498	0	0
tx_exec.misc5:u	499	0	0
tx_exec.misc5:u	500	0	0
tx_exec.misc5:u	501	0	0
tx_exec.misc5:u	502	0	0
tx_exec.misc5:u	503	0	0
tx_exec.misc5:u	504	0	0
tx_exec.misc5:u	505	0	0
tx_exec.misc5:u	506	0	0
tx_exec.misc5:u	507	0	0
tx_exec.misc5:u	508	0	0
tx_exec.misc5:u	509	0	0
tx_exec.misc5:u	510	0	0
tx_exec.misc5:u	511	0	0
tx_exec.misc5:u	512	0	0
tx_exec.misc5:u	513	0	0
tx_exec.misc5:u	514	0	0
tx_exec.misc5:u	515	0	0
tx_exec.misc5:u	516	0	0
tx_exec.misc5:u	517	0	0
tx_exec.misc5:u	518	0	0
tx_exec.misc5:u	519	0	0
tx_exec.misc5:u	520	0	0
tx_exec.misc5:u	521	0	0
tx_exec.misc5:u	522	0	0
tx_exec.misc5:u	523	0	0
tx_exec.misc5:u	524	0	0
tx_exec.misc5:u	525	0	0
tx_exec.misc5:u	526	0	0
tx_exec.misc5:u	527	0	0
tx_exec.misc5:u	528	0	0
tx_exec.misc5:u	529	0	0
tx_exec.misc5:u	530	0	0
tx_exec.misc5:u	531	0	0
tx_exec.misc5:u	532	0	0
tx_exec.misc5:u	533	0	0
tx_exec.misc5:u	534	0	0
tx_exec.misc5:u	535	0	0
tx_exec.misc5:u	536	0	0
tx_exec.misc5:u	537	0	0
tx_exec.misc5:u	538	0	0
tx_exec.misc5:u	539	0	0
tx_exec.misc5:u	540	0	0
tx_exec.misc5:u	541	0	0
tx_exec.misc5:u	542	0	0
tx_exec.misc5:u	543	0	0
tx_exec.misc5:u	544	0	0
tx_exec.misc5:u	545	0	0
tx_exec.misc5:u	546	0	0
tx_exec.misc5:u	547	0	0
tx_exec.misc5:u	548	0	0
tx_exec.misc5:u	549	0	0
tx_exec.misc5:u	550	0	0
tx_exec.misc5:u	551	0	0
tx_exec.misc5:u	552	0	0
tx_exec.misc5:u	553	0	0
tx_exec.misc5:u	554	0	0
tx_exec.misc5:u	555	0	0
tx_exec.misc5:u	556	0	0
tx_exec.misc5:u	557	0	0
tx_exec.misc5:u	558	0	0
tx_exec.misc5:u	559	0	0
tx_exec.misc5:u	560	0	0
tx_exec.misc5:u	561	0	0
tx_exec.misc5:u	562	0	0
tx_exec.misc5:u	563	0	0
tx_exec.misc5:u	564	0	0
tx_exec.misc5:u	565	0	0
tx_exec.misc5:u	566	0	0
tx_exec.misc5:u	567	0	0
tx_exec.misc5:u	568	0	0
tx_exec.misc5:u	569	0	0
tx_exec.misc5:u	570	0	0
tx_exec.misc5:u	571	0	0
tx_exec.misc5:u	572	0	0
tx_exec.misc5:u	573	0	0
tx_exec.misc5:u	574	0	0
tx_exec.misc5:u	575	0	0
tx_exec.misc5:u	576	0	0
tx_exec.misc5:u	577	0	0
tx_exec.misc5:u	578	0	0
tx_exec.misc5:u	579	0	0
tx_exec.misc5:u	580	0	0
tx_exec.misc5:u	581	0	0
tx_exec.misc5:u	582	0	0
tx_exec.misc5:u	583	0	0
tx_exec.misc5:u	584	0	0
tx_exec.misc5:u	585	0	0
tx_exec.misc5:u	586	0	0
tx_exec.misc5:u	587	0	0
tx_exec.misc5:u	588	0	0
tx_exec.misc5:u	589	0	0
tx_exec.misc5:u	590	0	0
tx_exec.misc5:u	591	0	0
tx_exec.misc5:u	592	0	0
tx_exec.misc5:u	593	0	0
tx_exec.misc5:u	594	0	0
tx_exec.misc5:u	595	0	0
tx_exec.misc5:u	596	0	0
tx_exec.misc5:u	597	0	0
tx_exec.misc5:u	598	0	0
tx_exec.misc5:u	599	0	0
tx_exec.misc5:u	600	0	0
tx_exec.misc5:u	601	0	0
tx_exec.misc5:u	602	0	0
tx_exec.misc5:u	603	0	0
tx_exec.misc5:u	604	0	0
tx_exec.misc5:u	605	0	0
tx_exec.misc5:u	606	0	0
tx_exec.misc5:u	607	0	0
tx_exec.misc5:u	608	0	0
tx_exec.misc5:u	609	0	0
tx_exec.misc5:u	610	0	0
tx_exec.misc5:u	611	0	0
tx_exec.misc5:u	612	0	0
tx_exec.misc5:u	613	0	0
tx_exec.misc5:u	614	0	0
tx_exec.misc5:u	615	0	0
tx_exec.misc5:u	616	0	0
tx_exec.misc5:u	617	0	0
tx_exec.misc5:u	618	0	0
tx_exec.misc5:u	619	0	0
tx_exec.misc5:u	620	0	0
tx_exec.misc5:u	621	0	0
tx_exec.misc5:u	622	0	0
tx_exec.misc5:u	623	0	0
tx_exec.misc5:u	624	0	0
tx_exec.misc5:u	625	0	0
tx_exec.misc5:u	626	0	0
tx_exec.misc5:u	627	0	0
tx_exec.misc5:u	628	0	0
tx_exec.misc5:u	629	0	0
tx_exec.misc5:u	630	0	0
tx_exec.misc5:u	631	0	0
tx_exec.misc5:u	632	0	0
tx_exec.misc5:u	633	0	0
tx_exec.misc5:u	634	0	0
tx_exec.misc5:u	635	0	0
tx_exec.misc5:u	636	0	0
tx_exec.misc5:u	637	0	0
tx_exec.misc5:u	638	0	0
tx_exec.misc5:u	639	0	0
tx_exec.misc5:u	640	0	0
tx_exec.misc5:u	641	0	0
tx_exec.misc5:u	642	0	0
tx_exec.misc5:u	643	0	0
tx_exec.misc5:u	644	0	0
tx_exec.misc5:u	645	0	0
tx_exec.misc5:u	646	0	0
tx_exec.misc5:u	647	0	0
tx_exec.misc5:u	648	0	0
tx_exec.misc5:u	649	0	0
tx_exec.misc5:u	650	0	0
tx_exec.misc5:u	651	0	0
tx_exec.misc5:u	652	0	0
tx_exec.misc5:u	653	0	0
tx_exec.misc5:u	654	0	0
tx_exec.misc5:u	655	0	0
tx_exec.misc5:u	656	0	0
tx_exec.misc5:u	657	0	0
tx_exec.misc5:u	658	0	0
tx_exec.misc5:u	659	0	0
tx_exec.misc5:u	660	0	0
tx_exec.misc5:u	661	0	0
tx_exec.misc5:u	662	0	0
tx_exec.misc5:u	663	0	0
tx_exec.misc5:u	664	0	0
tx_exec.misc5:u	665	0	0
tx_exec.misc5:u	666	0	0
tx_exec.misc5:u	667	0	0
tx_exec.misc5:u	668	0	0
tx_exec.misc5:u	669	0	0
tx_exec.misc5:u	670	0	0
tx_exec.misc5:u	671	0	0
tx_exec.misc5:u	672	0	0
tx_exec.misc5:u	673	0	0
tx_exec.misc5:u	674	0	0
tx_exec.misc5:u	675	0	0
tx_exec.misc5:u	676	0	0
tx_exec.misc5:u	677	0	0
tx_exec.misc5:u	678	0	0
tx_exec.misc5:u	679	0	0
tx_exec.misc5:u	680	0	0
tx_exec.misc5:u	681	0	0
tx_exec.misc5:u	682	0	0
tx_exec.misc5:u	683	0	0
tx_exec.misc5:u	684	0	0
tx_exec.misc5:u	685	0	0
tx_exec.misc5:u	686	0	0
tx_exec.misc5:u	687	0	0
tx_exec.misc5:u	688	0	0
tx_exec.misc5:u	689	0	0
tx_exec.misc5:u	690	0	0
tx_exec.misc5:u	691	0	0
tx_exec.misc5:u	692	0	0
tx_exec.misc5:u	693	0	0
tx_exec.misc5:u	694	0	0
tx_exec.misc5:u	695	0	0
tx_exec.misc5:u	696	0	0
tx_exec.misc5:u	697	0	0
tx_exec.misc5:u	698	0	0
tx_exec.misc5:u	699	0	0
tx_exec.misc5:u	700	0	0
tx_exec.misc5:u	701	0	0
tx_exec.misc5:u	702	0	0
tx_exec.misc5:u	703	0	0
tx_exec.misc5:u	704	0	0
tx_exec.misc5:u	705	0	0
tx_exec.misc5:u	706	0	0
tx_exec.misc5:u	707	0	0
tx_exec.misc5:u	708	0	0
tx_exec.misc5:u	709	0	0
tx_exec.misc5:u	710	0	0
tx_exec.misc5:u	711	0	0
tx_exec.misc5:u	712	0	0
tx_exec.misc5:u	713	0	0
tx_exec.misc5:u	714	0	0
tx_exec.misc5:u	715	0	0
tx_exec.misc5:u	716	0	0
tx_exec.misc5:u	717	0	0
tx_exec.misc5:u	718	0	0
tx_exec.misc5:u	719	0	0
tx_exec.misc5:u	720	0	0
tx_exec.misc5:u	721	0	0
tx_exec.misc5:u	722	0	0
tx_exec.misc5:u	723	0	0
tx_exec.misc5:u	724	0	0
tx_exec.misc5:u	725	0	0
tx_exec.misc5:u	726	0	0
tx_exec.misc5:u	727	0	0
tx_exec.misc5:u	728	0	0
tx_exec.misc5:u	729	0	0
tx_exec.misc5:u	730	0	0
tx_exec.misc5:u	731	0	0
tx_exec.misc5:u	732	0	0
tx_exec.misc5:u	733	0	0
tx_exec.misc5:u	734	0	0
tx_exec.misc5:u	735	0	0
tx_exec.misc5:u	736	0	0
tx_exec.misc5:u	737	0	0
tx_exec.misc5:u	738	0	0
tx_exec.misc5:u	739	0	0
tx_exec.misc5:u	740	0	0
tx_exec.misc5:u	741	0	0
tx_exec.misc5:u	742	0	0
tx_exec.misc5:u	743	0	0
tx_exec.misc5:u	744	0	0
tx_exec.misc5:u	745	0	0
tx_exec.misc5:u	746	0	0
tx_exec.misc5:u	747	0	0
tx_exec.misc5:u	748	0	0
tx_exec.misc5:u	749	0	0
tx_exec.misc5:u	750	0	0
tx_exec.misc5:u	751	0	0
tx_exec.misc5:u	752	0	0
tx_exec.misc5:u	753	0	0
tx_exec.misc5:u	754	0	0
tx_exec.misc5:u	755	0	0
tx_exec.misc5:u	756	0	0
tx_exec.misc5:u	757	0	0
tx_exec.misc5:u	758	0	0
tx_exec.misc5:u	759	0	0
tx_exec.misc5:u	760	0	0
tx_exec.misc5:u	761	0	0
tx_exec.misc5:u	762	0	0
tx_exec.misc5:u	763	0	0
tx_exec.misc5:u	764	0	0
tx_exec.misc5:u	765	0	0
tx_exec.misc5:u	766	0	0
tx_exec.misc5:u	767	0	0
tx_exec.misc5:u	768	0	0
tx_exec.misc5:u	769	0	0
tx_exec.misc5:u	770	0	0
tx_exec.misc5:u	771	0	0
tx_exec.misc5:u	772	0	0
tx_exec.misc5:u	773	0	0
tx_exec.misc5:u	774	0	0
tx_exec.misc5:u	775	0	0
tx_exec.misc5:u	776	0	0
tx_exec.misc5:u	777	0	0
tx_exec.misc5:u	778	0	0
tx_exec.misc5:u	779	0	0
tx_exec.misc5:u	780	0	0
tx_exec.misc5:u	781	0	0
tx_exec.misc5:u	782	0	0
tx_exec.misc5:u	783	0	0
tx_exec.misc5:u	784	0	0
tx_exec.misc5:u	785	0	0
tx_exec.misc5:u	786	0	0
