event	round	count	exit
el-conflict:u	1	0	0
el-conflict:u	2	0	0
el-conflict:u	3	0	0
el-conflict:u	4	0	0
el-conflict:u	5	0	0
el-conflict:u	6	0	0
el-conflict:u	7	0	0
el-conflict:u	8	0	0
el-conflict:u	9	0	0
el-conflict:u	10	0	0
el-conflict:u	11	0	0
el-conflict:u	12	0	0
el-conflict:u	13	0	0
el-conflict:u	14	0	0
el-conflict:u	15	0	0
el-conflict:u	16	0	0
el-conflict:u	17	0	0
el-conflict:u	18	0	0
el-conflict:u	19	0	0
el-conflict:u	20	0	0
el-conflict:u	21	0	0
el-conflict:u	22	0	0
el-conflict:u	23	0	0
el-conflict:u	24	0	0
el-conflict:u	25	0	0
el-conflict:u	26	0	0
el-conflict:u	27	0	0
el-conflict:u	28	0	0
el-conflict:u	29	0	0
el-conflict:u	30	0	0
el-conflict:u	31	0	0
el-conflict:u	32	0	0
el-conflict:u	33	0	0
el-conflict:u	34	0	0
el-conflict:u	35	0	0
el-conflict:u	36	0	0
el-conflict:u	37	0	0
el-conflict:u	38	0	0
el-conflict:u	39	0	0
el-conflict:u	40	0	0
el-conflict:u	41	0	0
el-conflict:u	42	0	0
el-conflict:u	43	0	0
el-conflict:u	44	0	0
el-conflict:u	45	0	0
el-conflict:u	46	0	0
el-conflict:u	47	0	0
el-conflict:u	48	0	0
el-conflict:u	49	0	0
el-conflict:u	50	0	0
el-conflict:u	51	0	0
el-conflict:u	52	0	0
el-conflict:u	53	0	0
el-conflict:u	54	0	0
el-conflict:u	55	0	0
el-conflict:u	56	0	0
el-conflict:u	57	0	0
el-conflict:u	58	0	0
el-conflict:u	59	0	0
el-conflict:u	60	0	0
el-conflict:u	61	0	0
el-conflict:u	62	0	0
el-conflict:u	63	0	0
el-conflict:u	64	0	0
el-conflict:u	65	0	0
el-conflict:u	66	0	0
el-conflict:u	67	0	0
el-conflict:u	68	0	0
el-conflict:u	69	0	0
el-conflict:u	70	0	0
el-conflict:u	71	0	0
el-conflict:u	72	0	0
el-conflict:u	73	0	0
el-conflict:u	74	0	0
el-conflict:u	75	0	0
el-conflict:u	76	0	0
el-conflict:u	77	0	0
el-conflict:u	78	0	0
el-conflict:u	79	0	0
el-conflict:u	80	0	0
el-conflict:u	81	0	0
el-conflict:u	82	0	0
el-conflict:u	83	0	0
el-conflict:u	84	0	0
el-conflict:u	85	0	0
el-conflict:u	86	0	0
el-conflict:u	87	0	0
el-conflict:u	88	0	0
el-conflict:u	89	0	0
el-conflict:u	90	0	0
el-conflict:u	91	0	0
el-conflict:u	92	0	0
el-conflict:u	93	0	0
el-conflict:u	94	0	0
el-conflict:u	95	0	0
el-conflict:u	96	0	0
el-conflict:u	97	0	0
el-conflict:u	98	0	0
el-conflict:u	99	0	0
el-conflict:u	100	0	0
el-conflict:u	101	0	0
el-conflict:u	102	0	0
el-conflict:u	103	0	0
el-conflict:u	104	0	0
el-conflict:u	105	0	0
el-conflict:u	106	0	0
el-conflict:u	107	0	0
el-conflict:u	108	0	0
el-conflict:u	109	0	0
el-conflict:u	110	0	0
el-conflict:u	111	0	0
el-conflict:u	112	0	0
el-conflict:u	113	0	0
el-conflict:u	114	0	0
el-conflict:u	115	0	0
el-conflict:u	116	0	0
el-conflict:u	117	0	0
el-conflict:u	118	0	0
el-conflict:u	119	0	0
el-conflict:u	120	0	0
el-conflict:u	121	0	0
el-conflict:u	122	0	0
el-conflict:u	123	0	0
el-conflict:u	124	0	0
el-conflict:u	125	0	0
el-conflict:u	126	0	0
el-conflict:u	127	0	0
el-conflict:u	128	0	0
el-conflict:u	129	0	0
el-conflict:u	130	0	0
el-conflict:u	131	0	0
el-conflict:u	132	0	0
el-conflict:u	133	0	0
el-conflict:u	134	0	0
el-conflict:u	135	0	0
el-conflict:u	136	0	0
el-conflict:u	137	0	0
el-conflict:u	138	0	0
el-conflict:u	139	0	0
el-conflict:u	140	0	0
el-conflict:u	141	0	0
el-conflict:u	142	0	0
el-conflict:u	143	0	0
el-conflict:u	144	0	0
el-conflict:u	145	0	0
el-conflict:u	146	0	0
el-conflict:u	147	0	0
el-conflict:u	148	0	0
el-conflict:u	149	0	0
el-conflict:u	150	0	0
el-conflict:u	151	0	0
el-conflict:u	152	0	0
el-conflict:u	153	0	0
el-conflict:u	154	0	0
el-conflict:u	155	0	0
el-conflict:u	156	0	0
el-conflict:u	157	0	0
el-conflict:u	158	0	0
el-conflict:u	159	0	0
el-conflict:u	160	0	0
el-conflict:u	161	0	0
el-conflict:u	162	0	0
el-conflict:u	163	0	0
el-conflict:u	164	0	0
el-conflict:u	165	0	0
el-conflict:u	166	0	0
el-conflict:u	167	0	0
el-conflict:u	168	0	0
el-conflict:u	169	0	0
el-conflict:u	170	0	0
el-conflict:u	171	0	0
el-conflict:u	172	0	0
el-conflict:u	173	0	0
el-conflict:u	174	0	0
el-conflict:u	175	0	0
el-conflict:u	176	0	0
el-conflict:u	177	0	0
el-conflict:u	178	0	0
el-conflict:u	179	0	0
el-conflict:u	180	0	0
el-conflict:u	181	0	0
el-conflict:u	182	0	0
el-conflict:u	183	0	0
el-conflict:u	184	0	0
el-conflict:u	185	0	0
el-conflict:u	186	0	0
el-conflict:u	187	0	0
el-conflict:u	188	0	0
el-conflict:u	189	0	0
el-conflict:u	190	0	0
el-conflict:u	191	0	0
el-conflict:u	192	0	0
el-conflict:u	193	0	0
el-conflict:u	194	0	0
el-conflict:u	195	0	0
el-conflict:u	196	0	0
el-conflict:u	197	0	0
el-conflict:u	198	0	0
el-conflict:u	199	0	0
el-conflict:u	200	0	0
el-conflict:u	201	0	0
el-conflict:u	202	0	0
el-conflict:u	203	0	0
el-conflict:u	204	0	0
el-conflict:u	205	0	0
el-conflict:u	206	0	0
el-conflict:u	207	0	0
el-conflict:u	208	0	0
el-conflict:u	209	0	0
el-conflict:u	210	0	0
el-conflict:u	211	0	0
el-conflict:u	212	0	0
el-conflict:u	213	0	0
el-conflict:u	214	0	0
el-conflict:u	215	0	0
el-conflict:u	216	0	0
el-conflict:u	217	0	0
el-conflict:u	218	0	0
el-conflict:u	219	0	0
el-conflict:u	220	0	0
el-conflict:u	221	0	0
el-conflict:u	222	0	0
el-conflict:u	223	0	0
el-conflict:u	224	0	0
el-conflict:u	225	0	0
el-conflict:u	226	0	0
el-conflict:u	227	0	0
el-conflict:u	228	0	0
el-conflict:u	229	0	0
el-conflict:u	230	0	0
el-conflict:u	231	0	0
el-conflict:u	232	0	0
el-conflict:u	233	0	0
el-conflict:u	234	0	0
el-conflict:u	235	0	0
el-conflict:u	236	0	0
el-conflict:u	237	0	0
el-conflict:u	238	0	0
el-conflict:u	239	0	0
el-conflict:u	240	0	0
el-conflict:u	241	0	0
el-conflict:u	242	0	0
el-conflict:u	243	0	0
el-conflict:u	244	0	0
el-conflict:u	245	0	0
el-conflict:u	246	0	0
el-conflict:u	247	0	0
el-conflict:u	248	0	0
el-conflict:u	249	0	0
el-conflict:u	250	0	0
el-conflict:u	251	0	0
el-conflict:u	252	0	0
el-conflict:u	253	0	0
el-conflict:u	254	0	0
el-conflict:u	255	0	0
el-conflict:u	256	0	0
el-conflict:u	257	0	0
el-conflict:u	258	0	0
el-conflict:u	259	0	0
el-conflict:u	260	0	0
el-conflict:u	261	0	0
el-conflict:u	262	0	0
el-conflict:u	263	0	0
el-conflict:u	264	0	0
el-conflict:u	265	0	0
el-conflict:u	266	0	0
el-conflict:u	267	0	0
el-conflict:u	268	0	0
el-conflict:u	269	0	0
el-conflict:u	270	0	0
el-conflict:u	271	0	0
el-conflict:u	272	0	0
el-conflict:u	273	0	0
el-conflict:u	274	0	0
el-conflict:u	275	0	0
el-conflict:u	276	0	0
el-conflict:u	277	0	0
el-conflict:u	278	0	0
el-conflict:u	279	0	0
el-conflict:u	280	0	0
el-conflict:u	281	0	0
el-conflict:u	282	0	0
el-conflict:u	283	0	0
el-conflict:u	284	0	0
el-conflict:u	285	0	0
el-conflict:u	286	0	0
el-conflict:u	287	0	0
el-conflict:u	288	0	0
el-conflict:u	289	0	0
el-conflict:u	290	0	0
el-conflict:u	291	0	0
el-conflict:u	292	0	0
el-conflict:u	293	0	0
el-conflict:u	294	0	0
el-conflict:u	295	0	0
el-conflict:u	296	0	0
el-conflict:u	297	0	0
el-conflict:u	298	0	0
el-conflict:u	299	0	0
el-conflict:u	300	0	0
el-conflict:u	301	0	0
el-conflict:u	302	0	0
el-conflict:u	303	0	0
el-conflict:u	304	0	0
el-conflict:u	305	0	0
el-conflict:u	306	0	0
el-conflict:u	307	0	0
el-conflict:u	308	0	0
el-conflict:u	309	0	0
el-conflict:u	310	0	0
el-conflict:u	311	0	0
el-conflict:u	312	0	0
el-conflict:u	313	0	0
el-conflict:u	314	0	0
el-conflict:u	315	0	0
el-conflict:u	316	0	0
el-conflict:u	317	0	0
el-conflict:u	318	0	0
el-conflict:u	319	0	0
el-conflict:u	320	0	0
el-conflict:u	321	0	0
el-conflict:u	322	0	0
el-conflict:u	323	0	0
el-conflict:u	324	0	0
el-conflict:u	325	0	0
el-conflict:u	326	0	0
el-conflict:u	327	0	0
el-conflict:u	328	0	0
el-conflict:u	329	0	0
el-conflict:u	330	0	0
el-conflict:u	331	0	0
el-conflict:u	332	0	0
el-conflict:u	333	0	0
el-conflict:u	334	0	0
el-conflict:u	335	0	0
el-conflict:u	336	0	0
el-conflict:u	337	0	0
el-conflict:u	338	0	0
el-conflict:u	339	0	0
el-conflict:u	340	0	0
el-conflict:u	341	0	0
el-conflict:u	342	0	0
el-conflict:u	343	0	0
el-conflict:u	344	0	0
el-conflict:u	345	0	0
el-conflict:u	346	0	0
el-conflict:u	347	0	0
el-conflict:u	348	0	0
el-conflict:u	349	0	0
el-conflict:u	350	0	0
el-conflict:u	351	0	0
el-conflict:u	352	0	0
el-conflict:u	353	0	0
el-conflict:u	354	0	0
el-conflict:u	355	0	0
el-conflict:u	356	0	0
el-conflict:u	357	0	0
el-conflict:u	358	0	0
el-conflict:u	359	0	0
el-conflict:u	360	0	0
el-conflict:u	361	0	0
el-conflict:u	362	0	0
el-conflict:u	363	0	0
el-conflict:u	364	0	0
el-conflict:u	365	0	0
el-conflict:u	366	0	0
el-conflict:u	367	0	0
el-conflict:u	368	0	0
el-conflict:u	369	0	0
el-conflict:u	370	0	0
el-conflict:u	371	0	0
el-conflict:u	372	0	0
el-conflict:u	373	0	0
el-conflict:u	374	0	0
el-conflict:u	375	0	0
el-conflict:u	376	0	0
el-conflict:u	377	0	0
el-conflict:u	378	0	0
el-conflict:u	379	0	0
el-conflict:u	380	0	0
el-conflict:u	381	0	0
el-conflict:u	382	0	0
el-conflict:u	383	0	0
el-conflict:u	384	0	0
el-conflict:u	385	0	0
el-conflict:u	386	0	0
el-conflict:u	387	0	0
el-conflict:u	388	0	0
el-conflict:u	389	0	0
el-conflict:u	390	0	0
el-conflict:u	391	0	0
el-conflict:u	392	0	0
el-conflict:u	393	0	0
el-conflict:u	394	0	0
el-conflict:u	395	0	0
el-conflict:u	396	0	0
el-conflict:u	397	0	0
el-conflict:u	398	0	0
el-conflict:u	399	0	0
el-conflict:u	400	0	0
el-conflict:u	401	0	0
el-conflict:u	402	0	0
el-conflict:u	403	0	0
el-conflict:u	404	0	0
el-conflict:u	405	0	0
el-conflict:u	406	0	0
el-conflict:u	407	0	0
el-conflict:u	408	0	0
el-conflict:u	409	0	0
el-conflict:u	410	0	0
el-conflict:u	411	0	0
el-conflict:u	412	0	0
el-conflict:u	413	0	0
el-conflict:u	414	0	0
el-conflict:u	415	0	0
el-conflict:u	416	0	0
el-conflict:u	417	0	0
el-conflict:u	418	0	0
el-conflict:u	419	0	0
el-conflict:u	420	0	0
el-conflict:u	421	0	0
el-conflict:u	422	0	0
el-conflict:u	423	0	0
el-conflict:u	424	0	0
el-conflict:u	425	0	0
el-conflict:u	426	0	0
el-conflict:u	427	0	0
el-conflict:u	428	0	0
el-conflict:u	429	0	0
el-conflict:u	430	0	0
el-conflict:u	431	0	0
el-conflict:u	432	0	0
el-conflict:u	433	0	0
el-conflict:u	434	0	0
el-conflict:u	435	0	0
el-conflict:u	436	0	0
el-conflict:u	437	0	0
el-conflict:u	438	0	0
el-conflict:u	439	0	0
el-conflict:u	440	0	0
el-conflict:u	441	0	0
el-conflict:u	442	0	0
el-conflict:u	443	0	0
el-conflict:u	444	0	0
el-conflict:u	445	0	0
el-conflict:u	446	0	0
el-conflict:u	447	0	0
el-conflict:u	448	0	0
el-conflict:u	449	0	0
el-conflict:u	450	0	0
el-conflict:u	451	0	0
el-conflict:u	452	0	0
el-conflict:u	453	0	0
el-conflict:u	454	0	0
el-conflict:u	455	0	0
el-conflict:u	456	0	0
el-conflict:u	457	0	0
el-conflict:u	458	0	0
el-conflict:u	459	0	0
el-conflict:u	460	0	0
el-conflict:u	461	0	0
el-conflict:u	462	0	0
el-conflict:u	463	0	0
el-conflict:u	464	0	0
el-conflict:u	465	0	0
el-conflict:u	466	0	0
el-conflict:u	467	0	0
el-conflict:u	468	0	0
el-conflict:u	469	0	0
el-conflict:u	470	0	0
el-conflict:u	471	0	0
el-conflict:u	472	0	0
el-conflict:u	473	0	0
el-conflict:u	474	0	0
el-conflict:u	475	0	0
el-conflict:u	476	0	0
el-conflict:u	477	0	0
el-conflict:u	478	0	0
el-conflict:u	479	0	0
el-conflict:u	480	0	0
el-conflict:u	481	0	0
el-conflict:u	482	0	0
el-conflict:u	483	0	0
el-conflict:u	484	0	0
el-conflict:u	485	0	0
el-conflict:u	486	0	0
el-conflict:u	487	0	0
el-conflict:u	488	0	0
el-conflict:u	489	0	0
el-conflict:u	490	0	0
el-conflict:u	491	0	0
el-conflict:u	492	0	0
el-conflict:u	493	0	0
el-conflict:u	494	0	0
el-conflict:u	495	0	0
el-conflict:u	496	0	0
el-conflict:u	497	0	0
el-conflict:u	498	0	0
el-conflict:u	499	0	0
el-conflict:u	500	0	0
el-conflict:u	501	0	0
el-conflict:u	502	0	0
el-conflict:u	503	0	0
el-conflict:u	504	0	0
el-conflict:u	505	0	0
el-conflict:u	506	0	0
el-conflict:u	507	0	0
el-conflict:u	508	0	0
el-conflict:u	509	0	0
el-conflict:u	510	0	0
el-conflict:u	511	0	0
el-conflict:u	512	0	0
el-conflict:u	513	0	0
el-conflict:u	514	0	0
el-conflict:u	515	0	0
el-conflict:u	516	0	0
el-conflict:u	517	0	0
el-conflict:u	518	0	0
el-conflict:u	519	0	0
el-conflict:u	520	0	0
el-conflict:u	521	0	0
el-conflict:u	522	0	0
el-conflict:u	523	0	0
el-conflict:u	524	0	0
el-conflict:u	525	0	0
el-conflict:u	526	0	0
el-conflict:u	527	0	0
el-conflict:u	528	0	0
el-conflict:u	529	0	0
el-conflict:u	530	0	0
el-conflict:u	531	0	0
el-conflict:u	532	0	0
el-conflict:u	533	0	0
el-conflict:u	534	0	0
el-conflict:u	535	0	0
el-conflict:u	536	0	0
el-conflict:u	537	0	0
el-conflict:u	538	0	0
el-conflict:u	539	0	0
el-conflict:u	540	0	0
el-conflict:u	541	0	0
el-conflict:u	542	0	0
el-conflict:u	543	0	0
el-conflict:u	544	0	0
el-conflict:u	545	0	0
el-conflict:u	546	0	0
el-conflict:u	547	0	0
el-conflict:u	548	0	0
el-conflict:u	549	0	0
el-conflict:u	550	0	0
el-conflict:u	551	0	0
el-conflict:u	552	0	0
el-conflict:u	553	0	0
el-conflict:u	554	0	0
el-conflict:u	555	0	0
el-conflict:u	556	0	0
el-conflict:u	557	0	0
el-conflict:u	558	0	0
el-conflict:u	559	0	0
el-conflict:u	560	0	0
el-conflict:u	561	0	0
el-conflict:u	562	0	0
el-conflict:u	563	0	0
el-conflict:u	564	0	0
el-conflict:u	565	0	0
el-conflict:u	566	0	0
el-conflict:u	567	0	0
el-conflict:u	568	0	0
el-conflict:u	569	0	0
el-conflict:u	570	0	0
el-conflict:u	571	0	0
el-conflict:u	572	0	0
el-conflict:u	573	0	0
el-conflict:u	574	0	0
el-conflict:u	575	0	0
el-conflict:u	576	0	0
el-conflict:u	577	0	0
el-conflict:u	578	0	0
el-conflict:u	579	0	0
el-conflict:u	580	0	0
el-conflict:u	581	0	0
el-conflict:u	582	0	0
el-conflict:u	583	0	0
el-conflict:u	584	0	0
el-conflict:u	585	0	0
el-conflict:u	586	0	0
el-conflict:u	587	0	0
el-conflict:u	588	0	0
el-conflict:u	589	0	0
el-conflict:u	590	0	0
el-conflict:u	591	0	0
el-conflict:u	592	0	0
el-conflict:u	593	0	0
el-conflict:u	594	0	0
el-conflict:u	595	0	0
el-conflict:u	596	0	0
el-conflict:u	597	0	0
el-conflict:u	598	0	0
el-conflict:u	599	0	0
el-conflict:u	600	0	0
el-conflict:u	601	0	0
el-conflict:u	602	0	0
el-conflict:u	603	0	0
el-conflict:u	604	0	0
el-conflict:u	605	0	0
el-conflict:u	606	0	0
el-conflict:u	607	0	0
el-conflict:u	608	0	0
el-conflict:u	609	0	0
el-conflict:u	610	0	0
el-conflict:u	611	0	0
el-conflict:u	612	0	0
el-conflict:u	613	0	0
el-conflict:u	614	0	0
el-conflict:u	615	0	0
el-conflict:u	616	0	0
el-conflict:u	617	0	0
el-conflict:u	618	0	0
el-conflict:u	619	0	0
el-conflict:u	620	0	0
el-conflict:u	621	0	0
el-conflict:u	622	0	0
el-conflict:u	623	0	0
el-conflict:u	624	0	0
el-conflict:u	625	0	0
el-conflict:u	626	0	0
el-conflict:u	627	0	0
el-conflict:u	628	0	0
el-conflict:u	629	0	0
el-conflict:u	630	0	0
el-conflict:u	631	0	0
el-conflict:u	632	0	0
el-conflict:u	633	0	0
el-conflict:u	634	0	0
el-conflict:u	635	0	0
el-conflict:u	636	0	0
el-conflict:u	637	0	0
el-conflict:u	638	0	0
el-conflict:u	639	0	0
el-conflict:u	640	0	0
el-conflict:u	641	0	0
el-conflict:u	642	0	0
el-conflict:u	643	0	0
el-conflict:u	644	0	0
el-conflict:u	645	0	0
el-conflict:u	646	0	0
el-conflict:u	647	0	0
el-conflict:u	648	0	0
el-conflict:u	649	0	0
el-conflict:u	650	0	0
el-conflict:u	651	0	0
el-conflict:u	652	0	0
el-conflict:u	653	0	0
el-conflict:u	654	0	0
el-conflict:u	655	0	0
el-conflict:u	656	0	0
el-conflict:u	657	0	0
el-conflict:u	658	0	0
el-conflict:u	659	0	0
el-conflict:u	660	0	0
el-conflict:u	661	0	0
el-conflict:u	662	0	0
el-conflict:u	663	0	0
el-conflict:u	664	0	0
el-conflict:u	665	0	0
el-conflict:u	666	0	0
el-conflict:u	667	0	0
el-conflict:u	668	0	0
el-conflict:u	669	0	0
el-conflict:u	670	0	0
el-conflict:u	671	0	0
el-conflict:u	672	0	0
el-conflict:u	673	0	0
el-conflict:u	674	0	0
el-conflict:u	675	0	0
el-conflict:u	676	0	0
el-conflict:u	677	0	0
el-conflict:u	678	0	0
el-conflict:u	679	0	0
el-conflict:u	680	0	0
el-conflict:u	681	0	0
el-conflict:u	682	0	0
el-conflict:u	683	0	0
el-conflict:u	684	0	0
el-conflict:u	685	0	0
el-conflict:u	686	0	0
el-conflict:u	687	0	0
el-conflict:u	688	0	0
el-conflict:u	689	0	0
el-conflict:u	690	0	0
el-conflict:u	691	0	0
el-conflict:u	692	0	0
el-conflict:u	693	0	0
el-conflict:u	694	0	0
el-conflict:u	695	0	0
el-conflict:u	696	0	0
el-conflict:u	697	0	0
el-conflict:u	698	0	0
el-conflict:u	699	0	0
el-conflict:u	700	0	0
el-conflict:u	701	0	0
el-conflict:u	702	0	0
el-conflict:u	703	0	0
el-conflict:u	704	0	0
el-conflict:u	705	0	0
el-conflict:u	706	0	0
el-conflict:u	707	0	0
el-conflict:u	708	0	0
el-conflict:u	709	0	0
el-conflict:u	710	0	0
el-conflict:u	711	0	0
el-conflict:u	712	0	0
el-conflict:u	713	0	0
el-conflict:u	714	0	0
el-conflict:u	715	0	0
el-conflict:u	716	0	0
el-conflict:u	717	0	0
el-conflict:u	718	0	0
el-conflict:u	719	0	0
el-conflict:u	720	0	0
el-conflict:u	721	0	0
el-conflict:u	722	0	0
el-conflict:u	723	0	0
el-conflict:u	724	0	0
el-conflict:u	725	0	0
el-conflict:u	726	0	0
el-conflict:u	727	0	0
el-conflict:u	728	0	0
el-conflict:u	729	0	0
el-conflict:u	730	0	0
el-conflict:u	731	0	0
el-conflict:u	732	0	0
el-conflict:u	733	0	0
el-conflict:u	734	0	0
el-conflict:u	735	0	0
el-conflict:u	736	0	0
el-conflict:u	737	0	0
el-conflict:u	738	0	0
el-conflict:u	739	0	0
el-conflict:u	740	0	0
el-conflict:u	741	0	0
el-conflict:u	742	0	0
el-conflict:u	743	0	0
el-conflict:u	744	0	0
el-conflict:u	745	0	0
el-conflict:u	746	0	0
el-conflict:u	747	0	0
el-conflict:u	748	0	0
el-conflict:u	749	0	0
el-conflict:u	750	0	0
el-conflict:u	751	0	0
el-conflict:u	752	0	0
el-conflict:u	753	0	0
el-conflict:u	754	0	0
el-conflict:u	755	0	0
el-conflict:u	756	0	0
el-conflict:u	757	0	0
el-conflict:u	758	0	0
el-conflict:u	759	0	0
el-conflict:u	760	0	0
el-conflict:u	761	0	0
el-conflict:u	762	0	0
el-conflict:u	763	0	0
el-conflict:u	764	0	0
el-conflict:u	765	0	0
el-conflict:u	766	0	0
el-conflict:u	767	0	0
el-conflict:u	768	0	0
el-conflict:u	769	0	0
el-conflict:u	770	0	0
el-conflict:u	771	0	0
el-conflict:u	772	0	0
el-conflict:u	773	0	0
el-conflict:u	774	0	0
el-conflict:u	775	0	0
el-conflict:u	776	0	0
el-conflict:u	777	0	0
el-conflict:u	778	0	0
el-conflict:u	779	0	0
el-conflict:u	780	0	0
el-conflict:u	781	0	0
el-conflict:u	782	0	0
el-conflict:u	783	0	0
el-conflict:u	784	0	0
el-conflict:u	785	0	0
el-conflict:u	786	0	0
el-conflict:u	787	0	0
el-conflict:u	788	0	0
el-conflict:u	789	0	0
el-conflict:u	790	0	0
el-conflict:u	791	0	0
el-conflict:u	792	0	0
el-conflict:u	793	0	0
el-conflict:u	794	0	0
el-conflict:u	795	0	0
el-conflict:u	796	0	0
el-conflict:u	797	0	0
el-conflict:u	798	0	0
el-conflict:u	799	0	0
el-conflict:u	800	0	0
el-conflict:u	801	0	0
el-conflict:u	802	0	0
el-conflict:u	803	0	0
el-conflict:u	804	0	0
el-conflict:u	805	0	0
el-conflict:u	806	0	0
el-conflict:u	807	0	0
el-conflict:u	808	0	0
el-conflict:u	809	0	0
el-conflict:u	810	0	0
el-conflict:u	811	0	0
el-conflict:u	812	0	0
el-conflict:u	813	0	0
el-conflict:u	814	0	0
el-conflict:u	815	0	0
el-conflict:u	816	0	0
el-conflict:u	817	0	0
el-conflict:u	818	0	0
el-conflict:u	819	0	0
el-conflict:u	820	0	0
el-conflict:u	821	0	0
el-conflict:u	822	0	0
el-conflict:u	823	0	0
el-conflict:u	824	0	0
el-conflict:u	825	0	0
el-conflict:u	826	0	0
el-conflict:u	827	0	0
el-conflict:u	828	0	0
el-conflict:u	829	0	0
el-conflict:u	830	0	0
el-conflict:u	831	0	0
el-conflict:u	832	0	0
el-conflict:u	833	0	0
el-conflict:u	834	0	0
el-conflict:u	835	0	0
el-conflict:u	836	0	0
el-conflict:u	837	0	0
el-conflict:u	838	0	0
el-conflict:u	839	0	0
el-conflict:u	840	0	0
el-conflict:u	841	0	0
el-conflict:u	842	0	0
el-conflict:u	843	0	0
el-conflict:u	844	0	0
el-conflict:u	845	0	0
el-conflict:u	846	0	0
el-conflict:u	847	0	0
el-conflict:u	848	0	0
el-conflict:u	849	0	0
el-conflict:u	850	0	0
el-conflict:u	851	0	0
el-conflict:u	852	0	0
el-conflict:u	853	0	0
el-conflict:u	854	0	0
el-conflict:u	855	0	0
el-conflict:u	856	0	0
el-conflict:u	857	0	0
el-conflict:u	858	0	0
el-conflict:u	859	0	0
el-conflict:u	860	0	0
el-conflict:u	861	0	0
el-conflict:u	862	0	0
el-conflict:u	863	0	0
el-conflict:u	864	0	0
el-conflict:u	865	0	0
el-conflict:u	866	0	0
el-conflict:u	867	0	0
el-conflict:u	868	0	0
el-conflict:u	869	0	0
el-conflict:u	870	0	0
el-conflict:u	871	0	0
el-conflict:u	872	0	0
el-conflict:u	873	0	0
el-conflict:u	874	0	0
el-conflict:u	875	0	0
el-conflict:u	876	0	0
el-conflict:u	877	0	0
el-conflict:u	878	0	0
el-conflict:u	879	0	0
el-conflict:u	880	0	0
el-conflict:u	881	0	0
el-conflict:u	882	0	0
el-conflict:u	883	0	0
el-conflict:u	884	0	0
el-conflict:u	885	0	0
el-conflict:u	886	0	0
el-conflict:u	887	0	0
el-conflict:u	888	0	0
el-conflict:u	889	0	0
el-conflict:u	890	0	0
el-conflict:u	891	0	0
el-conflict:u	892	0	0
el-conflict:u	893	0	0
el-conflict:u	894	0	0
el-conflict:u	895	0	0
el-conflict:u	896	0	0
el-conflict:u	897	0	0
el-conflict:u	898	0	0
el-conflict:u	899	0	0
el-conflict:u	900	0	0
el-conflict:u	901	0	0
el-conflict:u	902	0	0
el-conflict:u	903	0	0
el-conflict:u	904	0	0
el-conflict:u	905	0	0
el-conflict:u	906	0	0
el-conflict:u	907	0	0
el-conflict:u	908	0	0
el-conflict:u	909	0	0
el-conflict:u	910	0	0
el-conflict:u	911	0	0
el-conflict:u	912	0	0
el-conflict:u	913	0	0
el-conflict:u	914	0	0
el-conflict:u	915	0	0
el-conflict:u	916	0	0
el-conflict:u	917	0	0
el-conflict:u	918	0	0
el-conflict:u	919	0	0
el-conflict:u	920	0	0
el-conflict:u	921	0	0
el-conflict:u	922	0	0
el-conflict:u	923	0	0
el-conflict:u	924	0	0
el-conflict:u	925	0	0
el-conflict:u	926	0	0
el-conflict:u	927	0	0
el-conflict:u	928	0	0
el-conflict:u	929	0	0
el-conflict:u	930	0	0
el-conflict:u	931	0	0
el-conflict:u	932	0	0
el-conflict:u	933	0	0
el-conflict:u	934	0	0
el-conflict:u	935	0	0
el-conflict:u	936	0	0
el-conflict:u	937	0	0
el-conflict:u	938	0	0
el-conflict:u	939	0	0
el-conflict:u	940	0	0
el-conflict:u	941	0	0
el-conflict:u	942	0	0
el-conflict:u	943	0	0
el-conflict:u	944	0	0
el-conflict:u	945	0	0
el-conflict:u	946	0	0
el-conflict:u	947	0	0
el-conflict:u	948	0	0
el-conflict:u	949	0	0
el-conflict:u	950	0	0
el-conflict:u	951	0	0
el-conflict:u	952	0	0
el-conflict:u	953	0	0
el-conflict:u	954	0	0
el-conflict:u	955	0	0
el-conflict:u	956	0	0
el-conflict:u	957	0	0
el-conflict:u	958	0	0
el-conflict:u	959	0	0
el-conflict:u	960	0	0
el-conflict:u	961	0	0
el-conflict:u	962	0	0
el-conflict:u	963	0	0
el-conflict:u	964	0	0
el-conflict:u	965	0	0
el-conflict:u	966	0	0
el-conflict:u	967	0	0
el-conflict:u	968	0	0
el-conflict:u	969	0	0
el-conflict:u	970	0	0
el-conflict:u	971	0	0
el-conflict:u	972	0	0
el-conflict:u	973	0	0
el-conflict:u	974	0	0
el-conflict:u	975	0	0
el-conflict:u	976	0	0
el-conflict:u	977	0	0
el-conflict:u	978	0	0
el-conflict:u	979	0	0
el-conflict:u	980	0	0
el-conflict:u	981	0	0
el-conflict:u	982	0	0
el-conflict:u	983	0	0
el-conflict:u	984	0	0
el-conflict:u	985	0	0
el-conflict:u	986	0	0
el-conflict:u	987	0	0
el-conflict:u	988	0	0
el-conflict:u	989	0	0
el-conflict:u	990	0	0
el-conflict:u	991	0	0
el-conflict:u	992	0	0
el-conflict:u	993	0	0
el-conflict:u	994	0	0
el-conflict:u	995	0	0
el-conflict:u	996	0	0
el-conflict:u	997	0	0
el-conflict:u	998	0	0
el-conflict:u	999	0	0
el-conflict:u	1000	0	0
l1d_pend_miss.pending_cycles_any:u	1	179940745	0
l1d_pend_miss.pending_cycles_any:u	2	169242217	0
l2_rqsts.rfo_hit:u	1	354088	0
l2_rqsts.rfo_hit:u	2	351098	0
mem_load_l3_miss_retired.remote_fwd:u	1	0	0
mem_load_l3_miss_retired.remote_fwd:u	2	0	0
mem_load_l3_miss_retired.remote_fwd:u	3	0	0
mem_load_l3_miss_retired.remote_fwd:u	4	0	0
mem_load_l3_miss_retired.remote_fwd:u	5	0	0
mem_load_l3_miss_retired.remote_fwd:u	6	0	0
mem_load_l3_miss_retired.remote_fwd:u	7	0	0
mem_load_l3_miss_retired.remote_fwd:u	8	0	0
mem_load_l3_miss_retired.remote_fwd:u	9	0	0
mem_load_l3_miss_retired.remote_fwd:u	10	0	0
mem_load_l3_miss_retired.remote_fwd:u	11	0	0
mem_load_l3_miss_retired.remote_fwd:u	12	0	0
mem_load_l3_miss_retired.remote_fwd:u	13	0	0
mem_load_l3_miss_retired.remote_fwd:u	14	0	0
mem_load_l3_miss_retired.remote_fwd:u	15	0	0
mem_load_l3_miss_retired.remote_fwd:u	16	0	0
mem_load_l3_miss_retired.remote_fwd:u	17	0	0
mem_load_l3_miss_retired.remote_fwd:u	18	0	0
mem_load_l3_miss_retired.remote_fwd:u	19	0	0
mem_load_l3_miss_retired.remote_fwd:u	20	0	0
mem_load_l3_miss_retired.remote_fwd:u	21	0	0
mem_load_l3_miss_retired.remote_fwd:u	22	0	0
mem_load_l3_miss_retired.remote_fwd:u	23	0	0
mem_load_l3_miss_retired.remote_fwd:u	24	0	0
mem_load_l3_miss_retired.remote_fwd:u	25	0	0
mem_load_l3_miss_retired.remote_fwd:u	26	0	0
mem_load_l3_miss_retired.remote_fwd:u	27	0	0
mem_load_l3_miss_retired.remote_fwd:u	28	0	0
mem_load_l3_miss_retired.remote_fwd:u	29	0	0
mem_load_l3_miss_retired.remote_fwd:u	30	0	0
mem_load_l3_miss_retired.remote_fwd:u	31	0	0
mem_load_l3_miss_retired.remote_fwd:u	32	0	0
mem_load_l3_miss_retired.remote_fwd:u	33	0	0
mem_load_l3_miss_retired.remote_fwd:u	34	0	0
mem_load_l3_miss_retired.remote_fwd:u	35	0	0
mem_load_l3_miss_retired.remote_fwd:u	36	0	0
mem_load_l3_miss_retired.remote_fwd:u	37	0	0
mem_load_l3_miss_retired.remote_fwd:u	38	0	0
mem_load_l3_miss_retired.remote_fwd:u	39	0	0
mem_load_l3_miss_retired.remote_fwd:u	40	0	0
mem_load_l3_miss_retired.remote_fwd:u	41	0	0
mem_load_l3_miss_retired.remote_fwd:u	42	0	0
mem_load_l3_miss_retired.remote_fwd:u	43	0	0
mem_load_l3_miss_retired.remote_fwd:u	44	0	0
mem_load_l3_miss_retired.remote_fwd:u	45	0	0
mem_load_l3_miss_retired.remote_fwd:u	46	0	0
mem_load_l3_miss_retired.remote_fwd:u	47	0	0
mem_load_l3_miss_retired.remote_fwd:u	48	0	0
mem_load_l3_miss_retired.remote_fwd:u	49	0	0
mem_load_l3_miss_retired.remote_fwd:u	50	0	0
mem_load_l3_miss_retired.remote_fwd:u	51	0	0
mem_load_l3_miss_retired.remote_fwd:u	52	0	0
mem_load_l3_miss_retired.remote_fwd:u	53	0	0
mem_load_l3_miss_retired.remote_fwd:u	54	0	0
mem_load_l3_miss_retired.remote_fwd:u	55	0	0
mem_load_l3_miss_retired.remote_fwd:u	56	0	0
mem_load_l3_miss_retired.remote_fwd:u	57	0	0
mem_load_l3_miss_retired.remote_fwd:u	58	0	0
mem_load_l3_miss_retired.remote_fwd:u	59	0	0
mem_load_l3_miss_retired.remote_fwd:u	60	0	0
mem_load_l3_miss_retired.remote_fwd:u	61	0	0
mem_load_l3_miss_retired.remote_fwd:u	62	0	0
mem_load_l3_miss_retired.remote_fwd:u	63	0	0
mem_load_l3_miss_retired.remote_fwd:u	64	0	0
mem_load_l3_miss_retired.remote_fwd:u	65	0	0
mem_load_l3_miss_retired.remote_fwd:u	66	0	0
mem_load_l3_miss_retired.remote_fwd:u	67	0	0
mem_load_l3_miss_retired.remote_fwd:u	68	0	0
mem_load_l3_miss_retired.remote_fwd:u	69	0	0
mem_load_l3_miss_retired.remote_fwd:u	70	0	0
mem_load_l3_miss_retired.remote_fwd:u	71	0	0
mem_load_l3_miss_retired.remote_fwd:u	72	0	0
mem_load_l3_miss_retired.remote_fwd:u	73	0	0
mem_load_l3_miss_retired.remote_fwd:u	74	0	0
mem_load_l3_miss_retired.remote_fwd:u	75	0	0
mem_load_l3_miss_retired.remote_fwd:u	76	0	0
mem_load_l3_miss_retired.remote_fwd:u	77	0	0
mem_load_l3_miss_retired.remote_fwd:u	78	0	0
mem_load_l3_miss_retired.remote_fwd:u	79	0	0
mem_load_l3_miss_retired.remote_fwd:u	80	0	0
mem_load_l3_miss_retired.remote_fwd:u	81	0	0
mem_load_l3_miss_retired.remote_fwd:u	82	0	0
mem_load_l3_miss_retired.remote_fwd:u	83	0	0
mem_load_l3_miss_retired.remote_fwd:u	84	0	0
mem_load_l3_miss_retired.remote_fwd:u	85	0	0
mem_load_l3_miss_retired.remote_fwd:u	86	0	0
mem_load_l3_miss_retired.remote_fwd:u	87	0	0
mem_load_l3_miss_retired.remote_fwd:u	88	0	0
mem_load_l3_miss_retired.remote_fwd:u	89	0	0
mem_load_l3_miss_retired.remote_fwd:u	90	0	0
mem_load_l3_miss_retired.remote_fwd:u	91	0	0
mem_load_l3_miss_retired.remote_fwd:u	92	0	0
mem_load_l3_miss_retired.remote_fwd:u	93	0	0
mem_load_l3_miss_retired.remote_fwd:u	94	0	0
mem_load_l3_miss_retired.remote_fwd:u	95	0	0
mem_load_l3_miss_retired.remote_fwd:u	96	0	0
mem_load_l3_miss_retired.remote_fwd:u	97	0	0
mem_load_l3_miss_retired.remote_fwd:u	98	0	0
mem_load_l3_miss_retired.remote_fwd:u	99	0	0
mem_load_l3_miss_retired.remote_fwd:u	100	0	0
mem_load_l3_miss_retired.remote_fwd:u	101	0	0
mem_load_l3_miss_retired.remote_fwd:u	102	0	0
mem_load_l3_miss_retired.remote_fwd:u	103	0	0
mem_load_l3_miss_retired.remote_fwd:u	104	0	0
mem_load_l3_miss_retired.remote_fwd:u	105	0	0
mem_load_l3_miss_retired.remote_fwd:u	106	0	0
mem_load_l3_miss_retired.remote_fwd:u	107	0	0
mem_load_l3_miss_retired.remote_fwd:u	108	0	0
mem_load_l3_miss_retired.remote_fwd:u	109	0	0
mem_load_l3_miss_retired.remote_fwd:u	110	0	0
mem_load_l3_miss_retired.remote_fwd:u	111	0	0
mem_load_l3_miss_retired.remote_fwd:u	112	0	0
mem_load_l3_miss_retired.remote_fwd:u	113	0	0
mem_load_l3_miss_retired.remote_fwd:u	114	0	0
mem_load_l3_miss_retired.remote_fwd:u	115	0	0
mem_load_l3_miss_retired.remote_fwd:u	116	0	0
mem_load_l3_miss_retired.remote_fwd:u	117	0	0
mem_load_l3_miss_retired.remote_fwd:u	118	0	0
mem_load_l3_miss_retired.remote_fwd:u	119	0	0
mem_load_l3_miss_retired.remote_fwd:u	120	0	0
mem_load_l3_miss_retired.remote_fwd:u	121	0	0
mem_load_l3_miss_retired.remote_fwd:u	122	0	0
mem_load_l3_miss_retired.remote_fwd:u	123	0	0
mem_load_l3_miss_retired.remote_fwd:u	124	0	0
mem_load_l3_miss_retired.remote_fwd:u	125	0	0
mem_load_l3_miss_retired.remote_fwd:u	126	0	0
mem_load_l3_miss_retired.remote_fwd:u	127	0	0
mem_load_l3_miss_retired.remote_fwd:u	128	0	0
mem_load_l3_miss_retired.remote_fwd:u	129	0	0
mem_load_l3_miss_retired.remote_fwd:u	130	0	0
mem_load_l3_miss_retired.remote_fwd:u	131	0	0
mem_load_l3_miss_retired.remote_fwd:u	132	0	0
mem_load_l3_miss_retired.remote_fwd:u	133	0	0
mem_load_l3_miss_retired.remote_fwd:u	134	0	0
mem_load_l3_miss_retired.remote_fwd:u	135	0	0
mem_load_l3_miss_retired.remote_fwd:u	136	0	0
mem_load_l3_miss_retired.remote_fwd:u	137	0	0
mem_load_l3_miss_retired.remote_fwd:u	138	0	0
mem_load_l3_miss_retired.remote_fwd:u	139	0	0
mem_load_l3_miss_retired.remote_fwd:u	140	0	0
mem_load_l3_miss_retired.remote_fwd:u	141	0	0
mem_load_l3_miss_retired.remote_fwd:u	142	0	0
mem_load_l3_miss_retired.remote_fwd:u	143	0	0
mem_load_l3_miss_retired.remote_fwd:u	144	0	0
mem_load_l3_miss_retired.remote_fwd:u	145	0	0
mem_load_l3_miss_retired.remote_fwd:u	146	0	0
mem_load_l3_miss_retired.remote_fwd:u	147	0	0
mem_load_l3_miss_retired.remote_fwd:u	148	0	0
mem_load_l3_miss_retired.remote_fwd:u	149	0	0
mem_load_l3_miss_retired.remote_fwd:u	150	0	0
mem_load_l3_miss_retired.remote_fwd:u	151	0	0
mem_load_l3_miss_retired.remote_fwd:u	152	0	0
mem_load_l3_miss_retired.remote_fwd:u	153	0	0
mem_load_l3_miss_retired.remote_fwd:u	154	0	0
mem_load_l3_miss_retired.remote_fwd:u	155	0	0
mem_load_l3_miss_retired.remote_fwd:u	156	0	0
mem_load_l3_miss_retired.remote_fwd:u	157	0	0
mem_load_l3_miss_retired.remote_fwd:u	158	0	0
mem_load_l3_miss_retired.remote_fwd:u	159	0	0
mem_load_l3_miss_retired.remote_fwd:u	160	0	0
mem_load_l3_miss_retired.remote_fwd:u	161	0	0
mem_load_l3_miss_retired.remote_fwd:u	162	0	0
mem_load_l3_miss_retired.remote_fwd:u	163	0	0
mem_load_l3_miss_retired.remote_fwd:u	164	0	0
mem_load_l3_miss_retired.remote_fwd:u	165	0	0
mem_load_l3_miss_retired.remote_fwd:u	166	0	0
mem_load_l3_miss_retired.remote_fwd:u	167	0	0
mem_load_l3_miss_retired.remote_fwd:u	168	0	0
mem_load_l3_miss_retired.remote_fwd:u	169	0	0
mem_load_l3_miss_retired.remote_fwd:u	170	0	0
mem_load_l3_miss_retired.remote_fwd:u	171	0	0
mem_load_l3_miss_retired.remote_fwd:u	172	0	0
mem_load_l3_miss_retired.remote_fwd:u	173	0	0
mem_load_l3_miss_retired.remote_fwd:u	174	0	0
mem_load_l3_miss_retired.remote_fwd:u	175	0	0
mem_load_l3_miss_retired.remote_fwd:u	176	0	0
mem_load_l3_miss_retired.remote_fwd:u	177	0	0
mem_load_l3_miss_retired.remote_fwd:u	178	0	0
mem_load_l3_miss_retired.remote_fwd:u	179	0	0
mem_load_l3_miss_retired.remote_fwd:u	180	0	0
mem_load_l3_miss_retired.remote_fwd:u	181	0	0
mem_load_l3_miss_retired.remote_fwd:u	182	0	0
mem_load_l3_miss_retired.remote_fwd:u	183	0	0
mem_load_l3_miss_retired.remote_fwd:u	184	0	0
mem_load_l3_miss_retired.remote_fwd:u	185	0	0
mem_load_l3_miss_retired.remote_fwd:u	186	0	0
mem_load_l3_miss_retired.remote_fwd:u	187	0	0
mem_load_l3_miss_retired.remote_fwd:u	188	0	0
mem_load_l3_miss_retired.remote_fwd:u	189	0	0
mem_load_l3_miss_retired.remote_fwd:u	190	0	0
mem_load_l3_miss_retired.remote_fwd:u	191	0	0
mem_load_l3_miss_retired.remote_fwd:u	192	0	0
mem_load_l3_miss_retired.remote_fwd:u	193	0	0
mem_load_l3_miss_retired.remote_fwd:u	194	0	0
mem_load_l3_miss_retired.remote_fwd:u	195	0	0
mem_load_l3_miss_retired.remote_fwd:u	196	0	0
mem_load_l3_miss_retired.remote_fwd:u	197	0	0
mem_load_l3_miss_retired.remote_fwd:u	198	0	0
mem_load_l3_miss_retired.remote_fwd:u	199	0	0
mem_load_l3_miss_retired.remote_fwd:u	200	0	0
mem_load_l3_miss_retired.remote_fwd:u	201	0	0
mem_load_l3_miss_retired.remote_fwd:u	202	0	0
mem_load_l3_miss_retired.remote_fwd:u	203	0	0
mem_load_l3_miss_retired.remote_fwd:u	204	0	0
mem_load_l3_miss_retired.remote_fwd:u	205	0	0
mem_load_l3_miss_retired.remote_fwd:u	206	0	0
mem_load_l3_miss_retired.remote_fwd:u	207	0	0
mem_load_l3_miss_retired.remote_fwd:u	208	0	0
mem_load_l3_miss_retired.remote_fwd:u	209	0	0
mem_load_l3_miss_retired.remote_fwd:u	210	0	0
mem_load_l3_miss_retired.remote_fwd:u	211	0	0
mem_load_l3_miss_retired.remote_fwd:u	212	0	0
mem_load_l3_miss_retired.remote_fwd:u	213	0	0
mem_load_l3_miss_retired.remote_fwd:u	214	0	0
mem_load_l3_miss_retired.remote_fwd:u	215	0	0
mem_load_l3_miss_retired.remote_fwd:u	216	0	0
mem_load_l3_miss_retired.remote_fwd:u	217	0	0
mem_load_l3_miss_retired.remote_fwd:u	218	0	0
mem_load_l3_miss_retired.remote_fwd:u	219	0	0
mem_load_l3_miss_retired.remote_fwd:u	220	0	0
mem_load_l3_miss_retired.remote_fwd:u	221	0	0
mem_load_l3_miss_retired.remote_fwd:u	222	0	0
mem_load_l3_miss_retired.remote_fwd:u	223	0	0
mem_load_l3_miss_retired.remote_fwd:u	224	0	0
mem_load_l3_miss_retired.remote_fwd:u	225	0	0
mem_load_l3_miss_retired.remote_fwd:u	226	0	0
mem_load_l3_miss_retired.remote_fwd:u	227	0	0
mem_load_l3_miss_retired.remote_fwd:u	228	0	0
mem_load_l3_miss_retired.remote_fwd:u	229	0	0
mem_load_l3_miss_retired.remote_fwd:u	230	0	0
mem_load_l3_miss_retired.remote_fwd:u	231	0	0
mem_load_l3_miss_retired.remote_fwd:u	232	0	0
mem_load_l3_miss_retired.remote_fwd:u	233	0	0
mem_load_l3_miss_retired.remote_fwd:u	234	0	0
mem_load_l3_miss_retired.remote_fwd:u	235	0	0
mem_load_l3_miss_retired.remote_fwd:u	236	0	0
mem_load_l3_miss_retired.remote_fwd:u	237	0	0
mem_load_l3_miss_retired.remote_fwd:u	238	0	0
mem_load_l3_miss_retired.remote_fwd:u	239	0	0
mem_load_l3_miss_retired.remote_fwd:u	240	0	0
mem_load_l3_miss_retired.remote_fwd:u	241	0	0
mem_load_l3_miss_retired.remote_fwd:u	242	0	0
mem_load_l3_miss_retired.remote_fwd:u	243	0	0
mem_load_l3_miss_retired.remote_fwd:u	244	0	0
mem_load_l3_miss_retired.remote_fwd:u	245	0	0
mem_load_l3_miss_retired.remote_fwd:u	246	0	0
mem_load_l3_miss_retired.remote_fwd:u	247	0	0
mem_load_l3_miss_retired.remote_fwd:u	248	0	0
mem_load_l3_miss_retired.remote_fwd:u	249	0	0
mem_load_l3_miss_retired.remote_fwd:u	250	0	0
mem_load_l3_miss_retired.remote_fwd:u	251	0	0
mem_load_l3_miss_retired.remote_fwd:u	252	0	0
mem_load_l3_miss_retired.remote_fwd:u	253	0	0
mem_load_l3_miss_retired.remote_fwd:u	254	0	0
mem_load_l3_miss_retired.remote_fwd:u	255	0	0
mem_load_l3_miss_retired.remote_fwd:u	256	0	0
mem_load_l3_miss_retired.remote_fwd:u	257	0	0
mem_load_l3_miss_retired.remote_fwd:u	258	0	0
mem_load_l3_miss_retired.remote_fwd:u	259	0	0
mem_load_l3_miss_retired.remote_fwd:u	260	0	0
mem_load_l3_miss_retired.remote_fwd:u	261	0	0
mem_load_l3_miss_retired.remote_fwd:u	262	0	0
mem_load_l3_miss_retired.remote_fwd:u	263	0	0
mem_load_l3_miss_retired.remote_fwd:u	264	0	0
mem_load_l3_miss_retired.remote_fwd:u	265	0	0
mem_load_l3_miss_retired.remote_fwd:u	266	0	0
mem_load_l3_miss_retired.remote_fwd:u	267	0	0
mem_load_l3_miss_retired.remote_fwd:u	268	0	0
mem_load_l3_miss_retired.remote_fwd:u	269	0	0
mem_load_l3_miss_retired.remote_fwd:u	270	0	0
mem_load_l3_miss_retired.remote_fwd:u	271	0	0
mem_load_l3_miss_retired.remote_fwd:u	272	0	0
mem_load_l3_miss_retired.remote_fwd:u	273	0	0
mem_load_l3_miss_retired.remote_fwd:u	274	0	0
mem_load_l3_miss_retired.remote_fwd:u	275	0	0
mem_load_l3_miss_retired.remote_fwd:u	276	0	0
mem_load_l3_miss_retired.remote_fwd:u	277	0	0
mem_load_l3_miss_retired.remote_fwd:u	278	0	0
mem_load_l3_miss_retired.remote_fwd:u	279	0	0
mem_load_l3_miss_retired.remote_fwd:u	280	0	0
mem_load_l3_miss_retired.remote_fwd:u	281	0	0
mem_load_l3_miss_retired.remote_fwd:u	282	0	0
mem_load_l3_miss_retired.remote_fwd:u	283	0	0
mem_load_l3_miss_retired.remote_fwd:u	284	0	0
mem_load_l3_miss_retired.remote_fwd:u	285	0	0
mem_load_l3_miss_retired.remote_fwd:u	286	0	0
mem_load_l3_miss_retired.remote_fwd:u	287	0	0
mem_load_l3_miss_retired.remote_fwd:u	288	0	0
mem_load_l3_miss_retired.remote_fwd:u	289	0	0
mem_load_l3_miss_retired.remote_fwd:u	290	0	0
mem_load_l3_miss_retired.remote_fwd:u	291	0	0
mem_load_l3_miss_retired.remote_fwd:u	292	0	0
mem_load_l3_miss_retired.remote_fwd:u	293	0	0
mem_load_l3_miss_retired.remote_fwd:u	294	0	0
mem_load_l3_miss_retired.remote_fwd:u	295	0	0
mem_load_l3_miss_retired.remote_fwd:u	296	0	0
mem_load_l3_miss_retired.remote_fwd:u	297	0	0
mem_load_l3_miss_retired.remote_fwd:u	298	0	0
mem_load_l3_miss_retired.remote_fwd:u	299	0	0
mem_load_l3_miss_retired.remote_fwd:u	300	0	0
mem_load_l3_miss_retired.remote_fwd:u	301	0	0
mem_load_l3_miss_retired.remote_fwd:u	302	0	0
mem_load_l3_miss_retired.remote_fwd:u	303	0	0
mem_load_l3_miss_retired.remote_fwd:u	304	0	0
mem_load_l3_miss_retired.remote_fwd:u	305	0	0
mem_load_l3_miss_retired.remote_fwd:u	306	0	0
mem_load_l3_miss_retired.remote_fwd:u	307	0	0
mem_load_l3_miss_retired.remote_fwd:u	308	0	0
mem_load_l3_miss_retired.remote_fwd:u	309	0	0
mem_load_l3_miss_retired.remote_fwd:u	310	0	0
mem_load_l3_miss_retired.remote_fwd:u	311	0	0
mem_load_l3_miss_retired.remote_fwd:u	312	0	0
mem_load_l3_miss_retired.remote_fwd:u	313	0	0
mem_load_l3_miss_retired.remote_fwd:u	314	0	0
mem_load_l3_miss_retired.remote_fwd:u	315	0	0
mem_load_l3_miss_retired.remote_fwd:u	316	0	0
mem_load_l3_miss_retired.remote_fwd:u	317	0	0
mem_load_l3_miss_retired.remote_fwd:u	318	0	0
mem_load_l3_miss_retired.remote_fwd:u	319	0	0
mem_load_l3_miss_retired.remote_fwd:u	320	0	0
mem_load_l3_miss_retired.remote_fwd:u	321	0	0
mem_load_l3_miss_retired.remote_fwd:u	322	0	0
mem_load_l3_miss_retired.remote_fwd:u	323	0	0
mem_load_l3_miss_retired.remote_fwd:u	324	0	0
mem_load_l3_miss_retired.remote_fwd:u	325	0	0
mem_load_l3_miss_retired.remote_fwd:u	326	0	0
mem_load_l3_miss_retired.remote_fwd:u	327	0	0
mem_load_l3_miss_retired.remote_fwd:u	328	0	0
mem_load_l3_miss_retired.remote_fwd:u	329	0	0
mem_load_l3_miss_retired.remote_fwd:u	330	0	0
mem_load_l3_miss_retired.remote_fwd:u	331	0	0
mem_load_l3_miss_retired.remote_fwd:u	332	0	0
mem_load_l3_miss_retired.remote_fwd:u	333	0	0
mem_load_l3_miss_retired.remote_fwd:u	334	0	0
mem_load_l3_miss_retired.remote_fwd:u	335	0	0
mem_load_l3_miss_retired.remote_fwd:u	336	0	0
mem_load_l3_miss_retired.remote_fwd:u	337	0	0
mem_load_l3_miss_retired.remote_fwd:u	338	0	0
mem_load_l3_miss_retired.remote_fwd:u	339	0	0
mem_load_l3_miss_retired.remote_fwd:u	340	0	0
mem_load_l3_miss_retired.remote_fwd:u	341	0	0
mem_load_l3_miss_retired.remote_fwd:u	342	0	0
mem_load_l3_miss_retired.remote_fwd:u	343	0	0
mem_load_l3_miss_retired.remote_fwd:u	344	0	0
mem_load_l3_miss_retired.remote_fwd:u	345	0	0
mem_load_l3_miss_retired.remote_fwd:u	346	0	0
mem_load_l3_miss_retired.remote_fwd:u	347	0	0
mem_load_l3_miss_retired.remote_fwd:u	348	0	0
mem_load_l3_miss_retired.remote_fwd:u	349	0	0
mem_load_l3_miss_retired.remote_fwd:u	350	0	0
mem_load_l3_miss_retired.remote_fwd:u	351	0	0
mem_load_l3_miss_retired.remote_fwd:u	352	0	0
mem_load_l3_miss_retired.remote_fwd:u	353	0	0
mem_load_l3_miss_retired.remote_fwd:u	354	0	0
mem_load_l3_miss_retired.remote_fwd:u	355	0	0
mem_load_l3_miss_retired.remote_fwd:u	356	0	0
mem_load_l3_miss_retired.remote_fwd:u	357	0	0
mem_load_l3_miss_retired.remote_fwd:u	358	0	0
mem_load_l3_miss_retired.remote_fwd:u	359	0	0
mem_load_l3_miss_retired.remote_fwd:u	360	0	0
mem_load_l3_miss_retired.remote_fwd:u	361	0	0
mem_load_l3_miss_retired.remote_fwd:u	362	0	0
mem_load_l3_miss_retired.remote_fwd:u	363	0	0
mem_load_l3_miss_retired.remote_fwd:u	364	0	0
mem_load_l3_miss_retired.remote_fwd:u	365	0	0
mem_load_l3_miss_retired.remote_fwd:u	366	0	0
mem_load_l3_miss_retired.remote_fwd:u	367	0	0
mem_load_l3_miss_retired.remote_fwd:u	368	0	0
mem_load_l3_miss_retired.remote_fwd:u	369	0	0
mem_load_l3_miss_retired.remote_fwd:u	370	0	0
mem_load_l3_miss_retired.remote_fwd:u	371	0	0
mem_load_l3_miss_retired.remote_fwd:u	372	0	0
mem_load_l3_miss_retired.remote_fwd:u	373	0	0
mem_load_l3_miss_retired.remote_fwd:u	374	0	0
mem_load_l3_miss_retired.remote_fwd:u	375	0	0
mem_load_l3_miss_retired.remote_fwd:u	376	0	0
mem_load_l3_miss_retired.remote_fwd:u	377	0	0
mem_load_l3_miss_retired.remote_fwd:u	378	0	0
mem_load_l3_miss_retired.remote_fwd:u	379	0	0
mem_load_l3_miss_retired.remote_fwd:u	380	0	0
mem_load_l3_miss_retired.remote_fwd:u	381	0	0
mem_load_l3_miss_retired.remote_fwd:u	382	0	0
mem_load_l3_miss_retired.remote_fwd:u	383	0	0
mem_load_l3_miss_retired.remote_fwd:u	384	0	0
mem_load_l3_miss_retired.remote_fwd:u	385	0	0
mem_load_l3_miss_retired.remote_fwd:u	386	0	0
mem_load_l3_miss_retired.remote_fwd:u	387	0	0
mem_load_l3_miss_retired.remote_fwd:u	388	0	0
mem_load_l3_miss_retired.remote_fwd:u	389	0	0
mem_load_l3_miss_retired.remote_fwd:u	390	0	0
mem_load_l3_miss_retired.remote_fwd:u	391	0	0
mem_load_l3_miss_retired.remote_fwd:u	392	0	0
mem_load_l3_miss_retired.remote_fwd:u	393	0	0
mem_load_l3_miss_retired.remote_fwd:u	394	0	0
mem_load_l3_miss_retired.remote_fwd:u	395	0	0
mem_load_l3_miss_retired.remote_fwd:u	396	0	0
mem_load_l3_miss_retired.remote_fwd:u	397	0	0
mem_load_l3_miss_retired.remote_fwd:u	398	0	0
mem_load_l3_miss_retired.remote_fwd:u	399	0	0
mem_load_l3_miss_retired.remote_fwd:u	400	0	0
mem_load_l3_miss_retired.remote_fwd:u	401	0	0
mem_load_l3_miss_retired.remote_fwd:u	402	0	0
mem_load_l3_miss_retired.remote_fwd:u	403	0	0
mem_load_l3_miss_retired.remote_fwd:u	404	0	0
mem_load_l3_miss_retired.remote_fwd:u	405	0	0
mem_load_l3_miss_retired.remote_fwd:u	406	0	0
mem_load_l3_miss_retired.remote_fwd:u	407	0	0
mem_load_l3_miss_retired.remote_fwd:u	408	0	0
mem_load_l3_miss_retired.remote_fwd:u	409	0	0
mem_load_l3_miss_retired.remote_fwd:u	410	0	0
mem_load_l3_miss_retired.remote_fwd:u	411	0	0
mem_load_l3_miss_retired.remote_fwd:u	412	0	0
mem_load_l3_miss_retired.remote_fwd:u	413	0	0
mem_load_l3_miss_retired.remote_fwd:u	414	0	0
mem_load_l3_miss_retired.remote_fwd:u	415	0	0
mem_load_l3_miss_retired.remote_fwd:u	416	0	0
mem_load_l3_miss_retired.remote_fwd:u	417	0	0
mem_load_l3_miss_retired.remote_fwd:u	418	0	0
mem_load_l3_miss_retired.remote_fwd:u	419	0	0
mem_load_l3_miss_retired.remote_fwd:u	420	0	0
mem_load_l3_miss_retired.remote_fwd:u	421	0	0
mem_load_l3_miss_retired.remote_fwd:u	422	0	0
mem_load_l3_miss_retired.remote_fwd:u	423	0	0
mem_load_l3_miss_retired.remote_fwd:u	424	0	0
mem_load_l3_miss_retired.remote_fwd:u	425	0	0
mem_load_l3_miss_retired.remote_fwd:u	426	0	0
mem_load_l3_miss_retired.remote_fwd:u	427	0	0
mem_load_l3_miss_retired.remote_fwd:u	428	0	0
mem_load_l3_miss_retired.remote_fwd:u	429	0	0
mem_load_l3_miss_retired.remote_fwd:u	430	0	0
mem_load_l3_miss_retired.remote_fwd:u	431	0	0
mem_load_l3_miss_retired.remote_fwd:u	432	0	0
mem_load_l3_miss_retired.remote_fwd:u	433	0	0
mem_load_l3_miss_retired.remote_fwd:u	434	0	0
mem_load_l3_miss_retired.remote_fwd:u	435	0	0
mem_load_l3_miss_retired.remote_fwd:u	436	0	0
mem_load_l3_miss_retired.remote_fwd:u	437	0	0
mem_load_l3_miss_retired.remote_fwd:u	438	0	0
mem_load_l3_miss_retired.remote_fwd:u	439	0	0
mem_load_l3_miss_retired.remote_fwd:u	440	0	0
mem_load_l3_miss_retired.remote_fwd:u	441	0	0
mem_load_l3_miss_retired.remote_fwd:u	442	0	0
mem_load_l3_miss_retired.remote_fwd:u	443	0	0
mem_load_l3_miss_retired.remote_fwd:u	444	0	0
mem_load_l3_miss_retired.remote_fwd:u	445	0	0
mem_load_l3_miss_retired.remote_fwd:u	446	0	0
mem_load_l3_miss_retired.remote_fwd:u	447	0	0
mem_load_l3_miss_retired.remote_fwd:u	448	0	0
mem_load_l3_miss_retired.remote_fwd:u	449	0	0
mem_load_l3_miss_retired.remote_fwd:u	450	0	0
mem_load_l3_miss_retired.remote_fwd:u	451	0	0
mem_load_l3_miss_retired.remote_fwd:u	452	0	0
mem_load_l3_miss_retired.remote_fwd:u	453	0	0
mem_load_l3_miss_retired.remote_fwd:u	454	0	0
mem_load_l3_miss_retired.remote_fwd:u	455	0	0
mem_load_l3_miss_retired.remote_fwd:u	456	0	0
mem_load_l3_miss_retired.remote_fwd:u	457	0	0
mem_load_l3_miss_retired.remote_fwd:u	458	0	0
mem_load_l3_miss_retired.remote_fwd:u	459	0	0
mem_load_l3_miss_retired.remote_fwd:u	460	0	0
mem_load_l3_miss_retired.remote_fwd:u	461	0	0
mem_load_l3_miss_retired.remote_fwd:u	462	0	0
mem_load_l3_miss_retired.remote_fwd:u	463	0	0
mem_load_l3_miss_retired.remote_fwd:u	464	0	0
mem_load_l3_miss_retired.remote_fwd:u	465	0	0
mem_load_l3_miss_retired.remote_fwd:u	466	0	0
mem_load_l3_miss_retired.remote_fwd:u	467	0	0
mem_load_l3_miss_retired.remote_fwd:u	468	0	0
mem_load_l3_miss_retired.remote_fwd:u	469	0	0
mem_load_l3_miss_retired.remote_fwd:u	470	0	0
mem_load_l3_miss_retired.remote_fwd:u	471	0	0
mem_load_l3_miss_retired.remote_fwd:u	472	0	0
mem_load_l3_miss_retired.remote_fwd:u	473	0	0
mem_load_l3_miss_retired.remote_fwd:u	474	0	0
mem_load_l3_miss_retired.remote_fwd:u	475	0	0
mem_load_l3_miss_retired.remote_fwd:u	476	0	0
mem_load_l3_miss_retired.remote_fwd:u	477	0	0
mem_load_l3_miss_retired.remote_fwd:u	478	0	0
mem_load_l3_miss_retired.remote_fwd:u	479	0	0
mem_load_l3_miss_retired.remote_fwd:u	480	0	0
mem_load_l3_miss_retired.remote_fwd:u	481	0	0
mem_load_l3_miss_retired.remote_fwd:u	482	0	0
mem_load_l3_miss_retired.remote_fwd:u	483	0	0
mem_load_l3_miss_retired.remote_fwd:u	484	0	0
mem_load_l3_miss_retired.remote_fwd:u	485	0	0
mem_load_l3_miss_retired.remote_fwd:u	486	0	0
mem_load_l3_miss_retired.remote_fwd:u	487	0	0
mem_load_l3_miss_retired.remote_fwd:u	488	0	0
mem_load_l3_miss_retired.remote_fwd:u	489	0	0
mem_load_l3_miss_retired.remote_fwd:u	490	0	0
mem_load_l3_miss_retired.remote_fwd:u	491	0	0
mem_load_l3_miss_retired.remote_fwd:u	492	0	0
mem_load_l3_miss_retired.remote_fwd:u	493	0	0
mem_load_l3_miss_retired.remote_fwd:u	494	0	0
mem_load_l3_miss_retired.remote_fwd:u	495	0	0
mem_load_l3_miss_retired.remote_fwd:u	496	0	0
mem_load_l3_miss_retired.remote_fwd:u	497	0	0
mem_load_l3_miss_retired.remote_fwd:u	498	0	0
mem_load_l3_miss_retired.remote_fwd:u	499	0	0
mem_load_l3_miss_retired.remote_fwd:u	500	0	0
mem_load_l3_miss_retired.remote_fwd:u	501	0	0
mem_load_l3_miss_retired.remote_fwd:u	502	0	0
mem_load_l3_miss_retired.remote_fwd:u	503	0	0
mem_load_l3_miss_retired.remote_fwd:u	504	0	0
mem_load_l3_miss_retired.remote_fwd:u	505	0	0
mem_load_l3_miss_retired.remote_fwd:u	506	0	0
mem_load_l3_miss_retired.remote_fwd:u	507	0	0
mem_load_l3_miss_retired.remote_fwd:u	508	0	0
mem_load_l3_miss_retired.remote_fwd:u	509	0	0
mem_load_l3_miss_retired.remote_fwd:u	510	0	0
mem_load_l3_miss_retired.remote_fwd:u	511	0	0
mem_load_l3_miss_retired.remote_fwd:u	512	0	0
mem_load_l3_miss_retired.remote_fwd:u	513	0	0
mem_load_l3_miss_retired.remote_fwd:u	514	0	0
mem_load_l3_miss_retired.remote_fwd:u	515	0	0
mem_load_l3_miss_retired.remote_fwd:u	516	0	0
mem_load_l3_miss_retired.remote_fwd:u	517	0	0
mem_load_l3_miss_retired.remote_fwd:u	518	0	0
mem_load_l3_miss_retired.remote_fwd:u	519	0	0
mem_load_l3_miss_retired.remote_fwd:u	520	0	0
mem_load_l3_miss_retired.remote_fwd:u	521	0	0
mem_load_l3_miss_retired.remote_fwd:u	522	0	0
mem_load_l3_miss_retired.remote_fwd:u	523	0	0
mem_load_l3_miss_retired.remote_fwd:u	524	0	0
mem_load_l3_miss_retired.remote_fwd:u	525	0	0
mem_load_l3_miss_retired.remote_fwd:u	526	0	0
mem_load_l3_miss_retired.remote_fwd:u	527	0	0
mem_load_l3_miss_retired.remote_fwd:u	528	0	0
mem_load_l3_miss_retired.remote_fwd:u	529	0	0
mem_load_l3_miss_retired.remote_fwd:u	530	0	0
mem_load_l3_miss_retired.remote_fwd:u	531	0	0
mem_load_l3_miss_retired.remote_fwd:u	532	0	0
mem_load_l3_miss_retired.remote_fwd:u	533	0	0
mem_load_l3_miss_retired.remote_fwd:u	534	0	0
mem_load_l3_miss_retired.remote_fwd:u	535	0	0
mem_load_l3_miss_retired.remote_fwd:u	536	0	0
mem_load_l3_miss_retired.remote_fwd:u	537	0	0
mem_load_l3_miss_retired.remote_fwd:u	538	0	0
mem_load_l3_miss_retired.remote_fwd:u	539	0	0
mem_load_l3_miss_retired.remote_fwd:u	540	0	0
mem_load_l3_miss_retired.remote_fwd:u	541	0	0
mem_load_l3_miss_retired.remote_fwd:u	542	0	0
mem_load_l3_miss_retired.remote_fwd:u	543	0	0
mem_load_l3_miss_retired.remote_fwd:u	544	0	0
mem_load_l3_miss_retired.remote_fwd:u	545	0	0
mem_load_l3_miss_retired.remote_fwd:u	546	0	0
mem_load_l3_miss_retired.remote_fwd:u	547	0	0
mem_load_l3_miss_retired.remote_fwd:u	548	0	0
mem_load_l3_miss_retired.remote_fwd:u	549	0	0
mem_load_l3_miss_retired.remote_fwd:u	550	0	0
mem_load_l3_miss_retired.remote_fwd:u	551	0	0
mem_load_l3_miss_retired.remote_fwd:u	552	0	0
mem_load_l3_miss_retired.remote_fwd:u	553	0	0
mem_load_l3_miss_retired.remote_fwd:u	554	0	0
mem_load_l3_miss_retired.remote_fwd:u	555	0	0
mem_load_l3_miss_retired.remote_fwd:u	556	0	0
mem_load_l3_miss_retired.remote_fwd:u	557	0	0
mem_load_l3_miss_retired.remote_fwd:u	558	0	0
mem_load_l3_miss_retired.remote_fwd:u	559	0	0
mem_load_l3_miss_retired.remote_fwd:u	560	0	0
mem_load_l3_miss_retired.remote_fwd:u	561	0	0
mem_load_l3_miss_retired.remote_fwd:u	562	0	0
mem_load_l3_miss_retired.remote_fwd:u	563	0	0
mem_load_l3_miss_retired.remote_fwd:u	564	0	0
mem_load_l3_miss_retired.remote_fwd:u	565	0	0
mem_load_l3_miss_retired.remote_fwd:u	566	0	0
mem_load_l3_miss_retired.remote_fwd:u	567	0	0
mem_load_l3_miss_retired.remote_fwd:u	568	0	0
mem_load_l3_miss_retired.remote_fwd:u	569	0	0
mem_load_l3_miss_retired.remote_fwd:u	570	0	0
mem_load_l3_miss_retired.remote_fwd:u	571	0	0
mem_load_l3_miss_retired.remote_fwd:u	572	0	0
mem_load_l3_miss_retired.remote_fwd:u	573	0	0
mem_load_l3_miss_retired.remote_fwd:u	574	0	0
mem_load_l3_miss_retired.remote_fwd:u	575	0	0
mem_load_l3_miss_retired.remote_fwd:u	576	0	0
mem_load_l3_miss_retired.remote_fwd:u	577	0	0
mem_load_l3_miss_retired.remote_fwd:u	578	0	0
mem_load_l3_miss_retired.remote_fwd:u	579	0	0
mem_load_l3_miss_retired.remote_fwd:u	580	0	0
mem_load_l3_miss_retired.remote_fwd:u	581	0	0
mem_load_l3_miss_retired.remote_fwd:u	582	0	0
mem_load_l3_miss_retired.remote_fwd:u	583	0	0
mem_load_l3_miss_retired.remote_fwd:u	584	0	0
mem_load_l3_miss_retired.remote_fwd:u	585	0	0
mem_load_l3_miss_retired.remote_fwd:u	586	0	0
mem_load_l3_miss_retired.remote_fwd:u	587	0	0
mem_load_l3_miss_retired.remote_fwd:u	588	0	0
mem_load_l3_miss_retired.remote_fwd:u	589	0	0
mem_load_l3_miss_retired.remote_fwd:u	590	0	0
mem_load_l3_miss_retired.remote_fwd:u	591	0	0
mem_load_l3_miss_retired.remote_fwd:u	592	0	0
mem_load_l3_miss_retired.remote_fwd:u	593	0	0
mem_load_l3_miss_retired.remote_fwd:u	594	0	0
mem_load_l3_miss_retired.remote_fwd:u	595	0	0
mem_load_l3_miss_retired.remote_fwd:u	596	0	0
mem_load_l3_miss_retired.remote_fwd:u	597	0	0
mem_load_l3_miss_retired.remote_fwd:u	598	0	0
mem_load_l3_miss_retired.remote_fwd:u	599	0	0
mem_load_l3_miss_retired.remote_fwd:u	600	0	0
mem_load_l3_miss_retired.remote_fwd:u	601	0	0
mem_load_l3_miss_retired.remote_fwd:u	602	0	0
mem_load_l3_miss_retired.remote_fwd:u	603	0	0
mem_load_l3_miss_retired.remote_fwd:u	604	0	0
mem_load_l3_miss_retired.remote_fwd:u	605	0	0
mem_load_l3_miss_retired.remote_fwd:u	606	0	0
mem_load_l3_miss_retired.remote_fwd:u	607	0	0
mem_load_l3_miss_retired.remote_fwd:u	608	0	0
mem_load_l3_miss_retired.remote_fwd:u	609	0	0
mem_load_l3_miss_retired.remote_fwd:u	610	0	0
mem_load_l3_miss_retired.remote_fwd:u	611	0	0
mem_load_l3_miss_retired.remote_fwd:u	612	0	0
mem_load_l3_miss_retired.remote_fwd:u	613	0	0
mem_load_l3_miss_retired.remote_fwd:u	614	0	0
mem_load_l3_miss_retired.remote_fwd:u	615	0	0
mem_load_l3_miss_retired.remote_fwd:u	616	0	0
mem_load_l3_miss_retired.remote_fwd:u	617	0	0
mem_load_l3_miss_retired.remote_fwd:u	618	0	0
mem_load_l3_miss_retired.remote_fwd:u	619	0	0
mem_load_l3_miss_retired.remote_fwd:u	620	0	0
mem_load_l3_miss_retired.remote_fwd:u	621	0	0
mem_load_l3_miss_retired.remote_fwd:u	622	0	0
mem_load_l3_miss_retired.remote_fwd:u	623	0	0
mem_load_l3_miss_retired.remote_fwd:u	624	0	0
mem_load_l3_miss_retired.remote_fwd:u	625	0	0
mem_load_l3_miss_retired.remote_fwd:u	626	0	0
mem_load_l3_miss_retired.remote_fwd:u	627	0	0
mem_load_l3_miss_retired.remote_fwd:u	628	0	0
mem_load_l3_miss_retired.remote_fwd:u	629	0	0
mem_load_l3_miss_retired.remote_fwd:u	630	0	0
mem_load_l3_miss_retired.remote_fwd:u	631	0	0
mem_load_l3_miss_retired.remote_fwd:u	632	0	0
mem_load_l3_miss_retired.remote_fwd:u	633	0	0
mem_load_l3_miss_retired.remote_fwd:u	634	0	0
mem_load_l3_miss_retired.remote_fwd:u	635	0	0
mem_load_l3_miss_retired.remote_fwd:u	636	0	0
mem_load_l3_miss_retired.remote_fwd:u	637	0	0
mem_load_l3_miss_retired.remote_fwd:u	638	0	0
mem_load_l3_miss_retired.remote_fwd:u	639	0	0
mem_load_l3_miss_retired.remote_fwd:u	640	0	0
mem_load_l3_miss_retired.remote_fwd:u	641	0	0
mem_load_l3_miss_retired.remote_fwd:u	642	0	0
mem_load_l3_miss_retired.remote_fwd:u	643	0	0
mem_load_l3_miss_retired.remote_fwd:u	644	0	0
mem_load_l3_miss_retired.remote_fwd:u	645	0	0
mem_load_l3_miss_retired.remote_fwd:u	646	0	0
mem_load_l3_miss_retired.remote_fwd:u	647	0	0
mem_load_l3_miss_retired.remote_fwd:u	648	0	0
mem_load_l3_miss_retired.remote_fwd:u	649	0	0
mem_load_l3_miss_retired.remote_fwd:u	650	0	0
mem_load_l3_miss_retired.remote_fwd:u	651	0	0
mem_load_l3_miss_retired.remote_fwd:u	652	0	0
mem_load_l3_miss_retired.remote_fwd:u	653	0	0
mem_load_l3_miss_retired.remote_fwd:u	654	0	0
mem_load_l3_miss_retired.remote_fwd:u	655	0	0
mem_load_l3_miss_retired.remote_fwd:u	656	0	0
mem_load_l3_miss_retired.remote_fwd:u	657	0	0
mem_load_l3_miss_retired.remote_fwd:u	658	0	0
mem_load_l3_miss_retired.remote_fwd:u	659	0	0
mem_load_l3_miss_retired.remote_fwd:u	660	0	0
mem_load_l3_miss_retired.remote_fwd:u	661	0	0
mem_load_l3_miss_retired.remote_fwd:u	662	0	0
mem_load_l3_miss_retired.remote_fwd:u	663	0	0
mem_load_l3_miss_retired.remote_fwd:u	664	0	0
mem_load_l3_miss_retired.remote_fwd:u	665	0	0
mem_load_l3_miss_retired.remote_fwd:u	666	0	0
mem_load_l3_miss_retired.remote_fwd:u	667	0	0
mem_load_l3_miss_retired.remote_fwd:u	668	0	0
mem_load_l3_miss_retired.remote_fwd:u	669	0	0
mem_load_l3_miss_retired.remote_fwd:u	670	0	0
mem_load_l3_miss_retired.remote_fwd:u	671	0	0
mem_load_l3_miss_retired.remote_fwd:u	672	0	0
mem_load_l3_miss_retired.remote_fwd:u	673	0	0
mem_load_l3_miss_retired.remote_fwd:u	674	0	0
mem_load_l3_miss_retired.remote_fwd:u	675	0	0
mem_load_l3_miss_retired.remote_fwd:u	676	0	0
mem_load_l3_miss_retired.remote_fwd:u	677	0	0
mem_load_l3_miss_retired.remote_fwd:u	678	0	0
mem_load_l3_miss_retired.remote_fwd:u	679	0	0
mem_load_l3_miss_retired.remote_fwd:u	680	0	0
mem_load_l3_miss_retired.remote_fwd:u	681	0	0
mem_load_l3_miss_retired.remote_fwd:u	682	0	0
mem_load_l3_miss_retired.remote_fwd:u	683	0	0
mem_load_l3_miss_retired.remote_fwd:u	684	0	0
mem_load_l3_miss_retired.remote_fwd:u	685	0	0
mem_load_l3_miss_retired.remote_fwd:u	686	0	0
mem_load_l3_miss_retired.remote_fwd:u	687	0	0
mem_load_l3_miss_retired.remote_fwd:u	688	0	0
mem_load_l3_miss_retired.remote_fwd:u	689	0	0
mem_load_l3_miss_retired.remote_fwd:u	690	0	0
mem_load_l3_miss_retired.remote_fwd:u	691	0	0
mem_load_l3_miss_retired.remote_fwd:u	692	0	0
mem_load_l3_miss_retired.remote_fwd:u	693	0	0
mem_load_l3_miss_retired.remote_fwd:u	694	0	0
mem_load_l3_miss_retired.remote_fwd:u	695	0	0
mem_load_l3_miss_retired.remote_fwd:u	696	0	0
mem_load_l3_miss_retired.remote_fwd:u	697	0	0
mem_load_l3_miss_retired.remote_fwd:u	698	0	0
mem_load_l3_miss_retired.remote_fwd:u	699	0	0
mem_load_l3_miss_retired.remote_fwd:u	700	0	0
mem_load_l3_miss_retired.remote_fwd:u	701	0	0
mem_load_l3_miss_retired.remote_fwd:u	702	0	0
mem_load_l3_miss_retired.remote_fwd:u	703	0	0
mem_load_l3_miss_retired.remote_fwd:u	704	0	0
mem_load_l3_miss_retired.remote_fwd:u	705	0	0
mem_load_l3_miss_retired.remote_fwd:u	706	0	0
mem_load_l3_miss_retired.remote_fwd:u	707	0	0
mem_load_l3_miss_retired.remote_fwd:u	708	0	0
mem_load_l3_miss_retired.remote_fwd:u	709	0	0
mem_load_l3_miss_retired.remote_fwd:u	710	0	0
mem_load_l3_miss_retired.remote_fwd:u	711	0	0
mem_load_l3_miss_retired.remote_fwd:u	712	0	0
mem_load_l3_miss_retired.remote_fwd:u	713	0	0
mem_load_l3_miss_retired.remote_fwd:u	714	0	0
mem_load_l3_miss_retired.remote_fwd:u	715	0	0
mem_load_l3_miss_retired.remote_fwd:u	716	0	0
mem_load_l3_miss_retired.remote_fwd:u	717	0	0
mem_load_l3_miss_retired.remote_fwd:u	718	0	0
mem_load_l3_miss_retired.remote_fwd:u	719	0	0
mem_load_l3_miss_retired.remote_fwd:u	720	0	0
mem_load_l3_miss_retired.remote_fwd:u	721	0	0
mem_load_l3_miss_retired.remote_fwd:u	722	0	0
mem_load_l3_miss_retired.remote_fwd:u	723	0	0
mem_load_l3_miss_retired.remote_fwd:u	724	0	0
mem_load_l3_miss_retired.remote_fwd:u	725	0	0
mem_load_l3_miss_retired.remote_fwd:u	726	0	0
mem_load_l3_miss_retired.remote_fwd:u	727	0	0
mem_load_l3_miss_retired.remote_fwd:u	728	0	0
mem_load_l3_miss_retired.remote_fwd:u	729	0	0
mem_load_l3_miss_retired.remote_fwd:u	730	0	0
mem_load_l3_miss_retired.remote_fwd:u	731	0	0
mem_load_l3_miss_retired.remote_fwd:u	732	0	0
mem_load_l3_miss_retired.remote_fwd:u	733	0	0
mem_load_l3_miss_retired.remote_fwd:u	734	0	0
mem_load_l3_miss_retired.remote_fwd:u	735	0	0
mem_load_l3_miss_retired.remote_fwd:u	736	0	0
mem_load_l3_miss_retired.remote_fwd:u	737	0	0
mem_load_l3_miss_retired.remote_fwd:u	738	0	0
mem_load_l3_miss_retired.remote_fwd:u	739	0	0
mem_load_l3_miss_retired.remote_fwd:u	740	0	0
mem_load_l3_miss_retired.remote_fwd:u	741	0	0
mem_load_l3_miss_retired.remote_fwd:u	742	0	0
mem_load_l3_miss_retired.remote_fwd:u	743	0	0
mem_load_l3_miss_retired.remote_fwd:u	744	0	0
mem_load_l3_miss_retired.remote_fwd:u	745	0	0
mem_load_l3_miss_retired.remote_fwd:u	746	0	0
mem_load_l3_miss_retired.remote_fwd:u	747	0	0
mem_load_l3_miss_retired.remote_fwd:u	748	0	0
mem_load_l3_miss_retired.remote_fwd:u	749	0	0
mem_load_l3_miss_retired.remote_fwd:u	750	0	0
mem_load_l3_miss_retired.remote_fwd:u	751	0	0
mem_load_l3_miss_retired.remote_fwd:u	752	0	0
mem_load_l3_miss_retired.remote_fwd:u	753	0	0
mem_load_l3_miss_retired.remote_fwd:u	754	0	0
mem_load_l3_miss_retired.remote_fwd:u	755	0	0
mem_load_l3_miss_retired.remote_fwd:u	756	0	0
mem_load_l3_miss_retired.remote_fwd:u	757	0	0
mem_load_l3_miss_retired.remote_fwd:u	758	0	0
mem_load_l3_miss_retired.remote_fwd:u	759	0	0
mem_load_l3_miss_retired.remote_fwd:u	760	0	0
mem_load_l3_miss_retired.remote_fwd:u	761	0	0
mem_load_l3_miss_retired.remote_fwd:u	762	0	0
mem_load_l3_miss_retired.remote_fwd:u	763	0	0
mem_load_l3_miss_retired.remote_fwd:u	764	0	0
mem_load_l3_miss_retired.remote_fwd:u	765	0	0
mem_load_l3_miss_retired.remote_fwd:u	766	0	0
mem_load_l3_miss_retired.remote_fwd:u	767	0	0
mem_load_l3_miss_retired.remote_fwd:u	768	0	0
mem_load_l3_miss_retired.remote_fwd:u	769	0	0
mem_load_l3_miss_retired.remote_fwd:u	770	0	0
mem_load_l3_miss_retired.remote_fwd:u	771	0	0
mem_load_l3_miss_retired.remote_fwd:u	772	0	0
mem_load_l3_miss_retired.remote_fwd:u	773	0	0
mem_load_l3_miss_retired.remote_fwd:u	774	0	0
mem_load_l3_miss_retired.remote_fwd:u	775	0	0
mem_load_l3_miss_retired.remote_fwd:u	776	0	0
mem_load_l3_miss_retired.remote_fwd:u	777	0	0
mem_load_l3_miss_retired.remote_fwd:u	778	0	0
mem_load_l3_miss_retired.remote_fwd:u	779	0	0
mem_load_l3_miss_retired.remote_fwd:u	780	0	0
mem_load_l3_miss_retired.remote_fwd:u	781	0	0
mem_load_l3_miss_retired.remote_fwd:u	782	0	0
mem_load_l3_miss_retired.remote_fwd:u	783	0	0
mem_load_l3_miss_retired.remote_fwd:u	784	0	0
mem_load_l3_miss_retired.remote_fwd:u	785	0	0
mem_load_l3_miss_retired.remote_fwd:u	786	0	0
mem_load_l3_miss_retired.remote_fwd:u	787	0	0
mem_load_l3_miss_retired.remote_fwd:u	788	0	0
mem_load_l3_miss_retired.remote_fwd:u	789	0	0
mem_load_l3_miss_retired.remote_fwd:u	790	0	0
mem_load_l3_miss_retired.remote_fwd:u	791	0	0
mem_load_l3_miss_retired.remote_fwd:u	792	0	0
mem_load_l3_miss_retired.remote_fwd:u	793	0	0
mem_load_l3_miss_retired.remote_fwd:u	794	0	0
mem_load_l3_miss_retired.remote_fwd:u	795	0	0
mem_load_l3_miss_retired.remote_fwd:u	796	0	0
mem_load_l3_miss_retired.remote_fwd:u	797	0	0
mem_load_l3_miss_retired.remote_fwd:u	798	0	0
mem_load_l3_miss_retired.remote_fwd:u	799	0	0
mem_load_l3_miss_retired.remote_fwd:u	800	0	0
mem_load_l3_miss_retired.remote_fwd:u	801	0	0
mem_load_l3_miss_retired.remote_fwd:u	802	0	0
mem_load_l3_miss_retired.remote_fwd:u	803	0	0
mem_load_l3_miss_retired.remote_fwd:u	804	0	0
mem_load_l3_miss_retired.remote_fwd:u	805	0	0
mem_load_l3_miss_retired.remote_fwd:u	806	0	0
mem_load_l3_miss_retired.remote_fwd:u	807	0	0
mem_load_l3_miss_retired.remote_fwd:u	808	0	0
mem_load_l3_miss_retired.remote_fwd:u	809	0	0
mem_load_l3_miss_retired.remote_fwd:u	810	0	0
mem_load_l3_miss_retired.remote_fwd:u	811	0	0
mem_load_l3_miss_retired.remote_fwd:u	812	0	0
mem_load_l3_miss_retired.remote_fwd:u	813	0	0
mem_load_l3_miss_retired.remote_fwd:u	814	0	0
mem_load_l3_miss_retired.remote_fwd:u	815	0	0
mem_load_l3_miss_retired.remote_fwd:u	816	0	0
mem_load_l3_miss_retired.remote_fwd:u	817	0	0
mem_load_l3_miss_retired.remote_fwd:u	818	0	0
mem_load_l3_miss_retired.remote_fwd:u	819	0	0
mem_load_l3_miss_retired.remote_fwd:u	820	0	0
mem_load_l3_miss_retired.remote_fwd:u	821	0	0
mem_load_l3_miss_retired.remote_fwd:u	822	0	0
mem_load_l3_miss_retired.remote_fwd:u	823	0	0
mem_load_l3_miss_retired.remote_fwd:u	824	0	0
mem_load_l3_miss_retired.remote_fwd:u	825	0	0
mem_load_l3_miss_retired.remote_fwd:u	826	0	0
mem_load_l3_miss_retired.remote_fwd:u	827	0	0
mem_load_l3_miss_retired.remote_fwd:u	828	0	0
mem_load_l3_miss_retired.remote_fwd:u	829	0	0
mem_load_l3_miss_retired.remote_fwd:u	830	0	0
mem_load_l3_miss_retired.remote_fwd:u	831	0	0
mem_load_l3_miss_retired.remote_fwd:u	832	0	0
mem_load_l3_miss_retired.remote_fwd:u	833	0	0
mem_load_l3_miss_retired.remote_fwd:u	834	0	0
mem_load_l3_miss_retired.remote_fwd:u	835	0	0
mem_load_l3_miss_retired.remote_fwd:u	836	0	0
mem_load_l3_miss_retired.remote_fwd:u	837	0	0
mem_load_l3_miss_retired.remote_fwd:u	838	0	0
mem_load_l3_miss_retired.remote_fwd:u	839	0	0
mem_load_l3_miss_retired.remote_fwd:u	840	0	0
mem_load_l3_miss_retired.remote_fwd:u	841	0	0
mem_load_l3_miss_retired.remote_fwd:u	842	0	0
mem_load_l3_miss_retired.remote_fwd:u	843	0	0
mem_load_l3_miss_retired.remote_fwd:u	844	0	0
mem_load_l3_miss_retired.remote_fwd:u	845	0	0
mem_load_l3_miss_retired.remote_fwd:u	846	0	0
mem_load_l3_miss_retired.remote_fwd:u	847	0	0
mem_load_l3_miss_retired.remote_fwd:u	848	0	0
mem_load_l3_miss_retired.remote_fwd:u	849	0	0
mem_load_l3_miss_retired.remote_fwd:u	850	0	0
mem_load_l3_miss_retired.remote_fwd:u	851	0	0
mem_load_l3_miss_retired.remote_fwd:u	852	0	0
mem_load_l3_miss_retired.remote_fwd:u	853	0	0
mem_load_l3_miss_retired.remote_fwd:u	854	0	0
mem_load_l3_miss_retired.remote_fwd:u	855	0	0
mem_load_l3_miss_retired.remote_fwd:u	856	0	0
mem_load_l3_miss_retired.remote_fwd:u	857	0	0
mem_load_l3_miss_retired.remote_fwd:u	858	0	0
mem_load_l3_miss_retired.remote_fwd:u	859	0	0
mem_load_l3_miss_retired.remote_fwd:u	860	0	0
mem_load_l3_miss_retired.remote_fwd:u	861	0	0
mem_load_l3_miss_retired.remote_fwd:u	862	0	0
mem_load_l3_miss_retired.remote_fwd:u	863	0	0
mem_load_l3_miss_retired.remote_fwd:u	864	0	0
mem_load_l3_miss_retired.remote_fwd:u	865	0	0
mem_load_l3_miss_retired.remote_fwd:u	866	0	0
mem_load_l3_miss_retired.remote_fwd:u	867	0	0
mem_load_l3_miss_retired.remote_fwd:u	868	0	0
mem_load_l3_miss_retired.remote_fwd:u	869	0	0
mem_load_l3_miss_retired.remote_fwd:u	870	0	0
mem_load_l3_miss_retired.remote_fwd:u	871	0	0
mem_load_l3_miss_retired.remote_fwd:u	872	0	0
mem_load_l3_miss_retired.remote_fwd:u	873	0	0
mem_load_l3_miss_retired.remote_fwd:u	874	0	0
mem_load_l3_miss_retired.remote_fwd:u	875	0	0
mem_load_l3_miss_retired.remote_fwd:u	876	0	0
mem_load_l3_miss_retired.remote_fwd:u	877	0	0
mem_load_l3_miss_retired.remote_fwd:u	878	0	0
mem_load_l3_miss_retired.remote_fwd:u	879	0	0
mem_load_l3_miss_retired.remote_fwd:u	880	0	0
mem_load_l3_miss_retired.remote_fwd:u	881	0	0
mem_load_l3_miss_retired.remote_fwd:u	882	0	0
mem_load_l3_miss_retired.remote_fwd:u	883	0	0
mem_load_l3_miss_retired.remote_fwd:u	884	0	0
mem_load_l3_miss_retired.remote_fwd:u	885	0	0
mem_load_l3_miss_retired.remote_fwd:u	886	0	0
mem_load_l3_miss_retired.remote_fwd:u	887	0	0
mem_load_l3_miss_retired.remote_fwd:u	888	0	0
mem_load_l3_miss_retired.remote_fwd:u	889	0	0
mem_load_l3_miss_retired.remote_fwd:u	890	0	0
mem_load_l3_miss_retired.remote_fwd:u	891	0	0
mem_load_l3_miss_retired.remote_fwd:u	892	0	0
mem_load_l3_miss_retired.remote_fwd:u	893	0	0
mem_load_l3_miss_retired.remote_fwd:u	894	0	0
mem_load_l3_miss_retired.remote_fwd:u	895	0	0
mem_load_l3_miss_retired.remote_fwd:u	896	0	0
mem_load_l3_miss_retired.remote_fwd:u	897	0	0
mem_load_l3_miss_retired.remote_fwd:u	898	0	0
mem_load_l3_miss_retired.remote_fwd:u	899	0	0
mem_load_l3_miss_retired.remote_fwd:u	900	0	0
mem_load_l3_miss_retired.remote_fwd:u	901	0	0
mem_load_l3_miss_retired.remote_fwd:u	902	0	0
mem_load_l3_miss_retired.remote_fwd:u	903	0	0
mem_load_l3_miss_retired.remote_fwd:u	904	0	0
mem_load_l3_miss_retired.remote_fwd:u	905	0	0
mem_load_l3_miss_retired.remote_fwd:u	906	0	0
mem_load_l3_miss_retired.remote_fwd:u	907	0	0
mem_load_l3_miss_retired.remote_fwd:u	908	0	0
mem_load_l3_miss_retired.remote_fwd:u	909	0	0
mem_load_l3_miss_retired.remote_fwd:u	910	0	0
mem_load_l3_miss_retired.remote_fwd:u	911	0	0
mem_load_l3_miss_retired.remote_fwd:u	912	0	0
mem_load_l3_miss_retired.remote_fwd:u	913	0	0
mem_load_l3_miss_retired.remote_fwd:u	914	0	0
mem_load_l3_miss_retired.remote_fwd:u	915	0	0
mem_load_l3_miss_retired.remote_fwd:u	916	0	0
mem_load_l3_miss_retired.remote_fwd:u	917	0	0
mem_load_l3_miss_retired.remote_fwd:u	918	0	0
mem_load_l3_miss_retired.remote_fwd:u	919	0	0
mem_load_l3_miss_retired.remote_fwd:u	920	0	0
mem_load_l3_miss_retired.remote_fwd:u	921	0	0
mem_load_l3_miss_retired.remote_fwd:u	922	0	0
mem_load_l3_miss_retired.remote_fwd:u	923	0	0
mem_load_l3_miss_retired.remote_fwd:u	924	0	0
mem_load_l3_miss_retired.remote_fwd:u	925	0	0
mem_load_l3_miss_retired.remote_fwd:u	926	0	0
mem_load_l3_miss_retired.remote_fwd:u	927	0	0
mem_load_l3_miss_retired.remote_fwd:u	928	0	0
mem_load_l3_miss_retired.remote_fwd:u	929	0	0
mem_load_l3_miss_retired.remote_fwd:u	930	0	0
mem_load_l3_miss_retired.remote_fwd:u	931	0	0
mem_load_l3_miss_retired.remote_fwd:u	932	0	0
mem_load_l3_miss_retired.remote_fwd:u	933	0	0
mem_load_l3_miss_retired.remote_fwd:u	934	0	0
mem_load_l3_miss_retired.remote_fwd:u	935	0	0
mem_load_l3_miss_retired.remote_fwd:u	936	0	0
mem_load_l3_miss_retired.remote_fwd:u	937	0	0
mem_load_l3_miss_retired.remote_fwd:u	938	0	0
mem_load_l3_miss_retired.remote_fwd:u	939	0	0
mem_load_l3_miss_retired.remote_fwd:u	940	0	0
mem_load_l3_miss_retired.remote_fwd:u	941	0	0
mem_load_l3_miss_retired.remote_fwd:u	942	0	0
mem_load_l3_miss_retired.remote_fwd:u	943	0	0
mem_load_l3_miss_retired.remote_fwd:u	944	0	0
mem_load_l3_miss_retired.remote_fwd:u	945	0	0
mem_load_l3_miss_retired.remote_fwd:u	946	0	0
mem_load_l3_miss_retired.remote_fwd:u	947	0	0
mem_load_l3_miss_retired.remote_fwd:u	948	0	0
mem_load_l3_miss_retired.remote_fwd:u	949	0	0
mem_load_l3_miss_retired.remote_fwd:u	950	0	0
mem_load_l3_miss_retired.remote_fwd:u	951	0	0
mem_load_l3_miss_retired.remote_fwd:u	952	0	0
mem_load_l3_miss_retired.remote_fwd:u	953	0	0
mem_load_l3_miss_retired.remote_fwd:u	954	0	0
mem_load_l3_miss_retired.remote_fwd:u	955	0	0
mem_load_l3_miss_retired.remote_fwd:u	956	0	0
mem_load_l3_miss_retired.remote_fwd:u	957	0	0
mem_load_l3_miss_retired.remote_fwd:u	958	0	0
mem_load_l3_miss_retired.remote_fwd:u	959	0	0
mem_load_l3_miss_retired.remote_fwd:u	960	0	0
mem_load_l3_miss_retired.remote_fwd:u	961	0	0
mem_load_l3_miss_retired.remote_fwd:u	962	0	0
mem_load_l3_miss_retired.remote_fwd:u	963	0	0
mem_load_l3_miss_retired.remote_fwd:u	964	0	0
mem_load_l3_miss_retired.remote_fwd:u	965	0	0
mem_load_l3_miss_retired.remote_fwd:u	966	0	0
mem_load_l3_miss_retired.remote_fwd:u	967	0	0
mem_load_l3_miss_retired.remote_fwd:u	968	0	0
mem_load_l3_miss_retired.remote_fwd:u	969	0	0
mem_load_l3_miss_retired.remote_fwd:u	970	0	0
mem_load_l3_miss_retired.remote_fwd:u	971	0	0
mem_load_l3_miss_retired.remote_fwd:u	972	0	0
mem_load_l3_miss_retired.remote_fwd:u	973	0	0
mem_load_l3_miss_retired.remote_fwd:u	974	0	0
mem_load_l3_miss_retired.remote_fwd:u	975	0	0
mem_load_l3_miss_retired.remote_fwd:u	976	0	0
mem_load_l3_miss_retired.remote_fwd:u	977	0	0
mem_load_l3_miss_retired.remote_fwd:u	978	0	0
mem_load_l3_miss_retired.remote_fwd:u	979	0	0
mem_load_l3_miss_retired.remote_fwd:u	980	0	0
mem_load_l3_miss_retired.remote_fwd:u	981	0	0
mem_load_l3_miss_retired.remote_fwd:u	982	0	0
mem_load_l3_miss_retired.remote_fwd:u	983	0	0
mem_load_l3_miss_retired.remote_fwd:u	984	0	0
mem_load_l3_miss_retired.remote_fwd:u	985	0	0
mem_load_l3_miss_retired.remote_fwd:u	986	0	0
mem_load_l3_miss_retired.remote_fwd:u	987	0	0
mem_load_l3_miss_retired.remote_fwd:u	988	0	0
mem_load_l3_miss_retired.remote_fwd:u	989	0	0
mem_load_l3_miss_retired.remote_fwd:u	990	0	0
mem_load_l3_miss_retired.remote_fwd:u	991	0	0
mem_load_l3_miss_retired.remote_fwd:u	992	0	0
mem_load_l3_miss_retired.remote_fwd:u	993	0	0
mem_load_l3_miss_retired.remote_fwd:u	994	0	0
mem_load_l3_miss_retired.remote_fwd:u	995	0	0
mem_load_l3_miss_retired.remote_fwd:u	996	0	0
mem_load_l3_miss_retired.remote_fwd:u	997	0	0
mem_load_l3_miss_retired.remote_fwd:u	998	0	0
mem_load_l3_miss_retired.remote_fwd:u	999	0	0
mem_load_l3_miss_retired.remote_fwd:u	1000	0	0
fp_arith_inst_retired.4_flops:u	1	2900000	0
fp_arith_inst_retired.4_flops:u	2	2900000	0
fp_arith_inst_retired.4_flops:u	3	2900000	0
fp_arith_inst_retired.4_flops:u	4	2900000	0
fp_arith_inst_retired.4_flops:u	5	2900000	0
fp_arith_inst_retired.4_flops:u	6	2900000	0
fp_arith_inst_retired.4_flops:u	7	2900000	0
fp_arith_inst_retired.4_flops:u	8	2900000	0
fp_arith_inst_retired.4_flops:u	9	2900000	0
fp_arith_inst_retired.4_flops:u	10	2900000	0
fp_arith_inst_retired.4_flops:u	11	2900000	0
fp_arith_inst_retired.4_flops:u	12	2900000	0
fp_arith_inst_retired.4_flops:u	13	2900000	0
fp_arith_inst_retired.4_flops:u	14	2900000	0
fp_arith_inst_retired.4_flops:u	15	2900000	0
fp_arith_inst_retired.4_flops:u	16	2900000	0
fp_arith_inst_retired.4_flops:u	17	2900000	0
fp_arith_inst_retired.4_flops:u	18	2900000	0
fp_arith_inst_retired.4_flops:u	19	2900000	0
fp_arith_inst_retired.4_flops:u	20	2900000	0
fp_arith_inst_retired.4_flops:u	21	2900000	0
fp_arith_inst_retired.4_flops:u	22	2900000	0
fp_arith_inst_retired.4_flops:u	23	2900000	0
fp_arith_inst_retired.4_flops:u	24	2900000	0
fp_arith_inst_retired.4_flops:u	25	2900000	0
fp_arith_inst_retired.4_flops:u	26	2900000	0
fp_arith_inst_retired.4_flops:u	27	2900000	0
fp_arith_inst_retired.4_flops:u	28	2900000	0
fp_arith_inst_retired.4_flops:u	29	2900000	0
fp_arith_inst_retired.4_flops:u	30	2900000	0
fp_arith_inst_retired.4_flops:u	31	2900000	0
fp_arith_inst_retired.4_flops:u	32	2900000	0
fp_arith_inst_retired.4_flops:u	33	2900000	0
fp_arith_inst_retired.4_flops:u	34	2900000	0
fp_arith_inst_retired.4_flops:u	35	2900000	0
fp_arith_inst_retired.4_flops:u	36	2900000	0
fp_arith_inst_retired.4_flops:u	37	2900000	0
fp_arith_inst_retired.4_flops:u	38	2900000	0
fp_arith_inst_retired.4_flops:u	39	2900000	0
fp_arith_inst_retired.4_flops:u	40	2900000	0
fp_arith_inst_retired.4_flops:u	41	2900000	0
fp_arith_inst_retired.4_flops:u	42	2900000	0
fp_arith_inst_retired.4_flops:u	43	2900000	0
fp_arith_inst_retired.4_flops:u	44	2900000	0
fp_arith_inst_retired.4_flops:u	45	2900000	0
fp_arith_inst_retired.4_flops:u	46	2900000	0
fp_arith_inst_retired.4_flops:u	47	2900000	0
fp_arith_inst_retired.4_flops:u	48	2900000	0
fp_arith_inst_retired.4_flops:u	49	2900000	0
fp_arith_inst_retired.4_flops:u	50	2900000	0
fp_arith_inst_retired.4_flops:u	51	2900000	0
fp_arith_inst_retired.4_flops:u	52	2900000	0
fp_arith_inst_retired.4_flops:u	53	2900000	0
fp_arith_inst_retired.4_flops:u	54	2900000	0
fp_arith_inst_retired.4_flops:u	55	2900000	0
fp_arith_inst_retired.4_flops:u	56	2900000	0
fp_arith_inst_retired.4_flops:u	57	2900000	0
fp_arith_inst_retired.4_flops:u	58	2900000	0
fp_arith_inst_retired.4_flops:u	59	2900000	0
fp_arith_inst_retired.4_flops:u	60	2900000	0
fp_arith_inst_retired.4_flops:u	61	2900000	0
fp_arith_inst_retired.4_flops:u	62	2900000	0
fp_arith_inst_retired.4_flops:u	63	2900000	0
fp_arith_inst_retired.4_flops:u	64	2900000	0
fp_arith_inst_retired.4_flops:u	65	2900000	0
fp_arith_inst_retired.4_flops:u	66	2900000	0
fp_arith_inst_retired.4_flops:u	67	2900000	0
fp_arith_inst_retired.4_flops:u	68	2900000	0
fp_arith_inst_retired.4_flops:u	69	2900000	0
fp_arith_inst_retired.4_flops:u	70	2900000	0
fp_arith_inst_retired.4_flops:u	71	2900000	0
fp_arith_inst_retired.4_flops:u	72	2900000	0
fp_arith_inst_retired.4_flops:u	73	2900000	0
fp_arith_inst_retired.4_flops:u	74	2900000	0
fp_arith_inst_retired.4_flops:u	75	2900000	0
fp_arith_inst_retired.4_flops:u	76	2900000	0
fp_arith_inst_retired.4_flops:u	77	2900000	0
fp_arith_inst_retired.4_flops:u	78	2900000	0
fp_arith_inst_retired.4_flops:u	79	2900000	0
fp_arith_inst_retired.4_flops:u	80	2900000	0
fp_arith_inst_retired.4_flops:u	81	2900000	0
fp_arith_inst_retired.4_flops:u	82	2900000	0
fp_arith_inst_retired.4_flops:u	83	2900000	0
fp_arith_inst_retired.4_flops:u	84	2900000	0
fp_arith_inst_retired.4_flops:u	85	2900000	0
fp_arith_inst_retired.4_flops:u	86	2900000	0
fp_arith_inst_retired.4_flops:u	87	2900000	0
fp_arith_inst_retired.4_flops:u	88	2900000	0
fp_arith_inst_retired.4_flops:u	89	2900000	0
fp_arith_inst_retired.4_flops:u	90	2900000	0
fp_arith_inst_retired.4_flops:u	91	2900000	0
fp_arith_inst_retired.4_flops:u	92	2900000	0
fp_arith_inst_retired.4_flops:u	93	2900000	0
fp_arith_inst_retired.4_flops:u	94	2900000	0
fp_arith_inst_retired.4_flops:u	95	2900000	0
fp_arith_inst_retired.4_flops:u	96	2900000	0
fp_arith_inst_retired.4_flops:u	97	2900000	0
fp_arith_inst_retired.4_flops:u	98	2900000	0
fp_arith_inst_retired.4_flops:u	99	2900000	0
fp_arith_inst_retired.4_flops:u	100	2900000	0
fp_arith_inst_retired.4_flops:u	101	2900000	0
fp_arith_inst_retired.4_flops:u	102	2900000	0
fp_arith_inst_retired.4_flops:u	103	2900000	0
fp_arith_inst_retired.4_flops:u	104	2900000	0
fp_arith_inst_retired.4_flops:u	105	2900000	0
fp_arith_inst_retired.4_flops:u	106	2900000	0
fp_arith_inst_retired.4_flops:u	107	2900000	0
fp_arith_inst_retired.4_flops:u	108	2900000	0
fp_arith_inst_retired.4_flops:u	109	2900000	0
fp_arith_inst_retired.4_flops:u	110	2900000	0
fp_arith_inst_retired.4_flops:u	111	2900000	0
fp_arith_inst_retired.4_flops:u	112	2900000	0
fp_arith_inst_retired.4_flops:u	113	2900000	0
fp_arith_inst_retired.4_flops:u	114	2900000	0
fp_arith_inst_retired.4_flops:u	115	2900000	0
fp_arith_inst_retired.4_flops:u	116	2900000	0
fp_arith_inst_retired.4_flops:u	117	2900000	0
fp_arith_inst_retired.4_flops:u	118	2900000	0
fp_arith_inst_retired.4_flops:u	119	2900000	0
fp_arith_inst_retired.4_flops:u	120	2900000	0
fp_arith_inst_retired.4_flops:u	121	2900000	0
fp_arith_inst_retired.4_flops:u	122	2900000	0
fp_arith_inst_retired.4_flops:u	123	2900000	0
fp_arith_inst_retired.4_flops:u	124	2900000	0
fp_arith_inst_retired.4_flops:u	125	2900000	0
fp_arith_inst_retired.4_flops:u	126	2900000	0
fp_arith_inst_retired.4_flops:u	127	2900000	0
fp_arith_inst_retired.4_flops:u	128	2900000	0
fp_arith_inst_retired.4_flops:u	129	2900000	0
fp_arith_inst_retired.4_flops:u	130	2900000	0
fp_arith_inst_retired.4_flops:u	131	2900000	0
fp_arith_inst_retired.4_flops:u	132	2900000	0
fp_arith_inst_retired.4_flops:u	133	2900000	0
fp_arith_inst_retired.4_flops:u	134	2900000	0
fp_arith_inst_retired.4_flops:u	135	2900000	0
fp_arith_inst_retired.4_flops:u	136	2900000	0
fp_arith_inst_retired.4_flops:u	137	2900000	0
fp_arith_inst_retired.4_flops:u	138	2900000	0
fp_arith_inst_retired.4_flops:u	139	2900000	0
fp_arith_inst_retired.4_flops:u	140	2900000	0
fp_arith_inst_retired.4_flops:u	141	2900000	0
fp_arith_inst_retired.4_flops:u	142	2900000	0
fp_arith_inst_retired.4_flops:u	143	2900000	0
fp_arith_inst_retired.4_flops:u	144	2900000	0
fp_arith_inst_retired.4_flops:u	145	2900000	0
fp_arith_inst_retired.4_flops:u	146	2900000	0
fp_arith_inst_retired.4_flops:u	147	2900000	0
fp_arith_inst_retired.4_flops:u	148	2900000	0
fp_arith_inst_retired.4_flops:u	149	2900000	0
fp_arith_inst_retired.4_flops:u	150	2900000	0
fp_arith_inst_retired.4_flops:u	151	2900000	0
fp_arith_inst_retired.4_flops:u	152	2900000	0
fp_arith_inst_retired.4_flops:u	153	2900000	0
fp_arith_inst_retired.4_flops:u	154	2900000	0
fp_arith_inst_retired.4_flops:u	155	2900000	0
fp_arith_inst_retired.4_flops:u	156	2900000	0
fp_arith_inst_retired.4_flops:u	157	2900000	0
fp_arith_inst_retired.4_flops:u	158	2900000	0
fp_arith_inst_retired.4_flops:u	159	2900000	0
fp_arith_inst_retired.4_flops:u	160	2900000	0
fp_arith_inst_retired.4_flops:u	161	2900000	0
fp_arith_inst_retired.4_flops:u	162	2900000	0
fp_arith_inst_retired.4_flops:u	163	2900000	0
fp_arith_inst_retired.4_flops:u	164	2900000	0
fp_arith_inst_retired.4_flops:u	165	2900000	0
fp_arith_inst_retired.4_flops:u	166	2900000	0
fp_arith_inst_retired.4_flops:u	167	2900000	0
fp_arith_inst_retired.4_flops:u	168	2900000	0
fp_arith_inst_retired.4_flops:u	169	2900000	0
fp_arith_inst_retired.4_flops:u	170	2900000	0
fp_arith_inst_retired.4_flops:u	171	2900000	0
fp_arith_inst_retired.4_flops:u	172	2900000	0
fp_arith_inst_retired.4_flops:u	173	2900000	0
fp_arith_inst_retired.4_flops:u	174	2900000	0
fp_arith_inst_retired.4_flops:u	175	2900000	0
fp_arith_inst_retired.4_flops:u	176	2900000	0
fp_arith_inst_retired.4_flops:u	177	2900000	0
fp_arith_inst_retired.4_flops:u	178	2900000	0
fp_arith_inst_retired.4_flops:u	179	2900000	0
fp_arith_inst_retired.4_flops:u	180	2900000	0
fp_arith_inst_retired.4_flops:u	181	2900000	0
fp_arith_inst_retired.4_flops:u	182	2900000	0
fp_arith_inst_retired.4_flops:u	183	2900000	0
fp_arith_inst_retired.4_flops:u	184	2900000	0
fp_arith_inst_retired.4_flops:u	185	2900000	0
fp_arith_inst_retired.4_flops:u	186	2900000	0
fp_arith_inst_retired.4_flops:u	187	2900000	0
fp_arith_inst_retired.4_flops:u	188	2900000	0
fp_arith_inst_retired.4_flops:u	189	2900000	0
fp_arith_inst_retired.4_flops:u	190	2900000	0
fp_arith_inst_retired.4_flops:u	191	2900000	0
fp_arith_inst_retired.4_flops:u	192	2900000	0
fp_arith_inst_retired.4_flops:u	193	2900000	0
fp_arith_inst_retired.4_flops:u	194	2900000	0
fp_arith_inst_retired.4_flops:u	195	2900000	0
fp_arith_inst_retired.4_flops:u	196	2900000	0
fp_arith_inst_retired.4_flops:u	197	2900000	0
fp_arith_inst_retired.4_flops:u	198	2900000	0
fp_arith_inst_retired.4_flops:u	199	2900000	0
fp_arith_inst_retired.4_flops:u	200	2900000	0
fp_arith_inst_retired.4_flops:u	201	2900000	0
fp_arith_inst_retired.4_flops:u	202	2900000	0
fp_arith_inst_retired.4_flops:u	203	2900000	0
fp_arith_inst_retired.4_flops:u	204	2900000	0
fp_arith_inst_retired.4_flops:u	205	2900000	0
fp_arith_inst_retired.4_flops:u	206	2900000	0
fp_arith_inst_retired.4_flops:u	207	2900000	0
fp_arith_inst_retired.4_flops:u	208	2900000	0
fp_arith_inst_retired.4_flops:u	209	2900000	0
fp_arith_inst_retired.4_flops:u	210	2900000	0
fp_arith_inst_retired.4_flops:u	211	2900000	0
fp_arith_inst_retired.4_flops:u	212	2900000	0
fp_arith_inst_retired.4_flops:u	213	2900000	0
fp_arith_inst_retired.4_flops:u	214	2900000	0
fp_arith_inst_retired.4_flops:u	215	2900000	0
fp_arith_inst_retired.4_flops:u	216	2900000	0
fp_arith_inst_retired.4_flops:u	217	2900000	0
fp_arith_inst_retired.4_flops:u	218	2900000	0
fp_arith_inst_retired.4_flops:u	219	2900000	0
fp_arith_inst_retired.4_flops:u	220	2900000	0
fp_arith_inst_retired.4_flops:u	221	2900000	0
fp_arith_inst_retired.4_flops:u	222	2900000	0
fp_arith_inst_retired.4_flops:u	223	2900000	0
fp_arith_inst_retired.4_flops:u	224	2900000	0
fp_arith_inst_retired.4_flops:u	225	2900000	0
fp_arith_inst_retired.4_flops:u	226	2900000	0
fp_arith_inst_retired.4_flops:u	227	2900000	0
fp_arith_inst_retired.4_flops:u	228	2900000	0
fp_arith_inst_retired.4_flops:u	229	2900000	0
fp_arith_inst_retired.4_flops:u	230	2900000	0
fp_arith_inst_retired.4_flops:u	231	2900000	0
fp_arith_inst_retired.4_flops:u	232	2900000	0
fp_arith_inst_retired.4_flops:u	233	2900000	0
fp_arith_inst_retired.4_flops:u	234	2900000	0
fp_arith_inst_retired.4_flops:u	235	2900000	0
fp_arith_inst_retired.4_flops:u	236	2900000	0
fp_arith_inst_retired.4_flops:u	237	2900000	0
fp_arith_inst_retired.4_flops:u	238	2900000	0
fp_arith_inst_retired.4_flops:u	239	2900000	0
fp_arith_inst_retired.4_flops:u	240	2900000	0
fp_arith_inst_retired.4_flops:u	241	2900000	0
fp_arith_inst_retired.4_flops:u	242	2900000	0
fp_arith_inst_retired.4_flops:u	243	2900000	0
fp_arith_inst_retired.4_flops:u	244	2900000	0
fp_arith_inst_retired.4_flops:u	245	2900000	0
fp_arith_inst_retired.4_flops:u	246	2900000	0
fp_arith_inst_retired.4_flops:u	247	2900000	0
fp_arith_inst_retired.4_flops:u	248	2900000	0
fp_arith_inst_retired.4_flops:u	249	2900000	0
fp_arith_inst_retired.4_flops:u	250	2900000	0
fp_arith_inst_retired.4_flops:u	251	2900000	0
fp_arith_inst_retired.4_flops:u	252	2900000	0
fp_arith_inst_retired.4_flops:u	253	2900000	0
fp_arith_inst_retired.4_flops:u	254	2900000	0
fp_arith_inst_retired.4_flops:u	255	2900000	0
fp_arith_inst_retired.4_flops:u	256	2900000	0
fp_arith_inst_retired.4_flops:u	257	2900000	0
fp_arith_inst_retired.4_flops:u	258	2900000	0
fp_arith_inst_retired.4_flops:u	259	2900000	0
fp_arith_inst_retired.4_flops:u	260	2900000	0
fp_arith_inst_retired.4_flops:u	261	2900000	0
fp_arith_inst_retired.4_flops:u	262	2900000	0
fp_arith_inst_retired.4_flops:u	263	2900000	0
fp_arith_inst_retired.4_flops:u	264	2900000	0
fp_arith_inst_retired.4_flops:u	265	2900000	0
fp_arith_inst_retired.4_flops:u	266	2900000	0
fp_arith_inst_retired.4_flops:u	267	2900000	0
fp_arith_inst_retired.4_flops:u	268	2900000	0
fp_arith_inst_retired.4_flops:u	269	2900000	0
fp_arith_inst_retired.4_flops:u	270	2900000	0
fp_arith_inst_retired.4_flops:u	271	2900000	0
fp_arith_inst_retired.4_flops:u	272	2900000	0
fp_arith_inst_retired.4_flops:u	273	2900000	0
fp_arith_inst_retired.4_flops:u	274	2900000	0
fp_arith_inst_retired.4_flops:u	275	2900000	0
fp_arith_inst_retired.4_flops:u	276	2900000	0
fp_arith_inst_retired.4_flops:u	277	2900000	0
fp_arith_inst_retired.4_flops:u	278	2900000	0
fp_arith_inst_retired.4_flops:u	279	2900000	0
fp_arith_inst_retired.4_flops:u	280	2900000	0
fp_arith_inst_retired.4_flops:u	281	2900000	0
fp_arith_inst_retired.4_flops:u	282	2900000	0
fp_arith_inst_retired.4_flops:u	283	2900000	0
fp_arith_inst_retired.4_flops:u	284	2900000	0
fp_arith_inst_retired.4_flops:u	285	2900000	0
fp_arith_inst_retired.4_flops:u	286	2900000	0
fp_arith_inst_retired.4_flops:u	287	2900000	0
fp_arith_inst_retired.4_flops:u	288	2900000	0
fp_arith_inst_retired.4_flops:u	289	2900000	0
fp_arith_inst_retired.4_flops:u	290	2900000	0
fp_arith_inst_retired.4_flops:u	291	2900000	0
fp_arith_inst_retired.4_flops:u	292	2900000	0
fp_arith_inst_retired.4_flops:u	293	2900000	0
fp_arith_inst_retired.4_flops:u	294	2900000	0
fp_arith_inst_retired.4_flops:u	295	2900000	0
fp_arith_inst_retired.4_flops:u	296	2900000	0
fp_arith_inst_retired.4_flops:u	297	2900000	0
fp_arith_inst_retired.4_flops:u	298	2900000	0
fp_arith_inst_retired.4_flops:u	299	2900000	0
fp_arith_inst_retired.4_flops:u	300	2900000	0
fp_arith_inst_retired.4_flops:u	301	2900000	0
fp_arith_inst_retired.4_flops:u	302	2900000	0
fp_arith_inst_retired.4_flops:u	303	2900000	0
fp_arith_inst_retired.4_flops:u	304	2900000	0
fp_arith_inst_retired.4_flops:u	305	2900000	0
fp_arith_inst_retired.4_flops:u	306	2900000	0
fp_arith_inst_retired.4_flops:u	307	2900000	0
fp_arith_inst_retired.4_flops:u	308	2900000	0
fp_arith_inst_retired.4_flops:u	309	2900000	0
fp_arith_inst_retired.4_flops:u	310	2900000	0
fp_arith_inst_retired.4_flops:u	311	2900000	0
fp_arith_inst_retired.4_flops:u	312	2900000	0
fp_arith_inst_retired.4_flops:u	313	2900000	0
fp_arith_inst_retired.4_flops:u	314	2900000	0
fp_arith_inst_retired.4_flops:u	315	2900000	0
fp_arith_inst_retired.4_flops:u	316	2900000	0
fp_arith_inst_retired.4_flops:u	317	2900000	0
fp_arith_inst_retired.4_flops:u	318	2900000	0
fp_arith_inst_retired.4_flops:u	319	2900000	0
fp_arith_inst_retired.4_flops:u	320	2900000	0
fp_arith_inst_retired.4_flops:u	321	2900000	0
fp_arith_inst_retired.4_flops:u	322	2900000	0
fp_arith_inst_retired.4_flops:u	323	2900000	0
fp_arith_inst_retired.4_flops:u	324	2900000	0
fp_arith_inst_retired.4_flops:u	325	2900000	0
fp_arith_inst_retired.4_flops:u	326	2900000	0
fp_arith_inst_retired.4_flops:u	327	2900000	0
fp_arith_inst_retired.4_flops:u	328	2900000	0
fp_arith_inst_retired.4_flops:u	329	2900000	0
fp_arith_inst_retired.4_flops:u	330	2900000	0
fp_arith_inst_retired.4_flops:u	331	2900000	0
fp_arith_inst_retired.4_flops:u	332	2900000	0
fp_arith_inst_retired.4_flops:u	333	2900000	0
fp_arith_inst_retired.4_flops:u	334	2900000	0
fp_arith_inst_retired.4_flops:u	335	2900000	0
fp_arith_inst_retired.4_flops:u	336	2900000	0
fp_arith_inst_retired.4_flops:u	337	2900000	0
fp_arith_inst_retired.4_flops:u	338	2900000	0
fp_arith_inst_retired.4_flops:u	339	2900000	0
fp_arith_inst_retired.4_flops:u	340	2900000	0
fp_arith_inst_retired.4_flops:u	341	2900000	0
fp_arith_inst_retired.4_flops:u	342	2900000	0
fp_arith_inst_retired.4_flops:u	343	2900000	0
fp_arith_inst_retired.4_flops:u	344	2900000	0
fp_arith_inst_retired.4_flops:u	345	2900000	0
fp_arith_inst_retired.4_flops:u	346	2900000	0
fp_arith_inst_retired.4_flops:u	347	2900000	0
fp_arith_inst_retired.4_flops:u	348	2900000	0
fp_arith_inst_retired.4_flops:u	349	2900000	0
fp_arith_inst_retired.4_flops:u	350	2900000	0
fp_arith_inst_retired.4_flops:u	351	2900000	0
fp_arith_inst_retired.4_flops:u	352	2900000	0
fp_arith_inst_retired.4_flops:u	353	2900000	0
fp_arith_inst_retired.4_flops:u	354	2900000	0
fp_arith_inst_retired.4_flops:u	355	2900000	0
fp_arith_inst_retired.4_flops:u	356	2900000	0
fp_arith_inst_retired.4_flops:u	357	2900000	0
fp_arith_inst_retired.4_flops:u	358	2900000	0
fp_arith_inst_retired.4_flops:u	359	2900000	0
fp_arith_inst_retired.4_flops:u	360	2900000	0
fp_arith_inst_retired.4_flops:u	361	2900000	0
fp_arith_inst_retired.4_flops:u	362	2900000	0
fp_arith_inst_retired.4_flops:u	363	2900000	0
fp_arith_inst_retired.4_flops:u	364	2900000	0
fp_arith_inst_retired.4_flops:u	365	2900000	0
fp_arith_inst_retired.4_flops:u	366	2900000	0
fp_arith_inst_retired.4_flops:u	367	2900000	0
fp_arith_inst_retired.4_flops:u	368	2900000	0
fp_arith_inst_retired.4_flops:u	369	2900000	0
fp_arith_inst_retired.4_flops:u	370	2900000	0
fp_arith_inst_retired.4_flops:u	371	2900000	0
fp_arith_inst_retired.4_flops:u	372	2900000	0
fp_arith_inst_retired.4_flops:u	373	2900000	0
fp_arith_inst_retired.4_flops:u	374	2900000	0
fp_arith_inst_retired.4_flops:u	375	2900000	0
fp_arith_inst_retired.4_flops:u	376	2900000	0
fp_arith_inst_retired.4_flops:u	377	2900000	0
fp_arith_inst_retired.4_flops:u	378	2900000	0
fp_arith_inst_retired.4_flops:u	379	2900000	0
fp_arith_inst_retired.4_flops:u	380	2900000	0
fp_arith_inst_retired.4_flops:u	381	2900000	0
fp_arith_inst_retired.4_flops:u	382	2900000	0
fp_arith_inst_retired.4_flops:u	383	2900000	0
fp_arith_inst_retired.4_flops:u	384	2900000	0
fp_arith_inst_retired.4_flops:u	385	2900000	0
fp_arith_inst_retired.4_flops:u	386	2900000	0
fp_arith_inst_retired.4_flops:u	387	2900000	0
fp_arith_inst_retired.4_flops:u	388	2900000	0
fp_arith_inst_retired.4_flops:u	389	2900000	0
fp_arith_inst_retired.4_flops:u	390	2900000	0
fp_arith_inst_retired.4_flops:u	391	2900000	0
fp_arith_inst_retired.4_flops:u	392	2900000	0
fp_arith_inst_retired.4_flops:u	393	2900000	0
fp_arith_inst_retired.4_flops:u	394	2900000	0
fp_arith_inst_retired.4_flops:u	395	2900000	0
fp_arith_inst_retired.4_flops:u	396	2900000	0
fp_arith_inst_retired.4_flops:u	397	2900000	0
fp_arith_inst_retired.4_flops:u	398	2900000	0
fp_arith_inst_retired.4_flops:u	399	2900000	0
fp_arith_inst_retired.4_flops:u	400	2900000	0
fp_arith_inst_retired.4_flops:u	401	2900000	0
fp_arith_inst_retired.4_flops:u	402	2900000	0
fp_arith_inst_retired.4_flops:u	403	2900000	0
fp_arith_inst_retired.4_flops:u	404	2900000	0
fp_arith_inst_retired.4_flops:u	405	2900000	0
fp_arith_inst_retired.4_flops:u	406	2900000	0
fp_arith_inst_retired.4_flops:u	407	2900000	0
fp_arith_inst_retired.4_flops:u	408	2900000	0
fp_arith_inst_retired.4_flops:u	409	2900000	0
fp_arith_inst_retired.4_flops:u	410	2900000	0
fp_arith_inst_retired.4_flops:u	411	2900000	0
fp_arith_inst_retired.4_flops:u	412	2900000	0
fp_arith_inst_retired.4_flops:u	413	2900000	0
fp_arith_inst_retired.4_flops:u	414	2900000	0
fp_arith_inst_retired.4_flops:u	415	2900000	0
fp_arith_inst_retired.4_flops:u	416	2900000	0
fp_arith_inst_retired.4_flops:u	417	2900000	0
fp_arith_inst_retired.4_flops:u	418	2900000	0
fp_arith_inst_retired.4_flops:u	419	2900000	0
fp_arith_inst_retired.4_flops:u	420	2900000	0
fp_arith_inst_retired.4_flops:u	421	2900000	0
fp_arith_inst_retired.4_flops:u	422	2900000	0
fp_arith_inst_retired.4_flops:u	423	2900000	0
fp_arith_inst_retired.4_flops:u	424	2900000	0
fp_arith_inst_retired.4_flops:u	425	2900000	0
fp_arith_inst_retired.4_flops:u	426	2900000	0
fp_arith_inst_retired.4_flops:u	427	2900000	0
fp_arith_inst_retired.4_flops:u	428	2900000	0
fp_arith_inst_retired.4_flops:u	429	2900000	0
fp_arith_inst_retired.4_flops:u	430	2900000	0
fp_arith_inst_retired.4_flops:u	431	2900000	0
fp_arith_inst_retired.4_flops:u	432	2900000	0
fp_arith_inst_retired.4_flops:u	433	2900000	0
fp_arith_inst_retired.4_flops:u	434	2900000	0
fp_arith_inst_retired.4_flops:u	435	2900000	0
fp_arith_inst_retired.4_flops:u	436	2900000	0
fp_arith_inst_retired.4_flops:u	437	2900000	0
fp_arith_inst_retired.4_flops:u	438	2900000	0
fp_arith_inst_retired.4_flops:u	439	2900000	0
fp_arith_inst_retired.4_flops:u	440	2900000	0
fp_arith_inst_retired.4_flops:u	441	2900000	0
fp_arith_inst_retired.4_flops:u	442	2900000	0
fp_arith_inst_retired.4_flops:u	443	2900000	0
fp_arith_inst_retired.4_flops:u	444	2900000	0
fp_arith_inst_retired.4_flops:u	445	2900000	0
fp_arith_inst_retired.4_flops:u	446	2900000	0
fp_arith_inst_retired.4_flops:u	447	2900000	0
fp_arith_inst_retired.4_flops:u	448	2900000	0
fp_arith_inst_retired.4_flops:u	449	2900000	0
fp_arith_inst_retired.4_flops:u	450	2900000	0
fp_arith_inst_retired.4_flops:u	451	2900000	0
fp_arith_inst_retired.4_flops:u	452	2900000	0
fp_arith_inst_retired.4_flops:u	453	2900000	0
fp_arith_inst_retired.4_flops:u	454	2900000	0
fp_arith_inst_retired.4_flops:u	455	2900000	0
fp_arith_inst_retired.4_flops:u	456	2900000	0
fp_arith_inst_retired.4_flops:u	457	2900000	0
fp_arith_inst_retired.4_flops:u	458	2900000	0
fp_arith_inst_retired.4_flops:u	459	2900000	0
fp_arith_inst_retired.4_flops:u	460	2900000	0
fp_arith_inst_retired.4_flops:u	461	2900000	0
fp_arith_inst_retired.4_flops:u	462	2900000	0
fp_arith_inst_retired.4_flops:u	463	2900000	0
fp_arith_inst_retired.4_flops:u	464	2900000	0
fp_arith_inst_retired.4_flops:u	465	2900000	0
fp_arith_inst_retired.4_flops:u	466	2900000	0
fp_arith_inst_retired.4_flops:u	467	2900000	0
fp_arith_inst_retired.4_flops:u	468	2900000	0
fp_arith_inst_retired.4_flops:u	469	2900000	0
fp_arith_inst_retired.4_flops:u	470	2900000	0
fp_arith_inst_retired.4_flops:u	471	2900000	0
fp_arith_inst_retired.4_flops:u	472	2900000	0
fp_arith_inst_retired.4_flops:u	473	2900000	0
fp_arith_inst_retired.4_flops:u	474	2900000	0
fp_arith_inst_retired.4_flops:u	475	2900000	0
fp_arith_inst_retired.4_flops:u	476	2900000	0
fp_arith_inst_retired.4_flops:u	477	2900000	0
fp_arith_inst_retired.4_flops:u	478	2900000	0
fp_arith_inst_retired.4_flops:u	479	2900000	0
fp_arith_inst_retired.4_flops:u	480	2900000	0
fp_arith_inst_retired.4_flops:u	481	2900000	0
fp_arith_inst_retired.4_flops:u	482	2900000	0
fp_arith_inst_retired.4_flops:u	483	2900000	0
fp_arith_inst_retired.4_flops:u	484	2900000	0
fp_arith_inst_retired.4_flops:u	485	2900000	0
fp_arith_inst_retired.4_flops:u	486	2900000	0
fp_arith_inst_retired.4_flops:u	487	2900000	0
fp_arith_inst_retired.4_flops:u	488	2900000	0
fp_arith_inst_retired.4_flops:u	489	2900000	0
fp_arith_inst_retired.4_flops:u	490	2900000	0
fp_arith_inst_retired.4_flops:u	491	2900000	0
fp_arith_inst_retired.4_flops:u	492	2900000	0
fp_arith_inst_retired.4_flops:u	493	2900000	0
fp_arith_inst_retired.4_flops:u	494	2900000	0
fp_arith_inst_retired.4_flops:u	495	2900000	0
fp_arith_inst_retired.4_flops:u	496	2900000	0
fp_arith_inst_retired.4_flops:u	497	2900000	0
fp_arith_inst_retired.4_flops:u	498	2900000	0
fp_arith_inst_retired.4_flops:u	499	2900000	0
fp_arith_inst_retired.4_flops:u	500	2900000	0
fp_arith_inst_retired.4_flops:u	501	2900000	0
fp_arith_inst_retired.4_flops:u	502	2900000	0
fp_arith_inst_retired.4_flops:u	503	2900000	0
fp_arith_inst_retired.4_flops:u	504	2900000	0
fp_arith_inst_retired.4_flops:u	505	2900000	0
fp_arith_inst_retired.4_flops:u	506	2900000	0
fp_arith_inst_retired.4_flops:u	507	2900000	0
fp_arith_inst_retired.4_flops:u	508	2900000	0
fp_arith_inst_retired.4_flops:u	509	2900000	0
fp_arith_inst_retired.4_flops:u	510	2900000	0
fp_arith_inst_retired.4_flops:u	511	2900000	0
fp_arith_inst_retired.4_flops:u	512	2900000	0
fp_arith_inst_retired.4_flops:u	513	2900000	0
fp_arith_inst_retired.4_flops:u	514	2900000	0
fp_arith_inst_retired.4_flops:u	515	2900000	0
fp_arith_inst_retired.4_flops:u	516	2900000	0
fp_arith_inst_retired.4_flops:u	517	2900000	0
fp_arith_inst_retired.4_flops:u	518	2900000	0
fp_arith_inst_retired.4_flops:u	519	2900000	0
fp_arith_inst_retired.4_flops:u	520	2900000	0
fp_arith_inst_retired.4_flops:u	521	2900000	0
fp_arith_inst_retired.4_flops:u	522	2900000	0
fp_arith_inst_retired.4_flops:u	523	2900000	0
fp_arith_inst_retired.4_flops:u	524	2900000	0
fp_arith_inst_retired.4_flops:u	525	2900000	0
fp_arith_inst_retired.4_flops:u	526	2900000	0
fp_arith_inst_retired.4_flops:u	527	2900000	0
fp_arith_inst_retired.4_flops:u	528	2900000	0
fp_arith_inst_retired.4_flops:u	529	2900000	0
fp_arith_inst_retired.4_flops:u	530	2900000	0
fp_arith_inst_retired.4_flops:u	531	2900000	0
fp_arith_inst_retired.4_flops:u	532	2900000	0
fp_arith_inst_retired.4_flops:u	533	2900000	0
fp_arith_inst_retired.4_flops:u	534	2900000	0
fp_arith_inst_retired.4_flops:u	535	2900000	0
fp_arith_inst_retired.4_flops:u	536	2900000	0
fp_arith_inst_retired.4_flops:u	537	2900000	0
fp_arith_inst_retired.4_flops:u	538	2900000	0
fp_arith_inst_retired.4_flops:u	539	2900000	0
fp_arith_inst_retired.4_flops:u	540	2900000	0
fp_arith_inst_retired.4_flops:u	541	2900000	0
fp_arith_inst_retired.4_flops:u	542	2900000	0
fp_arith_inst_retired.4_flops:u	543	2900000	0
fp_arith_inst_retired.4_flops:u	544	2900000	0
fp_arith_inst_retired.4_flops:u	545	2900000	0
fp_arith_inst_retired.4_flops:u	546	2900000	0
fp_arith_inst_retired.4_flops:u	547	2900000	0
fp_arith_inst_retired.4_flops:u	548	2900000	0
fp_arith_inst_retired.4_flops:u	549	2900000	0
fp_arith_inst_retired.4_flops:u	550	2900000	0
fp_arith_inst_retired.4_flops:u	551	2900000	0
fp_arith_inst_retired.4_flops:u	552	2900000	0
fp_arith_inst_retired.4_flops:u	553	2900000	0
fp_arith_inst_retired.4_flops:u	554	2900000	0
fp_arith_inst_retired.4_flops:u	555	2900000	0
fp_arith_inst_retired.4_flops:u	556	2900000	0
fp_arith_inst_retired.4_flops:u	557	2900000	0
fp_arith_inst_retired.4_flops:u	558	2900000	0
fp_arith_inst_retired.4_flops:u	559	2900000	0
fp_arith_inst_retired.4_flops:u	560	2900000	0
fp_arith_inst_retired.4_flops:u	561	2900000	0
fp_arith_inst_retired.4_flops:u	562	2900000	0
fp_arith_inst_retired.4_flops:u	563	2900000	0
fp_arith_inst_retired.4_flops:u	564	2900000	0
fp_arith_inst_retired.4_flops:u	565	2900000	0
fp_arith_inst_retired.4_flops:u	566	2900000	0
fp_arith_inst_retired.4_flops:u	567	2900000	0
fp_arith_inst_retired.4_flops:u	568	2900000	0
fp_arith_inst_retired.4_flops:u	569	2900000	0
fp_arith_inst_retired.4_flops:u	570	2900000	0
fp_arith_inst_retired.4_flops:u	571	2900000	0
fp_arith_inst_retired.4_flops:u	572	2900000	0
fp_arith_inst_retired.4_flops:u	573	2900000	0
fp_arith_inst_retired.4_flops:u	574	2900000	0
fp_arith_inst_retired.4_flops:u	575	2900000	0
fp_arith_inst_retired.4_flops:u	576	2900000	0
fp_arith_inst_retired.4_flops:u	577	2900000	0
fp_arith_inst_retired.4_flops:u	578	2900000	0
fp_arith_inst_retired.4_flops:u	579	2900000	0
fp_arith_inst_retired.4_flops:u	580	2900000	0
fp_arith_inst_retired.4_flops:u	581	2900000	0
fp_arith_inst_retired.4_flops:u	582	2900000	0
fp_arith_inst_retired.4_flops:u	583	2900000	0
fp_arith_inst_retired.4_flops:u	584	2900000	0
fp_arith_inst_retired.4_flops:u	585	2900000	0
fp_arith_inst_retired.4_flops:u	586	2900000	0
fp_arith_inst_retired.4_flops:u	587	2900000	0
fp_arith_inst_retired.4_flops:u	588	2900000	0
fp_arith_inst_retired.4_flops:u	589	2900000	0
fp_arith_inst_retired.4_flops:u	590	2900000	0
fp_arith_inst_retired.4_flops:u	591	2900000	0
fp_arith_inst_retired.4_flops:u	592	2900000	0
fp_arith_inst_retired.4_flops:u	593	2900000	0
fp_arith_inst_retired.4_flops:u	594	2900000	0
fp_arith_inst_retired.4_flops:u	595	2900000	0
fp_arith_inst_retired.4_flops:u	596	2900000	0
fp_arith_inst_retired.4_flops:u	597	2900000	0
fp_arith_inst_retired.4_flops:u	598	2900000	0
fp_arith_inst_retired.4_flops:u	599	2900000	0
fp_arith_inst_retired.4_flops:u	600	2900000	0
fp_arith_inst_retired.4_flops:u	601	2900000	0
fp_arith_inst_retired.4_flops:u	602	2900000	0
fp_arith_inst_retired.4_flops:u	603	2900000	0
fp_arith_inst_retired.4_flops:u	604	2900000	0
fp_arith_inst_retired.4_flops:u	605	2900000	0
fp_arith_inst_retired.4_flops:u	606	2900000	0
fp_arith_inst_retired.4_flops:u	607	2900000	0
fp_arith_inst_retired.4_flops:u	608	2900000	0
fp_arith_inst_retired.4_flops:u	609	2900000	0
fp_arith_inst_retired.4_flops:u	610	2900000	0
fp_arith_inst_retired.4_flops:u	611	2900000	0
fp_arith_inst_retired.4_flops:u	612	2900000	0
fp_arith_inst_retired.4_flops:u	613	2900000	0
fp_arith_inst_retired.4_flops:u	614	2900000	0
fp_arith_inst_retired.4_flops:u	615	2900000	0
fp_arith_inst_retired.4_flops:u	616	2900000	0
fp_arith_inst_retired.4_flops:u	617	2900000	0
fp_arith_inst_retired.4_flops:u	618	2900000	0
fp_arith_inst_retired.4_flops:u	619	2900000	0
fp_arith_inst_retired.4_flops:u	620	2900000	0
fp_arith_inst_retired.4_flops:u	621	2900000	0
fp_arith_inst_retired.4_flops:u	622	2900000	0
fp_arith_inst_retired.4_flops:u	623	2900000	0
fp_arith_inst_retired.4_flops:u	624	2900000	0
fp_arith_inst_retired.4_flops:u	625	2900000	0
fp_arith_inst_retired.4_flops:u	626	2900000	0
fp_arith_inst_retired.4_flops:u	627	2900000	0
fp_arith_inst_retired.4_flops:u	628	2900000	0
fp_arith_inst_retired.4_flops:u	629	2900000	0
fp_arith_inst_retired.4_flops:u	630	2900000	0
fp_arith_inst_retired.4_flops:u	631	2900000	0
fp_arith_inst_retired.4_flops:u	632	2900000	0
fp_arith_inst_retired.4_flops:u	633	2900000	0
fp_arith_inst_retired.4_flops:u	634	2900000	0
fp_arith_inst_retired.4_flops:u	635	2900000	0
fp_arith_inst_retired.4_flops:u	636	2900000	0
fp_arith_inst_retired.4_flops:u	637	2900000	0
fp_arith_inst_retired.4_flops:u	638	2900000	0
fp_arith_inst_retired.4_flops:u	639	2900000	0
fp_arith_inst_retired.4_flops:u	640	2900000	0
fp_arith_inst_retired.4_flops:u	641	2900000	0
fp_arith_inst_retired.4_flops:u	642	2900000	0
fp_arith_inst_retired.4_flops:u	643	2900000	0
fp_arith_inst_retired.4_flops:u	644	2900000	0
fp_arith_inst_retired.4_flops:u	645	2900000	0
fp_arith_inst_retired.4_flops:u	646	2900000	0
fp_arith_inst_retired.4_flops:u	647	2900000	0
fp_arith_inst_retired.4_flops:u	648	2900000	0
fp_arith_inst_retired.4_flops:u	649	2900000	0
fp_arith_inst_retired.4_flops:u	650	2900000	0
fp_arith_inst_retired.4_flops:u	651	2900000	0
fp_arith_inst_retired.4_flops:u	652	2900000	0
fp_arith_inst_retired.4_flops:u	653	2900000	0
fp_arith_inst_retired.4_flops:u	654	2900000	0
fp_arith_inst_retired.4_flops:u	655	2900000	0
fp_arith_inst_retired.4_flops:u	656	2900000	0
fp_arith_inst_retired.4_flops:u	657	2900000	0
fp_arith_inst_retired.4_flops:u	658	2900000	0
fp_arith_inst_retired.4_flops:u	659	2900000	0
fp_arith_inst_retired.4_flops:u	660	2900000	0
fp_arith_inst_retired.4_flops:u	661	2900000	0
fp_arith_inst_retired.4_flops:u	662	2900000	0
fp_arith_inst_retired.4_flops:u	663	2900000	0
fp_arith_inst_retired.4_flops:u	664	2900000	0
fp_arith_inst_retired.4_flops:u	665	2900000	0
fp_arith_inst_retired.4_flops:u	666	2900000	0
fp_arith_inst_retired.4_flops:u	667	2900000	0
fp_arith_inst_retired.4_flops:u	668	2900000	0
fp_arith_inst_retired.4_flops:u	669	2900000	0
fp_arith_inst_retired.4_flops:u	670	2900000	0
fp_arith_inst_retired.4_flops:u	671	2900000	0
fp_arith_inst_retired.4_flops:u	672	2900000	0
fp_arith_inst_retired.4_flops:u	673	2900000	0
fp_arith_inst_retired.4_flops:u	674	2900000	0
fp_arith_inst_retired.4_flops:u	675	2900000	0
fp_arith_inst_retired.4_flops:u	676	2900000	0
fp_arith_inst_retired.4_flops:u	677	2900000	0
fp_arith_inst_retired.4_flops:u	678	2900000	0
fp_arith_inst_retired.4_flops:u	679	2900000	0
fp_arith_inst_retired.4_flops:u	680	2900000	0
fp_arith_inst_retired.4_flops:u	681	2900000	0
fp_arith_inst_retired.4_flops:u	682	2900000	0
fp_arith_inst_retired.4_flops:u	683	2900000	0
fp_arith_inst_retired.4_flops:u	684	2900000	0
fp_arith_inst_retired.4_flops:u	685	2900000	0
fp_arith_inst_retired.4_flops:u	686	2900000	0
fp_arith_inst_retired.4_flops:u	687	2900000	0
fp_arith_inst_retired.4_flops:u	688	2900000	0
fp_arith_inst_retired.4_flops:u	689	2900000	0
fp_arith_inst_retired.4_flops:u	690	2900000	0
fp_arith_inst_retired.4_flops:u	691	2900000	0
fp_arith_inst_retired.4_flops:u	692	2900000	0
fp_arith_inst_retired.4_flops:u	693	2900000	0
fp_arith_inst_retired.4_flops:u	694	2900000	0
fp_arith_inst_retired.4_flops:u	695	2900000	0
fp_arith_inst_retired.4_flops:u	696	2900000	0
fp_arith_inst_retired.4_flops:u	697	2900000	0
fp_arith_inst_retired.4_flops:u	698	2900000	0
fp_arith_inst_retired.4_flops:u	699	2900000	0
fp_arith_inst_retired.4_flops:u	700	2900000	0
fp_arith_inst_retired.4_flops:u	701	2900000	0
fp_arith_inst_retired.4_flops:u	702	2900000	0
fp_arith_inst_retired.4_flops:u	703	2900000	0
fp_arith_inst_retired.4_flops:u	704	2900000	0
fp_arith_inst_retired.4_flops:u	705	2900000	0
fp_arith_inst_retired.4_flops:u	706	2900000	0
fp_arith_inst_retired.4_flops:u	707	2900000	0
fp_arith_inst_retired.4_flops:u	708	2900000	0
fp_arith_inst_retired.4_flops:u	709	2900000	0
fp_arith_inst_retired.4_flops:u	710	2900000	0
fp_arith_inst_retired.4_flops:u	711	2900000	0
fp_arith_inst_retired.4_flops:u	712	2900000	0
fp_arith_inst_retired.4_flops:u	713	2900000	0
fp_arith_inst_retired.4_flops:u	714	2900000	0
fp_arith_inst_retired.4_flops:u	715	2900000	0
fp_arith_inst_retired.4_flops:u	716	2900000	0
fp_arith_inst_retired.4_flops:u	717	2900000	0
fp_arith_inst_retired.4_flops:u	718	2900000	0
fp_arith_inst_retired.4_flops:u	719	2900000	0
fp_arith_inst_retired.4_flops:u	720	2900000	0
fp_arith_inst_retired.4_flops:u	721	2900000	0
fp_arith_inst_retired.4_flops:u	722	2900000	0
fp_arith_inst_retired.4_flops:u	723	2900000	0
fp_arith_inst_retired.4_flops:u	724	2900000	0
fp_arith_inst_retired.4_flops:u	725	2900000	0
fp_arith_inst_retired.4_flops:u	726	2900000	0
fp_arith_inst_retired.4_flops:u	727	2900000	0
fp_arith_inst_retired.4_flops:u	728	2900000	0
fp_arith_inst_retired.4_flops:u	729	2900000	0
fp_arith_inst_retired.4_flops:u	730	2900000	0
fp_arith_inst_retired.4_flops:u	731	2900000	0
fp_arith_inst_retired.4_flops:u	732	2900000	0
fp_arith_inst_retired.4_flops:u	733	2900000	0
fp_arith_inst_retired.4_flops:u	734	2900000	0
fp_arith_inst_retired.4_flops:u	735	2900000	0
fp_arith_inst_retired.4_flops:u	736	2900000	0
fp_arith_inst_retired.4_flops:u	737	2900000	0
fp_arith_inst_retired.4_flops:u	738	2900000	0
fp_arith_inst_retired.4_flops:u	739	2900000	0
fp_arith_inst_retired.4_flops:u	740	2900000	0
fp_arith_inst_retired.4_flops:u	741	2900000	0
fp_arith_inst_retired.4_flops:u	742	2900000	0
fp_arith_inst_retired.4_flops:u	743	2900000	0
fp_arith_inst_retired.4_flops:u	744	2900000	0
fp_arith_inst_retired.4_flops:u	745	2900000	0
fp_arith_inst_retired.4_flops:u	746	2900000	0
fp_arith_inst_retired.4_flops:u	747	2900000	0
fp_arith_inst_retired.4_flops:u	748	2900000	0
fp_arith_inst_retired.4_flops:u	749	2900000	0
fp_arith_inst_retired.4_flops:u	750	2900000	0
fp_arith_inst_retired.4_flops:u	751	2900000	0
fp_arith_inst_retired.4_flops:u	752	2900000	0
fp_arith_inst_retired.4_flops:u	753	2900000	0
fp_arith_inst_retired.4_flops:u	754	2900000	0
fp_arith_inst_retired.4_flops:u	755	2900000	0
fp_arith_inst_retired.4_flops:u	756	2900000	0
fp_arith_inst_retired.4_flops:u	757	2900000	0
fp_arith_inst_retired.4_flops:u	758	2900000	0
fp_arith_inst_retired.4_flops:u	759	2900000	0
fp_arith_inst_retired.4_flops:u	760	2900000	0
fp_arith_inst_retired.4_flops:u	761	2900000	0
fp_arith_inst_retired.4_flops:u	762	2900000	0
fp_arith_inst_retired.4_flops:u	763	2900000	0
fp_arith_inst_retired.4_flops:u	764	2900000	0
fp_arith_inst_retired.4_flops:u	765	2900000	0
fp_arith_inst_retired.4_flops:u	766	2900000	0
fp_arith_inst_retired.4_flops:u	767	2900000	0
fp_arith_inst_retired.4_flops:u	768	2900000	0
fp_arith_inst_retired.4_flops:u	769	2900000	0
fp_arith_inst_retired.4_flops:u	770	2900000	0
fp_arith_inst_retired.4_flops:u	771	2900000	0
fp_arith_inst_retired.4_flops:u	772	2900000	0
fp_arith_inst_retired.4_flops:u	773	2900000	0
fp_arith_inst_retired.4_flops:u	774	2900000	0
fp_arith_inst_retired.4_flops:u	775	2900000	0
fp_arith_inst_retired.4_flops:u	776	2900000	0
fp_arith_inst_retired.4_flops:u	777	2900000	0
fp_arith_inst_retired.4_flops:u	778	2900000	0
fp_arith_inst_retired.4_flops:u	779	2900000	0
fp_arith_inst_retired.4_flops:u	780	2900000	0
fp_arith_inst_retired.4_flops:u	781	2900000	0
fp_arith_inst_retired.4_flops:u	782	2900000	0
fp_arith_inst_retired.4_flops:u	783	2900000	0
fp_arith_inst_retired.4_flops:u	784	2900000	0
fp_arith_inst_retired.4_flops:u	785	2900000	0
fp_arith_inst_retired.4_flops:u	786	2900000	0
fp_arith_inst_retired.4_flops:u	787	2900000	0
fp_arith_inst_retired.4_flops:u	788	2900000	0
fp_arith_inst_retired.4_flops:u	789	2900000	0
fp_arith_inst_retired.4_flops:u	790	2900000	0
fp_arith_inst_retired.4_flops:u	791	2900000	0
fp_arith_inst_retired.4_flops:u	792	2900000	0
fp_arith_inst_retired.4_flops:u	793	2900000	0
