event	round	count	exit
branch-instructions:u	1	9253443	0
branch-instructions:u	2	9253187	0
topdown-slots-retired:u	1	13131143110	0
topdown-slots-retired:u	2	13131224499	0
l2_rqsts.all_demand_references:u	1	1695077	0
l2_rqsts.all_demand_references:u	2	1748346	0
mem_inst_retired.lock_loads:u	1	1800000	0
mem_inst_retired.lock_loads:u	2	1800000	0
mem_inst_retired.lock_loads:u	3	1800000	0
mem_inst_retired.lock_loads:u	4	1800000	0
mem_inst_retired.lock_loads:u	5	1800000	0
mem_inst_retired.lock_loads:u	6	1800000	0
mem_inst_retired.lock_loads:u	7	1800000	0
mem_inst_retired.lock_loads:u	8	1800000	0
mem_inst_retired.lock_loads:u	9	1800000	0
mem_inst_retired.lock_loads:u	10	1800000	0
mem_inst_retired.lock_loads:u	11	1800000	0
mem_inst_retired.lock_loads:u	12	1800000	0
mem_inst_retired.lock_loads:u	13	1800000	0
mem_inst_retired.lock_loads:u	14	1800000	0
mem_inst_retired.lock_loads:u	15	1800000	0
mem_inst_retired.lock_loads:u	16	1800000	0
mem_inst_retired.lock_loads:u	17	1800000	0
mem_inst_retired.lock_loads:u	18	1800000	0
mem_inst_retired.lock_loads:u	19	1800000	0
mem_inst_retired.lock_loads:u	20	1800000	0
mem_inst_retired.lock_loads:u	21	1800000	0
mem_inst_retired.lock_loads:u	22	1800000	0
mem_inst_retired.lock_loads:u	23	1800000	0
mem_inst_retired.lock_loads:u	24	1800000	0
mem_inst_retired.lock_loads:u	25	1800000	0
mem_inst_retired.lock_loads:u	26	1800000	0
mem_inst_retired.lock_loads:u	27	1800000	0
mem_inst_retired.lock_loads:u	28	1800000	0
mem_inst_retired.lock_loads:u	29	1800000	0
mem_inst_retired.lock_loads:u	30	1800000	0
mem_inst_retired.lock_loads:u	31	1800000	0
mem_inst_retired.lock_loads:u	32	1800000	0
mem_inst_retired.lock_loads:u	33	1800000	0
mem_inst_retired.lock_loads:u	34	1800000	0
mem_inst_retired.lock_loads:u	35	1800000	0
mem_inst_retired.lock_loads:u	36	1800000	0
mem_inst_retired.lock_loads:u	37	1800000	0
mem_inst_retired.lock_loads:u	38	1800000	0
mem_inst_retired.lock_loads:u	39	1800000	0
mem_inst_retired.lock_loads:u	40	1800000	0
mem_inst_retired.lock_loads:u	41	1800000	0
mem_inst_retired.lock_loads:u	42	1800000	0
mem_inst_retired.lock_loads:u	43	1800000	0
mem_inst_retired.lock_loads:u	44	1800000	0
mem_inst_retired.lock_loads:u	45	1800000	0
mem_inst_retired.lock_loads:u	46	1800000	0
mem_inst_retired.lock_loads:u	47	1800000	0
mem_inst_retired.lock_loads:u	48	1800000	0
mem_inst_retired.lock_loads:u	49	1800000	0
mem_inst_retired.lock_loads:u	50	1800000	0
mem_inst_retired.lock_loads:u	51	1800000	0
mem_inst_retired.lock_loads:u	52	1800000	0
mem_inst_retired.lock_loads:u	53	1800000	0
mem_inst_retired.lock_loads:u	54	1800000	0
mem_inst_retired.lock_loads:u	55	1800000	0
mem_inst_retired.lock_loads:u	56	1800000	0
mem_inst_retired.lock_loads:u	57	1800000	0
mem_inst_retired.lock_loads:u	58	1800000	0
mem_inst_retired.lock_loads:u	59	1800000	0
mem_inst_retired.lock_loads:u	60	1800000	0
mem_inst_retired.lock_loads:u	61	1800000	0
mem_inst_retired.lock_loads:u	62	1800000	0
mem_inst_retired.lock_loads:u	63	1800000	0
mem_inst_retired.lock_loads:u	64	1800000	0
mem_inst_retired.lock_loads:u	65	1800000	0
mem_inst_retired.lock_loads:u	66	1800000	0
mem_inst_retired.lock_loads:u	67	1800000	0
mem_inst_retired.lock_loads:u	68	1800000	0
mem_inst_retired.lock_loads:u	69	1800000	0
mem_inst_retired.lock_loads:u	70	1800000	0
mem_inst_retired.lock_loads:u	71	1800000	0
mem_inst_retired.lock_loads:u	72	1800000	0
mem_inst_retired.lock_loads:u	73	1800000	0
mem_inst_retired.lock_loads:u	74	1800000	0
mem_inst_retired.lock_loads:u	75	1800000	0
mem_inst_retired.lock_loads:u	76	1800000	0
mem_inst_retired.lock_loads:u	77	1800000	0
mem_inst_retired.lock_loads:u	78	1800000	0
mem_inst_retired.lock_loads:u	79	1800000	0
mem_inst_retired.lock_loads:u	80	1800000	0
mem_inst_retired.lock_loads:u	81	1800000	0
mem_inst_retired.lock_loads:u	82	1800000	0
mem_inst_retired.lock_loads:u	83	1800000	0
mem_inst_retired.lock_loads:u	84	1800000	0
mem_inst_retired.lock_loads:u	85	1800000	0
mem_inst_retired.lock_loads:u	86	1800000	0
mem_inst_retired.lock_loads:u	87	1800000	0
mem_inst_retired.lock_loads:u	88	1800000	0
mem_inst_retired.lock_loads:u	89	1800000	0
mem_inst_retired.lock_loads:u	90	1800000	0
mem_inst_retired.lock_loads:u	91	1800000	0
mem_inst_retired.lock_loads:u	92	1800000	0
mem_inst_retired.lock_loads:u	93	1800000	0
mem_inst_retired.lock_loads:u	94	1800000	0
mem_inst_retired.lock_loads:u	95	1800000	0
mem_inst_retired.lock_loads:u	96	1800000	0
mem_inst_retired.lock_loads:u	97	1800000	0
mem_inst_retired.lock_loads:u	98	1800000	0
mem_inst_retired.lock_loads:u	99	1800000	0
mem_inst_retired.lock_loads:u	100	1800000	0
mem_inst_retired.lock_loads:u	101	1800000	0
mem_inst_retired.lock_loads:u	102	1800000	0
mem_inst_retired.lock_loads:u	103	1800000	0
mem_inst_retired.lock_loads:u	104	1800000	0
mem_inst_retired.lock_loads:u	105	1800000	0
mem_inst_retired.lock_loads:u	106	1800000	0
mem_inst_retired.lock_loads:u	107	1800000	0
mem_inst_retired.lock_loads:u	108	1800000	0
mem_inst_retired.lock_loads:u	109	1800000	0
mem_inst_retired.lock_loads:u	110	1800000	0
mem_inst_retired.lock_loads:u	111	1800000	0
mem_inst_retired.lock_loads:u	112	1800000	0
mem_inst_retired.lock_loads:u	113	1800000	0
mem_inst_retired.lock_loads:u	114	1800000	0
mem_inst_retired.lock_loads:u	115	1800000	0
mem_inst_retired.lock_loads:u	116	1800000	0
mem_inst_retired.lock_loads:u	117	1800000	0
mem_inst_retired.lock_loads:u	118	1800000	0
mem_inst_retired.lock_loads:u	119	1800000	0
mem_inst_retired.lock_loads:u	120	1800000	0
mem_inst_retired.lock_loads:u	121	1800000	0
mem_inst_retired.lock_loads:u	122	1800000	0
mem_inst_retired.lock_loads:u	123	1800000	0
mem_inst_retired.lock_loads:u	124	1800000	0
mem_inst_retired.lock_loads:u	125	1800000	0
mem_inst_retired.lock_loads:u	126	1800000	0
mem_inst_retired.lock_loads:u	127	1800000	0
mem_inst_retired.lock_loads:u	128	1800000	0
mem_inst_retired.lock_loads:u	129	1800000	0
mem_inst_retired.lock_loads:u	130	1800000	0
mem_inst_retired.lock_loads:u	131	1800000	0
mem_inst_retired.lock_loads:u	132	1800000	0
mem_inst_retired.lock_loads:u	133	1800000	0
mem_inst_retired.lock_loads:u	134	1800000	0
mem_inst_retired.lock_loads:u	135	1800000	0
mem_inst_retired.lock_loads:u	136	1800000	0
mem_inst_retired.lock_loads:u	137	1800000	0
mem_inst_retired.lock_loads:u	138	1800000	0
mem_inst_retired.lock_loads:u	139	1800000	0
mem_inst_retired.lock_loads:u	140	1800000	0
mem_inst_retired.lock_loads:u	141	1800000	0
mem_inst_retired.lock_loads:u	142	1800000	0
mem_inst_retired.lock_loads:u	143	1800000	0
mem_inst_retired.lock_loads:u	144	1800000	0
mem_inst_retired.lock_loads:u	145	1800000	0
mem_inst_retired.lock_loads:u	146	1800000	0
mem_inst_retired.lock_loads:u	147	1800000	0
mem_inst_retired.lock_loads:u	148	1800000	0
mem_inst_retired.lock_loads:u	149	1800000	0
mem_inst_retired.lock_loads:u	150	1800000	0
mem_inst_retired.lock_loads:u	151	1800000	0
mem_inst_retired.lock_loads:u	152	1800000	0
mem_inst_retired.lock_loads:u	153	1800000	0
mem_inst_retired.lock_loads:u	154	1800000	0
mem_inst_retired.lock_loads:u	155	1800000	0
mem_inst_retired.lock_loads:u	156	1800000	0
mem_inst_retired.lock_loads:u	157	1800000	0
mem_inst_retired.lock_loads:u	158	1800000	0
mem_inst_retired.lock_loads:u	159	1800000	0
mem_inst_retired.lock_loads:u	160	1800000	0
mem_inst_retired.lock_loads:u	161	1800000	0
mem_inst_retired.lock_loads:u	162	1800000	0
mem_inst_retired.lock_loads:u	163	1800000	0
mem_inst_retired.lock_loads:u	164	1800000	0
mem_inst_retired.lock_loads:u	165	1800000	0
mem_inst_retired.lock_loads:u	166	1800000	0
mem_inst_retired.lock_loads:u	167	1800000	0
mem_inst_retired.lock_loads:u	168	1800000	0
mem_inst_retired.lock_loads:u	169	1800000	0
mem_inst_retired.lock_loads:u	170	1800000	0
mem_inst_retired.lock_loads:u	171	1800000	0
mem_inst_retired.lock_loads:u	172	1800000	0
mem_inst_retired.lock_loads:u	173	1800000	0
mem_inst_retired.lock_loads:u	174	1800000	0
mem_inst_retired.lock_loads:u	175	1800000	0
mem_inst_retired.lock_loads:u	176	1800000	0
mem_inst_retired.lock_loads:u	177	1800000	0
mem_inst_retired.lock_loads:u	178	1800000	0
mem_inst_retired.lock_loads:u	179	1800000	0
mem_inst_retired.lock_loads:u	180	1800000	0
mem_inst_retired.lock_loads:u	181	1800000	0
mem_inst_retired.lock_loads:u	182	1800000	0
mem_inst_retired.lock_loads:u	183	1800000	0
mem_inst_retired.lock_loads:u	184	1800000	0
mem_inst_retired.lock_loads:u	185	1800000	0
mem_inst_retired.lock_loads:u	186	1800000	0
mem_inst_retired.lock_loads:u	187	1800000	0
mem_inst_retired.lock_loads:u	188	1800000	0
mem_inst_retired.lock_loads:u	189	1800000	0
mem_inst_retired.lock_loads:u	190	1800000	0
mem_inst_retired.lock_loads:u	191	1800000	0
mem_inst_retired.lock_loads:u	192	1800000	0
mem_inst_retired.lock_loads:u	193	1800000	0
mem_inst_retired.lock_loads:u	194	1800000	0
mem_inst_retired.lock_loads:u	195	1800000	0
mem_inst_retired.lock_loads:u	196	1800000	0
mem_inst_retired.lock_loads:u	197	1800000	0
mem_inst_retired.lock_loads:u	198	1800000	0
mem_inst_retired.lock_loads:u	199	1800000	0
mem_inst_retired.lock_loads:u	200	1800000	0
mem_inst_retired.lock_loads:u	201	1800000	0
mem_inst_retired.lock_loads:u	202	1800000	0
mem_inst_retired.lock_loads:u	203	1800000	0
mem_inst_retired.lock_loads:u	204	1800000	0
mem_inst_retired.lock_loads:u	205	1800000	0
mem_inst_retired.lock_loads:u	206	1800000	0
mem_inst_retired.lock_loads:u	207	1800000	0
mem_inst_retired.lock_loads:u	208	1800000	0
mem_inst_retired.lock_loads:u	209	1800000	0
mem_inst_retired.lock_loads:u	210	1800000	0
mem_inst_retired.lock_loads:u	211	1800000	0
mem_inst_retired.lock_loads:u	212	1800000	0
mem_inst_retired.lock_loads:u	213	1800000	0
mem_inst_retired.lock_loads:u	214	1800000	0
mem_inst_retired.lock_loads:u	215	1800000	0
mem_inst_retired.lock_loads:u	216	1800000	0
mem_inst_retired.lock_loads:u	217	1800000	0
mem_inst_retired.lock_loads:u	218	1800000	0
mem_inst_retired.lock_loads:u	219	1800000	0
mem_inst_retired.lock_loads:u	220	1800000	0
mem_inst_retired.lock_loads:u	221	1800000	0
mem_inst_retired.lock_loads:u	222	1800000	0
mem_inst_retired.lock_loads:u	223	1800000	0
mem_inst_retired.lock_loads:u	224	1800000	0
mem_inst_retired.lock_loads:u	225	1800000	0
mem_inst_retired.lock_loads:u	226	1800000	0
mem_inst_retired.lock_loads:u	227	1800000	0
mem_inst_retired.lock_loads:u	228	1800000	0
mem_inst_retired.lock_loads:u	229	1800000	0
mem_inst_retired.lock_loads:u	230	1800000	0
mem_inst_retired.lock_loads:u	231	1800000	0
mem_inst_retired.lock_loads:u	232	1800000	0
mem_inst_retired.lock_loads:u	233	1800000	0
mem_inst_retired.lock_loads:u	234	1800000	0
mem_inst_retired.lock_loads:u	235	1800000	0
mem_inst_retired.lock_loads:u	236	1800000	0
mem_inst_retired.lock_loads:u	237	1800000	0
mem_inst_retired.lock_loads:u	238	1800000	0
mem_inst_retired.lock_loads:u	239	1800000	0
mem_inst_retired.lock_loads:u	240	1800000	0
mem_inst_retired.lock_loads:u	241	1800000	0
mem_inst_retired.lock_loads:u	242	1800000	0
mem_inst_retired.lock_loads:u	243	1800000	0
mem_inst_retired.lock_loads:u	244	1800000	0
mem_inst_retired.lock_loads:u	245	1800000	0
mem_inst_retired.lock_loads:u	246	1800000	0
mem_inst_retired.lock_loads:u	247	1800000	0
mem_inst_retired.lock_loads:u	248	1800000	0
mem_inst_retired.lock_loads:u	249	1800000	0
mem_inst_retired.lock_loads:u	250	1800000	0
mem_inst_retired.lock_loads:u	251	1800000	0
mem_inst_retired.lock_loads:u	252	1800000	0
mem_inst_retired.lock_loads:u	253	1800000	0
mem_inst_retired.lock_loads:u	254	1800000	0
mem_inst_retired.lock_loads:u	255	1800000	0
mem_inst_retired.lock_loads:u	256	1800000	0
mem_inst_retired.lock_loads:u	257	1800000	0
mem_inst_retired.lock_loads:u	258	1800000	0
mem_inst_retired.lock_loads:u	259	1800000	0
mem_inst_retired.lock_loads:u	260	1800000	0
mem_inst_retired.lock_loads:u	261	1800000	0
mem_inst_retired.lock_loads:u	262	1800000	0
mem_inst_retired.lock_loads:u	263	1800000	0
mem_inst_retired.lock_loads:u	264	1800000	0
mem_inst_retired.lock_loads:u	265	1800000	0
mem_inst_retired.lock_loads:u	266	1800000	0
mem_inst_retired.lock_loads:u	267	1800000	0
mem_inst_retired.lock_loads:u	268	1800000	0
mem_inst_retired.lock_loads:u	269	1800000	0
mem_inst_retired.lock_loads:u	270	1800000	0
mem_inst_retired.lock_loads:u	271	1800000	0
mem_inst_retired.lock_loads:u	272	1800000	0
mem_inst_retired.lock_loads:u	273	1800000	0
mem_inst_retired.lock_loads:u	274	1800000	0
mem_inst_retired.lock_loads:u	275	1800000	0
mem_inst_retired.lock_loads:u	276	1800000	0
mem_inst_retired.lock_loads:u	277	1800000	0
mem_inst_retired.lock_loads:u	278	1800000	0
mem_inst_retired.lock_loads:u	279	1800000	0
mem_inst_retired.lock_loads:u	280	1800000	0
mem_inst_retired.lock_loads:u	281	1800000	0
mem_inst_retired.lock_loads:u	282	1800000	0
mem_inst_retired.lock_loads:u	283	1800000	0
mem_inst_retired.lock_loads:u	284	1800000	0
mem_inst_retired.lock_loads:u	285	1800000	0
mem_inst_retired.lock_loads:u	286	1800000	0
mem_inst_retired.lock_loads:u	287	1800000	0
mem_inst_retired.lock_loads:u	288	1800000	0
mem_inst_retired.lock_loads:u	289	1800000	0
mem_inst_retired.lock_loads:u	290	1800000	0
mem_inst_retired.lock_loads:u	291	1800000	0
mem_inst_retired.lock_loads:u	292	1800000	0
mem_inst_retired.lock_loads:u	293	1800000	0
mem_inst_retired.lock_loads:u	294	1800000	0
mem_inst_retired.lock_loads:u	295	1800000	0
mem_inst_retired.lock_loads:u	296	1800000	0
mem_inst_retired.lock_loads:u	297	1800000	0
mem_inst_retired.lock_loads:u	298	1800000	0
mem_inst_retired.lock_loads:u	299	1800000	0
mem_inst_retired.lock_loads:u	300	1800000	0
mem_inst_retired.lock_loads:u	301	1800000	0
mem_inst_retired.lock_loads:u	302	1800000	0
mem_inst_retired.lock_loads:u	303	1800000	0
mem_inst_retired.lock_loads:u	304	1800000	0
mem_inst_retired.lock_loads:u	305	1800000	0
mem_inst_retired.lock_loads:u	306	1800000	0
mem_inst_retired.lock_loads:u	307	1800000	0
mem_inst_retired.lock_loads:u	308	1800000	0
mem_inst_retired.lock_loads:u	309	1800000	0
mem_inst_retired.lock_loads:u	310	1800000	0
mem_inst_retired.lock_loads:u	311	1800000	0
mem_inst_retired.lock_loads:u	312	1800000	0
mem_inst_retired.lock_loads:u	313	1800000	0
mem_inst_retired.lock_loads:u	314	1800000	0
mem_inst_retired.lock_loads:u	315	1800000	0
mem_inst_retired.lock_loads:u	316	1800000	0
mem_inst_retired.lock_loads:u	317	1800000	0
mem_inst_retired.lock_loads:u	318	1800000	0
mem_inst_retired.lock_loads:u	319	1800000	0
mem_inst_retired.lock_loads:u	320	1800000	0
mem_inst_retired.lock_loads:u	321	1800000	0
mem_inst_retired.lock_loads:u	322	1800000	0
mem_inst_retired.lock_loads:u	323	1800000	0
mem_inst_retired.lock_loads:u	324	1800000	0
mem_inst_retired.lock_loads:u	325	1800000	0
mem_inst_retired.lock_loads:u	326	1800000	0
mem_inst_retired.lock_loads:u	327	1800000	0
mem_inst_retired.lock_loads:u	328	1800000	0
mem_inst_retired.lock_loads:u	329	1800000	0
mem_inst_retired.lock_loads:u	330	1800000	0
mem_inst_retired.lock_loads:u	331	1800000	0
mem_inst_retired.lock_loads:u	332	1800000	0
mem_inst_retired.lock_loads:u	333	1800000	0
mem_inst_retired.lock_loads:u	334	1800000	0
mem_inst_retired.lock_loads:u	335	1800000	0
mem_inst_retired.lock_loads:u	336	1800000	0
mem_inst_retired.lock_loads:u	337	1800000	0
mem_inst_retired.lock_loads:u	338	1800000	0
mem_inst_retired.lock_loads:u	339	1800000	0
mem_inst_retired.lock_loads:u	340	1800000	0
mem_inst_retired.lock_loads:u	341	1800000	0
mem_inst_retired.lock_loads:u	342	1800000	0
mem_inst_retired.lock_loads:u	343	1800000	0
mem_inst_retired.lock_loads:u	344	1800000	0
mem_inst_retired.lock_loads:u	345	1800000	0
mem_inst_retired.lock_loads:u	346	1800000	0
mem_inst_retired.lock_loads:u	347	1800000	0
mem_inst_retired.lock_loads:u	348	1800000	0
mem_inst_retired.lock_loads:u	349	1800000	0
mem_inst_retired.lock_loads:u	350	1800000	0
mem_inst_retired.lock_loads:u	351	1800000	0
mem_inst_retired.lock_loads:u	352	1800000	0
mem_inst_retired.lock_loads:u	353	1800000	0
mem_inst_retired.lock_loads:u	354	1800000	0
mem_inst_retired.lock_loads:u	355	1800000	0
mem_inst_retired.lock_loads:u	356	1800000	0
mem_inst_retired.lock_loads:u	357	1800000	0
mem_inst_retired.lock_loads:u	358	1800000	0
mem_inst_retired.lock_loads:u	359	1800000	0
mem_inst_retired.lock_loads:u	360	1800000	0
mem_inst_retired.lock_loads:u	361	1800000	0
mem_inst_retired.lock_loads:u	362	1800000	0
mem_inst_retired.lock_loads:u	363	1800000	0
mem_inst_retired.lock_loads:u	364	1800000	0
mem_inst_retired.lock_loads:u	365	1800000	0
mem_inst_retired.lock_loads:u	366	1800000	0
mem_inst_retired.lock_loads:u	367	1800000	0
mem_inst_retired.lock_loads:u	368	1800000	0
mem_inst_retired.lock_loads:u	369	1800000	0
mem_inst_retired.lock_loads:u	370	1800000	0
mem_inst_retired.lock_loads:u	371	1800000	0
mem_inst_retired.lock_loads:u	372	1800000	0
mem_inst_retired.lock_loads:u	373	1800000	0
mem_inst_retired.lock_loads:u	374	1800000	0
mem_inst_retired.lock_loads:u	375	1800000	0
mem_inst_retired.lock_loads:u	376	1800000	0
mem_inst_retired.lock_loads:u	377	1800000	0
mem_inst_retired.lock_loads:u	378	1800000	0
mem_inst_retired.lock_loads:u	379	1800000	0
mem_inst_retired.lock_loads:u	380	1800000	0
mem_inst_retired.lock_loads:u	381	1800000	0
mem_inst_retired.lock_loads:u	382	1800000	0
mem_inst_retired.lock_loads:u	383	1800000	0
mem_inst_retired.lock_loads:u	384	1800000	0
mem_inst_retired.lock_loads:u	385	1800000	0
mem_inst_retired.lock_loads:u	386	1800000	0
mem_inst_retired.lock_loads:u	387	1800000	0
mem_inst_retired.lock_loads:u	388	1800000	0
mem_inst_retired.lock_loads:u	389	1800000	0
mem_inst_retired.lock_loads:u	390	1800000	0
mem_inst_retired.lock_loads:u	391	1800000	0
mem_inst_retired.lock_loads:u	392	1800000	0
mem_inst_retired.lock_loads:u	393	1800000	0
mem_inst_retired.lock_loads:u	394	1800000	0
mem_inst_retired.lock_loads:u	395	1800000	0
mem_inst_retired.lock_loads:u	396	1800000	0
mem_inst_retired.lock_loads:u	397	1800000	0
mem_inst_retired.lock_loads:u	398	1800000	0
mem_inst_retired.lock_loads:u	399	1800000	0
mem_inst_retired.lock_loads:u	400	1800000	0
mem_inst_retired.lock_loads:u	401	1800000	0
mem_inst_retired.lock_loads:u	402	1800000	0
mem_inst_retired.lock_loads:u	403	1800000	0
mem_inst_retired.lock_loads:u	404	1800000	0
mem_inst_retired.lock_loads:u	405	1800000	0
mem_inst_retired.lock_loads:u	406	1800000	0
mem_inst_retired.lock_loads:u	407	1800000	0
mem_inst_retired.lock_loads:u	408	1800000	0
mem_inst_retired.lock_loads:u	409	1800000	0
mem_inst_retired.lock_loads:u	410	1800000	0
mem_inst_retired.lock_loads:u	411	1800000	0
mem_inst_retired.lock_loads:u	412	1800000	0
mem_inst_retired.lock_loads:u	413	1800000	0
mem_inst_retired.lock_loads:u	414	1800000	0
mem_inst_retired.lock_loads:u	415	1800000	0
mem_inst_retired.lock_loads:u	416	1800000	0
mem_inst_retired.lock_loads:u	417	1800000	0
mem_inst_retired.lock_loads:u	418	1800000	0
mem_inst_retired.lock_loads:u	419	1800000	0
mem_inst_retired.lock_loads:u	420	1800000	0
mem_inst_retired.lock_loads:u	421	1800000	0
mem_inst_retired.lock_loads:u	422	1800000	0
mem_inst_retired.lock_loads:u	423	1800000	0
mem_inst_retired.lock_loads:u	424	1800000	0
mem_inst_retired.lock_loads:u	425	1800000	0
mem_inst_retired.lock_loads:u	426	1800000	0
mem_inst_retired.lock_loads:u	427	1800000	0
mem_inst_retired.lock_loads:u	428	1800000	0
mem_inst_retired.lock_loads:u	429	1800000	0
mem_inst_retired.lock_loads:u	430	1800000	0
mem_inst_retired.lock_loads:u	431	1800000	0
mem_inst_retired.lock_loads:u	432	1800000	0
mem_inst_retired.lock_loads:u	433	1800000	0
mem_inst_retired.lock_loads:u	434	1800000	0
mem_inst_retired.lock_loads:u	435	1800000	0
mem_inst_retired.lock_loads:u	436	1800000	0
mem_inst_retired.lock_loads:u	437	1800000	0
mem_inst_retired.lock_loads:u	438	1800000	0
mem_inst_retired.lock_loads:u	439	1800000	0
mem_inst_retired.lock_loads:u	440	1800000	0
mem_inst_retired.lock_loads:u	441	1800000	0
mem_inst_retired.lock_loads:u	442	1800000	0
mem_inst_retired.lock_loads:u	443	1800000	0
mem_inst_retired.lock_loads:u	444	1800000	0
mem_inst_retired.lock_loads:u	445	1800000	0
mem_inst_retired.lock_loads:u	446	1800000	0
mem_inst_retired.lock_loads:u	447	1800000	0
mem_inst_retired.lock_loads:u	448	1800000	0
mem_inst_retired.lock_loads:u	449	1800000	0
mem_inst_retired.lock_loads:u	450	1800000	0
mem_inst_retired.lock_loads:u	451	1800000	0
mem_inst_retired.lock_loads:u	452	1800000	0
mem_inst_retired.lock_loads:u	453	1800000	0
mem_inst_retired.lock_loads:u	454	1800000	0
mem_inst_retired.lock_loads:u	455	1800000	0
mem_inst_retired.lock_loads:u	456	1800000	0
mem_inst_retired.lock_loads:u	457	1800000	0
mem_inst_retired.lock_loads:u	458	1800000	0
mem_inst_retired.lock_loads:u	459	1800000	0
mem_inst_retired.lock_loads:u	460	1800000	0
mem_inst_retired.lock_loads:u	461	1800000	0
mem_inst_retired.lock_loads:u	462	1800000	0
mem_inst_retired.lock_loads:u	463	1800000	0
mem_inst_retired.lock_loads:u	464	1800000	0
mem_inst_retired.lock_loads:u	465	1800000	0
mem_inst_retired.lock_loads:u	466	1800000	0
mem_inst_retired.lock_loads:u	467	1800000	0
mem_inst_retired.lock_loads:u	468	1800000	0
mem_inst_retired.lock_loads:u	469	1800000	0
mem_inst_retired.lock_loads:u	470	1800000	0
mem_inst_retired.lock_loads:u	471	1800000	0
mem_inst_retired.lock_loads:u	472	1800000	0
mem_inst_retired.lock_loads:u	473	1800000	0
mem_inst_retired.lock_loads:u	474	1800000	0
mem_inst_retired.lock_loads:u	475	1800000	0
mem_inst_retired.lock_loads:u	476	1800000	0
mem_inst_retired.lock_loads:u	477	1800000	0
mem_inst_retired.lock_loads:u	478	1800000	0
mem_inst_retired.lock_loads:u	479	1800000	0
mem_inst_retired.lock_loads:u	480	1800000	0
mem_inst_retired.lock_loads:u	481	1800000	0
mem_inst_retired.lock_loads:u	482	1800000	0
mem_inst_retired.lock_loads:u	483	1800000	0
mem_inst_retired.lock_loads:u	484	1800000	0
mem_inst_retired.lock_loads:u	485	1800000	0
mem_inst_retired.lock_loads:u	486	1800000	0
mem_inst_retired.lock_loads:u	487	1800000	0
mem_inst_retired.lock_loads:u	488	1800000	0
mem_inst_retired.lock_loads:u	489	1800000	0
mem_inst_retired.lock_loads:u	490	1800000	0
mem_inst_retired.lock_loads:u	491	1800000	0
mem_inst_retired.lock_loads:u	492	1800000	0
mem_inst_retired.lock_loads:u	493	1800000	0
mem_inst_retired.lock_loads:u	494	1800000	0
mem_inst_retired.lock_loads:u	495	1800000	0
mem_inst_retired.lock_loads:u	496	1800000	0
mem_inst_retired.lock_loads:u	497	1800000	0
mem_inst_retired.lock_loads:u	498	1800000	0
mem_inst_retired.lock_loads:u	499	1800000	0
mem_inst_retired.lock_loads:u	500	1800000	0
mem_inst_retired.lock_loads:u	501	1800000	0
mem_inst_retired.lock_loads:u	502	1800000	0
mem_inst_retired.lock_loads:u	503	1800000	0
mem_inst_retired.lock_loads:u	504	1800000	0
mem_inst_retired.lock_loads:u	505	1800000	0
mem_inst_retired.lock_loads:u	506	1800000	0
mem_inst_retired.lock_loads:u	507	1800000	0
mem_inst_retired.lock_loads:u	508	1800000	0
mem_inst_retired.lock_loads:u	509	1800000	0
mem_inst_retired.lock_loads:u	510	1800000	0
mem_inst_retired.lock_loads:u	511	1800000	0
mem_inst_retired.lock_loads:u	512	1800000	0
mem_inst_retired.lock_loads:u	513	1800000	0
mem_inst_retired.lock_loads:u	514	1800000	0
mem_inst_retired.lock_loads:u	515	1800000	0
mem_inst_retired.lock_loads:u	516	1800000	0
mem_inst_retired.lock_loads:u	517	1800000	0
mem_inst_retired.lock_loads:u	518	1800000	0
mem_inst_retired.lock_loads:u	519	1800000	0
mem_inst_retired.lock_loads:u	520	1800000	0
mem_inst_retired.lock_loads:u	521	1800000	0
mem_inst_retired.lock_loads:u	522	1800000	0
mem_inst_retired.lock_loads:u	523	1800000	0
mem_inst_retired.lock_loads:u	524	1800000	0
mem_inst_retired.lock_loads:u	525	1800000	0
mem_inst_retired.lock_loads:u	526	1800000	0
mem_inst_retired.lock_loads:u	527	1800000	0
mem_inst_retired.lock_loads:u	528	1800000	0
mem_inst_retired.lock_loads:u	529	1800000	0
mem_inst_retired.lock_loads:u	530	1800000	0
mem_inst_retired.lock_loads:u	531	1800000	0
mem_inst_retired.lock_loads:u	532	1800000	0
mem_inst_retired.lock_loads:u	533	1800000	0
mem_inst_retired.lock_loads:u	534	1800000	0
mem_inst_retired.lock_loads:u	535	1800000	0
mem_inst_retired.lock_loads:u	536	1800000	0
mem_inst_retired.lock_loads:u	537	1800000	0
mem_inst_retired.lock_loads:u	538	1800000	0
mem_inst_retired.lock_loads:u	539	1800000	0
mem_inst_retired.lock_loads:u	540	1800000	0
mem_inst_retired.lock_loads:u	541	1800000	0
mem_inst_retired.lock_loads:u	542	1800000	0
mem_inst_retired.lock_loads:u	543	1800000	0
mem_inst_retired.lock_loads:u	544	1800000	0
mem_inst_retired.lock_loads:u	545	1800000	0
mem_inst_retired.lock_loads:u	546	1800000	0
mem_inst_retired.lock_loads:u	547	1800000	0
mem_inst_retired.lock_loads:u	548	1800000	0
mem_inst_retired.lock_loads:u	549	1800000	0
mem_inst_retired.lock_loads:u	550	1800000	0
mem_inst_retired.lock_loads:u	551	1800000	0
mem_inst_retired.lock_loads:u	552	1800000	0
mem_inst_retired.lock_loads:u	553	1800000	0
mem_inst_retired.lock_loads:u	554	1800000	0
mem_inst_retired.lock_loads:u	555	1800000	0
mem_inst_retired.lock_loads:u	556	1800000	0
mem_inst_retired.lock_loads:u	557	1800000	0
mem_inst_retired.lock_loads:u	558	1800000	0
mem_inst_retired.lock_loads:u	559	1800000	0
mem_inst_retired.lock_loads:u	560	1800000	0
mem_inst_retired.lock_loads:u	561	1800000	0
mem_inst_retired.lock_loads:u	562	1800000	0
mem_inst_retired.lock_loads:u	563	1800000	0
mem_inst_retired.lock_loads:u	564	1800000	0
mem_inst_retired.lock_loads:u	565	1800000	0
mem_inst_retired.lock_loads:u	566	1800000	0
mem_inst_retired.lock_loads:u	567	1800000	0
mem_inst_retired.lock_loads:u	568	1800000	0
mem_inst_retired.lock_loads:u	569	1800000	0
mem_inst_retired.lock_loads:u	570	1800000	0
mem_inst_retired.lock_loads:u	571	1800000	0
mem_inst_retired.lock_loads:u	572	1800000	0
mem_inst_retired.lock_loads:u	573	1800000	0
mem_inst_retired.lock_loads:u	574	1800000	0
mem_inst_retired.lock_loads:u	575	1800000	0
mem_inst_retired.lock_loads:u	576	1800000	0
mem_inst_retired.lock_loads:u	577	1800000	0
mem_inst_retired.lock_loads:u	578	1800000	0
mem_inst_retired.lock_loads:u	579	1800000	0
mem_inst_retired.lock_loads:u	580	1800000	0
mem_inst_retired.lock_loads:u	581	1800000	0
mem_inst_retired.lock_loads:u	582	1800000	0
mem_inst_retired.lock_loads:u	583	1800000	0
mem_inst_retired.lock_loads:u	584	1800000	0
mem_inst_retired.lock_loads:u	585	1800000	0
mem_inst_retired.lock_loads:u	586	1800000	0
mem_inst_retired.lock_loads:u	587	1800000	0
mem_inst_retired.lock_loads:u	588	1800000	0
mem_inst_retired.lock_loads:u	589	1800000	0
mem_inst_retired.lock_loads:u	590	1800000	0
mem_inst_retired.lock_loads:u	591	1800000	0
mem_inst_retired.lock_loads:u	592	1800000	0
mem_inst_retired.lock_loads:u	593	1800000	0
mem_inst_retired.lock_loads:u	594	1800000	0
mem_inst_retired.lock_loads:u	595	1800000	0
mem_inst_retired.lock_loads:u	596	1800000	0
mem_inst_retired.lock_loads:u	597	1800000	0
mem_inst_retired.lock_loads:u	598	1800000	0
mem_inst_retired.lock_loads:u	599	1800000	0
mem_inst_retired.lock_loads:u	600	1800000	0
mem_inst_retired.lock_loads:u	601	1800000	0
mem_inst_retired.lock_loads:u	602	1800000	0
mem_inst_retired.lock_loads:u	603	1800000	0
mem_inst_retired.lock_loads:u	604	1800000	0
mem_inst_retired.lock_loads:u	605	1800000	0
mem_inst_retired.lock_loads:u	606	1800000	0
mem_inst_retired.lock_loads:u	607	1800000	0
mem_inst_retired.lock_loads:u	608	1800000	0
mem_inst_retired.lock_loads:u	609	1800000	0
mem_inst_retired.lock_loads:u	610	1800000	0
mem_inst_retired.lock_loads:u	611	1800000	0
mem_inst_retired.lock_loads:u	612	1800000	0
mem_inst_retired.lock_loads:u	613	1800000	0
mem_inst_retired.lock_loads:u	614	1800000	0
mem_inst_retired.lock_loads:u	615	1800000	0
mem_inst_retired.lock_loads:u	616	1800000	0
mem_inst_retired.lock_loads:u	617	1800000	0
mem_inst_retired.lock_loads:u	618	1800000	0
mem_inst_retired.lock_loads:u	619	1800000	0
mem_inst_retired.lock_loads:u	620	1800000	0
mem_inst_retired.lock_loads:u	621	1800000	0
mem_inst_retired.lock_loads:u	622	1800000	0
mem_inst_retired.lock_loads:u	623	1800000	0
mem_inst_retired.lock_loads:u	624	1800000	0
mem_inst_retired.lock_loads:u	625	1800000	0
mem_inst_retired.lock_loads:u	626	1800000	0
mem_inst_retired.lock_loads:u	627	1800000	0
mem_inst_retired.lock_loads:u	628	1800000	0
mem_inst_retired.lock_loads:u	629	1800000	0
mem_inst_retired.lock_loads:u	630	1800000	0
mem_inst_retired.lock_loads:u	631	1800000	0
mem_inst_retired.lock_loads:u	632	1800000	0
mem_inst_retired.lock_loads:u	633	1800000	0
mem_inst_retired.lock_loads:u	634	1800000	0
mem_inst_retired.lock_loads:u	635	1800000	0
mem_inst_retired.lock_loads:u	636	1800000	0
mem_inst_retired.lock_loads:u	637	1800000	0
mem_inst_retired.lock_loads:u	638	1800000	0
mem_inst_retired.lock_loads:u	639	1800000	0
mem_inst_retired.lock_loads:u	640	1800000	0
mem_inst_retired.lock_loads:u	641	1800000	0
mem_inst_retired.lock_loads:u	642	1800000	0
mem_inst_retired.lock_loads:u	643	1800000	0
mem_inst_retired.lock_loads:u	644	1800000	0
mem_inst_retired.lock_loads:u	645	1800000	0
mem_inst_retired.lock_loads:u	646	1800000	0
mem_inst_retired.lock_loads:u	647	1800000	0
mem_inst_retired.lock_loads:u	648	1800000	0
mem_inst_retired.lock_loads:u	649	1800000	0
mem_inst_retired.lock_loads:u	650	1800000	0
mem_inst_retired.lock_loads:u	651	1800000	0
mem_inst_retired.lock_loads:u	652	1800000	0
mem_inst_retired.lock_loads:u	653	1800000	0
mem_inst_retired.lock_loads:u	654	1800000	0
mem_inst_retired.lock_loads:u	655	1800000	0
mem_inst_retired.lock_loads:u	656	1800000	0
mem_inst_retired.lock_loads:u	657	1800000	0
mem_inst_retired.lock_loads:u	658	1800000	0
mem_inst_retired.lock_loads:u	659	1800000	0
mem_inst_retired.lock_loads:u	660	1800000	0
mem_inst_retired.lock_loads:u	661	1800000	0
mem_inst_retired.lock_loads:u	662	1800000	0
mem_inst_retired.lock_loads:u	663	1800000	0
mem_inst_retired.lock_loads:u	664	1800000	0
mem_inst_retired.lock_loads:u	665	1800000	0
mem_inst_retired.lock_loads:u	666	1800000	0
mem_inst_retired.lock_loads:u	667	1800000	0
mem_inst_retired.lock_loads:u	668	1800000	0
mem_inst_retired.lock_loads:u	669	1800000	0
mem_inst_retired.lock_loads:u	670	1800000	0
mem_inst_retired.lock_loads:u	671	1800000	0
mem_inst_retired.lock_loads:u	672	1800000	0
mem_inst_retired.lock_loads:u	673	1800000	0
mem_inst_retired.lock_loads:u	674	1800000	0
mem_inst_retired.lock_loads:u	675	1800000	0
mem_inst_retired.lock_loads:u	676	1800000	0
mem_inst_retired.lock_loads:u	677	1800000	0
mem_inst_retired.lock_loads:u	678	1800000	0
mem_inst_retired.lock_loads:u	679	1800000	0
mem_inst_retired.lock_loads:u	680	1800000	0
mem_inst_retired.lock_loads:u	681	1800000	0
mem_inst_retired.lock_loads:u	682	1800000	0
mem_inst_retired.lock_loads:u	683	1800000	0
mem_inst_retired.lock_loads:u	684	1800000	0
mem_inst_retired.lock_loads:u	685	1800000	0
mem_inst_retired.lock_loads:u	686	1800000	0
mem_inst_retired.lock_loads:u	687	1800000	0
mem_inst_retired.lock_loads:u	688	1800000	0
mem_inst_retired.lock_loads:u	689	1800000	0
mem_inst_retired.lock_loads:u	690	1800000	0
mem_inst_retired.lock_loads:u	691	1800000	0
mem_inst_retired.lock_loads:u	692	1800000	0
mem_inst_retired.lock_loads:u	693	1800000	0
mem_inst_retired.lock_loads:u	694	1800000	0
mem_inst_retired.lock_loads:u	695	1800000	0
mem_inst_retired.lock_loads:u	696	1800000	0
mem_inst_retired.lock_loads:u	697	1800000	0
mem_inst_retired.lock_loads:u	698	1800000	0
mem_inst_retired.lock_loads:u	699	1800000	0
mem_inst_retired.lock_loads:u	700	1800000	0
mem_inst_retired.lock_loads:u	701	1800000	0
mem_inst_retired.lock_loads:u	702	1800000	0
mem_inst_retired.lock_loads:u	703	1800000	0
mem_inst_retired.lock_loads:u	704	1800000	0
mem_inst_retired.lock_loads:u	705	1800000	0
mem_inst_retired.lock_loads:u	706	1800000	0
mem_inst_retired.lock_loads:u	707	1800000	0
mem_inst_retired.lock_loads:u	708	1800000	0
mem_inst_retired.lock_loads:u	709	1800000	0
mem_inst_retired.lock_loads:u	710	1800000	0
mem_inst_retired.lock_loads:u	711	1800000	0
mem_inst_retired.lock_loads:u	712	1800000	0
mem_inst_retired.lock_loads:u	713	1800000	0
mem_inst_retired.lock_loads:u	714	1800000	0
mem_inst_retired.lock_loads:u	715	1800000	0
mem_inst_retired.lock_loads:u	716	1800000	0
mem_inst_retired.lock_loads:u	717	1800000	0
mem_inst_retired.lock_loads:u	718	1800000	0
mem_inst_retired.lock_loads:u	719	1800000	0
mem_inst_retired.lock_loads:u	720	1800000	0
mem_inst_retired.lock_loads:u	721	1800000	0
mem_inst_retired.lock_loads:u	722	1800000	0
mem_inst_retired.lock_loads:u	723	1800000	0
mem_inst_retired.lock_loads:u	724	1800000	0
mem_inst_retired.lock_loads:u	725	1800000	0
mem_inst_retired.lock_loads:u	726	1800000	0
mem_inst_retired.lock_loads:u	727	1800000	0
mem_inst_retired.lock_loads:u	728	1800000	0
mem_inst_retired.lock_loads:u	729	1800000	0
mem_inst_retired.lock_loads:u	730	1800000	0
mem_inst_retired.lock_loads:u	731	1800000	0
mem_inst_retired.lock_loads:u	732	1800000	0
mem_inst_retired.lock_loads:u	733	1800000	0
mem_inst_retired.lock_loads:u	734	1800000	0
mem_inst_retired.lock_loads:u	735	1800000	0
mem_inst_retired.lock_loads:u	736	1800000	0
mem_inst_retired.lock_loads:u	737	1800000	0
mem_inst_retired.lock_loads:u	738	1800000	0
mem_inst_retired.lock_loads:u	739	1800000	0
mem_inst_retired.lock_loads:u	740	1800000	0
mem_inst_retired.lock_loads:u	741	1800000	0
mem_inst_retired.lock_loads:u	742	1800000	0
mem_inst_retired.lock_loads:u	743	1800000	0
mem_inst_retired.lock_loads:u	744	1800000	0
mem_inst_retired.lock_loads:u	745	1800000	0
mem_inst_retired.lock_loads:u	746	1800000	0
mem_inst_retired.lock_loads:u	747	1800000	0
mem_inst_retired.lock_loads:u	748	1800000	0
mem_inst_retired.lock_loads:u	749	1800000	0
mem_inst_retired.lock_loads:u	750	1800000	0
mem_inst_retired.lock_loads:u	751	1800000	0
mem_inst_retired.lock_loads:u	752	1800000	0
mem_inst_retired.lock_loads:u	753	1800000	0
mem_inst_retired.lock_loads:u	754	1800000	0
mem_inst_retired.lock_loads:u	755	1800000	0
mem_inst_retired.lock_loads:u	756	1800000	0
mem_inst_retired.lock_loads:u	757	1800000	0
mem_inst_retired.lock_loads:u	758	1800000	0
mem_inst_retired.lock_loads:u	759	1800000	0
mem_inst_retired.lock_loads:u	760	1800000	0
mem_inst_retired.lock_loads:u	761	1800000	0
mem_inst_retired.lock_loads:u	762	1800000	0
mem_inst_retired.lock_loads:u	763	1800000	0
mem_inst_retired.lock_loads:u	764	1800000	0
mem_inst_retired.lock_loads:u	765	1800000	0
mem_inst_retired.lock_loads:u	766	1800000	0
mem_inst_retired.lock_loads:u	767	1800000	0
mem_inst_retired.lock_loads:u	768	1800000	0
mem_inst_retired.lock_loads:u	769	1800000	0
mem_inst_retired.lock_loads:u	770	1800000	0
mem_inst_retired.lock_loads:u	771	1800000	0
mem_inst_retired.lock_loads:u	772	1800000	0
mem_inst_retired.lock_loads:u	773	1800000	0
mem_inst_retired.lock_loads:u	774	1800000	0
mem_inst_retired.lock_loads:u	775	1800000	0
mem_inst_retired.lock_loads:u	776	1800000	0
mem_inst_retired.lock_loads:u	777	1800000	0
mem_inst_retired.lock_loads:u	778	1800000	0
mem_inst_retired.lock_loads:u	779	1800000	0
mem_inst_retired.lock_loads:u	780	1800000	0
mem_inst_retired.lock_loads:u	781	1800000	0
mem_inst_retired.lock_loads:u	782	1800000	0
mem_inst_retired.lock_loads:u	783	1800000	0
mem_inst_retired.lock_loads:u	784	1800000	0
mem_inst_retired.lock_loads:u	785	1800000	0
mem_inst_retired.lock_loads:u	786	1800000	0
mem_inst_retired.lock_loads:u	787	1800000	0
mem_inst_retired.lock_loads:u	788	1800000	0
mem_inst_retired.lock_loads:u	789	1800000	0
mem_inst_retired.lock_loads:u	790	1800000	0
mem_inst_retired.lock_loads:u	791	1800000	0
mem_inst_retired.lock_loads:u	792	1800000	0
mem_inst_retired.lock_loads:u	793	1800000	0
mem_inst_retired.lock_loads:u	794	1800000	0
mem_inst_retired.lock_loads:u	795	1800000	0
mem_inst_retired.lock_loads:u	796	1800000	0
mem_inst_retired.lock_loads:u	797	1800000	0
mem_inst_retired.lock_loads:u	798	1800000	0
mem_inst_retired.lock_loads:u	799	1800000	0
mem_inst_retired.lock_loads:u	800	1800000	0
mem_inst_retired.lock_loads:u	801	1800000	0
mem_inst_retired.lock_loads:u	802	1800000	0
mem_inst_retired.lock_loads:u	803	1800000	0
mem_inst_retired.lock_loads:u	804	1800000	0
mem_inst_retired.lock_loads:u	805	1800000	0
mem_inst_retired.lock_loads:u	806	1800000	0
mem_inst_retired.lock_loads:u	807	1800000	0
mem_inst_retired.lock_loads:u	808	1800000	0
mem_inst_retired.lock_loads:u	809	1800000	0
mem_inst_retired.lock_loads:u	810	1800000	0
mem_inst_retired.lock_loads:u	811	1800000	0
mem_inst_retired.lock_loads:u	812	1800000	0
mem_inst_retired.lock_loads:u	813	1800000	0
mem_inst_retired.lock_loads:u	814	1800000	0
mem_inst_retired.lock_loads:u	815	1800000	0
mem_inst_retired.lock_loads:u	816	1800000	0
mem_inst_retired.lock_loads:u	817	1800000	0
mem_inst_retired.lock_loads:u	818	1800000	0
mem_inst_retired.lock_loads:u	819	1800000	0
mem_inst_retired.lock_loads:u	820	1800000	0
mem_inst_retired.lock_loads:u	821	1800000	0
mem_inst_retired.lock_loads:u	822	1800000	0
mem_inst_retired.lock_loads:u	823	1800000	0
mem_inst_retired.lock_loads:u	824	1800000	0
mem_inst_retired.lock_loads:u	825	1800000	0
mem_inst_retired.lock_loads:u	826	1800000	0
mem_inst_retired.lock_loads:u	827	1800000	0
mem_inst_retired.lock_loads:u	828	1800000	0
mem_inst_retired.lock_loads:u	829	1800000	0
mem_inst_retired.lock_loads:u	830	1800000	0
mem_inst_retired.lock_loads:u	831	1800000	0
mem_inst_retired.lock_loads:u	832	1800000	0
mem_inst_retired.lock_loads:u	833	1800000	0
mem_inst_retired.lock_loads:u	834	1800000	0
mem_inst_retired.lock_loads:u	835	1800000	0
mem_inst_retired.lock_loads:u	836	1800000	0
mem_inst_retired.lock_loads:u	837	1800000	0
mem_inst_retired.lock_loads:u	838	1800000	0
mem_inst_retired.lock_loads:u	839	1800000	0
mem_inst_retired.lock_loads:u	840	1800000	0
mem_inst_retired.lock_loads:u	841	1800000	0
mem_inst_retired.lock_loads:u	842	1800000	0
mem_inst_retired.lock_loads:u	843	1800000	0
mem_inst_retired.lock_loads:u	844	1800000	0
mem_inst_retired.lock_loads:u	845	1800000	0
mem_inst_retired.lock_loads:u	846	1800000	0
mem_inst_retired.lock_loads:u	847	1800000	0
mem_inst_retired.lock_loads:u	848	1800000	0
mem_inst_retired.lock_loads:u	849	1800000	0
mem_inst_retired.lock_loads:u	850	1800000	0
mem_inst_retired.lock_loads:u	851	1800000	0
mem_inst_retired.lock_loads:u	852	1800000	0
mem_inst_retired.lock_loads:u	853	1800000	0
mem_inst_retired.lock_loads:u	854	1800000	0
mem_inst_retired.lock_loads:u	855	1800000	0
mem_inst_retired.lock_loads:u	856	1800000	0
mem_inst_retired.lock_loads:u	857	1800000	0
mem_inst_retired.lock_loads:u	858	1800000	0
mem_inst_retired.lock_loads:u	859	1800000	0
mem_inst_retired.lock_loads:u	860	1800000	0
mem_inst_retired.lock_loads:u	861	1800000	0
mem_inst_retired.lock_loads:u	862	1800000	0
mem_inst_retired.lock_loads:u	863	1800000	0
mem_inst_retired.lock_loads:u	864	1800000	0
mem_inst_retired.lock_loads:u	865	1800000	0
mem_inst_retired.lock_loads:u	866	1800000	0
mem_inst_retired.lock_loads:u	867	1800000	0
mem_inst_retired.lock_loads:u	868	1800000	0
mem_inst_retired.lock_loads:u	869	1800000	0
mem_inst_retired.lock_loads:u	870	1800000	0
mem_inst_retired.lock_loads:u	871	1800000	0
mem_inst_retired.lock_loads:u	872	1800000	0
mem_inst_retired.lock_loads:u	873	1800000	0
mem_inst_retired.lock_loads:u	874	1800000	0
mem_inst_retired.lock_loads:u	875	1800000	0
mem_inst_retired.lock_loads:u	876	1800000	0
mem_inst_retired.lock_loads:u	877	1800000	0
mem_inst_retired.lock_loads:u	878	1800000	0
mem_inst_retired.lock_loads:u	879	1800000	0
mem_inst_retired.lock_loads:u	880	1800000	0
mem_inst_retired.lock_loads:u	881	1800000	0
mem_inst_retired.lock_loads:u	882	1800000	0
mem_inst_retired.lock_loads:u	883	1800000	0
mem_inst_retired.lock_loads:u	884	1800000	0
mem_inst_retired.lock_loads:u	885	1800000	0
mem_inst_retired.lock_loads:u	886	1800000	0
mem_inst_retired.lock_loads:u	887	1800000	0
mem_inst_retired.lock_loads:u	888	1800000	0
mem_inst_retired.lock_loads:u	889	1800000	0
mem_inst_retired.lock_loads:u	890	1800000	0
mem_inst_retired.lock_loads:u	891	1800000	0
mem_inst_retired.lock_loads:u	892	1800000	0
mem_inst_retired.lock_loads:u	893	1800000	0
mem_inst_retired.lock_loads:u	894	1800000	0
mem_inst_retired.lock_loads:u	895	1800000	0
mem_inst_retired.lock_loads:u	896	1800000	0
mem_inst_retired.lock_loads:u	897	1800000	0
mem_inst_retired.lock_loads:u	898	1800000	0
mem_inst_retired.lock_loads:u	899	1800000	0
mem_inst_retired.lock_loads:u	900	1800000	0
mem_inst_retired.lock_loads:u	901	1800000	0
mem_inst_retired.lock_loads:u	902	1800000	0
mem_inst_retired.lock_loads:u	903	1800000	0
mem_inst_retired.lock_loads:u	904	1800000	0
mem_inst_retired.lock_loads:u	905	1800000	0
mem_inst_retired.lock_loads:u	906	1800000	0
mem_inst_retired.lock_loads:u	907	1800000	0
mem_inst_retired.lock_loads:u	908	1800000	0
mem_inst_retired.lock_loads:u	909	1800000	0
mem_inst_retired.lock_loads:u	910	1800000	0
mem_inst_retired.lock_loads:u	911	1800000	0
mem_inst_retired.lock_loads:u	912	1800000	0
mem_inst_retired.lock_loads:u	913	1800000	0
mem_inst_retired.lock_loads:u	914	1800000	0
mem_inst_retired.lock_loads:u	915	1800000	0
mem_inst_retired.lock_loads:u	916	1800000	0
mem_inst_retired.lock_loads:u	917	1800000	0
mem_inst_retired.lock_loads:u	918	1800000	0
mem_inst_retired.lock_loads:u	919	1800000	0
mem_inst_retired.lock_loads:u	920	1800000	0
mem_inst_retired.lock_loads:u	921	1800000	0
mem_inst_retired.lock_loads:u	922	1800000	0
mem_inst_retired.lock_loads:u	923	1800000	0
mem_inst_retired.lock_loads:u	924	1800000	0
mem_inst_retired.lock_loads:u	925	1800000	0
mem_inst_retired.lock_loads:u	926	1800000	0
mem_inst_retired.lock_loads:u	927	1800000	0
mem_inst_retired.lock_loads:u	928	1800000	0
mem_inst_retired.lock_loads:u	929	1800000	0
mem_inst_retired.lock_loads:u	930	1800000	0
mem_inst_retired.lock_loads:u	931	1800000	0
mem_inst_retired.lock_loads:u	932	1800000	0
mem_inst_retired.lock_loads:u	933	1800000	0
mem_inst_retired.lock_loads:u	934	1800000	0
mem_inst_retired.lock_loads:u	935	1800000	0
mem_inst_retired.lock_loads:u	936	1800000	0
mem_inst_retired.lock_loads:u	937	1800000	0
mem_inst_retired.lock_loads:u	938	1800000	0
mem_inst_retired.lock_loads:u	939	1800000	0
mem_inst_retired.lock_loads:u	940	1800000	0
mem_inst_retired.lock_loads:u	941	1800000	0
mem_inst_retired.lock_loads:u	942	1800000	0
mem_inst_retired.lock_loads:u	943	1800000	0
mem_inst_retired.lock_loads:u	944	1800000	0
mem_inst_retired.lock_loads:u	945	1800000	0
mem_inst_retired.lock_loads:u	946	1800000	0
mem_inst_retired.lock_loads:u	947	1800000	0
mem_inst_retired.lock_loads:u	948	1800000	0
mem_inst_retired.lock_loads:u	949	1800000	0
mem_inst_retired.lock_loads:u	950	1800000	0
mem_inst_retired.lock_loads:u	951	1800000	0
mem_inst_retired.lock_loads:u	952	1800000	0
mem_inst_retired.lock_loads:u	953	1800000	0
mem_inst_retired.lock_loads:u	954	1800000	0
mem_inst_retired.lock_loads:u	955	1800000	0
mem_inst_retired.lock_loads:u	956	1800000	0
mem_inst_retired.lock_loads:u	957	1800000	0
mem_inst_retired.lock_loads:u	958	1800000	0
mem_inst_retired.lock_loads:u	959	1800000	0
mem_inst_retired.lock_loads:u	960	1800000	0
mem_inst_retired.lock_loads:u	961	1800000	0
mem_inst_retired.lock_loads:u	962	1800000	0
mem_inst_retired.lock_loads:u	963	1800000	0
mem_inst_retired.lock_loads:u	964	1800000	0
mem_inst_retired.lock_loads:u	965	1800000	0
mem_inst_retired.lock_loads:u	966	1800000	0
mem_inst_retired.lock_loads:u	967	1800000	0
mem_inst_retired.lock_loads:u	968	1800000	0
mem_inst_retired.lock_loads:u	969	1800000	0
mem_inst_retired.lock_loads:u	970	1800000	0
mem_inst_retired.lock_loads:u	971	1800000	0
mem_inst_retired.lock_loads:u	972	1800000	0
mem_inst_retired.lock_loads:u	973	1800000	0
mem_inst_retired.lock_loads:u	974	1800000	0
mem_inst_retired.lock_loads:u	975	1800000	0
mem_inst_retired.lock_loads:u	976	1800000	0
mem_inst_retired.lock_loads:u	977	1800000	0
mem_inst_retired.lock_loads:u	978	1800000	0
mem_inst_retired.lock_loads:u	979	1800000	0
mem_inst_retired.lock_loads:u	980	1800000	0
mem_inst_retired.lock_loads:u	981	1800000	0
mem_inst_retired.lock_loads:u	982	1800000	0
mem_inst_retired.lock_loads:u	983	1800000	0
mem_inst_retired.lock_loads:u	984	1800000	0
mem_inst_retired.lock_loads:u	985	1800000	0
mem_inst_retired.lock_loads:u	986	1800000	0
mem_inst_retired.lock_loads:u	987	1800000	0
mem_inst_retired.lock_loads:u	988	1800000	0
mem_inst_retired.lock_loads:u	989	1800000	0
mem_inst_retired.lock_loads:u	990	1800000	0
mem_inst_retired.lock_loads:u	991	1800000	0
mem_inst_retired.lock_loads:u	992	1800000	0
mem_inst_retired.lock_loads:u	993	1800000	0
mem_inst_retired.lock_loads:u	994	1800000	0
mem_inst_retired.lock_loads:u	995	1800000	0
mem_inst_retired.lock_loads:u	996	1800000	0
mem_inst_retired.lock_loads:u	997	1800000	0
mem_inst_retired.lock_loads:u	998	1800000	0
mem_inst_retired.lock_loads:u	999	1800000	0
mem_inst_retired.lock_loads:u	1000	1800000	0
mem_load_retired.l3_hit:u	1	21	0
mem_load_retired.l3_hit:u	2	21	0
mem_load_retired.l3_hit:u	3	26	0
fp_assist.any:u	1	3	0
fp_assist.any:u	2	3	0
fp_assist.any:u	3	3	0
fp_assist.any:u	4	3	0
fp_assist.any:u	5	3	0
fp_assist.any:u	6	3	0
fp_assist.any:u	7	3	0
fp_assist.any:u	8	3	0
fp_assist.any:u	9	3	0
fp_assist.any:u	10	3	0
fp_assist.any:u	11	3	0
fp_assist.any:u	12	3	0
fp_assist.any:u	13	3	0
fp_assist.any:u	14	3	0
fp_assist.any:u	15	3	0
fp_assist.any:u	16	3	0
fp_assist.any:u	17	3	0
fp_assist.any:u	18	3	0
fp_assist.any:u	19	3	0
fp_assist.any:u	20	3	0
fp_assist.any:u	21	3	0
fp_assist.any:u	22	3	0
fp_assist.any:u	23	3	0
fp_assist.any:u	24	3	0
fp_assist.any:u	25	3	0
fp_assist.any:u	26	3	0
fp_assist.any:u	27	3	0
fp_assist.any:u	28	3	0
fp_assist.any:u	29	3	0
fp_assist.any:u	30	3	0
fp_assist.any:u	31	3	0
fp_assist.any:u	32	3	0
fp_assist.any:u	33	3	0
fp_assist.any:u	34	3	0
fp_assist.any:u	35	3	0
fp_assist.any:u	36	3	0
fp_assist.any:u	37	3	0
fp_assist.any:u	38	3	0
fp_assist.any:u	39	3	0
fp_assist.any:u	40	3	0
fp_assist.any:u	41	3	0
fp_assist.any:u	42	3	0
fp_assist.any:u	43	3	0
fp_assist.any:u	44	3	0
fp_assist.any:u	45	3	0
fp_assist.any:u	46	3	0
fp_assist.any:u	47	3	0
fp_assist.any:u	48	3	0
fp_assist.any:u	49	3	0
fp_assist.any:u	50	3	0
fp_assist.any:u	51	3	0
fp_assist.any:u	52	3	0
fp_assist.any:u	53	3	0
fp_assist.any:u	54	3	0
fp_assist.any:u	55	3	0
fp_assist.any:u	56	3	0
fp_assist.any:u	57	3	0
fp_assist.any:u	58	3	0
fp_assist.any:u	59	3	0
fp_assist.any:u	60	3	0
fp_assist.any:u	61	3	0
fp_assist.any:u	62	3	0
fp_assist.any:u	63	3	0
fp_assist.any:u	64	3	0
fp_assist.any:u	65	3	0
fp_assist.any:u	66	3	0
fp_assist.any:u	67	3	0
fp_assist.any:u	68	3	0
fp_assist.any:u	69	3	0
fp_assist.any:u	70	3	0
fp_assist.any:u	71	3	0
fp_assist.any:u	72	3	0
fp_assist.any:u	73	3	0
fp_assist.any:u	74	3	0
fp_assist.any:u	75	3	0
fp_assist.any:u	76	3	0
fp_assist.any:u	77	3	0
fp_assist.any:u	78	3	0
fp_assist.any:u	79	3	0
fp_assist.any:u	80	3	0
fp_assist.any:u	81	3	0
fp_assist.any:u	82	3	0
fp_assist.any:u	83	3	0
fp_assist.any:u	84	3	0
fp_assist.any:u	85	3	0
fp_assist.any:u	86	3	0
fp_assist.any:u	87	3	0
fp_assist.any:u	88	3	0
fp_assist.any:u	89	3	0
fp_assist.any:u	90	3	0
fp_assist.any:u	91	3	0
fp_assist.any:u	92	3	0
fp_assist.any:u	93	3	0
fp_assist.any:u	94	3	0
fp_assist.any:u	95	3	0
fp_assist.any:u	96	3	0
fp_assist.any:u	97	3	0
fp_assist.any:u	98	3	0
fp_assist.any:u	99	3	0
fp_assist.any:u	100	3	0
fp_assist.any:u	101	3	0
fp_assist.any:u	102	3	0
fp_assist.any:u	103	3	0
fp_assist.any:u	104	3	0
fp_assist.any:u	105	3	0
fp_assist.any:u	106	3	0
fp_assist.any:u	107	3	0
fp_assist.any:u	108	3	0
fp_assist.any:u	109	3	0
fp_assist.any:u	110	3	0
fp_assist.any:u	111	3	0
fp_assist.any:u	112	3	0
fp_assist.any:u	113	3	0
fp_assist.any:u	114	3	0
fp_assist.any:u	115	3	0
fp_assist.any:u	116	3	0
fp_assist.any:u	117	3	0
fp_assist.any:u	118	3	0
fp_assist.any:u	119	3	0
fp_assist.any:u	120	3	0
fp_assist.any:u	121	3	0
fp_assist.any:u	122	3	0
fp_assist.any:u	123	3	0
fp_assist.any:u	124	3	0
fp_assist.any:u	125	3	0
fp_assist.any:u	126	3	0
fp_assist.any:u	127	3	0
fp_assist.any:u	128	3	0
fp_assist.any:u	129	3	0
fp_assist.any:u	130	3	0
fp_assist.any:u	131	3	0
fp_assist.any:u	132	3	0
fp_assist.any:u	133	3	0
fp_assist.any:u	134	3	0
fp_assist.any:u	135	3	0
fp_assist.any:u	136	3	0
fp_assist.any:u	137	3	0
fp_assist.any:u	138	3	0
fp_assist.any:u	139	3	0
fp_assist.any:u	140	3	0
fp_assist.any:u	141	3	0
fp_assist.any:u	142	3	0
fp_assist.any:u	143	3	0
fp_assist.any:u	144	3	0
fp_assist.any:u	145	3	0
fp_assist.any:u	146	3	0
fp_assist.any:u	147	3	0
fp_assist.any:u	148	3	0
fp_assist.any:u	149	3	0
fp_assist.any:u	150	3	0
fp_assist.any:u	151	3	0
fp_assist.any:u	152	3	0
fp_assist.any:u	153	3	0
fp_assist.any:u	154	3	0
fp_assist.any:u	155	3	0
fp_assist.any:u	156	3	0
fp_assist.any:u	157	3	0
fp_assist.any:u	158	3	0
fp_assist.any:u	159	3	0
fp_assist.any:u	160	3	0
fp_assist.any:u	161	3	0
fp_assist.any:u	162	3	0
fp_assist.any:u	163	3	0
fp_assist.any:u	164	3	0
fp_assist.any:u	165	3	0
fp_assist.any:u	166	3	0
fp_assist.any:u	167	3	0
fp_assist.any:u	168	3	0
fp_assist.any:u	169	3	0
fp_assist.any:u	170	3	0
fp_assist.any:u	171	3	0
fp_assist.any:u	172	3	0
fp_assist.any:u	173	3	0
fp_assist.any:u	174	3	0
fp_assist.any:u	175	3	0
fp_assist.any:u	176	3	0
fp_assist.any:u	177	3	0
fp_assist.any:u	178	3	0
fp_assist.any:u	179	3	0
fp_assist.any:u	180	3	0
fp_assist.any:u	181	3	0
fp_assist.any:u	182	3	0
fp_assist.any:u	183	3	0
fp_assist.any:u	184	3	0
fp_assist.any:u	185	3	0
fp_assist.any:u	186	3	0
fp_assist.any:u	187	3	0
fp_assist.any:u	188	3	0
fp_assist.any:u	189	3	0
fp_assist.any:u	190	3	0
fp_assist.any:u	191	3	0
fp_assist.any:u	192	3	0
fp_assist.any:u	193	3	0
fp_assist.any:u	194	3	0
fp_assist.any:u	195	3	0
fp_assist.any:u	196	3	0
fp_assist.any:u	197	3	0
fp_assist.any:u	198	3	0
fp_assist.any:u	199	3	0
fp_assist.any:u	200	3	0
fp_assist.any:u	201	3	0
fp_assist.any:u	202	3	0
fp_assist.any:u	203	3	0
fp_assist.any:u	204	3	0
fp_assist.any:u	205	3	0
fp_assist.any:u	206	3	0
fp_assist.any:u	207	3	0
fp_assist.any:u	208	3	0
fp_assist.any:u	209	3	0
fp_assist.any:u	210	3	0
fp_assist.any:u	211	3	0
fp_assist.any:u	212	3	0
fp_assist.any:u	213	3	0
fp_assist.any:u	214	3	0
fp_assist.any:u	215	3	0
fp_assist.any:u	216	3	0
fp_assist.any:u	217	3	0
fp_assist.any:u	218	3	0
fp_assist.any:u	219	3	0
fp_assist.any:u	220	3	0
fp_assist.any:u	221	3	0
fp_assist.any:u	222	3	0
fp_assist.any:u	223	3	0
fp_assist.any:u	224	3	0
fp_assist.any:u	225	3	0
fp_assist.any:u	226	3	0
fp_assist.any:u	227	3	0
fp_assist.any:u	228	3	0
fp_assist.any:u	229	3	0
fp_assist.any:u	230	3	0
fp_assist.any:u	231	3	0
fp_assist.any:u	232	3	0
fp_assist.any:u	233	3	0
fp_assist.any:u	234	3	0
fp_assist.any:u	235	3	0
fp_assist.any:u	236	3	0
fp_assist.any:u	237	3	0
fp_assist.any:u	238	3	0
fp_assist.any:u	239	3	0
fp_assist.any:u	240	3	0
fp_assist.any:u	241	3	0
fp_assist.any:u	242	3	0
fp_assist.any:u	243	3	0
fp_assist.any:u	244	3	0
fp_assist.any:u	245	3	0
fp_assist.any:u	246	3	0
fp_assist.any:u	247	3	0
fp_assist.any:u	248	3	0
fp_assist.any:u	249	3	0
fp_assist.any:u	250	3	0
fp_assist.any:u	251	3	0
fp_assist.any:u	252	3	0
fp_assist.any:u	253	3	0
fp_assist.any:u	254	3	0
fp_assist.any:u	255	3	0
fp_assist.any:u	256	3	0
fp_assist.any:u	257	3	0
fp_assist.any:u	258	3	0
fp_assist.any:u	259	3	0
fp_assist.any:u	260	3	0
fp_assist.any:u	261	3	0
fp_assist.any:u	262	3	0
fp_assist.any:u	263	3	0
fp_assist.any:u	264	3	0
fp_assist.any:u	265	3	0
fp_assist.any:u	266	3	0
fp_assist.any:u	267	3	0
fp_assist.any:u	268	3	0
fp_assist.any:u	269	3	0
fp_assist.any:u	270	3	0
fp_assist.any:u	271	3	0
fp_assist.any:u	272	3	0
fp_assist.any:u	273	3	0
fp_assist.any:u	274	3	0
fp_assist.any:u	275	3	0
fp_assist.any:u	276	3	0
fp_assist.any:u	277	3	0
fp_assist.any:u	278	3	0
fp_assist.any:u	279	3	0
fp_assist.any:u	280	3	0
fp_assist.any:u	281	3	0
fp_assist.any:u	282	3	0
fp_assist.any:u	283	3	0
fp_assist.any:u	284	3	0
fp_assist.any:u	285	3	0
fp_assist.any:u	286	3	0
fp_assist.any:u	287	3	0
fp_assist.any:u	288	3	0
fp_assist.any:u	289	3	0
fp_assist.any:u	290	3	0
fp_assist.any:u	291	3	0
fp_assist.any:u	292	3	0
fp_assist.any:u	293	3	0
fp_assist.any:u	294	3	0
fp_assist.any:u	295	3	0
fp_assist.any:u	296	3	0
fp_assist.any:u	297	3	0
fp_assist.any:u	298	3	0
fp_assist.any:u	299	3	0
fp_assist.any:u	300	3	0
fp_assist.any:u	301	3	0
fp_assist.any:u	302	3	0
fp_assist.any:u	303	3	0
fp_assist.any:u	304	3	0
fp_assist.any:u	305	3	0
fp_assist.any:u	306	3	0
fp_assist.any:u	307	3	0
fp_assist.any:u	308	3	0
fp_assist.any:u	309	3	0
fp_assist.any:u	310	3	0
fp_assist.any:u	311	3	0
fp_assist.any:u	312	3	0
fp_assist.any:u	313	3	0
fp_assist.any:u	314	3	0
fp_assist.any:u	315	3	0
fp_assist.any:u	316	3	0
fp_assist.any:u	317	3	0
fp_assist.any:u	318	3	0
fp_assist.any:u	319	3	0
fp_assist.any:u	320	3	0
fp_assist.any:u	321	3	0
fp_assist.any:u	322	3	0
fp_assist.any:u	323	3	0
fp_assist.any:u	324	3	0
fp_assist.any:u	325	3	0
fp_assist.any:u	326	3	0
fp_assist.any:u	327	3	0
fp_assist.any:u	328	3	0
fp_assist.any:u	329	3	0
fp_assist.any:u	330	3	0
fp_assist.any:u	331	3	0
fp_assist.any:u	332	3	0
fp_assist.any:u	333	3	0
fp_assist.any:u	334	3	0
fp_assist.any:u	335	3	0
fp_assist.any:u	336	3	0
fp_assist.any:u	337	3	0
fp_assist.any:u	338	3	0
fp_assist.any:u	339	3	0
fp_assist.any:u	340	3	0
fp_assist.any:u	341	3	0
fp_assist.any:u	342	3	0
fp_assist.any:u	343	3	0
fp_assist.any:u	344	3	0
fp_assist.any:u	345	3	0
fp_assist.any:u	346	3	0
fp_assist.any:u	347	3	0
fp_assist.any:u	348	3	0
fp_assist.any:u	349	3	0
fp_assist.any:u	350	3	0
fp_assist.any:u	351	3	0
fp_assist.any:u	352	3	0
fp_assist.any:u	353	3	0
fp_assist.any:u	354	3	0
fp_assist.any:u	355	3	0
fp_assist.any:u	356	3	0
fp_assist.any:u	357	3	0
fp_assist.any:u	358	3	0
fp_assist.any:u	359	3	0
fp_assist.any:u	360	3	0
fp_assist.any:u	361	3	0
fp_assist.any:u	362	3	0
fp_assist.any:u	363	3	0
fp_assist.any:u	364	3	0
fp_assist.any:u	365	3	0
fp_assist.any:u	366	3	0
fp_assist.any:u	367	3	0
fp_assist.any:u	368	3	0
fp_assist.any:u	369	3	0
fp_assist.any:u	370	3	0
fp_assist.any:u	371	3	0
fp_assist.any:u	372	3	0
fp_assist.any:u	373	3	0
fp_assist.any:u	374	3	0
fp_assist.any:u	375	3	0
fp_assist.any:u	376	3	0
fp_assist.any:u	377	3	0
fp_assist.any:u	378	3	0
fp_assist.any:u	379	3	0
fp_assist.any:u	380	3	0
fp_assist.any:u	381	3	0
fp_assist.any:u	382	3	0
fp_assist.any:u	383	3	0
fp_assist.any:u	384	3	0
fp_assist.any:u	385	3	0
fp_assist.any:u	386	3	0
fp_assist.any:u	387	3	0
fp_assist.any:u	388	3	0
fp_assist.any:u	389	3	0
fp_assist.any:u	390	3	0
fp_assist.any:u	391	3	0
fp_assist.any:u	392	3	0
fp_assist.any:u	393	3	0
fp_assist.any:u	394	3	0
fp_assist.any:u	395	3	0
fp_assist.any:u	396	3	0
fp_assist.any:u	397	3	0
fp_assist.any:u	398	3	0
fp_assist.any:u	399	3	0
fp_assist.any:u	400	3	0
fp_assist.any:u	401	3	0
fp_assist.any:u	402	3	0
fp_assist.any:u	403	3	0
fp_assist.any:u	404	3	0
fp_assist.any:u	405	3	0
fp_assist.any:u	406	3	0
fp_assist.any:u	407	3	0
fp_assist.any:u	408	3	0
fp_assist.any:u	409	3	0
fp_assist.any:u	410	3	0
fp_assist.any:u	411	3	0
fp_assist.any:u	412	3	0
fp_assist.any:u	413	3	0
fp_assist.any:u	414	3	0
fp_assist.any:u	415	3	0
fp_assist.any:u	416	3	0
fp_assist.any:u	417	3	0
fp_assist.any:u	418	3	0
fp_assist.any:u	419	3	0
fp_assist.any:u	420	3	0
fp_assist.any:u	421	3	0
fp_assist.any:u	422	3	0
fp_assist.any:u	423	3	0
fp_assist.any:u	424	3	0
fp_assist.any:u	425	3	0
fp_assist.any:u	426	3	0
fp_assist.any:u	427	3	0
fp_assist.any:u	428	3	0
fp_assist.any:u	429	3	0
fp_assist.any:u	430	3	0
fp_assist.any:u	431	3	0
fp_assist.any:u	432	3	0
fp_assist.any:u	433	3	0
fp_assist.any:u	434	3	0
fp_assist.any:u	435	3	0
fp_assist.any:u	436	3	0
fp_assist.any:u	437	3	0
fp_assist.any:u	438	3	0
fp_assist.any:u	439	3	0
fp_assist.any:u	440	3	0
fp_assist.any:u	441	3	0
fp_assist.any:u	442	3	0
fp_assist.any:u	443	3	0
fp_assist.any:u	444	3	0
fp_assist.any:u	445	3	0
fp_assist.any:u	446	3	0
fp_assist.any:u	447	3	0
fp_assist.any:u	448	3	0
fp_assist.any:u	449	3	0
fp_assist.any:u	450	3	0
fp_assist.any:u	451	3	0
fp_assist.any:u	452	3	0
fp_assist.any:u	453	3	0
fp_assist.any:u	454	3	0
fp_assist.any:u	455	3	0
fp_assist.any:u	456	3	0
fp_assist.any:u	457	3	0
fp_assist.any:u	458	3	0
fp_assist.any:u	459	3	0
fp_assist.any:u	460	3	0
fp_assist.any:u	461	3	0
fp_assist.any:u	462	3	0
fp_assist.any:u	463	3	0
fp_assist.any:u	464	3	0
fp_assist.any:u	465	3	0
fp_assist.any:u	466	3	0
fp_assist.any:u	467	3	0
fp_assist.any:u	468	3	0
fp_assist.any:u	469	3	0
fp_assist.any:u	470	3	0
fp_assist.any:u	471	3	0
fp_assist.any:u	472	3	0
fp_assist.any:u	473	3	0
fp_assist.any:u	474	3	0
fp_assist.any:u	475	3	0
fp_assist.any:u	476	3	0
fp_assist.any:u	477	3	0
fp_assist.any:u	478	3	0
fp_assist.any:u	479	3	0
fp_assist.any:u	480	3	0
fp_assist.any:u	481	3	0
fp_assist.any:u	482	3	0
fp_assist.any:u	483	3	0
fp_assist.any:u	484	3	0
fp_assist.any:u	485	3	0
fp_assist.any:u	486	3	0
fp_assist.any:u	487	3	0
fp_assist.any:u	488	3	0
fp_assist.any:u	489	3	0
fp_assist.any:u	490	3	0
fp_assist.any:u	491	3	0
fp_assist.any:u	492	3	0
fp_assist.any:u	493	3	0
fp_assist.any:u	494	3	0
fp_assist.any:u	495	3	0
fp_assist.any:u	496	3	0
fp_assist.any:u	497	3	0
fp_assist.any:u	498	3	0
fp_assist.any:u	499	3	0
fp_assist.any:u	500	3	0
fp_assist.any:u	501	3	0
fp_assist.any:u	502	3	0
fp_assist.any:u	503	3	0
fp_assist.any:u	504	3	0
fp_assist.any:u	505	3	0
fp_assist.any:u	506	3	0
fp_assist.any:u	507	3	0
fp_assist.any:u	508	3	0
fp_assist.any:u	509	3	0
fp_assist.any:u	510	3	0
fp_assist.any:u	511	3	0
fp_assist.any:u	512	3	0
fp_assist.any:u	513	3	0
fp_assist.any:u	514	3	0
fp_assist.any:u	515	3	0
fp_assist.any:u	516	3	0
fp_assist.any:u	517	3	0
fp_assist.any:u	518	3	0
fp_assist.any:u	519	3	0
fp_assist.any:u	520	3	0
fp_assist.any:u	521	3	0
fp_assist.any:u	522	3	0
fp_assist.any:u	523	3	0
fp_assist.any:u	524	3	0
fp_assist.any:u	525	3	0
fp_assist.any:u	526	3	0
fp_assist.any:u	527	3	0
fp_assist.any:u	528	3	0
fp_assist.any:u	529	3	0
fp_assist.any:u	530	3	0
fp_assist.any:u	531	3	0
fp_assist.any:u	532	3	0
fp_assist.any:u	533	3	0
fp_assist.any:u	534	3	0
fp_assist.any:u	535	3	0
fp_assist.any:u	536	3	0
fp_assist.any:u	537	3	0
fp_assist.any:u	538	3	0
fp_assist.any:u	539	3	0
fp_assist.any:u	540	3	0
fp_assist.any:u	541	3	0
fp_assist.any:u	542	3	0
fp_assist.any:u	543	3	0
fp_assist.any:u	544	3	0
fp_assist.any:u	545	3	0
fp_assist.any:u	546	3	0
fp_assist.any:u	547	3	0
fp_assist.any:u	548	3	0
fp_assist.any:u	549	3	0
fp_assist.any:u	550	3	0
fp_assist.any:u	551	3	0
fp_assist.any:u	552	3	0
fp_assist.any:u	553	3	0
fp_assist.any:u	554	3	0
fp_assist.any:u	555	3	0
fp_assist.any:u	556	3	0
fp_assist.any:u	557	3	0
fp_assist.any:u	558	3	0
fp_assist.any:u	559	3	0
fp_assist.any:u	560	3	0
fp_assist.any:u	561	3	0
fp_assist.any:u	562	3	0
fp_assist.any:u	563	3	0
fp_assist.any:u	564	3	0
fp_assist.any:u	565	3	0
fp_assist.any:u	566	3	0
fp_assist.any:u	567	3	0
fp_assist.any:u	568	3	0
fp_assist.any:u	569	3	0
fp_assist.any:u	570	3	0
fp_assist.any:u	571	3	0
fp_assist.any:u	572	3	0
fp_assist.any:u	573	3	0
fp_assist.any:u	574	3	0
fp_assist.any:u	575	3	0
fp_assist.any:u	576	3	0
fp_assist.any:u	577	3	0
fp_assist.any:u	578	3	0
fp_assist.any:u	579	3	0
fp_assist.any:u	580	3	0
fp_assist.any:u	581	3	0
fp_assist.any:u	582	3	0
fp_assist.any:u	583	3	0
fp_assist.any:u	584	3	0
fp_assist.any:u	585	3	0
fp_assist.any:u	586	3	0
fp_assist.any:u	587	3	0
fp_assist.any:u	588	3	0
fp_assist.any:u	589	3	0
fp_assist.any:u	590	3	0
fp_assist.any:u	591	3	0
fp_assist.any:u	592	3	0
fp_assist.any:u	593	3	0
fp_assist.any:u	594	3	0
fp_assist.any:u	595	3	0
fp_assist.any:u	596	3	0
fp_assist.any:u	597	3	0
fp_assist.any:u	598	3	0
fp_assist.any:u	599	3	0
fp_assist.any:u	600	3	0
fp_assist.any:u	601	3	0
fp_assist.any:u	602	3	0
fp_assist.any:u	603	3	0
fp_assist.any:u	604	3	0
fp_assist.any:u	605	3	0
fp_assist.any:u	606	3	0
fp_assist.any:u	607	3	0
fp_assist.any:u	608	3	0
fp_assist.any:u	609	3	0
fp_assist.any:u	610	3	0
fp_assist.any:u	611	3	0
fp_assist.any:u	612	3	0
fp_assist.any:u	613	3	0
fp_assist.any:u	614	3	0
fp_assist.any:u	615	3	0
fp_assist.any:u	616	3	0
fp_assist.any:u	617	3	0
fp_assist.any:u	618	3	0
fp_assist.any:u	619	3	0
fp_assist.any:u	620	3	0
fp_assist.any:u	621	3	0
fp_assist.any:u	622	3	0
fp_assist.any:u	623	3	0
fp_assist.any:u	624	3	0
fp_assist.any:u	625	3	0
fp_assist.any:u	626	3	0
fp_assist.any:u	627	3	0
fp_assist.any:u	628	3	0
fp_assist.any:u	629	3	0
fp_assist.any:u	630	3	0
fp_assist.any:u	631	3	0
fp_assist.any:u	632	3	0
fp_assist.any:u	633	3	0
fp_assist.any:u	634	3	0
fp_assist.any:u	635	3	0
fp_assist.any:u	636	3	0
fp_assist.any:u	637	3	0
fp_assist.any:u	638	3	0
fp_assist.any:u	639	3	0
fp_assist.any:u	640	3	0
fp_assist.any:u	641	3	0
fp_assist.any:u	642	3	0
fp_assist.any:u	643	3	0
fp_assist.any:u	644	3	0
fp_assist.any:u	645	3	0
fp_assist.any:u	646	3	0
fp_assist.any:u	647	3	0
fp_assist.any:u	648	3	0
fp_assist.any:u	649	3	0
fp_assist.any:u	650	3	0
fp_assist.any:u	651	3	0
fp_assist.any:u	652	3	0
fp_assist.any:u	653	3	0
fp_assist.any:u	654	3	0
fp_assist.any:u	655	3	0
fp_assist.any:u	656	3	0
fp_assist.any:u	657	3	0
fp_assist.any:u	658	3	0
fp_assist.any:u	659	3	0
fp_assist.any:u	660	3	0
fp_assist.any:u	661	3	0
fp_assist.any:u	662	3	0
fp_assist.any:u	663	3	0
fp_assist.any:u	664	3	0
fp_assist.any:u	665	3	0
fp_assist.any:u	666	3	0
fp_assist.any:u	667	3	0
fp_assist.any:u	668	3	0
fp_assist.any:u	669	3	0
fp_assist.any:u	670	3	0
fp_assist.any:u	671	3	0
fp_assist.any:u	672	3	0
fp_assist.any:u	673	3	0
fp_assist.any:u	674	3	0
fp_assist.any:u	675	3	0
fp_assist.any:u	676	3	0
fp_assist.any:u	677	3	0
fp_assist.any:u	678	3	0
fp_assist.any:u	679	3	0
fp_assist.any:u	680	3	0
fp_assist.any:u	681	3	0
fp_assist.any:u	682	3	0
fp_assist.any:u	683	3	0
fp_assist.any:u	684	3	0
fp_assist.any:u	685	3	0
fp_assist.any:u	686	3	0
fp_assist.any:u	687	3	0
fp_assist.any:u	688	3	0
fp_assist.any:u	689	3	0
fp_assist.any:u	690	3	0
fp_assist.any:u	691	3	0
fp_assist.any:u	692	3	0
fp_assist.any:u	693	3	0
fp_assist.any:u	694	3	0
fp_assist.any:u	695	3	0
fp_assist.any:u	696	3	0
fp_assist.any:u	697	3	0
fp_assist.any:u	698	3	0
fp_assist.any:u	699	3	0
fp_assist.any:u	700	3	0
fp_assist.any:u	701	3	0
fp_assist.any:u	702	3	0
fp_assist.any:u	703	3	0
fp_assist.any:u	704	3	0
fp_assist.any:u	705	3	0
fp_assist.any:u	706	3	0
fp_assist.any:u	707	3	0
fp_assist.any:u	708	3	0
fp_assist.any:u	709	3	0
fp_assist.any:u	710	3	0
fp_assist.any:u	711	3	0
fp_assist.any:u	712	3	0
fp_assist.any:u	713	3	0
fp_assist.any:u	714	3	0
fp_assist.any:u	715	3	0
fp_assist.any:u	716	3	0
fp_assist.any:u	717	3	0
fp_assist.any:u	718	3	0
fp_assist.any:u	719	3	0
fp_assist.any:u	720	3	0
fp_assist.any:u	721	3	0
fp_assist.any:u	722	3	0
fp_assist.any:u	723	3	0
fp_assist.any:u	724	3	0
fp_assist.any:u	725	3	0
fp_assist.any:u	726	3	0
fp_assist.any:u	727	3	0
fp_assist.any:u	728	3	0
fp_assist.any:u	729	3	0
fp_assist.any:u	730	3	0
fp_assist.any:u	731	3	0
fp_assist.any:u	732	3	0
fp_assist.any:u	733	3	0
fp_assist.any:u	734	3	0
fp_assist.any:u	735	3	0
fp_assist.any:u	736	3	0
fp_assist.any:u	737	3	0
fp_assist.any:u	738	3	0
fp_assist.any:u	739	3	0
fp_assist.any:u	740	3	0
fp_assist.any:u	741	3	0
fp_assist.any:u	742	3	0
fp_assist.any:u	743	3	0
fp_assist.any:u	744	3	0
fp_assist.any:u	745	3	0
fp_assist.any:u	746	3	0
fp_assist.any:u	747	3	0
fp_assist.any:u	748	3	0
fp_assist.any:u	749	3	0
fp_assist.any:u	750	3	0
fp_assist.any:u	751	3	0
fp_assist.any:u	752	3	0
fp_assist.any:u	753	3	0
fp_assist.any:u	754	3	0
fp_assist.any:u	755	3	0
fp_assist.any:u	756	3	0
fp_assist.any:u	757	3	0
fp_assist.any:u	758	3	0
fp_assist.any:u	759	3	0
fp_assist.any:u	760	3	0
fp_assist.any:u	761	3	0
fp_assist.any:u	762	3	0
fp_assist.any:u	763	3	0
fp_assist.any:u	764	3	0
fp_assist.any:u	765	3	0
fp_assist.any:u	766	3	0
fp_assist.any:u	767	3	0
fp_assist.any:u	768	3	0
fp_assist.any:u	769	3	0
fp_assist.any:u	770	3	0
fp_assist.any:u	771	3	0
fp_assist.any:u	772	3	0
fp_assist.any:u	773	3	0
fp_assist.any:u	774	3	0
fp_assist.any:u	775	3	0
fp_assist.any:u	776	3	0
fp_assist.any:u	777	3	0
fp_assist.any:u	778	3	0
fp_assist.any:u	779	3	0
fp_assist.any:u	780	3	0
fp_assist.any:u	781	3	0
fp_assist.any:u	782	3	0
fp_assist.any:u	783	3	0
fp_assist.any:u	784	3	0
fp_assist.any:u	785	3	0
fp_assist.any:u	786	3	0
fp_assist.any:u	787	3	0
fp_assist.any:u	788	3	0
fp_assist.any:u	789	3	0
fp_assist.any:u	790	3	0
fp_assist.any:u	791	3	0
fp_assist.any:u	792	3	0
fp_assist.any:u	793	3	0
fp_assist.any:u	794	3	0
fp_assist.any:u	795	3	0
fp_assist.any:u	796	3	0
fp_assist.any:u	797	3	0
fp_assist.any:u	798	3	0
fp_assist.any:u	799	3	0
fp_assist.any:u	800	3	0
fp_assist.any:u	801	3	0
fp_assist.any:u	802	3	0
fp_assist.any:u	803	3	0
fp_assist.any:u	804	3	0
fp_assist.any:u	805	3	0
fp_assist.any:u	806	3	0
fp_assist.any:u	807	3	0
fp_assist.any:u	808	3	0
fp_assist.any:u	809	3	0
fp_assist.any:u	810	3	0
fp_assist.any:u	811	3	0
fp_assist.any:u	812	3	0
fp_assist.any:u	813	3	0
fp_assist.any:u	814	3	0
fp_assist.any:u	815	3	0
fp_assist.any:u	816	3	0
fp_assist.any:u	817	3	0
fp_assist.any:u	818	3	0
fp_assist.any:u	819	3	0
fp_assist.any:u	820	3	0
fp_assist.any:u	821	3	0
fp_assist.any:u	822	3	0
fp_assist.any:u	823	3	0
fp_assist.any:u	824	3	0
fp_assist.any:u	825	3	0
fp_assist.any:u	826	3	0
fp_assist.any:u	827	3	0
fp_assist.any:u	828	3	0
fp_assist.any:u	829	3	0
fp_assist.any:u	830	3	0
fp_assist.any:u	831	3	0
fp_assist.any:u	832	3	0
fp_assist.any:u	833	3	0
fp_assist.any:u	834	3	0
fp_assist.any:u	835	3	0
fp_assist.any:u	836	3	0
fp_assist.any:u	837	3	0
fp_assist.any:u	838	3	0
fp_assist.any:u	839	3	0
fp_assist.any:u	840	3	0
fp_assist.any:u	841	3	0
fp_assist.any:u	842	3	0
fp_assist.any:u	843	3	0
fp_assist.any:u	844	3	0
fp_assist.any:u	845	3	0
fp_assist.any:u	846	3	0
fp_assist.any:u	847	3	0
fp_assist.any:u	848	3	0
fp_assist.any:u	849	3	0
fp_assist.any:u	850	3	0
fp_assist.any:u	851	3	0
fp_assist.any:u	852	3	0
fp_assist.any:u	853	3	0
fp_assist.any:u	854	3	0
fp_assist.any:u	855	3	0
fp_assist.any:u	856	3	0
fp_assist.any:u	857	3	0
fp_assist.any:u	858	3	0
fp_assist.any:u	859	3	0
fp_assist.any:u	860	3	0
fp_assist.any:u	861	3	0
fp_assist.any:u	862	3	0
fp_assist.any:u	863	3	0
fp_assist.any:u	864	3	0
fp_assist.any:u	865	3	0
fp_assist.any:u	866	3	0
fp_assist.any:u	867	3	0
fp_assist.any:u	868	3	0
fp_assist.any:u	869	3	0
fp_assist.any:u	870	3	0
fp_assist.any:u	871	3	0
fp_assist.any:u	872	3	0
fp_assist.any:u	873	3	0
fp_assist.any:u	874	3	0
fp_assist.any:u	875	3	0
fp_assist.any:u	876	3	0
fp_assist.any:u	877	3	0
fp_assist.any:u	878	3	0
fp_assist.any:u	879	3	0
fp_assist.any:u	880	3	0
fp_assist.any:u	881	3	0
fp_assist.any:u	882	3	0
fp_assist.any:u	883	3	0
fp_assist.any:u	884	3	0
fp_assist.any:u	885	3	0
fp_assist.any:u	886	3	0
fp_assist.any:u	887	3	0
fp_assist.any:u	888	3	0
fp_assist.any:u	889	3	0
fp_assist.any:u	890	3	0
fp_assist.any:u	891	3	0
fp_assist.any:u	892	3	0
fp_assist.any:u	893	3	0
fp_assist.any:u	894	3	0
fp_assist.any:u	895	3	0
fp_assist.any:u	896	3	0
fp_assist.any:u	897	3	0
fp_assist.any:u	898	3	0
fp_assist.any:u	899	3	0
fp_assist.any:u	900	3	0
fp_assist.any:u	901	3	0
fp_assist.any:u	902	3	0
fp_assist.any:u	903	3	0
fp_assist.any:u	904	3	0
fp_assist.any:u	905	3	0
fp_assist.any:u	906	3	0
fp_assist.any:u	907	3	0
fp_assist.any:u	908	3	0
fp_assist.any:u	909	3	0
fp_assist.any:u	910	3	0
fp_assist.any:u	911	3	0
fp_assist.any:u	912	3	0
fp_assist.any:u	913	3	0
fp_assist.any:u	914	3	0
fp_assist.any:u	915	3	0
fp_assist.any:u	916	3	0
fp_assist.any:u	917	3	0
fp_assist.any:u	918	3	0
fp_assist.any:u	919	3	0
fp_assist.any:u	920	3	0
fp_assist.any:u	921	3	0
fp_assist.any:u	922	3	0
fp_assist.any:u	923	3	0
fp_assist.any:u	924	3	0
fp_assist.any:u	925	3	0
fp_assist.any:u	926	3	0
fp_assist.any:u	927	3	0
fp_assist.any:u	928	3	0
fp_assist.any:u	929	3	0
fp_assist.any:u	930	3	0
fp_assist.any:u	931	3	0
fp_assist.any:u	932	3	0
fp_assist.any:u	933	3	0
fp_assist.any:u	934	3	0
fp_assist.any:u	935	3	0
fp_assist.any:u	936	3	0
fp_assist.any:u	937	3	0
fp_assist.any:u	938	3	0
fp_assist.any:u	939	3	0
fp_assist.any:u	940	3	0
fp_assist.any:u	941	3	0
fp_assist.any:u	942	3	0
fp_assist.any:u	943	3	0
fp_assist.any:u	944	3	0
fp_assist.any:u	945	3	0
fp_assist.any:u	946	3	0
fp_assist.any:u	947	3	0
fp_assist.any:u	948	3	0
fp_assist.any:u	949	3	0
fp_assist.any:u	950	3	0
fp_assist.any:u	951	3	0
fp_assist.any:u	952	3	0
fp_assist.any:u	953	3	0
fp_assist.any:u	954	3	0
fp_assist.any:u	955	3	0
fp_assist.any:u	956	3	0
fp_assist.any:u	957	3	0
fp_assist.any:u	958	3	0
fp_assist.any:u	959	3	0
fp_assist.any:u	960	3	0
fp_assist.any:u	961	3	0
fp_assist.any:u	962	3	0
fp_assist.any:u	963	3	0
fp_assist.any:u	964	3	0
fp_assist.any:u	965	3	0
fp_assist.any:u	966	3	0
fp_assist.any:u	967	3	0
fp_assist.any:u	968	3	0
fp_assist.any:u	969	3	0
fp_assist.any:u	970	3	0
fp_assist.any:u	971	3	0
fp_assist.any:u	972	3	0
fp_assist.any:u	973	3	0
fp_assist.any:u	974	3	0
fp_assist.any:u	975	3	0
fp_assist.any:u	976	3	0
fp_assist.any:u	977	3	0
fp_assist.any:u	978	3	0
fp_assist.any:u	979	3	0
fp_assist.any:u	980	3	0
fp_assist.any:u	981	3	0
fp_assist.any:u	982	3	0
fp_assist.any:u	983	3	0
fp_assist.any:u	984	3	0
fp_assist.any:u	985	3	0
fp_assist.any:u	986	3	0
fp_assist.any:u	987	3	0
fp_assist.any:u	988	3	0
fp_assist.any:u	989	3	0
fp_assist.any:u	990	3	0
fp_assist.any:u	991	3	0
fp_assist.any:u	992	3	0
fp_assist.any:u	993	3	0
fp_assist.any:u	994	3	0
fp_assist.any:u	995	3	0
fp_assist.any:u	996	3	0
fp_assist.any:u	997	3	0
fp_assist.any:u	998	3	0
fp_assist.any:u	999	3	0
fp_assist.any:u	1000	3	0
idq.mite_uops:u	1	151084626	0
idq.mite_uops:u	2	151154621	0
hle_retired.aborted_unfriendly:u	1	0	0
hle_retired.aborted_unfriendly:u	2	0	0
hle_retired.aborted_unfriendly:u	3	0	0
hle_retired.aborted_unfriendly:u	4	0	0
hle_retired.aborted_unfriendly:u	5	0	0
hle_retired.aborted_unfriendly:u	6	0	0
hle_retired.aborted_unfriendly:u	7	0	0
hle_retired.aborted_unfriendly:u	8	0	0
hle_retired.aborted_unfriendly:u	9	0	0
hle_retired.aborted_unfriendly:u	10	0	0
hle_retired.aborted_unfriendly:u	11	0	0
hle_retired.aborted_unfriendly:u	12	0	0
hle_retired.aborted_unfriendly:u	13	0	0
hle_retired.aborted_unfriendly:u	14	0	0
hle_retired.aborted_unfriendly:u	15	0	0
hle_retired.aborted_unfriendly:u	16	0	0
hle_retired.aborted_unfriendly:u	17	0	0
hle_retired.aborted_unfriendly:u	18	0	0
hle_retired.aborted_unfriendly:u	19	0	0
hle_retired.aborted_unfriendly:u	20	0	0
hle_retired.aborted_unfriendly:u	21	0	0
hle_retired.aborted_unfriendly:u	22	0	0
hle_retired.aborted_unfriendly:u	23	0	0
hle_retired.aborted_unfriendly:u	24	0	0
hle_retired.aborted_unfriendly:u	25	0	0
hle_retired.aborted_unfriendly:u	26	0	0
hle_retired.aborted_unfriendly:u	27	0	0
hle_retired.aborted_unfriendly:u	28	0	0
hle_retired.aborted_unfriendly:u	29	0	0
hle_retired.aborted_unfriendly:u	30	0	0
hle_retired.aborted_unfriendly:u	31	0	0
hle_retired.aborted_unfriendly:u	32	0	0
hle_retired.aborted_unfriendly:u	33	0	0
hle_retired.aborted_unfriendly:u	34	0	0
hle_retired.aborted_unfriendly:u	35	0	0
hle_retired.aborted_unfriendly:u	36	0	0
hle_retired.aborted_unfriendly:u	37	0	0
hle_retired.aborted_unfriendly:u	38	0	0
hle_retired.aborted_unfriendly:u	39	0	0
hle_retired.aborted_unfriendly:u	40	0	0
hle_retired.aborted_unfriendly:u	41	0	0
hle_retired.aborted_unfriendly:u	42	0	0
hle_retired.aborted_unfriendly:u	43	0	0
hle_retired.aborted_unfriendly:u	44	0	0
hle_retired.aborted_unfriendly:u	45	0	0
hle_retired.aborted_unfriendly:u	46	0	0
hle_retired.aborted_unfriendly:u	47	0	0
hle_retired.aborted_unfriendly:u	48	0	0
hle_retired.aborted_unfriendly:u	49	0	0
hle_retired.aborted_unfriendly:u	50	0	0
hle_retired.aborted_unfriendly:u	51	0	0
hle_retired.aborted_unfriendly:u	52	0	0
hle_retired.aborted_unfriendly:u	53	0	0
hle_retired.aborted_unfriendly:u	54	0	0
hle_retired.aborted_unfriendly:u	55	0	0
hle_retired.aborted_unfriendly:u	56	0	0
hle_retired.aborted_unfriendly:u	57	0	0
hle_retired.aborted_unfriendly:u	58	0	0
hle_retired.aborted_unfriendly:u	59	0	0
hle_retired.aborted_unfriendly:u	60	0	0
hle_retired.aborted_unfriendly:u	61	0	0
hle_retired.aborted_unfriendly:u	62	0	0
hle_retired.aborted_unfriendly:u	63	0	0
hle_retired.aborted_unfriendly:u	64	0	0
hle_retired.aborted_unfriendly:u	65	0	0
hle_retired.aborted_unfriendly:u	66	0	0
hle_retired.aborted_unfriendly:u	67	0	0
hle_retired.aborted_unfriendly:u	68	0	0
hle_retired.aborted_unfriendly:u	69	0	0
hle_retired.aborted_unfriendly:u	70	0	0
hle_retired.aborted_unfriendly:u	71	0	0
hle_retired.aborted_unfriendly:u	72	0	0
hle_retired.aborted_unfriendly:u	73	0	0
hle_retired.aborted_unfriendly:u	74	0	0
hle_retired.aborted_unfriendly:u	75	0	0
hle_retired.aborted_unfriendly:u	76	0	0
hle_retired.aborted_unfriendly:u	77	0	0
hle_retired.aborted_unfriendly:u	78	0	0
hle_retired.aborted_unfriendly:u	79	0	0
hle_retired.aborted_unfriendly:u	80	0	0
hle_retired.aborted_unfriendly:u	81	0	0
hle_retired.aborted_unfriendly:u	82	0	0
hle_retired.aborted_unfriendly:u	83	0	0
hle_retired.aborted_unfriendly:u	84	0	0
hle_retired.aborted_unfriendly:u	85	0	0
hle_retired.aborted_unfriendly:u	86	0	0
hle_retired.aborted_unfriendly:u	87	0	0
hle_retired.aborted_unfriendly:u	88	0	0
hle_retired.aborted_unfriendly:u	89	0	0
hle_retired.aborted_unfriendly:u	90	0	0
hle_retired.aborted_unfriendly:u	91	0	0
hle_retired.aborted_unfriendly:u	92	0	0
hle_retired.aborted_unfriendly:u	93	0	0
hle_retired.aborted_unfriendly:u	94	0	0
hle_retired.aborted_unfriendly:u	95	0	0
hle_retired.aborted_unfriendly:u	96	0	0
hle_retired.aborted_unfriendly:u	97	0	0
hle_retired.aborted_unfriendly:u	98	0	0
hle_retired.aborted_unfriendly:u	99	0	0
hle_retired.aborted_unfriendly:u	100	0	0
hle_retired.aborted_unfriendly:u	101	0	0
hle_retired.aborted_unfriendly:u	102	0	0
hle_retired.aborted_unfriendly:u	103	0	0
hle_retired.aborted_unfriendly:u	104	0	0
hle_retired.aborted_unfriendly:u	105	0	0
hle_retired.aborted_unfriendly:u	106	0	0
hle_retired.aborted_unfriendly:u	107	0	0
hle_retired.aborted_unfriendly:u	108	0	0
hle_retired.aborted_unfriendly:u	109	0	0
hle_retired.aborted_unfriendly:u	110	0	0
hle_retired.aborted_unfriendly:u	111	0	0
hle_retired.aborted_unfriendly:u	112	0	0
hle_retired.aborted_unfriendly:u	113	0	0
hle_retired.aborted_unfriendly:u	114	0	0
hle_retired.aborted_unfriendly:u	115	0	0
hle_retired.aborted_unfriendly:u	116	0	0
hle_retired.aborted_unfriendly:u	117	0	0
hle_retired.aborted_unfriendly:u	118	0	0
hle_retired.aborted_unfriendly:u	119	0	0
hle_retired.aborted_unfriendly:u	120	0	0
hle_retired.aborted_unfriendly:u	121	0	0
hle_retired.aborted_unfriendly:u	122	0	0
hle_retired.aborted_unfriendly:u	123	0	0
hle_retired.aborted_unfriendly:u	124	0	0
hle_retired.aborted_unfriendly:u	125	0	0
hle_retired.aborted_unfriendly:u	126	0	0
hle_retired.aborted_unfriendly:u	127	0	0
hle_retired.aborted_unfriendly:u	128	0	0
hle_retired.aborted_unfriendly:u	129	0	0
hle_retired.aborted_unfriendly:u	130	0	0
hle_retired.aborted_unfriendly:u	131	0	0
hle_retired.aborted_unfriendly:u	132	0	0
hle_retired.aborted_unfriendly:u	133	0	0
hle_retired.aborted_unfriendly:u	134	0	0
hle_retired.aborted_unfriendly:u	135	0	0
hle_retired.aborted_unfriendly:u	136	0	0
hle_retired.aborted_unfriendly:u	137	0	0
hle_retired.aborted_unfriendly:u	138	0	0
hle_retired.aborted_unfriendly:u	139	0	0
hle_retired.aborted_unfriendly:u	140	0	0
hle_retired.aborted_unfriendly:u	141	0	0
hle_retired.aborted_unfriendly:u	142	0	0
hle_retired.aborted_unfriendly:u	143	0	0
hle_retired.aborted_unfriendly:u	144	0	0
hle_retired.aborted_unfriendly:u	145	0	0
hle_retired.aborted_unfriendly:u	146	0	0
hle_retired.aborted_unfriendly:u	147	0	0
hle_retired.aborted_unfriendly:u	148	0	0
hle_retired.aborted_unfriendly:u	149	0	0
hle_retired.aborted_unfriendly:u	150	0	0
hle_retired.aborted_unfriendly:u	151	0	0
hle_retired.aborted_unfriendly:u	152	0	0
hle_retired.aborted_unfriendly:u	153	0	0
hle_retired.aborted_unfriendly:u	154	0	0
hle_retired.aborted_unfriendly:u	155	0	0
hle_retired.aborted_unfriendly:u	156	0	0
hle_retired.aborted_unfriendly:u	157	0	0
hle_retired.aborted_unfriendly:u	158	0	0
hle_retired.aborted_unfriendly:u	159	0	0
hle_retired.aborted_unfriendly:u	160	0	0
hle_retired.aborted_unfriendly:u	161	0	0
hle_retired.aborted_unfriendly:u	162	0	0
hle_retired.aborted_unfriendly:u	163	0	0
hle_retired.aborted_unfriendly:u	164	0	0
hle_retired.aborted_unfriendly:u	165	0	0
hle_retired.aborted_unfriendly:u	166	0	0
hle_retired.aborted_unfriendly:u	167	0	0
hle_retired.aborted_unfriendly:u	168	0	0
hle_retired.aborted_unfriendly:u	169	0	0
hle_retired.aborted_unfriendly:u	170	0	0
hle_retired.aborted_unfriendly:u	171	0	0
hle_retired.aborted_unfriendly:u	172	0	0
hle_retired.aborted_unfriendly:u	173	0	0
hle_retired.aborted_unfriendly:u	174	0	0
hle_retired.aborted_unfriendly:u	175	0	0
hle_retired.aborted_unfriendly:u	176	0	0
hle_retired.aborted_unfriendly:u	177	0	0
hle_retired.aborted_unfriendly:u	178	0	0
hle_retired.aborted_unfriendly:u	179	0	0
hle_retired.aborted_unfriendly:u	180	0	0
hle_retired.aborted_unfriendly:u	181	0	0
hle_retired.aborted_unfriendly:u	182	0	0
hle_retired.aborted_unfriendly:u	183	0	0
hle_retired.aborted_unfriendly:u	184	0	0
hle_retired.aborted_unfriendly:u	185	0	0
hle_retired.aborted_unfriendly:u	186	0	0
hle_retired.aborted_unfriendly:u	187	0	0
hle_retired.aborted_unfriendly:u	188	0	0
hle_retired.aborted_unfriendly:u	189	0	0
hle_retired.aborted_unfriendly:u	190	0	0
hle_retired.aborted_unfriendly:u	191	0	0
hle_retired.aborted_unfriendly:u	192	0	0
hle_retired.aborted_unfriendly:u	193	0	0
hle_retired.aborted_unfriendly:u	194	0	0
hle_retired.aborted_unfriendly:u	195	0	0
hle_retired.aborted_unfriendly:u	196	0	0
hle_retired.aborted_unfriendly:u	197	0	0
hle_retired.aborted_unfriendly:u	198	0	0
hle_retired.aborted_unfriendly:u	199	0	0
hle_retired.aborted_unfriendly:u	200	0	0
hle_retired.aborted_unfriendly:u	201	0	0
hle_retired.aborted_unfriendly:u	202	0	0
hle_retired.aborted_unfriendly:u	203	0	0
hle_retired.aborted_unfriendly:u	204	0	0
hle_retired.aborted_unfriendly:u	205	0	0
hle_retired.aborted_unfriendly:u	206	0	0
hle_retired.aborted_unfriendly:u	207	0	0
hle_retired.aborted_unfriendly:u	208	0	0
hle_retired.aborted_unfriendly:u	209	0	0
hle_retired.aborted_unfriendly:u	210	0	0
hle_retired.aborted_unfriendly:u	211	0	0
hle_retired.aborted_unfriendly:u	212	0	0
hle_retired.aborted_unfriendly:u	213	0	0
hle_retired.aborted_unfriendly:u	214	0	0
hle_retired.aborted_unfriendly:u	215	0	0
hle_retired.aborted_unfriendly:u	216	0	0
hle_retired.aborted_unfriendly:u	217	0	0
hle_retired.aborted_unfriendly:u	218	0	0
hle_retired.aborted_unfriendly:u	219	0	0
hle_retired.aborted_unfriendly:u	220	0	0
hle_retired.aborted_unfriendly:u	221	0	0
hle_retired.aborted_unfriendly:u	222	0	0
hle_retired.aborted_unfriendly:u	223	0	0
hle_retired.aborted_unfriendly:u	224	0	0
hle_retired.aborted_unfriendly:u	225	0	0
hle_retired.aborted_unfriendly:u	226	0	0
hle_retired.aborted_unfriendly:u	227	0	0
hle_retired.aborted_unfriendly:u	228	0	0
hle_retired.aborted_unfriendly:u	229	0	0
hle_retired.aborted_unfriendly:u	230	0	0
hle_retired.aborted_unfriendly:u	231	0	0
hle_retired.aborted_unfriendly:u	232	0	0
hle_retired.aborted_unfriendly:u	233	0	0
hle_retired.aborted_unfriendly:u	234	0	0
hle_retired.aborted_unfriendly:u	235	0	0
hle_retired.aborted_unfriendly:u	236	0	0
hle_retired.aborted_unfriendly:u	237	0	0
hle_retired.aborted_unfriendly:u	238	0	0
hle_retired.aborted_unfriendly:u	239	0	0
hle_retired.aborted_unfriendly:u	240	0	0
hle_retired.aborted_unfriendly:u	241	0	0
hle_retired.aborted_unfriendly:u	242	0	0
hle_retired.aborted_unfriendly:u	243	0	0
hle_retired.aborted_unfriendly:u	244	0	0
hle_retired.aborted_unfriendly:u	245	0	0
hle_retired.aborted_unfriendly:u	246	0	0
hle_retired.aborted_unfriendly:u	247	0	0
hle_retired.aborted_unfriendly:u	248	0	0
hle_retired.aborted_unfriendly:u	249	0	0
hle_retired.aborted_unfriendly:u	250	0	0
hle_retired.aborted_unfriendly:u	251	0	0
hle_retired.aborted_unfriendly:u	252	0	0
hle_retired.aborted_unfriendly:u	253	0	0
hle_retired.aborted_unfriendly:u	254	0	0
hle_retired.aborted_unfriendly:u	255	0	0
hle_retired.aborted_unfriendly:u	256	0	0
hle_retired.aborted_unfriendly:u	257	0	0
hle_retired.aborted_unfriendly:u	258	0	0
hle_retired.aborted_unfriendly:u	259	0	0
hle_retired.aborted_unfriendly:u	260	0	0
hle_retired.aborted_unfriendly:u	261	0	0
hle_retired.aborted_unfriendly:u	262	0	0
hle_retired.aborted_unfriendly:u	263	0	0
hle_retired.aborted_unfriendly:u	264	0	0
hle_retired.aborted_unfriendly:u	265	0	0
hle_retired.aborted_unfriendly:u	266	0	0
hle_retired.aborted_unfriendly:u	267	0	0
hle_retired.aborted_unfriendly:u	268	0	0
hle_retired.aborted_unfriendly:u	269	0	0
hle_retired.aborted_unfriendly:u	270	0	0
hle_retired.aborted_unfriendly:u	271	0	0
hle_retired.aborted_unfriendly:u	272	0	0
hle_retired.aborted_unfriendly:u	273	0	0
hle_retired.aborted_unfriendly:u	274	0	0
hle_retired.aborted_unfriendly:u	275	0	0
hle_retired.aborted_unfriendly:u	276	0	0
hle_retired.aborted_unfriendly:u	277	0	0
hle_retired.aborted_unfriendly:u	278	0	0
hle_retired.aborted_unfriendly:u	279	0	0
hle_retired.aborted_unfriendly:u	280	0	0
hle_retired.aborted_unfriendly:u	281	0	0
hle_retired.aborted_unfriendly:u	282	0	0
hle_retired.aborted_unfriendly:u	283	0	0
hle_retired.aborted_unfriendly:u	284	0	0
hle_retired.aborted_unfriendly:u	285	0	0
hle_retired.aborted_unfriendly:u	286	0	0
hle_retired.aborted_unfriendly:u	287	0	0
hle_retired.aborted_unfriendly:u	288	0	0
hle_retired.aborted_unfriendly:u	289	0	0
hle_retired.aborted_unfriendly:u	290	0	0
hle_retired.aborted_unfriendly:u	291	0	0
hle_retired.aborted_unfriendly:u	292	0	0
hle_retired.aborted_unfriendly:u	293	0	0
hle_retired.aborted_unfriendly:u	294	0	0
hle_retired.aborted_unfriendly:u	295	0	0
hle_retired.aborted_unfriendly:u	296	0	0
hle_retired.aborted_unfriendly:u	297	0	0
hle_retired.aborted_unfriendly:u	298	0	0
hle_retired.aborted_unfriendly:u	299	0	0
hle_retired.aborted_unfriendly:u	300	0	0
hle_retired.aborted_unfriendly:u	301	0	0
hle_retired.aborted_unfriendly:u	302	0	0
hle_retired.aborted_unfriendly:u	303	0	0
hle_retired.aborted_unfriendly:u	304	0	0
hle_retired.aborted_unfriendly:u	305	0	0
hle_retired.aborted_unfriendly:u	306	0	0
hle_retired.aborted_unfriendly:u	307	0	0
hle_retired.aborted_unfriendly:u	308	0	0
hle_retired.aborted_unfriendly:u	309	0	0
hle_retired.aborted_unfriendly:u	310	0	0
hle_retired.aborted_unfriendly:u	311	0	0
hle_retired.aborted_unfriendly:u	312	0	0
hle_retired.aborted_unfriendly:u	313	0	0
hle_retired.aborted_unfriendly:u	314	0	0
hle_retired.aborted_unfriendly:u	315	0	0
hle_retired.aborted_unfriendly:u	316	0	0
hle_retired.aborted_unfriendly:u	317	0	0
hle_retired.aborted_unfriendly:u	318	0	0
hle_retired.aborted_unfriendly:u	319	0	0
hle_retired.aborted_unfriendly:u	320	0	0
hle_retired.aborted_unfriendly:u	321	0	0
hle_retired.aborted_unfriendly:u	322	0	0
hle_retired.aborted_unfriendly:u	323	0	0
hle_retired.aborted_unfriendly:u	324	0	0
hle_retired.aborted_unfriendly:u	325	0	0
hle_retired.aborted_unfriendly:u	326	0	0
hle_retired.aborted_unfriendly:u	327	0	0
hle_retired.aborted_unfriendly:u	328	0	0
hle_retired.aborted_unfriendly:u	329	0	0
hle_retired.aborted_unfriendly:u	330	0	0
hle_retired.aborted_unfriendly:u	331	0	0
hle_retired.aborted_unfriendly:u	332	0	0
hle_retired.aborted_unfriendly:u	333	0	0
hle_retired.aborted_unfriendly:u	334	0	0
hle_retired.aborted_unfriendly:u	335	0	0
hle_retired.aborted_unfriendly:u	336	0	0
hle_retired.aborted_unfriendly:u	337	0	0
hle_retired.aborted_unfriendly:u	338	0	0
hle_retired.aborted_unfriendly:u	339	0	0
hle_retired.aborted_unfriendly:u	340	0	0
hle_retired.aborted_unfriendly:u	341	0	0
hle_retired.aborted_unfriendly:u	342	0	0
hle_retired.aborted_unfriendly:u	343	0	0
hle_retired.aborted_unfriendly:u	344	0	0
hle_retired.aborted_unfriendly:u	345	0	0
hle_retired.aborted_unfriendly:u	346	0	0
hle_retired.aborted_unfriendly:u	347	0	0
hle_retired.aborted_unfriendly:u	348	0	0
hle_retired.aborted_unfriendly:u	349	0	0
hle_retired.aborted_unfriendly:u	350	0	0
hle_retired.aborted_unfriendly:u	351	0	0
hle_retired.aborted_unfriendly:u	352	0	0
hle_retired.aborted_unfriendly:u	353	0	0
hle_retired.aborted_unfriendly:u	354	0	0
hle_retired.aborted_unfriendly:u	355	0	0
hle_retired.aborted_unfriendly:u	356	0	0
hle_retired.aborted_unfriendly:u	357	0	0
hle_retired.aborted_unfriendly:u	358	0	0
hle_retired.aborted_unfriendly:u	359	0	0
hle_retired.aborted_unfriendly:u	360	0	0
hle_retired.aborted_unfriendly:u	361	0	0
hle_retired.aborted_unfriendly:u	362	0	0
hle_retired.aborted_unfriendly:u	363	0	0
hle_retired.aborted_unfriendly:u	364	0	0
hle_retired.aborted_unfriendly:u	365	0	0
hle_retired.aborted_unfriendly:u	366	0	0
hle_retired.aborted_unfriendly:u	367	0	0
hle_retired.aborted_unfriendly:u	368	0	0
hle_retired.aborted_unfriendly:u	369	0	0
hle_retired.aborted_unfriendly:u	370	0	0
hle_retired.aborted_unfriendly:u	371	0	0
hle_retired.aborted_unfriendly:u	372	0	0
hle_retired.aborted_unfriendly:u	373	0	0
hle_retired.aborted_unfriendly:u	374	0	0
hle_retired.aborted_unfriendly:u	375	0	0
hle_retired.aborted_unfriendly:u	376	0	0
hle_retired.aborted_unfriendly:u	377	0	0
hle_retired.aborted_unfriendly:u	378	0	0
hle_retired.aborted_unfriendly:u	379	0	0
hle_retired.aborted_unfriendly:u	380	0	0
hle_retired.aborted_unfriendly:u	381	0	0
hle_retired.aborted_unfriendly:u	382	0	0
hle_retired.aborted_unfriendly:u	383	0	0
hle_retired.aborted_unfriendly:u	384	0	0
hle_retired.aborted_unfriendly:u	385	0	0
hle_retired.aborted_unfriendly:u	386	0	0
hle_retired.aborted_unfriendly:u	387	0	0
hle_retired.aborted_unfriendly:u	388	0	0
hle_retired.aborted_unfriendly:u	389	0	0
hle_retired.aborted_unfriendly:u	390	0	0
hle_retired.aborted_unfriendly:u	391	0	0
hle_retired.aborted_unfriendly:u	392	0	0
hle_retired.aborted_unfriendly:u	393	0	0
hle_retired.aborted_unfriendly:u	394	0	0
hle_retired.aborted_unfriendly:u	395	0	0
hle_retired.aborted_unfriendly:u	396	0	0
hle_retired.aborted_unfriendly:u	397	0	0
hle_retired.aborted_unfriendly:u	398	0	0
hle_retired.aborted_unfriendly:u	399	0	0
hle_retired.aborted_unfriendly:u	400	0	0
hle_retired.aborted_unfriendly:u	401	0	0
hle_retired.aborted_unfriendly:u	402	0	0
hle_retired.aborted_unfriendly:u	403	0	0
hle_retired.aborted_unfriendly:u	404	0	0
hle_retired.aborted_unfriendly:u	405	0	0
hle_retired.aborted_unfriendly:u	406	0	0
hle_retired.aborted_unfriendly:u	407	0	0
hle_retired.aborted_unfriendly:u	408	0	0
hle_retired.aborted_unfriendly:u	409	0	0
hle_retired.aborted_unfriendly:u	410	0	0
hle_retired.aborted_unfriendly:u	411	0	0
hle_retired.aborted_unfriendly:u	412	0	0
hle_retired.aborted_unfriendly:u	413	0	0
hle_retired.aborted_unfriendly:u	414	0	0
hle_retired.aborted_unfriendly:u	415	0	0
hle_retired.aborted_unfriendly:u	416	0	0
hle_retired.aborted_unfriendly:u	417	0	0
hle_retired.aborted_unfriendly:u	418	0	0
hle_retired.aborted_unfriendly:u	419	0	0
hle_retired.aborted_unfriendly:u	420	0	0
hle_retired.aborted_unfriendly:u	421	0	0
hle_retired.aborted_unfriendly:u	422	0	0
hle_retired.aborted_unfriendly:u	423	0	0
hle_retired.aborted_unfriendly:u	424	0	0
hle_retired.aborted_unfriendly:u	425	0	0
hle_retired.aborted_unfriendly:u	426	0	0
hle_retired.aborted_unfriendly:u	427	0	0
hle_retired.aborted_unfriendly:u	428	0	0
hle_retired.aborted_unfriendly:u	429	0	0
hle_retired.aborted_unfriendly:u	430	0	0
hle_retired.aborted_unfriendly:u	431	0	0
hle_retired.aborted_unfriendly:u	432	0	0
hle_retired.aborted_unfriendly:u	433	0	0
hle_retired.aborted_unfriendly:u	434	0	0
hle_retired.aborted_unfriendly:u	435	0	0
hle_retired.aborted_unfriendly:u	436	0	0
hle_retired.aborted_unfriendly:u	437	0	0
hle_retired.aborted_unfriendly:u	438	0	0
hle_retired.aborted_unfriendly:u	439	0	0
hle_retired.aborted_unfriendly:u	440	0	0
hle_retired.aborted_unfriendly:u	441	0	0
hle_retired.aborted_unfriendly:u	442	0	0
hle_retired.aborted_unfriendly:u	443	0	0
hle_retired.aborted_unfriendly:u	444	0	0
hle_retired.aborted_unfriendly:u	445	0	0
hle_retired.aborted_unfriendly:u	446	0	0
hle_retired.aborted_unfriendly:u	447	0	0
hle_retired.aborted_unfriendly:u	448	0	0
hle_retired.aborted_unfriendly:u	449	0	0
hle_retired.aborted_unfriendly:u	450	0	0
hle_retired.aborted_unfriendly:u	451	0	0
hle_retired.aborted_unfriendly:u	452	0	0
hle_retired.aborted_unfriendly:u	453	0	0
hle_retired.aborted_unfriendly:u	454	0	0
hle_retired.aborted_unfriendly:u	455	0	0
hle_retired.aborted_unfriendly:u	456	0	0
hle_retired.aborted_unfriendly:u	457	0	0
hle_retired.aborted_unfriendly:u	458	0	0
hle_retired.aborted_unfriendly:u	459	0	0
hle_retired.aborted_unfriendly:u	460	0	0
hle_retired.aborted_unfriendly:u	461	0	0
hle_retired.aborted_unfriendly:u	462	0	0
hle_retired.aborted_unfriendly:u	463	0	0
hle_retired.aborted_unfriendly:u	464	0	0
hle_retired.aborted_unfriendly:u	465	0	0
hle_retired.aborted_unfriendly:u	466	0	0
hle_retired.aborted_unfriendly:u	467	0	0
hle_retired.aborted_unfriendly:u	468	0	0
hle_retired.aborted_unfriendly:u	469	0	0
hle_retired.aborted_unfriendly:u	470	0	0
hle_retired.aborted_unfriendly:u	471	0	0
hle_retired.aborted_unfriendly:u	472	0	0
hle_retired.aborted_unfriendly:u	473	0	0
hle_retired.aborted_unfriendly:u	474	0	0
hle_retired.aborted_unfriendly:u	475	0	0
hle_retired.aborted_unfriendly:u	476	0	0
hle_retired.aborted_unfriendly:u	477	0	0
hle_retired.aborted_unfriendly:u	478	0	0
hle_retired.aborted_unfriendly:u	479	0	0
hle_retired.aborted_unfriendly:u	480	0	0
hle_retired.aborted_unfriendly:u	481	0	0
hle_retired.aborted_unfriendly:u	482	0	0
hle_retired.aborted_unfriendly:u	483	0	0
hle_retired.aborted_unfriendly:u	484	0	0
hle_retired.aborted_unfriendly:u	485	0	0
hle_retired.aborted_unfriendly:u	486	0	0
hle_retired.aborted_unfriendly:u	487	0	0
hle_retired.aborted_unfriendly:u	488	0	0
hle_retired.aborted_unfriendly:u	489	0	0
hle_retired.aborted_unfriendly:u	490	0	0
hle_retired.aborted_unfriendly:u	491	0	0
hle_retired.aborted_unfriendly:u	492	0	0
hle_retired.aborted_unfriendly:u	493	0	0
hle_retired.aborted_unfriendly:u	494	0	0
hle_retired.aborted_unfriendly:u	495	0	0
hle_retired.aborted_unfriendly:u	496	0	0
hle_retired.aborted_unfriendly:u	497	0	0
hle_retired.aborted_unfriendly:u	498	0	0
hle_retired.aborted_unfriendly:u	499	0	0
hle_retired.aborted_unfriendly:u	500	0	0
hle_retired.aborted_unfriendly:u	501	0	0
hle_retired.aborted_unfriendly:u	502	0	0
hle_retired.aborted_unfriendly:u	503	0	0
hle_retired.aborted_unfriendly:u	504	0	0
hle_retired.aborted_unfriendly:u	505	0	0
hle_retired.aborted_unfriendly:u	506	0	0
hle_retired.aborted_unfriendly:u	507	0	0
hle_retired.aborted_unfriendly:u	508	0	0
hle_retired.aborted_unfriendly:u	509	0	0
hle_retired.aborted_unfriendly:u	510	0	0
hle_retired.aborted_unfriendly:u	511	0	0
hle_retired.aborted_unfriendly:u	512	0	0
hle_retired.aborted_unfriendly:u	513	0	0
hle_retired.aborted_unfriendly:u	514	0	0
hle_retired.aborted_unfriendly:u	515	0	0
hle_retired.aborted_unfriendly:u	516	0	0
hle_retired.aborted_unfriendly:u	517	0	0
hle_retired.aborted_unfriendly:u	518	0	0
hle_retired.aborted_unfriendly:u	519	0	0
hle_retired.aborted_unfriendly:u	520	0	0
hle_retired.aborted_unfriendly:u	521	0	0
hle_retired.aborted_unfriendly:u	522	0	0
hle_retired.aborted_unfriendly:u	523	0	0
hle_retired.aborted_unfriendly:u	524	0	0
hle_retired.aborted_unfriendly:u	525	0	0
hle_retired.aborted_unfriendly:u	526	0	0
hle_retired.aborted_unfriendly:u	527	0	0
hle_retired.aborted_unfriendly:u	528	0	0
hle_retired.aborted_unfriendly:u	529	0	0
hle_retired.aborted_unfriendly:u	530	0	0
hle_retired.aborted_unfriendly:u	531	0	0
hle_retired.aborted_unfriendly:u	532	0	0
hle_retired.aborted_unfriendly:u	533	0	0
hle_retired.aborted_unfriendly:u	534	0	0
hle_retired.aborted_unfriendly:u	535	0	0
hle_retired.aborted_unfriendly:u	536	0	0
hle_retired.aborted_unfriendly:u	537	0	0
hle_retired.aborted_unfriendly:u	538	0	0
hle_retired.aborted_unfriendly:u	539	0	0
hle_retired.aborted_unfriendly:u	540	0	0
hle_retired.aborted_unfriendly:u	541	0	0
hle_retired.aborted_unfriendly:u	542	0	0
hle_retired.aborted_unfriendly:u	543	0	0
hle_retired.aborted_unfriendly:u	544	0	0
hle_retired.aborted_unfriendly:u	545	0	0
hle_retired.aborted_unfriendly:u	546	0	0
hle_retired.aborted_unfriendly:u	547	0	0
hle_retired.aborted_unfriendly:u	548	0	0
hle_retired.aborted_unfriendly:u	549	0	0
hle_retired.aborted_unfriendly:u	550	0	0
hle_retired.aborted_unfriendly:u	551	0	0
hle_retired.aborted_unfriendly:u	552	0	0
hle_retired.aborted_unfriendly:u	553	0	0
hle_retired.aborted_unfriendly:u	554	0	0
hle_retired.aborted_unfriendly:u	555	0	0
hle_retired.aborted_unfriendly:u	556	0	0
hle_retired.aborted_unfriendly:u	557	0	0
hle_retired.aborted_unfriendly:u	558	0	0
hle_retired.aborted_unfriendly:u	559	0	0
hle_retired.aborted_unfriendly:u	560	0	0
hle_retired.aborted_unfriendly:u	561	0	0
hle_retired.aborted_unfriendly:u	562	0	0
hle_retired.aborted_unfriendly:u	563	0	0
hle_retired.aborted_unfriendly:u	564	0	0
hle_retired.aborted_unfriendly:u	565	0	0
hle_retired.aborted_unfriendly:u	566	0	0
hle_retired.aborted_unfriendly:u	567	0	0
hle_retired.aborted_unfriendly:u	568	0	0
hle_retired.aborted_unfriendly:u	569	0	0
hle_retired.aborted_unfriendly:u	570	0	0
hle_retired.aborted_unfriendly:u	571	0	0
hle_retired.aborted_unfriendly:u	572	0	0
hle_retired.aborted_unfriendly:u	573	0	0
hle_retired.aborted_unfriendly:u	574	0	0
hle_retired.aborted_unfriendly:u	575	0	0
hle_retired.aborted_unfriendly:u	576	0	0
hle_retired.aborted_unfriendly:u	577	0	0
hle_retired.aborted_unfriendly:u	578	0	0
hle_retired.aborted_unfriendly:u	579	0	0
hle_retired.aborted_unfriendly:u	580	0	0
hle_retired.aborted_unfriendly:u	581	0	0
hle_retired.aborted_unfriendly:u	582	0	0
hle_retired.aborted_unfriendly:u	583	0	0
hle_retired.aborted_unfriendly:u	584	0	0
hle_retired.aborted_unfriendly:u	585	0	0
hle_retired.aborted_unfriendly:u	586	0	0
hle_retired.aborted_unfriendly:u	587	0	0
hle_retired.aborted_unfriendly:u	588	0	0
hle_retired.aborted_unfriendly:u	589	0	0
hle_retired.aborted_unfriendly:u	590	0	0
hle_retired.aborted_unfriendly:u	591	0	0
hle_retired.aborted_unfriendly:u	592	0	0
hle_retired.aborted_unfriendly:u	593	0	0
hle_retired.aborted_unfriendly:u	594	0	0
hle_retired.aborted_unfriendly:u	595	0	0
hle_retired.aborted_unfriendly:u	596	0	0
hle_retired.aborted_unfriendly:u	597	0	0
hle_retired.aborted_unfriendly:u	598	0	0
hle_retired.aborted_unfriendly:u	599	0	0
hle_retired.aborted_unfriendly:u	600	0	0
hle_retired.aborted_unfriendly:u	601	0	0
hle_retired.aborted_unfriendly:u	602	0	0
hle_retired.aborted_unfriendly:u	603	0	0
hle_retired.aborted_unfriendly:u	604	0	0
hle_retired.aborted_unfriendly:u	605	0	0
hle_retired.aborted_unfriendly:u	606	0	0
hle_retired.aborted_unfriendly:u	607	0	0
hle_retired.aborted_unfriendly:u	608	0	0
hle_retired.aborted_unfriendly:u	609	0	0
hle_retired.aborted_unfriendly:u	610	0	0
hle_retired.aborted_unfriendly:u	611	0	0
hle_retired.aborted_unfriendly:u	612	0	0
hle_retired.aborted_unfriendly:u	613	0	0
hle_retired.aborted_unfriendly:u	614	0	0
hle_retired.aborted_unfriendly:u	615	0	0
hle_retired.aborted_unfriendly:u	616	0	0
hle_retired.aborted_unfriendly:u	617	0	0
hle_retired.aborted_unfriendly:u	618	0	0
hle_retired.aborted_unfriendly:u	619	0	0
hle_retired.aborted_unfriendly:u	620	0	0
hle_retired.aborted_unfriendly:u	621	0	0
hle_retired.aborted_unfriendly:u	622	0	0
hle_retired.aborted_unfriendly:u	623	0	0
hle_retired.aborted_unfriendly:u	624	0	0
hle_retired.aborted_unfriendly:u	625	0	0
hle_retired.aborted_unfriendly:u	626	0	0
hle_retired.aborted_unfriendly:u	627	0	0
hle_retired.aborted_unfriendly:u	628	0	0
hle_retired.aborted_unfriendly:u	629	0	0
hle_retired.aborted_unfriendly:u	630	0	0
hle_retired.aborted_unfriendly:u	631	0	0
hle_retired.aborted_unfriendly:u	632	0	0
hle_retired.aborted_unfriendly:u	633	0	0
hle_retired.aborted_unfriendly:u	634	0	0
hle_retired.aborted_unfriendly:u	635	0	0
hle_retired.aborted_unfriendly:u	636	0	0
hle_retired.aborted_unfriendly:u	637	0	0
hle_retired.aborted_unfriendly:u	638	0	0
hle_retired.aborted_unfriendly:u	639	0	0
hle_retired.aborted_unfriendly:u	640	0	0
hle_retired.aborted_unfriendly:u	641	0	0
hle_retired.aborted_unfriendly:u	642	0	0
hle_retired.aborted_unfriendly:u	643	0	0
hle_retired.aborted_unfriendly:u	644	0	0
hle_retired.aborted_unfriendly:u	645	0	0
hle_retired.aborted_unfriendly:u	646	0	0
hle_retired.aborted_unfriendly:u	647	0	0
hle_retired.aborted_unfriendly:u	648	0	0
hle_retired.aborted_unfriendly:u	649	0	0
hle_retired.aborted_unfriendly:u	650	0	0
hle_retired.aborted_unfriendly:u	651	0	0
hle_retired.aborted_unfriendly:u	652	0	0
hle_retired.aborted_unfriendly:u	653	0	0
hle_retired.aborted_unfriendly:u	654	0	0
hle_retired.aborted_unfriendly:u	655	0	0
hle_retired.aborted_unfriendly:u	656	0	0
hle_retired.aborted_unfriendly:u	657	0	0
hle_retired.aborted_unfriendly:u	658	0	0
hle_retired.aborted_unfriendly:u	659	0	0
hle_retired.aborted_unfriendly:u	660	0	0
hle_retired.aborted_unfriendly:u	661	0	0
hle_retired.aborted_unfriendly:u	662	0	0
hle_retired.aborted_unfriendly:u	663	0	0
hle_retired.aborted_unfriendly:u	664	0	0
hle_retired.aborted_unfriendly:u	665	0	0
hle_retired.aborted_unfriendly:u	666	0	0
hle_retired.aborted_unfriendly:u	667	0	0
hle_retired.aborted_unfriendly:u	668	0	0
hle_retired.aborted_unfriendly:u	669	0	0
hle_retired.aborted_unfriendly:u	670	0	0
hle_retired.aborted_unfriendly:u	671	0	0
hle_retired.aborted_unfriendly:u	672	0	0
hle_retired.aborted_unfriendly:u	673	0	0
hle_retired.aborted_unfriendly:u	674	0	0
hle_retired.aborted_unfriendly:u	675	0	0
hle_retired.aborted_unfriendly:u	676	0	0
hle_retired.aborted_unfriendly:u	677	0	0
hle_retired.aborted_unfriendly:u	678	0	0
hle_retired.aborted_unfriendly:u	679	0	0
hle_retired.aborted_unfriendly:u	680	0	0
hle_retired.aborted_unfriendly:u	681	0	0
hle_retired.aborted_unfriendly:u	682	0	0
hle_retired.aborted_unfriendly:u	683	0	0
hle_retired.aborted_unfriendly:u	684	0	0
hle_retired.aborted_unfriendly:u	685	0	0
hle_retired.aborted_unfriendly:u	686	0	0
hle_retired.aborted_unfriendly:u	687	0	0
hle_retired.aborted_unfriendly:u	688	0	0
hle_retired.aborted_unfriendly:u	689	0	0
hle_retired.aborted_unfriendly:u	690	0	0
hle_retired.aborted_unfriendly:u	691	0	0
hle_retired.aborted_unfriendly:u	692	0	0
hle_retired.aborted_unfriendly:u	693	0	0
hle_retired.aborted_unfriendly:u	694	0	0
hle_retired.aborted_unfriendly:u	695	0	0
hle_retired.aborted_unfriendly:u	696	0	0
hle_retired.aborted_unfriendly:u	697	0	0
hle_retired.aborted_unfriendly:u	698	0	0
hle_retired.aborted_unfriendly:u	699	0	0
hle_retired.aborted_unfriendly:u	700	0	0
hle_retired.aborted_unfriendly:u	701	0	0
hle_retired.aborted_unfriendly:u	702	0	0
hle_retired.aborted_unfriendly:u	703	0	0
hle_retired.aborted_unfriendly:u	704	0	0
hle_retired.aborted_unfriendly:u	705	0	0
hle_retired.aborted_unfriendly:u	706	0	0
hle_retired.aborted_unfriendly:u	707	0	0
hle_retired.aborted_unfriendly:u	708	0	0
hle_retired.aborted_unfriendly:u	709	0	0
hle_retired.aborted_unfriendly:u	710	0	0
hle_retired.aborted_unfriendly:u	711	0	0
hle_retired.aborted_unfriendly:u	712	0	0
hle_retired.aborted_unfriendly:u	713	0	0
hle_retired.aborted_unfriendly:u	714	0	0
hle_retired.aborted_unfriendly:u	715	0	0
hle_retired.aborted_unfriendly:u	716	0	0
hle_retired.aborted_unfriendly:u	717	0	0
hle_retired.aborted_unfriendly:u	718	0	0
hle_retired.aborted_unfriendly:u	719	0	0
hle_retired.aborted_unfriendly:u	720	0	0
hle_retired.aborted_unfriendly:u	721	0	0
hle_retired.aborted_unfriendly:u	722	0	0
hle_retired.aborted_unfriendly:u	723	0	0
hle_retired.aborted_unfriendly:u	724	0	0
hle_retired.aborted_unfriendly:u	725	0	0
hle_retired.aborted_unfriendly:u	726	0	0
hle_retired.aborted_unfriendly:u	727	0	0
hle_retired.aborted_unfriendly:u	728	0	0
hle_retired.aborted_unfriendly:u	729	0	0
hle_retired.aborted_unfriendly:u	730	0	0
hle_retired.aborted_unfriendly:u	731	0	0
hle_retired.aborted_unfriendly:u	732	0	0
hle_retired.aborted_unfriendly:u	733	0	0
hle_retired.aborted_unfriendly:u	734	0	0
hle_retired.aborted_unfriendly:u	735	0	0
hle_retired.aborted_unfriendly:u	736	0	0
hle_retired.aborted_unfriendly:u	737	0	0
hle_retired.aborted_unfriendly:u	738	0	0
hle_retired.aborted_unfriendly:u	739	0	0
hle_retired.aborted_unfriendly:u	740	0	0
hle_retired.aborted_unfriendly:u	741	0	0
hle_retired.aborted_unfriendly:u	742	0	0
hle_retired.aborted_unfriendly:u	743	0	0
hle_retired.aborted_unfriendly:u	744	0	0
hle_retired.aborted_unfriendly:u	745	0	0
hle_retired.aborted_unfriendly:u	746	0	0
hle_retired.aborted_unfriendly:u	747	0	0
hle_retired.aborted_unfriendly:u	748	0	0
hle_retired.aborted_unfriendly:u	749	0	0
hle_retired.aborted_unfriendly:u	750	0	0
hle_retired.aborted_unfriendly:u	751	0	0
hle_retired.aborted_unfriendly:u	752	0	0
hle_retired.aborted_unfriendly:u	753	0	0
hle_retired.aborted_unfriendly:u	754	0	0
hle_retired.aborted_unfriendly:u	755	0	0
hle_retired.aborted_unfriendly:u	756	0	0
hle_retired.aborted_unfriendly:u	757	0	0
hle_retired.aborted_unfriendly:u	758	0	0
hle_retired.aborted_unfriendly:u	759	0	0
hle_retired.aborted_unfriendly:u	760	0	0
hle_retired.aborted_unfriendly:u	761	0	0
hle_retired.aborted_unfriendly:u	762	0	0
hle_retired.aborted_unfriendly:u	763	0	0
hle_retired.aborted_unfriendly:u	764	0	0
hle_retired.aborted_unfriendly:u	765	0	0
hle_retired.aborted_unfriendly:u	766	0	0
hle_retired.aborted_unfriendly:u	767	0	0
hle_retired.aborted_unfriendly:u	768	0	0
hle_retired.aborted_unfriendly:u	769	0	0
hle_retired.aborted_unfriendly:u	770	0	0
hle_retired.aborted_unfriendly:u	771	0	0
hle_retired.aborted_unfriendly:u	772	0	0
hle_retired.aborted_unfriendly:u	773	0	0
hle_retired.aborted_unfriendly:u	774	0	0
hle_retired.aborted_unfriendly:u	775	0	0
hle_retired.aborted_unfriendly:u	776	0	0
hle_retired.aborted_unfriendly:u	777	0	0
hle_retired.aborted_unfriendly:u	778	0	0
hle_retired.aborted_unfriendly:u	779	0	0
hle_retired.aborted_unfriendly:u	780	0	0
