event	round	count	exit
ref-cycles:u	1	6744505680	0
ref-cycles:u	2	6730067432	0
l2_lines_out.useless_hwpf:u	1	67	0
l2_lines_out.useless_hwpf:u	2	79	0
longest_lat_cache.reference:u	1	603266	0
longest_lat_cache.reference:u	2	602852	0
mem_load_retired.l1_hit:u	1	71688087	0
mem_load_retired.l1_hit:u	2	71680394	0
fp_arith_inst_retired.scalar:u	1	4200000	0
fp_arith_inst_retired.scalar:u	2	4200000	0
fp_arith_inst_retired.scalar:u	3	4200000	0
fp_arith_inst_retired.scalar:u	4	4200000	0
fp_arith_inst_retired.scalar:u	5	4200000	0
fp_arith_inst_retired.scalar:u	6	4200000	0
fp_arith_inst_retired.scalar:u	7	4200000	0
fp_arith_inst_retired.scalar:u	8	4200000	0
fp_arith_inst_retired.scalar:u	9	4200000	0
fp_arith_inst_retired.scalar:u	10	4200000	0
fp_arith_inst_retired.scalar:u	11	4200000	0
fp_arith_inst_retired.scalar:u	12	4200000	0
fp_arith_inst_retired.scalar:u	13	4200000	0
fp_arith_inst_retired.scalar:u	14	4200000	0
fp_arith_inst_retired.scalar:u	15	4200000	0
fp_arith_inst_retired.scalar:u	16	4200000	0
fp_arith_inst_retired.scalar:u	17	4200000	0
fp_arith_inst_retired.scalar:u	18	4200000	0
fp_arith_inst_retired.scalar:u	19	4200000	0
fp_arith_inst_retired.scalar:u	20	4200000	0
fp_arith_inst_retired.scalar:u	21	4200000	0
fp_arith_inst_retired.scalar:u	22	4200000	0
fp_arith_inst_retired.scalar:u	23	4200000	0
fp_arith_inst_retired.scalar:u	24	4200000	0
fp_arith_inst_retired.scalar:u	25	4200000	0
fp_arith_inst_retired.scalar:u	26	4200000	0
fp_arith_inst_retired.scalar:u	27	4200000	0
fp_arith_inst_retired.scalar:u	28	4200000	0
fp_arith_inst_retired.scalar:u	29	4200000	0
fp_arith_inst_retired.scalar:u	30	4200000	0
fp_arith_inst_retired.scalar:u	31	4200000	0
fp_arith_inst_retired.scalar:u	32	4200000	0
fp_arith_inst_retired.scalar:u	33	4200000	0
fp_arith_inst_retired.scalar:u	34	4200000	0
fp_arith_inst_retired.scalar:u	35	4200000	0
fp_arith_inst_retired.scalar:u	36	4200000	0
fp_arith_inst_retired.scalar:u	37	4200000	0
fp_arith_inst_retired.scalar:u	38	4200000	0
fp_arith_inst_retired.scalar:u	39	4200000	0
fp_arith_inst_retired.scalar:u	40	4200000	0
fp_arith_inst_retired.scalar:u	41	4200000	0
fp_arith_inst_retired.scalar:u	42	4200000	0
fp_arith_inst_retired.scalar:u	43	4200000	0
fp_arith_inst_retired.scalar:u	44	4200000	0
fp_arith_inst_retired.scalar:u	45	4200000	0
fp_arith_inst_retired.scalar:u	46	4200000	0
fp_arith_inst_retired.scalar:u	47	4200000	0
fp_arith_inst_retired.scalar:u	48	4200000	0
fp_arith_inst_retired.scalar:u	49	4200000	0
fp_arith_inst_retired.scalar:u	50	4200000	0
fp_arith_inst_retired.scalar:u	51	4200000	0
fp_arith_inst_retired.scalar:u	52	4200000	0
fp_arith_inst_retired.scalar:u	53	4200000	0
fp_arith_inst_retired.scalar:u	54	4200000	0
fp_arith_inst_retired.scalar:u	55	4200000	0
fp_arith_inst_retired.scalar:u	56	4200000	0
fp_arith_inst_retired.scalar:u	57	4200000	0
fp_arith_inst_retired.scalar:u	58	4200000	0
fp_arith_inst_retired.scalar:u	59	4200000	0
fp_arith_inst_retired.scalar:u	60	4200000	0
fp_arith_inst_retired.scalar:u	61	4200000	0
fp_arith_inst_retired.scalar:u	62	4200000	0
fp_arith_inst_retired.scalar:u	63	4200000	0
fp_arith_inst_retired.scalar:u	64	4200000	0
fp_arith_inst_retired.scalar:u	65	4200000	0
fp_arith_inst_retired.scalar:u	66	4200000	0
fp_arith_inst_retired.scalar:u	67	4200000	0
fp_arith_inst_retired.scalar:u	68	4200000	0
fp_arith_inst_retired.scalar:u	69	4200000	0
fp_arith_inst_retired.scalar:u	70	4200000	0
fp_arith_inst_retired.scalar:u	71	4200000	0
fp_arith_inst_retired.scalar:u	72	4200000	0
fp_arith_inst_retired.scalar:u	73	4200000	0
fp_arith_inst_retired.scalar:u	74	4200000	0
fp_arith_inst_retired.scalar:u	75	4200000	0
fp_arith_inst_retired.scalar:u	76	4200000	0
fp_arith_inst_retired.scalar:u	77	4200000	0
fp_arith_inst_retired.scalar:u	78	4200000	0
fp_arith_inst_retired.scalar:u	79	4200000	0
fp_arith_inst_retired.scalar:u	80	4200000	0
fp_arith_inst_retired.scalar:u	81	4200000	0
fp_arith_inst_retired.scalar:u	82	4200000	0
fp_arith_inst_retired.scalar:u	83	4200000	0
fp_arith_inst_retired.scalar:u	84	4200000	0
fp_arith_inst_retired.scalar:u	85	4200000	0
fp_arith_inst_retired.scalar:u	86	4200000	0
fp_arith_inst_retired.scalar:u	87	4200000	0
fp_arith_inst_retired.scalar:u	88	4200000	0
fp_arith_inst_retired.scalar:u	89	4200000	0
fp_arith_inst_retired.scalar:u	90	4200000	0
fp_arith_inst_retired.scalar:u	91	4200000	0
fp_arith_inst_retired.scalar:u	92	4200000	0
fp_arith_inst_retired.scalar:u	93	4200000	0
fp_arith_inst_retired.scalar:u	94	4200000	0
fp_arith_inst_retired.scalar:u	95	4200000	0
fp_arith_inst_retired.scalar:u	96	4200000	0
fp_arith_inst_retired.scalar:u	97	4200000	0
fp_arith_inst_retired.scalar:u	98	4200000	0
fp_arith_inst_retired.scalar:u	99	4200000	0
fp_arith_inst_retired.scalar:u	100	4200000	0
fp_arith_inst_retired.scalar:u	101	4200000	0
fp_arith_inst_retired.scalar:u	102	4200000	0
fp_arith_inst_retired.scalar:u	103	4200000	0
fp_arith_inst_retired.scalar:u	104	4200000	0
fp_arith_inst_retired.scalar:u	105	4200000	0
fp_arith_inst_retired.scalar:u	106	4200000	0
fp_arith_inst_retired.scalar:u	107	4200000	0
fp_arith_inst_retired.scalar:u	108	4200000	0
fp_arith_inst_retired.scalar:u	109	4200000	0
fp_arith_inst_retired.scalar:u	110	4200000	0
fp_arith_inst_retired.scalar:u	111	4200000	0
fp_arith_inst_retired.scalar:u	112	4200000	0
fp_arith_inst_retired.scalar:u	113	4200000	0
fp_arith_inst_retired.scalar:u	114	4200000	0
fp_arith_inst_retired.scalar:u	115	4200000	0
fp_arith_inst_retired.scalar:u	116	4200000	0
fp_arith_inst_retired.scalar:u	117	4200000	0
fp_arith_inst_retired.scalar:u	118	4200000	0
fp_arith_inst_retired.scalar:u	119	4200000	0
fp_arith_inst_retired.scalar:u	120	4200000	0
fp_arith_inst_retired.scalar:u	121	4200000	0
fp_arith_inst_retired.scalar:u	122	4200000	0
fp_arith_inst_retired.scalar:u	123	4200000	0
fp_arith_inst_retired.scalar:u	124	4200000	0
fp_arith_inst_retired.scalar:u	125	4200000	0
fp_arith_inst_retired.scalar:u	126	4200000	0
fp_arith_inst_retired.scalar:u	127	4200000	0
fp_arith_inst_retired.scalar:u	128	4200000	0
fp_arith_inst_retired.scalar:u	129	4200000	0
fp_arith_inst_retired.scalar:u	130	4200000	0
fp_arith_inst_retired.scalar:u	131	4200000	0
fp_arith_inst_retired.scalar:u	132	4200000	0
fp_arith_inst_retired.scalar:u	133	4200000	0
fp_arith_inst_retired.scalar:u	134	4200000	0
fp_arith_inst_retired.scalar:u	135	4200000	0
fp_arith_inst_retired.scalar:u	136	4200000	0
fp_arith_inst_retired.scalar:u	137	4200000	0
fp_arith_inst_retired.scalar:u	138	4200000	0
fp_arith_inst_retired.scalar:u	139	4200000	0
fp_arith_inst_retired.scalar:u	140	4200000	0
fp_arith_inst_retired.scalar:u	141	4200000	0
fp_arith_inst_retired.scalar:u	142	4200000	0
fp_arith_inst_retired.scalar:u	143	4200000	0
fp_arith_inst_retired.scalar:u	144	4200000	0
fp_arith_inst_retired.scalar:u	145	4200000	0
fp_arith_inst_retired.scalar:u	146	4200000	0
fp_arith_inst_retired.scalar:u	147	4200000	0
fp_arith_inst_retired.scalar:u	148	4200000	0
fp_arith_inst_retired.scalar:u	149	4200000	0
fp_arith_inst_retired.scalar:u	150	4200000	0
fp_arith_inst_retired.scalar:u	151	4200000	0
fp_arith_inst_retired.scalar:u	152	4200000	0
fp_arith_inst_retired.scalar:u	153	4200000	0
fp_arith_inst_retired.scalar:u	154	4200000	0
fp_arith_inst_retired.scalar:u	155	4200000	0
fp_arith_inst_retired.scalar:u	156	4200000	0
fp_arith_inst_retired.scalar:u	157	4200000	0
fp_arith_inst_retired.scalar:u	158	4200000	0
fp_arith_inst_retired.scalar:u	159	4200000	0
fp_arith_inst_retired.scalar:u	160	4200000	0
fp_arith_inst_retired.scalar:u	161	4200000	0
fp_arith_inst_retired.scalar:u	162	4200000	0
fp_arith_inst_retired.scalar:u	163	4200000	0
fp_arith_inst_retired.scalar:u	164	4200000	0
fp_arith_inst_retired.scalar:u	165	4200000	0
fp_arith_inst_retired.scalar:u	166	4200000	0
fp_arith_inst_retired.scalar:u	167	4200000	0
fp_arith_inst_retired.scalar:u	168	4200000	0
fp_arith_inst_retired.scalar:u	169	4200000	0
fp_arith_inst_retired.scalar:u	170	4200000	0
fp_arith_inst_retired.scalar:u	171	4200000	0
fp_arith_inst_retired.scalar:u	172	4200000	0
fp_arith_inst_retired.scalar:u	173	4200000	0
fp_arith_inst_retired.scalar:u	174	4200000	0
fp_arith_inst_retired.scalar:u	175	4200000	0
fp_arith_inst_retired.scalar:u	176	4200000	0
fp_arith_inst_retired.scalar:u	177	4200000	0
fp_arith_inst_retired.scalar:u	178	4200000	0
fp_arith_inst_retired.scalar:u	179	4200000	0
fp_arith_inst_retired.scalar:u	180	4200000	0
fp_arith_inst_retired.scalar:u	181	4200000	0
fp_arith_inst_retired.scalar:u	182	4200000	0
fp_arith_inst_retired.scalar:u	183	4200000	0
fp_arith_inst_retired.scalar:u	184	4200000	0
fp_arith_inst_retired.scalar:u	185	4200000	0
fp_arith_inst_retired.scalar:u	186	4200000	0
fp_arith_inst_retired.scalar:u	187	4200000	0
fp_arith_inst_retired.scalar:u	188	4200000	0
fp_arith_inst_retired.scalar:u	189	4200000	0
fp_arith_inst_retired.scalar:u	190	4200000	0
fp_arith_inst_retired.scalar:u	191	4200000	0
fp_arith_inst_retired.scalar:u	192	4200000	0
fp_arith_inst_retired.scalar:u	193	4200000	0
fp_arith_inst_retired.scalar:u	194	4200000	0
fp_arith_inst_retired.scalar:u	195	4200000	0
fp_arith_inst_retired.scalar:u	196	4200000	0
fp_arith_inst_retired.scalar:u	197	4200000	0
fp_arith_inst_retired.scalar:u	198	4200000	0
fp_arith_inst_retired.scalar:u	199	4200000	0
fp_arith_inst_retired.scalar:u	200	4200000	0
fp_arith_inst_retired.scalar:u	201	4200000	0
fp_arith_inst_retired.scalar:u	202	4200000	0
fp_arith_inst_retired.scalar:u	203	4200000	0
fp_arith_inst_retired.scalar:u	204	4200000	0
fp_arith_inst_retired.scalar:u	205	4200000	0
fp_arith_inst_retired.scalar:u	206	4200000	0
fp_arith_inst_retired.scalar:u	207	4200000	0
fp_arith_inst_retired.scalar:u	208	4200000	0
fp_arith_inst_retired.scalar:u	209	4200000	0
fp_arith_inst_retired.scalar:u	210	4200000	0
fp_arith_inst_retired.scalar:u	211	4200000	0
fp_arith_inst_retired.scalar:u	212	4200000	0
fp_arith_inst_retired.scalar:u	213	4200000	0
fp_arith_inst_retired.scalar:u	214	4200000	0
fp_arith_inst_retired.scalar:u	215	4200000	0
fp_arith_inst_retired.scalar:u	216	4200000	0
fp_arith_inst_retired.scalar:u	217	4200000	0
fp_arith_inst_retired.scalar:u	218	4200000	0
fp_arith_inst_retired.scalar:u	219	4200000	0
fp_arith_inst_retired.scalar:u	220	4200000	0
fp_arith_inst_retired.scalar:u	221	4200000	0
fp_arith_inst_retired.scalar:u	222	4200000	0
fp_arith_inst_retired.scalar:u	223	4200000	0
fp_arith_inst_retired.scalar:u	224	4200000	0
fp_arith_inst_retired.scalar:u	225	4200000	0
fp_arith_inst_retired.scalar:u	226	4200000	0
fp_arith_inst_retired.scalar:u	227	4200000	0
fp_arith_inst_retired.scalar:u	228	4200000	0
fp_arith_inst_retired.scalar:u	229	4200000	0
fp_arith_inst_retired.scalar:u	230	4200000	0
fp_arith_inst_retired.scalar:u	231	4200000	0
fp_arith_inst_retired.scalar:u	232	4200000	0
fp_arith_inst_retired.scalar:u	233	4200000	0
fp_arith_inst_retired.scalar:u	234	4200000	0
fp_arith_inst_retired.scalar:u	235	4200000	0
fp_arith_inst_retired.scalar:u	236	4200000	0
fp_arith_inst_retired.scalar:u	237	4200000	0
fp_arith_inst_retired.scalar:u	238	4200000	0
fp_arith_inst_retired.scalar:u	239	4200000	0
fp_arith_inst_retired.scalar:u	240	4200000	0
fp_arith_inst_retired.scalar:u	241	4200000	0
fp_arith_inst_retired.scalar:u	242	4200000	0
fp_arith_inst_retired.scalar:u	243	4200000	0
fp_arith_inst_retired.scalar:u	244	4200000	0
fp_arith_inst_retired.scalar:u	245	4200000	0
fp_arith_inst_retired.scalar:u	246	4200000	0
fp_arith_inst_retired.scalar:u	247	4200000	0
fp_arith_inst_retired.scalar:u	248	4200000	0
fp_arith_inst_retired.scalar:u	249	4200000	0
fp_arith_inst_retired.scalar:u	250	4200000	0
fp_arith_inst_retired.scalar:u	251	4200000	0
fp_arith_inst_retired.scalar:u	252	4200000	0
fp_arith_inst_retired.scalar:u	253	4200000	0
fp_arith_inst_retired.scalar:u	254	4200000	0
fp_arith_inst_retired.scalar:u	255	4200000	0
fp_arith_inst_retired.scalar:u	256	4200000	0
fp_arith_inst_retired.scalar:u	257	4200000	0
fp_arith_inst_retired.scalar:u	258	4200000	0
fp_arith_inst_retired.scalar:u	259	4200000	0
fp_arith_inst_retired.scalar:u	260	4200000	0
fp_arith_inst_retired.scalar:u	261	4200000	0
fp_arith_inst_retired.scalar:u	262	4200000	0
fp_arith_inst_retired.scalar:u	263	4200000	0
fp_arith_inst_retired.scalar:u	264	4200000	0
fp_arith_inst_retired.scalar:u	265	4200000	0
fp_arith_inst_retired.scalar:u	266	4200000	0
fp_arith_inst_retired.scalar:u	267	4200000	0
fp_arith_inst_retired.scalar:u	268	4200000	0
fp_arith_inst_retired.scalar:u	269	4200000	0
fp_arith_inst_retired.scalar:u	270	4200000	0
fp_arith_inst_retired.scalar:u	271	4200000	0
fp_arith_inst_retired.scalar:u	272	4200000	0
fp_arith_inst_retired.scalar:u	273	4200000	0
fp_arith_inst_retired.scalar:u	274	4200000	0
fp_arith_inst_retired.scalar:u	275	4200000	0
fp_arith_inst_retired.scalar:u	276	4200000	0
fp_arith_inst_retired.scalar:u	277	4200000	0
fp_arith_inst_retired.scalar:u	278	4200000	0
fp_arith_inst_retired.scalar:u	279	4200000	0
fp_arith_inst_retired.scalar:u	280	4200000	0
fp_arith_inst_retired.scalar:u	281	4200000	0
fp_arith_inst_retired.scalar:u	282	4200000	0
fp_arith_inst_retired.scalar:u	283	4200000	0
fp_arith_inst_retired.scalar:u	284	4200000	0
fp_arith_inst_retired.scalar:u	285	4200000	0
fp_arith_inst_retired.scalar:u	286	4200000	0
fp_arith_inst_retired.scalar:u	287	4200000	0
fp_arith_inst_retired.scalar:u	288	4200000	0
fp_arith_inst_retired.scalar:u	289	4200000	0
fp_arith_inst_retired.scalar:u	290	4200000	0
fp_arith_inst_retired.scalar:u	291	4200000	0
fp_arith_inst_retired.scalar:u	292	4200000	0
fp_arith_inst_retired.scalar:u	293	4200000	0
fp_arith_inst_retired.scalar:u	294	4200000	0
fp_arith_inst_retired.scalar:u	295	4200000	0
fp_arith_inst_retired.scalar:u	296	4200000	0
fp_arith_inst_retired.scalar:u	297	4200000	0
fp_arith_inst_retired.scalar:u	298	4200000	0
fp_arith_inst_retired.scalar:u	299	4200000	0
fp_arith_inst_retired.scalar:u	300	4200000	0
fp_arith_inst_retired.scalar:u	301	4200000	0
fp_arith_inst_retired.scalar:u	302	4200000	0
fp_arith_inst_retired.scalar:u	303	4200000	0
fp_arith_inst_retired.scalar:u	304	4200000	0
fp_arith_inst_retired.scalar:u	305	4200000	0
fp_arith_inst_retired.scalar:u	306	4200000	0
fp_arith_inst_retired.scalar:u	307	4200000	0
fp_arith_inst_retired.scalar:u	308	4200000	0
fp_arith_inst_retired.scalar:u	309	4200000	0
fp_arith_inst_retired.scalar:u	310	4200000	0
fp_arith_inst_retired.scalar:u	311	4200000	0
fp_arith_inst_retired.scalar:u	312	4200000	0
fp_arith_inst_retired.scalar:u	313	4200000	0
fp_arith_inst_retired.scalar:u	314	4200000	0
fp_arith_inst_retired.scalar:u	315	4200000	0
fp_arith_inst_retired.scalar:u	316	4200000	0
fp_arith_inst_retired.scalar:u	317	4200000	0
fp_arith_inst_retired.scalar:u	318	4200000	0
fp_arith_inst_retired.scalar:u	319	4200000	0
fp_arith_inst_retired.scalar:u	320	4200000	0
fp_arith_inst_retired.scalar:u	321	4200000	0
fp_arith_inst_retired.scalar:u	322	4200000	0
fp_arith_inst_retired.scalar:u	323	4200000	0
fp_arith_inst_retired.scalar:u	324	4200000	0
fp_arith_inst_retired.scalar:u	325	4200000	0
fp_arith_inst_retired.scalar:u	326	4200000	0
fp_arith_inst_retired.scalar:u	327	4200000	0
fp_arith_inst_retired.scalar:u	328	4200000	0
fp_arith_inst_retired.scalar:u	329	4200000	0
fp_arith_inst_retired.scalar:u	330	4200000	0
fp_arith_inst_retired.scalar:u	331	4200000	0
fp_arith_inst_retired.scalar:u	332	4200000	0
fp_arith_inst_retired.scalar:u	333	4200000	0
fp_arith_inst_retired.scalar:u	334	4200000	0
fp_arith_inst_retired.scalar:u	335	4200000	0
fp_arith_inst_retired.scalar:u	336	4200000	0
fp_arith_inst_retired.scalar:u	337	4200000	0
fp_arith_inst_retired.scalar:u	338	4200000	0
fp_arith_inst_retired.scalar:u	339	4200000	0
fp_arith_inst_retired.scalar:u	340	4200000	0
fp_arith_inst_retired.scalar:u	341	4200000	0
fp_arith_inst_retired.scalar:u	342	4200000	0
fp_arith_inst_retired.scalar:u	343	4200000	0
fp_arith_inst_retired.scalar:u	344	4200000	0
fp_arith_inst_retired.scalar:u	345	4200000	0
fp_arith_inst_retired.scalar:u	346	4200000	0
fp_arith_inst_retired.scalar:u	347	4200000	0
fp_arith_inst_retired.scalar:u	348	4200000	0
fp_arith_inst_retired.scalar:u	349	4200000	0
fp_arith_inst_retired.scalar:u	350	4200000	0
fp_arith_inst_retired.scalar:u	351	4200000	0
fp_arith_inst_retired.scalar:u	352	4200000	0
fp_arith_inst_retired.scalar:u	353	4200000	0
fp_arith_inst_retired.scalar:u	354	4200000	0
fp_arith_inst_retired.scalar:u	355	4200000	0
fp_arith_inst_retired.scalar:u	356	4200000	0
fp_arith_inst_retired.scalar:u	357	4200000	0
fp_arith_inst_retired.scalar:u	358	4200000	0
fp_arith_inst_retired.scalar:u	359	4200000	0
fp_arith_inst_retired.scalar:u	360	4200000	0
fp_arith_inst_retired.scalar:u	361	4200000	0
fp_arith_inst_retired.scalar:u	362	4200000	0
fp_arith_inst_retired.scalar:u	363	4200000	0
fp_arith_inst_retired.scalar:u	364	4200000	0
fp_arith_inst_retired.scalar:u	365	4200000	0
fp_arith_inst_retired.scalar:u	366	4200000	0
fp_arith_inst_retired.scalar:u	367	4200000	0
fp_arith_inst_retired.scalar:u	368	4200000	0
fp_arith_inst_retired.scalar:u	369	4200000	0
fp_arith_inst_retired.scalar:u	370	4200000	0
fp_arith_inst_retired.scalar:u	371	4200000	0
fp_arith_inst_retired.scalar:u	372	4200000	0
fp_arith_inst_retired.scalar:u	373	4200000	0
fp_arith_inst_retired.scalar:u	374	4200000	0
fp_arith_inst_retired.scalar:u	375	4200000	0
fp_arith_inst_retired.scalar:u	376	4200000	0
fp_arith_inst_retired.scalar:u	377	4200000	0
fp_arith_inst_retired.scalar:u	378	4200000	0
fp_arith_inst_retired.scalar:u	379	4200000	0
fp_arith_inst_retired.scalar:u	380	4200000	0
fp_arith_inst_retired.scalar:u	381	4200000	0
fp_arith_inst_retired.scalar:u	382	4200000	0
fp_arith_inst_retired.scalar:u	383	4200000	0
fp_arith_inst_retired.scalar:u	384	4200000	0
fp_arith_inst_retired.scalar:u	385	4200000	0
fp_arith_inst_retired.scalar:u	386	4200000	0
fp_arith_inst_retired.scalar:u	387	4200000	0
fp_arith_inst_retired.scalar:u	388	4200000	0
fp_arith_inst_retired.scalar:u	389	4200000	0
fp_arith_inst_retired.scalar:u	390	4200000	0
fp_arith_inst_retired.scalar:u	391	4200000	0
fp_arith_inst_retired.scalar:u	392	4200000	0
fp_arith_inst_retired.scalar:u	393	4200000	0
fp_arith_inst_retired.scalar:u	394	4200000	0
fp_arith_inst_retired.scalar:u	395	4200000	0
fp_arith_inst_retired.scalar:u	396	4200000	0
fp_arith_inst_retired.scalar:u	397	4200000	0
fp_arith_inst_retired.scalar:u	398	4200000	0
fp_arith_inst_retired.scalar:u	399	4200000	0
fp_arith_inst_retired.scalar:u	400	4200000	0
fp_arith_inst_retired.scalar:u	401	4200000	0
fp_arith_inst_retired.scalar:u	402	4200000	0
fp_arith_inst_retired.scalar:u	403	4200000	0
fp_arith_inst_retired.scalar:u	404	4200000	0
fp_arith_inst_retired.scalar:u	405	4200000	0
fp_arith_inst_retired.scalar:u	406	4200000	0
fp_arith_inst_retired.scalar:u	407	4200000	0
fp_arith_inst_retired.scalar:u	408	4200000	0
fp_arith_inst_retired.scalar:u	409	4200000	0
fp_arith_inst_retired.scalar:u	410	4200000	0
fp_arith_inst_retired.scalar:u	411	4200000	0
fp_arith_inst_retired.scalar:u	412	4200000	0
fp_arith_inst_retired.scalar:u	413	4200000	0
fp_arith_inst_retired.scalar:u	414	4200000	0
fp_arith_inst_retired.scalar:u	415	4200000	0
fp_arith_inst_retired.scalar:u	416	4200000	0
fp_arith_inst_retired.scalar:u	417	4200000	0
fp_arith_inst_retired.scalar:u	418	4200000	0
fp_arith_inst_retired.scalar:u	419	4200000	0
fp_arith_inst_retired.scalar:u	420	4200000	0
fp_arith_inst_retired.scalar:u	421	4200000	0
fp_arith_inst_retired.scalar:u	422	4200000	0
fp_arith_inst_retired.scalar:u	423	4200000	0
fp_arith_inst_retired.scalar:u	424	4200000	0
fp_arith_inst_retired.scalar:u	425	4200000	0
fp_arith_inst_retired.scalar:u	426	4200000	0
fp_arith_inst_retired.scalar:u	427	4200000	0
fp_arith_inst_retired.scalar:u	428	4200000	0
fp_arith_inst_retired.scalar:u	429	4200000	0
fp_arith_inst_retired.scalar:u	430	4200000	0
fp_arith_inst_retired.scalar:u	431	4200000	0
fp_arith_inst_retired.scalar:u	432	4200000	0
fp_arith_inst_retired.scalar:u	433	4200000	0
fp_arith_inst_retired.scalar:u	434	4200000	0
fp_arith_inst_retired.scalar:u	435	4200000	0
fp_arith_inst_retired.scalar:u	436	4200000	0
fp_arith_inst_retired.scalar:u	437	4200000	0
fp_arith_inst_retired.scalar:u	438	4200000	0
fp_arith_inst_retired.scalar:u	439	4200000	0
fp_arith_inst_retired.scalar:u	440	4200000	0
fp_arith_inst_retired.scalar:u	441	4200000	0
fp_arith_inst_retired.scalar:u	442	4200000	0
fp_arith_inst_retired.scalar:u	443	4200000	0
fp_arith_inst_retired.scalar:u	444	4200000	0
fp_arith_inst_retired.scalar:u	445	4200000	0
fp_arith_inst_retired.scalar:u	446	4200000	0
fp_arith_inst_retired.scalar:u	447	4200000	0
fp_arith_inst_retired.scalar:u	448	4200000	0
fp_arith_inst_retired.scalar:u	449	4200000	0
fp_arith_inst_retired.scalar:u	450	4200000	0
fp_arith_inst_retired.scalar:u	451	4200000	0
fp_arith_inst_retired.scalar:u	452	4200000	0
fp_arith_inst_retired.scalar:u	453	4200000	0
fp_arith_inst_retired.scalar:u	454	4200000	0
fp_arith_inst_retired.scalar:u	455	4200000	0
fp_arith_inst_retired.scalar:u	456	4200000	0
fp_arith_inst_retired.scalar:u	457	4200000	0
fp_arith_inst_retired.scalar:u	458	4200000	0
fp_arith_inst_retired.scalar:u	459	4200000	0
fp_arith_inst_retired.scalar:u	460	4200000	0
fp_arith_inst_retired.scalar:u	461	4200000	0
fp_arith_inst_retired.scalar:u	462	4200000	0
fp_arith_inst_retired.scalar:u	463	4200000	0
fp_arith_inst_retired.scalar:u	464	4200000	0
fp_arith_inst_retired.scalar:u	465	4200000	0
fp_arith_inst_retired.scalar:u	466	4200000	0
fp_arith_inst_retired.scalar:u	467	4200000	0
fp_arith_inst_retired.scalar:u	468	4200000	0
fp_arith_inst_retired.scalar:u	469	4200000	0
fp_arith_inst_retired.scalar:u	470	4200000	0
fp_arith_inst_retired.scalar:u	471	4200000	0
fp_arith_inst_retired.scalar:u	472	4200000	0
fp_arith_inst_retired.scalar:u	473	4200000	0
fp_arith_inst_retired.scalar:u	474	4200000	0
fp_arith_inst_retired.scalar:u	475	4200000	0
fp_arith_inst_retired.scalar:u	476	4200000	0
fp_arith_inst_retired.scalar:u	477	4200000	0
fp_arith_inst_retired.scalar:u	478	4200000	0
fp_arith_inst_retired.scalar:u	479	4200000	0
fp_arith_inst_retired.scalar:u	480	4200000	0
fp_arith_inst_retired.scalar:u	481	4200000	0
fp_arith_inst_retired.scalar:u	482	4200000	0
fp_arith_inst_retired.scalar:u	483	4200000	0
fp_arith_inst_retired.scalar:u	484	4200000	0
fp_arith_inst_retired.scalar:u	485	4200000	0
fp_arith_inst_retired.scalar:u	486	4200000	0
fp_arith_inst_retired.scalar:u	487	4200000	0
fp_arith_inst_retired.scalar:u	488	4200000	0
fp_arith_inst_retired.scalar:u	489	4200000	0
fp_arith_inst_retired.scalar:u	490	4200000	0
fp_arith_inst_retired.scalar:u	491	4200000	0
fp_arith_inst_retired.scalar:u	492	4200000	0
fp_arith_inst_retired.scalar:u	493	4200000	0
fp_arith_inst_retired.scalar:u	494	4200000	0
fp_arith_inst_retired.scalar:u	495	4200000	0
fp_arith_inst_retired.scalar:u	496	4200000	0
fp_arith_inst_retired.scalar:u	497	4200000	0
fp_arith_inst_retired.scalar:u	498	4200000	0
fp_arith_inst_retired.scalar:u	499	4200000	0
fp_arith_inst_retired.scalar:u	500	4200000	0
fp_arith_inst_retired.scalar:u	501	4200000	0
fp_arith_inst_retired.scalar:u	502	4200000	0
fp_arith_inst_retired.scalar:u	503	4200000	0
fp_arith_inst_retired.scalar:u	504	4200000	0
fp_arith_inst_retired.scalar:u	505	4200000	0
fp_arith_inst_retired.scalar:u	506	4200000	0
fp_arith_inst_retired.scalar:u	507	4200000	0
fp_arith_inst_retired.scalar:u	508	4200000	0
fp_arith_inst_retired.scalar:u	509	4200000	0
fp_arith_inst_retired.scalar:u	510	4200000	0
fp_arith_inst_retired.scalar:u	511	4200000	0
fp_arith_inst_retired.scalar:u	512	4200000	0
fp_arith_inst_retired.scalar:u	513	4200000	0
fp_arith_inst_retired.scalar:u	514	4200000	0
fp_arith_inst_retired.scalar:u	515	4200000	0
fp_arith_inst_retired.scalar:u	516	4200000	0
fp_arith_inst_retired.scalar:u	517	4200000	0
fp_arith_inst_retired.scalar:u	518	4200000	0
fp_arith_inst_retired.scalar:u	519	4200000	0
fp_arith_inst_retired.scalar:u	520	4200000	0
fp_arith_inst_retired.scalar:u	521	4200000	0
fp_arith_inst_retired.scalar:u	522	4200000	0
fp_arith_inst_retired.scalar:u	523	4200000	0
fp_arith_inst_retired.scalar:u	524	4200000	0
fp_arith_inst_retired.scalar:u	525	4200000	0
fp_arith_inst_retired.scalar:u	526	4200000	0
fp_arith_inst_retired.scalar:u	527	4200000	0
fp_arith_inst_retired.scalar:u	528	4200000	0
fp_arith_inst_retired.scalar:u	529	4200000	0
fp_arith_inst_retired.scalar:u	530	4200000	0
fp_arith_inst_retired.scalar:u	531	4200000	0
fp_arith_inst_retired.scalar:u	532	4200000	0
fp_arith_inst_retired.scalar:u	533	4200000	0
fp_arith_inst_retired.scalar:u	534	4200000	0
fp_arith_inst_retired.scalar:u	535	4200000	0
fp_arith_inst_retired.scalar:u	536	4200000	0
fp_arith_inst_retired.scalar:u	537	4200000	0
fp_arith_inst_retired.scalar:u	538	4200000	0
fp_arith_inst_retired.scalar:u	539	4200000	0
fp_arith_inst_retired.scalar:u	540	4200000	0
fp_arith_inst_retired.scalar:u	541	4200000	0
fp_arith_inst_retired.scalar:u	542	4200000	0
fp_arith_inst_retired.scalar:u	543	4200000	0
fp_arith_inst_retired.scalar:u	544	4200000	0
fp_arith_inst_retired.scalar:u	545	4200000	0
fp_arith_inst_retired.scalar:u	546	4200000	0
fp_arith_inst_retired.scalar:u	547	4200000	0
fp_arith_inst_retired.scalar:u	548	4200000	0
fp_arith_inst_retired.scalar:u	549	4200000	0
fp_arith_inst_retired.scalar:u	550	4200000	0
fp_arith_inst_retired.scalar:u	551	4200000	0
fp_arith_inst_retired.scalar:u	552	4200000	0
fp_arith_inst_retired.scalar:u	553	4200000	0
fp_arith_inst_retired.scalar:u	554	4200000	0
fp_arith_inst_retired.scalar:u	555	4200000	0
fp_arith_inst_retired.scalar:u	556	4200000	0
fp_arith_inst_retired.scalar:u	557	4200000	0
fp_arith_inst_retired.scalar:u	558	4200000	0
fp_arith_inst_retired.scalar:u	559	4200000	0
fp_arith_inst_retired.scalar:u	560	4200000	0
fp_arith_inst_retired.scalar:u	561	4200000	0
fp_arith_inst_retired.scalar:u	562	4200000	0
fp_arith_inst_retired.scalar:u	563	4200000	0
fp_arith_inst_retired.scalar:u	564	4200000	0
fp_arith_inst_retired.scalar:u	565	4200000	0
fp_arith_inst_retired.scalar:u	566	4200000	0
fp_arith_inst_retired.scalar:u	567	4200000	0
fp_arith_inst_retired.scalar:u	568	4200000	0
fp_arith_inst_retired.scalar:u	569	4200000	0
fp_arith_inst_retired.scalar:u	570	4200000	0
fp_arith_inst_retired.scalar:u	571	4200000	0
fp_arith_inst_retired.scalar:u	572	4200000	0
fp_arith_inst_retired.scalar:u	573	4200000	0
fp_arith_inst_retired.scalar:u	574	4200000	0
fp_arith_inst_retired.scalar:u	575	4200000	0
fp_arith_inst_retired.scalar:u	576	4200000	0
fp_arith_inst_retired.scalar:u	577	4200000	0
fp_arith_inst_retired.scalar:u	578	4200000	0
fp_arith_inst_retired.scalar:u	579	4200000	0
fp_arith_inst_retired.scalar:u	580	4200000	0
fp_arith_inst_retired.scalar:u	581	4200000	0
fp_arith_inst_retired.scalar:u	582	4200000	0
fp_arith_inst_retired.scalar:u	583	4200000	0
fp_arith_inst_retired.scalar:u	584	4200000	0
fp_arith_inst_retired.scalar:u	585	4200000	0
fp_arith_inst_retired.scalar:u	586	4200000	0
fp_arith_inst_retired.scalar:u	587	4200000	0
fp_arith_inst_retired.scalar:u	588	4200000	0
fp_arith_inst_retired.scalar:u	589	4200000	0
fp_arith_inst_retired.scalar:u	590	4200000	0
fp_arith_inst_retired.scalar:u	591	4200000	0
fp_arith_inst_retired.scalar:u	592	4200000	0
fp_arith_inst_retired.scalar:u	593	4200000	0
fp_arith_inst_retired.scalar:u	594	4200000	0
fp_arith_inst_retired.scalar:u	595	4200000	0
fp_arith_inst_retired.scalar:u	596	4200000	0
fp_arith_inst_retired.scalar:u	597	4200000	0
fp_arith_inst_retired.scalar:u	598	4200000	0
fp_arith_inst_retired.scalar:u	599	4200000	0
fp_arith_inst_retired.scalar:u	600	4200000	0
fp_arith_inst_retired.scalar:u	601	4200000	0
fp_arith_inst_retired.scalar:u	602	4200000	0
fp_arith_inst_retired.scalar:u	603	4200000	0
fp_arith_inst_retired.scalar:u	604	4200000	0
fp_arith_inst_retired.scalar:u	605	4200000	0
fp_arith_inst_retired.scalar:u	606	4200000	0
fp_arith_inst_retired.scalar:u	607	4200000	0
fp_arith_inst_retired.scalar:u	608	4200000	0
fp_arith_inst_retired.scalar:u	609	4200000	0
fp_arith_inst_retired.scalar:u	610	4200000	0
fp_arith_inst_retired.scalar:u	611	4200000	0
fp_arith_inst_retired.scalar:u	612	4200000	0
fp_arith_inst_retired.scalar:u	613	4200000	0
fp_arith_inst_retired.scalar:u	614	4200000	0
fp_arith_inst_retired.scalar:u	615	4200000	0
fp_arith_inst_retired.scalar:u	616	4200000	0
fp_arith_inst_retired.scalar:u	617	4200000	0
fp_arith_inst_retired.scalar:u	618	4200000	0
fp_arith_inst_retired.scalar:u	619	4200000	0
fp_arith_inst_retired.scalar:u	620	4200000	0
fp_arith_inst_retired.scalar:u	621	4200000	0
fp_arith_inst_retired.scalar:u	622	4200000	0
fp_arith_inst_retired.scalar:u	623	4200000	0
fp_arith_inst_retired.scalar:u	624	4200000	0
fp_arith_inst_retired.scalar:u	625	4200000	0
fp_arith_inst_retired.scalar:u	626	4200000	0
fp_arith_inst_retired.scalar:u	627	4200000	0
fp_arith_inst_retired.scalar:u	628	4200000	0
fp_arith_inst_retired.scalar:u	629	4200000	0
fp_arith_inst_retired.scalar:u	630	4200000	0
fp_arith_inst_retired.scalar:u	631	4200000	0
fp_arith_inst_retired.scalar:u	632	4200000	0
fp_arith_inst_retired.scalar:u	633	4200000	0
fp_arith_inst_retired.scalar:u	634	4200000	0
fp_arith_inst_retired.scalar:u	635	4200000	0
fp_arith_inst_retired.scalar:u	636	4200000	0
fp_arith_inst_retired.scalar:u	637	4200000	0
fp_arith_inst_retired.scalar:u	638	4200000	0
fp_arith_inst_retired.scalar:u	639	4200000	0
fp_arith_inst_retired.scalar:u	640	4200000	0
fp_arith_inst_retired.scalar:u	641	4200000	0
fp_arith_inst_retired.scalar:u	642	4200000	0
fp_arith_inst_retired.scalar:u	643	4200000	0
fp_arith_inst_retired.scalar:u	644	4200000	0
fp_arith_inst_retired.scalar:u	645	4200000	0
fp_arith_inst_retired.scalar:u	646	4200000	0
fp_arith_inst_retired.scalar:u	647	4200000	0
fp_arith_inst_retired.scalar:u	648	4200000	0
fp_arith_inst_retired.scalar:u	649	4200000	0
fp_arith_inst_retired.scalar:u	650	4200000	0
fp_arith_inst_retired.scalar:u	651	4200000	0
fp_arith_inst_retired.scalar:u	652	4200000	0
fp_arith_inst_retired.scalar:u	653	4200000	0
fp_arith_inst_retired.scalar:u	654	4200000	0
fp_arith_inst_retired.scalar:u	655	4200000	0
fp_arith_inst_retired.scalar:u	656	4200000	0
fp_arith_inst_retired.scalar:u	657	4200000	0
fp_arith_inst_retired.scalar:u	658	4200000	0
fp_arith_inst_retired.scalar:u	659	4200000	0
fp_arith_inst_retired.scalar:u	660	4200000	0
fp_arith_inst_retired.scalar:u	661	4200000	0
fp_arith_inst_retired.scalar:u	662	4200000	0
fp_arith_inst_retired.scalar:u	663	4200000	0
fp_arith_inst_retired.scalar:u	664	4200000	0
fp_arith_inst_retired.scalar:u	665	4200000	0
fp_arith_inst_retired.scalar:u	666	4200000	0
fp_arith_inst_retired.scalar:u	667	4200000	0
fp_arith_inst_retired.scalar:u	668	4200000	0
fp_arith_inst_retired.scalar:u	669	4200000	0
fp_arith_inst_retired.scalar:u	670	4200000	0
fp_arith_inst_retired.scalar:u	671	4200000	0
fp_arith_inst_retired.scalar:u	672	4200000	0
fp_arith_inst_retired.scalar:u	673	4200000	0
fp_arith_inst_retired.scalar:u	674	4200000	0
fp_arith_inst_retired.scalar:u	675	4200000	0
fp_arith_inst_retired.scalar:u	676	4200000	0
fp_arith_inst_retired.scalar:u	677	4200000	0
fp_arith_inst_retired.scalar:u	678	4200000	0
fp_arith_inst_retired.scalar:u	679	4200000	0
fp_arith_inst_retired.scalar:u	680	4200000	0
fp_arith_inst_retired.scalar:u	681	4200000	0
fp_arith_inst_retired.scalar:u	682	4200000	0
fp_arith_inst_retired.scalar:u	683	4200000	0
fp_arith_inst_retired.scalar:u	684	4200000	0
fp_arith_inst_retired.scalar:u	685	4200000	0
fp_arith_inst_retired.scalar:u	686	4200000	0
fp_arith_inst_retired.scalar:u	687	4200000	0
fp_arith_inst_retired.scalar:u	688	4200000	0
fp_arith_inst_retired.scalar:u	689	4200000	0
fp_arith_inst_retired.scalar:u	690	4200000	0
fp_arith_inst_retired.scalar:u	691	4200000	0
fp_arith_inst_retired.scalar:u	692	4200000	0
fp_arith_inst_retired.scalar:u	693	4200000	0
fp_arith_inst_retired.scalar:u	694	4200000	0
fp_arith_inst_retired.scalar:u	695	4200000	0
fp_arith_inst_retired.scalar:u	696	4200000	0
fp_arith_inst_retired.scalar:u	697	4200000	0
fp_arith_inst_retired.scalar:u	698	4200000	0
fp_arith_inst_retired.scalar:u	699	4200000	0
fp_arith_inst_retired.scalar:u	700	4200000	0
fp_arith_inst_retired.scalar:u	701	4200000	0
fp_arith_inst_retired.scalar:u	702	4200000	0
fp_arith_inst_retired.scalar:u	703	4200000	0
fp_arith_inst_retired.scalar:u	704	4200000	0
fp_arith_inst_retired.scalar:u	705	4200000	0
fp_arith_inst_retired.scalar:u	706	4200000	0
fp_arith_inst_retired.scalar:u	707	4200000	0
fp_arith_inst_retired.scalar:u	708	4200000	0
fp_arith_inst_retired.scalar:u	709	4200000	0
fp_arith_inst_retired.scalar:u	710	4200000	0
fp_arith_inst_retired.scalar:u	711	4200000	0
fp_arith_inst_retired.scalar:u	712	4200000	0
fp_arith_inst_retired.scalar:u	713	4200000	0
fp_arith_inst_retired.scalar:u	714	4200000	0
fp_arith_inst_retired.scalar:u	715	4200000	0
fp_arith_inst_retired.scalar:u	716	4200000	0
fp_arith_inst_retired.scalar:u	717	4200000	0
fp_arith_inst_retired.scalar:u	718	4200000	0
fp_arith_inst_retired.scalar:u	719	4200000	0
fp_arith_inst_retired.scalar:u	720	4200000	0
fp_arith_inst_retired.scalar:u	721	4200000	0
fp_arith_inst_retired.scalar:u	722	4200000	0
fp_arith_inst_retired.scalar:u	723	4200000	0
fp_arith_inst_retired.scalar:u	724	4200000	0
fp_arith_inst_retired.scalar:u	725	4200000	0
fp_arith_inst_retired.scalar:u	726	4200000	0
fp_arith_inst_retired.scalar:u	727	4200000	0
fp_arith_inst_retired.scalar:u	728	4200000	0
fp_arith_inst_retired.scalar:u	729	4200000	0
fp_arith_inst_retired.scalar:u	730	4200000	0
fp_arith_inst_retired.scalar:u	731	4200000	0
fp_arith_inst_retired.scalar:u	732	4200000	0
fp_arith_inst_retired.scalar:u	733	4200000	0
fp_arith_inst_retired.scalar:u	734	4200000	0
fp_arith_inst_retired.scalar:u	735	4200000	0
fp_arith_inst_retired.scalar:u	736	4200000	0
fp_arith_inst_retired.scalar:u	737	4200000	0
fp_arith_inst_retired.scalar:u	738	4200000	0
fp_arith_inst_retired.scalar:u	739	4200000	0
fp_arith_inst_retired.scalar:u	740	4200000	0
fp_arith_inst_retired.scalar:u	741	4200000	0
fp_arith_inst_retired.scalar:u	742	4200000	0
fp_arith_inst_retired.scalar:u	743	4200000	0
fp_arith_inst_retired.scalar:u	744	4200000	0
fp_arith_inst_retired.scalar:u	745	4200000	0
fp_arith_inst_retired.scalar:u	746	4200000	0
fp_arith_inst_retired.scalar:u	747	4200000	0
fp_arith_inst_retired.scalar:u	748	4200000	0
fp_arith_inst_retired.scalar:u	749	4200000	0
fp_arith_inst_retired.scalar:u	750	4200000	0
fp_arith_inst_retired.scalar:u	751	4200000	0
fp_arith_inst_retired.scalar:u	752	4200000	0
fp_arith_inst_retired.scalar:u	753	4200000	0
fp_arith_inst_retired.scalar:u	754	4200000	0
fp_arith_inst_retired.scalar:u	755	4200000	0
fp_arith_inst_retired.scalar:u	756	4200000	0
fp_arith_inst_retired.scalar:u	757	4200000	0
fp_arith_inst_retired.scalar:u	758	4200000	0
fp_arith_inst_retired.scalar:u	759	4200000	0
fp_arith_inst_retired.scalar:u	760	4200000	0
fp_arith_inst_retired.scalar:u	761	4200000	0
fp_arith_inst_retired.scalar:u	762	4200000	0
fp_arith_inst_retired.scalar:u	763	4200000	0
fp_arith_inst_retired.scalar:u	764	4200000	0
fp_arith_inst_retired.scalar:u	765	4200000	0
fp_arith_inst_retired.scalar:u	766	4200000	0
fp_arith_inst_retired.scalar:u	767	4200000	0
fp_arith_inst_retired.scalar:u	768	4200000	0
fp_arith_inst_retired.scalar:u	769	4200000	0
fp_arith_inst_retired.scalar:u	770	4200000	0
fp_arith_inst_retired.scalar:u	771	4200000	0
fp_arith_inst_retired.scalar:u	772	4200000	0
fp_arith_inst_retired.scalar:u	773	4200000	0
fp_arith_inst_retired.scalar:u	774	4200000	0
fp_arith_inst_retired.scalar:u	775	4200000	0
fp_arith_inst_retired.scalar:u	776	4200000	0
fp_arith_inst_retired.scalar:u	777	4200000	0
fp_arith_inst_retired.scalar:u	778	4200000	0
fp_arith_inst_retired.scalar:u	779	4200000	0
fp_arith_inst_retired.scalar:u	780	4200000	0
fp_arith_inst_retired.scalar:u	781	4200000	0
fp_arith_inst_retired.scalar:u	782	4200000	0
fp_arith_inst_retired.scalar:u	783	4200000	0
fp_arith_inst_retired.scalar:u	784	4200000	0
fp_arith_inst_retired.scalar:u	785	4200000	0
fp_arith_inst_retired.scalar:u	786	4200000	0
fp_arith_inst_retired.scalar:u	787	4200000	0
fp_arith_inst_retired.scalar:u	788	4200000	0
fp_arith_inst_retired.scalar:u	789	4200000	0
fp_arith_inst_retired.scalar:u	790	4200000	0
fp_arith_inst_retired.scalar:u	791	4200000	0
fp_arith_inst_retired.scalar:u	792	4200000	0
fp_arith_inst_retired.scalar:u	793	4200000	0
fp_arith_inst_retired.scalar:u	794	4200000	0
fp_arith_inst_retired.scalar:u	795	4200000	0
fp_arith_inst_retired.scalar:u	796	4200000	0
fp_arith_inst_retired.scalar:u	797	4200000	0
fp_arith_inst_retired.scalar:u	798	4200000	0
fp_arith_inst_retired.scalar:u	799	4200000	0
fp_arith_inst_retired.scalar:u	800	4200000	0
fp_arith_inst_retired.scalar:u	801	4200000	0
fp_arith_inst_retired.scalar:u	802	4200000	0
fp_arith_inst_retired.scalar:u	803	4200000	0
fp_arith_inst_retired.scalar:u	804	4200000	0
fp_arith_inst_retired.scalar:u	805	4200000	0
fp_arith_inst_retired.scalar:u	806	4200000	0
fp_arith_inst_retired.scalar:u	807	4200000	0
fp_arith_inst_retired.scalar:u	808	4200000	0
fp_arith_inst_retired.scalar:u	809	4200000	0
fp_arith_inst_retired.scalar:u	810	4200000	0
fp_arith_inst_retired.scalar:u	811	4200000	0
fp_arith_inst_retired.scalar:u	812	4200000	0
fp_arith_inst_retired.scalar:u	813	4200000	0
fp_arith_inst_retired.scalar:u	814	4200000	0
fp_arith_inst_retired.scalar:u	815	4200000	0
fp_arith_inst_retired.scalar:u	816	4200000	0
fp_arith_inst_retired.scalar:u	817	4200000	0
fp_arith_inst_retired.scalar:u	818	4200000	0
fp_arith_inst_retired.scalar:u	819	4200000	0
fp_arith_inst_retired.scalar:u	820	4200000	0
fp_arith_inst_retired.scalar:u	821	4200000	0
fp_arith_inst_retired.scalar:u	822	4200000	0
fp_arith_inst_retired.scalar:u	823	4200000	0
fp_arith_inst_retired.scalar:u	824	4200000	0
fp_arith_inst_retired.scalar:u	825	4200000	0
fp_arith_inst_retired.scalar:u	826	4200000	0
fp_arith_inst_retired.scalar:u	827	4200000	0
fp_arith_inst_retired.scalar:u	828	4200000	0
fp_arith_inst_retired.scalar:u	829	4200000	0
fp_arith_inst_retired.scalar:u	830	4200000	0
fp_arith_inst_retired.scalar:u	831	4200000	0
fp_arith_inst_retired.scalar:u	832	4200000	0
fp_arith_inst_retired.scalar:u	833	4200000	0
fp_arith_inst_retired.scalar:u	834	4200000	0
fp_arith_inst_retired.scalar:u	835	4200000	0
fp_arith_inst_retired.scalar:u	836	4200000	0
fp_arith_inst_retired.scalar:u	837	4200000	0
fp_arith_inst_retired.scalar:u	838	4200000	0
fp_arith_inst_retired.scalar:u	839	4200000	0
fp_arith_inst_retired.scalar:u	840	4200000	0
fp_arith_inst_retired.scalar:u	841	4200000	0
fp_arith_inst_retired.scalar:u	842	4200000	0
fp_arith_inst_retired.scalar:u	843	4200000	0
fp_arith_inst_retired.scalar:u	844	4200000	0
fp_arith_inst_retired.scalar:u	845	4200000	0
fp_arith_inst_retired.scalar:u	846	4200000	0
fp_arith_inst_retired.scalar:u	847	4200000	0
fp_arith_inst_retired.scalar:u	848	4200000	0
fp_arith_inst_retired.scalar:u	849	4200000	0
fp_arith_inst_retired.scalar:u	850	4200000	0
fp_arith_inst_retired.scalar:u	851	4200000	0
fp_arith_inst_retired.scalar:u	852	4200000	0
fp_arith_inst_retired.scalar:u	853	4200000	0
fp_arith_inst_retired.scalar:u	854	4200000	0
fp_arith_inst_retired.scalar:u	855	4200000	0
fp_arith_inst_retired.scalar:u	856	4200000	0
fp_arith_inst_retired.scalar:u	857	4200000	0
fp_arith_inst_retired.scalar:u	858	4200000	0
fp_arith_inst_retired.scalar:u	859	4200000	0
fp_arith_inst_retired.scalar:u	860	4200000	0
fp_arith_inst_retired.scalar:u	861	4200000	0
fp_arith_inst_retired.scalar:u	862	4200000	0
fp_arith_inst_retired.scalar:u	863	4200000	0
fp_arith_inst_retired.scalar:u	864	4200000	0
fp_arith_inst_retired.scalar:u	865	4200000	0
fp_arith_inst_retired.scalar:u	866	4200000	0
fp_arith_inst_retired.scalar:u	867	4200000	0
fp_arith_inst_retired.scalar:u	868	4200000	0
fp_arith_inst_retired.scalar:u	869	4200000	0
fp_arith_inst_retired.scalar:u	870	4200000	0
fp_arith_inst_retired.scalar:u	871	4200000	0
fp_arith_inst_retired.scalar:u	872	4200000	0
fp_arith_inst_retired.scalar:u	873	4200000	0
fp_arith_inst_retired.scalar:u	874	4200000	0
fp_arith_inst_retired.scalar:u	875	4200000	0
fp_arith_inst_retired.scalar:u	876	4200000	0
fp_arith_inst_retired.scalar:u	877	4200000	0
fp_arith_inst_retired.scalar:u	878	4200000	0
fp_arith_inst_retired.scalar:u	879	4200000	0
fp_arith_inst_retired.scalar:u	880	4200000	0
fp_arith_inst_retired.scalar:u	881	4200000	0
fp_arith_inst_retired.scalar:u	882	4200000	0
fp_arith_inst_retired.scalar:u	883	4200000	0
fp_arith_inst_retired.scalar:u	884	4200000	0
fp_arith_inst_retired.scalar:u	885	4200000	0
fp_arith_inst_retired.scalar:u	886	4200000	0
fp_arith_inst_retired.scalar:u	887	4200000	0
fp_arith_inst_retired.scalar:u	888	4200000	0
fp_arith_inst_retired.scalar:u	889	4200000	0
fp_arith_inst_retired.scalar:u	890	4200000	0
fp_arith_inst_retired.scalar:u	891	4200000	0
fp_arith_inst_retired.scalar:u	892	4200000	0
fp_arith_inst_retired.scalar:u	893	4200000	0
fp_arith_inst_retired.scalar:u	894	4200000	0
fp_arith_inst_retired.scalar:u	895	4200000	0
fp_arith_inst_retired.scalar:u	896	4200000	0
fp_arith_inst_retired.scalar:u	897	4200000	0
fp_arith_inst_retired.scalar:u	898	4200000	0
fp_arith_inst_retired.scalar:u	899	4200000	0
fp_arith_inst_retired.scalar:u	900	4200000	0
fp_arith_inst_retired.scalar:u	901	4200000	0
fp_arith_inst_retired.scalar:u	902	4200000	0
fp_arith_inst_retired.scalar:u	903	4200000	0
fp_arith_inst_retired.scalar:u	904	4200000	0
fp_arith_inst_retired.scalar:u	905	4200000	0
fp_arith_inst_retired.scalar:u	906	4200000	0
fp_arith_inst_retired.scalar:u	907	4200000	0
fp_arith_inst_retired.scalar:u	908	4200000	0
fp_arith_inst_retired.scalar:u	909	4200000	0
fp_arith_inst_retired.scalar:u	910	4200000	0
fp_arith_inst_retired.scalar:u	911	4200000	0
fp_arith_inst_retired.scalar:u	912	4200000	0
fp_arith_inst_retired.scalar:u	913	4200000	0
fp_arith_inst_retired.scalar:u	914	4200000	0
fp_arith_inst_retired.scalar:u	915	4200000	0
fp_arith_inst_retired.scalar:u	916	4200000	0
fp_arith_inst_retired.scalar:u	917	4200000	0
fp_arith_inst_retired.scalar:u	918	4200000	0
fp_arith_inst_retired.scalar:u	919	4200000	0
fp_arith_inst_retired.scalar:u	920	4200000	0
fp_arith_inst_retired.scalar:u	921	4200000	0
fp_arith_inst_retired.scalar:u	922	4200000	0
fp_arith_inst_retired.scalar:u	923	4200000	0
fp_arith_inst_retired.scalar:u	924	4200000	0
fp_arith_inst_retired.scalar:u	925	4200000	0
fp_arith_inst_retired.scalar:u	926	4200000	0
fp_arith_inst_retired.scalar:u	927	4200000	0
fp_arith_inst_retired.scalar:u	928	4200000	0
fp_arith_inst_retired.scalar:u	929	4200000	0
fp_arith_inst_retired.scalar:u	930	4200000	0
fp_arith_inst_retired.scalar:u	931	4200000	0
fp_arith_inst_retired.scalar:u	932	4200000	0
fp_arith_inst_retired.scalar:u	933	4200000	0
fp_arith_inst_retired.scalar:u	934	4200000	0
fp_arith_inst_retired.scalar:u	935	4200000	0
fp_arith_inst_retired.scalar:u	936	4200000	0
fp_arith_inst_retired.scalar:u	937	4200000	0
fp_arith_inst_retired.scalar:u	938	4200000	0
fp_arith_inst_retired.scalar:u	939	4200000	0
fp_arith_inst_retired.scalar:u	940	4200000	0
fp_arith_inst_retired.scalar:u	941	4200000	0
fp_arith_inst_retired.scalar:u	942	4200000	0
fp_arith_inst_retired.scalar:u	943	4200000	0
fp_arith_inst_retired.scalar:u	944	4200000	0
fp_arith_inst_retired.scalar:u	945	4200000	0
fp_arith_inst_retired.scalar:u	946	4200000	0
fp_arith_inst_retired.scalar:u	947	4200000	0
fp_arith_inst_retired.scalar:u	948	4200000	0
fp_arith_inst_retired.scalar:u	949	4200000	0
fp_arith_inst_retired.scalar:u	950	4200000	0
fp_arith_inst_retired.scalar:u	951	4200000	0
fp_arith_inst_retired.scalar:u	952	4200000	0
fp_arith_inst_retired.scalar:u	953	4200000	0
fp_arith_inst_retired.scalar:u	954	4200000	0
fp_arith_inst_retired.scalar:u	955	4200000	0
fp_arith_inst_retired.scalar:u	956	4200000	0
fp_arith_inst_retired.scalar:u	957	4200000	0
fp_arith_inst_retired.scalar:u	958	4200000	0
fp_arith_inst_retired.scalar:u	959	4200000	0
fp_arith_inst_retired.scalar:u	960	4200000	0
fp_arith_inst_retired.scalar:u	961	4200000	0
fp_arith_inst_retired.scalar:u	962	4200000	0
fp_arith_inst_retired.scalar:u	963	4200000	0
fp_arith_inst_retired.scalar:u	964	4200000	0
fp_arith_inst_retired.scalar:u	965	4200000	0
fp_arith_inst_retired.scalar:u	966	4200000	0
fp_arith_inst_retired.scalar:u	967	4200000	0
fp_arith_inst_retired.scalar:u	968	4200000	0
fp_arith_inst_retired.scalar:u	969	4200000	0
fp_arith_inst_retired.scalar:u	970	4200000	0
fp_arith_inst_retired.scalar:u	971	4200000	0
fp_arith_inst_retired.scalar:u	972	4200000	0
fp_arith_inst_retired.scalar:u	973	4200000	0
fp_arith_inst_retired.scalar:u	974	4200000	0
fp_arith_inst_retired.scalar:u	975	4200000	0
fp_arith_inst_retired.scalar:u	976	4200000	0
fp_arith_inst_retired.scalar:u	977	4200000	0
fp_arith_inst_retired.scalar:u	978	4200000	0
fp_arith_inst_retired.scalar:u	979	4200000	0
fp_arith_inst_retired.scalar:u	980	4200000	0
fp_arith_inst_retired.scalar:u	981	4200000	0
fp_arith_inst_retired.scalar:u	982	4200000	0
fp_arith_inst_retired.scalar:u	983	4200000	0
fp_arith_inst_retired.scalar:u	984	4200000	0
fp_arith_inst_retired.scalar:u	985	4200000	0
fp_arith_inst_retired.scalar:u	986	4200000	0
fp_arith_inst_retired.scalar:u	987	4200000	0
fp_arith_inst_retired.scalar:u	988	4200000	0
fp_arith_inst_retired.scalar:u	989	4200000	0
fp_arith_inst_retired.scalar:u	990	4200000	0
fp_arith_inst_retired.scalar:u	991	4200000	0
fp_arith_inst_retired.scalar:u	992	4200000	0
fp_arith_inst_retired.scalar:u	993	4200000	0
fp_arith_inst_retired.scalar:u	994	4200000	0
fp_arith_inst_retired.scalar:u	995	4200000	0
fp_arith_inst_retired.scalar:u	996	4200000	0
fp_arith_inst_retired.scalar:u	997	4200000	0
fp_arith_inst_retired.scalar:u	998	4200000	0
fp_arith_inst_retired.scalar:u	999	4200000	0
fp_arith_inst_retired.scalar:u	1000	4200000	0
idq.dsb_cycles_any:u	1	41310230	0
idq.dsb_cycles_any:u	2	41581341	0
hle_retired.aborted_events:u	1	0	0
hle_retired.aborted_events:u	2	0	0
hle_retired.aborted_events:u	3	0	0
hle_retired.aborted_events:u	4	0	0
hle_retired.aborted_events:u	5	0	0
hle_retired.aborted_events:u	6	0	0
hle_retired.aborted_events:u	7	0	0
hle_retired.aborted_events:u	8	0	0
hle_retired.aborted_events:u	9	0	0
hle_retired.aborted_events:u	10	0	0
hle_retired.aborted_events:u	11	0	0
hle_retired.aborted_events:u	12	0	0
hle_retired.aborted_events:u	13	0	0
hle_retired.aborted_events:u	14	0	0
hle_retired.aborted_events:u	15	0	0
hle_retired.aborted_events:u	16	0	0
hle_retired.aborted_events:u	17	0	0
hle_retired.aborted_events:u	18	0	0
hle_retired.aborted_events:u	19	0	0
hle_retired.aborted_events:u	20	0	0
hle_retired.aborted_events:u	21	0	0
hle_retired.aborted_events:u	22	0	0
hle_retired.aborted_events:u	23	0	0
hle_retired.aborted_events:u	24	0	0
hle_retired.aborted_events:u	25	0	0
hle_retired.aborted_events:u	26	0	0
hle_retired.aborted_events:u	27	0	0
hle_retired.aborted_events:u	28	0	0
hle_retired.aborted_events:u	29	0	0
hle_retired.aborted_events:u	30	0	0
hle_retired.aborted_events:u	31	0	0
hle_retired.aborted_events:u	32	0	0
hle_retired.aborted_events:u	33	0	0
hle_retired.aborted_events:u	34	0	0
hle_retired.aborted_events:u	35	0	0
hle_retired.aborted_events:u	36	0	0
hle_retired.aborted_events:u	37	0	0
hle_retired.aborted_events:u	38	0	0
hle_retired.aborted_events:u	39	0	0
hle_retired.aborted_events:u	40	0	0
hle_retired.aborted_events:u	41	0	0
hle_retired.aborted_events:u	42	0	0
hle_retired.aborted_events:u	43	0	0
hle_retired.aborted_events:u	44	0	0
hle_retired.aborted_events:u	45	0	0
hle_retired.aborted_events:u	46	0	0
hle_retired.aborted_events:u	47	0	0
hle_retired.aborted_events:u	48	0	0
hle_retired.aborted_events:u	49	0	0
hle_retired.aborted_events:u	50	0	0
hle_retired.aborted_events:u	51	0	0
hle_retired.aborted_events:u	52	0	0
hle_retired.aborted_events:u	53	0	0
hle_retired.aborted_events:u	54	0	0
hle_retired.aborted_events:u	55	0	0
hle_retired.aborted_events:u	56	0	0
hle_retired.aborted_events:u	57	0	0
hle_retired.aborted_events:u	58	0	0
hle_retired.aborted_events:u	59	0	0
hle_retired.aborted_events:u	60	0	0
hle_retired.aborted_events:u	61	0	0
hle_retired.aborted_events:u	62	0	0
hle_retired.aborted_events:u	63	0	0
hle_retired.aborted_events:u	64	0	0
hle_retired.aborted_events:u	65	0	0
hle_retired.aborted_events:u	66	0	0
hle_retired.aborted_events:u	67	0	0
hle_retired.aborted_events:u	68	0	0
hle_retired.aborted_events:u	69	0	0
hle_retired.aborted_events:u	70	0	0
hle_retired.aborted_events:u	71	0	0
hle_retired.aborted_events:u	72	0	0
hle_retired.aborted_events:u	73	0	0
hle_retired.aborted_events:u	74	0	0
hle_retired.aborted_events:u	75	0	0
hle_retired.aborted_events:u	76	0	0
hle_retired.aborted_events:u	77	0	0
hle_retired.aborted_events:u	78	0	0
hle_retired.aborted_events:u	79	0	0
hle_retired.aborted_events:u	80	0	0
hle_retired.aborted_events:u	81	0	0
hle_retired.aborted_events:u	82	0	0
hle_retired.aborted_events:u	83	0	0
hle_retired.aborted_events:u	84	0	0
hle_retired.aborted_events:u	85	0	0
hle_retired.aborted_events:u	86	0	0
hle_retired.aborted_events:u	87	0	0
hle_retired.aborted_events:u	88	0	0
hle_retired.aborted_events:u	89	0	0
hle_retired.aborted_events:u	90	0	0
hle_retired.aborted_events:u	91	0	0
hle_retired.aborted_events:u	92	0	0
hle_retired.aborted_events:u	93	0	0
hle_retired.aborted_events:u	94	0	0
hle_retired.aborted_events:u	95	0	0
hle_retired.aborted_events:u	96	0	0
hle_retired.aborted_events:u	97	0	0
hle_retired.aborted_events:u	98	0	0
hle_retired.aborted_events:u	99	0	0
hle_retired.aborted_events:u	100	0	0
hle_retired.aborted_events:u	101	0	0
hle_retired.aborted_events:u	102	0	0
hle_retired.aborted_events:u	103	0	0
hle_retired.aborted_events:u	104	0	0
hle_retired.aborted_events:u	105	0	0
hle_retired.aborted_events:u	106	0	0
hle_retired.aborted_events:u	107	0	0
hle_retired.aborted_events:u	108	0	0
hle_retired.aborted_events:u	109	0	0
hle_retired.aborted_events:u	110	0	0
hle_retired.aborted_events:u	111	0	0
hle_retired.aborted_events:u	112	0	0
hle_retired.aborted_events:u	113	0	0
hle_retired.aborted_events:u	114	0	0
hle_retired.aborted_events:u	115	0	0
hle_retired.aborted_events:u	116	0	0
hle_retired.aborted_events:u	117	0	0
hle_retired.aborted_events:u	118	0	0
hle_retired.aborted_events:u	119	0	0
hle_retired.aborted_events:u	120	0	0
hle_retired.aborted_events:u	121	0	0
hle_retired.aborted_events:u	122	0	0
hle_retired.aborted_events:u	123	0	0
hle_retired.aborted_events:u	124	0	0
hle_retired.aborted_events:u	125	0	0
hle_retired.aborted_events:u	126	0	0
hle_retired.aborted_events:u	127	0	0
hle_retired.aborted_events:u	128	0	0
hle_retired.aborted_events:u	129	0	0
hle_retired.aborted_events:u	130	0	0
hle_retired.aborted_events:u	131	0	0
hle_retired.aborted_events:u	132	0	0
hle_retired.aborted_events:u	133	0	0
hle_retired.aborted_events:u	134	0	0
hle_retired.aborted_events:u	135	0	0
hle_retired.aborted_events:u	136	0	0
hle_retired.aborted_events:u	137	0	0
hle_retired.aborted_events:u	138	0	0
hle_retired.aborted_events:u	139	0	0
hle_retired.aborted_events:u	140	0	0
hle_retired.aborted_events:u	141	0	0
hle_retired.aborted_events:u	142	0	0
hle_retired.aborted_events:u	143	0	0
hle_retired.aborted_events:u	144	0	0
hle_retired.aborted_events:u	145	0	0
hle_retired.aborted_events:u	146	0	0
hle_retired.aborted_events:u	147	0	0
hle_retired.aborted_events:u	148	0	0
hle_retired.aborted_events:u	149	0	0
hle_retired.aborted_events:u	150	0	0
hle_retired.aborted_events:u	151	0	0
hle_retired.aborted_events:u	152	0	0
hle_retired.aborted_events:u	153	0	0
hle_retired.aborted_events:u	154	0	0
hle_retired.aborted_events:u	155	0	0
hle_retired.aborted_events:u	156	0	0
hle_retired.aborted_events:u	157	0	0
hle_retired.aborted_events:u	158	0	0
hle_retired.aborted_events:u	159	0	0
hle_retired.aborted_events:u	160	0	0
hle_retired.aborted_events:u	161	0	0
hle_retired.aborted_events:u	162	0	0
hle_retired.aborted_events:u	163	0	0
hle_retired.aborted_events:u	164	0	0
hle_retired.aborted_events:u	165	0	0
hle_retired.aborted_events:u	166	0	0
hle_retired.aborted_events:u	167	0	0
hle_retired.aborted_events:u	168	0	0
hle_retired.aborted_events:u	169	0	0
hle_retired.aborted_events:u	170	0	0
hle_retired.aborted_events:u	171	0	0
hle_retired.aborted_events:u	172	0	0
hle_retired.aborted_events:u	173	0	0
hle_retired.aborted_events:u	174	0	0
hle_retired.aborted_events:u	175	0	0
hle_retired.aborted_events:u	176	0	0
hle_retired.aborted_events:u	177	0	0
hle_retired.aborted_events:u	178	0	0
hle_retired.aborted_events:u	179	0	0
hle_retired.aborted_events:u	180	0	0
hle_retired.aborted_events:u	181	0	0
hle_retired.aborted_events:u	182	0	0
hle_retired.aborted_events:u	183	0	0
hle_retired.aborted_events:u	184	0	0
hle_retired.aborted_events:u	185	0	0
hle_retired.aborted_events:u	186	0	0
hle_retired.aborted_events:u	187	0	0
hle_retired.aborted_events:u	188	0	0
hle_retired.aborted_events:u	189	0	0
hle_retired.aborted_events:u	190	0	0
hle_retired.aborted_events:u	191	0	0
hle_retired.aborted_events:u	192	0	0
hle_retired.aborted_events:u	193	0	0
hle_retired.aborted_events:u	194	0	0
hle_retired.aborted_events:u	195	0	0
hle_retired.aborted_events:u	196	0	0
hle_retired.aborted_events:u	197	0	0
hle_retired.aborted_events:u	198	0	0
hle_retired.aborted_events:u	199	0	0
hle_retired.aborted_events:u	200	0	0
hle_retired.aborted_events:u	201	0	0
hle_retired.aborted_events:u	202	0	0
hle_retired.aborted_events:u	203	0	0
hle_retired.aborted_events:u	204	0	0
hle_retired.aborted_events:u	205	0	0
hle_retired.aborted_events:u	206	0	0
hle_retired.aborted_events:u	207	0	0
hle_retired.aborted_events:u	208	0	0
hle_retired.aborted_events:u	209	0	0
hle_retired.aborted_events:u	210	0	0
hle_retired.aborted_events:u	211	0	0
hle_retired.aborted_events:u	212	0	0
hle_retired.aborted_events:u	213	0	0
hle_retired.aborted_events:u	214	0	0
hle_retired.aborted_events:u	215	0	0
hle_retired.aborted_events:u	216	0	0
hle_retired.aborted_events:u	217	0	0
hle_retired.aborted_events:u	218	0	0
hle_retired.aborted_events:u	219	0	0
hle_retired.aborted_events:u	220	0	0
hle_retired.aborted_events:u	221	0	0
hle_retired.aborted_events:u	222	0	0
hle_retired.aborted_events:u	223	0	0
hle_retired.aborted_events:u	224	0	0
hle_retired.aborted_events:u	225	0	0
hle_retired.aborted_events:u	226	0	0
hle_retired.aborted_events:u	227	0	0
hle_retired.aborted_events:u	228	0	0
hle_retired.aborted_events:u	229	0	0
hle_retired.aborted_events:u	230	0	0
hle_retired.aborted_events:u	231	0	0
hle_retired.aborted_events:u	232	0	0
hle_retired.aborted_events:u	233	0	0
hle_retired.aborted_events:u	234	0	0
hle_retired.aborted_events:u	235	0	0
hle_retired.aborted_events:u	236	0	0
hle_retired.aborted_events:u	237	0	0
hle_retired.aborted_events:u	238	0	0
hle_retired.aborted_events:u	239	0	0
hle_retired.aborted_events:u	240	0	0
hle_retired.aborted_events:u	241	0	0
hle_retired.aborted_events:u	242	0	0
hle_retired.aborted_events:u	243	0	0
hle_retired.aborted_events:u	244	0	0
hle_retired.aborted_events:u	245	0	0
hle_retired.aborted_events:u	246	0	0
hle_retired.aborted_events:u	247	0	0
hle_retired.aborted_events:u	248	0	0
hle_retired.aborted_events:u	249	0	0
hle_retired.aborted_events:u	250	0	0
hle_retired.aborted_events:u	251	0	0
hle_retired.aborted_events:u	252	0	0
hle_retired.aborted_events:u	253	0	0
hle_retired.aborted_events:u	254	0	0
hle_retired.aborted_events:u	255	0	0
hle_retired.aborted_events:u	256	0	0
hle_retired.aborted_events:u	257	0	0
hle_retired.aborted_events:u	258	0	0
hle_retired.aborted_events:u	259	0	0
hle_retired.aborted_events:u	260	0	0
hle_retired.aborted_events:u	261	0	0
hle_retired.aborted_events:u	262	0	0
hle_retired.aborted_events:u	263	0	0
hle_retired.aborted_events:u	264	0	0
hle_retired.aborted_events:u	265	0	0
hle_retired.aborted_events:u	266	0	0
hle_retired.aborted_events:u	267	0	0
hle_retired.aborted_events:u	268	0	0
hle_retired.aborted_events:u	269	0	0
hle_retired.aborted_events:u	270	0	0
hle_retired.aborted_events:u	271	0	0
hle_retired.aborted_events:u	272	0	0
hle_retired.aborted_events:u	273	0	0
hle_retired.aborted_events:u	274	0	0
hle_retired.aborted_events:u	275	0	0
hle_retired.aborted_events:u	276	0	0
hle_retired.aborted_events:u	277	0	0
hle_retired.aborted_events:u	278	0	0
hle_retired.aborted_events:u	279	0	0
hle_retired.aborted_events:u	280	0	0
hle_retired.aborted_events:u	281	0	0
hle_retired.aborted_events:u	282	0	0
hle_retired.aborted_events:u	283	0	0
hle_retired.aborted_events:u	284	0	0
hle_retired.aborted_events:u	285	0	0
hle_retired.aborted_events:u	286	0	0
hle_retired.aborted_events:u	287	0	0
hle_retired.aborted_events:u	288	0	0
hle_retired.aborted_events:u	289	0	0
hle_retired.aborted_events:u	290	0	0
hle_retired.aborted_events:u	291	0	0
hle_retired.aborted_events:u	292	0	0
hle_retired.aborted_events:u	293	0	0
hle_retired.aborted_events:u	294	0	0
hle_retired.aborted_events:u	295	0	0
hle_retired.aborted_events:u	296	0	0
hle_retired.aborted_events:u	297	0	0
hle_retired.aborted_events:u	298	0	0
hle_retired.aborted_events:u	299	0	0
hle_retired.aborted_events:u	300	0	0
hle_retired.aborted_events:u	301	0	0
hle_retired.aborted_events:u	302	0	0
hle_retired.aborted_events:u	303	0	0
hle_retired.aborted_events:u	304	0	0
hle_retired.aborted_events:u	305	0	0
hle_retired.aborted_events:u	306	0	0
hle_retired.aborted_events:u	307	0	0
hle_retired.aborted_events:u	308	0	0
hle_retired.aborted_events:u	309	0	0
hle_retired.aborted_events:u	310	0	0
hle_retired.aborted_events:u	311	0	0
hle_retired.aborted_events:u	312	0	0
hle_retired.aborted_events:u	313	0	0
hle_retired.aborted_events:u	314	0	0
hle_retired.aborted_events:u	315	0	0
hle_retired.aborted_events:u	316	0	0
hle_retired.aborted_events:u	317	0	0
hle_retired.aborted_events:u	318	0	0
hle_retired.aborted_events:u	319	0	0
hle_retired.aborted_events:u	320	0	0
hle_retired.aborted_events:u	321	0	0
hle_retired.aborted_events:u	322	0	0
hle_retired.aborted_events:u	323	0	0
hle_retired.aborted_events:u	324	0	0
hle_retired.aborted_events:u	325	0	0
hle_retired.aborted_events:u	326	0	0
hle_retired.aborted_events:u	327	0	0
hle_retired.aborted_events:u	328	0	0
hle_retired.aborted_events:u	329	0	0
hle_retired.aborted_events:u	330	0	0
hle_retired.aborted_events:u	331	0	0
hle_retired.aborted_events:u	332	0	0
hle_retired.aborted_events:u	333	0	0
hle_retired.aborted_events:u	334	0	0
hle_retired.aborted_events:u	335	0	0
hle_retired.aborted_events:u	336	0	0
hle_retired.aborted_events:u	337	0	0
hle_retired.aborted_events:u	338	0	0
hle_retired.aborted_events:u	339	0	0
hle_retired.aborted_events:u	340	0	0
hle_retired.aborted_events:u	341	0	0
hle_retired.aborted_events:u	342	0	0
hle_retired.aborted_events:u	343	0	0
hle_retired.aborted_events:u	344	0	0
hle_retired.aborted_events:u	345	0	0
hle_retired.aborted_events:u	346	0	0
hle_retired.aborted_events:u	347	0	0
hle_retired.aborted_events:u	348	0	0
hle_retired.aborted_events:u	349	0	0
hle_retired.aborted_events:u	350	0	0
hle_retired.aborted_events:u	351	0	0
hle_retired.aborted_events:u	352	0	0
hle_retired.aborted_events:u	353	0	0
hle_retired.aborted_events:u	354	0	0
hle_retired.aborted_events:u	355	0	0
hle_retired.aborted_events:u	356	0	0
hle_retired.aborted_events:u	357	0	0
hle_retired.aborted_events:u	358	0	0
hle_retired.aborted_events:u	359	0	0
hle_retired.aborted_events:u	360	0	0
hle_retired.aborted_events:u	361	0	0
hle_retired.aborted_events:u	362	0	0
hle_retired.aborted_events:u	363	0	0
hle_retired.aborted_events:u	364	0	0
hle_retired.aborted_events:u	365	0	0
hle_retired.aborted_events:u	366	0	0
hle_retired.aborted_events:u	367	0	0
hle_retired.aborted_events:u	368	0	0
hle_retired.aborted_events:u	369	0	0
hle_retired.aborted_events:u	370	0	0
hle_retired.aborted_events:u	371	0	0
hle_retired.aborted_events:u	372	0	0
hle_retired.aborted_events:u	373	0	0
hle_retired.aborted_events:u	374	0	0
hle_retired.aborted_events:u	375	0	0
hle_retired.aborted_events:u	376	0	0
hle_retired.aborted_events:u	377	0	0
hle_retired.aborted_events:u	378	0	0
hle_retired.aborted_events:u	379	0	0
hle_retired.aborted_events:u	380	0	0
hle_retired.aborted_events:u	381	0	0
hle_retired.aborted_events:u	382	0	0
hle_retired.aborted_events:u	383	0	0
hle_retired.aborted_events:u	384	0	0
hle_retired.aborted_events:u	385	0	0
hle_retired.aborted_events:u	386	0	0
hle_retired.aborted_events:u	387	0	0
hle_retired.aborted_events:u	388	0	0
hle_retired.aborted_events:u	389	0	0
hle_retired.aborted_events:u	390	0	0
hle_retired.aborted_events:u	391	0	0
hle_retired.aborted_events:u	392	0	0
hle_retired.aborted_events:u	393	0	0
hle_retired.aborted_events:u	394	0	0
hle_retired.aborted_events:u	395	0	0
hle_retired.aborted_events:u	396	0	0
hle_retired.aborted_events:u	397	0	0
hle_retired.aborted_events:u	398	0	0
hle_retired.aborted_events:u	399	0	0
hle_retired.aborted_events:u	400	0	0
hle_retired.aborted_events:u	401	0	0
hle_retired.aborted_events:u	402	0	0
hle_retired.aborted_events:u	403	0	0
hle_retired.aborted_events:u	404	0	0
hle_retired.aborted_events:u	405	0	0
hle_retired.aborted_events:u	406	0	0
hle_retired.aborted_events:u	407	0	0
hle_retired.aborted_events:u	408	0	0
hle_retired.aborted_events:u	409	0	0
hle_retired.aborted_events:u	410	0	0
hle_retired.aborted_events:u	411	0	0
hle_retired.aborted_events:u	412	0	0
hle_retired.aborted_events:u	413	0	0
hle_retired.aborted_events:u	414	0	0
hle_retired.aborted_events:u	415	0	0
hle_retired.aborted_events:u	416	0	0
hle_retired.aborted_events:u	417	0	0
hle_retired.aborted_events:u	418	0	0
hle_retired.aborted_events:u	419	0	0
hle_retired.aborted_events:u	420	0	0
hle_retired.aborted_events:u	421	0	0
hle_retired.aborted_events:u	422	0	0
hle_retired.aborted_events:u	423	0	0
hle_retired.aborted_events:u	424	0	0
hle_retired.aborted_events:u	425	0	0
hle_retired.aborted_events:u	426	0	0
hle_retired.aborted_events:u	427	0	0
hle_retired.aborted_events:u	428	0	0
hle_retired.aborted_events:u	429	0	0
hle_retired.aborted_events:u	430	0	0
hle_retired.aborted_events:u	431	0	0
hle_retired.aborted_events:u	432	0	0
hle_retired.aborted_events:u	433	0	0
hle_retired.aborted_events:u	434	0	0
hle_retired.aborted_events:u	435	0	0
hle_retired.aborted_events:u	436	0	0
hle_retired.aborted_events:u	437	0	0
hle_retired.aborted_events:u	438	0	0
hle_retired.aborted_events:u	439	0	0
hle_retired.aborted_events:u	440	0	0
hle_retired.aborted_events:u	441	0	0
hle_retired.aborted_events:u	442	0	0
hle_retired.aborted_events:u	443	0	0
hle_retired.aborted_events:u	444	0	0
hle_retired.aborted_events:u	445	0	0
hle_retired.aborted_events:u	446	0	0
hle_retired.aborted_events:u	447	0	0
hle_retired.aborted_events:u	448	0	0
hle_retired.aborted_events:u	449	0	0
hle_retired.aborted_events:u	450	0	0
hle_retired.aborted_events:u	451	0	0
hle_retired.aborted_events:u	452	0	0
hle_retired.aborted_events:u	453	0	0
hle_retired.aborted_events:u	454	0	0
hle_retired.aborted_events:u	455	0	0
hle_retired.aborted_events:u	456	0	0
hle_retired.aborted_events:u	457	0	0
hle_retired.aborted_events:u	458	0	0
hle_retired.aborted_events:u	459	0	0
hle_retired.aborted_events:u	460	0	0
hle_retired.aborted_events:u	461	0	0
hle_retired.aborted_events:u	462	0	0
hle_retired.aborted_events:u	463	0	0
hle_retired.aborted_events:u	464	0	0
hle_retired.aborted_events:u	465	0	0
hle_retired.aborted_events:u	466	0	0
hle_retired.aborted_events:u	467	0	0
hle_retired.aborted_events:u	468	0	0
hle_retired.aborted_events:u	469	0	0
hle_retired.aborted_events:u	470	0	0
hle_retired.aborted_events:u	471	0	0
hle_retired.aborted_events:u	472	0	0
hle_retired.aborted_events:u	473	0	0
hle_retired.aborted_events:u	474	0	0
hle_retired.aborted_events:u	475	0	0
hle_retired.aborted_events:u	476	0	0
hle_retired.aborted_events:u	477	0	0
hle_retired.aborted_events:u	478	0	0
hle_retired.aborted_events:u	479	0	0
hle_retired.aborted_events:u	480	0	0
hle_retired.aborted_events:u	481	0	0
hle_retired.aborted_events:u	482	0	0
hle_retired.aborted_events:u	483	0	0
hle_retired.aborted_events:u	484	0	0
hle_retired.aborted_events:u	485	0	0
hle_retired.aborted_events:u	486	0	0
hle_retired.aborted_events:u	487	0	0
hle_retired.aborted_events:u	488	0	0
hle_retired.aborted_events:u	489	0	0
hle_retired.aborted_events:u	490	0	0
hle_retired.aborted_events:u	491	0	0
hle_retired.aborted_events:u	492	0	0
hle_retired.aborted_events:u	493	0	0
hle_retired.aborted_events:u	494	0	0
hle_retired.aborted_events:u	495	0	0
hle_retired.aborted_events:u	496	0	0
hle_retired.aborted_events:u	497	0	0
hle_retired.aborted_events:u	498	0	0
hle_retired.aborted_events:u	499	0	0
hle_retired.aborted_events:u	500	0	0
hle_retired.aborted_events:u	501	0	0
hle_retired.aborted_events:u	502	0	0
hle_retired.aborted_events:u	503	0	0
hle_retired.aborted_events:u	504	0	0
hle_retired.aborted_events:u	505	0	0
hle_retired.aborted_events:u	506	0	0
hle_retired.aborted_events:u	507	0	0
hle_retired.aborted_events:u	508	0	0
hle_retired.aborted_events:u	509	0	0
hle_retired.aborted_events:u	510	0	0
hle_retired.aborted_events:u	511	0	0
hle_retired.aborted_events:u	512	0	0
hle_retired.aborted_events:u	513	0	0
hle_retired.aborted_events:u	514	0	0
hle_retired.aborted_events:u	515	0	0
hle_retired.aborted_events:u	516	0	0
hle_retired.aborted_events:u	517	0	0
hle_retired.aborted_events:u	518	0	0
hle_retired.aborted_events:u	519	0	0
hle_retired.aborted_events:u	520	0	0
hle_retired.aborted_events:u	521	0	0
hle_retired.aborted_events:u	522	0	0
hle_retired.aborted_events:u	523	0	0
hle_retired.aborted_events:u	524	0	0
hle_retired.aborted_events:u	525	0	0
hle_retired.aborted_events:u	526	0	0
hle_retired.aborted_events:u	527	0	0
hle_retired.aborted_events:u	528	0	0
hle_retired.aborted_events:u	529	0	0
hle_retired.aborted_events:u	530	0	0
hle_retired.aborted_events:u	531	0	0
hle_retired.aborted_events:u	532	0	0
hle_retired.aborted_events:u	533	0	0
hle_retired.aborted_events:u	534	0	0
hle_retired.aborted_events:u	535	0	0
hle_retired.aborted_events:u	536	0	0
hle_retired.aborted_events:u	537	0	0
hle_retired.aborted_events:u	538	0	0
hle_retired.aborted_events:u	539	0	0
hle_retired.aborted_events:u	540	0	0
hle_retired.aborted_events:u	541	0	0
hle_retired.aborted_events:u	542	0	0
hle_retired.aborted_events:u	543	0	0
hle_retired.aborted_events:u	544	0	0
hle_retired.aborted_events:u	545	0	0
hle_retired.aborted_events:u	546	0	0
hle_retired.aborted_events:u	547	0	0
hle_retired.aborted_events:u	548	0	0
hle_retired.aborted_events:u	549	0	0
hle_retired.aborted_events:u	550	0	0
hle_retired.aborted_events:u	551	0	0
hle_retired.aborted_events:u	552	0	0
hle_retired.aborted_events:u	553	0	0
hle_retired.aborted_events:u	554	0	0
hle_retired.aborted_events:u	555	0	0
hle_retired.aborted_events:u	556	0	0
hle_retired.aborted_events:u	557	0	0
hle_retired.aborted_events:u	558	0	0
hle_retired.aborted_events:u	559	0	0
hle_retired.aborted_events:u	560	0	0
hle_retired.aborted_events:u	561	0	0
hle_retired.aborted_events:u	562	0	0
hle_retired.aborted_events:u	563	0	0
hle_retired.aborted_events:u	564	0	0
hle_retired.aborted_events:u	565	0	0
hle_retired.aborted_events:u	566	0	0
hle_retired.aborted_events:u	567	0	0
hle_retired.aborted_events:u	568	0	0
hle_retired.aborted_events:u	569	0	0
hle_retired.aborted_events:u	570	0	0
hle_retired.aborted_events:u	571	0	0
hle_retired.aborted_events:u	572	0	0
hle_retired.aborted_events:u	573	0	0
hle_retired.aborted_events:u	574	0	0
hle_retired.aborted_events:u	575	0	0
hle_retired.aborted_events:u	576	0	0
hle_retired.aborted_events:u	577	0	0
hle_retired.aborted_events:u	578	0	0
hle_retired.aborted_events:u	579	0	0
hle_retired.aborted_events:u	580	0	0
hle_retired.aborted_events:u	581	0	0
hle_retired.aborted_events:u	582	0	0
hle_retired.aborted_events:u	583	0	0
hle_retired.aborted_events:u	584	0	0
hle_retired.aborted_events:u	585	0	0
hle_retired.aborted_events:u	586	0	0
hle_retired.aborted_events:u	587	0	0
hle_retired.aborted_events:u	588	0	0
hle_retired.aborted_events:u	589	0	0
hle_retired.aborted_events:u	590	0	0
hle_retired.aborted_events:u	591	0	0
hle_retired.aborted_events:u	592	0	0
hle_retired.aborted_events:u	593	0	0
hle_retired.aborted_events:u	594	0	0
hle_retired.aborted_events:u	595	0	0
hle_retired.aborted_events:u	596	0	0
hle_retired.aborted_events:u	597	0	0
hle_retired.aborted_events:u	598	0	0
hle_retired.aborted_events:u	599	0	0
hle_retired.aborted_events:u	600	0	0
hle_retired.aborted_events:u	601	0	0
hle_retired.aborted_events:u	602	0	0
hle_retired.aborted_events:u	603	0	0
hle_retired.aborted_events:u	604	0	0
hle_retired.aborted_events:u	605	0	0
hle_retired.aborted_events:u	606	0	0
hle_retired.aborted_events:u	607	0	0
hle_retired.aborted_events:u	608	0	0
hle_retired.aborted_events:u	609	0	0
hle_retired.aborted_events:u	610	0	0
hle_retired.aborted_events:u	611	0	0
hle_retired.aborted_events:u	612	0	0
hle_retired.aborted_events:u	613	0	0
hle_retired.aborted_events:u	614	0	0
hle_retired.aborted_events:u	615	0	0
hle_retired.aborted_events:u	616	0	0
hle_retired.aborted_events:u	617	0	0
hle_retired.aborted_events:u	618	0	0
hle_retired.aborted_events:u	619	0	0
hle_retired.aborted_events:u	620	0	0
hle_retired.aborted_events:u	621	0	0
hle_retired.aborted_events:u	622	0	0
hle_retired.aborted_events:u	623	0	0
hle_retired.aborted_events:u	624	0	0
hle_retired.aborted_events:u	625	0	0
hle_retired.aborted_events:u	626	0	0
hle_retired.aborted_events:u	627	0	0
hle_retired.aborted_events:u	628	0	0
hle_retired.aborted_events:u	629	0	0
hle_retired.aborted_events:u	630	0	0
hle_retired.aborted_events:u	631	0	0
hle_retired.aborted_events:u	632	0	0
hle_retired.aborted_events:u	633	0	0
hle_retired.aborted_events:u	634	0	0
hle_retired.aborted_events:u	635	0	0
hle_retired.aborted_events:u	636	0	0
hle_retired.aborted_events:u	637	0	0
hle_retired.aborted_events:u	638	0	0
hle_retired.aborted_events:u	639	0	0
hle_retired.aborted_events:u	640	0	0
hle_retired.aborted_events:u	641	0	0
hle_retired.aborted_events:u	642	0	0
hle_retired.aborted_events:u	643	0	0
hle_retired.aborted_events:u	644	0	0
hle_retired.aborted_events:u	645	0	0
hle_retired.aborted_events:u	646	0	0
hle_retired.aborted_events:u	647	0	0
hle_retired.aborted_events:u	648	0	0
hle_retired.aborted_events:u	649	0	0
hle_retired.aborted_events:u	650	0	0
hle_retired.aborted_events:u	651	0	0
hle_retired.aborted_events:u	652	0	0
hle_retired.aborted_events:u	653	0	0
hle_retired.aborted_events:u	654	0	0
hle_retired.aborted_events:u	655	0	0
hle_retired.aborted_events:u	656	0	0
hle_retired.aborted_events:u	657	0	0
hle_retired.aborted_events:u	658	0	0
hle_retired.aborted_events:u	659	0	0
hle_retired.aborted_events:u	660	0	0
hle_retired.aborted_events:u	661	0	0
hle_retired.aborted_events:u	662	0	0
hle_retired.aborted_events:u	663	0	0
hle_retired.aborted_events:u	664	0	0
hle_retired.aborted_events:u	665	0	0
hle_retired.aborted_events:u	666	0	0
hle_retired.aborted_events:u	667	0	0
hle_retired.aborted_events:u	668	0	0
hle_retired.aborted_events:u	669	0	0
hle_retired.aborted_events:u	670	0	0
hle_retired.aborted_events:u	671	0	0
hle_retired.aborted_events:u	672	0	0
hle_retired.aborted_events:u	673	0	0
hle_retired.aborted_events:u	674	0	0
hle_retired.aborted_events:u	675	0	0
hle_retired.aborted_events:u	676	0	0
hle_retired.aborted_events:u	677	0	0
hle_retired.aborted_events:u	678	0	0
hle_retired.aborted_events:u	679	0	0
hle_retired.aborted_events:u	680	0	0
hle_retired.aborted_events:u	681	0	0
hle_retired.aborted_events:u	682	0	0
hle_retired.aborted_events:u	683	0	0
hle_retired.aborted_events:u	684	0	0
hle_retired.aborted_events:u	685	0	0
hle_retired.aborted_events:u	686	0	0
hle_retired.aborted_events:u	687	0	0
hle_retired.aborted_events:u	688	0	0
hle_retired.aborted_events:u	689	0	0
hle_retired.aborted_events:u	690	0	0
hle_retired.aborted_events:u	691	0	0
hle_retired.aborted_events:u	692	0	0
hle_retired.aborted_events:u	693	0	0
hle_retired.aborted_events:u	694	0	0
hle_retired.aborted_events:u	695	0	0
hle_retired.aborted_events:u	696	0	0
hle_retired.aborted_events:u	697	0	0
hle_retired.aborted_events:u	698	0	0
hle_retired.aborted_events:u	699	0	0
hle_retired.aborted_events:u	700	0	0
hle_retired.aborted_events:u	701	0	0
hle_retired.aborted_events:u	702	0	0
hle_retired.aborted_events:u	703	0	0
hle_retired.aborted_events:u	704	0	0
hle_retired.aborted_events:u	705	0	0
hle_retired.aborted_events:u	706	0	0
hle_retired.aborted_events:u	707	0	0
hle_retired.aborted_events:u	708	0	0
hle_retired.aborted_events:u	709	0	0
hle_retired.aborted_events:u	710	0	0
hle_retired.aborted_events:u	711	0	0
hle_retired.aborted_events:u	712	0	0
hle_retired.aborted_events:u	713	0	0
hle_retired.aborted_events:u	714	0	0
hle_retired.aborted_events:u	715	0	0
hle_retired.aborted_events:u	716	0	0
hle_retired.aborted_events:u	717	0	0
hle_retired.aborted_events:u	718	0	0
hle_retired.aborted_events:u	719	0	0
hle_retired.aborted_events:u	720	0	0
hle_retired.aborted_events:u	721	0	0
hle_retired.aborted_events:u	722	0	0
hle_retired.aborted_events:u	723	0	0
hle_retired.aborted_events:u	724	0	0
hle_retired.aborted_events:u	725	0	0
hle_retired.aborted_events:u	726	0	0
hle_retired.aborted_events:u	727	0	0
hle_retired.aborted_events:u	728	0	0
hle_retired.aborted_events:u	729	0	0
hle_retired.aborted_events:u	730	0	0
hle_retired.aborted_events:u	731	0	0
hle_retired.aborted_events:u	732	0	0
hle_retired.aborted_events:u	733	0	0
hle_retired.aborted_events:u	734	0	0
hle_retired.aborted_events:u	735	0	0
hle_retired.aborted_events:u	736	0	0
hle_retired.aborted_events:u	737	0	0
hle_retired.aborted_events:u	738	0	0
hle_retired.aborted_events:u	739	0	0
hle_retired.aborted_events:u	740	0	0
hle_retired.aborted_events:u	741	0	0
hle_retired.aborted_events:u	742	0	0
hle_retired.aborted_events:u	743	0	0
hle_retired.aborted_events:u	744	0	0
hle_retired.aborted_events:u	745	0	0
hle_retired.aborted_events:u	746	0	0
hle_retired.aborted_events:u	747	0	0
hle_retired.aborted_events:u	748	0	0
hle_retired.aborted_events:u	749	0	0
hle_retired.aborted_events:u	750	0	0
hle_retired.aborted_events:u	751	0	0
hle_retired.aborted_events:u	752	0	0
hle_retired.aborted_events:u	753	0	0
hle_retired.aborted_events:u	754	0	0
hle_retired.aborted_events:u	755	0	0
hle_retired.aborted_events:u	756	0	0
hle_retired.aborted_events:u	757	0	0
hle_retired.aborted_events:u	758	0	0
hle_retired.aborted_events:u	759	0	0
hle_retired.aborted_events:u	760	0	0
hle_retired.aborted_events:u	761	0	0
hle_retired.aborted_events:u	762	0	0
hle_retired.aborted_events:u	763	0	0
hle_retired.aborted_events:u	764	0	0
hle_retired.aborted_events:u	765	0	0
hle_retired.aborted_events:u	766	0	0
hle_retired.aborted_events:u	767	0	0
hle_retired.aborted_events:u	768	0	0
hle_retired.aborted_events:u	769	0	0
hle_retired.aborted_events:u	770	0	0
hle_retired.aborted_events:u	771	0	0
hle_retired.aborted_events:u	772	0	0
hle_retired.aborted_events:u	773	0	0
hle_retired.aborted_events:u	774	0	0
hle_retired.aborted_events:u	775	0	0
hle_retired.aborted_events:u	776	0	0
hle_retired.aborted_events:u	777	0	0
hle_retired.aborted_events:u	778	0	0
hle_retired.aborted_events:u	779	0	0
hle_retired.aborted_events:u	780	0	0
hle_retired.aborted_events:u	781	0	0
hle_retired.aborted_events:u	782	0	0
hle_retired.aborted_events:u	783	0	0
hle_retired.aborted_events:u	784	0	0
hle_retired.aborted_events:u	785	0	0
hle_retired.aborted_events:u	786	0	0
hle_retired.aborted_events:u	787	0	0
hle_retired.aborted_events:u	788	0	0
hle_retired.aborted_events:u	789	0	0
hle_retired.aborted_events:u	790	0	0
hle_retired.aborted_events:u	791	0	0
hle_retired.aborted_events:u	792	0	0
hle_retired.aborted_events:u	793	0	0
hle_retired.aborted_events:u	794	0	0
hle_retired.aborted_events:u	795	0	0
hle_retired.aborted_events:u	796	0	0
hle_retired.aborted_events:u	797	0	0
hle_retired.aborted_events:u	798	0	0
hle_retired.aborted_events:u	799	0	0
hle_retired.aborted_events:u	800	0	0
hle_retired.aborted_events:u	801	0	0
hle_retired.aborted_events:u	802	0	0
hle_retired.aborted_events:u	803	0	0
hle_retired.aborted_events:u	804	0	0
hle_retired.aborted_events:u	805	0	0
hle_retired.aborted_events:u	806	0	0
hle_retired.aborted_events:u	807	0	0
hle_retired.aborted_events:u	808	0	0
hle_retired.aborted_events:u	809	0	0
hle_retired.aborted_events:u	810	0	0
hle_retired.aborted_events:u	811	0	0
hle_retired.aborted_events:u	812	0	0
hle_retired.aborted_events:u	813	0	0
hle_retired.aborted_events:u	814	0	0
hle_retired.aborted_events:u	815	0	0
hle_retired.aborted_events:u	816	0	0
hle_retired.aborted_events:u	817	0	0
hle_retired.aborted_events:u	818	0	0
hle_retired.aborted_events:u	819	0	0
hle_retired.aborted_events:u	820	0	0
hle_retired.aborted_events:u	821	0	0
hle_retired.aborted_events:u	822	0	0
hle_retired.aborted_events:u	823	0	0
hle_retired.aborted_events:u	824	0	0
hle_retired.aborted_events:u	825	0	0
hle_retired.aborted_events:u	826	0	0
hle_retired.aborted_events:u	827	0	0
hle_retired.aborted_events:u	828	0	0
hle_retired.aborted_events:u	829	0	0
hle_retired.aborted_events:u	830	0	0
hle_retired.aborted_events:u	831	0	0
hle_retired.aborted_events:u	832	0	0
hle_retired.aborted_events:u	833	0	0
hle_retired.aborted_events:u	834	0	0
hle_retired.aborted_events:u	835	0	0
hle_retired.aborted_events:u	836	0	0
hle_retired.aborted_events:u	837	0	0
hle_retired.aborted_events:u	838	0	0
hle_retired.aborted_events:u	839	0	0
hle_retired.aborted_events:u	840	0	0
hle_retired.aborted_events:u	841	0	0
hle_retired.aborted_events:u	842	0	0
hle_retired.aborted_events:u	843	0	0
hle_retired.aborted_events:u	844	0	0
hle_retired.aborted_events:u	845	0	0
hle_retired.aborted_events:u	846	0	0
hle_retired.aborted_events:u	847	0	0
hle_retired.aborted_events:u	848	0	0
hle_retired.aborted_events:u	849	0	0
hle_retired.aborted_events:u	850	0	0
hle_retired.aborted_events:u	851	0	0
hle_retired.aborted_events:u	852	0	0
hle_retired.aborted_events:u	853	0	0
hle_retired.aborted_events:u	854	0	0
hle_retired.aborted_events:u	855	0	0
hle_retired.aborted_events:u	856	0	0
hle_retired.aborted_events:u	857	0	0
hle_retired.aborted_events:u	858	0	0
hle_retired.aborted_events:u	859	0	0
hle_retired.aborted_events:u	860	0	0
hle_retired.aborted_events:u	861	0	0
hle_retired.aborted_events:u	862	0	0
hle_retired.aborted_events:u	863	0	0
hle_retired.aborted_events:u	864	0	0
hle_retired.aborted_events:u	865	0	0
hle_retired.aborted_events:u	866	0	0
hle_retired.aborted_events:u	867	0	0
hle_retired.aborted_events:u	868	0	0
hle_retired.aborted_events:u	869	0	0
hle_retired.aborted_events:u	870	0	0
hle_retired.aborted_events:u	871	0	0
hle_retired.aborted_events:u	872	0	0
hle_retired.aborted_events:u	873	0	0
hle_retired.aborted_events:u	874	0	0
hle_retired.aborted_events:u	875	0	0
hle_retired.aborted_events:u	876	0	0
hle_retired.aborted_events:u	877	0	0
hle_retired.aborted_events:u	878	0	0
hle_retired.aborted_events:u	879	0	0
hle_retired.aborted_events:u	880	0	0
hle_retired.aborted_events:u	881	0	0
hle_retired.aborted_events:u	882	0	0
hle_retired.aborted_events:u	883	0	0
hle_retired.aborted_events:u	884	0	0
hle_retired.aborted_events:u	885	0	0
hle_retired.aborted_events:u	886	0	0
hle_retired.aborted_events:u	887	0	0
hle_retired.aborted_events:u	888	0	0
hle_retired.aborted_events:u	889	0	0
hle_retired.aborted_events:u	890	0	0
hle_retired.aborted_events:u	891	0	0
hle_retired.aborted_events:u	892	0	0
hle_retired.aborted_events:u	893	0	0
hle_retired.aborted_events:u	894	0	0
hle_retired.aborted_events:u	895	0	0
hle_retired.aborted_events:u	896	0	0
hle_retired.aborted_events:u	897	0	0
hle_retired.aborted_events:u	898	0	0
hle_retired.aborted_events:u	899	0	0
hle_retired.aborted_events:u	900	0	0
hle_retired.aborted_events:u	901	0	0
hle_retired.aborted_events:u	902	0	0
hle_retired.aborted_events:u	903	0	0
hle_retired.aborted_events:u	904	0	0
hle_retired.aborted_events:u	905	0	0
hle_retired.aborted_events:u	906	0	0
hle_retired.aborted_events:u	907	0	0
hle_retired.aborted_events:u	908	0	0
hle_retired.aborted_events:u	909	0	0
hle_retired.aborted_events:u	910	0	0
hle_retired.aborted_events:u	911	0	0
hle_retired.aborted_events:u	912	0	0
hle_retired.aborted_events:u	913	0	0
hle_retired.aborted_events:u	914	0	0
hle_retired.aborted_events:u	915	0	0
hle_retired.aborted_events:u	916	0	0
hle_retired.aborted_events:u	917	0	0
hle_retired.aborted_events:u	918	0	0
hle_retired.aborted_events:u	919	0	0
hle_retired.aborted_events:u	920	0	0
hle_retired.aborted_events:u	921	0	0
hle_retired.aborted_events:u	922	0	0
hle_retired.aborted_events:u	923	0	0
hle_retired.aborted_events:u	924	0	0
hle_retired.aborted_events:u	925	0	0
hle_retired.aborted_events:u	926	0	0
hle_retired.aborted_events:u	927	0	0
hle_retired.aborted_events:u	928	0	0
hle_retired.aborted_events:u	929	0	0
hle_retired.aborted_events:u	930	0	0
hle_retired.aborted_events:u	931	0	0
hle_retired.aborted_events:u	932	0	0
hle_retired.aborted_events:u	933	0	0
hle_retired.aborted_events:u	934	0	0
hle_retired.aborted_events:u	935	0	0
hle_retired.aborted_events:u	936	0	0
hle_retired.aborted_events:u	937	0	0
hle_retired.aborted_events:u	938	0	0
hle_retired.aborted_events:u	939	0	0
hle_retired.aborted_events:u	940	0	0
hle_retired.aborted_events:u	941	0	0
hle_retired.aborted_events:u	942	0	0
hle_retired.aborted_events:u	943	0	0
hle_retired.aborted_events:u	944	0	0
hle_retired.aborted_events:u	945	0	0
hle_retired.aborted_events:u	946	0	0
hle_retired.aborted_events:u	947	0	0
hle_retired.aborted_events:u	948	0	0
hle_retired.aborted_events:u	949	0	0
hle_retired.aborted_events:u	950	0	0
hle_retired.aborted_events:u	951	0	0
hle_retired.aborted_events:u	952	0	0
hle_retired.aborted_events:u	953	0	0
hle_retired.aborted_events:u	954	0	0
hle_retired.aborted_events:u	955	0	0
hle_retired.aborted_events:u	956	0	0
hle_retired.aborted_events:u	957	0	0
hle_retired.aborted_events:u	958	0	0
hle_retired.aborted_events:u	959	0	0
hle_retired.aborted_events:u	960	0	0
hle_retired.aborted_events:u	961	0	0
hle_retired.aborted_events:u	962	0	0
hle_retired.aborted_events:u	963	0	0
hle_retired.aborted_events:u	964	0	0
hle_retired.aborted_events:u	965	0	0
hle_retired.aborted_events:u	966	0	0
hle_retired.aborted_events:u	967	0	0
hle_retired.aborted_events:u	968	0	0
hle_retired.aborted_events:u	969	0	0
hle_retired.aborted_events:u	970	0	0
hle_retired.aborted_events:u	971	0	0
hle_retired.aborted_events:u	972	0	0
hle_retired.aborted_events:u	973	0	0
hle_retired.aborted_events:u	974	0	0
hle_retired.aborted_events:u	975	0	0
hle_retired.aborted_events:u	976	0	0
hle_retired.aborted_events:u	977	0	0
hle_retired.aborted_events:u	978	0	0
hle_retired.aborted_events:u	979	0	0
hle_retired.aborted_events:u	980	0	0
hle_retired.aborted_events:u	981	0	0
hle_retired.aborted_events:u	982	0	0
hle_retired.aborted_events:u	983	0	0
hle_retired.aborted_events:u	984	0	0
hle_retired.aborted_events:u	985	0	0
hle_retired.aborted_events:u	986	0	0
hle_retired.aborted_events:u	987	0	0
hle_retired.aborted_events:u	988	0	0
hle_retired.aborted_events:u	989	0	0
hle_retired.aborted_events:u	990	0	0
hle_retired.aborted_events:u	991	0	0
hle_retired.aborted_events:u	992	0	0
hle_retired.aborted_events:u	993	0	0
hle_retired.aborted_events:u	994	0	0
hle_retired.aborted_events:u	995	0	0
hle_retired.aborted_events:u	996	0	0
hle_retired.aborted_events:u	997	0	0
hle_retired.aborted_events:u	998	0	0
hle_retired.aborted_events:u	999	0	0
hle_retired.aborted_events:u	1000	0	0
tx_exec.misc4:u	1	0	0
tx_exec.misc4:u	2	0	0
tx_exec.misc4:u	3	0	0
tx_exec.misc4:u	4	0	0
tx_exec.misc4:u	5	0	0
tx_exec.misc4:u	6	0	0
tx_exec.misc4:u	7	0	0
tx_exec.misc4:u	8	0	0
tx_exec.misc4:u	9	0	0
tx_exec.misc4:u	10	0	0
tx_exec.misc4:u	11	0	0
tx_exec.misc4:u	12	0	0
tx_exec.misc4:u	13	0	0
tx_exec.misc4:u	14	0	0
tx_exec.misc4:u	15	0	0
tx_exec.misc4:u	16	0	0
tx_exec.misc4:u	17	0	0
tx_exec.misc4:u	18	0	0
tx_exec.misc4:u	19	0	0
tx_exec.misc4:u	20	0	0
tx_exec.misc4:u	21	0	0
tx_exec.misc4:u	22	0	0
tx_exec.misc4:u	23	0	0
tx_exec.misc4:u	24	0	0
tx_exec.misc4:u	25	0	0
tx_exec.misc4:u	26	0	0
tx_exec.misc4:u	27	0	0
tx_exec.misc4:u	28	0	0
tx_exec.misc4:u	29	0	0
tx_exec.misc4:u	30	0	0
tx_exec.misc4:u	31	0	0
tx_exec.misc4:u	32	0	0
tx_exec.misc4:u	33	0	0
tx_exec.misc4:u	34	0	0
tx_exec.misc4:u	35	0	0
tx_exec.misc4:u	36	0	0
tx_exec.misc4:u	37	0	0
tx_exec.misc4:u	38	0	0
tx_exec.misc4:u	39	0	0
tx_exec.misc4:u	40	0	0
tx_exec.misc4:u	41	0	0
tx_exec.misc4:u	42	0	0
tx_exec.misc4:u	43	0	0
tx_exec.misc4:u	44	0	0
tx_exec.misc4:u	45	0	0
tx_exec.misc4:u	46	0	0
tx_exec.misc4:u	47	0	0
tx_exec.misc4:u	48	0	0
tx_exec.misc4:u	49	0	0
tx_exec.misc4:u	50	0	0
tx_exec.misc4:u	51	0	0
tx_exec.misc4:u	52	0	0
tx_exec.misc4:u	53	0	0
tx_exec.misc4:u	54	0	0
tx_exec.misc4:u	55	0	0
tx_exec.misc4:u	56	0	0
tx_exec.misc4:u	57	0	0
tx_exec.misc4:u	58	0	0
tx_exec.misc4:u	59	0	0
tx_exec.misc4:u	60	0	0
tx_exec.misc4:u	61	0	0
tx_exec.misc4:u	62	0	0
tx_exec.misc4:u	63	0	0
tx_exec.misc4:u	64	0	0
tx_exec.misc4:u	65	0	0
tx_exec.misc4:u	66	0	0
tx_exec.misc4:u	67	0	0
tx_exec.misc4:u	68	0	0
tx_exec.misc4:u	69	0	0
tx_exec.misc4:u	70	0	0
tx_exec.misc4:u	71	0	0
tx_exec.misc4:u	72	0	0
tx_exec.misc4:u	73	0	0
tx_exec.misc4:u	74	0	0
tx_exec.misc4:u	75	0	0
tx_exec.misc4:u	76	0	0
tx_exec.misc4:u	77	0	0
tx_exec.misc4:u	78	0	0
tx_exec.misc4:u	79	0	0
tx_exec.misc4:u	80	0	0
tx_exec.misc4:u	81	0	0
tx_exec.misc4:u	82	0	0
tx_exec.misc4:u	83	0	0
tx_exec.misc4:u	84	0	0
tx_exec.misc4:u	85	0	0
tx_exec.misc4:u	86	0	0
tx_exec.misc4:u	87	0	0
tx_exec.misc4:u	88	0	0
tx_exec.misc4:u	89	0	0
tx_exec.misc4:u	90	0	0
tx_exec.misc4:u	91	0	0
tx_exec.misc4:u	92	0	0
tx_exec.misc4:u	93	0	0
tx_exec.misc4:u	94	0	0
tx_exec.misc4:u	95	0	0
tx_exec.misc4:u	96	0	0
tx_exec.misc4:u	97	0	0
tx_exec.misc4:u	98	0	0
tx_exec.misc4:u	99	0	0
tx_exec.misc4:u	100	0	0
tx_exec.misc4:u	101	0	0
tx_exec.misc4:u	102	0	0
tx_exec.misc4:u	103	0	0
tx_exec.misc4:u	104	0	0
tx_exec.misc4:u	105	0	0
tx_exec.misc4:u	106	0	0
tx_exec.misc4:u	107	0	0
tx_exec.misc4:u	108	0	0
tx_exec.misc4:u	109	0	0
tx_exec.misc4:u	110	0	0
tx_exec.misc4:u	111	0	0
tx_exec.misc4:u	112	0	0
tx_exec.misc4:u	113	0	0
tx_exec.misc4:u	114	0	0
tx_exec.misc4:u	115	0	0
tx_exec.misc4:u	116	0	0
tx_exec.misc4:u	117	0	0
tx_exec.misc4:u	118	0	0
tx_exec.misc4:u	119	0	0
tx_exec.misc4:u	120	0	0
tx_exec.misc4:u	121	0	0
tx_exec.misc4:u	122	0	0
tx_exec.misc4:u	123	0	0
tx_exec.misc4:u	124	0	0
tx_exec.misc4:u	125	0	0
tx_exec.misc4:u	126	0	0
tx_exec.misc4:u	127	0	0
tx_exec.misc4:u	128	0	0
tx_exec.misc4:u	129	0	0
tx_exec.misc4:u	130	0	0
tx_exec.misc4:u	131	0	0
tx_exec.misc4:u	132	0	0
tx_exec.misc4:u	133	0	0
tx_exec.misc4:u	134	0	0
tx_exec.misc4:u	135	0	0
tx_exec.misc4:u	136	0	0
tx_exec.misc4:u	137	0	0
tx_exec.misc4:u	138	0	0
tx_exec.misc4:u	139	0	0
tx_exec.misc4:u	140	0	0
tx_exec.misc4:u	141	0	0
tx_exec.misc4:u	142	0	0
tx_exec.misc4:u	143	0	0
tx_exec.misc4:u	144	0	0
tx_exec.misc4:u	145	0	0
tx_exec.misc4:u	146	0	0
tx_exec.misc4:u	147	0	0
tx_exec.misc4:u	148	0	0
tx_exec.misc4:u	149	0	0
tx_exec.misc4:u	150	0	0
tx_exec.misc4:u	151	0	0
tx_exec.misc4:u	152	0	0
tx_exec.misc4:u	153	0	0
tx_exec.misc4:u	154	0	0
tx_exec.misc4:u	155	0	0
tx_exec.misc4:u	156	0	0
tx_exec.misc4:u	157	0	0
tx_exec.misc4:u	158	0	0
tx_exec.misc4:u	159	0	0
tx_exec.misc4:u	160	0	0
tx_exec.misc4:u	161	0	0
tx_exec.misc4:u	162	0	0
tx_exec.misc4:u	163	0	0
tx_exec.misc4:u	164	0	0
tx_exec.misc4:u	165	0	0
tx_exec.misc4:u	166	0	0
tx_exec.misc4:u	167	0	0
tx_exec.misc4:u	168	0	0
tx_exec.misc4:u	169	0	0
tx_exec.misc4:u	170	0	0
tx_exec.misc4:u	171	0	0
tx_exec.misc4:u	172	0	0
tx_exec.misc4:u	173	0	0
tx_exec.misc4:u	174	0	0
tx_exec.misc4:u	175	0	0
tx_exec.misc4:u	176	0	0
tx_exec.misc4:u	177	0	0
tx_exec.misc4:u	178	0	0
tx_exec.misc4:u	179	0	0
tx_exec.misc4:u	180	0	0
tx_exec.misc4:u	181	0	0
tx_exec.misc4:u	182	0	0
tx_exec.misc4:u	183	0	0
tx_exec.misc4:u	184	0	0
tx_exec.misc4:u	185	0	0
tx_exec.misc4:u	186	0	0
tx_exec.misc4:u	187	0	0
tx_exec.misc4:u	188	0	0
tx_exec.misc4:u	189	0	0
tx_exec.misc4:u	190	0	0
tx_exec.misc4:u	191	0	0
tx_exec.misc4:u	192	0	0
tx_exec.misc4:u	193	0	0
tx_exec.misc4:u	194	0	0
tx_exec.misc4:u	195	0	0
tx_exec.misc4:u	196	0	0
tx_exec.misc4:u	197	0	0
tx_exec.misc4:u	198	0	0
tx_exec.misc4:u	199	0	0
tx_exec.misc4:u	200	0	0
tx_exec.misc4:u	201	0	0
tx_exec.misc4:u	202	0	0
tx_exec.misc4:u	203	0	0
tx_exec.misc4:u	204	0	0
tx_exec.misc4:u	205	0	0
tx_exec.misc4:u	206	0	0
tx_exec.misc4:u	207	0	0
tx_exec.misc4:u	208	0	0
tx_exec.misc4:u	209	0	0
tx_exec.misc4:u	210	0	0
tx_exec.misc4:u	211	0	0
tx_exec.misc4:u	212	0	0
tx_exec.misc4:u	213	0	0
tx_exec.misc4:u	214	0	0
tx_exec.misc4:u	215	0	0
tx_exec.misc4:u	216	0	0
tx_exec.misc4:u	217	0	0
tx_exec.misc4:u	218	0	0
tx_exec.misc4:u	219	0	0
tx_exec.misc4:u	220	0	0
tx_exec.misc4:u	221	0	0
tx_exec.misc4:u	222	0	0
tx_exec.misc4:u	223	0	0
tx_exec.misc4:u	224	0	0
tx_exec.misc4:u	225	0	0
tx_exec.misc4:u	226	0	0
tx_exec.misc4:u	227	0	0
tx_exec.misc4:u	228	0	0
tx_exec.misc4:u	229	0	0
tx_exec.misc4:u	230	0	0
tx_exec.misc4:u	231	0	0
tx_exec.misc4:u	232	0	0
tx_exec.misc4:u	233	0	0
tx_exec.misc4:u	234	0	0
tx_exec.misc4:u	235	0	0
tx_exec.misc4:u	236	0	0
tx_exec.misc4:u	237	0	0
tx_exec.misc4:u	238	0	0
tx_exec.misc4:u	239	0	0
tx_exec.misc4:u	240	0	0
tx_exec.misc4:u	241	0	0
tx_exec.misc4:u	242	0	0
tx_exec.misc4:u	243	0	0
tx_exec.misc4:u	244	0	0
tx_exec.misc4:u	245	0	0
tx_exec.misc4:u	246	0	0
tx_exec.misc4:u	247	0	0
tx_exec.misc4:u	248	0	0
tx_exec.misc4:u	249	0	0
tx_exec.misc4:u	250	0	0
tx_exec.misc4:u	251	0	0
tx_exec.misc4:u	252	0	0
tx_exec.misc4:u	253	0	0
tx_exec.misc4:u	254	0	0
tx_exec.misc4:u	255	0	0
tx_exec.misc4:u	256	0	0
tx_exec.misc4:u	257	0	0
tx_exec.misc4:u	258	0	0
tx_exec.misc4:u	259	0	0
tx_exec.misc4:u	260	0	0
tx_exec.misc4:u	261	0	0
tx_exec.misc4:u	262	0	0
tx_exec.misc4:u	263	0	0
tx_exec.misc4:u	264	0	0
tx_exec.misc4:u	265	0	0
tx_exec.misc4:u	266	0	0
tx_exec.misc4:u	267	0	0
tx_exec.misc4:u	268	0	0
tx_exec.misc4:u	269	0	0
tx_exec.misc4:u	270	0	0
tx_exec.misc4:u	271	0	0
tx_exec.misc4:u	272	0	0
tx_exec.misc4:u	273	0	0
tx_exec.misc4:u	274	0	0
tx_exec.misc4:u	275	0	0
tx_exec.misc4:u	276	0	0
tx_exec.misc4:u	277	0	0
tx_exec.misc4:u	278	0	0
tx_exec.misc4:u	279	0	0
tx_exec.misc4:u	280	0	0
tx_exec.misc4:u	281	0	0
tx_exec.misc4:u	282	0	0
tx_exec.misc4:u	283	0	0
tx_exec.misc4:u	284	0	0
tx_exec.misc4:u	285	0	0
tx_exec.misc4:u	286	0	0
tx_exec.misc4:u	287	0	0
tx_exec.misc4:u	288	0	0
tx_exec.misc4:u	289	0	0
tx_exec.misc4:u	290	0	0
tx_exec.misc4:u	291	0	0
tx_exec.misc4:u	292	0	0
tx_exec.misc4:u	293	0	0
tx_exec.misc4:u	294	0	0
tx_exec.misc4:u	295	0	0
tx_exec.misc4:u	296	0	0
tx_exec.misc4:u	297	0	0
tx_exec.misc4:u	298	0	0
tx_exec.misc4:u	299	0	0
tx_exec.misc4:u	300	0	0
tx_exec.misc4:u	301	0	0
tx_exec.misc4:u	302	0	0
tx_exec.misc4:u	303	0	0
tx_exec.misc4:u	304	0	0
tx_exec.misc4:u	305	0	0
tx_exec.misc4:u	306	0	0
tx_exec.misc4:u	307	0	0
tx_exec.misc4:u	308	0	0
tx_exec.misc4:u	309	0	0
tx_exec.misc4:u	310	0	0
tx_exec.misc4:u	311	0	0
tx_exec.misc4:u	312	0	0
tx_exec.misc4:u	313	0	0
tx_exec.misc4:u	314	0	0
tx_exec.misc4:u	315	0	0
tx_exec.misc4:u	316	0	0
tx_exec.misc4:u	317	0	0
tx_exec.misc4:u	318	0	0
tx_exec.misc4:u	319	0	0
tx_exec.misc4:u	320	0	0
tx_exec.misc4:u	321	0	0
tx_exec.misc4:u	322	0	0
tx_exec.misc4:u	323	0	0
tx_exec.misc4:u	324	0	0
tx_exec.misc4:u	325	0	0
tx_exec.misc4:u	326	0	0
tx_exec.misc4:u	327	0	0
tx_exec.misc4:u	328	0	0
tx_exec.misc4:u	329	0	0
tx_exec.misc4:u	330	0	0
tx_exec.misc4:u	331	0	0
tx_exec.misc4:u	332	0	0
tx_exec.misc4:u	333	0	0
tx_exec.misc4:u	334	0	0
tx_exec.misc4:u	335	0	0
tx_exec.misc4:u	336	0	0
tx_exec.misc4:u	337	0	0
tx_exec.misc4:u	338	0	0
tx_exec.misc4:u	339	0	0
tx_exec.misc4:u	340	0	0
tx_exec.misc4:u	341	0	0
tx_exec.misc4:u	342	0	0
tx_exec.misc4:u	343	0	0
tx_exec.misc4:u	344	0	0
tx_exec.misc4:u	345	0	0
tx_exec.misc4:u	346	0	0
tx_exec.misc4:u	347	0	0
tx_exec.misc4:u	348	0	0
tx_exec.misc4:u	349	0	0
tx_exec.misc4:u	350	0	0
tx_exec.misc4:u	351	0	0
tx_exec.misc4:u	352	0	0
tx_exec.misc4:u	353	0	0
tx_exec.misc4:u	354	0	0
tx_exec.misc4:u	355	0	0
tx_exec.misc4:u	356	0	0
tx_exec.misc4:u	357	0	0
tx_exec.misc4:u	358	0	0
tx_exec.misc4:u	359	0	0
tx_exec.misc4:u	360	0	0
tx_exec.misc4:u	361	0	0
tx_exec.misc4:u	362	0	0
tx_exec.misc4:u	363	0	0
tx_exec.misc4:u	364	0	0
tx_exec.misc4:u	365	0	0
tx_exec.misc4:u	366	0	0
tx_exec.misc4:u	367	0	0
tx_exec.misc4:u	368	0	0
tx_exec.misc4:u	369	0	0
tx_exec.misc4:u	370	0	0
tx_exec.misc4:u	371	0	0
tx_exec.misc4:u	372	0	0
tx_exec.misc4:u	373	0	0
tx_exec.misc4:u	374	0	0
tx_exec.misc4:u	375	0	0
tx_exec.misc4:u	376	0	0
tx_exec.misc4:u	377	0	0
tx_exec.misc4:u	378	0	0
tx_exec.misc4:u	379	0	0
tx_exec.misc4:u	380	0	0
tx_exec.misc4:u	381	0	0
tx_exec.misc4:u	382	0	0
tx_exec.misc4:u	383	0	0
tx_exec.misc4:u	384	0	0
tx_exec.misc4:u	385	0	0
tx_exec.misc4:u	386	0	0
tx_exec.misc4:u	387	0	0
tx_exec.misc4:u	388	0	0
tx_exec.misc4:u	389	0	0
tx_exec.misc4:u	390	0	0
tx_exec.misc4:u	391	0	0
tx_exec.misc4:u	392	0	0
tx_exec.misc4:u	393	0	0
tx_exec.misc4:u	394	0	0
tx_exec.misc4:u	395	0	0
tx_exec.misc4:u	396	0	0
tx_exec.misc4:u	397	0	0
tx_exec.misc4:u	398	0	0
tx_exec.misc4:u	399	0	0
tx_exec.misc4:u	400	0	0
tx_exec.misc4:u	401	0	0
tx_exec.misc4:u	402	0	0
tx_exec.misc4:u	403	0	0
tx_exec.misc4:u	404	0	0
tx_exec.misc4:u	405	0	0
tx_exec.misc4:u	406	0	0
tx_exec.misc4:u	407	0	0
tx_exec.misc4:u	408	0	0
tx_exec.misc4:u	409	0	0
tx_exec.misc4:u	410	0	0
tx_exec.misc4:u	411	0	0
tx_exec.misc4:u	412	0	0
tx_exec.misc4:u	413	0	0
tx_exec.misc4:u	414	0	0
tx_exec.misc4:u	415	0	0
tx_exec.misc4:u	416	0	0
tx_exec.misc4:u	417	0	0
tx_exec.misc4:u	418	0	0
tx_exec.misc4:u	419	0	0
tx_exec.misc4:u	420	0	0
tx_exec.misc4:u	421	0	0
tx_exec.misc4:u	422	0	0
tx_exec.misc4:u	423	0	0
tx_exec.misc4:u	424	0	0
tx_exec.misc4:u	425	0	0
tx_exec.misc4:u	426	0	0
tx_exec.misc4:u	427	0	0
tx_exec.misc4:u	428	0	0
tx_exec.misc4:u	429	0	0
tx_exec.misc4:u	430	0	0
tx_exec.misc4:u	431	0	0
tx_exec.misc4:u	432	0	0
tx_exec.misc4:u	433	0	0
tx_exec.misc4:u	434	0	0
tx_exec.misc4:u	435	0	0
tx_exec.misc4:u	436	0	0
tx_exec.misc4:u	437	0	0
tx_exec.misc4:u	438	0	0
tx_exec.misc4:u	439	0	0
tx_exec.misc4:u	440	0	0
tx_exec.misc4:u	441	0	0
tx_exec.misc4:u	442	0	0
tx_exec.misc4:u	443	0	0
tx_exec.misc4:u	444	0	0
tx_exec.misc4:u	445	0	0
tx_exec.misc4:u	446	0	0
tx_exec.misc4:u	447	0	0
tx_exec.misc4:u	448	0	0
tx_exec.misc4:u	449	0	0
tx_exec.misc4:u	450	0	0
tx_exec.misc4:u	451	0	0
tx_exec.misc4:u	452	0	0
tx_exec.misc4:u	453	0	0
tx_exec.misc4:u	454	0	0
tx_exec.misc4:u	455	0	0
tx_exec.misc4:u	456	0	0
tx_exec.misc4:u	457	0	0
tx_exec.misc4:u	458	0	0
tx_exec.misc4:u	459	0	0
tx_exec.misc4:u	460	0	0
tx_exec.misc4:u	461	0	0
tx_exec.misc4:u	462	0	0
tx_exec.misc4:u	463	0	0
tx_exec.misc4:u	464	0	0
tx_exec.misc4:u	465	0	0
tx_exec.misc4:u	466	0	0
tx_exec.misc4:u	467	0	0
tx_exec.misc4:u	468	0	0
tx_exec.misc4:u	469	0	0
tx_exec.misc4:u	470	0	0
tx_exec.misc4:u	471	0	0
tx_exec.misc4:u	472	0	0
tx_exec.misc4:u	473	0	0
tx_exec.misc4:u	474	0	0
tx_exec.misc4:u	475	0	0
tx_exec.misc4:u	476	0	0
tx_exec.misc4:u	477	0	0
tx_exec.misc4:u	478	0	0
tx_exec.misc4:u	479	0	0
tx_exec.misc4:u	480	0	0
tx_exec.misc4:u	481	0	0
tx_exec.misc4:u	482	0	0
tx_exec.misc4:u	483	0	0
tx_exec.misc4:u	484	0	0
tx_exec.misc4:u	485	0	0
tx_exec.misc4:u	486	0	0
tx_exec.misc4:u	487	0	0
tx_exec.misc4:u	488	0	0
tx_exec.misc4:u	489	0	0
tx_exec.misc4:u	490	0	0
tx_exec.misc4:u	491	0	0
tx_exec.misc4:u	492	0	0
tx_exec.misc4:u	493	0	0
tx_exec.misc4:u	494	0	0
tx_exec.misc4:u	495	0	0
tx_exec.misc4:u	496	0	0
tx_exec.misc4:u	497	0	0
tx_exec.misc4:u	498	0	0
tx_exec.misc4:u	499	0	0
tx_exec.misc4:u	500	0	0
tx_exec.misc4:u	501	0	0
tx_exec.misc4:u	502	0	0
tx_exec.misc4:u	503	0	0
tx_exec.misc4:u	504	0	0
tx_exec.misc4:u	505	0	0
tx_exec.misc4:u	506	0	0
tx_exec.misc4:u	507	0	0
tx_exec.misc4:u	508	0	0
tx_exec.misc4:u	509	0	0
tx_exec.misc4:u	510	0	0
tx_exec.misc4:u	511	0	0
tx_exec.misc4:u	512	0	0
tx_exec.misc4:u	513	0	0
tx_exec.misc4:u	514	0	0
tx_exec.misc4:u	515	0	0
tx_exec.misc4:u	516	0	0
tx_exec.misc4:u	517	0	0
tx_exec.misc4:u	518	0	0
tx_exec.misc4:u	519	0	0
tx_exec.misc4:u	520	0	0
tx_exec.misc4:u	521	0	0
tx_exec.misc4:u	522	0	0
tx_exec.misc4:u	523	0	0
tx_exec.misc4:u	524	0	0
tx_exec.misc4:u	525	0	0
tx_exec.misc4:u	526	0	0
tx_exec.misc4:u	527	0	0
tx_exec.misc4:u	528	0	0
tx_exec.misc4:u	529	0	0
tx_exec.misc4:u	530	0	0
tx_exec.misc4:u	531	0	0
tx_exec.misc4:u	532	0	0
tx_exec.misc4:u	533	0	0
tx_exec.misc4:u	534	0	0
tx_exec.misc4:u	535	0	0
tx_exec.misc4:u	536	0	0
tx_exec.misc4:u	537	0	0
tx_exec.misc4:u	538	0	0
tx_exec.misc4:u	539	0	0
tx_exec.misc4:u	540	0	0
tx_exec.misc4:u	541	0	0
tx_exec.misc4:u	542	0	0
tx_exec.misc4:u	543	0	0
tx_exec.misc4:u	544	0	0
tx_exec.misc4:u	545	0	0
tx_exec.misc4:u	546	0	0
tx_exec.misc4:u	547	0	0
tx_exec.misc4:u	548	0	0
tx_exec.misc4:u	549	0	0
tx_exec.misc4:u	550	0	0
tx_exec.misc4:u	551	0	0
tx_exec.misc4:u	552	0	0
tx_exec.misc4:u	553	0	0
tx_exec.misc4:u	554	0	0
tx_exec.misc4:u	555	0	0
tx_exec.misc4:u	556	0	0
tx_exec.misc4:u	557	0	0
tx_exec.misc4:u	558	0	0
tx_exec.misc4:u	559	0	0
tx_exec.misc4:u	560	0	0
tx_exec.misc4:u	561	0	0
tx_exec.misc4:u	562	0	0
tx_exec.misc4:u	563	0	0
tx_exec.misc4:u	564	0	0
tx_exec.misc4:u	565	0	0
tx_exec.misc4:u	566	0	0
tx_exec.misc4:u	567	0	0
tx_exec.misc4:u	568	0	0
tx_exec.misc4:u	569	0	0
tx_exec.misc4:u	570	0	0
tx_exec.misc4:u	571	0	0
tx_exec.misc4:u	572	0	0
tx_exec.misc4:u	573	0	0
tx_exec.misc4:u	574	0	0
tx_exec.misc4:u	575	0	0
tx_exec.misc4:u	576	0	0
tx_exec.misc4:u	577	0	0
tx_exec.misc4:u	578	0	0
tx_exec.misc4:u	579	0	0
tx_exec.misc4:u	580	0	0
tx_exec.misc4:u	581	0	0
tx_exec.misc4:u	582	0	0
tx_exec.misc4:u	583	0	0
tx_exec.misc4:u	584	0	0
tx_exec.misc4:u	585	0	0
tx_exec.misc4:u	586	0	0
tx_exec.misc4:u	587	0	0
tx_exec.misc4:u	588	0	0
tx_exec.misc4:u	589	0	0
tx_exec.misc4:u	590	0	0
tx_exec.misc4:u	591	0	0
tx_exec.misc4:u	592	0	0
tx_exec.misc4:u	593	0	0
tx_exec.misc4:u	594	0	0
tx_exec.misc4:u	595	0	0
tx_exec.misc4:u	596	0	0
tx_exec.misc4:u	597	0	0
tx_exec.misc4:u	598	0	0
tx_exec.misc4:u	599	0	0
tx_exec.misc4:u	600	0	0
tx_exec.misc4:u	601	0	0
tx_exec.misc4:u	602	0	0
tx_exec.misc4:u	603	0	0
tx_exec.misc4:u	604	0	0
tx_exec.misc4:u	605	0	0
tx_exec.misc4:u	606	0	0
tx_exec.misc4:u	607	0	0
tx_exec.misc4:u	608	0	0
tx_exec.misc4:u	609	0	0
tx_exec.misc4:u	610	0	0
tx_exec.misc4:u	611	0	0
tx_exec.misc4:u	612	0	0
tx_exec.misc4:u	613	0	0
tx_exec.misc4:u	614	0	0
tx_exec.misc4:u	615	0	0
tx_exec.misc4:u	616	0	0
tx_exec.misc4:u	617	0	0
tx_exec.misc4:u	618	0	0
tx_exec.misc4:u	619	0	0
tx_exec.misc4:u	620	0	0
tx_exec.misc4:u	621	0	0
tx_exec.misc4:u	622	0	0
tx_exec.misc4:u	623	0	0
tx_exec.misc4:u	624	0	0
tx_exec.misc4:u	625	0	0
tx_exec.misc4:u	626	0	0
tx_exec.misc4:u	627	0	0
tx_exec.misc4:u	628	0	0
tx_exec.misc4:u	629	0	0
tx_exec.misc4:u	630	0	0
tx_exec.misc4:u	631	0	0
tx_exec.misc4:u	632	0	0
tx_exec.misc4:u	633	0	0
tx_exec.misc4:u	634	0	0
tx_exec.misc4:u	635	0	0
tx_exec.misc4:u	636	0	0
tx_exec.misc4:u	637	0	0
tx_exec.misc4:u	638	0	0
tx_exec.misc4:u	639	0	0
tx_exec.misc4:u	640	0	0
tx_exec.misc4:u	641	0	0
tx_exec.misc4:u	642	0	0
tx_exec.misc4:u	643	0	0
tx_exec.misc4:u	644	0	0
tx_exec.misc4:u	645	0	0
tx_exec.misc4:u	646	0	0
tx_exec.misc4:u	647	0	0
tx_exec.misc4:u	648	0	0
tx_exec.misc4:u	649	0	0
tx_exec.misc4:u	650	0	0
tx_exec.misc4:u	651	0	0
tx_exec.misc4:u	652	0	0
tx_exec.misc4:u	653	0	0
tx_exec.misc4:u	654	0	0
tx_exec.misc4:u	655	0	0
tx_exec.misc4:u	656	0	0
tx_exec.misc4:u	657	0	0
tx_exec.misc4:u	658	0	0
tx_exec.misc4:u	659	0	0
tx_exec.misc4:u	660	0	0
tx_exec.misc4:u	661	0	0
tx_exec.misc4:u	662	0	0
tx_exec.misc4:u	663	0	0
tx_exec.misc4:u	664	0	0
tx_exec.misc4:u	665	0	0
tx_exec.misc4:u	666	0	0
tx_exec.misc4:u	667	0	0
tx_exec.misc4:u	668	0	0
tx_exec.misc4:u	669	0	0
tx_exec.misc4:u	670	0	0
tx_exec.misc4:u	671	0	0
tx_exec.misc4:u	672	0	0
tx_exec.misc4:u	673	0	0
tx_exec.misc4:u	674	0	0
tx_exec.misc4:u	675	0	0
tx_exec.misc4:u	676	0	0
tx_exec.misc4:u	677	0	0
tx_exec.misc4:u	678	0	0
tx_exec.misc4:u	679	0	0
tx_exec.misc4:u	680	0	0
tx_exec.misc4:u	681	0	0
tx_exec.misc4:u	682	0	0
tx_exec.misc4:u	683	0	0
tx_exec.misc4:u	684	0	0
tx_exec.misc4:u	685	0	0
tx_exec.misc4:u	686	0	0
tx_exec.misc4:u	687	0	0
tx_exec.misc4:u	688	0	0
tx_exec.misc4:u	689	0	0
tx_exec.misc4:u	690	0	0
tx_exec.misc4:u	691	0	0
tx_exec.misc4:u	692	0	0
tx_exec.misc4:u	693	0	0
tx_exec.misc4:u	694	0	0
tx_exec.misc4:u	695	0	0
tx_exec.misc4:u	696	0	0
tx_exec.misc4:u	697	0	0
tx_exec.misc4:u	698	0	0
tx_exec.misc4:u	699	0	0
tx_exec.misc4:u	700	0	0
tx_exec.misc4:u	701	0	0
tx_exec.misc4:u	702	0	0
tx_exec.misc4:u	703	0	0
tx_exec.misc4:u	704	0	0
tx_exec.misc4:u	705	0	0
tx_exec.misc4:u	706	0	0
tx_exec.misc4:u	707	0	0
tx_exec.misc4:u	708	0	0
tx_exec.misc4:u	709	0	0
tx_exec.misc4:u	710	0	0
tx_exec.misc4:u	711	0	0
tx_exec.misc4:u	712	0	0
tx_exec.misc4:u	713	0	0
tx_exec.misc4:u	714	0	0
tx_exec.misc4:u	715	0	0
tx_exec.misc4:u	716	0	0
tx_exec.misc4:u	717	0	0
tx_exec.misc4:u	718	0	0
tx_exec.misc4:u	719	0	0
tx_exec.misc4:u	720	0	0
tx_exec.misc4:u	721	0	0
tx_exec.misc4:u	722	0	0
tx_exec.misc4:u	723	0	0
tx_exec.misc4:u	724	0	0
tx_exec.misc4:u	725	0	0
tx_exec.misc4:u	726	0	0
tx_exec.misc4:u	727	0	0
tx_exec.misc4:u	728	0	0
tx_exec.misc4:u	729	0	0
tx_exec.misc4:u	730	0	0
tx_exec.misc4:u	731	0	0
tx_exec.misc4:u	732	0	0
tx_exec.misc4:u	733	0	0
tx_exec.misc4:u	734	0	0
tx_exec.misc4:u	735	0	0
tx_exec.misc4:u	736	0	0
tx_exec.misc4:u	737	0	0
tx_exec.misc4:u	738	0	0
tx_exec.misc4:u	739	0	0
tx_exec.misc4:u	740	0	0
tx_exec.misc4:u	741	0	0
tx_exec.misc4:u	742	0	0
tx_exec.misc4:u	743	0	0
tx_exec.misc4:u	744	0	0
tx_exec.misc4:u	745	0	0
tx_exec.misc4:u	746	0	0
tx_exec.misc4:u	747	0	0
tx_exec.misc4:u	748	0	0
tx_exec.misc4:u	749	0	0
tx_exec.misc4:u	750	0	0
tx_exec.misc4:u	751	0	0
tx_exec.misc4:u	752	0	0
tx_exec.misc4:u	753	0	0
tx_exec.misc4:u	754	0	0
tx_exec.misc4:u	755	0	0
tx_exec.misc4:u	756	0	0
tx_exec.misc4:u	757	0	0
tx_exec.misc4:u	758	0	0
tx_exec.misc4:u	759	0	0
tx_exec.misc4:u	760	0	0
tx_exec.misc4:u	761	0	0
tx_exec.misc4:u	762	0	0
tx_exec.misc4:u	763	0	0
tx_exec.misc4:u	764	0	0
tx_exec.misc4:u	765	0	0
tx_exec.misc4:u	766	0	0
tx_exec.misc4:u	767	0	0
tx_exec.misc4:u	768	0	0
tx_exec.misc4:u	769	0	0
tx_exec.misc4:u	770	0	0
tx_exec.misc4:u	771	0	0
tx_exec.misc4:u	772	0	0
tx_exec.misc4:u	773	0	0
tx_exec.misc4:u	774	0	0
tx_exec.misc4:u	775	0	0
tx_exec.misc4:u	776	0	0
tx_exec.misc4:u	777	0	0
tx_exec.misc4:u	778	0	0
tx_exec.misc4:u	779	0	0
tx_exec.misc4:u	780	0	0
tx_exec.misc4:u	781	0	0
tx_exec.misc4:u	782	0	0
tx_exec.misc4:u	783	0	0
tx_exec.misc4:u	784	0	0
tx_exec.misc4:u	785	0	0
tx_exec.misc4:u	786	0	0
tx_exec.misc4:u	787	0	0
tx_exec.misc4:u	788	0	0
tx_exec.misc4:u	789	0	0
tx_exec.misc4:u	790	0	0
tx_exec.misc4:u	791	0	0
tx_exec.misc4:u	792	0	0
tx_exec.misc4:u	793	0	0
tx_exec.misc4:u	794	0	0
tx_exec.misc4:u	795	0	0
tx_exec.misc4:u	796	0	0
tx_exec.misc4:u	797	0	0
tx_exec.misc4:u	798	0	0
tx_exec.misc4:u	799	0	0
tx_exec.misc4:u	800	0	0
tx_exec.misc4:u	801	0	0
tx_exec.misc4:u	802	0	0
tx_exec.misc4:u	803	0	0
tx_exec.misc4:u	804	0	0
tx_exec.misc4:u	805	0	0
tx_exec.misc4:u	806	0	0
tx_exec.misc4:u	807	0	0
tx_exec.misc4:u	808	0	0
tx_exec.misc4:u	809	0	0
tx_exec.misc4:u	810	0	0
tx_exec.misc4:u	811	0	0
tx_exec.misc4:u	812	0	0
tx_exec.misc4:u	813	0	0
tx_exec.misc4:u	814	0	0
tx_exec.misc4:u	815	0	0
tx_exec.misc4:u	816	0	0
tx_exec.misc4:u	817	0	0
tx_exec.misc4:u	818	0	0
tx_exec.misc4:u	819	0	0
tx_exec.misc4:u	820	0	0
tx_exec.misc4:u	821	0	0
tx_exec.misc4:u	822	0	0
tx_exec.misc4:u	823	0	0
tx_exec.misc4:u	824	0	0
tx_exec.misc4:u	825	0	0
tx_exec.misc4:u	826	0	0
tx_exec.misc4:u	827	0	0
tx_exec.misc4:u	828	0	0
tx_exec.misc4:u	829	0	0
tx_exec.misc4:u	830	0	0
tx_exec.misc4:u	831	0	0
tx_exec.misc4:u	832	0	0
tx_exec.misc4:u	833	0	0
tx_exec.misc4:u	834	0	0
tx_exec.misc4:u	835	0	0
tx_exec.misc4:u	836	0	0
tx_exec.misc4:u	837	0	0
tx_exec.misc4:u	838	0	0
tx_exec.misc4:u	839	0	0
tx_exec.misc4:u	840	0	0
tx_exec.misc4:u	841	0	0
tx_exec.misc4:u	842	0	0
tx_exec.misc4:u	843	0	0
tx_exec.misc4:u	844	0	0
tx_exec.misc4:u	845	0	0
tx_exec.misc4:u	846	0	0
tx_exec.misc4:u	847	0	0
tx_exec.misc4:u	848	0	0
tx_exec.misc4:u	849	0	0
tx_exec.misc4:u	850	0	0
tx_exec.misc4:u	851	0	0
tx_exec.misc4:u	852	0	0
tx_exec.misc4:u	853	0	0
tx_exec.misc4:u	854	0	0
tx_exec.misc4:u	855	0	0
tx_exec.misc4:u	856	0	0
tx_exec.misc4:u	857	0	0
tx_exec.misc4:u	858	0	0
tx_exec.misc4:u	859	0	0
tx_exec.misc4:u	860	0	0
tx_exec.misc4:u	861	0	0
tx_exec.misc4:u	862	0	0
tx_exec.misc4:u	863	0	0
tx_exec.misc4:u	864	0	0
tx_exec.misc4:u	865	0	0
tx_exec.misc4:u	866	0	0
tx_exec.misc4:u	867	0	0
tx_exec.misc4:u	868	0	0
tx_exec.misc4:u	869	0	0
tx_exec.misc4:u	870	0	0
tx_exec.misc4:u	871	0	0
tx_exec.misc4:u	872	0	0
tx_exec.misc4:u	873	0	0
tx_exec.misc4:u	874	0	0
tx_exec.misc4:u	875	0	0
tx_exec.misc4:u	876	0	0
tx_exec.misc4:u	877	0	0
tx_exec.misc4:u	878	0	0
tx_exec.misc4:u	879	0	0
tx_exec.misc4:u	880	0	0
tx_exec.misc4:u	881	0	0
tx_exec.misc4:u	882	0	0
tx_exec.misc4:u	883	0	0
tx_exec.misc4:u	884	0	0
tx_exec.misc4:u	885	0	0
tx_exec.misc4:u	886	0	0
tx_exec.misc4:u	887	0	0
tx_exec.misc4:u	888	0	0
tx_exec.misc4:u	889	0	0
tx_exec.misc4:u	890	0	0
tx_exec.misc4:u	891	0	0
tx_exec.misc4:u	892	0	0
tx_exec.misc4:u	893	0	0
tx_exec.misc4:u	894	0	0
tx_exec.misc4:u	895	0	0
tx_exec.misc4:u	896	0	0
tx_exec.misc4:u	897	0	0
tx_exec.misc4:u	898	0	0
tx_exec.misc4:u	899	0	0
tx_exec.misc4:u	900	0	0
tx_exec.misc4:u	901	0	0
tx_exec.misc4:u	902	0	0
tx_exec.misc4:u	903	0	0
tx_exec.misc4:u	904	0	0
tx_exec.misc4:u	905	0	0
tx_exec.misc4:u	906	0	0
tx_exec.misc4:u	907	0	0
tx_exec.misc4:u	908	0	0
tx_exec.misc4:u	909	0	0
tx_exec.misc4:u	910	0	0
tx_exec.misc4:u	911	0	0
tx_exec.misc4:u	912	0	0
tx_exec.misc4:u	913	0	0
tx_exec.misc4:u	914	0	0
tx_exec.misc4:u	915	0	0
tx_exec.misc4:u	916	0	0
tx_exec.misc4:u	917	0	0
tx_exec.misc4:u	918	0	0
tx_exec.misc4:u	919	0	0
tx_exec.misc4:u	920	0	0
tx_exec.misc4:u	921	0	0
tx_exec.misc4:u	922	0	0
tx_exec.misc4:u	923	0	0
tx_exec.misc4:u	924	0	0
tx_exec.misc4:u	925	0	0
tx_exec.misc4:u	926	0	0
tx_exec.misc4:u	927	0	0
tx_exec.misc4:u	928	0	0
tx_exec.misc4:u	929	0	0
tx_exec.misc4:u	930	0	0
tx_exec.misc4:u	931	0	0
tx_exec.misc4:u	932	0	0
tx_exec.misc4:u	933	0	0
tx_exec.misc4:u	934	0	0
tx_exec.misc4:u	935	0	0
tx_exec.misc4:u	936	0	0
tx_exec.misc4:u	937	0	0
tx_exec.misc4:u	938	0	0
tx_exec.misc4:u	939	0	0
tx_exec.misc4:u	940	0	0
tx_exec.misc4:u	941	0	0
tx_exec.misc4:u	942	0	0
tx_exec.misc4:u	943	0	0
tx_exec.misc4:u	944	0	0
tx_exec.misc4:u	945	0	0
tx_exec.misc4:u	946	0	0
tx_exec.misc4:u	947	0	0
tx_exec.misc4:u	948	0	0
tx_exec.misc4:u	949	0	0
tx_exec.misc4:u	950	0	0
tx_exec.misc4:u	951	0	0
tx_exec.misc4:u	952	0	0
tx_exec.misc4:u	953	0	0
tx_exec.misc4:u	954	0	0
tx_exec.misc4:u	955	0	0
tx_exec.misc4:u	956	0	0
tx_exec.misc4:u	957	0	0
tx_exec.misc4:u	958	0	0
tx_exec.misc4:u	959	0	0
tx_exec.misc4:u	960	0	0
tx_exec.misc4:u	961	0	0
tx_exec.misc4:u	962	0	0
tx_exec.misc4:u	963	0	0
tx_exec.misc4:u	964	0	0
tx_exec.misc4:u	965	0	0
tx_exec.misc4:u	966	0	0
tx_exec.misc4:u	967	0	0
tx_exec.misc4:u	968	0	0
tx_exec.misc4:u	969	0	0
tx_exec.misc4:u	970	0	0
tx_exec.misc4:u	971	0	0
tx_exec.misc4:u	972	0	0
tx_exec.misc4:u	973	0	0
tx_exec.misc4:u	974	0	0
tx_exec.misc4:u	975	0	0
tx_exec.misc4:u	976	0	0
tx_exec.misc4:u	977	0	0
tx_exec.misc4:u	978	0	0
tx_exec.misc4:u	979	0	0
tx_exec.misc4:u	980	0	0
tx_exec.misc4:u	981	0	0
tx_exec.misc4:u	982	0	0
tx_exec.misc4:u	983	0	0
tx_exec.misc4:u	984	0	0
tx_exec.misc4:u	985	0	0
tx_exec.misc4:u	986	0	0
tx_exec.misc4:u	987	0	0
tx_exec.misc4:u	988	0	0
tx_exec.misc4:u	989	0	0
tx_exec.misc4:u	990	0	0
tx_exec.misc4:u	991	0	0
tx_exec.misc4:u	992	0	0
tx_exec.misc4:u	993	0	0
tx_exec.misc4:u	994	0	0
tx_exec.misc4:u	995	0	0
tx_exec.misc4:u	996	0	0
tx_exec.misc4:u	997	0	0
tx_exec.misc4:u	998	0	0
tx_exec.misc4:u	999	0	0
tx_exec.misc4:u	1000	0	0
core_snoop_response.rsp_shitfse:u	1	0	0
core_snoop_response.rsp_shitfse:u	2	0	0
core_snoop_response.rsp_shitfse:u	3	1	0
br_misp_retired.near_taken:u	1	51	0
br_misp_retired.near_taken:u	2	50	0
cycle_activity.stalls_total:u	1	1239567572	0
cycle_activity.stalls_total:u	2	1240813543	0
load_hit_pre.sw_pf:u	1	283	0
load_hit_pre.sw_pf:u	2	98	0
uops_dispatched_port.port_5:u	1	2061185270	0
uops_dispatched_port.port_5:u	2	2060650209	0
uops_issued.vector_width_mismatch:u	1	0	0
uops_issued.vector_width_mismatch:u	2	0	0
uops_issued.vector_width_mismatch:u	3	0	0
uops_issued.vector_width_mismatch:u	4	0	0
uops_issued.vector_width_mismatch:u	5	0	0
uops_issued.vector_width_mismatch:u	6	0	0
uops_issued.vector_width_mismatch:u	7	0	0
uops_issued.vector_width_mismatch:u	8	0	0
uops_issued.vector_width_mismatch:u	9	0	0
uops_issued.vector_width_mismatch:u	10	0	0
uops_issued.vector_width_mismatch:u	11	0	0
uops_issued.vector_width_mismatch:u	12	0	0
uops_issued.vector_width_mismatch:u	13	0	0
uops_issued.vector_width_mismatch:u	14	0	0
uops_issued.vector_width_mismatch:u	15	0	0
uops_issued.vector_width_mismatch:u	16	0	0
uops_issued.vector_width_mismatch:u	17	0	0
uops_issued.vector_width_mismatch:u	18	0	0
uops_issued.vector_width_mismatch:u	19	0	0
uops_issued.vector_width_mismatch:u	20	0	0
uops_issued.vector_width_mismatch:u	21	0	0
uops_issued.vector_width_mismatch:u	22	0	0
uops_issued.vector_width_mismatch:u	23	0	0
uops_issued.vector_width_mismatch:u	24	0	0
uops_issued.vector_width_mismatch:u	25	0	0
uops_issued.vector_width_mismatch:u	26	0	0
uops_issued.vector_width_mismatch:u	27	0	0
uops_issued.vector_width_mismatch:u	28	0	0
uops_issued.vector_width_mismatch:u	29	0	0
uops_issued.vector_width_mismatch:u	30	0	0
uops_issued.vector_width_mismatch:u	31	0	0
uops_issued.vector_width_mismatch:u	32	0	0
uops_issued.vector_width_mismatch:u	33	0	0
uops_issued.vector_width_mismatch:u	34	0	0
uops_issued.vector_width_mismatch:u	35	0	0
uops_issued.vector_width_mismatch:u	36	0	0
uops_issued.vector_width_mismatch:u	37	0	0
uops_issued.vector_width_mismatch:u	38	0	0
uops_issued.vector_width_mismatch:u	39	0	0
uops_issued.vector_width_mismatch:u	40	0	0
uops_issued.vector_width_mismatch:u	41	0	0
uops_issued.vector_width_mismatch:u	42	0	0
uops_issued.vector_width_mismatch:u	43	0	0
uops_issued.vector_width_mismatch:u	44	0	0
uops_issued.vector_width_mismatch:u	45	0	0
uops_issued.vector_width_mismatch:u	46	0	0
uops_issued.vector_width_mismatch:u	47	0	0
uops_issued.vector_width_mismatch:u	48	0	0
uops_issued.vector_width_mismatch:u	49	0	0
uops_issued.vector_width_mismatch:u	50	0	0
uops_issued.vector_width_mismatch:u	51	0	0
uops_issued.vector_width_mismatch:u	52	0	0
uops_issued.vector_width_mismatch:u	53	0	0
uops_issued.vector_width_mismatch:u	54	0	0
uops_issued.vector_width_mismatch:u	55	0	0
uops_issued.vector_width_mismatch:u	56	0	0
uops_issued.vector_width_mismatch:u	57	0	0
uops_issued.vector_width_mismatch:u	58	0	0
uops_issued.vector_width_mismatch:u	59	0	0
uops_issued.vector_width_mismatch:u	60	0	0
uops_issued.vector_width_mismatch:u	61	0	0
uops_issued.vector_width_mismatch:u	62	0	0
uops_issued.vector_width_mismatch:u	63	0	0
uops_issued.vector_width_mismatch:u	64	0	0
uops_issued.vector_width_mismatch:u	65	0	0
uops_issued.vector_width_mismatch:u	66	0	0
uops_issued.vector_width_mismatch:u	67	0	0
uops_issued.vector_width_mismatch:u	68	0	0
uops_issued.vector_width_mismatch:u	69	0	0
uops_issued.vector_width_mismatch:u	70	0	0
uops_issued.vector_width_mismatch:u	71	0	0
uops_issued.vector_width_mismatch:u	72	0	0
uops_issued.vector_width_mismatch:u	73	0	0
uops_issued.vector_width_mismatch:u	74	0	0
uops_issued.vector_width_mismatch:u	75	0	0
uops_issued.vector_width_mismatch:u	76	0	0
uops_issued.vector_width_mismatch:u	77	0	0
uops_issued.vector_width_mismatch:u	78	0	0
uops_issued.vector_width_mismatch:u	79	0	0
uops_issued.vector_width_mismatch:u	80	0	0
uops_issued.vector_width_mismatch:u	81	0	0
uops_issued.vector_width_mismatch:u	82	0	0
uops_issued.vector_width_mismatch:u	83	0	0
uops_issued.vector_width_mismatch:u	84	0	0
uops_issued.vector_width_mismatch:u	85	0	0
uops_issued.vector_width_mismatch:u	86	0	0
uops_issued.vector_width_mismatch:u	87	0	0
uops_issued.vector_width_mismatch:u	88	0	0
uops_issued.vector_width_mismatch:u	89	0	0
uops_issued.vector_width_mismatch:u	90	0	0
uops_issued.vector_width_mismatch:u	91	0	0
uops_issued.vector_width_mismatch:u	92	0	0
uops_issued.vector_width_mismatch:u	93	0	0
uops_issued.vector_width_mismatch:u	94	0	0
uops_issued.vector_width_mismatch:u	95	0	0
uops_issued.vector_width_mismatch:u	96	0	0
uops_issued.vector_width_mismatch:u	97	0	0
uops_issued.vector_width_mismatch:u	98	0	0
uops_issued.vector_width_mismatch:u	99	0	0
uops_issued.vector_width_mismatch:u	100	0	0
uops_issued.vector_width_mismatch:u	101	0	0
uops_issued.vector_width_mismatch:u	102	0	0
uops_issued.vector_width_mismatch:u	103	0	0
uops_issued.vector_width_mismatch:u	104	0	0
uops_issued.vector_width_mismatch:u	105	0	0
uops_issued.vector_width_mismatch:u	106	0	0
uops_issued.vector_width_mismatch:u	107	0	0
uops_issued.vector_width_mismatch:u	108	0	0
uops_issued.vector_width_mismatch:u	109	0	0
uops_issued.vector_width_mismatch:u	110	0	0
uops_issued.vector_width_mismatch:u	111	0	0
uops_issued.vector_width_mismatch:u	112	0	0
uops_issued.vector_width_mismatch:u	113	0	0
uops_issued.vector_width_mismatch:u	114	0	0
uops_issued.vector_width_mismatch:u	115	0	0
uops_issued.vector_width_mismatch:u	116	0	0
uops_issued.vector_width_mismatch:u	117	0	0
uops_issued.vector_width_mismatch:u	118	0	0
uops_issued.vector_width_mismatch:u	119	0	0
uops_issued.vector_width_mismatch:u	120	0	0
uops_issued.vector_width_mismatch:u	121	0	0
uops_issued.vector_width_mismatch:u	122	0	0
uops_issued.vector_width_mismatch:u	123	0	0
uops_issued.vector_width_mismatch:u	124	0	0
uops_issued.vector_width_mismatch:u	125	0	0
uops_issued.vector_width_mismatch:u	126	0	0
uops_issued.vector_width_mismatch:u	127	0	0
uops_issued.vector_width_mismatch:u	128	0	0
uops_issued.vector_width_mismatch:u	129	0	0
uops_issued.vector_width_mismatch:u	130	0	0
uops_issued.vector_width_mismatch:u	131	0	0
uops_issued.vector_width_mismatch:u	132	0	0
uops_issued.vector_width_mismatch:u	133	0	0
uops_issued.vector_width_mismatch:u	134	0	0
uops_issued.vector_width_mismatch:u	135	0	0
uops_issued.vector_width_mismatch:u	136	0	0
uops_issued.vector_width_mismatch:u	137	0	0
uops_issued.vector_width_mismatch:u	138	0	0
uops_issued.vector_width_mismatch:u	139	0	0
uops_issued.vector_width_mismatch:u	140	0	0
uops_issued.vector_width_mismatch:u	141	0	0
uops_issued.vector_width_mismatch:u	142	0	0
uops_issued.vector_width_mismatch:u	143	0	0
uops_issued.vector_width_mismatch:u	144	0	0
uops_issued.vector_width_mismatch:u	145	0	0
uops_issued.vector_width_mismatch:u	146	0	0
uops_issued.vector_width_mismatch:u	147	0	0
uops_issued.vector_width_mismatch:u	148	0	0
uops_issued.vector_width_mismatch:u	149	0	0
uops_issued.vector_width_mismatch:u	150	0	0
uops_issued.vector_width_mismatch:u	151	0	0
uops_issued.vector_width_mismatch:u	152	0	0
uops_issued.vector_width_mismatch:u	153	0	0
uops_issued.vector_width_mismatch:u	154	0	0
uops_issued.vector_width_mismatch:u	155	0	0
uops_issued.vector_width_mismatch:u	156	0	0
uops_issued.vector_width_mismatch:u	157	0	0
uops_issued.vector_width_mismatch:u	158	0	0
uops_issued.vector_width_mismatch:u	159	0	0
uops_issued.vector_width_mismatch:u	160	0	0
uops_issued.vector_width_mismatch:u	161	0	0
uops_issued.vector_width_mismatch:u	162	0	0
uops_issued.vector_width_mismatch:u	163	0	0
uops_issued.vector_width_mismatch:u	164	0	0
uops_issued.vector_width_mismatch:u	165	0	0
uops_issued.vector_width_mismatch:u	166	0	0
uops_issued.vector_width_mismatch:u	167	0	0
uops_issued.vector_width_mismatch:u	168	0	0
uops_issued.vector_width_mismatch:u	169	0	0
uops_issued.vector_width_mismatch:u	170	0	0
uops_issued.vector_width_mismatch:u	171	0	0
uops_issued.vector_width_mismatch:u	172	0	0
uops_issued.vector_width_mismatch:u	173	0	0
uops_issued.vector_width_mismatch:u	174	0	0
uops_issued.vector_width_mismatch:u	175	0	0
uops_issued.vector_width_mismatch:u	176	0	0
uops_issued.vector_width_mismatch:u	177	0	0
uops_issued.vector_width_mismatch:u	178	0	0
uops_issued.vector_width_mismatch:u	179	0	0
uops_issued.vector_width_mismatch:u	180	0	0
uops_issued.vector_width_mismatch:u	181	0	0
uops_issued.vector_width_mismatch:u	182	0	0
uops_issued.vector_width_mismatch:u	183	0	0
uops_issued.vector_width_mismatch:u	184	0	0
uops_issued.vector_width_mismatch:u	185	0	0
uops_issued.vector_width_mismatch:u	186	0	0
uops_issued.vector_width_mismatch:u	187	0	0
uops_issued.vector_width_mismatch:u	188	0	0
uops_issued.vector_width_mismatch:u	189	0	0
uops_issued.vector_width_mismatch:u	190	0	0
uops_issued.vector_width_mismatch:u	191	0	0
uops_issued.vector_width_mismatch:u	192	0	0
uops_issued.vector_width_mismatch:u	193	0	0
uops_issued.vector_width_mismatch:u	194	0	0
uops_issued.vector_width_mismatch:u	195	0	0
uops_issued.vector_width_mismatch:u	196	0	0
uops_issued.vector_width_mismatch:u	197	0	0
uops_issued.vector_width_mismatch:u	198	0	0
uops_issued.vector_width_mismatch:u	199	0	0
uops_issued.vector_width_mismatch:u	200	0	0
uops_issued.vector_width_mismatch:u	201	0	0
uops_issued.vector_width_mismatch:u	202	0	0
uops_issued.vector_width_mismatch:u	203	0	0
uops_issued.vector_width_mismatch:u	204	0	0
uops_issued.vector_width_mismatch:u	205	0	0
uops_issued.vector_width_mismatch:u	206	0	0
uops_issued.vector_width_mismatch:u	207	0	0
uops_issued.vector_width_mismatch:u	208	0	0
uops_issued.vector_width_mismatch:u	209	0	0
uops_issued.vector_width_mismatch:u	210	0	0
uops_issued.vector_width_mismatch:u	211	0	0
uops_issued.vector_width_mismatch:u	212	0	0
uops_issued.vector_width_mismatch:u	213	0	0
uops_issued.vector_width_mismatch:u	214	0	0
uops_issued.vector_width_mismatch:u	215	0	0
uops_issued.vector_width_mismatch:u	216	0	0
uops_issued.vector_width_mismatch:u	217	0	0
uops_issued.vector_width_mismatch:u	218	0	0
uops_issued.vector_width_mismatch:u	219	0	0
uops_issued.vector_width_mismatch:u	220	0	0
uops_issued.vector_width_mismatch:u	221	0	0
uops_issued.vector_width_mismatch:u	222	0	0
uops_issued.vector_width_mismatch:u	223	0	0
uops_issued.vector_width_mismatch:u	224	0	0
uops_issued.vector_width_mismatch:u	225	0	0
uops_issued.vector_width_mismatch:u	226	0	0
uops_issued.vector_width_mismatch:u	227	0	0
uops_issued.vector_width_mismatch:u	228	0	0
uops_issued.vector_width_mismatch:u	229	0	0
uops_issued.vector_width_mismatch:u	230	0	0
uops_issued.vector_width_mismatch:u	231	0	0
uops_issued.vector_width_mismatch:u	232	0	0
uops_issued.vector_width_mismatch:u	233	0	0
uops_issued.vector_width_mismatch:u	234	0	0
uops_issued.vector_width_mismatch:u	235	0	0
uops_issued.vector_width_mismatch:u	236	0	0
uops_issued.vector_width_mismatch:u	237	0	0
uops_issued.vector_width_mismatch:u	238	0	0
uops_issued.vector_width_mismatch:u	239	0	0
uops_issued.vector_width_mismatch:u	240	0	0
uops_issued.vector_width_mismatch:u	241	0	0
uops_issued.vector_width_mismatch:u	242	0	0
uops_issued.vector_width_mismatch:u	243	0	0
uops_issued.vector_width_mismatch:u	244	0	0
uops_issued.vector_width_mismatch:u	245	0	0
uops_issued.vector_width_mismatch:u	246	0	0
uops_issued.vector_width_mismatch:u	247	0	0
uops_issued.vector_width_mismatch:u	248	0	0
uops_issued.vector_width_mismatch:u	249	0	0
uops_issued.vector_width_mismatch:u	250	0	0
uops_issued.vector_width_mismatch:u	251	0	0
uops_issued.vector_width_mismatch:u	252	0	0
uops_issued.vector_width_mismatch:u	253	0	0
uops_issued.vector_width_mismatch:u	254	0	0
uops_issued.vector_width_mismatch:u	255	0	0
uops_issued.vector_width_mismatch:u	256	0	0
uops_issued.vector_width_mismatch:u	257	0	0
uops_issued.vector_width_mismatch:u	258	0	0
uops_issued.vector_width_mismatch:u	259	0	0
uops_issued.vector_width_mismatch:u	260	0	0
uops_issued.vector_width_mismatch:u	261	0	0
uops_issued.vector_width_mismatch:u	262	0	0
uops_issued.vector_width_mismatch:u	263	0	0
uops_issued.vector_width_mismatch:u	264	0	0
uops_issued.vector_width_mismatch:u	265	0	0
uops_issued.vector_width_mismatch:u	266	0	0
uops_issued.vector_width_mismatch:u	267	0	0
uops_issued.vector_width_mismatch:u	268	0	0
uops_issued.vector_width_mismatch:u	269	0	0
uops_issued.vector_width_mismatch:u	270	0	0
uops_issued.vector_width_mismatch:u	271	0	0
uops_issued.vector_width_mismatch:u	272	0	0
uops_issued.vector_width_mismatch:u	273	0	0
uops_issued.vector_width_mismatch:u	274	0	0
uops_issued.vector_width_mismatch:u	275	0	0
uops_issued.vector_width_mismatch:u	276	0	0
uops_issued.vector_width_mismatch:u	277	0	0
uops_issued.vector_width_mismatch:u	278	0	0
uops_issued.vector_width_mismatch:u	279	0	0
uops_issued.vector_width_mismatch:u	280	0	0
uops_issued.vector_width_mismatch:u	281	0	0
uops_issued.vector_width_mismatch:u	282	0	0
uops_issued.vector_width_mismatch:u	283	0	0
uops_issued.vector_width_mismatch:u	284	0	0
uops_issued.vector_width_mismatch:u	285	0	0
uops_issued.vector_width_mismatch:u	286	0	0
uops_issued.vector_width_mismatch:u	287	0	0
uops_issued.vector_width_mismatch:u	288	0	0
uops_issued.vector_width_mismatch:u	289	0	0
uops_issued.vector_width_mismatch:u	290	0	0
uops_issued.vector_width_mismatch:u	291	0	0
uops_issued.vector_width_mismatch:u	292	0	0
uops_issued.vector_width_mismatch:u	293	0	0
uops_issued.vector_width_mismatch:u	294	0	0
uops_issued.vector_width_mismatch:u	295	0	0
uops_issued.vector_width_mismatch:u	296	0	0
uops_issued.vector_width_mismatch:u	297	0	0
uops_issued.vector_width_mismatch:u	298	0	0
uops_issued.vector_width_mismatch:u	299	0	0
uops_issued.vector_width_mismatch:u	300	0	0
uops_issued.vector_width_mismatch:u	301	0	0
uops_issued.vector_width_mismatch:u	302	0	0
uops_issued.vector_width_mismatch:u	303	0	0
uops_issued.vector_width_mismatch:u	304	0	0
uops_issued.vector_width_mismatch:u	305	0	0
uops_issued.vector_width_mismatch:u	306	0	0
uops_issued.vector_width_mismatch:u	307	0	0
uops_issued.vector_width_mismatch:u	308	0	0
uops_issued.vector_width_mismatch:u	309	0	0
uops_issued.vector_width_mismatch:u	310	0	0
uops_issued.vector_width_mismatch:u	311	0	0
uops_issued.vector_width_mismatch:u	312	0	0
uops_issued.vector_width_mismatch:u	313	0	0
uops_issued.vector_width_mismatch:u	314	0	0
uops_issued.vector_width_mismatch:u	315	0	0
uops_issued.vector_width_mismatch:u	316	0	0
uops_issued.vector_width_mismatch:u	317	0	0
uops_issued.vector_width_mismatch:u	318	0	0
uops_issued.vector_width_mismatch:u	319	0	0
uops_issued.vector_width_mismatch:u	320	0	0
uops_issued.vector_width_mismatch:u	321	0	0
uops_issued.vector_width_mismatch:u	322	0	0
uops_issued.vector_width_mismatch:u	323	0	0
uops_issued.vector_width_mismatch:u	324	0	0
uops_issued.vector_width_mismatch:u	325	0	0
uops_issued.vector_width_mismatch:u	326	0	0
uops_issued.vector_width_mismatch:u	327	0	0
uops_issued.vector_width_mismatch:u	328	0	0
uops_issued.vector_width_mismatch:u	329	0	0
uops_issued.vector_width_mismatch:u	330	0	0
uops_issued.vector_width_mismatch:u	331	0	0
uops_issued.vector_width_mismatch:u	332	0	0
uops_issued.vector_width_mismatch:u	333	0	0
uops_issued.vector_width_mismatch:u	334	0	0
uops_issued.vector_width_mismatch:u	335	0	0
uops_issued.vector_width_mismatch:u	336	0	0
uops_issued.vector_width_mismatch:u	337	0	0
uops_issued.vector_width_mismatch:u	338	0	0
uops_issued.vector_width_mismatch:u	339	0	0
uops_issued.vector_width_mismatch:u	340	0	0
uops_issued.vector_width_mismatch:u	341	0	0
uops_issued.vector_width_mismatch:u	342	0	0
uops_issued.vector_width_mismatch:u	343	0	0
uops_issued.vector_width_mismatch:u	344	0	0
uops_issued.vector_width_mismatch:u	345	0	0
uops_issued.vector_width_mismatch:u	346	0	0
uops_issued.vector_width_mismatch:u	347	0	0
uops_issued.vector_width_mismatch:u	348	0	0
uops_issued.vector_width_mismatch:u	349	0	0
uops_issued.vector_width_mismatch:u	350	0	0
uops_issued.vector_width_mismatch:u	351	0	0
uops_issued.vector_width_mismatch:u	352	0	0
uops_issued.vector_width_mismatch:u	353	0	0
uops_issued.vector_width_mismatch:u	354	0	0
uops_issued.vector_width_mismatch:u	355	0	0
uops_issued.vector_width_mismatch:u	356	0	0
uops_issued.vector_width_mismatch:u	357	0	0
uops_issued.vector_width_mismatch:u	358	0	0
uops_issued.vector_width_mismatch:u	359	0	0
uops_issued.vector_width_mismatch:u	360	0	0
uops_issued.vector_width_mismatch:u	361	0	0
uops_issued.vector_width_mismatch:u	362	0	0
uops_issued.vector_width_mismatch:u	363	0	0
uops_issued.vector_width_mismatch:u	364	0	0
uops_issued.vector_width_mismatch:u	365	0	0
uops_issued.vector_width_mismatch:u	366	0	0
uops_issued.vector_width_mismatch:u	367	0	0
uops_issued.vector_width_mismatch:u	368	0	0
uops_issued.vector_width_mismatch:u	369	0	0
uops_issued.vector_width_mismatch:u	370	0	0
uops_issued.vector_width_mismatch:u	371	0	0
uops_issued.vector_width_mismatch:u	372	0	0
uops_issued.vector_width_mismatch:u	373	0	0
uops_issued.vector_width_mismatch:u	374	0	0
uops_issued.vector_width_mismatch:u	375	0	0
uops_issued.vector_width_mismatch:u	376	0	0
uops_issued.vector_width_mismatch:u	377	0	0
uops_issued.vector_width_mismatch:u	378	0	0
uops_issued.vector_width_mismatch:u	379	0	0
uops_issued.vector_width_mismatch:u	380	0	0
uops_issued.vector_width_mismatch:u	381	0	0
uops_issued.vector_width_mismatch:u	382	0	0
uops_issued.vector_width_mismatch:u	383	0	0
uops_issued.vector_width_mismatch:u	384	0	0
uops_issued.vector_width_mismatch:u	385	0	0
uops_issued.vector_width_mismatch:u	386	0	0
uops_issued.vector_width_mismatch:u	387	0	0
uops_issued.vector_width_mismatch:u	388	0	0
uops_issued.vector_width_mismatch:u	389	0	0
uops_issued.vector_width_mismatch:u	390	0	0
uops_issued.vector_width_mismatch:u	391	0	0
uops_issued.vector_width_mismatch:u	392	0	0
uops_issued.vector_width_mismatch:u	393	0	0
uops_issued.vector_width_mismatch:u	394	0	0
uops_issued.vector_width_mismatch:u	395	0	0
uops_issued.vector_width_mismatch:u	396	0	0
uops_issued.vector_width_mismatch:u	397	0	0
uops_issued.vector_width_mismatch:u	398	0	0
uops_issued.vector_width_mismatch:u	399	0	0
uops_issued.vector_width_mismatch:u	400	0	0
uops_issued.vector_width_mismatch:u	401	0	0
uops_issued.vector_width_mismatch:u	402	0	0
uops_issued.vector_width_mismatch:u	403	0	0
uops_issued.vector_width_mismatch:u	404	0	0
uops_issued.vector_width_mismatch:u	405	0	0
uops_issued.vector_width_mismatch:u	406	0	0
uops_issued.vector_width_mismatch:u	407	0	0
uops_issued.vector_width_mismatch:u	408	0	0
uops_issued.vector_width_mismatch:u	409	0	0
uops_issued.vector_width_mismatch:u	410	0	0
uops_issued.vector_width_mismatch:u	411	0	0
uops_issued.vector_width_mismatch:u	412	0	0
uops_issued.vector_width_mismatch:u	413	0	0
uops_issued.vector_width_mismatch:u	414	0	0
uops_issued.vector_width_mismatch:u	415	0	0
uops_issued.vector_width_mismatch:u	416	0	0
uops_issued.vector_width_mismatch:u	417	0	0
uops_issued.vector_width_mismatch:u	418	0	0
uops_issued.vector_width_mismatch:u	419	0	0
uops_issued.vector_width_mismatch:u	420	0	0
uops_issued.vector_width_mismatch:u	421	0	0
uops_issued.vector_width_mismatch:u	422	0	0
uops_issued.vector_width_mismatch:u	423	0	0
uops_issued.vector_width_mismatch:u	424	0	0
uops_issued.vector_width_mismatch:u	425	0	0
uops_issued.vector_width_mismatch:u	426	0	0
uops_issued.vector_width_mismatch:u	427	0	0
uops_issued.vector_width_mismatch:u	428	0	0
uops_issued.vector_width_mismatch:u	429	0	0
uops_issued.vector_width_mismatch:u	430	0	0
uops_issued.vector_width_mismatch:u	431	0	0
uops_issued.vector_width_mismatch:u	432	0	0
uops_issued.vector_width_mismatch:u	433	0	0
uops_issued.vector_width_mismatch:u	434	0	0
uops_issued.vector_width_mismatch:u	435	0	0
uops_issued.vector_width_mismatch:u	436	0	0
uops_issued.vector_width_mismatch:u	437	0	0
uops_issued.vector_width_mismatch:u	438	0	0
uops_issued.vector_width_mismatch:u	439	0	0
uops_issued.vector_width_mismatch:u	440	0	0
uops_issued.vector_width_mismatch:u	441	0	0
uops_issued.vector_width_mismatch:u	442	0	0
uops_issued.vector_width_mismatch:u	443	0	0
uops_issued.vector_width_mismatch:u	444	0	0
uops_issued.vector_width_mismatch:u	445	0	0
uops_issued.vector_width_mismatch:u	446	0	0
uops_issued.vector_width_mismatch:u	447	0	0
uops_issued.vector_width_mismatch:u	448	0	0
uops_issued.vector_width_mismatch:u	449	0	0
uops_issued.vector_width_mismatch:u	450	0	0
uops_issued.vector_width_mismatch:u	451	0	0
uops_issued.vector_width_mismatch:u	452	0	0
uops_issued.vector_width_mismatch:u	453	0	0
uops_issued.vector_width_mismatch:u	454	0	0
uops_issued.vector_width_mismatch:u	455	0	0
uops_issued.vector_width_mismatch:u	456	0	0
uops_issued.vector_width_mismatch:u	457	0	0
uops_issued.vector_width_mismatch:u	458	0	0
uops_issued.vector_width_mismatch:u	459	0	0
uops_issued.vector_width_mismatch:u	460	0	0
uops_issued.vector_width_mismatch:u	461	0	0
uops_issued.vector_width_mismatch:u	462	0	0
uops_issued.vector_width_mismatch:u	463	0	0
uops_issued.vector_width_mismatch:u	464	0	0
uops_issued.vector_width_mismatch:u	465	0	0
uops_issued.vector_width_mismatch:u	466	0	0
uops_issued.vector_width_mismatch:u	467	0	0
uops_issued.vector_width_mismatch:u	468	0	0
uops_issued.vector_width_mismatch:u	469	0	0
uops_issued.vector_width_mismatch:u	470	0	0
uops_issued.vector_width_mismatch:u	471	0	0
uops_issued.vector_width_mismatch:u	472	0	0
uops_issued.vector_width_mismatch:u	473	0	0
uops_issued.vector_width_mismatch:u	474	0	0
uops_issued.vector_width_mismatch:u	475	0	0
uops_issued.vector_width_mismatch:u	476	0	0
uops_issued.vector_width_mismatch:u	477	0	0
uops_issued.vector_width_mismatch:u	478	0	0
uops_issued.vector_width_mismatch:u	479	0	0
uops_issued.vector_width_mismatch:u	480	0	0
uops_issued.vector_width_mismatch:u	481	0	0
uops_issued.vector_width_mismatch:u	482	0	0
uops_issued.vector_width_mismatch:u	483	0	0
uops_issued.vector_width_mismatch:u	484	0	0
uops_issued.vector_width_mismatch:u	485	0	0
uops_issued.vector_width_mismatch:u	486	0	0
uops_issued.vector_width_mismatch:u	487	0	0
uops_issued.vector_width_mismatch:u	488	0	0
uops_issued.vector_width_mismatch:u	489	0	0
uops_issued.vector_width_mismatch:u	490	0	0
uops_issued.vector_width_mismatch:u	491	0	0
uops_issued.vector_width_mismatch:u	492	0	0
uops_issued.vector_width_mismatch:u	493	0	0
uops_issued.vector_width_mismatch:u	494	0	0
uops_issued.vector_width_mismatch:u	495	0	0
uops_issued.vector_width_mismatch:u	496	0	0
uops_issued.vector_width_mismatch:u	497	0	0
uops_issued.vector_width_mismatch:u	498	0	0
uops_issued.vector_width_mismatch:u	499	0	0
uops_issued.vector_width_mismatch:u	500	0	0
uops_issued.vector_width_mismatch:u	501	0	0
uops_issued.vector_width_mismatch:u	502	0	0
uops_issued.vector_width_mismatch:u	503	0	0
uops_issued.vector_width_mismatch:u	504	0	0
uops_issued.vector_width_mismatch:u	505	0	0
uops_issued.vector_width_mismatch:u	506	0	0
uops_issued.vector_width_mismatch:u	507	0	0
uops_issued.vector_width_mismatch:u	508	0	0
uops_issued.vector_width_mismatch:u	509	0	0
uops_issued.vector_width_mismatch:u	510	0	0
uops_issued.vector_width_mismatch:u	511	0	0
uops_issued.vector_width_mismatch:u	512	0	0
uops_issued.vector_width_mismatch:u	513	0	0
uops_issued.vector_width_mismatch:u	514	0	0
uops_issued.vector_width_mismatch:u	515	0	0
uops_issued.vector_width_mismatch:u	516	0	0
uops_issued.vector_width_mismatch:u	517	0	0
uops_issued.vector_width_mismatch:u	518	0	0
uops_issued.vector_width_mismatch:u	519	0	0
uops_issued.vector_width_mismatch:u	520	0	0
uops_issued.vector_width_mismatch:u	521	0	0
uops_issued.vector_width_mismatch:u	522	0	0
uops_issued.vector_width_mismatch:u	523	0	0
uops_issued.vector_width_mismatch:u	524	0	0
uops_issued.vector_width_mismatch:u	525	0	0
uops_issued.vector_width_mismatch:u	526	0	0
uops_issued.vector_width_mismatch:u	527	0	0
uops_issued.vector_width_mismatch:u	528	0	0
uops_issued.vector_width_mismatch:u	529	0	0
uops_issued.vector_width_mismatch:u	530	0	0
uops_issued.vector_width_mismatch:u	531	0	0
uops_issued.vector_width_mismatch:u	532	0	0
uops_issued.vector_width_mismatch:u	533	0	0
uops_issued.vector_width_mismatch:u	534	0	0
uops_issued.vector_width_mismatch:u	535	0	0
uops_issued.vector_width_mismatch:u	536	0	0
uops_issued.vector_width_mismatch:u	537	0	0
uops_issued.vector_width_mismatch:u	538	0	0
uops_issued.vector_width_mismatch:u	539	0	0
uops_issued.vector_width_mismatch:u	540	0	0
uops_issued.vector_width_mismatch:u	541	0	0
uops_issued.vector_width_mismatch:u	542	0	0
uops_issued.vector_width_mismatch:u	543	0	0
uops_issued.vector_width_mismatch:u	544	0	0
uops_issued.vector_width_mismatch:u	545	0	0
uops_issued.vector_width_mismatch:u	546	0	0
uops_issued.vector_width_mismatch:u	547	0	0
uops_issued.vector_width_mismatch:u	548	0	0
uops_issued.vector_width_mismatch:u	549	0	0
uops_issued.vector_width_mismatch:u	550	0	0
uops_issued.vector_width_mismatch:u	551	0	0
uops_issued.vector_width_mismatch:u	552	0	0
uops_issued.vector_width_mismatch:u	553	0	0
uops_issued.vector_width_mismatch:u	554	0	0
uops_issued.vector_width_mismatch:u	555	0	0
uops_issued.vector_width_mismatch:u	556	0	0
uops_issued.vector_width_mismatch:u	557	0	0
uops_issued.vector_width_mismatch:u	558	0	0
uops_issued.vector_width_mismatch:u	559	0	0
uops_issued.vector_width_mismatch:u	560	0	0
uops_issued.vector_width_mismatch:u	561	0	0
uops_issued.vector_width_mismatch:u	562	0	0
uops_issued.vector_width_mismatch:u	563	0	0
uops_issued.vector_width_mismatch:u	564	0	0
uops_issued.vector_width_mismatch:u	565	0	0
uops_issued.vector_width_mismatch:u	566	0	0
uops_issued.vector_width_mismatch:u	567	0	0
uops_issued.vector_width_mismatch:u	568	0	0
uops_issued.vector_width_mismatch:u	569	0	0
uops_issued.vector_width_mismatch:u	570	0	0
uops_issued.vector_width_mismatch:u	571	0	0
uops_issued.vector_width_mismatch:u	572	0	0
uops_issued.vector_width_mismatch:u	573	0	0
uops_issued.vector_width_mismatch:u	574	0	0
uops_issued.vector_width_mismatch:u	575	0	0
uops_issued.vector_width_mismatch:u	576	0	0
uops_issued.vector_width_mismatch:u	577	0	0
uops_issued.vector_width_mismatch:u	578	0	0
uops_issued.vector_width_mismatch:u	579	0	0
uops_issued.vector_width_mismatch:u	580	0	0
uops_issued.vector_width_mismatch:u	581	0	0
uops_issued.vector_width_mismatch:u	582	0	0
uops_issued.vector_width_mismatch:u	583	0	0
uops_issued.vector_width_mismatch:u	584	0	0
uops_issued.vector_width_mismatch:u	585	0	0
uops_issued.vector_width_mismatch:u	586	0	0
uops_issued.vector_width_mismatch:u	587	0	0
uops_issued.vector_width_mismatch:u	588	0	0
uops_issued.vector_width_mismatch:u	589	0	0
uops_issued.vector_width_mismatch:u	590	0	0
uops_issued.vector_width_mismatch:u	591	0	0
uops_issued.vector_width_mismatch:u	592	0	0
uops_issued.vector_width_mismatch:u	593	0	0
uops_issued.vector_width_mismatch:u	594	0	0
uops_issued.vector_width_mismatch:u	595	0	0
uops_issued.vector_width_mismatch:u	596	0	0
uops_issued.vector_width_mismatch:u	597	0	0
uops_issued.vector_width_mismatch:u	598	0	0
uops_issued.vector_width_mismatch:u	599	0	0
uops_issued.vector_width_mismatch:u	600	0	0
uops_issued.vector_width_mismatch:u	601	0	0
uops_issued.vector_width_mismatch:u	602	0	0
uops_issued.vector_width_mismatch:u	603	0	0
uops_issued.vector_width_mismatch:u	604	0	0
uops_issued.vector_width_mismatch:u	605	0	0
uops_issued.vector_width_mismatch:u	606	0	0
uops_issued.vector_width_mismatch:u	607	0	0
uops_issued.vector_width_mismatch:u	608	0	0
uops_issued.vector_width_mismatch:u	609	0	0
uops_issued.vector_width_mismatch:u	610	0	0
uops_issued.vector_width_mismatch:u	611	0	0
uops_issued.vector_width_mismatch:u	612	0	0
uops_issued.vector_width_mismatch:u	613	0	0
uops_issued.vector_width_mismatch:u	614	0	0
uops_issued.vector_width_mismatch:u	615	0	0
uops_issued.vector_width_mismatch:u	616	0	0
uops_issued.vector_width_mismatch:u	617	0	0
uops_issued.vector_width_mismatch:u	618	0	0
uops_issued.vector_width_mismatch:u	619	0	0
uops_issued.vector_width_mismatch:u	620	0	0
uops_issued.vector_width_mismatch:u	621	0	0
uops_issued.vector_width_mismatch:u	622	0	0
uops_issued.vector_width_mismatch:u	623	0	0
uops_issued.vector_width_mismatch:u	624	0	0
uops_issued.vector_width_mismatch:u	625	0	0
uops_issued.vector_width_mismatch:u	626	0	0
uops_issued.vector_width_mismatch:u	627	0	0
uops_issued.vector_width_mismatch:u	628	0	0
uops_issued.vector_width_mismatch:u	629	0	0
uops_issued.vector_width_mismatch:u	630	0	0
uops_issued.vector_width_mismatch:u	631	0	0
uops_issued.vector_width_mismatch:u	632	0	0
uops_issued.vector_width_mismatch:u	633	0	0
uops_issued.vector_width_mismatch:u	634	0	0
uops_issued.vector_width_mismatch:u	635	0	0
uops_issued.vector_width_mismatch:u	636	0	0
uops_issued.vector_width_mismatch:u	637	0	0
uops_issued.vector_width_mismatch:u	638	0	0
uops_issued.vector_width_mismatch:u	639	0	0
uops_issued.vector_width_mismatch:u	640	0	0
uops_issued.vector_width_mismatch:u	641	0	0
uops_issued.vector_width_mismatch:u	642	0	0
uops_issued.vector_width_mismatch:u	643	0	0
uops_issued.vector_width_mismatch:u	644	0	0
uops_issued.vector_width_mismatch:u	645	0	0
uops_issued.vector_width_mismatch:u	646	0	0
uops_issued.vector_width_mismatch:u	647	0	0
uops_issued.vector_width_mismatch:u	648	0	0
uops_issued.vector_width_mismatch:u	649	0	0
uops_issued.vector_width_mismatch:u	650	0	0
uops_issued.vector_width_mismatch:u	651	0	0
uops_issued.vector_width_mismatch:u	652	0	0
uops_issued.vector_width_mismatch:u	653	0	0
uops_issued.vector_width_mismatch:u	654	0	0
uops_issued.vector_width_mismatch:u	655	0	0
uops_issued.vector_width_mismatch:u	656	0	0
uops_issued.vector_width_mismatch:u	657	0	0
uops_issued.vector_width_mismatch:u	658	0	0
uops_issued.vector_width_mismatch:u	659	0	0
uops_issued.vector_width_mismatch:u	660	0	0
uops_issued.vector_width_mismatch:u	661	0	0
uops_issued.vector_width_mismatch:u	662	0	0
uops_issued.vector_width_mismatch:u	663	0	0
uops_issued.vector_width_mismatch:u	664	0	0
uops_issued.vector_width_mismatch:u	665	0	0
uops_issued.vector_width_mismatch:u	666	0	0
uops_issued.vector_width_mismatch:u	667	0	0
uops_issued.vector_width_mismatch:u	668	0	0
uops_issued.vector_width_mismatch:u	669	0	0
uops_issued.vector_width_mismatch:u	670	0	0
uops_issued.vector_width_mismatch:u	671	0	0
uops_issued.vector_width_mismatch:u	672	0	0
uops_issued.vector_width_mismatch:u	673	0	0
uops_issued.vector_width_mismatch:u	674	0	0
uops_issued.vector_width_mismatch:u	675	0	0
uops_issued.vector_width_mismatch:u	676	0	0
uops_issued.vector_width_mismatch:u	677	0	0
uops_issued.vector_width_mismatch:u	678	0	0
uops_issued.vector_width_mismatch:u	679	0	0
uops_issued.vector_width_mismatch:u	680	0	0
uops_issued.vector_width_mismatch:u	681	0	0
uops_issued.vector_width_mismatch:u	682	0	0
uops_issued.vector_width_mismatch:u	683	0	0
uops_issued.vector_width_mismatch:u	684	0	0
uops_issued.vector_width_mismatch:u	685	0	0
uops_issued.vector_width_mismatch:u	686	0	0
uops_issued.vector_width_mismatch:u	687	0	0
uops_issued.vector_width_mismatch:u	688	0	0
uops_issued.vector_width_mismatch:u	689	0	0
uops_issued.vector_width_mismatch:u	690	0	0
uops_issued.vector_width_mismatch:u	691	0	0
uops_issued.vector_width_mismatch:u	692	0	0
uops_issued.vector_width_mismatch:u	693	0	0
uops_issued.vector_width_mismatch:u	694	0	0
uops_issued.vector_width_mismatch:u	695	0	0
uops_issued.vector_width_mismatch:u	696	0	0
uops_issued.vector_width_mismatch:u	697	0	0
uops_issued.vector_width_mismatch:u	698	0	0
uops_issued.vector_width_mismatch:u	699	0	0
uops_issued.vector_width_mismatch:u	700	0	0
uops_issued.vector_width_mismatch:u	701	0	0
uops_issued.vector_width_mismatch:u	702	0	0
uops_issued.vector_width_mismatch:u	703	0	0
uops_issued.vector_width_mismatch:u	704	0	0
uops_issued.vector_width_mismatch:u	705	0	0
uops_issued.vector_width_mismatch:u	706	0	0
uops_issued.vector_width_mismatch:u	707	0	0
uops_issued.vector_width_mismatch:u	708	0	0
uops_issued.vector_width_mismatch:u	709	0	0
uops_issued.vector_width_mismatch:u	710	0	0
uops_issued.vector_width_mismatch:u	711	0	0
uops_issued.vector_width_mismatch:u	712	0	0
uops_issued.vector_width_mismatch:u	713	0	0
uops_issued.vector_width_mismatch:u	714	0	0
uops_issued.vector_width_mismatch:u	715	0	0
uops_issued.vector_width_mismatch:u	716	0	0
uops_issued.vector_width_mismatch:u	717	0	0
uops_issued.vector_width_mismatch:u	718	0	0
uops_issued.vector_width_mismatch:u	719	0	0
uops_issued.vector_width_mismatch:u	720	0	0
uops_issued.vector_width_mismatch:u	721	0	0
uops_issued.vector_width_mismatch:u	722	0	0
uops_issued.vector_width_mismatch:u	723	0	0
uops_issued.vector_width_mismatch:u	724	0	0
uops_issued.vector_width_mismatch:u	725	0	0
uops_issued.vector_width_mismatch:u	726	0	0
uops_issued.vector_width_mismatch:u	727	0	0
uops_issued.vector_width_mismatch:u	728	0	0
uops_issued.vector_width_mismatch:u	729	0	0
uops_issued.vector_width_mismatch:u	730	0	0
uops_issued.vector_width_mismatch:u	731	0	0
uops_issued.vector_width_mismatch:u	732	0	0
uops_issued.vector_width_mismatch:u	733	0	0
uops_issued.vector_width_mismatch:u	734	0	0
uops_issued.vector_width_mismatch:u	735	0	0
uops_issued.vector_width_mismatch:u	736	0	0
uops_issued.vector_width_mismatch:u	737	0	0
uops_issued.vector_width_mismatch:u	738	0	0
uops_issued.vector_width_mismatch:u	739	0	0
uops_issued.vector_width_mismatch:u	740	0	0
uops_issued.vector_width_mismatch:u	741	0	0
uops_issued.vector_width_mismatch:u	742	0	0
uops_issued.vector_width_mismatch:u	743	0	0
uops_issued.vector_width_mismatch:u	744	0	0
uops_issued.vector_width_mismatch:u	745	0	0
uops_issued.vector_width_mismatch:u	746	0	0
uops_issued.vector_width_mismatch:u	747	0	0
uops_issued.vector_width_mismatch:u	748	0	0
uops_issued.vector_width_mismatch:u	749	0	0
uops_issued.vector_width_mismatch:u	750	0	0
uops_issued.vector_width_mismatch:u	751	0	0
uops_issued.vector_width_mismatch:u	752	0	0
uops_issued.vector_width_mismatch:u	753	0	0
uops_issued.vector_width_mismatch:u	754	0	0
uops_issued.vector_width_mismatch:u	755	0	0
uops_issued.vector_width_mismatch:u	756	0	0
uops_issued.vector_width_mismatch:u	757	0	0
uops_issued.vector_width_mismatch:u	758	0	0
uops_issued.vector_width_mismatch:u	759	0	0
uops_issued.vector_width_mismatch:u	760	0	0
uops_issued.vector_width_mismatch:u	761	0	0
uops_issued.vector_width_mismatch:u	762	0	0
uops_issued.vector_width_mismatch:u	763	0	0
uops_issued.vector_width_mismatch:u	764	0	0
uops_issued.vector_width_mismatch:u	765	0	0
uops_issued.vector_width_mismatch:u	766	0	0
uops_issued.vector_width_mismatch:u	767	0	0
uops_issued.vector_width_mismatch:u	768	0	0
uops_issued.vector_width_mismatch:u	769	0	0
uops_issued.vector_width_mismatch:u	770	0	0
uops_issued.vector_width_mismatch:u	771	0	0
uops_issued.vector_width_mismatch:u	772	0	0
uops_issued.vector_width_mismatch:u	773	0	0
uops_issued.vector_width_mismatch:u	774	0	0
uops_issued.vector_width_mismatch:u	775	0	0
uops_issued.vector_width_mismatch:u	776	0	0
uops_issued.vector_width_mismatch:u	777	0	0
uops_issued.vector_width_mismatch:u	778	0	0
uops_issued.vector_width_mismatch:u	779	0	0
uops_issued.vector_width_mismatch:u	780	0	0
uops_issued.vector_width_mismatch:u	781	0	0
uops_issued.vector_width_mismatch:u	782	0	0
uops_issued.vector_width_mismatch:u	783	0	0
uops_issued.vector_width_mismatch:u	784	0	0
uops_issued.vector_width_mismatch:u	785	0	0
uops_issued.vector_width_mismatch:u	786	0	0
uops_issued.vector_width_mismatch:u	787	0	0
uops_issued.vector_width_mismatch:u	788	0	0
uops_issued.vector_width_mismatch:u	789	0	0
uops_issued.vector_width_mismatch:u	790	0	0
uops_issued.vector_width_mismatch:u	791	0	0
uops_issued.vector_width_mismatch:u	792	0	0
uops_issued.vector_width_mismatch:u	793	0	0
uops_issued.vector_width_mismatch:u	794	0	0
uops_issued.vector_width_mismatch:u	795	0	0
uops_issued.vector_width_mismatch:u	796	0	0
uops_issued.vector_width_mismatch:u	797	0	0
uops_issued.vector_width_mismatch:u	798	0	0
uops_issued.vector_width_mismatch:u	799	0	0
uops_issued.vector_width_mismatch:u	800	0	0
uops_issued.vector_width_mismatch:u	801	0	0
uops_issued.vector_width_mismatch:u	802	0	0
uops_issued.vector_width_mismatch:u	803	0	0
uops_issued.vector_width_mismatch:u	804	0	0
uops_issued.vector_width_mismatch:u	805	0	0
uops_issued.vector_width_mismatch:u	806	0	0
uops_issued.vector_width_mismatch:u	807	0	0
uops_issued.vector_width_mismatch:u	808	0	0
uops_issued.vector_width_mismatch:u	809	0	0
uops_issued.vector_width_mismatch:u	810	0	0
uops_issued.vector_width_mismatch:u	811	0	0
uops_issued.vector_width_mismatch:u	812	0	0
uops_issued.vector_width_mismatch:u	813	0	0
uops_issued.vector_width_mismatch:u	814	0	0
uops_issued.vector_width_mismatch:u	815	0	0
uops_issued.vector_width_mismatch:u	816	0	0
uops_issued.vector_width_mismatch:u	817	0	0
uops_issued.vector_width_mismatch:u	818	0	0
uops_issued.vector_width_mismatch:u	819	0	0
uops_issued.vector_width_mismatch:u	820	0	0
uops_issued.vector_width_mismatch:u	821	0	0
uops_issued.vector_width_mismatch:u	822	0	0
uops_issued.vector_width_mismatch:u	823	0	0
uops_issued.vector_width_mismatch:u	824	0	0
uops_issued.vector_width_mismatch:u	825	0	0
uops_issued.vector_width_mismatch:u	826	0	0
uops_issued.vector_width_mismatch:u	827	0	0
uops_issued.vector_width_mismatch:u	828	0	0
uops_issued.vector_width_mismatch:u	829	0	0
uops_issued.vector_width_mismatch:u	830	0	0
uops_issued.vector_width_mismatch:u	831	0	0
uops_issued.vector_width_mismatch:u	832	0	0
uops_issued.vector_width_mismatch:u	833	0	0
uops_issued.vector_width_mismatch:u	834	0	0
uops_issued.vector_width_mismatch:u	835	0	0
uops_issued.vector_width_mismatch:u	836	0	0
uops_issued.vector_width_mismatch:u	837	0	0
uops_issued.vector_width_mismatch:u	838	0	0
uops_issued.vector_width_mismatch:u	839	0	0
uops_issued.vector_width_mismatch:u	840	0	0
uops_issued.vector_width_mismatch:u	841	0	0
uops_issued.vector_width_mismatch:u	842	0	0
uops_issued.vector_width_mismatch:u	843	0	0
uops_issued.vector_width_mismatch:u	844	0	0
uops_issued.vector_width_mismatch:u	845	0	0
uops_issued.vector_width_mismatch:u	846	0	0
uops_issued.vector_width_mismatch:u	847	0	0
uops_issued.vector_width_mismatch:u	848	0	0
uops_issued.vector_width_mismatch:u	849	0	0
uops_issued.vector_width_mismatch:u	850	0	0
uops_issued.vector_width_mismatch:u	851	0	0
uops_issued.vector_width_mismatch:u	852	0	0
uops_issued.vector_width_mismatch:u	853	0	0
uops_issued.vector_width_mismatch:u	854	0	0
uops_issued.vector_width_mismatch:u	855	0	0
uops_issued.vector_width_mismatch:u	856	0	0
uops_issued.vector_width_mismatch:u	857	0	0
uops_issued.vector_width_mismatch:u	858	0	0
uops_issued.vector_width_mismatch:u	859	0	0
uops_issued.vector_width_mismatch:u	860	0	0
uops_issued.vector_width_mismatch:u	861	0	0
uops_issued.vector_width_mismatch:u	862	0	0
uops_issued.vector_width_mismatch:u	863	0	0
uops_issued.vector_width_mismatch:u	864	0	0
uops_issued.vector_width_mismatch:u	865	0	0
uops_issued.vector_width_mismatch:u	866	0	0
uops_issued.vector_width_mismatch:u	867	0	0
uops_issued.vector_width_mismatch:u	868	0	0
uops_issued.vector_width_mismatch:u	869	0	0
uops_issued.vector_width_mismatch:u	870	0	0
uops_issued.vector_width_mismatch:u	871	0	0
uops_issued.vector_width_mismatch:u	872	0	0
uops_issued.vector_width_mismatch:u	873	0	0
uops_issued.vector_width_mismatch:u	874	0	0
uops_issued.vector_width_mismatch:u	875	0	0
uops_issued.vector_width_mismatch:u	876	0	0
uops_issued.vector_width_mismatch:u	877	0	0
uops_issued.vector_width_mismatch:u	878	0	0
uops_issued.vector_width_mismatch:u	879	0	0
uops_issued.vector_width_mismatch:u	880	0	0
uops_issued.vector_width_mismatch:u	881	0	0
uops_issued.vector_width_mismatch:u	882	0	0
uops_issued.vector_width_mismatch:u	883	0	0
uops_issued.vector_width_mismatch:u	884	0	0
uops_issued.vector_width_mismatch:u	885	0	0
uops_issued.vector_width_mismatch:u	886	0	0
uops_issued.vector_width_mismatch:u	887	0	0
uops_issued.vector_width_mismatch:u	888	0	0
uops_issued.vector_width_mismatch:u	889	0	0
uops_issued.vector_width_mismatch:u	890	0	0
uops_issued.vector_width_mismatch:u	891	0	0
uops_issued.vector_width_mismatch:u	892	0	0
uops_issued.vector_width_mismatch:u	893	0	0
uops_issued.vector_width_mismatch:u	894	0	0
uops_issued.vector_width_mismatch:u	895	0	0
uops_issued.vector_width_mismatch:u	896	0	0
uops_issued.vector_width_mismatch:u	897	0	0
uops_issued.vector_width_mismatch:u	898	0	0
uops_issued.vector_width_mismatch:u	899	0	0
uops_issued.vector_width_mismatch:u	900	0	0
uops_issued.vector_width_mismatch:u	901	0	0
uops_issued.vector_width_mismatch:u	902	0	0
uops_issued.vector_width_mismatch:u	903	0	0
uops_issued.vector_width_mismatch:u	904	0	0
uops_issued.vector_width_mismatch:u	905	0	0
uops_issued.vector_width_mismatch:u	906	0	0
uops_issued.vector_width_mismatch:u	907	0	0
uops_issued.vector_width_mismatch:u	908	0	0
uops_issued.vector_width_mismatch:u	909	0	0
uops_issued.vector_width_mismatch:u	910	0	0
uops_issued.vector_width_mismatch:u	911	0	0
uops_issued.vector_width_mismatch:u	912	0	0
uops_issued.vector_width_mismatch:u	913	0	0
uops_issued.vector_width_mismatch:u	914	0	0
uops_issued.vector_width_mismatch:u	915	0	0
uops_issued.vector_width_mismatch:u	916	0	0
uops_issued.vector_width_mismatch:u	917	0	0
uops_issued.vector_width_mismatch:u	918	0	0
uops_issued.vector_width_mismatch:u	919	0	0
uops_issued.vector_width_mismatch:u	920	0	0
uops_issued.vector_width_mismatch:u	921	0	0
uops_issued.vector_width_mismatch:u	922	0	0
uops_issued.vector_width_mismatch:u	923	0	0
uops_issued.vector_width_mismatch:u	924	0	0
uops_issued.vector_width_mismatch:u	925	0	0
uops_issued.vector_width_mismatch:u	926	0	0
uops_issued.vector_width_mismatch:u	927	0	0
uops_issued.vector_width_mismatch:u	928	0	0
uops_issued.vector_width_mismatch:u	929	0	0
uops_issued.vector_width_mismatch:u	930	0	0
uops_issued.vector_width_mismatch:u	931	0	0
uops_issued.vector_width_mismatch:u	932	0	0
uops_issued.vector_width_mismatch:u	933	0	0
uops_issued.vector_width_mismatch:u	934	0	0
uops_issued.vector_width_mismatch:u	935	0	0
uops_issued.vector_width_mismatch:u	936	0	0
uops_issued.vector_width_mismatch:u	937	0	0
uops_issued.vector_width_mismatch:u	938	0	0
uops_issued.vector_width_mismatch:u	939	0	0
uops_issued.vector_width_mismatch:u	940	0	0
uops_issued.vector_width_mismatch:u	941	0	0
uops_issued.vector_width_mismatch:u	942	0	0
uops_issued.vector_width_mismatch:u	943	0	0
uops_issued.vector_width_mismatch:u	944	0	0
uops_issued.vector_width_mismatch:u	945	0	0
uops_issued.vector_width_mismatch:u	946	0	0
uops_issued.vector_width_mismatch:u	947	0	0
uops_issued.vector_width_mismatch:u	948	0	0
uops_issued.vector_width_mismatch:u	949	0	0
uops_issued.vector_width_mismatch:u	950	0	0
uops_issued.vector_width_mismatch:u	951	0	0
uops_issued.vector_width_mismatch:u	952	0	0
uops_issued.vector_width_mismatch:u	953	0	0
uops_issued.vector_width_mismatch:u	954	0	0
uops_issued.vector_width_mismatch:u	955	0	0
uops_issued.vector_width_mismatch:u	956	0	0
uops_issued.vector_width_mismatch:u	957	0	0
uops_issued.vector_width_mismatch:u	958	0	0
uops_issued.vector_width_mismatch:u	959	0	0
uops_issued.vector_width_mismatch:u	960	0	0
uops_issued.vector_width_mismatch:u	961	0	0
uops_issued.vector_width_mismatch:u	962	0	0
uops_issued.vector_width_mismatch:u	963	0	0
uops_issued.vector_width_mismatch:u	964	0	0
uops_issued.vector_width_mismatch:u	965	0	0
uops_issued.vector_width_mismatch:u	966	0	0
uops_issued.vector_width_mismatch:u	967	0	0
uops_issued.vector_width_mismatch:u	968	0	0
uops_issued.vector_width_mismatch:u	969	0	0
uops_issued.vector_width_mismatch:u	970	0	0
uops_issued.vector_width_mismatch:u	971	0	0
uops_issued.vector_width_mismatch:u	972	0	0
uops_issued.vector_width_mismatch:u	973	0	0
uops_issued.vector_width_mismatch:u	974	0	0
uops_issued.vector_width_mismatch:u	975	0	0
uops_issued.vector_width_mismatch:u	976	0	0
uops_issued.vector_width_mismatch:u	977	0	0
uops_issued.vector_width_mismatch:u	978	0	0
uops_issued.vector_width_mismatch:u	979	0	0
uops_issued.vector_width_mismatch:u	980	0	0
uops_issued.vector_width_mismatch:u	981	0	0
uops_issued.vector_width_mismatch:u	982	0	0
uops_issued.vector_width_mismatch:u	983	0	0
uops_issued.vector_width_mismatch:u	984	0	0
uops_issued.vector_width_mismatch:u	985	0	0
uops_issued.vector_width_mismatch:u	986	0	0
uops_issued.vector_width_mismatch:u	987	0	0
uops_issued.vector_width_mismatch:u	988	0	0
uops_issued.vector_width_mismatch:u	989	0	0
uops_issued.vector_width_mismatch:u	990	0	0
uops_issued.vector_width_mismatch:u	991	0	0
uops_issued.vector_width_mismatch:u	992	0	0
uops_issued.vector_width_mismatch:u	993	0	0
uops_issued.vector_width_mismatch:u	994	0	0
uops_issued.vector_width_mismatch:u	995	0	0
uops_issued.vector_width_mismatch:u	996	0	0
uops_issued.vector_width_mismatch:u	997	0	0
uops_issued.vector_width_mismatch:u	998	0	0
uops_issued.vector_width_mismatch:u	999	0	0
uops_issued.vector_width_mismatch:u	1000	0	0
dtlb_store_misses.walk_completed_4k:u	1	30027	0
dtlb_store_misses.walk_completed_4k:u	2	30030	0
iTLB-load-misses:u	1	5	0
iTLB-load-misses:u	2	5	0
iTLB-load-misses:u	3	5	0
iTLB-load-misses:u	4	11	0
