event	round	count	exit
topdown-recovery-bubbles:u	1	43868296	0
topdown-recovery-bubbles:u	2	43961876	0
l2_rqsts.all_demand_data_rd:u	1	1310284	0
l2_rqsts.all_demand_data_rd:u	2	1304918	0
mem_inst_retired.all_stores:u	1	24160000	0
mem_inst_retired.all_stores:u	2	24160000	0
mem_inst_retired.all_stores:u	3	24160000	0
mem_inst_retired.all_stores:u	4	24160000	0
mem_inst_retired.all_stores:u	5	24160000	0
mem_inst_retired.all_stores:u	6	24160000	0
mem_inst_retired.all_stores:u	7	24160000	0
mem_inst_retired.all_stores:u	8	24160000	0
mem_inst_retired.all_stores:u	9	24160000	0
mem_inst_retired.all_stores:u	10	24160000	0
mem_inst_retired.all_stores:u	11	24160000	0
mem_inst_retired.all_stores:u	12	24160000	0
mem_inst_retired.all_stores:u	13	24160000	0
mem_inst_retired.all_stores:u	14	24160000	0
mem_inst_retired.all_stores:u	15	24160000	0
mem_inst_retired.all_stores:u	16	24160000	0
mem_inst_retired.all_stores:u	17	24160000	0
mem_inst_retired.all_stores:u	18	24160000	0
mem_inst_retired.all_stores:u	19	24160000	0
mem_inst_retired.all_stores:u	20	24160000	0
mem_inst_retired.all_stores:u	21	24160000	0
mem_inst_retired.all_stores:u	22	24160000	0
mem_inst_retired.all_stores:u	23	24160000	0
mem_inst_retired.all_stores:u	24	24160000	0
mem_inst_retired.all_stores:u	25	24160000	0
mem_inst_retired.all_stores:u	26	24160000	0
mem_inst_retired.all_stores:u	27	24160000	0
mem_inst_retired.all_stores:u	28	24160000	0
mem_inst_retired.all_stores:u	29	24160000	0
mem_inst_retired.all_stores:u	30	24160000	0
mem_inst_retired.all_stores:u	31	24160000	0
mem_inst_retired.all_stores:u	32	24160000	0
mem_inst_retired.all_stores:u	33	24160000	0
mem_inst_retired.all_stores:u	34	24160000	0
mem_inst_retired.all_stores:u	35	24160000	0
mem_inst_retired.all_stores:u	36	24160000	0
mem_inst_retired.all_stores:u	37	24160000	0
mem_inst_retired.all_stores:u	38	24160000	0
mem_inst_retired.all_stores:u	39	24160000	0
mem_inst_retired.all_stores:u	40	24160000	0
mem_inst_retired.all_stores:u	41	24160000	0
mem_inst_retired.all_stores:u	42	24160000	0
mem_inst_retired.all_stores:u	43	24160000	0
mem_inst_retired.all_stores:u	44	24160000	0
mem_inst_retired.all_stores:u	45	24160000	0
mem_inst_retired.all_stores:u	46	24160000	0
mem_inst_retired.all_stores:u	47	24160000	0
mem_inst_retired.all_stores:u	48	24160000	0
mem_inst_retired.all_stores:u	49	24160000	0
mem_inst_retired.all_stores:u	50	24160000	0
mem_inst_retired.all_stores:u	51	24160000	0
mem_inst_retired.all_stores:u	52	24160000	0
mem_inst_retired.all_stores:u	53	24160000	0
mem_inst_retired.all_stores:u	54	24160000	0
mem_inst_retired.all_stores:u	55	24160000	0
mem_inst_retired.all_stores:u	56	24160000	0
mem_inst_retired.all_stores:u	57	24160000	0
mem_inst_retired.all_stores:u	58	24160000	0
mem_inst_retired.all_stores:u	59	24160000	0
mem_inst_retired.all_stores:u	60	24160000	0
mem_inst_retired.all_stores:u	61	24160000	0
mem_inst_retired.all_stores:u	62	24160000	0
mem_inst_retired.all_stores:u	63	24160000	0
mem_inst_retired.all_stores:u	64	24160000	0
mem_inst_retired.all_stores:u	65	24160000	0
mem_inst_retired.all_stores:u	66	24160000	0
mem_inst_retired.all_stores:u	67	24160000	0
mem_inst_retired.all_stores:u	68	24160000	0
mem_inst_retired.all_stores:u	69	24160000	0
mem_inst_retired.all_stores:u	70	24160000	0
mem_inst_retired.all_stores:u	71	24160000	0
mem_inst_retired.all_stores:u	72	24160000	0
mem_inst_retired.all_stores:u	73	24160000	0
mem_inst_retired.all_stores:u	74	24160000	0
mem_inst_retired.all_stores:u	75	24160000	0
mem_inst_retired.all_stores:u	76	24160000	0
mem_inst_retired.all_stores:u	77	24160000	0
mem_inst_retired.all_stores:u	78	24160000	0
mem_inst_retired.all_stores:u	79	24160000	0
mem_inst_retired.all_stores:u	80	24160000	0
mem_inst_retired.all_stores:u	81	24160000	0
mem_inst_retired.all_stores:u	82	24160000	0
mem_inst_retired.all_stores:u	83	24160000	0
mem_inst_retired.all_stores:u	84	24160000	0
mem_inst_retired.all_stores:u	85	24160000	0
mem_inst_retired.all_stores:u	86	24160000	0
mem_inst_retired.all_stores:u	87	24160000	0
mem_inst_retired.all_stores:u	88	24160000	0
mem_inst_retired.all_stores:u	89	24160000	0
mem_inst_retired.all_stores:u	90	24160000	0
mem_inst_retired.all_stores:u	91	24160000	0
mem_inst_retired.all_stores:u	92	24160000	0
mem_inst_retired.all_stores:u	93	24160000	0
mem_inst_retired.all_stores:u	94	24160000	0
mem_inst_retired.all_stores:u	95	24160000	0
mem_inst_retired.all_stores:u	96	24160000	0
mem_inst_retired.all_stores:u	97	24160000	0
mem_inst_retired.all_stores:u	98	24160000	0
mem_inst_retired.all_stores:u	99	24160000	0
mem_inst_retired.all_stores:u	100	24160000	0
mem_inst_retired.all_stores:u	101	24160000	0
mem_inst_retired.all_stores:u	102	24160000	0
mem_inst_retired.all_stores:u	103	24159999	0
mem_load_retired.l2_hit:u	1	139697	0
mem_load_retired.l2_hit:u	2	139782	0
fp_arith_inst_retired.scalar_single:u	1	2300000	0
fp_arith_inst_retired.scalar_single:u	2	2300000	0
fp_arith_inst_retired.scalar_single:u	3	2300000	0
fp_arith_inst_retired.scalar_single:u	4	2300000	0
fp_arith_inst_retired.scalar_single:u	5	2300000	0
fp_arith_inst_retired.scalar_single:u	6	2300000	0
fp_arith_inst_retired.scalar_single:u	7	2300000	0
fp_arith_inst_retired.scalar_single:u	8	2300000	0
fp_arith_inst_retired.scalar_single:u	9	2300000	0
fp_arith_inst_retired.scalar_single:u	10	2300000	0
fp_arith_inst_retired.scalar_single:u	11	2300000	0
fp_arith_inst_retired.scalar_single:u	12	2300000	0
fp_arith_inst_retired.scalar_single:u	13	2300000	0
fp_arith_inst_retired.scalar_single:u	14	2300000	0
fp_arith_inst_retired.scalar_single:u	15	2300000	0
fp_arith_inst_retired.scalar_single:u	16	2300000	0
fp_arith_inst_retired.scalar_single:u	17	2300000	0
fp_arith_inst_retired.scalar_single:u	18	2300000	0
fp_arith_inst_retired.scalar_single:u	19	2300000	0
fp_arith_inst_retired.scalar_single:u	20	2300000	0
fp_arith_inst_retired.scalar_single:u	21	2300000	0
fp_arith_inst_retired.scalar_single:u	22	2300000	0
fp_arith_inst_retired.scalar_single:u	23	2300000	0
fp_arith_inst_retired.scalar_single:u	24	2300000	0
fp_arith_inst_retired.scalar_single:u	25	2300000	0
fp_arith_inst_retired.scalar_single:u	26	2300000	0
fp_arith_inst_retired.scalar_single:u	27	2300000	0
fp_arith_inst_retired.scalar_single:u	28	2300000	0
fp_arith_inst_retired.scalar_single:u	29	2300000	0
fp_arith_inst_retired.scalar_single:u	30	2300000	0
fp_arith_inst_retired.scalar_single:u	31	2300000	0
fp_arith_inst_retired.scalar_single:u	32	2300000	0
fp_arith_inst_retired.scalar_single:u	33	2300000	0
fp_arith_inst_retired.scalar_single:u	34	2300000	0
fp_arith_inst_retired.scalar_single:u	35	2300000	0
fp_arith_inst_retired.scalar_single:u	36	2300000	0
fp_arith_inst_retired.scalar_single:u	37	2300000	0
fp_arith_inst_retired.scalar_single:u	38	2300000	0
fp_arith_inst_retired.scalar_single:u	39	2300000	0
fp_arith_inst_retired.scalar_single:u	40	2300000	0
fp_arith_inst_retired.scalar_single:u	41	2300000	0
fp_arith_inst_retired.scalar_single:u	42	2300000	0
fp_arith_inst_retired.scalar_single:u	43	2300000	0
fp_arith_inst_retired.scalar_single:u	44	2300000	0
fp_arith_inst_retired.scalar_single:u	45	2300000	0
fp_arith_inst_retired.scalar_single:u	46	2300000	0
fp_arith_inst_retired.scalar_single:u	47	2300000	0
fp_arith_inst_retired.scalar_single:u	48	2300000	0
fp_arith_inst_retired.scalar_single:u	49	2300000	0
fp_arith_inst_retired.scalar_single:u	50	2300000	0
fp_arith_inst_retired.scalar_single:u	51	2300000	0
fp_arith_inst_retired.scalar_single:u	52	2300000	0
fp_arith_inst_retired.scalar_single:u	53	2300000	0
fp_arith_inst_retired.scalar_single:u	54	2300000	0
fp_arith_inst_retired.scalar_single:u	55	2300000	0
fp_arith_inst_retired.scalar_single:u	56	2300000	0
fp_arith_inst_retired.scalar_single:u	57	2300000	0
fp_arith_inst_retired.scalar_single:u	58	2300000	0
fp_arith_inst_retired.scalar_single:u	59	2300000	0
fp_arith_inst_retired.scalar_single:u	60	2300000	0
fp_arith_inst_retired.scalar_single:u	61	2300000	0
fp_arith_inst_retired.scalar_single:u	62	2300000	0
fp_arith_inst_retired.scalar_single:u	63	2300000	0
fp_arith_inst_retired.scalar_single:u	64	2300000	0
fp_arith_inst_retired.scalar_single:u	65	2300000	0
fp_arith_inst_retired.scalar_single:u	66	2300000	0
fp_arith_inst_retired.scalar_single:u	67	2300000	0
fp_arith_inst_retired.scalar_single:u	68	2300000	0
fp_arith_inst_retired.scalar_single:u	69	2300000	0
fp_arith_inst_retired.scalar_single:u	70	2300000	0
fp_arith_inst_retired.scalar_single:u	71	2300000	0
fp_arith_inst_retired.scalar_single:u	72	2300000	0
fp_arith_inst_retired.scalar_single:u	73	2300000	0
fp_arith_inst_retired.scalar_single:u	74	2300000	0
fp_arith_inst_retired.scalar_single:u	75	2300000	0
fp_arith_inst_retired.scalar_single:u	76	2300000	0
fp_arith_inst_retired.scalar_single:u	77	2300000	0
fp_arith_inst_retired.scalar_single:u	78	2300000	0
fp_arith_inst_retired.scalar_single:u	79	2300000	0
fp_arith_inst_retired.scalar_single:u	80	2300000	0
fp_arith_inst_retired.scalar_single:u	81	2300000	0
fp_arith_inst_retired.scalar_single:u	82	2300000	0
fp_arith_inst_retired.scalar_single:u	83	2300000	0
fp_arith_inst_retired.scalar_single:u	84	2300000	0
fp_arith_inst_retired.scalar_single:u	85	2300000	0
fp_arith_inst_retired.scalar_single:u	86	2300000	0
fp_arith_inst_retired.scalar_single:u	87	2300000	0
fp_arith_inst_retired.scalar_single:u	88	2300000	0
fp_arith_inst_retired.scalar_single:u	89	2300000	0
fp_arith_inst_retired.scalar_single:u	90	2300000	0
fp_arith_inst_retired.scalar_single:u	91	2300000	0
fp_arith_inst_retired.scalar_single:u	92	2300000	0
fp_arith_inst_retired.scalar_single:u	93	2300000	0
fp_arith_inst_retired.scalar_single:u	94	2300000	0
fp_arith_inst_retired.scalar_single:u	95	2300000	0
fp_arith_inst_retired.scalar_single:u	96	2300000	0
fp_arith_inst_retired.scalar_single:u	97	2300000	0
fp_arith_inst_retired.scalar_single:u	98	2300000	0
fp_arith_inst_retired.scalar_single:u	99	2300000	0
fp_arith_inst_retired.scalar_single:u	100	2300000	0
fp_arith_inst_retired.scalar_single:u	101	2300000	0
fp_arith_inst_retired.scalar_single:u	102	2300000	0
fp_arith_inst_retired.scalar_single:u	103	2300000	0
fp_arith_inst_retired.scalar_single:u	104	2300000	0
fp_arith_inst_retired.scalar_single:u	105	2300000	0
fp_arith_inst_retired.scalar_single:u	106	2300000	0
fp_arith_inst_retired.scalar_single:u	107	2300000	0
fp_arith_inst_retired.scalar_single:u	108	2300000	0
fp_arith_inst_retired.scalar_single:u	109	2300000	0
fp_arith_inst_retired.scalar_single:u	110	2300000	0
fp_arith_inst_retired.scalar_single:u	111	2300000	0
fp_arith_inst_retired.scalar_single:u	112	2300000	0
fp_arith_inst_retired.scalar_single:u	113	2300000	0
fp_arith_inst_retired.scalar_single:u	114	2300000	0
fp_arith_inst_retired.scalar_single:u	115	2300000	0
fp_arith_inst_retired.scalar_single:u	116	2300000	0
fp_arith_inst_retired.scalar_single:u	117	2300000	0
fp_arith_inst_retired.scalar_single:u	118	2300000	0
fp_arith_inst_retired.scalar_single:u	119	2300000	0
fp_arith_inst_retired.scalar_single:u	120	2300000	0
fp_arith_inst_retired.scalar_single:u	121	2300000	0
fp_arith_inst_retired.scalar_single:u	122	2300000	0
fp_arith_inst_retired.scalar_single:u	123	2300000	0
fp_arith_inst_retired.scalar_single:u	124	2300000	0
fp_arith_inst_retired.scalar_single:u	125	2300000	0
fp_arith_inst_retired.scalar_single:u	126	2300000	0
fp_arith_inst_retired.scalar_single:u	127	2300000	0
fp_arith_inst_retired.scalar_single:u	128	2300000	0
fp_arith_inst_retired.scalar_single:u	129	2300000	0
fp_arith_inst_retired.scalar_single:u	130	2300000	0
fp_arith_inst_retired.scalar_single:u	131	2300000	0
fp_arith_inst_retired.scalar_single:u	132	2300000	0
fp_arith_inst_retired.scalar_single:u	133	2300000	0
fp_arith_inst_retired.scalar_single:u	134	2300000	0
fp_arith_inst_retired.scalar_single:u	135	2300000	0
fp_arith_inst_retired.scalar_single:u	136	2300000	0
fp_arith_inst_retired.scalar_single:u	137	2300000	0
fp_arith_inst_retired.scalar_single:u	138	2300000	0
fp_arith_inst_retired.scalar_single:u	139	2300000	0
fp_arith_inst_retired.scalar_single:u	140	2300000	0
fp_arith_inst_retired.scalar_single:u	141	2300000	0
fp_arith_inst_retired.scalar_single:u	142	2300000	0
fp_arith_inst_retired.scalar_single:u	143	2300000	0
fp_arith_inst_retired.scalar_single:u	144	2300000	0
fp_arith_inst_retired.scalar_single:u	145	2300000	0
fp_arith_inst_retired.scalar_single:u	146	2300000	0
fp_arith_inst_retired.scalar_single:u	147	2300000	0
fp_arith_inst_retired.scalar_single:u	148	2300000	0
fp_arith_inst_retired.scalar_single:u	149	2300000	0
fp_arith_inst_retired.scalar_single:u	150	2300000	0
fp_arith_inst_retired.scalar_single:u	151	2300000	0
fp_arith_inst_retired.scalar_single:u	152	2300000	0
fp_arith_inst_retired.scalar_single:u	153	2300000	0
fp_arith_inst_retired.scalar_single:u	154	2300000	0
fp_arith_inst_retired.scalar_single:u	155	2300000	0
fp_arith_inst_retired.scalar_single:u	156	2300000	0
fp_arith_inst_retired.scalar_single:u	157	2300000	0
fp_arith_inst_retired.scalar_single:u	158	2300000	0
fp_arith_inst_retired.scalar_single:u	159	2300000	0
fp_arith_inst_retired.scalar_single:u	160	2300000	0
fp_arith_inst_retired.scalar_single:u	161	2300000	0
fp_arith_inst_retired.scalar_single:u	162	2300000	0
fp_arith_inst_retired.scalar_single:u	163	2300000	0
fp_arith_inst_retired.scalar_single:u	164	2300000	0
fp_arith_inst_retired.scalar_single:u	165	2300000	0
fp_arith_inst_retired.scalar_single:u	166	2300000	0
fp_arith_inst_retired.scalar_single:u	167	2300000	0
fp_arith_inst_retired.scalar_single:u	168	2300000	0
fp_arith_inst_retired.scalar_single:u	169	2300000	0
fp_arith_inst_retired.scalar_single:u	170	2300000	0
fp_arith_inst_retired.scalar_single:u	171	2300000	0
fp_arith_inst_retired.scalar_single:u	172	2300000	0
fp_arith_inst_retired.scalar_single:u	173	2300000	0
fp_arith_inst_retired.scalar_single:u	174	2300000	0
fp_arith_inst_retired.scalar_single:u	175	2300000	0
fp_arith_inst_retired.scalar_single:u	176	2300000	0
fp_arith_inst_retired.scalar_single:u	177	2300000	0
fp_arith_inst_retired.scalar_single:u	178	2300000	0
fp_arith_inst_retired.scalar_single:u	179	2300000	0
fp_arith_inst_retired.scalar_single:u	180	2300000	0
fp_arith_inst_retired.scalar_single:u	181	2300000	0
fp_arith_inst_retired.scalar_single:u	182	2300000	0
fp_arith_inst_retired.scalar_single:u	183	2300000	0
fp_arith_inst_retired.scalar_single:u	184	2300000	0
fp_arith_inst_retired.scalar_single:u	185	2300000	0
fp_arith_inst_retired.scalar_single:u	186	2300000	0
fp_arith_inst_retired.scalar_single:u	187	2300000	0
fp_arith_inst_retired.scalar_single:u	188	2300000	0
fp_arith_inst_retired.scalar_single:u	189	2300000	0
fp_arith_inst_retired.scalar_single:u	190	2300000	0
fp_arith_inst_retired.scalar_single:u	191	2300000	0
fp_arith_inst_retired.scalar_single:u	192	2300000	0
fp_arith_inst_retired.scalar_single:u	193	2300000	0
fp_arith_inst_retired.scalar_single:u	194	2300000	0
fp_arith_inst_retired.scalar_single:u	195	2300000	0
fp_arith_inst_retired.scalar_single:u	196	2300000	0
fp_arith_inst_retired.scalar_single:u	197	2300000	0
fp_arith_inst_retired.scalar_single:u	198	2300000	0
fp_arith_inst_retired.scalar_single:u	199	2300000	0
fp_arith_inst_retired.scalar_single:u	200	2300000	0
fp_arith_inst_retired.scalar_single:u	201	2300000	0
fp_arith_inst_retired.scalar_single:u	202	2300000	0
fp_arith_inst_retired.scalar_single:u	203	2300000	0
fp_arith_inst_retired.scalar_single:u	204	2300000	0
fp_arith_inst_retired.scalar_single:u	205	2300000	0
fp_arith_inst_retired.scalar_single:u	206	2300000	0
fp_arith_inst_retired.scalar_single:u	207	2300000	0
fp_arith_inst_retired.scalar_single:u	208	2300000	0
fp_arith_inst_retired.scalar_single:u	209	2300000	0
fp_arith_inst_retired.scalar_single:u	210	2300000	0
fp_arith_inst_retired.scalar_single:u	211	2300000	0
fp_arith_inst_retired.scalar_single:u	212	2300000	0
fp_arith_inst_retired.scalar_single:u	213	2300000	0
fp_arith_inst_retired.scalar_single:u	214	2300000	0
fp_arith_inst_retired.scalar_single:u	215	2300000	0
fp_arith_inst_retired.scalar_single:u	216	2300000	0
fp_arith_inst_retired.scalar_single:u	217	2300000	0
fp_arith_inst_retired.scalar_single:u	218	2300000	0
fp_arith_inst_retired.scalar_single:u	219	2300000	0
fp_arith_inst_retired.scalar_single:u	220	2300000	0
fp_arith_inst_retired.scalar_single:u	221	2300000	0
fp_arith_inst_retired.scalar_single:u	222	2300000	0
fp_arith_inst_retired.scalar_single:u	223	2300000	0
fp_arith_inst_retired.scalar_single:u	224	2300000	0
fp_arith_inst_retired.scalar_single:u	225	2300000	0
fp_arith_inst_retired.scalar_single:u	226	2300000	0
fp_arith_inst_retired.scalar_single:u	227	2300000	0
fp_arith_inst_retired.scalar_single:u	228	2300000	0
fp_arith_inst_retired.scalar_single:u	229	2300000	0
fp_arith_inst_retired.scalar_single:u	230	2300000	0
fp_arith_inst_retired.scalar_single:u	231	2300000	0
fp_arith_inst_retired.scalar_single:u	232	2300000	0
fp_arith_inst_retired.scalar_single:u	233	2300000	0
fp_arith_inst_retired.scalar_single:u	234	2300000	0
fp_arith_inst_retired.scalar_single:u	235	2300000	0
fp_arith_inst_retired.scalar_single:u	236	2300000	0
fp_arith_inst_retired.scalar_single:u	237	2300000	0
fp_arith_inst_retired.scalar_single:u	238	2300000	0
fp_arith_inst_retired.scalar_single:u	239	2300000	0
fp_arith_inst_retired.scalar_single:u	240	2300000	0
fp_arith_inst_retired.scalar_single:u	241	2300000	0
fp_arith_inst_retired.scalar_single:u	242	2300000	0
fp_arith_inst_retired.scalar_single:u	243	2300000	0
fp_arith_inst_retired.scalar_single:u	244	2300000	0
fp_arith_inst_retired.scalar_single:u	245	2300000	0
fp_arith_inst_retired.scalar_single:u	246	2300000	0
fp_arith_inst_retired.scalar_single:u	247	2300000	0
fp_arith_inst_retired.scalar_single:u	248	2300000	0
fp_arith_inst_retired.scalar_single:u	249	2300000	0
fp_arith_inst_retired.scalar_single:u	250	2300000	0
fp_arith_inst_retired.scalar_single:u	251	2300000	0
fp_arith_inst_retired.scalar_single:u	252	2300000	0
fp_arith_inst_retired.scalar_single:u	253	2300000	0
fp_arith_inst_retired.scalar_single:u	254	2300000	0
fp_arith_inst_retired.scalar_single:u	255	2300000	0
fp_arith_inst_retired.scalar_single:u	256	2300000	0
fp_arith_inst_retired.scalar_single:u	257	2300000	0
fp_arith_inst_retired.scalar_single:u	258	2300000	0
fp_arith_inst_retired.scalar_single:u	259	2300000	0
fp_arith_inst_retired.scalar_single:u	260	2300000	0
fp_arith_inst_retired.scalar_single:u	261	2300000	0
fp_arith_inst_retired.scalar_single:u	262	2300000	0
fp_arith_inst_retired.scalar_single:u	263	2300000	0
fp_arith_inst_retired.scalar_single:u	264	2300000	0
fp_arith_inst_retired.scalar_single:u	265	2300000	0
fp_arith_inst_retired.scalar_single:u	266	2300000	0
fp_arith_inst_retired.scalar_single:u	267	2300000	0
fp_arith_inst_retired.scalar_single:u	268	2300000	0
fp_arith_inst_retired.scalar_single:u	269	2300000	0
fp_arith_inst_retired.scalar_single:u	270	2300000	0
fp_arith_inst_retired.scalar_single:u	271	2300000	0
fp_arith_inst_retired.scalar_single:u	272	2300000	0
fp_arith_inst_retired.scalar_single:u	273	2300000	0
fp_arith_inst_retired.scalar_single:u	274	2300000	0
fp_arith_inst_retired.scalar_single:u	275	2300000	0
fp_arith_inst_retired.scalar_single:u	276	2300000	0
fp_arith_inst_retired.scalar_single:u	277	2300000	0
fp_arith_inst_retired.scalar_single:u	278	2300000	0
fp_arith_inst_retired.scalar_single:u	279	2300000	0
fp_arith_inst_retired.scalar_single:u	280	2300000	0
fp_arith_inst_retired.scalar_single:u	281	2300000	0
fp_arith_inst_retired.scalar_single:u	282	2300000	0
fp_arith_inst_retired.scalar_single:u	283	2300000	0
fp_arith_inst_retired.scalar_single:u	284	2300000	0
fp_arith_inst_retired.scalar_single:u	285	2300000	0
fp_arith_inst_retired.scalar_single:u	286	2300000	0
fp_arith_inst_retired.scalar_single:u	287	2300000	0
fp_arith_inst_retired.scalar_single:u	288	2300000	0
fp_arith_inst_retired.scalar_single:u	289	2300000	0
fp_arith_inst_retired.scalar_single:u	290	2300000	0
fp_arith_inst_retired.scalar_single:u	291	2300000	0
fp_arith_inst_retired.scalar_single:u	292	2300000	0
fp_arith_inst_retired.scalar_single:u	293	2300000	0
fp_arith_inst_retired.scalar_single:u	294	2300000	0
fp_arith_inst_retired.scalar_single:u	295	2300000	0
fp_arith_inst_retired.scalar_single:u	296	2300000	0
fp_arith_inst_retired.scalar_single:u	297	2300000	0
fp_arith_inst_retired.scalar_single:u	298	2300000	0
fp_arith_inst_retired.scalar_single:u	299	2300000	0
fp_arith_inst_retired.scalar_single:u	300	2300000	0
fp_arith_inst_retired.scalar_single:u	301	2300000	0
fp_arith_inst_retired.scalar_single:u	302	2300000	0
fp_arith_inst_retired.scalar_single:u	303	2300000	0
fp_arith_inst_retired.scalar_single:u	304	2300000	0
fp_arith_inst_retired.scalar_single:u	305	2300000	0
fp_arith_inst_retired.scalar_single:u	306	2300000	0
fp_arith_inst_retired.scalar_single:u	307	2300000	0
fp_arith_inst_retired.scalar_single:u	308	2300000	0
fp_arith_inst_retired.scalar_single:u	309	2300000	0
fp_arith_inst_retired.scalar_single:u	310	2300000	0
fp_arith_inst_retired.scalar_single:u	311	2300000	0
fp_arith_inst_retired.scalar_single:u	312	2300000	0
fp_arith_inst_retired.scalar_single:u	313	2300000	0
fp_arith_inst_retired.scalar_single:u	314	2300000	0
fp_arith_inst_retired.scalar_single:u	315	2300000	0
fp_arith_inst_retired.scalar_single:u	316	2300000	0
fp_arith_inst_retired.scalar_single:u	317	2300000	0
fp_arith_inst_retired.scalar_single:u	318	2300000	0
fp_arith_inst_retired.scalar_single:u	319	2300000	0
fp_arith_inst_retired.scalar_single:u	320	2300000	0
fp_arith_inst_retired.scalar_single:u	321	2300000	0
fp_arith_inst_retired.scalar_single:u	322	2300000	0
fp_arith_inst_retired.scalar_single:u	323	2300000	0
fp_arith_inst_retired.scalar_single:u	324	2300000	0
fp_arith_inst_retired.scalar_single:u	325	2300000	0
fp_arith_inst_retired.scalar_single:u	326	2300000	0
fp_arith_inst_retired.scalar_single:u	327	2300000	0
fp_arith_inst_retired.scalar_single:u	328	2300000	0
fp_arith_inst_retired.scalar_single:u	329	2300000	0
fp_arith_inst_retired.scalar_single:u	330	2300000	0
fp_arith_inst_retired.scalar_single:u	331	2300000	0
fp_arith_inst_retired.scalar_single:u	332	2300000	0
fp_arith_inst_retired.scalar_single:u	333	2300000	0
fp_arith_inst_retired.scalar_single:u	334	2300000	0
fp_arith_inst_retired.scalar_single:u	335	2300000	0
fp_arith_inst_retired.scalar_single:u	336	2300000	0
fp_arith_inst_retired.scalar_single:u	337	2300000	0
fp_arith_inst_retired.scalar_single:u	338	2300000	0
fp_arith_inst_retired.scalar_single:u	339	2300000	0
fp_arith_inst_retired.scalar_single:u	340	2300000	0
fp_arith_inst_retired.scalar_single:u	341	2300000	0
fp_arith_inst_retired.scalar_single:u	342	2300000	0
fp_arith_inst_retired.scalar_single:u	343	2300000	0
fp_arith_inst_retired.scalar_single:u	344	2300000	0
fp_arith_inst_retired.scalar_single:u	345	2300000	0
fp_arith_inst_retired.scalar_single:u	346	2300000	0
fp_arith_inst_retired.scalar_single:u	347	2300000	0
fp_arith_inst_retired.scalar_single:u	348	2300000	0
fp_arith_inst_retired.scalar_single:u	349	2300000	0
fp_arith_inst_retired.scalar_single:u	350	2300000	0
fp_arith_inst_retired.scalar_single:u	351	2300000	0
fp_arith_inst_retired.scalar_single:u	352	2300000	0
fp_arith_inst_retired.scalar_single:u	353	2300000	0
fp_arith_inst_retired.scalar_single:u	354	2300000	0
fp_arith_inst_retired.scalar_single:u	355	2300000	0
fp_arith_inst_retired.scalar_single:u	356	2300000	0
fp_arith_inst_retired.scalar_single:u	357	2300000	0
fp_arith_inst_retired.scalar_single:u	358	2300000	0
fp_arith_inst_retired.scalar_single:u	359	2300000	0
fp_arith_inst_retired.scalar_single:u	360	2300000	0
fp_arith_inst_retired.scalar_single:u	361	2300000	0
fp_arith_inst_retired.scalar_single:u	362	2300000	0
fp_arith_inst_retired.scalar_single:u	363	2300000	0
fp_arith_inst_retired.scalar_single:u	364	2300000	0
fp_arith_inst_retired.scalar_single:u	365	2300000	0
fp_arith_inst_retired.scalar_single:u	366	2300000	0
fp_arith_inst_retired.scalar_single:u	367	2300000	0
fp_arith_inst_retired.scalar_single:u	368	2300000	0
fp_arith_inst_retired.scalar_single:u	369	2300000	0
fp_arith_inst_retired.scalar_single:u	370	2300000	0
fp_arith_inst_retired.scalar_single:u	371	2300000	0
fp_arith_inst_retired.scalar_single:u	372	2300000	0
fp_arith_inst_retired.scalar_single:u	373	2300000	0
fp_arith_inst_retired.scalar_single:u	374	2300000	0
fp_arith_inst_retired.scalar_single:u	375	2300000	0
fp_arith_inst_retired.scalar_single:u	376	2300000	0
fp_arith_inst_retired.scalar_single:u	377	2300000	0
fp_arith_inst_retired.scalar_single:u	378	2300000	0
fp_arith_inst_retired.scalar_single:u	379	2300000	0
fp_arith_inst_retired.scalar_single:u	380	2300000	0
fp_arith_inst_retired.scalar_single:u	381	2300000	0
fp_arith_inst_retired.scalar_single:u	382	2300000	0
fp_arith_inst_retired.scalar_single:u	383	2300000	0
fp_arith_inst_retired.scalar_single:u	384	2300000	0
fp_arith_inst_retired.scalar_single:u	385	2300000	0
fp_arith_inst_retired.scalar_single:u	386	2300000	0
fp_arith_inst_retired.scalar_single:u	387	2300000	0
fp_arith_inst_retired.scalar_single:u	388	2300000	0
fp_arith_inst_retired.scalar_single:u	389	2300000	0
fp_arith_inst_retired.scalar_single:u	390	2300000	0
fp_arith_inst_retired.scalar_single:u	391	2300000	0
fp_arith_inst_retired.scalar_single:u	392	2300000	0
fp_arith_inst_retired.scalar_single:u	393	2300000	0
fp_arith_inst_retired.scalar_single:u	394	2300000	0
fp_arith_inst_retired.scalar_single:u	395	2300000	0
fp_arith_inst_retired.scalar_single:u	396	2300000	0
fp_arith_inst_retired.scalar_single:u	397	2300000	0
fp_arith_inst_retired.scalar_single:u	398	2300000	0
fp_arith_inst_retired.scalar_single:u	399	2300000	0
fp_arith_inst_retired.scalar_single:u	400	2300000	0
fp_arith_inst_retired.scalar_single:u	401	2300000	0
fp_arith_inst_retired.scalar_single:u	402	2300000	0
fp_arith_inst_retired.scalar_single:u	403	2300000	0
fp_arith_inst_retired.scalar_single:u	404	2300000	0
fp_arith_inst_retired.scalar_single:u	405	2300000	0
fp_arith_inst_retired.scalar_single:u	406	2300000	0
fp_arith_inst_retired.scalar_single:u	407	2300000	0
fp_arith_inst_retired.scalar_single:u	408	2300000	0
fp_arith_inst_retired.scalar_single:u	409	2300000	0
fp_arith_inst_retired.scalar_single:u	410	2300000	0
fp_arith_inst_retired.scalar_single:u	411	2300000	0
fp_arith_inst_retired.scalar_single:u	412	2300000	0
fp_arith_inst_retired.scalar_single:u	413	2300000	0
fp_arith_inst_retired.scalar_single:u	414	2300000	0
fp_arith_inst_retired.scalar_single:u	415	2300000	0
fp_arith_inst_retired.scalar_single:u	416	2300000	0
fp_arith_inst_retired.scalar_single:u	417	2300000	0
fp_arith_inst_retired.scalar_single:u	418	2300000	0
fp_arith_inst_retired.scalar_single:u	419	2300000	0
fp_arith_inst_retired.scalar_single:u	420	2300000	0
fp_arith_inst_retired.scalar_single:u	421	2300000	0
fp_arith_inst_retired.scalar_single:u	422	2300000	0
fp_arith_inst_retired.scalar_single:u	423	2300000	0
fp_arith_inst_retired.scalar_single:u	424	2300000	0
fp_arith_inst_retired.scalar_single:u	425	2300000	0
fp_arith_inst_retired.scalar_single:u	426	2300000	0
fp_arith_inst_retired.scalar_single:u	427	2300000	0
fp_arith_inst_retired.scalar_single:u	428	2300000	0
fp_arith_inst_retired.scalar_single:u	429	2300000	0
fp_arith_inst_retired.scalar_single:u	430	2300000	0
fp_arith_inst_retired.scalar_single:u	431	2300000	0
fp_arith_inst_retired.scalar_single:u	432	2300000	0
fp_arith_inst_retired.scalar_single:u	433	2300000	0
fp_arith_inst_retired.scalar_single:u	434	2300000	0
fp_arith_inst_retired.scalar_single:u	435	2300000	0
fp_arith_inst_retired.scalar_single:u	436	2300000	0
fp_arith_inst_retired.scalar_single:u	437	2300000	0
fp_arith_inst_retired.scalar_single:u	438	2300000	0
fp_arith_inst_retired.scalar_single:u	439	2300000	0
fp_arith_inst_retired.scalar_single:u	440	2300000	0
fp_arith_inst_retired.scalar_single:u	441	2300000	0
fp_arith_inst_retired.scalar_single:u	442	2300000	0
fp_arith_inst_retired.scalar_single:u	443	2300000	0
fp_arith_inst_retired.scalar_single:u	444	2300000	0
fp_arith_inst_retired.scalar_single:u	445	2300000	0
fp_arith_inst_retired.scalar_single:u	446	2300000	0
fp_arith_inst_retired.scalar_single:u	447	2300000	0
fp_arith_inst_retired.scalar_single:u	448	2300000	0
fp_arith_inst_retired.scalar_single:u	449	2300000	0
fp_arith_inst_retired.scalar_single:u	450	2300000	0
fp_arith_inst_retired.scalar_single:u	451	2300000	0
fp_arith_inst_retired.scalar_single:u	452	2300000	0
fp_arith_inst_retired.scalar_single:u	453	2300000	0
fp_arith_inst_retired.scalar_single:u	454	2300000	0
fp_arith_inst_retired.scalar_single:u	455	2300000	0
fp_arith_inst_retired.scalar_single:u	456	2300000	0
fp_arith_inst_retired.scalar_single:u	457	2300000	0
fp_arith_inst_retired.scalar_single:u	458	2300000	0
fp_arith_inst_retired.scalar_single:u	459	2300000	0
fp_arith_inst_retired.scalar_single:u	460	2300000	0
fp_arith_inst_retired.scalar_single:u	461	2300000	0
fp_arith_inst_retired.scalar_single:u	462	2300000	0
fp_arith_inst_retired.scalar_single:u	463	2300000	0
fp_arith_inst_retired.scalar_single:u	464	2300000	0
fp_arith_inst_retired.scalar_single:u	465	2300000	0
fp_arith_inst_retired.scalar_single:u	466	2300000	0
fp_arith_inst_retired.scalar_single:u	467	2300000	0
fp_arith_inst_retired.scalar_single:u	468	2300000	0
fp_arith_inst_retired.scalar_single:u	469	2300000	0
fp_arith_inst_retired.scalar_single:u	470	2300000	0
fp_arith_inst_retired.scalar_single:u	471	2300000	0
fp_arith_inst_retired.scalar_single:u	472	2300000	0
fp_arith_inst_retired.scalar_single:u	473	2300000	0
fp_arith_inst_retired.scalar_single:u	474	2300000	0
fp_arith_inst_retired.scalar_single:u	475	2300000	0
fp_arith_inst_retired.scalar_single:u	476	2300000	0
fp_arith_inst_retired.scalar_single:u	477	2300000	0
fp_arith_inst_retired.scalar_single:u	478	2300000	0
fp_arith_inst_retired.scalar_single:u	479	2300000	0
fp_arith_inst_retired.scalar_single:u	480	2300000	0
fp_arith_inst_retired.scalar_single:u	481	2300000	0
fp_arith_inst_retired.scalar_single:u	482	2300000	0
fp_arith_inst_retired.scalar_single:u	483	2300000	0
fp_arith_inst_retired.scalar_single:u	484	2300000	0
fp_arith_inst_retired.scalar_single:u	485	2300000	0
fp_arith_inst_retired.scalar_single:u	486	2300000	0
fp_arith_inst_retired.scalar_single:u	487	2300000	0
fp_arith_inst_retired.scalar_single:u	488	2300000	0
fp_arith_inst_retired.scalar_single:u	489	2300000	0
fp_arith_inst_retired.scalar_single:u	490	2300000	0
fp_arith_inst_retired.scalar_single:u	491	2300000	0
fp_arith_inst_retired.scalar_single:u	492	2300000	0
fp_arith_inst_retired.scalar_single:u	493	2300000	0
fp_arith_inst_retired.scalar_single:u	494	2300000	0
fp_arith_inst_retired.scalar_single:u	495	2300000	0
fp_arith_inst_retired.scalar_single:u	496	2300000	0
fp_arith_inst_retired.scalar_single:u	497	2300000	0
fp_arith_inst_retired.scalar_single:u	498	2300000	0
fp_arith_inst_retired.scalar_single:u	499	2300000	0
fp_arith_inst_retired.scalar_single:u	500	2300000	0
fp_arith_inst_retired.scalar_single:u	501	2300000	0
fp_arith_inst_retired.scalar_single:u	502	2300000	0
fp_arith_inst_retired.scalar_single:u	503	2300000	0
fp_arith_inst_retired.scalar_single:u	504	2300000	0
fp_arith_inst_retired.scalar_single:u	505	2300000	0
fp_arith_inst_retired.scalar_single:u	506	2300000	0
fp_arith_inst_retired.scalar_single:u	507	2300000	0
fp_arith_inst_retired.scalar_single:u	508	2300000	0
fp_arith_inst_retired.scalar_single:u	509	2300000	0
fp_arith_inst_retired.scalar_single:u	510	2300000	0
fp_arith_inst_retired.scalar_single:u	511	2300000	0
fp_arith_inst_retired.scalar_single:u	512	2300000	0
fp_arith_inst_retired.scalar_single:u	513	2300000	0
fp_arith_inst_retired.scalar_single:u	514	2300000	0
fp_arith_inst_retired.scalar_single:u	515	2300000	0
fp_arith_inst_retired.scalar_single:u	516	2300000	0
fp_arith_inst_retired.scalar_single:u	517	2300000	0
fp_arith_inst_retired.scalar_single:u	518	2300000	0
fp_arith_inst_retired.scalar_single:u	519	2300000	0
fp_arith_inst_retired.scalar_single:u	520	2300000	0
fp_arith_inst_retired.scalar_single:u	521	2300000	0
fp_arith_inst_retired.scalar_single:u	522	2300000	0
fp_arith_inst_retired.scalar_single:u	523	2300000	0
fp_arith_inst_retired.scalar_single:u	524	2300000	0
fp_arith_inst_retired.scalar_single:u	525	2300000	0
fp_arith_inst_retired.scalar_single:u	526	2300000	0
fp_arith_inst_retired.scalar_single:u	527	2300000	0
fp_arith_inst_retired.scalar_single:u	528	2300000	0
fp_arith_inst_retired.scalar_single:u	529	2300000	0
fp_arith_inst_retired.scalar_single:u	530	2300000	0
fp_arith_inst_retired.scalar_single:u	531	2300000	0
fp_arith_inst_retired.scalar_single:u	532	2300000	0
fp_arith_inst_retired.scalar_single:u	533	2300000	0
fp_arith_inst_retired.scalar_single:u	534	2300000	0
fp_arith_inst_retired.scalar_single:u	535	2300000	0
fp_arith_inst_retired.scalar_single:u	536	2300000	0
fp_arith_inst_retired.scalar_single:u	537	2300000	0
fp_arith_inst_retired.scalar_single:u	538	2300000	0
fp_arith_inst_retired.scalar_single:u	539	2300000	0
fp_arith_inst_retired.scalar_single:u	540	2300000	0
fp_arith_inst_retired.scalar_single:u	541	2300000	0
fp_arith_inst_retired.scalar_single:u	542	2300000	0
fp_arith_inst_retired.scalar_single:u	543	2300000	0
fp_arith_inst_retired.scalar_single:u	544	2300000	0
fp_arith_inst_retired.scalar_single:u	545	2300000	0
fp_arith_inst_retired.scalar_single:u	546	2300000	0
fp_arith_inst_retired.scalar_single:u	547	2300000	0
fp_arith_inst_retired.scalar_single:u	548	2300000	0
fp_arith_inst_retired.scalar_single:u	549	2300000	0
fp_arith_inst_retired.scalar_single:u	550	2300000	0
fp_arith_inst_retired.scalar_single:u	551	2300000	0
fp_arith_inst_retired.scalar_single:u	552	2300000	0
fp_arith_inst_retired.scalar_single:u	553	2300000	0
fp_arith_inst_retired.scalar_single:u	554	2300000	0
fp_arith_inst_retired.scalar_single:u	555	2300000	0
fp_arith_inst_retired.scalar_single:u	556	2300000	0
fp_arith_inst_retired.scalar_single:u	557	2300000	0
fp_arith_inst_retired.scalar_single:u	558	2300000	0
fp_arith_inst_retired.scalar_single:u	559	2300000	0
fp_arith_inst_retired.scalar_single:u	560	2300000	0
fp_arith_inst_retired.scalar_single:u	561	2300000	0
fp_arith_inst_retired.scalar_single:u	562	2300000	0
fp_arith_inst_retired.scalar_single:u	563	2300000	0
fp_arith_inst_retired.scalar_single:u	564	2300000	0
fp_arith_inst_retired.scalar_single:u	565	2300000	0
fp_arith_inst_retired.scalar_single:u	566	2300000	0
fp_arith_inst_retired.scalar_single:u	567	2300000	0
fp_arith_inst_retired.scalar_single:u	568	2300000	0
fp_arith_inst_retired.scalar_single:u	569	2300000	0
fp_arith_inst_retired.scalar_single:u	570	2300000	0
fp_arith_inst_retired.scalar_single:u	571	2300000	0
fp_arith_inst_retired.scalar_single:u	572	2300000	0
fp_arith_inst_retired.scalar_single:u	573	2300000	0
fp_arith_inst_retired.scalar_single:u	574	2300000	0
fp_arith_inst_retired.scalar_single:u	575	2300000	0
fp_arith_inst_retired.scalar_single:u	576	2300000	0
fp_arith_inst_retired.scalar_single:u	577	2300000	0
fp_arith_inst_retired.scalar_single:u	578	2300000	0
fp_arith_inst_retired.scalar_single:u	579	2300000	0
fp_arith_inst_retired.scalar_single:u	580	2300000	0
fp_arith_inst_retired.scalar_single:u	581	2300000	0
fp_arith_inst_retired.scalar_single:u	582	2300000	0
fp_arith_inst_retired.scalar_single:u	583	2300000	0
fp_arith_inst_retired.scalar_single:u	584	2300000	0
fp_arith_inst_retired.scalar_single:u	585	2300000	0
fp_arith_inst_retired.scalar_single:u	586	2300000	0
fp_arith_inst_retired.scalar_single:u	587	2300000	0
fp_arith_inst_retired.scalar_single:u	588	2300000	0
fp_arith_inst_retired.scalar_single:u	589	2300000	0
fp_arith_inst_retired.scalar_single:u	590	2300000	0
fp_arith_inst_retired.scalar_single:u	591	2300000	0
fp_arith_inst_retired.scalar_single:u	592	2300000	0
fp_arith_inst_retired.scalar_single:u	593	2300000	0
fp_arith_inst_retired.scalar_single:u	594	2300000	0
fp_arith_inst_retired.scalar_single:u	595	2300000	0
fp_arith_inst_retired.scalar_single:u	596	2300000	0
fp_arith_inst_retired.scalar_single:u	597	2300000	0
fp_arith_inst_retired.scalar_single:u	598	2300000	0
fp_arith_inst_retired.scalar_single:u	599	2300000	0
fp_arith_inst_retired.scalar_single:u	600	2300000	0
fp_arith_inst_retired.scalar_single:u	601	2300000	0
fp_arith_inst_retired.scalar_single:u	602	2300000	0
fp_arith_inst_retired.scalar_single:u	603	2300000	0
fp_arith_inst_retired.scalar_single:u	604	2300000	0
fp_arith_inst_retired.scalar_single:u	605	2300000	0
fp_arith_inst_retired.scalar_single:u	606	2300000	0
fp_arith_inst_retired.scalar_single:u	607	2300000	0
fp_arith_inst_retired.scalar_single:u	608	2300000	0
fp_arith_inst_retired.scalar_single:u	609	2300000	0
fp_arith_inst_retired.scalar_single:u	610	2300000	0
fp_arith_inst_retired.scalar_single:u	611	2300000	0
fp_arith_inst_retired.scalar_single:u	612	2300000	0
fp_arith_inst_retired.scalar_single:u	613	2300000	0
fp_arith_inst_retired.scalar_single:u	614	2300000	0
fp_arith_inst_retired.scalar_single:u	615	2300000	0
fp_arith_inst_retired.scalar_single:u	616	2300000	0
fp_arith_inst_retired.scalar_single:u	617	2300000	0
fp_arith_inst_retired.scalar_single:u	618	2300000	0
fp_arith_inst_retired.scalar_single:u	619	2300000	0
fp_arith_inst_retired.scalar_single:u	620	2300000	0
fp_arith_inst_retired.scalar_single:u	621	2300000	0
fp_arith_inst_retired.scalar_single:u	622	2300000	0
fp_arith_inst_retired.scalar_single:u	623	2300000	0
fp_arith_inst_retired.scalar_single:u	624	2300000	0
fp_arith_inst_retired.scalar_single:u	625	2300000	0
fp_arith_inst_retired.scalar_single:u	626	2300000	0
fp_arith_inst_retired.scalar_single:u	627	2300000	0
fp_arith_inst_retired.scalar_single:u	628	2300000	0
fp_arith_inst_retired.scalar_single:u	629	2300000	0
fp_arith_inst_retired.scalar_single:u	630	2300000	0
fp_arith_inst_retired.scalar_single:u	631	2300000	0
fp_arith_inst_retired.scalar_single:u	632	2300000	0
fp_arith_inst_retired.scalar_single:u	633	2300000	0
fp_arith_inst_retired.scalar_single:u	634	2300000	0
fp_arith_inst_retired.scalar_single:u	635	2300000	0
fp_arith_inst_retired.scalar_single:u	636	2300000	0
fp_arith_inst_retired.scalar_single:u	637	2300000	0
fp_arith_inst_retired.scalar_single:u	638	2300000	0
fp_arith_inst_retired.scalar_single:u	639	2300000	0
fp_arith_inst_retired.scalar_single:u	640	2300000	0
fp_arith_inst_retired.scalar_single:u	641	2300000	0
fp_arith_inst_retired.scalar_single:u	642	2300000	0
fp_arith_inst_retired.scalar_single:u	643	2300000	0
fp_arith_inst_retired.scalar_single:u	644	2300000	0
fp_arith_inst_retired.scalar_single:u	645	2300000	0
fp_arith_inst_retired.scalar_single:u	646	2300000	0
fp_arith_inst_retired.scalar_single:u	647	2300000	0
fp_arith_inst_retired.scalar_single:u	648	2300000	0
fp_arith_inst_retired.scalar_single:u	649	2300000	0
fp_arith_inst_retired.scalar_single:u	650	2300000	0
fp_arith_inst_retired.scalar_single:u	651	2300000	0
fp_arith_inst_retired.scalar_single:u	652	2300000	0
fp_arith_inst_retired.scalar_single:u	653	2300000	0
fp_arith_inst_retired.scalar_single:u	654	2300000	0
fp_arith_inst_retired.scalar_single:u	655	2300000	0
fp_arith_inst_retired.scalar_single:u	656	2300000	0
fp_arith_inst_retired.scalar_single:u	657	2300000	0
fp_arith_inst_retired.scalar_single:u	658	2300000	0
fp_arith_inst_retired.scalar_single:u	659	2300000	0
fp_arith_inst_retired.scalar_single:u	660	2300000	0
fp_arith_inst_retired.scalar_single:u	661	2300000	0
fp_arith_inst_retired.scalar_single:u	662	2300000	0
fp_arith_inst_retired.scalar_single:u	663	2300000	0
fp_arith_inst_retired.scalar_single:u	664	2300000	0
fp_arith_inst_retired.scalar_single:u	665	2300000	0
fp_arith_inst_retired.scalar_single:u	666	2300000	0
fp_arith_inst_retired.scalar_single:u	667	2300000	0
fp_arith_inst_retired.scalar_single:u	668	2300000	0
fp_arith_inst_retired.scalar_single:u	669	2300000	0
fp_arith_inst_retired.scalar_single:u	670	2300000	0
fp_arith_inst_retired.scalar_single:u	671	2300000	0
fp_arith_inst_retired.scalar_single:u	672	2300000	0
fp_arith_inst_retired.scalar_single:u	673	2300000	0
fp_arith_inst_retired.scalar_single:u	674	2300000	0
fp_arith_inst_retired.scalar_single:u	675	2300000	0
fp_arith_inst_retired.scalar_single:u	676	2300000	0
fp_arith_inst_retired.scalar_single:u	677	2300000	0
fp_arith_inst_retired.scalar_single:u	678	2300000	0
fp_arith_inst_retired.scalar_single:u	679	2300000	0
fp_arith_inst_retired.scalar_single:u	680	2300000	0
fp_arith_inst_retired.scalar_single:u	681	2300000	0
fp_arith_inst_retired.scalar_single:u	682	2300000	0
fp_arith_inst_retired.scalar_single:u	683	2300000	0
fp_arith_inst_retired.scalar_single:u	684	2300000	0
fp_arith_inst_retired.scalar_single:u	685	2300000	0
fp_arith_inst_retired.scalar_single:u	686	2300000	0
fp_arith_inst_retired.scalar_single:u	687	2300000	0
fp_arith_inst_retired.scalar_single:u	688	2300000	0
fp_arith_inst_retired.scalar_single:u	689	2300000	0
fp_arith_inst_retired.scalar_single:u	690	2300000	0
fp_arith_inst_retired.scalar_single:u	691	2300000	0
fp_arith_inst_retired.scalar_single:u	692	2300000	0
fp_arith_inst_retired.scalar_single:u	693	2300000	0
fp_arith_inst_retired.scalar_single:u	694	2300000	0
fp_arith_inst_retired.scalar_single:u	695	2300000	0
fp_arith_inst_retired.scalar_single:u	696	2300000	0
fp_arith_inst_retired.scalar_single:u	697	2300000	0
fp_arith_inst_retired.scalar_single:u	698	2300000	0
fp_arith_inst_retired.scalar_single:u	699	2300000	0
fp_arith_inst_retired.scalar_single:u	700	2300000	0
fp_arith_inst_retired.scalar_single:u	701	2300000	0
fp_arith_inst_retired.scalar_single:u	702	2300000	0
fp_arith_inst_retired.scalar_single:u	703	2300000	0
fp_arith_inst_retired.scalar_single:u	704	2300000	0
fp_arith_inst_retired.scalar_single:u	705	2300000	0
fp_arith_inst_retired.scalar_single:u	706	2300000	0
fp_arith_inst_retired.scalar_single:u	707	2300000	0
fp_arith_inst_retired.scalar_single:u	708	2300000	0
fp_arith_inst_retired.scalar_single:u	709	2300000	0
fp_arith_inst_retired.scalar_single:u	710	2300000	0
fp_arith_inst_retired.scalar_single:u	711	2300000	0
fp_arith_inst_retired.scalar_single:u	712	2300000	0
fp_arith_inst_retired.scalar_single:u	713	2300000	0
fp_arith_inst_retired.scalar_single:u	714	2300000	0
fp_arith_inst_retired.scalar_single:u	715	2300000	0
fp_arith_inst_retired.scalar_single:u	716	2300000	0
fp_arith_inst_retired.scalar_single:u	717	2300000	0
fp_arith_inst_retired.scalar_single:u	718	2300000	0
fp_arith_inst_retired.scalar_single:u	719	2300000	0
fp_arith_inst_retired.scalar_single:u	720	2300000	0
fp_arith_inst_retired.scalar_single:u	721	2300000	0
fp_arith_inst_retired.scalar_single:u	722	2300000	0
fp_arith_inst_retired.scalar_single:u	723	2300000	0
fp_arith_inst_retired.scalar_single:u	724	2300000	0
fp_arith_inst_retired.scalar_single:u	725	2300000	0
fp_arith_inst_retired.scalar_single:u	726	2300000	0
fp_arith_inst_retired.scalar_single:u	727	2300000	0
fp_arith_inst_retired.scalar_single:u	728	2300000	0
fp_arith_inst_retired.scalar_single:u	729	2300000	0
fp_arith_inst_retired.scalar_single:u	730	2300000	0
fp_arith_inst_retired.scalar_single:u	731	2300000	0
fp_arith_inst_retired.scalar_single:u	732	2300000	0
fp_arith_inst_retired.scalar_single:u	733	2300000	0
fp_arith_inst_retired.scalar_single:u	734	2300000	0
fp_arith_inst_retired.scalar_single:u	735	2300000	0
fp_arith_inst_retired.scalar_single:u	736	2300000	0
fp_arith_inst_retired.scalar_single:u	737	2300000	0
fp_arith_inst_retired.scalar_single:u	738	2300000	0
fp_arith_inst_retired.scalar_single:u	739	2300000	0
fp_arith_inst_retired.scalar_single:u	740	2300000	0
fp_arith_inst_retired.scalar_single:u	741	2300000	0
fp_arith_inst_retired.scalar_single:u	742	2300000	0
fp_arith_inst_retired.scalar_single:u	743	2300000	0
fp_arith_inst_retired.scalar_single:u	744	2300000	0
fp_arith_inst_retired.scalar_single:u	745	2300000	0
fp_arith_inst_retired.scalar_single:u	746	2300000	0
fp_arith_inst_retired.scalar_single:u	747	2300000	0
fp_arith_inst_retired.scalar_single:u	748	2300000	0
fp_arith_inst_retired.scalar_single:u	749	2300000	0
fp_arith_inst_retired.scalar_single:u	750	2300000	0
fp_arith_inst_retired.scalar_single:u	751	2300000	0
fp_arith_inst_retired.scalar_single:u	752	2300000	0
fp_arith_inst_retired.scalar_single:u	753	2300000	0
fp_arith_inst_retired.scalar_single:u	754	2300000	0
fp_arith_inst_retired.scalar_single:u	755	2300000	0
fp_arith_inst_retired.scalar_single:u	756	2300000	0
fp_arith_inst_retired.scalar_single:u	757	2300000	0
fp_arith_inst_retired.scalar_single:u	758	2300000	0
fp_arith_inst_retired.scalar_single:u	759	2300000	0
fp_arith_inst_retired.scalar_single:u	760	2300000	0
fp_arith_inst_retired.scalar_single:u	761	2300000	0
fp_arith_inst_retired.scalar_single:u	762	2300000	0
fp_arith_inst_retired.scalar_single:u	763	2300000	0
fp_arith_inst_retired.scalar_single:u	764	2300000	0
fp_arith_inst_retired.scalar_single:u	765	2300000	0
fp_arith_inst_retired.scalar_single:u	766	2300000	0
fp_arith_inst_retired.scalar_single:u	767	2300000	0
fp_arith_inst_retired.scalar_single:u	768	2300000	0
fp_arith_inst_retired.scalar_single:u	769	2300000	0
fp_arith_inst_retired.scalar_single:u	770	2300000	0
fp_arith_inst_retired.scalar_single:u	771	2300000	0
fp_arith_inst_retired.scalar_single:u	772	2300000	0
fp_arith_inst_retired.scalar_single:u	773	2300000	0
fp_arith_inst_retired.scalar_single:u	774	2300000	0
fp_arith_inst_retired.scalar_single:u	775	2300000	0
fp_arith_inst_retired.scalar_single:u	776	2300000	0
fp_arith_inst_retired.scalar_single:u	777	2300000	0
fp_arith_inst_retired.scalar_single:u	778	2300000	0
fp_arith_inst_retired.scalar_single:u	779	2300000	0
fp_arith_inst_retired.scalar_single:u	780	2300000	0
fp_arith_inst_retired.scalar_single:u	781	2300000	0
fp_arith_inst_retired.scalar_single:u	782	2300000	0
fp_arith_inst_retired.scalar_single:u	783	2300000	0
fp_arith_inst_retired.scalar_single:u	784	2300000	0
fp_arith_inst_retired.scalar_single:u	785	2300000	0
fp_arith_inst_retired.scalar_single:u	786	2300000	0
fp_arith_inst_retired.scalar_single:u	787	2300000	0
fp_arith_inst_retired.scalar_single:u	788	2300000	0
fp_arith_inst_retired.scalar_single:u	789	2300000	0
fp_arith_inst_retired.scalar_single:u	790	2300000	0
fp_arith_inst_retired.scalar_single:u	791	2300000	0
fp_arith_inst_retired.scalar_single:u	792	2300000	0
fp_arith_inst_retired.scalar_single:u	793	2300000	0
fp_arith_inst_retired.scalar_single:u	794	2300000	0
fp_arith_inst_retired.scalar_single:u	795	2300000	0
fp_arith_inst_retired.scalar_single:u	796	2300000	0
fp_arith_inst_retired.scalar_single:u	797	2300000	0
fp_arith_inst_retired.scalar_single:u	798	2300000	0
fp_arith_inst_retired.scalar_single:u	799	2300000	0
fp_arith_inst_retired.scalar_single:u	800	2300000	0
fp_arith_inst_retired.scalar_single:u	801	2300000	0
fp_arith_inst_retired.scalar_single:u	802	2300000	0
fp_arith_inst_retired.scalar_single:u	803	2300000	0
fp_arith_inst_retired.scalar_single:u	804	2300000	0
fp_arith_inst_retired.scalar_single:u	805	2300000	0
fp_arith_inst_retired.scalar_single:u	806	2300000	0
fp_arith_inst_retired.scalar_single:u	807	2300000	0
fp_arith_inst_retired.scalar_single:u	808	2300000	0
fp_arith_inst_retired.scalar_single:u	809	2300000	0
fp_arith_inst_retired.scalar_single:u	810	2300000	0
fp_arith_inst_retired.scalar_single:u	811	2300000	0
fp_arith_inst_retired.scalar_single:u	812	2300000	0
fp_arith_inst_retired.scalar_single:u	813	2300000	0
fp_arith_inst_retired.scalar_single:u	814	2300000	0
fp_arith_inst_retired.scalar_single:u	815	2300000	0
fp_arith_inst_retired.scalar_single:u	816	2300000	0
fp_arith_inst_retired.scalar_single:u	817	2300000	0
fp_arith_inst_retired.scalar_single:u	818	2300000	0
fp_arith_inst_retired.scalar_single:u	819	2300000	0
fp_arith_inst_retired.scalar_single:u	820	2300000	0
fp_arith_inst_retired.scalar_single:u	821	2300000	0
fp_arith_inst_retired.scalar_single:u	822	2300000	0
fp_arith_inst_retired.scalar_single:u	823	2300000	0
fp_arith_inst_retired.scalar_single:u	824	2300000	0
fp_arith_inst_retired.scalar_single:u	825	2300000	0
fp_arith_inst_retired.scalar_single:u	826	2300000	0
fp_arith_inst_retired.scalar_single:u	827	2300000	0
fp_arith_inst_retired.scalar_single:u	828	2300000	0
fp_arith_inst_retired.scalar_single:u	829	2300000	0
fp_arith_inst_retired.scalar_single:u	830	2300000	0
fp_arith_inst_retired.scalar_single:u	831	2300000	0
fp_arith_inst_retired.scalar_single:u	832	2300000	0
fp_arith_inst_retired.scalar_single:u	833	2300000	0
fp_arith_inst_retired.scalar_single:u	834	2300000	0
fp_arith_inst_retired.scalar_single:u	835	2300000	0
fp_arith_inst_retired.scalar_single:u	836	2300000	0
fp_arith_inst_retired.scalar_single:u	837	2300000	0
fp_arith_inst_retired.scalar_single:u	838	2300000	0
fp_arith_inst_retired.scalar_single:u	839	2300000	0
fp_arith_inst_retired.scalar_single:u	840	2300000	0
fp_arith_inst_retired.scalar_single:u	841	2300000	0
fp_arith_inst_retired.scalar_single:u	842	2300000	0
fp_arith_inst_retired.scalar_single:u	843	2300000	0
fp_arith_inst_retired.scalar_single:u	844	2300000	0
fp_arith_inst_retired.scalar_single:u	845	2300000	0
fp_arith_inst_retired.scalar_single:u	846	2300000	0
fp_arith_inst_retired.scalar_single:u	847	2300000	0
fp_arith_inst_retired.scalar_single:u	848	2300000	0
fp_arith_inst_retired.scalar_single:u	849	2300000	0
fp_arith_inst_retired.scalar_single:u	850	2300000	0
fp_arith_inst_retired.scalar_single:u	851	2300000	0
fp_arith_inst_retired.scalar_single:u	852	2300000	0
fp_arith_inst_retired.scalar_single:u	853	2300000	0
fp_arith_inst_retired.scalar_single:u	854	2300000	0
fp_arith_inst_retired.scalar_single:u	855	2300000	0
fp_arith_inst_retired.scalar_single:u	856	2300000	0
fp_arith_inst_retired.scalar_single:u	857	2300000	0
fp_arith_inst_retired.scalar_single:u	858	2300000	0
fp_arith_inst_retired.scalar_single:u	859	2300000	0
fp_arith_inst_retired.scalar_single:u	860	2300000	0
fp_arith_inst_retired.scalar_single:u	861	2300000	0
fp_arith_inst_retired.scalar_single:u	862	2300000	0
fp_arith_inst_retired.scalar_single:u	863	2300000	0
fp_arith_inst_retired.scalar_single:u	864	2300000	0
fp_arith_inst_retired.scalar_single:u	865	2300000	0
fp_arith_inst_retired.scalar_single:u	866	2300000	0
fp_arith_inst_retired.scalar_single:u	867	2300000	0
fp_arith_inst_retired.scalar_single:u	868	2300000	0
fp_arith_inst_retired.scalar_single:u	869	2300000	0
fp_arith_inst_retired.scalar_single:u	870	2300000	0
fp_arith_inst_retired.scalar_single:u	871	2300000	0
fp_arith_inst_retired.scalar_single:u	872	2300000	0
fp_arith_inst_retired.scalar_single:u	873	2300000	0
fp_arith_inst_retired.scalar_single:u	874	2300000	0
fp_arith_inst_retired.scalar_single:u	875	2300000	0
fp_arith_inst_retired.scalar_single:u	876	2300000	0
fp_arith_inst_retired.scalar_single:u	877	2300000	0
fp_arith_inst_retired.scalar_single:u	878	2300000	0
fp_arith_inst_retired.scalar_single:u	879	2300000	0
fp_arith_inst_retired.scalar_single:u	880	2300000	0
fp_arith_inst_retired.scalar_single:u	881	2300000	0
fp_arith_inst_retired.scalar_single:u	882	2300000	0
fp_arith_inst_retired.scalar_single:u	883	2300000	0
fp_arith_inst_retired.scalar_single:u	884	2300000	0
fp_arith_inst_retired.scalar_single:u	885	2300000	0
fp_arith_inst_retired.scalar_single:u	886	2300000	0
fp_arith_inst_retired.scalar_single:u	887	2300000	0
fp_arith_inst_retired.scalar_single:u	888	2300000	0
fp_arith_inst_retired.scalar_single:u	889	2300000	0
fp_arith_inst_retired.scalar_single:u	890	2300000	0
fp_arith_inst_retired.scalar_single:u	891	2300000	0
fp_arith_inst_retired.scalar_single:u	892	2300000	0
fp_arith_inst_retired.scalar_single:u	893	2300000	0
fp_arith_inst_retired.scalar_single:u	894	2300000	0
fp_arith_inst_retired.scalar_single:u	895	2300000	0
fp_arith_inst_retired.scalar_single:u	896	2300000	0
fp_arith_inst_retired.scalar_single:u	897	2300000	0
fp_arith_inst_retired.scalar_single:u	898	2300000	0
fp_arith_inst_retired.scalar_single:u	899	2300000	0
fp_arith_inst_retired.scalar_single:u	900	2300000	0
fp_arith_inst_retired.scalar_single:u	901	2300000	0
fp_arith_inst_retired.scalar_single:u	902	2300000	0
fp_arith_inst_retired.scalar_single:u	903	2300000	0
fp_arith_inst_retired.scalar_single:u	904	2300000	0
fp_arith_inst_retired.scalar_single:u	905	2300000	0
fp_arith_inst_retired.scalar_single:u	906	2300000	0
fp_arith_inst_retired.scalar_single:u	907	2300000	0
fp_arith_inst_retired.scalar_single:u	908	2300000	0
fp_arith_inst_retired.scalar_single:u	909	2300000	0
fp_arith_inst_retired.scalar_single:u	910	2300000	0
fp_arith_inst_retired.scalar_single:u	911	2300000	0
fp_arith_inst_retired.scalar_single:u	912	2300000	0
fp_arith_inst_retired.scalar_single:u	913	2300000	0
fp_arith_inst_retired.scalar_single:u	914	2300000	0
fp_arith_inst_retired.scalar_single:u	915	2300000	0
fp_arith_inst_retired.scalar_single:u	916	2300000	0
fp_arith_inst_retired.scalar_single:u	917	2300000	0
fp_arith_inst_retired.scalar_single:u	918	2300000	0
fp_arith_inst_retired.scalar_single:u	919	2300000	0
fp_arith_inst_retired.scalar_single:u	920	2300000	0
fp_arith_inst_retired.scalar_single:u	921	2300000	0
fp_arith_inst_retired.scalar_single:u	922	2300000	0
fp_arith_inst_retired.scalar_single:u	923	2300000	0
fp_arith_inst_retired.scalar_single:u	924	2300000	0
fp_arith_inst_retired.scalar_single:u	925	2300000	0
fp_arith_inst_retired.scalar_single:u	926	2300000	0
fp_arith_inst_retired.scalar_single:u	927	2300000	0
fp_arith_inst_retired.scalar_single:u	928	2300000	0
fp_arith_inst_retired.scalar_single:u	929	2300000	0
fp_arith_inst_retired.scalar_single:u	930	2300000	0
fp_arith_inst_retired.scalar_single:u	931	2300000	0
fp_arith_inst_retired.scalar_single:u	932	2300000	0
fp_arith_inst_retired.scalar_single:u	933	2300000	0
fp_arith_inst_retired.scalar_single:u	934	2300000	0
fp_arith_inst_retired.scalar_single:u	935	2300000	0
fp_arith_inst_retired.scalar_single:u	936	2300000	0
fp_arith_inst_retired.scalar_single:u	937	2300000	0
fp_arith_inst_retired.scalar_single:u	938	2300000	0
fp_arith_inst_retired.scalar_single:u	939	2300000	0
fp_arith_inst_retired.scalar_single:u	940	2300000	0
fp_arith_inst_retired.scalar_single:u	941	2300000	0
fp_arith_inst_retired.scalar_single:u	942	2300000	0
fp_arith_inst_retired.scalar_single:u	943	2300000	0
fp_arith_inst_retired.scalar_single:u	944	2300000	0
fp_arith_inst_retired.scalar_single:u	945	2300000	0
fp_arith_inst_retired.scalar_single:u	946	2300000	0
fp_arith_inst_retired.scalar_single:u	947	2300000	0
fp_arith_inst_retired.scalar_single:u	948	2300000	0
fp_arith_inst_retired.scalar_single:u	949	2300000	0
fp_arith_inst_retired.scalar_single:u	950	2300000	0
fp_arith_inst_retired.scalar_single:u	951	2300000	0
fp_arith_inst_retired.scalar_single:u	952	2300000	0
fp_arith_inst_retired.scalar_single:u	953	2300000	0
fp_arith_inst_retired.scalar_single:u	954	2300000	0
fp_arith_inst_retired.scalar_single:u	955	2300000	0
fp_arith_inst_retired.scalar_single:u	956	2300000	0
fp_arith_inst_retired.scalar_single:u	957	2300000	0
fp_arith_inst_retired.scalar_single:u	958	2300000	0
fp_arith_inst_retired.scalar_single:u	959	2300000	0
fp_arith_inst_retired.scalar_single:u	960	2300000	0
fp_arith_inst_retired.scalar_single:u	961	2300000	0
fp_arith_inst_retired.scalar_single:u	962	2300000	0
fp_arith_inst_retired.scalar_single:u	963	2300000	0
fp_arith_inst_retired.scalar_single:u	964	2300000	0
fp_arith_inst_retired.scalar_single:u	965	2300000	0
fp_arith_inst_retired.scalar_single:u	966	2300000	0
fp_arith_inst_retired.scalar_single:u	967	2300000	0
fp_arith_inst_retired.scalar_single:u	968	2300000	0
fp_arith_inst_retired.scalar_single:u	969	2300000	0
fp_arith_inst_retired.scalar_single:u	970	2300000	0
fp_arith_inst_retired.scalar_single:u	971	2300000	0
fp_arith_inst_retired.scalar_single:u	972	2300000	0
fp_arith_inst_retired.scalar_single:u	973	2300000	0
fp_arith_inst_retired.scalar_single:u	974	2300000	0
fp_arith_inst_retired.scalar_single:u	975	2300000	0
fp_arith_inst_retired.scalar_single:u	976	2300000	0
fp_arith_inst_retired.scalar_single:u	977	2300000	0
fp_arith_inst_retired.scalar_single:u	978	2300000	0
fp_arith_inst_retired.scalar_single:u	979	2300000	0
fp_arith_inst_retired.scalar_single:u	980	2300000	0
fp_arith_inst_retired.scalar_single:u	981	2300000	0
fp_arith_inst_retired.scalar_single:u	982	2300000	0
fp_arith_inst_retired.scalar_single:u	983	2300000	0
fp_arith_inst_retired.scalar_single:u	984	2300000	0
fp_arith_inst_retired.scalar_single:u	985	2300000	0
fp_arith_inst_retired.scalar_single:u	986	2300000	0
fp_arith_inst_retired.scalar_single:u	987	2300000	0
fp_arith_inst_retired.scalar_single:u	988	2300000	0
fp_arith_inst_retired.scalar_single:u	989	2300000	0
fp_arith_inst_retired.scalar_single:u	990	2300000	0
fp_arith_inst_retired.scalar_single:u	991	2300000	0
fp_arith_inst_retired.scalar_single:u	992	2300000	0
fp_arith_inst_retired.scalar_single:u	993	2300000	0
fp_arith_inst_retired.scalar_single:u	994	2300000	0
fp_arith_inst_retired.scalar_single:u	995	2300000	0
fp_arith_inst_retired.scalar_single:u	996	2300000	0
fp_arith_inst_retired.scalar_single:u	997	2300000	0
fp_arith_inst_retired.scalar_single:u	998	2300000	0
fp_arith_inst_retired.scalar_single:u	999	2300000	0
fp_arith_inst_retired.scalar_single:u	1000	2300000	0
idq.dsb_uops:u	1	191251830	0
idq.dsb_uops:u	2	190153453	0
hle_retired.aborted_memtype:u	1	0	0
hle_retired.aborted_memtype:u	2	0	0
hle_retired.aborted_memtype:u	3	0	0
hle_retired.aborted_memtype:u	4	0	0
hle_retired.aborted_memtype:u	5	0	0
hle_retired.aborted_memtype:u	6	0	0
hle_retired.aborted_memtype:u	7	0	0
hle_retired.aborted_memtype:u	8	0	0
hle_retired.aborted_memtype:u	9	0	0
hle_retired.aborted_memtype:u	10	0	0
hle_retired.aborted_memtype:u	11	0	0
hle_retired.aborted_memtype:u	12	0	0
hle_retired.aborted_memtype:u	13	0	0
hle_retired.aborted_memtype:u	14	0	0
hle_retired.aborted_memtype:u	15	0	0
hle_retired.aborted_memtype:u	16	0	0
hle_retired.aborted_memtype:u	17	0	0
hle_retired.aborted_memtype:u	18	0	0
hle_retired.aborted_memtype:u	19	0	0
hle_retired.aborted_memtype:u	20	0	0
hle_retired.aborted_memtype:u	21	0	0
hle_retired.aborted_memtype:u	22	0	0
hle_retired.aborted_memtype:u	23	0	0
hle_retired.aborted_memtype:u	24	0	0
hle_retired.aborted_memtype:u	25	0	0
hle_retired.aborted_memtype:u	26	0	0
hle_retired.aborted_memtype:u	27	0	0
hle_retired.aborted_memtype:u	28	0	0
hle_retired.aborted_memtype:u	29	0	0
hle_retired.aborted_memtype:u	30	0	0
hle_retired.aborted_memtype:u	31	0	0
hle_retired.aborted_memtype:u	32	0	0
hle_retired.aborted_memtype:u	33	0	0
hle_retired.aborted_memtype:u	34	0	0
hle_retired.aborted_memtype:u	35	0	0
hle_retired.aborted_memtype:u	36	0	0
hle_retired.aborted_memtype:u	37	0	0
hle_retired.aborted_memtype:u	38	0	0
hle_retired.aborted_memtype:u	39	0	0
hle_retired.aborted_memtype:u	40	0	0
hle_retired.aborted_memtype:u	41	0	0
hle_retired.aborted_memtype:u	42	0	0
hle_retired.aborted_memtype:u	43	0	0
hle_retired.aborted_memtype:u	44	0	0
hle_retired.aborted_memtype:u	45	0	0
hle_retired.aborted_memtype:u	46	0	0
hle_retired.aborted_memtype:u	47	0	0
hle_retired.aborted_memtype:u	48	0	0
hle_retired.aborted_memtype:u	49	0	0
hle_retired.aborted_memtype:u	50	0	0
hle_retired.aborted_memtype:u	51	0	0
hle_retired.aborted_memtype:u	52	0	0
hle_retired.aborted_memtype:u	53	0	0
hle_retired.aborted_memtype:u	54	0	0
hle_retired.aborted_memtype:u	55	0	0
hle_retired.aborted_memtype:u	56	0	0
hle_retired.aborted_memtype:u	57	0	0
hle_retired.aborted_memtype:u	58	0	0
hle_retired.aborted_memtype:u	59	0	0
hle_retired.aborted_memtype:u	60	0	0
hle_retired.aborted_memtype:u	61	0	0
hle_retired.aborted_memtype:u	62	0	0
hle_retired.aborted_memtype:u	63	0	0
hle_retired.aborted_memtype:u	64	0	0
hle_retired.aborted_memtype:u	65	0	0
hle_retired.aborted_memtype:u	66	0	0
hle_retired.aborted_memtype:u	67	0	0
hle_retired.aborted_memtype:u	68	0	0
hle_retired.aborted_memtype:u	69	0	0
hle_retired.aborted_memtype:u	70	0	0
hle_retired.aborted_memtype:u	71	0	0
hle_retired.aborted_memtype:u	72	0	0
hle_retired.aborted_memtype:u	73	0	0
hle_retired.aborted_memtype:u	74	0	0
hle_retired.aborted_memtype:u	75	0	0
hle_retired.aborted_memtype:u	76	0	0
hle_retired.aborted_memtype:u	77	0	0
hle_retired.aborted_memtype:u	78	0	0
hle_retired.aborted_memtype:u	79	0	0
hle_retired.aborted_memtype:u	80	0	0
hle_retired.aborted_memtype:u	81	0	0
hle_retired.aborted_memtype:u	82	0	0
hle_retired.aborted_memtype:u	83	0	0
hle_retired.aborted_memtype:u	84	0	0
hle_retired.aborted_memtype:u	85	0	0
hle_retired.aborted_memtype:u	86	0	0
hle_retired.aborted_memtype:u	87	0	0
hle_retired.aborted_memtype:u	88	0	0
hle_retired.aborted_memtype:u	89	0	0
hle_retired.aborted_memtype:u	90	0	0
hle_retired.aborted_memtype:u	91	0	0
hle_retired.aborted_memtype:u	92	0	0
hle_retired.aborted_memtype:u	93	0	0
hle_retired.aborted_memtype:u	94	0	0
hle_retired.aborted_memtype:u	95	0	0
hle_retired.aborted_memtype:u	96	0	0
hle_retired.aborted_memtype:u	97	0	0
hle_retired.aborted_memtype:u	98	0	0
hle_retired.aborted_memtype:u	99	0	0
hle_retired.aborted_memtype:u	100	0	0
hle_retired.aborted_memtype:u	101	0	0
hle_retired.aborted_memtype:u	102	0	0
hle_retired.aborted_memtype:u	103	0	0
hle_retired.aborted_memtype:u	104	0	0
hle_retired.aborted_memtype:u	105	0	0
hle_retired.aborted_memtype:u	106	0	0
hle_retired.aborted_memtype:u	107	0	0
hle_retired.aborted_memtype:u	108	0	0
hle_retired.aborted_memtype:u	109	0	0
hle_retired.aborted_memtype:u	110	0	0
hle_retired.aborted_memtype:u	111	0	0
hle_retired.aborted_memtype:u	112	0	0
hle_retired.aborted_memtype:u	113	0	0
hle_retired.aborted_memtype:u	114	0	0
hle_retired.aborted_memtype:u	115	0	0
hle_retired.aborted_memtype:u	116	0	0
hle_retired.aborted_memtype:u	117	0	0
hle_retired.aborted_memtype:u	118	0	0
hle_retired.aborted_memtype:u	119	0	0
hle_retired.aborted_memtype:u	120	0	0
hle_retired.aborted_memtype:u	121	0	0
hle_retired.aborted_memtype:u	122	0	0
hle_retired.aborted_memtype:u	123	0	0
hle_retired.aborted_memtype:u	124	0	0
hle_retired.aborted_memtype:u	125	0	0
hle_retired.aborted_memtype:u	126	0	0
hle_retired.aborted_memtype:u	127	0	0
hle_retired.aborted_memtype:u	128	0	0
hle_retired.aborted_memtype:u	129	0	0
hle_retired.aborted_memtype:u	130	0	0
hle_retired.aborted_memtype:u	131	0	0
hle_retired.aborted_memtype:u	132	0	0
hle_retired.aborted_memtype:u	133	0	0
hle_retired.aborted_memtype:u	134	0	0
hle_retired.aborted_memtype:u	135	0	0
hle_retired.aborted_memtype:u	136	0	0
hle_retired.aborted_memtype:u	137	0	0
hle_retired.aborted_memtype:u	138	0	0
hle_retired.aborted_memtype:u	139	0	0
hle_retired.aborted_memtype:u	140	0	0
hle_retired.aborted_memtype:u	141	0	0
hle_retired.aborted_memtype:u	142	0	0
hle_retired.aborted_memtype:u	143	0	0
hle_retired.aborted_memtype:u	144	0	0
hle_retired.aborted_memtype:u	145	0	0
hle_retired.aborted_memtype:u	146	0	0
hle_retired.aborted_memtype:u	147	0	0
hle_retired.aborted_memtype:u	148	0	0
hle_retired.aborted_memtype:u	149	0	0
hle_retired.aborted_memtype:u	150	0	0
hle_retired.aborted_memtype:u	151	0	0
hle_retired.aborted_memtype:u	152	0	0
hle_retired.aborted_memtype:u	153	0	0
hle_retired.aborted_memtype:u	154	0	0
hle_retired.aborted_memtype:u	155	0	0
hle_retired.aborted_memtype:u	156	0	0
hle_retired.aborted_memtype:u	157	0	0
hle_retired.aborted_memtype:u	158	0	0
hle_retired.aborted_memtype:u	159	0	0
hle_retired.aborted_memtype:u	160	0	0
hle_retired.aborted_memtype:u	161	0	0
hle_retired.aborted_memtype:u	162	0	0
hle_retired.aborted_memtype:u	163	0	0
hle_retired.aborted_memtype:u	164	0	0
hle_retired.aborted_memtype:u	165	0	0
hle_retired.aborted_memtype:u	166	0	0
hle_retired.aborted_memtype:u	167	0	0
hle_retired.aborted_memtype:u	168	0	0
hle_retired.aborted_memtype:u	169	0	0
hle_retired.aborted_memtype:u	170	0	0
hle_retired.aborted_memtype:u	171	0	0
hle_retired.aborted_memtype:u	172	0	0
hle_retired.aborted_memtype:u	173	0	0
hle_retired.aborted_memtype:u	174	0	0
hle_retired.aborted_memtype:u	175	0	0
hle_retired.aborted_memtype:u	176	0	0
hle_retired.aborted_memtype:u	177	0	0
hle_retired.aborted_memtype:u	178	0	0
hle_retired.aborted_memtype:u	179	0	0
hle_retired.aborted_memtype:u	180	0	0
hle_retired.aborted_memtype:u	181	0	0
hle_retired.aborted_memtype:u	182	0	0
hle_retired.aborted_memtype:u	183	0	0
hle_retired.aborted_memtype:u	184	0	0
hle_retired.aborted_memtype:u	185	0	0
hle_retired.aborted_memtype:u	186	0	0
hle_retired.aborted_memtype:u	187	0	0
hle_retired.aborted_memtype:u	188	0	0
hle_retired.aborted_memtype:u	189	0	0
hle_retired.aborted_memtype:u	190	0	0
hle_retired.aborted_memtype:u	191	0	0
hle_retired.aborted_memtype:u	192	0	0
hle_retired.aborted_memtype:u	193	0	0
hle_retired.aborted_memtype:u	194	0	0
hle_retired.aborted_memtype:u	195	0	0
hle_retired.aborted_memtype:u	196	0	0
hle_retired.aborted_memtype:u	197	0	0
hle_retired.aborted_memtype:u	198	0	0
hle_retired.aborted_memtype:u	199	0	0
hle_retired.aborted_memtype:u	200	0	0
hle_retired.aborted_memtype:u	201	0	0
hle_retired.aborted_memtype:u	202	0	0
hle_retired.aborted_memtype:u	203	0	0
hle_retired.aborted_memtype:u	204	0	0
hle_retired.aborted_memtype:u	205	0	0
hle_retired.aborted_memtype:u	206	0	0
hle_retired.aborted_memtype:u	207	0	0
hle_retired.aborted_memtype:u	208	0	0
hle_retired.aborted_memtype:u	209	0	0
hle_retired.aborted_memtype:u	210	0	0
hle_retired.aborted_memtype:u	211	0	0
hle_retired.aborted_memtype:u	212	0	0
hle_retired.aborted_memtype:u	213	0	0
hle_retired.aborted_memtype:u	214	0	0
hle_retired.aborted_memtype:u	215	0	0
hle_retired.aborted_memtype:u	216	0	0
hle_retired.aborted_memtype:u	217	0	0
hle_retired.aborted_memtype:u	218	0	0
hle_retired.aborted_memtype:u	219	0	0
hle_retired.aborted_memtype:u	220	0	0
hle_retired.aborted_memtype:u	221	0	0
hle_retired.aborted_memtype:u	222	0	0
hle_retired.aborted_memtype:u	223	0	0
hle_retired.aborted_memtype:u	224	0	0
hle_retired.aborted_memtype:u	225	0	0
hle_retired.aborted_memtype:u	226	0	0
hle_retired.aborted_memtype:u	227	0	0
hle_retired.aborted_memtype:u	228	0	0
hle_retired.aborted_memtype:u	229	0	0
hle_retired.aborted_memtype:u	230	0	0
hle_retired.aborted_memtype:u	231	0	0
hle_retired.aborted_memtype:u	232	0	0
hle_retired.aborted_memtype:u	233	0	0
hle_retired.aborted_memtype:u	234	0	0
hle_retired.aborted_memtype:u	235	0	0
hle_retired.aborted_memtype:u	236	0	0
hle_retired.aborted_memtype:u	237	0	0
hle_retired.aborted_memtype:u	238	0	0
hle_retired.aborted_memtype:u	239	0	0
hle_retired.aborted_memtype:u	240	0	0
hle_retired.aborted_memtype:u	241	0	0
hle_retired.aborted_memtype:u	242	0	0
hle_retired.aborted_memtype:u	243	0	0
hle_retired.aborted_memtype:u	244	0	0
hle_retired.aborted_memtype:u	245	0	0
hle_retired.aborted_memtype:u	246	0	0
hle_retired.aborted_memtype:u	247	0	0
hle_retired.aborted_memtype:u	248	0	0
hle_retired.aborted_memtype:u	249	0	0
hle_retired.aborted_memtype:u	250	0	0
hle_retired.aborted_memtype:u	251	0	0
hle_retired.aborted_memtype:u	252	0	0
hle_retired.aborted_memtype:u	253	0	0
hle_retired.aborted_memtype:u	254	0	0
hle_retired.aborted_memtype:u	255	0	0
hle_retired.aborted_memtype:u	256	0	0
hle_retired.aborted_memtype:u	257	0	0
hle_retired.aborted_memtype:u	258	0	0
hle_retired.aborted_memtype:u	259	0	0
hle_retired.aborted_memtype:u	260	0	0
hle_retired.aborted_memtype:u	261	0	0
hle_retired.aborted_memtype:u	262	0	0
hle_retired.aborted_memtype:u	263	0	0
hle_retired.aborted_memtype:u	264	0	0
hle_retired.aborted_memtype:u	265	0	0
hle_retired.aborted_memtype:u	266	0	0
hle_retired.aborted_memtype:u	267	0	0
hle_retired.aborted_memtype:u	268	0	0
hle_retired.aborted_memtype:u	269	0	0
hle_retired.aborted_memtype:u	270	0	0
hle_retired.aborted_memtype:u	271	0	0
hle_retired.aborted_memtype:u	272	0	0
hle_retired.aborted_memtype:u	273	0	0
hle_retired.aborted_memtype:u	274	0	0
hle_retired.aborted_memtype:u	275	0	0
hle_retired.aborted_memtype:u	276	0	0
hle_retired.aborted_memtype:u	277	0	0
hle_retired.aborted_memtype:u	278	0	0
hle_retired.aborted_memtype:u	279	0	0
hle_retired.aborted_memtype:u	280	0	0
hle_retired.aborted_memtype:u	281	0	0
hle_retired.aborted_memtype:u	282	0	0
hle_retired.aborted_memtype:u	283	0	0
hle_retired.aborted_memtype:u	284	0	0
hle_retired.aborted_memtype:u	285	0	0
hle_retired.aborted_memtype:u	286	0	0
hle_retired.aborted_memtype:u	287	0	0
hle_retired.aborted_memtype:u	288	0	0
hle_retired.aborted_memtype:u	289	0	0
hle_retired.aborted_memtype:u	290	0	0
hle_retired.aborted_memtype:u	291	0	0
hle_retired.aborted_memtype:u	292	0	0
hle_retired.aborted_memtype:u	293	0	0
hle_retired.aborted_memtype:u	294	0	0
hle_retired.aborted_memtype:u	295	0	0
hle_retired.aborted_memtype:u	296	0	0
hle_retired.aborted_memtype:u	297	0	0
hle_retired.aborted_memtype:u	298	0	0
hle_retired.aborted_memtype:u	299	0	0
hle_retired.aborted_memtype:u	300	0	0
hle_retired.aborted_memtype:u	301	0	0
hle_retired.aborted_memtype:u	302	0	0
hle_retired.aborted_memtype:u	303	0	0
hle_retired.aborted_memtype:u	304	0	0
hle_retired.aborted_memtype:u	305	0	0
hle_retired.aborted_memtype:u	306	0	0
hle_retired.aborted_memtype:u	307	0	0
hle_retired.aborted_memtype:u	308	0	0
hle_retired.aborted_memtype:u	309	0	0
hle_retired.aborted_memtype:u	310	0	0
hle_retired.aborted_memtype:u	311	0	0
hle_retired.aborted_memtype:u	312	0	0
hle_retired.aborted_memtype:u	313	0	0
hle_retired.aborted_memtype:u	314	0	0
hle_retired.aborted_memtype:u	315	0	0
hle_retired.aborted_memtype:u	316	0	0
hle_retired.aborted_memtype:u	317	0	0
hle_retired.aborted_memtype:u	318	0	0
hle_retired.aborted_memtype:u	319	0	0
hle_retired.aborted_memtype:u	320	0	0
hle_retired.aborted_memtype:u	321	0	0
hle_retired.aborted_memtype:u	322	0	0
hle_retired.aborted_memtype:u	323	0	0
hle_retired.aborted_memtype:u	324	0	0
hle_retired.aborted_memtype:u	325	0	0
hle_retired.aborted_memtype:u	326	0	0
hle_retired.aborted_memtype:u	327	0	0
hle_retired.aborted_memtype:u	328	0	0
hle_retired.aborted_memtype:u	329	0	0
hle_retired.aborted_memtype:u	330	0	0
hle_retired.aborted_memtype:u	331	0	0
hle_retired.aborted_memtype:u	332	0	0
hle_retired.aborted_memtype:u	333	0	0
hle_retired.aborted_memtype:u	334	0	0
hle_retired.aborted_memtype:u	335	0	0
hle_retired.aborted_memtype:u	336	0	0
hle_retired.aborted_memtype:u	337	0	0
hle_retired.aborted_memtype:u	338	0	0
hle_retired.aborted_memtype:u	339	0	0
hle_retired.aborted_memtype:u	340	0	0
hle_retired.aborted_memtype:u	341	0	0
hle_retired.aborted_memtype:u	342	0	0
hle_retired.aborted_memtype:u	343	0	0
hle_retired.aborted_memtype:u	344	0	0
hle_retired.aborted_memtype:u	345	0	0
hle_retired.aborted_memtype:u	346	0	0
hle_retired.aborted_memtype:u	347	0	0
hle_retired.aborted_memtype:u	348	0	0
hle_retired.aborted_memtype:u	349	0	0
hle_retired.aborted_memtype:u	350	0	0
hle_retired.aborted_memtype:u	351	0	0
hle_retired.aborted_memtype:u	352	0	0
hle_retired.aborted_memtype:u	353	0	0
hle_retired.aborted_memtype:u	354	0	0
hle_retired.aborted_memtype:u	355	0	0
hle_retired.aborted_memtype:u	356	0	0
hle_retired.aborted_memtype:u	357	0	0
hle_retired.aborted_memtype:u	358	0	0
hle_retired.aborted_memtype:u	359	0	0
hle_retired.aborted_memtype:u	360	0	0
hle_retired.aborted_memtype:u	361	0	0
hle_retired.aborted_memtype:u	362	0	0
hle_retired.aborted_memtype:u	363	0	0
hle_retired.aborted_memtype:u	364	0	0
hle_retired.aborted_memtype:u	365	0	0
hle_retired.aborted_memtype:u	366	0	0
hle_retired.aborted_memtype:u	367	0	0
hle_retired.aborted_memtype:u	368	0	0
hle_retired.aborted_memtype:u	369	0	0
hle_retired.aborted_memtype:u	370	0	0
hle_retired.aborted_memtype:u	371	0	0
hle_retired.aborted_memtype:u	372	0	0
hle_retired.aborted_memtype:u	373	0	0
hle_retired.aborted_memtype:u	374	0	0
hle_retired.aborted_memtype:u	375	0	0
hle_retired.aborted_memtype:u	376	0	0
hle_retired.aborted_memtype:u	377	0	0
hle_retired.aborted_memtype:u	378	0	0
hle_retired.aborted_memtype:u	379	0	0
hle_retired.aborted_memtype:u	380	0	0
hle_retired.aborted_memtype:u	381	0	0
hle_retired.aborted_memtype:u	382	0	0
hle_retired.aborted_memtype:u	383	0	0
hle_retired.aborted_memtype:u	384	0	0
hle_retired.aborted_memtype:u	385	0	0
hle_retired.aborted_memtype:u	386	0	0
hle_retired.aborted_memtype:u	387	0	0
hle_retired.aborted_memtype:u	388	0	0
hle_retired.aborted_memtype:u	389	0	0
hle_retired.aborted_memtype:u	390	0	0
hle_retired.aborted_memtype:u	391	0	0
hle_retired.aborted_memtype:u	392	0	0
hle_retired.aborted_memtype:u	393	0	0
hle_retired.aborted_memtype:u	394	0	0
hle_retired.aborted_memtype:u	395	0	0
hle_retired.aborted_memtype:u	396	0	0
hle_retired.aborted_memtype:u	397	0	0
hle_retired.aborted_memtype:u	398	0	0
hle_retired.aborted_memtype:u	399	0	0
hle_retired.aborted_memtype:u	400	0	0
hle_retired.aborted_memtype:u	401	0	0
hle_retired.aborted_memtype:u	402	0	0
hle_retired.aborted_memtype:u	403	0	0
hle_retired.aborted_memtype:u	404	0	0
hle_retired.aborted_memtype:u	405	0	0
hle_retired.aborted_memtype:u	406	0	0
hle_retired.aborted_memtype:u	407	0	0
hle_retired.aborted_memtype:u	408	0	0
hle_retired.aborted_memtype:u	409	0	0
hle_retired.aborted_memtype:u	410	0	0
hle_retired.aborted_memtype:u	411	0	0
hle_retired.aborted_memtype:u	412	0	0
hle_retired.aborted_memtype:u	413	0	0
hle_retired.aborted_memtype:u	414	0	0
hle_retired.aborted_memtype:u	415	0	0
hle_retired.aborted_memtype:u	416	0	0
hle_retired.aborted_memtype:u	417	0	0
hle_retired.aborted_memtype:u	418	0	0
hle_retired.aborted_memtype:u	419	0	0
hle_retired.aborted_memtype:u	420	0	0
hle_retired.aborted_memtype:u	421	0	0
hle_retired.aborted_memtype:u	422	0	0
hle_retired.aborted_memtype:u	423	0	0
hle_retired.aborted_memtype:u	424	0	0
hle_retired.aborted_memtype:u	425	0	0
hle_retired.aborted_memtype:u	426	0	0
hle_retired.aborted_memtype:u	427	0	0
hle_retired.aborted_memtype:u	428	0	0
hle_retired.aborted_memtype:u	429	0	0
hle_retired.aborted_memtype:u	430	0	0
hle_retired.aborted_memtype:u	431	0	0
hle_retired.aborted_memtype:u	432	0	0
hle_retired.aborted_memtype:u	433	0	0
hle_retired.aborted_memtype:u	434	0	0
hle_retired.aborted_memtype:u	435	0	0
hle_retired.aborted_memtype:u	436	0	0
hle_retired.aborted_memtype:u	437	0	0
hle_retired.aborted_memtype:u	438	0	0
hle_retired.aborted_memtype:u	439	0	0
hle_retired.aborted_memtype:u	440	0	0
hle_retired.aborted_memtype:u	441	0	0
hle_retired.aborted_memtype:u	442	0	0
hle_retired.aborted_memtype:u	443	0	0
hle_retired.aborted_memtype:u	444	0	0
hle_retired.aborted_memtype:u	445	0	0
hle_retired.aborted_memtype:u	446	0	0
hle_retired.aborted_memtype:u	447	0	0
hle_retired.aborted_memtype:u	448	0	0
hle_retired.aborted_memtype:u	449	0	0
hle_retired.aborted_memtype:u	450	0	0
hle_retired.aborted_memtype:u	451	0	0
hle_retired.aborted_memtype:u	452	0	0
hle_retired.aborted_memtype:u	453	0	0
hle_retired.aborted_memtype:u	454	0	0
hle_retired.aborted_memtype:u	455	0	0
hle_retired.aborted_memtype:u	456	0	0
hle_retired.aborted_memtype:u	457	0	0
hle_retired.aborted_memtype:u	458	0	0
hle_retired.aborted_memtype:u	459	0	0
hle_retired.aborted_memtype:u	460	0	0
hle_retired.aborted_memtype:u	461	0	0
hle_retired.aborted_memtype:u	462	0	0
hle_retired.aborted_memtype:u	463	0	0
hle_retired.aborted_memtype:u	464	0	0
hle_retired.aborted_memtype:u	465	0	0
hle_retired.aborted_memtype:u	466	0	0
hle_retired.aborted_memtype:u	467	0	0
hle_retired.aborted_memtype:u	468	0	0
hle_retired.aborted_memtype:u	469	0	0
hle_retired.aborted_memtype:u	470	0	0
hle_retired.aborted_memtype:u	471	0	0
hle_retired.aborted_memtype:u	472	0	0
hle_retired.aborted_memtype:u	473	0	0
hle_retired.aborted_memtype:u	474	0	0
hle_retired.aborted_memtype:u	475	0	0
hle_retired.aborted_memtype:u	476	0	0
hle_retired.aborted_memtype:u	477	0	0
hle_retired.aborted_memtype:u	478	0	0
hle_retired.aborted_memtype:u	479	0	0
hle_retired.aborted_memtype:u	480	0	0
hle_retired.aborted_memtype:u	481	0	0
hle_retired.aborted_memtype:u	482	0	0
hle_retired.aborted_memtype:u	483	0	0
hle_retired.aborted_memtype:u	484	0	0
hle_retired.aborted_memtype:u	485	0	0
hle_retired.aborted_memtype:u	486	0	0
hle_retired.aborted_memtype:u	487	0	0
hle_retired.aborted_memtype:u	488	0	0
hle_retired.aborted_memtype:u	489	0	0
hle_retired.aborted_memtype:u	490	0	0
hle_retired.aborted_memtype:u	491	0	0
hle_retired.aborted_memtype:u	492	0	0
hle_retired.aborted_memtype:u	493	0	0
hle_retired.aborted_memtype:u	494	0	0
hle_retired.aborted_memtype:u	495	0	0
hle_retired.aborted_memtype:u	496	0	0
hle_retired.aborted_memtype:u	497	0	0
hle_retired.aborted_memtype:u	498	0	0
hle_retired.aborted_memtype:u	499	0	0
hle_retired.aborted_memtype:u	500	0	0
hle_retired.aborted_memtype:u	501	0	0
hle_retired.aborted_memtype:u	502	0	0
hle_retired.aborted_memtype:u	503	0	0
hle_retired.aborted_memtype:u	504	0	0
hle_retired.aborted_memtype:u	505	0	0
hle_retired.aborted_memtype:u	506	0	0
hle_retired.aborted_memtype:u	507	0	0
hle_retired.aborted_memtype:u	508	0	0
hle_retired.aborted_memtype:u	509	0	0
hle_retired.aborted_memtype:u	510	0	0
hle_retired.aborted_memtype:u	511	0	0
hle_retired.aborted_memtype:u	512	0	0
hle_retired.aborted_memtype:u	513	0	0
hle_retired.aborted_memtype:u	514	0	0
hle_retired.aborted_memtype:u	515	0	0
hle_retired.aborted_memtype:u	516	0	0
hle_retired.aborted_memtype:u	517	0	0
hle_retired.aborted_memtype:u	518	0	0
hle_retired.aborted_memtype:u	519	0	0
hle_retired.aborted_memtype:u	520	0	0
hle_retired.aborted_memtype:u	521	0	0
hle_retired.aborted_memtype:u	522	0	0
hle_retired.aborted_memtype:u	523	0	0
hle_retired.aborted_memtype:u	524	0	0
hle_retired.aborted_memtype:u	525	0	0
hle_retired.aborted_memtype:u	526	0	0
hle_retired.aborted_memtype:u	527	0	0
hle_retired.aborted_memtype:u	528	0	0
hle_retired.aborted_memtype:u	529	0	0
hle_retired.aborted_memtype:u	530	0	0
hle_retired.aborted_memtype:u	531	0	0
hle_retired.aborted_memtype:u	532	0	0
hle_retired.aborted_memtype:u	533	0	0
hle_retired.aborted_memtype:u	534	0	0
hle_retired.aborted_memtype:u	535	0	0
hle_retired.aborted_memtype:u	536	0	0
hle_retired.aborted_memtype:u	537	0	0
hle_retired.aborted_memtype:u	538	0	0
hle_retired.aborted_memtype:u	539	0	0
hle_retired.aborted_memtype:u	540	0	0
hle_retired.aborted_memtype:u	541	0	0
hle_retired.aborted_memtype:u	542	0	0
hle_retired.aborted_memtype:u	543	0	0
hle_retired.aborted_memtype:u	544	0	0
hle_retired.aborted_memtype:u	545	0	0
hle_retired.aborted_memtype:u	546	0	0
hle_retired.aborted_memtype:u	547	0	0
hle_retired.aborted_memtype:u	548	0	0
hle_retired.aborted_memtype:u	549	0	0
hle_retired.aborted_memtype:u	550	0	0
hle_retired.aborted_memtype:u	551	0	0
hle_retired.aborted_memtype:u	552	0	0
hle_retired.aborted_memtype:u	553	0	0
hle_retired.aborted_memtype:u	554	0	0
hle_retired.aborted_memtype:u	555	0	0
hle_retired.aborted_memtype:u	556	0	0
hle_retired.aborted_memtype:u	557	0	0
hle_retired.aborted_memtype:u	558	0	0
hle_retired.aborted_memtype:u	559	0	0
hle_retired.aborted_memtype:u	560	0	0
hle_retired.aborted_memtype:u	561	0	0
hle_retired.aborted_memtype:u	562	0	0
hle_retired.aborted_memtype:u	563	0	0
hle_retired.aborted_memtype:u	564	0	0
hle_retired.aborted_memtype:u	565	0	0
hle_retired.aborted_memtype:u	566	0	0
hle_retired.aborted_memtype:u	567	0	0
hle_retired.aborted_memtype:u	568	0	0
hle_retired.aborted_memtype:u	569	0	0
hle_retired.aborted_memtype:u	570	0	0
hle_retired.aborted_memtype:u	571	0	0
hle_retired.aborted_memtype:u	572	0	0
hle_retired.aborted_memtype:u	573	0	0
hle_retired.aborted_memtype:u	574	0	0
hle_retired.aborted_memtype:u	575	0	0
hle_retired.aborted_memtype:u	576	0	0
hle_retired.aborted_memtype:u	577	0	0
hle_retired.aborted_memtype:u	578	0	0
hle_retired.aborted_memtype:u	579	0	0
hle_retired.aborted_memtype:u	580	0	0
hle_retired.aborted_memtype:u	581	0	0
hle_retired.aborted_memtype:u	582	0	0
hle_retired.aborted_memtype:u	583	0	0
hle_retired.aborted_memtype:u	584	0	0
hle_retired.aborted_memtype:u	585	0	0
hle_retired.aborted_memtype:u	586	0	0
hle_retired.aborted_memtype:u	587	0	0
hle_retired.aborted_memtype:u	588	0	0
hle_retired.aborted_memtype:u	589	0	0
hle_retired.aborted_memtype:u	590	0	0
hle_retired.aborted_memtype:u	591	0	0
hle_retired.aborted_memtype:u	592	0	0
hle_retired.aborted_memtype:u	593	0	0
hle_retired.aborted_memtype:u	594	0	0
hle_retired.aborted_memtype:u	595	0	0
hle_retired.aborted_memtype:u	596	0	0
hle_retired.aborted_memtype:u	597	0	0
hle_retired.aborted_memtype:u	598	0	0
hle_retired.aborted_memtype:u	599	0	0
hle_retired.aborted_memtype:u	600	0	0
hle_retired.aborted_memtype:u	601	0	0
hle_retired.aborted_memtype:u	602	0	0
hle_retired.aborted_memtype:u	603	0	0
hle_retired.aborted_memtype:u	604	0	0
hle_retired.aborted_memtype:u	605	0	0
hle_retired.aborted_memtype:u	606	0	0
hle_retired.aborted_memtype:u	607	0	0
hle_retired.aborted_memtype:u	608	0	0
hle_retired.aborted_memtype:u	609	0	0
hle_retired.aborted_memtype:u	610	0	0
hle_retired.aborted_memtype:u	611	0	0
hle_retired.aborted_memtype:u	612	0	0
hle_retired.aborted_memtype:u	613	0	0
hle_retired.aborted_memtype:u	614	0	0
hle_retired.aborted_memtype:u	615	0	0
hle_retired.aborted_memtype:u	616	0	0
hle_retired.aborted_memtype:u	617	0	0
hle_retired.aborted_memtype:u	618	0	0
hle_retired.aborted_memtype:u	619	0	0
hle_retired.aborted_memtype:u	620	0	0
hle_retired.aborted_memtype:u	621	0	0
hle_retired.aborted_memtype:u	622	0	0
hle_retired.aborted_memtype:u	623	0	0
hle_retired.aborted_memtype:u	624	0	0
hle_retired.aborted_memtype:u	625	0	0
hle_retired.aborted_memtype:u	626	0	0
hle_retired.aborted_memtype:u	627	0	0
hle_retired.aborted_memtype:u	628	0	0
hle_retired.aborted_memtype:u	629	0	0
hle_retired.aborted_memtype:u	630	0	0
hle_retired.aborted_memtype:u	631	0	0
hle_retired.aborted_memtype:u	632	0	0
hle_retired.aborted_memtype:u	633	0	0
hle_retired.aborted_memtype:u	634	0	0
hle_retired.aborted_memtype:u	635	0	0
hle_retired.aborted_memtype:u	636	0	0
hle_retired.aborted_memtype:u	637	0	0
hle_retired.aborted_memtype:u	638	0	0
hle_retired.aborted_memtype:u	639	0	0
hle_retired.aborted_memtype:u	640	0	0
hle_retired.aborted_memtype:u	641	0	0
hle_retired.aborted_memtype:u	642	0	0
hle_retired.aborted_memtype:u	643	0	0
hle_retired.aborted_memtype:u	644	0	0
hle_retired.aborted_memtype:u	645	0	0
hle_retired.aborted_memtype:u	646	0	0
hle_retired.aborted_memtype:u	647	0	0
hle_retired.aborted_memtype:u	648	0	0
hle_retired.aborted_memtype:u	649	0	0
hle_retired.aborted_memtype:u	650	0	0
hle_retired.aborted_memtype:u	651	0	0
hle_retired.aborted_memtype:u	652	0	0
hle_retired.aborted_memtype:u	653	0	0
hle_retired.aborted_memtype:u	654	0	0
hle_retired.aborted_memtype:u	655	0	0
hle_retired.aborted_memtype:u	656	0	0
hle_retired.aborted_memtype:u	657	0	0
hle_retired.aborted_memtype:u	658	0	0
hle_retired.aborted_memtype:u	659	0	0
hle_retired.aborted_memtype:u	660	0	0
hle_retired.aborted_memtype:u	661	0	0
hle_retired.aborted_memtype:u	662	0	0
hle_retired.aborted_memtype:u	663	0	0
hle_retired.aborted_memtype:u	664	0	0
hle_retired.aborted_memtype:u	665	0	0
hle_retired.aborted_memtype:u	666	0	0
hle_retired.aborted_memtype:u	667	0	0
hle_retired.aborted_memtype:u	668	0	0
hle_retired.aborted_memtype:u	669	0	0
hle_retired.aborted_memtype:u	670	0	0
hle_retired.aborted_memtype:u	671	0	0
hle_retired.aborted_memtype:u	672	0	0
hle_retired.aborted_memtype:u	673	0	0
hle_retired.aborted_memtype:u	674	0	0
hle_retired.aborted_memtype:u	675	0	0
hle_retired.aborted_memtype:u	676	0	0
hle_retired.aborted_memtype:u	677	0	0
hle_retired.aborted_memtype:u	678	0	0
hle_retired.aborted_memtype:u	679	0	0
hle_retired.aborted_memtype:u	680	0	0
hle_retired.aborted_memtype:u	681	0	0
hle_retired.aborted_memtype:u	682	0	0
hle_retired.aborted_memtype:u	683	0	0
hle_retired.aborted_memtype:u	684	0	0
hle_retired.aborted_memtype:u	685	0	0
hle_retired.aborted_memtype:u	686	0	0
hle_retired.aborted_memtype:u	687	0	0
hle_retired.aborted_memtype:u	688	0	0
hle_retired.aborted_memtype:u	689	0	0
hle_retired.aborted_memtype:u	690	0	0
hle_retired.aborted_memtype:u	691	0	0
hle_retired.aborted_memtype:u	692	0	0
hle_retired.aborted_memtype:u	693	0	0
hle_retired.aborted_memtype:u	694	0	0
hle_retired.aborted_memtype:u	695	0	0
hle_retired.aborted_memtype:u	696	0	0
hle_retired.aborted_memtype:u	697	0	0
hle_retired.aborted_memtype:u	698	0	0
hle_retired.aborted_memtype:u	699	0	0
hle_retired.aborted_memtype:u	700	0	0
hle_retired.aborted_memtype:u	701	0	0
hle_retired.aborted_memtype:u	702	0	0
hle_retired.aborted_memtype:u	703	0	0
hle_retired.aborted_memtype:u	704	0	0
hle_retired.aborted_memtype:u	705	0	0
hle_retired.aborted_memtype:u	706	0	0
hle_retired.aborted_memtype:u	707	0	0
hle_retired.aborted_memtype:u	708	0	0
hle_retired.aborted_memtype:u	709	0	0
hle_retired.aborted_memtype:u	710	0	0
hle_retired.aborted_memtype:u	711	0	0
hle_retired.aborted_memtype:u	712	0	0
hle_retired.aborted_memtype:u	713	0	0
hle_retired.aborted_memtype:u	714	0	0
hle_retired.aborted_memtype:u	715	0	0
hle_retired.aborted_memtype:u	716	0	0
hle_retired.aborted_memtype:u	717	0	0
hle_retired.aborted_memtype:u	718	0	0
hle_retired.aborted_memtype:u	719	0	0
hle_retired.aborted_memtype:u	720	0	0
hle_retired.aborted_memtype:u	721	0	0
hle_retired.aborted_memtype:u	722	0	0
hle_retired.aborted_memtype:u	723	0	0
hle_retired.aborted_memtype:u	724	0	0
hle_retired.aborted_memtype:u	725	0	0
hle_retired.aborted_memtype:u	726	0	0
hle_retired.aborted_memtype:u	727	0	0
hle_retired.aborted_memtype:u	728	0	0
hle_retired.aborted_memtype:u	729	0	0
hle_retired.aborted_memtype:u	730	0	0
hle_retired.aborted_memtype:u	731	0	0
hle_retired.aborted_memtype:u	732	0	0
hle_retired.aborted_memtype:u	733	0	0
hle_retired.aborted_memtype:u	734	0	0
hle_retired.aborted_memtype:u	735	0	0
hle_retired.aborted_memtype:u	736	0	0
hle_retired.aborted_memtype:u	737	0	0
hle_retired.aborted_memtype:u	738	0	0
hle_retired.aborted_memtype:u	739	0	0
hle_retired.aborted_memtype:u	740	0	0
hle_retired.aborted_memtype:u	741	0	0
hle_retired.aborted_memtype:u	742	0	0
hle_retired.aborted_memtype:u	743	0	0
hle_retired.aborted_memtype:u	744	0	0
hle_retired.aborted_memtype:u	745	0	0
hle_retired.aborted_memtype:u	746	0	0
hle_retired.aborted_memtype:u	747	0	0
hle_retired.aborted_memtype:u	748	0	0
hle_retired.aborted_memtype:u	749	0	0
hle_retired.aborted_memtype:u	750	0	0
hle_retired.aborted_memtype:u	751	0	0
hle_retired.aborted_memtype:u	752	0	0
hle_retired.aborted_memtype:u	753	0	0
hle_retired.aborted_memtype:u	754	0	0
hle_retired.aborted_memtype:u	755	0	0
hle_retired.aborted_memtype:u	756	0	0
hle_retired.aborted_memtype:u	757	0	0
hle_retired.aborted_memtype:u	758	0	0
hle_retired.aborted_memtype:u	759	0	0
hle_retired.aborted_memtype:u	760	0	0
hle_retired.aborted_memtype:u	761	0	0
hle_retired.aborted_memtype:u	762	0	0
hle_retired.aborted_memtype:u	763	0	0
hle_retired.aborted_memtype:u	764	0	0
hle_retired.aborted_memtype:u	765	0	0
hle_retired.aborted_memtype:u	766	0	0
hle_retired.aborted_memtype:u	767	0	0
hle_retired.aborted_memtype:u	768	0	0
hle_retired.aborted_memtype:u	769	0	0
hle_retired.aborted_memtype:u	770	0	0
hle_retired.aborted_memtype:u	771	0	0
hle_retired.aborted_memtype:u	772	0	0
hle_retired.aborted_memtype:u	773	0	0
hle_retired.aborted_memtype:u	774	0	0
hle_retired.aborted_memtype:u	775	0	0
hle_retired.aborted_memtype:u	776	0	0
hle_retired.aborted_memtype:u	777	0	0
hle_retired.aborted_memtype:u	778	0	0
hle_retired.aborted_memtype:u	779	0	0
hle_retired.aborted_memtype:u	780	0	0
hle_retired.aborted_memtype:u	781	0	0
hle_retired.aborted_memtype:u	782	0	0
hle_retired.aborted_memtype:u	783	0	0
hle_retired.aborted_memtype:u	784	0	0
hle_retired.aborted_memtype:u	785	0	0
hle_retired.aborted_memtype:u	786	0	0
hle_retired.aborted_memtype:u	787	0	0
hle_retired.aborted_memtype:u	788	0	0
hle_retired.aborted_memtype:u	789	0	0
hle_retired.aborted_memtype:u	790	0	0
hle_retired.aborted_memtype:u	791	0	0
hle_retired.aborted_memtype:u	792	0	0
hle_retired.aborted_memtype:u	793	0	0
hle_retired.aborted_memtype:u	794	0	0
hle_retired.aborted_memtype:u	795	0	0
hle_retired.aborted_memtype:u	796	0	0
hle_retired.aborted_memtype:u	797	0	0
hle_retired.aborted_memtype:u	798	0	0
hle_retired.aborted_memtype:u	799	0	0
hle_retired.aborted_memtype:u	800	0	0
hle_retired.aborted_memtype:u	801	0	0
hle_retired.aborted_memtype:u	802	0	0
hle_retired.aborted_memtype:u	803	0	0
hle_retired.aborted_memtype:u	804	0	0
hle_retired.aborted_memtype:u	805	0	0
hle_retired.aborted_memtype:u	806	0	0
hle_retired.aborted_memtype:u	807	0	0
hle_retired.aborted_memtype:u	808	0	0
hle_retired.aborted_memtype:u	809	0	0
hle_retired.aborted_memtype:u	810	0	0
hle_retired.aborted_memtype:u	811	0	0
hle_retired.aborted_memtype:u	812	0	0
hle_retired.aborted_memtype:u	813	0	0
hle_retired.aborted_memtype:u	814	0	0
hle_retired.aborted_memtype:u	815	0	0
hle_retired.aborted_memtype:u	816	0	0
hle_retired.aborted_memtype:u	817	0	0
hle_retired.aborted_memtype:u	818	0	0
hle_retired.aborted_memtype:u	819	0	0
hle_retired.aborted_memtype:u	820	0	0
hle_retired.aborted_memtype:u	821	0	0
hle_retired.aborted_memtype:u	822	0	0
hle_retired.aborted_memtype:u	823	0	0
hle_retired.aborted_memtype:u	824	0	0
hle_retired.aborted_memtype:u	825	0	0
hle_retired.aborted_memtype:u	826	0	0
hle_retired.aborted_memtype:u	827	0	0
hle_retired.aborted_memtype:u	828	0	0
hle_retired.aborted_memtype:u	829	0	0
hle_retired.aborted_memtype:u	830	0	0
hle_retired.aborted_memtype:u	831	0	0
hle_retired.aborted_memtype:u	832	0	0
hle_retired.aborted_memtype:u	833	0	0
hle_retired.aborted_memtype:u	834	0	0
hle_retired.aborted_memtype:u	835	0	0
hle_retired.aborted_memtype:u	836	0	0
hle_retired.aborted_memtype:u	837	0	0
hle_retired.aborted_memtype:u	838	0	0
hle_retired.aborted_memtype:u	839	0	0
hle_retired.aborted_memtype:u	840	0	0
hle_retired.aborted_memtype:u	841	0	0
hle_retired.aborted_memtype:u	842	0	0
hle_retired.aborted_memtype:u	843	0	0
hle_retired.aborted_memtype:u	844	0	0
hle_retired.aborted_memtype:u	845	0	0
hle_retired.aborted_memtype:u	846	0	0
hle_retired.aborted_memtype:u	847	0	0
hle_retired.aborted_memtype:u	848	0	0
hle_retired.aborted_memtype:u	849	0	0
hle_retired.aborted_memtype:u	850	0	0
hle_retired.aborted_memtype:u	851	0	0
hle_retired.aborted_memtype:u	852	0	0
hle_retired.aborted_memtype:u	853	0	0
hle_retired.aborted_memtype:u	854	0	0
hle_retired.aborted_memtype:u	855	0	0
hle_retired.aborted_memtype:u	856	0	0
hle_retired.aborted_memtype:u	857	0	0
hle_retired.aborted_memtype:u	858	0	0
hle_retired.aborted_memtype:u	859	0	0
hle_retired.aborted_memtype:u	860	0	0
hle_retired.aborted_memtype:u	861	0	0
hle_retired.aborted_memtype:u	862	0	0
hle_retired.aborted_memtype:u	863	0	0
hle_retired.aborted_memtype:u	864	0	0
hle_retired.aborted_memtype:u	865	0	0
hle_retired.aborted_memtype:u	866	0	0
hle_retired.aborted_memtype:u	867	0	0
hle_retired.aborted_memtype:u	868	0	0
hle_retired.aborted_memtype:u	869	0	0
hle_retired.aborted_memtype:u	870	0	0
hle_retired.aborted_memtype:u	871	0	0
hle_retired.aborted_memtype:u	872	0	0
hle_retired.aborted_memtype:u	873	0	0
hle_retired.aborted_memtype:u	874	0	0
hle_retired.aborted_memtype:u	875	0	0
hle_retired.aborted_memtype:u	876	0	0
hle_retired.aborted_memtype:u	877	0	0
hle_retired.aborted_memtype:u	878	0	0
hle_retired.aborted_memtype:u	879	0	0
hle_retired.aborted_memtype:u	880	0	0
hle_retired.aborted_memtype:u	881	0	0
hle_retired.aborted_memtype:u	882	0	0
hle_retired.aborted_memtype:u	883	0	0
hle_retired.aborted_memtype:u	884	0	0
hle_retired.aborted_memtype:u	885	0	0
hle_retired.aborted_memtype:u	886	0	0
hle_retired.aborted_memtype:u	887	0	0
hle_retired.aborted_memtype:u	888	0	0
hle_retired.aborted_memtype:u	889	0	0
hle_retired.aborted_memtype:u	890	0	0
hle_retired.aborted_memtype:u	891	0	0
hle_retired.aborted_memtype:u	892	0	0
hle_retired.aborted_memtype:u	893	0	0
hle_retired.aborted_memtype:u	894	0	0
hle_retired.aborted_memtype:u	895	0	0
hle_retired.aborted_memtype:u	896	0	0
hle_retired.aborted_memtype:u	897	0	0
hle_retired.aborted_memtype:u	898	0	0
hle_retired.aborted_memtype:u	899	0	0
hle_retired.aborted_memtype:u	900	0	0
hle_retired.aborted_memtype:u	901	0	0
hle_retired.aborted_memtype:u	902	0	0
hle_retired.aborted_memtype:u	903	0	0
hle_retired.aborted_memtype:u	904	0	0
hle_retired.aborted_memtype:u	905	0	0
hle_retired.aborted_memtype:u	906	0	0
hle_retired.aborted_memtype:u	907	0	0
hle_retired.aborted_memtype:u	908	0	0
hle_retired.aborted_memtype:u	909	0	0
hle_retired.aborted_memtype:u	910	0	0
hle_retired.aborted_memtype:u	911	0	0
hle_retired.aborted_memtype:u	912	0	0
hle_retired.aborted_memtype:u	913	0	0
hle_retired.aborted_memtype:u	914	0	0
hle_retired.aborted_memtype:u	915	0	0
hle_retired.aborted_memtype:u	916	0	0
hle_retired.aborted_memtype:u	917	0	0
hle_retired.aborted_memtype:u	918	0	0
hle_retired.aborted_memtype:u	919	0	0
hle_retired.aborted_memtype:u	920	0	0
hle_retired.aborted_memtype:u	921	0	0
hle_retired.aborted_memtype:u	922	0	0
hle_retired.aborted_memtype:u	923	0	0
hle_retired.aborted_memtype:u	924	0	0
hle_retired.aborted_memtype:u	925	0	0
hle_retired.aborted_memtype:u	926	0	0
hle_retired.aborted_memtype:u	927	0	0
hle_retired.aborted_memtype:u	928	0	0
hle_retired.aborted_memtype:u	929	0	0
hle_retired.aborted_memtype:u	930	0	0
hle_retired.aborted_memtype:u	931	0	0
hle_retired.aborted_memtype:u	932	0	0
hle_retired.aborted_memtype:u	933	0	0
hle_retired.aborted_memtype:u	934	0	0
hle_retired.aborted_memtype:u	935	0	0
hle_retired.aborted_memtype:u	936	0	0
hle_retired.aborted_memtype:u	937	0	0
hle_retired.aborted_memtype:u	938	0	0
hle_retired.aborted_memtype:u	939	0	0
hle_retired.aborted_memtype:u	940	0	0
hle_retired.aborted_memtype:u	941	0	0
hle_retired.aborted_memtype:u	942	0	0
hle_retired.aborted_memtype:u	943	0	0
hle_retired.aborted_memtype:u	944	0	0
hle_retired.aborted_memtype:u	945	0	0
hle_retired.aborted_memtype:u	946	0	0
hle_retired.aborted_memtype:u	947	0	0
hle_retired.aborted_memtype:u	948	0	0
hle_retired.aborted_memtype:u	949	0	0
hle_retired.aborted_memtype:u	950	0	0
hle_retired.aborted_memtype:u	951	0	0
hle_retired.aborted_memtype:u	952	0	0
hle_retired.aborted_memtype:u	953	0	0
hle_retired.aborted_memtype:u	954	0	0
hle_retired.aborted_memtype:u	955	0	0
hle_retired.aborted_memtype:u	956	0	0
hle_retired.aborted_memtype:u	957	0	0
hle_retired.aborted_memtype:u	958	0	0
hle_retired.aborted_memtype:u	959	0	0
hle_retired.aborted_memtype:u	960	0	0
hle_retired.aborted_memtype:u	961	0	0
hle_retired.aborted_memtype:u	962	0	0
hle_retired.aborted_memtype:u	963	0	0
hle_retired.aborted_memtype:u	964	0	0
hle_retired.aborted_memtype:u	965	0	0
hle_retired.aborted_memtype:u	966	0	0
hle_retired.aborted_memtype:u	967	0	0
hle_retired.aborted_memtype:u	968	0	0
hle_retired.aborted_memtype:u	969	0	0
hle_retired.aborted_memtype:u	970	0	0
hle_retired.aborted_memtype:u	971	0	0
hle_retired.aborted_memtype:u	972	0	0
hle_retired.aborted_memtype:u	973	0	0
hle_retired.aborted_memtype:u	974	0	0
hle_retired.aborted_memtype:u	975	0	0
hle_retired.aborted_memtype:u	976	0	0
hle_retired.aborted_memtype:u	977	0	0
hle_retired.aborted_memtype:u	978	0	0
hle_retired.aborted_memtype:u	979	0	0
hle_retired.aborted_memtype:u	980	0	0
hle_retired.aborted_memtype:u	981	0	0
hle_retired.aborted_memtype:u	982	0	0
hle_retired.aborted_memtype:u	983	0	0
hle_retired.aborted_memtype:u	984	0	0
hle_retired.aborted_memtype:u	985	0	0
hle_retired.aborted_memtype:u	986	0	0
hle_retired.aborted_memtype:u	987	0	0
hle_retired.aborted_memtype:u	988	0	0
hle_retired.aborted_memtype:u	989	0	0
hle_retired.aborted_memtype:u	990	0	0
hle_retired.aborted_memtype:u	991	0	0
hle_retired.aborted_memtype:u	992	0	0
hle_retired.aborted_memtype:u	993	0	0
hle_retired.aborted_memtype:u	994	0	0
hle_retired.aborted_memtype:u	995	0	0
hle_retired.aborted_memtype:u	996	0	0
hle_retired.aborted_memtype:u	997	0	0
hle_retired.aborted_memtype:u	998	0	0
hle_retired.aborted_memtype:u	999	0	0
hle_retired.aborted_memtype:u	1000	0	0
tx_mem.abort_capacity:u	1	0	0
tx_mem.abort_capacity:u	2	0	0
tx_mem.abort_capacity:u	3	0	0
tx_mem.abort_capacity:u	4	0	0
tx_mem.abort_capacity:u	5	0	0
tx_mem.abort_capacity:u	6	0	0
tx_mem.abort_capacity:u	7	0	0
tx_mem.abort_capacity:u	8	0	0
tx_mem.abort_capacity:u	9	0	0
tx_mem.abort_capacity:u	10	0	0
tx_mem.abort_capacity:u	11	0	0
tx_mem.abort_capacity:u	12	0	0
tx_mem.abort_capacity:u	13	0	0
tx_mem.abort_capacity:u	14	0	0
tx_mem.abort_capacity:u	15	0	0
tx_mem.abort_capacity:u	16	0	0
tx_mem.abort_capacity:u	17	0	0
tx_mem.abort_capacity:u	18	0	0
tx_mem.abort_capacity:u	19	0	0
tx_mem.abort_capacity:u	20	0	0
tx_mem.abort_capacity:u	21	0	0
tx_mem.abort_capacity:u	22	0	0
tx_mem.abort_capacity:u	23	0	0
tx_mem.abort_capacity:u	24	0	0
tx_mem.abort_capacity:u	25	0	0
tx_mem.abort_capacity:u	26	0	0
tx_mem.abort_capacity:u	27	0	0
tx_mem.abort_capacity:u	28	0	0
tx_mem.abort_capacity:u	29	0	0
tx_mem.abort_capacity:u	30	0	0
tx_mem.abort_capacity:u	31	0	0
tx_mem.abort_capacity:u	32	0	0
tx_mem.abort_capacity:u	33	0	0
tx_mem.abort_capacity:u	34	0	0
tx_mem.abort_capacity:u	35	0	0
tx_mem.abort_capacity:u	36	0	0
tx_mem.abort_capacity:u	37	0	0
tx_mem.abort_capacity:u	38	0	0
tx_mem.abort_capacity:u	39	0	0
tx_mem.abort_capacity:u	40	0	0
tx_mem.abort_capacity:u	41	0	0
tx_mem.abort_capacity:u	42	0	0
tx_mem.abort_capacity:u	43	0	0
tx_mem.abort_capacity:u	44	0	0
tx_mem.abort_capacity:u	45	0	0
tx_mem.abort_capacity:u	46	0	0
tx_mem.abort_capacity:u	47	0	0
tx_mem.abort_capacity:u	48	0	0
tx_mem.abort_capacity:u	49	0	0
tx_mem.abort_capacity:u	50	0	0
tx_mem.abort_capacity:u	51	0	0
tx_mem.abort_capacity:u	52	0	0
tx_mem.abort_capacity:u	53	0	0
tx_mem.abort_capacity:u	54	0	0
tx_mem.abort_capacity:u	55	0	0
tx_mem.abort_capacity:u	56	0	0
tx_mem.abort_capacity:u	57	0	0
tx_mem.abort_capacity:u	58	0	0
tx_mem.abort_capacity:u	59	0	0
tx_mem.abort_capacity:u	60	0	0
tx_mem.abort_capacity:u	61	0	0
tx_mem.abort_capacity:u	62	0	0
tx_mem.abort_capacity:u	63	0	0
tx_mem.abort_capacity:u	64	0	0
tx_mem.abort_capacity:u	65	0	0
tx_mem.abort_capacity:u	66	0	0
tx_mem.abort_capacity:u	67	0	0
tx_mem.abort_capacity:u	68	0	0
tx_mem.abort_capacity:u	69	0	0
tx_mem.abort_capacity:u	70	0	0
tx_mem.abort_capacity:u	71	0	0
tx_mem.abort_capacity:u	72	0	0
tx_mem.abort_capacity:u	73	0	0
tx_mem.abort_capacity:u	74	0	0
tx_mem.abort_capacity:u	75	0	0
tx_mem.abort_capacity:u	76	0	0
tx_mem.abort_capacity:u	77	0	0
tx_mem.abort_capacity:u	78	0	0
tx_mem.abort_capacity:u	79	0	0
tx_mem.abort_capacity:u	80	0	0
tx_mem.abort_capacity:u	81	0	0
tx_mem.abort_capacity:u	82	0	0
tx_mem.abort_capacity:u	83	0	0
tx_mem.abort_capacity:u	84	0	0
tx_mem.abort_capacity:u	85	0	0
tx_mem.abort_capacity:u	86	0	0
tx_mem.abort_capacity:u	87	0	0
tx_mem.abort_capacity:u	88	0	0
tx_mem.abort_capacity:u	89	0	0
tx_mem.abort_capacity:u	90	0	0
tx_mem.abort_capacity:u	91	0	0
tx_mem.abort_capacity:u	92	0	0
tx_mem.abort_capacity:u	93	0	0
tx_mem.abort_capacity:u	94	0	0
tx_mem.abort_capacity:u	95	0	0
tx_mem.abort_capacity:u	96	0	0
tx_mem.abort_capacity:u	97	0	0
tx_mem.abort_capacity:u	98	0	0
tx_mem.abort_capacity:u	99	0	0
tx_mem.abort_capacity:u	100	0	0
tx_mem.abort_capacity:u	101	0	0
tx_mem.abort_capacity:u	102	0	0
tx_mem.abort_capacity:u	103	0	0
tx_mem.abort_capacity:u	104	0	0
tx_mem.abort_capacity:u	105	0	0
tx_mem.abort_capacity:u	106	0	0
tx_mem.abort_capacity:u	107	0	0
tx_mem.abort_capacity:u	108	0	0
tx_mem.abort_capacity:u	109	0	0
tx_mem.abort_capacity:u	110	0	0
tx_mem.abort_capacity:u	111	0	0
tx_mem.abort_capacity:u	112	0	0
tx_mem.abort_capacity:u	113	0	0
tx_mem.abort_capacity:u	114	0	0
tx_mem.abort_capacity:u	115	0	0
tx_mem.abort_capacity:u	116	0	0
tx_mem.abort_capacity:u	117	0	0
tx_mem.abort_capacity:u	118	0	0
tx_mem.abort_capacity:u	119	0	0
tx_mem.abort_capacity:u	120	0	0
tx_mem.abort_capacity:u	121	0	0
tx_mem.abort_capacity:u	122	0	0
tx_mem.abort_capacity:u	123	0	0
tx_mem.abort_capacity:u	124	0	0
tx_mem.abort_capacity:u	125	0	0
tx_mem.abort_capacity:u	126	0	0
tx_mem.abort_capacity:u	127	0	0
tx_mem.abort_capacity:u	128	0	0
tx_mem.abort_capacity:u	129	0	0
tx_mem.abort_capacity:u	130	0	0
tx_mem.abort_capacity:u	131	0	0
tx_mem.abort_capacity:u	132	0	0
tx_mem.abort_capacity:u	133	0	0
tx_mem.abort_capacity:u	134	0	0
tx_mem.abort_capacity:u	135	0	0
tx_mem.abort_capacity:u	136	0	0
tx_mem.abort_capacity:u	137	0	0
tx_mem.abort_capacity:u	138	0	0
tx_mem.abort_capacity:u	139	0	0
tx_mem.abort_capacity:u	140	0	0
tx_mem.abort_capacity:u	141	0	0
tx_mem.abort_capacity:u	142	0	0
tx_mem.abort_capacity:u	143	0	0
tx_mem.abort_capacity:u	144	0	0
tx_mem.abort_capacity:u	145	0	0
tx_mem.abort_capacity:u	146	0	0
tx_mem.abort_capacity:u	147	0	0
tx_mem.abort_capacity:u	148	0	0
tx_mem.abort_capacity:u	149	0	0
tx_mem.abort_capacity:u	150	0	0
tx_mem.abort_capacity:u	151	0	0
tx_mem.abort_capacity:u	152	0	0
tx_mem.abort_capacity:u	153	0	0
tx_mem.abort_capacity:u	154	0	0
tx_mem.abort_capacity:u	155	0	0
tx_mem.abort_capacity:u	156	0	0
tx_mem.abort_capacity:u	157	0	0
tx_mem.abort_capacity:u	158	0	0
tx_mem.abort_capacity:u	159	0	0
tx_mem.abort_capacity:u	160	0	0
tx_mem.abort_capacity:u	161	0	0
tx_mem.abort_capacity:u	162	0	0
tx_mem.abort_capacity:u	163	0	0
tx_mem.abort_capacity:u	164	0	0
tx_mem.abort_capacity:u	165	0	0
tx_mem.abort_capacity:u	166	0	0
tx_mem.abort_capacity:u	167	0	0
tx_mem.abort_capacity:u	168	0	0
tx_mem.abort_capacity:u	169	0	0
tx_mem.abort_capacity:u	170	0	0
tx_mem.abort_capacity:u	171	0	0
tx_mem.abort_capacity:u	172	0	0
tx_mem.abort_capacity:u	173	0	0
tx_mem.abort_capacity:u	174	0	0
tx_mem.abort_capacity:u	175	0	0
tx_mem.abort_capacity:u	176	0	0
tx_mem.abort_capacity:u	177	0	0
tx_mem.abort_capacity:u	178	0	0
tx_mem.abort_capacity:u	179	0	0
tx_mem.abort_capacity:u	180	0	0
tx_mem.abort_capacity:u	181	0	0
tx_mem.abort_capacity:u	182	0	0
tx_mem.abort_capacity:u	183	0	0
tx_mem.abort_capacity:u	184	0	0
tx_mem.abort_capacity:u	185	0	0
tx_mem.abort_capacity:u	186	0	0
tx_mem.abort_capacity:u	187	0	0
tx_mem.abort_capacity:u	188	0	0
tx_mem.abort_capacity:u	189	0	0
tx_mem.abort_capacity:u	190	0	0
tx_mem.abort_capacity:u	191	0	0
tx_mem.abort_capacity:u	192	0	0
tx_mem.abort_capacity:u	193	0	0
tx_mem.abort_capacity:u	194	0	0
tx_mem.abort_capacity:u	195	0	0
tx_mem.abort_capacity:u	196	0	0
tx_mem.abort_capacity:u	197	0	0
tx_mem.abort_capacity:u	198	0	0
tx_mem.abort_capacity:u	199	0	0
tx_mem.abort_capacity:u	200	0	0
tx_mem.abort_capacity:u	201	0	0
tx_mem.abort_capacity:u	202	0	0
tx_mem.abort_capacity:u	203	0	0
tx_mem.abort_capacity:u	204	0	0
tx_mem.abort_capacity:u	205	0	0
tx_mem.abort_capacity:u	206	0	0
tx_mem.abort_capacity:u	207	0	0
tx_mem.abort_capacity:u	208	0	0
tx_mem.abort_capacity:u	209	0	0
tx_mem.abort_capacity:u	210	0	0
tx_mem.abort_capacity:u	211	0	0
tx_mem.abort_capacity:u	212	0	0
tx_mem.abort_capacity:u	213	0	0
tx_mem.abort_capacity:u	214	0	0
tx_mem.abort_capacity:u	215	0	0
tx_mem.abort_capacity:u	216	0	0
tx_mem.abort_capacity:u	217	0	0
tx_mem.abort_capacity:u	218	0	0
tx_mem.abort_capacity:u	219	0	0
tx_mem.abort_capacity:u	220	0	0
tx_mem.abort_capacity:u	221	0	0
tx_mem.abort_capacity:u	222	0	0
tx_mem.abort_capacity:u	223	0	0
tx_mem.abort_capacity:u	224	0	0
tx_mem.abort_capacity:u	225	0	0
tx_mem.abort_capacity:u	226	0	0
tx_mem.abort_capacity:u	227	0	0
tx_mem.abort_capacity:u	228	0	0
tx_mem.abort_capacity:u	229	0	0
tx_mem.abort_capacity:u	230	0	0
tx_mem.abort_capacity:u	231	0	0
tx_mem.abort_capacity:u	232	0	0
tx_mem.abort_capacity:u	233	0	0
tx_mem.abort_capacity:u	234	0	0
tx_mem.abort_capacity:u	235	0	0
tx_mem.abort_capacity:u	236	0	0
tx_mem.abort_capacity:u	237	0	0
tx_mem.abort_capacity:u	238	0	0
tx_mem.abort_capacity:u	239	0	0
tx_mem.abort_capacity:u	240	0	0
tx_mem.abort_capacity:u	241	0	0
tx_mem.abort_capacity:u	242	0	0
tx_mem.abort_capacity:u	243	0	0
tx_mem.abort_capacity:u	244	0	0
tx_mem.abort_capacity:u	245	0	0
tx_mem.abort_capacity:u	246	0	0
tx_mem.abort_capacity:u	247	0	0
tx_mem.abort_capacity:u	248	0	0
tx_mem.abort_capacity:u	249	0	0
tx_mem.abort_capacity:u	250	0	0
tx_mem.abort_capacity:u	251	0	0
tx_mem.abort_capacity:u	252	0	0
tx_mem.abort_capacity:u	253	0	0
tx_mem.abort_capacity:u	254	0	0
tx_mem.abort_capacity:u	255	0	0
tx_mem.abort_capacity:u	256	0	0
tx_mem.abort_capacity:u	257	0	0
tx_mem.abort_capacity:u	258	0	0
tx_mem.abort_capacity:u	259	0	0
tx_mem.abort_capacity:u	260	0	0
tx_mem.abort_capacity:u	261	0	0
tx_mem.abort_capacity:u	262	0	0
tx_mem.abort_capacity:u	263	0	0
tx_mem.abort_capacity:u	264	0	0
tx_mem.abort_capacity:u	265	0	0
tx_mem.abort_capacity:u	266	0	0
tx_mem.abort_capacity:u	267	0	0
tx_mem.abort_capacity:u	268	0	0
tx_mem.abort_capacity:u	269	0	0
tx_mem.abort_capacity:u	270	0	0
tx_mem.abort_capacity:u	271	0	0
tx_mem.abort_capacity:u	272	0	0
tx_mem.abort_capacity:u	273	0	0
tx_mem.abort_capacity:u	274	0	0
tx_mem.abort_capacity:u	275	0	0
tx_mem.abort_capacity:u	276	0	0
tx_mem.abort_capacity:u	277	0	0
tx_mem.abort_capacity:u	278	0	0
tx_mem.abort_capacity:u	279	0	0
tx_mem.abort_capacity:u	280	0	0
tx_mem.abort_capacity:u	281	0	0
tx_mem.abort_capacity:u	282	0	0
tx_mem.abort_capacity:u	283	0	0
tx_mem.abort_capacity:u	284	0	0
tx_mem.abort_capacity:u	285	0	0
tx_mem.abort_capacity:u	286	0	0
tx_mem.abort_capacity:u	287	0	0
tx_mem.abort_capacity:u	288	0	0
tx_mem.abort_capacity:u	289	0	0
tx_mem.abort_capacity:u	290	0	0
tx_mem.abort_capacity:u	291	0	0
tx_mem.abort_capacity:u	292	0	0
tx_mem.abort_capacity:u	293	0	0
tx_mem.abort_capacity:u	294	0	0
tx_mem.abort_capacity:u	295	0	0
tx_mem.abort_capacity:u	296	0	0
tx_mem.abort_capacity:u	297	0	0
tx_mem.abort_capacity:u	298	0	0
tx_mem.abort_capacity:u	299	0	0
tx_mem.abort_capacity:u	300	0	0
tx_mem.abort_capacity:u	301	0	0
tx_mem.abort_capacity:u	302	0	0
tx_mem.abort_capacity:u	303	0	0
tx_mem.abort_capacity:u	304	0	0
tx_mem.abort_capacity:u	305	0	0
tx_mem.abort_capacity:u	306	0	0
tx_mem.abort_capacity:u	307	0	0
tx_mem.abort_capacity:u	308	0	0
tx_mem.abort_capacity:u	309	0	0
tx_mem.abort_capacity:u	310	0	0
tx_mem.abort_capacity:u	311	0	0
tx_mem.abort_capacity:u	312	0	0
tx_mem.abort_capacity:u	313	0	0
tx_mem.abort_capacity:u	314	0	0
tx_mem.abort_capacity:u	315	0	0
tx_mem.abort_capacity:u	316	0	0
tx_mem.abort_capacity:u	317	0	0
tx_mem.abort_capacity:u	318	0	0
tx_mem.abort_capacity:u	319	0	0
tx_mem.abort_capacity:u	320	0	0
tx_mem.abort_capacity:u	321	0	0
tx_mem.abort_capacity:u	322	0	0
tx_mem.abort_capacity:u	323	0	0
tx_mem.abort_capacity:u	324	0	0
tx_mem.abort_capacity:u	325	0	0
tx_mem.abort_capacity:u	326	0	0
tx_mem.abort_capacity:u	327	0	0
tx_mem.abort_capacity:u	328	0	0
tx_mem.abort_capacity:u	329	0	0
tx_mem.abort_capacity:u	330	0	0
tx_mem.abort_capacity:u	331	0	0
tx_mem.abort_capacity:u	332	0	0
tx_mem.abort_capacity:u	333	0	0
tx_mem.abort_capacity:u	334	0	0
tx_mem.abort_capacity:u	335	0	0
tx_mem.abort_capacity:u	336	0	0
tx_mem.abort_capacity:u	337	0	0
tx_mem.abort_capacity:u	338	0	0
tx_mem.abort_capacity:u	339	0	0
tx_mem.abort_capacity:u	340	0	0
tx_mem.abort_capacity:u	341	0	0
tx_mem.abort_capacity:u	342	0	0
tx_mem.abort_capacity:u	343	0	0
tx_mem.abort_capacity:u	344	0	0
tx_mem.abort_capacity:u	345	0	0
tx_mem.abort_capacity:u	346	0	0
tx_mem.abort_capacity:u	347	0	0
tx_mem.abort_capacity:u	348	0	0
tx_mem.abort_capacity:u	349	0	0
tx_mem.abort_capacity:u	350	0	0
tx_mem.abort_capacity:u	351	0	0
tx_mem.abort_capacity:u	352	0	0
tx_mem.abort_capacity:u	353	0	0
tx_mem.abort_capacity:u	354	0	0
tx_mem.abort_capacity:u	355	0	0
tx_mem.abort_capacity:u	356	0	0
tx_mem.abort_capacity:u	357	0	0
tx_mem.abort_capacity:u	358	0	0
tx_mem.abort_capacity:u	359	0	0
tx_mem.abort_capacity:u	360	0	0
tx_mem.abort_capacity:u	361	0	0
tx_mem.abort_capacity:u	362	0	0
tx_mem.abort_capacity:u	363	0	0
tx_mem.abort_capacity:u	364	0	0
tx_mem.abort_capacity:u	365	0	0
tx_mem.abort_capacity:u	366	0	0
tx_mem.abort_capacity:u	367	0	0
tx_mem.abort_capacity:u	368	0	0
tx_mem.abort_capacity:u	369	0	0
tx_mem.abort_capacity:u	370	0	0
tx_mem.abort_capacity:u	371	0	0
tx_mem.abort_capacity:u	372	0	0
tx_mem.abort_capacity:u	373	0	0
tx_mem.abort_capacity:u	374	0	0
tx_mem.abort_capacity:u	375	0	0
tx_mem.abort_capacity:u	376	0	0
tx_mem.abort_capacity:u	377	0	0
tx_mem.abort_capacity:u	378	0	0
tx_mem.abort_capacity:u	379	0	0
tx_mem.abort_capacity:u	380	0	0
tx_mem.abort_capacity:u	381	0	0
tx_mem.abort_capacity:u	382	0	0
tx_mem.abort_capacity:u	383	0	0
tx_mem.abort_capacity:u	384	0	0
tx_mem.abort_capacity:u	385	0	0
tx_mem.abort_capacity:u	386	0	0
tx_mem.abort_capacity:u	387	0	0
tx_mem.abort_capacity:u	388	0	0
tx_mem.abort_capacity:u	389	0	0
tx_mem.abort_capacity:u	390	0	0
tx_mem.abort_capacity:u	391	0	0
tx_mem.abort_capacity:u	392	0	0
tx_mem.abort_capacity:u	393	0	0
tx_mem.abort_capacity:u	394	0	0
tx_mem.abort_capacity:u	395	0	0
tx_mem.abort_capacity:u	396	0	0
tx_mem.abort_capacity:u	397	0	0
tx_mem.abort_capacity:u	398	0	0
tx_mem.abort_capacity:u	399	0	0
tx_mem.abort_capacity:u	400	0	0
tx_mem.abort_capacity:u	401	0	0
tx_mem.abort_capacity:u	402	0	0
tx_mem.abort_capacity:u	403	0	0
tx_mem.abort_capacity:u	404	0	0
tx_mem.abort_capacity:u	405	0	0
tx_mem.abort_capacity:u	406	0	0
tx_mem.abort_capacity:u	407	0	0
tx_mem.abort_capacity:u	408	0	0
tx_mem.abort_capacity:u	409	0	0
tx_mem.abort_capacity:u	410	0	0
tx_mem.abort_capacity:u	411	0	0
tx_mem.abort_capacity:u	412	0	0
tx_mem.abort_capacity:u	413	0	0
tx_mem.abort_capacity:u	414	0	0
tx_mem.abort_capacity:u	415	0	0
tx_mem.abort_capacity:u	416	0	0
tx_mem.abort_capacity:u	417	0	0
tx_mem.abort_capacity:u	418	0	0
tx_mem.abort_capacity:u	419	0	0
tx_mem.abort_capacity:u	420	0	0
tx_mem.abort_capacity:u	421	0	0
tx_mem.abort_capacity:u	422	0	0
tx_mem.abort_capacity:u	423	0	0
tx_mem.abort_capacity:u	424	0	0
tx_mem.abort_capacity:u	425	0	0
tx_mem.abort_capacity:u	426	0	0
tx_mem.abort_capacity:u	427	0	0
tx_mem.abort_capacity:u	428	0	0
tx_mem.abort_capacity:u	429	0	0
tx_mem.abort_capacity:u	430	0	0
tx_mem.abort_capacity:u	431	0	0
tx_mem.abort_capacity:u	432	0	0
tx_mem.abort_capacity:u	433	0	0
tx_mem.abort_capacity:u	434	0	0
tx_mem.abort_capacity:u	435	0	0
tx_mem.abort_capacity:u	436	0	0
tx_mem.abort_capacity:u	437	0	0
tx_mem.abort_capacity:u	438	0	0
tx_mem.abort_capacity:u	439	0	0
tx_mem.abort_capacity:u	440	0	0
tx_mem.abort_capacity:u	441	0	0
tx_mem.abort_capacity:u	442	0	0
tx_mem.abort_capacity:u	443	0	0
tx_mem.abort_capacity:u	444	0	0
tx_mem.abort_capacity:u	445	0	0
tx_mem.abort_capacity:u	446	0	0
tx_mem.abort_capacity:u	447	0	0
tx_mem.abort_capacity:u	448	0	0
tx_mem.abort_capacity:u	449	0	0
tx_mem.abort_capacity:u	450	0	0
tx_mem.abort_capacity:u	451	0	0
tx_mem.abort_capacity:u	452	0	0
tx_mem.abort_capacity:u	453	0	0
tx_mem.abort_capacity:u	454	0	0
tx_mem.abort_capacity:u	455	0	0
tx_mem.abort_capacity:u	456	0	0
tx_mem.abort_capacity:u	457	0	0
tx_mem.abort_capacity:u	458	0	0
tx_mem.abort_capacity:u	459	0	0
tx_mem.abort_capacity:u	460	0	0
tx_mem.abort_capacity:u	461	0	0
tx_mem.abort_capacity:u	462	0	0
tx_mem.abort_capacity:u	463	0	0
tx_mem.abort_capacity:u	464	0	0
tx_mem.abort_capacity:u	465	0	0
tx_mem.abort_capacity:u	466	0	0
tx_mem.abort_capacity:u	467	0	0
tx_mem.abort_capacity:u	468	0	0
tx_mem.abort_capacity:u	469	0	0
tx_mem.abort_capacity:u	470	0	0
tx_mem.abort_capacity:u	471	0	0
tx_mem.abort_capacity:u	472	0	0
tx_mem.abort_capacity:u	473	0	0
tx_mem.abort_capacity:u	474	0	0
tx_mem.abort_capacity:u	475	0	0
tx_mem.abort_capacity:u	476	0	0
tx_mem.abort_capacity:u	477	0	0
tx_mem.abort_capacity:u	478	0	0
tx_mem.abort_capacity:u	479	0	0
tx_mem.abort_capacity:u	480	0	0
tx_mem.abort_capacity:u	481	0	0
tx_mem.abort_capacity:u	482	0	0
tx_mem.abort_capacity:u	483	0	0
tx_mem.abort_capacity:u	484	0	0
tx_mem.abort_capacity:u	485	0	0
tx_mem.abort_capacity:u	486	0	0
tx_mem.abort_capacity:u	487	0	0
tx_mem.abort_capacity:u	488	0	0
tx_mem.abort_capacity:u	489	0	0
tx_mem.abort_capacity:u	490	0	0
tx_mem.abort_capacity:u	491	0	0
tx_mem.abort_capacity:u	492	0	0
tx_mem.abort_capacity:u	493	0	0
tx_mem.abort_capacity:u	494	0	0
tx_mem.abort_capacity:u	495	0	0
tx_mem.abort_capacity:u	496	0	0
tx_mem.abort_capacity:u	497	0	0
tx_mem.abort_capacity:u	498	0	0
tx_mem.abort_capacity:u	499	0	0
tx_mem.abort_capacity:u	500	0	0
tx_mem.abort_capacity:u	501	0	0
tx_mem.abort_capacity:u	502	0	0
tx_mem.abort_capacity:u	503	0	0
tx_mem.abort_capacity:u	504	0	0
tx_mem.abort_capacity:u	505	0	0
tx_mem.abort_capacity:u	506	0	0
tx_mem.abort_capacity:u	507	0	0
tx_mem.abort_capacity:u	508	0	0
tx_mem.abort_capacity:u	509	0	0
tx_mem.abort_capacity:u	510	0	0
tx_mem.abort_capacity:u	511	0	0
tx_mem.abort_capacity:u	512	0	0
tx_mem.abort_capacity:u	513	0	0
tx_mem.abort_capacity:u	514	0	0
tx_mem.abort_capacity:u	515	0	0
tx_mem.abort_capacity:u	516	0	0
tx_mem.abort_capacity:u	517	0	0
tx_mem.abort_capacity:u	518	0	0
tx_mem.abort_capacity:u	519	0	0
tx_mem.abort_capacity:u	520	0	0
tx_mem.abort_capacity:u	521	0	0
tx_mem.abort_capacity:u	522	0	0
tx_mem.abort_capacity:u	523	0	0
tx_mem.abort_capacity:u	524	0	0
tx_mem.abort_capacity:u	525	0	0
tx_mem.abort_capacity:u	526	0	0
tx_mem.abort_capacity:u	527	0	0
tx_mem.abort_capacity:u	528	0	0
tx_mem.abort_capacity:u	529	0	0
tx_mem.abort_capacity:u	530	0	0
tx_mem.abort_capacity:u	531	0	0
tx_mem.abort_capacity:u	532	0	0
tx_mem.abort_capacity:u	533	0	0
tx_mem.abort_capacity:u	534	0	0
tx_mem.abort_capacity:u	535	0	0
tx_mem.abort_capacity:u	536	0	0
tx_mem.abort_capacity:u	537	0	0
tx_mem.abort_capacity:u	538	0	0
tx_mem.abort_capacity:u	539	0	0
tx_mem.abort_capacity:u	540	0	0
tx_mem.abort_capacity:u	541	0	0
tx_mem.abort_capacity:u	542	0	0
tx_mem.abort_capacity:u	543	0	0
tx_mem.abort_capacity:u	544	0	0
tx_mem.abort_capacity:u	545	0	0
tx_mem.abort_capacity:u	546	0	0
tx_mem.abort_capacity:u	547	0	0
tx_mem.abort_capacity:u	548	0	0
tx_mem.abort_capacity:u	549	0	0
tx_mem.abort_capacity:u	550	0	0
tx_mem.abort_capacity:u	551	0	0
tx_mem.abort_capacity:u	552	0	0
tx_mem.abort_capacity:u	553	0	0
tx_mem.abort_capacity:u	554	0	0
tx_mem.abort_capacity:u	555	0	0
tx_mem.abort_capacity:u	556	0	0
tx_mem.abort_capacity:u	557	0	0
tx_mem.abort_capacity:u	558	0	0
tx_mem.abort_capacity:u	559	0	0
tx_mem.abort_capacity:u	560	0	0
tx_mem.abort_capacity:u	561	0	0
tx_mem.abort_capacity:u	562	0	0
tx_mem.abort_capacity:u	563	0	0
tx_mem.abort_capacity:u	564	0	0
tx_mem.abort_capacity:u	565	0	0
tx_mem.abort_capacity:u	566	0	0
tx_mem.abort_capacity:u	567	0	0
tx_mem.abort_capacity:u	568	0	0
tx_mem.abort_capacity:u	569	0	0
tx_mem.abort_capacity:u	570	0	0
tx_mem.abort_capacity:u	571	0	0
tx_mem.abort_capacity:u	572	0	0
tx_mem.abort_capacity:u	573	0	0
tx_mem.abort_capacity:u	574	0	0
tx_mem.abort_capacity:u	575	0	0
tx_mem.abort_capacity:u	576	0	0
tx_mem.abort_capacity:u	577	0	0
tx_mem.abort_capacity:u	578	0	0
tx_mem.abort_capacity:u	579	0	0
tx_mem.abort_capacity:u	580	0	0
tx_mem.abort_capacity:u	581	0	0
tx_mem.abort_capacity:u	582	0	0
tx_mem.abort_capacity:u	583	0	0
tx_mem.abort_capacity:u	584	0	0
tx_mem.abort_capacity:u	585	0	0
tx_mem.abort_capacity:u	586	0	0
tx_mem.abort_capacity:u	587	0	0
tx_mem.abort_capacity:u	588	0	0
tx_mem.abort_capacity:u	589	0	0
tx_mem.abort_capacity:u	590	0	0
tx_mem.abort_capacity:u	591	0	0
tx_mem.abort_capacity:u	592	0	0
tx_mem.abort_capacity:u	593	0	0
tx_mem.abort_capacity:u	594	0	0
tx_mem.abort_capacity:u	595	0	0
tx_mem.abort_capacity:u	596	0	0
tx_mem.abort_capacity:u	597	0	0
tx_mem.abort_capacity:u	598	0	0
tx_mem.abort_capacity:u	599	0	0
tx_mem.abort_capacity:u	600	0	0
tx_mem.abort_capacity:u	601	0	0
tx_mem.abort_capacity:u	602	0	0
tx_mem.abort_capacity:u	603	0	0
tx_mem.abort_capacity:u	604	0	0
tx_mem.abort_capacity:u	605	0	0
tx_mem.abort_capacity:u	606	0	0
tx_mem.abort_capacity:u	607	0	0
tx_mem.abort_capacity:u	608	0	0
tx_mem.abort_capacity:u	609	0	0
tx_mem.abort_capacity:u	610	0	0
tx_mem.abort_capacity:u	611	0	0
tx_mem.abort_capacity:u	612	0	0
tx_mem.abort_capacity:u	613	0	0
tx_mem.abort_capacity:u	614	0	0
tx_mem.abort_capacity:u	615	0	0
tx_mem.abort_capacity:u	616	0	0
tx_mem.abort_capacity:u	617	0	0
tx_mem.abort_capacity:u	618	0	0
tx_mem.abort_capacity:u	619	0	0
tx_mem.abort_capacity:u	620	0	0
tx_mem.abort_capacity:u	621	0	0
tx_mem.abort_capacity:u	622	0	0
tx_mem.abort_capacity:u	623	0	0
tx_mem.abort_capacity:u	624	0	0
tx_mem.abort_capacity:u	625	0	0
tx_mem.abort_capacity:u	626	0	0
tx_mem.abort_capacity:u	627	0	0
tx_mem.abort_capacity:u	628	0	0
tx_mem.abort_capacity:u	629	0	0
tx_mem.abort_capacity:u	630	0	0
tx_mem.abort_capacity:u	631	0	0
tx_mem.abort_capacity:u	632	0	0
tx_mem.abort_capacity:u	633	0	0
tx_mem.abort_capacity:u	634	0	0
tx_mem.abort_capacity:u	635	0	0
tx_mem.abort_capacity:u	636	0	0
tx_mem.abort_capacity:u	637	0	0
tx_mem.abort_capacity:u	638	0	0
tx_mem.abort_capacity:u	639	0	0
tx_mem.abort_capacity:u	640	0	0
tx_mem.abort_capacity:u	641	0	0
tx_mem.abort_capacity:u	642	0	0
tx_mem.abort_capacity:u	643	0	0
tx_mem.abort_capacity:u	644	0	0
tx_mem.abort_capacity:u	645	0	0
tx_mem.abort_capacity:u	646	0	0
tx_mem.abort_capacity:u	647	0	0
tx_mem.abort_capacity:u	648	0	0
tx_mem.abort_capacity:u	649	0	0
tx_mem.abort_capacity:u	650	0	0
tx_mem.abort_capacity:u	651	0	0
tx_mem.abort_capacity:u	652	0	0
tx_mem.abort_capacity:u	653	0	0
tx_mem.abort_capacity:u	654	0	0
tx_mem.abort_capacity:u	655	0	0
tx_mem.abort_capacity:u	656	0	0
tx_mem.abort_capacity:u	657	0	0
tx_mem.abort_capacity:u	658	0	0
tx_mem.abort_capacity:u	659	0	0
tx_mem.abort_capacity:u	660	0	0
tx_mem.abort_capacity:u	661	0	0
tx_mem.abort_capacity:u	662	0	0
tx_mem.abort_capacity:u	663	0	0
tx_mem.abort_capacity:u	664	0	0
tx_mem.abort_capacity:u	665	0	0
tx_mem.abort_capacity:u	666	0	0
tx_mem.abort_capacity:u	667	0	0
tx_mem.abort_capacity:u	668	0	0
tx_mem.abort_capacity:u	669	0	0
tx_mem.abort_capacity:u	670	0	0
tx_mem.abort_capacity:u	671	0	0
tx_mem.abort_capacity:u	672	0	0
tx_mem.abort_capacity:u	673	0	0
tx_mem.abort_capacity:u	674	0	0
tx_mem.abort_capacity:u	675	0	0
tx_mem.abort_capacity:u	676	0	0
tx_mem.abort_capacity:u	677	0	0
tx_mem.abort_capacity:u	678	0	0
tx_mem.abort_capacity:u	679	0	0
tx_mem.abort_capacity:u	680	0	0
tx_mem.abort_capacity:u	681	0	0
tx_mem.abort_capacity:u	682	0	0
tx_mem.abort_capacity:u	683	0	0
