event	round	count	exit
bus-cycles:u	1	76893714	0
bus-cycles:u	2	76668203	0
tx-abort:u	1	0	0
tx-abort:u	2	0	0
tx-abort:u	3	0	0
tx-abort:u	4	0	0
tx-abort:u	5	0	0
tx-abort:u	6	0	0
tx-abort:u	7	0	0
tx-abort:u	8	0	0
tx-abort:u	9	0	0
tx-abort:u	10	0	0
tx-abort:u	11	0	0
tx-abort:u	12	0	0
tx-abort:u	13	0	0
tx-abort:u	14	0	0
tx-abort:u	15	0	0
tx-abort:u	16	0	0
tx-abort:u	17	0	0
tx-abort:u	18	0	0
tx-abort:u	19	0	0
tx-abort:u	20	0	0
tx-abort:u	21	0	0
tx-abort:u	22	0	0
tx-abort:u	23	0	0
tx-abort:u	24	0	0
tx-abort:u	25	0	0
tx-abort:u	26	0	0
tx-abort:u	27	0	0
tx-abort:u	28	0	0
tx-abort:u	29	0	0
tx-abort:u	30	0	0
tx-abort:u	31	0	0
tx-abort:u	32	0	0
tx-abort:u	33	0	0
tx-abort:u	34	0	0
tx-abort:u	35	0	0
tx-abort:u	36	0	0
tx-abort:u	37	0	0
tx-abort:u	38	0	0
tx-abort:u	39	0	0
tx-abort:u	40	0	0
tx-abort:u	41	0	0
tx-abort:u	42	0	0
tx-abort:u	43	0	0
tx-abort:u	44	0	0
tx-abort:u	45	0	0
tx-abort:u	46	0	0
tx-abort:u	47	0	0
tx-abort:u	48	0	0
tx-abort:u	49	0	0
tx-abort:u	50	0	0
tx-abort:u	51	0	0
tx-abort:u	52	0	0
tx-abort:u	53	0	0
tx-abort:u	54	0	0
tx-abort:u	55	0	0
tx-abort:u	56	0	0
tx-abort:u	57	0	0
tx-abort:u	58	0	0
tx-abort:u	59	0	0
tx-abort:u	60	0	0
tx-abort:u	61	0	0
tx-abort:u	62	0	0
tx-abort:u	63	0	0
tx-abort:u	64	0	0
tx-abort:u	65	0	0
tx-abort:u	66	0	0
tx-abort:u	67	0	0
tx-abort:u	68	0	0
tx-abort:u	69	0	0
tx-abort:u	70	0	0
tx-abort:u	71	0	0
tx-abort:u	72	0	0
tx-abort:u	73	0	0
tx-abort:u	74	0	0
tx-abort:u	75	0	0
tx-abort:u	76	0	0
tx-abort:u	77	0	0
tx-abort:u	78	0	0
tx-abort:u	79	0	0
tx-abort:u	80	0	0
tx-abort:u	81	0	0
tx-abort:u	82	0	0
tx-abort:u	83	0	0
tx-abort:u	84	0	0
tx-abort:u	85	0	0
tx-abort:u	86	0	0
tx-abort:u	87	0	0
tx-abort:u	88	0	0
tx-abort:u	89	0	0
tx-abort:u	90	0	0
tx-abort:u	91	0	0
tx-abort:u	92	0	0
tx-abort:u	93	0	0
tx-abort:u	94	0	0
tx-abort:u	95	0	0
tx-abort:u	96	0	0
tx-abort:u	97	0	0
tx-abort:u	98	0	0
tx-abort:u	99	0	0
tx-abort:u	100	0	0
tx-abort:u	101	0	0
tx-abort:u	102	0	0
tx-abort:u	103	0	0
tx-abort:u	104	0	0
tx-abort:u	105	0	0
tx-abort:u	106	0	0
tx-abort:u	107	0	0
tx-abort:u	108	0	0
tx-abort:u	109	0	0
tx-abort:u	110	0	0
tx-abort:u	111	0	0
tx-abort:u	112	0	0
tx-abort:u	113	0	0
tx-abort:u	114	0	0
tx-abort:u	115	0	0
tx-abort:u	116	0	0
tx-abort:u	117	0	0
tx-abort:u	118	0	0
tx-abort:u	119	0	0
tx-abort:u	120	0	0
tx-abort:u	121	0	0
tx-abort:u	122	0	0
tx-abort:u	123	0	0
tx-abort:u	124	0	0
tx-abort:u	125	0	0
tx-abort:u	126	0	0
tx-abort:u	127	0	0
tx-abort:u	128	0	0
tx-abort:u	129	0	0
tx-abort:u	130	0	0
tx-abort:u	131	0	0
tx-abort:u	132	0	0
tx-abort:u	133	0	0
tx-abort:u	134	0	0
tx-abort:u	135	0	0
tx-abort:u	136	0	0
tx-abort:u	137	0	0
tx-abort:u	138	0	0
tx-abort:u	139	0	0
tx-abort:u	140	0	0
tx-abort:u	141	0	0
tx-abort:u	142	0	0
tx-abort:u	143	0	0
tx-abort:u	144	0	0
tx-abort:u	145	0	0
tx-abort:u	146	0	0
tx-abort:u	147	0	0
tx-abort:u	148	0	0
tx-abort:u	149	0	0
tx-abort:u	150	0	0
tx-abort:u	151	0	0
tx-abort:u	152	0	0
tx-abort:u	153	0	0
tx-abort:u	154	0	0
tx-abort:u	155	0	0
tx-abort:u	156	0	0
tx-abort:u	157	0	0
tx-abort:u	158	0	0
tx-abort:u	159	0	0
tx-abort:u	160	0	0
tx-abort:u	161	0	0
tx-abort:u	162	0	0
tx-abort:u	163	0	0
tx-abort:u	164	0	0
tx-abort:u	165	0	0
tx-abort:u	166	0	0
tx-abort:u	167	0	0
tx-abort:u	168	0	0
tx-abort:u	169	0	0
tx-abort:u	170	0	0
tx-abort:u	171	0	0
tx-abort:u	172	0	0
tx-abort:u	173	0	0
tx-abort:u	174	0	0
tx-abort:u	175	0	0
tx-abort:u	176	0	0
tx-abort:u	177	0	0
tx-abort:u	178	0	0
tx-abort:u	179	0	0
tx-abort:u	180	0	0
tx-abort:u	181	0	0
tx-abort:u	182	0	0
tx-abort:u	183	0	0
tx-abort:u	184	0	0
tx-abort:u	185	0	0
tx-abort:u	186	0	0
tx-abort:u	187	0	0
tx-abort:u	188	0	0
tx-abort:u	189	0	0
tx-abort:u	190	0	0
tx-abort:u	191	0	0
tx-abort:u	192	0	0
tx-abort:u	193	0	0
tx-abort:u	194	0	0
tx-abort:u	195	0	0
tx-abort:u	196	0	0
tx-abort:u	197	0	0
tx-abort:u	198	0	0
tx-abort:u	199	0	0
tx-abort:u	200	0	0
tx-abort:u	201	0	0
tx-abort:u	202	0	0
tx-abort:u	203	0	0
tx-abort:u	204	0	0
tx-abort:u	205	0	0
tx-abort:u	206	0	0
tx-abort:u	207	0	0
tx-abort:u	208	0	0
tx-abort:u	209	0	0
tx-abort:u	210	0	0
tx-abort:u	211	0	0
tx-abort:u	212	0	0
tx-abort:u	213	0	0
tx-abort:u	214	0	0
tx-abort:u	215	0	0
tx-abort:u	216	0	0
tx-abort:u	217	0	0
tx-abort:u	218	0	0
tx-abort:u	219	0	0
tx-abort:u	220	0	0
tx-abort:u	221	0	0
tx-abort:u	222	0	0
tx-abort:u	223	0	0
tx-abort:u	224	0	0
tx-abort:u	225	0	0
tx-abort:u	226	0	0
tx-abort:u	227	0	0
tx-abort:u	228	0	0
tx-abort:u	229	0	0
tx-abort:u	230	0	0
tx-abort:u	231	0	0
tx-abort:u	232	0	0
tx-abort:u	233	0	0
tx-abort:u	234	0	0
tx-abort:u	235	0	0
tx-abort:u	236	0	0
tx-abort:u	237	0	0
tx-abort:u	238	0	0
tx-abort:u	239	0	0
tx-abort:u	240	0	0
tx-abort:u	241	0	0
tx-abort:u	242	0	0
tx-abort:u	243	0	0
tx-abort:u	244	0	0
tx-abort:u	245	0	0
tx-abort:u	246	0	0
tx-abort:u	247	0	0
tx-abort:u	248	0	0
tx-abort:u	249	0	0
tx-abort:u	250	0	0
tx-abort:u	251	0	0
tx-abort:u	252	0	0
tx-abort:u	253	0	0
tx-abort:u	254	0	0
tx-abort:u	255	0	0
tx-abort:u	256	0	0
tx-abort:u	257	0	0
tx-abort:u	258	0	0
tx-abort:u	259	0	0
tx-abort:u	260	0	0
tx-abort:u	261	0	0
tx-abort:u	262	0	0
tx-abort:u	263	0	0
tx-abort:u	264	0	0
tx-abort:u	265	0	0
tx-abort:u	266	0	0
tx-abort:u	267	0	0
tx-abort:u	268	0	0
tx-abort:u	269	0	0
tx-abort:u	270	0	0
tx-abort:u	271	0	0
tx-abort:u	272	0	0
tx-abort:u	273	0	0
tx-abort:u	274	0	0
tx-abort:u	275	0	0
tx-abort:u	276	0	0
tx-abort:u	277	0	0
tx-abort:u	278	0	0
tx-abort:u	279	0	0
tx-abort:u	280	0	0
tx-abort:u	281	0	0
tx-abort:u	282	0	0
tx-abort:u	283	0	0
tx-abort:u	284	0	0
tx-abort:u	285	0	0
tx-abort:u	286	0	0
tx-abort:u	287	0	0
tx-abort:u	288	0	0
tx-abort:u	289	0	0
tx-abort:u	290	0	0
tx-abort:u	291	0	0
tx-abort:u	292	0	0
tx-abort:u	293	0	0
tx-abort:u	294	0	0
tx-abort:u	295	0	0
tx-abort:u	296	0	0
tx-abort:u	297	0	0
tx-abort:u	298	0	0
tx-abort:u	299	0	0
tx-abort:u	300	0	0
tx-abort:u	301	0	0
tx-abort:u	302	0	0
tx-abort:u	303	0	0
tx-abort:u	304	0	0
tx-abort:u	305	0	0
tx-abort:u	306	0	0
tx-abort:u	307	0	0
tx-abort:u	308	0	0
tx-abort:u	309	0	0
tx-abort:u	310	0	0
tx-abort:u	311	0	0
tx-abort:u	312	0	0
tx-abort:u	313	0	0
tx-abort:u	314	0	0
tx-abort:u	315	0	0
tx-abort:u	316	0	0
tx-abort:u	317	0	0
tx-abort:u	318	0	0
tx-abort:u	319	0	0
tx-abort:u	320	0	0
tx-abort:u	321	0	0
tx-abort:u	322	0	0
tx-abort:u	323	0	0
tx-abort:u	324	0	0
tx-abort:u	325	0	0
tx-abort:u	326	0	0
tx-abort:u	327	0	0
tx-abort:u	328	0	0
tx-abort:u	329	0	0
tx-abort:u	330	0	0
tx-abort:u	331	0	0
tx-abort:u	332	0	0
tx-abort:u	333	0	0
tx-abort:u	334	0	0
tx-abort:u	335	0	0
tx-abort:u	336	0	0
tx-abort:u	337	0	0
tx-abort:u	338	0	0
tx-abort:u	339	0	0
tx-abort:u	340	0	0
tx-abort:u	341	0	0
tx-abort:u	342	0	0
tx-abort:u	343	0	0
tx-abort:u	344	0	0
tx-abort:u	345	0	0
tx-abort:u	346	0	0
tx-abort:u	347	0	0
tx-abort:u	348	0	0
tx-abort:u	349	0	0
tx-abort:u	350	0	0
tx-abort:u	351	0	0
tx-abort:u	352	0	0
tx-abort:u	353	0	0
tx-abort:u	354	0	0
tx-abort:u	355	0	0
tx-abort:u	356	0	0
tx-abort:u	357	0	0
tx-abort:u	358	0	0
tx-abort:u	359	0	0
tx-abort:u	360	0	0
tx-abort:u	361	0	0
tx-abort:u	362	0	0
tx-abort:u	363	0	0
tx-abort:u	364	0	0
tx-abort:u	365	0	0
tx-abort:u	366	0	0
tx-abort:u	367	0	0
tx-abort:u	368	0	0
tx-abort:u	369	0	0
tx-abort:u	370	0	0
tx-abort:u	371	0	0
tx-abort:u	372	0	0
tx-abort:u	373	0	0
tx-abort:u	374	0	0
tx-abort:u	375	0	0
tx-abort:u	376	0	0
tx-abort:u	377	0	0
tx-abort:u	378	0	0
tx-abort:u	379	0	0
tx-abort:u	380	0	0
tx-abort:u	381	0	0
tx-abort:u	382	0	0
tx-abort:u	383	0	0
tx-abort:u	384	0	0
tx-abort:u	385	0	0
tx-abort:u	386	0	0
tx-abort:u	387	0	0
tx-abort:u	388	0	0
tx-abort:u	389	0	0
tx-abort:u	390	0	0
tx-abort:u	391	0	0
tx-abort:u	392	0	0
tx-abort:u	393	0	0
tx-abort:u	394	0	0
tx-abort:u	395	0	0
tx-abort:u	396	0	0
tx-abort:u	397	0	0
tx-abort:u	398	0	0
tx-abort:u	399	0	0
tx-abort:u	400	0	0
tx-abort:u	401	0	0
tx-abort:u	402	0	0
tx-abort:u	403	0	0
tx-abort:u	404	0	0
tx-abort:u	405	0	0
tx-abort:u	406	0	0
tx-abort:u	407	0	0
tx-abort:u	408	0	0
tx-abort:u	409	0	0
tx-abort:u	410	0	0
tx-abort:u	411	0	0
tx-abort:u	412	0	0
tx-abort:u	413	0	0
tx-abort:u	414	0	0
tx-abort:u	415	0	0
tx-abort:u	416	0	0
tx-abort:u	417	0	0
tx-abort:u	418	0	0
tx-abort:u	419	0	0
tx-abort:u	420	0	0
tx-abort:u	421	0	0
tx-abort:u	422	0	0
tx-abort:u	423	0	0
tx-abort:u	424	0	0
tx-abort:u	425	0	0
tx-abort:u	426	0	0
tx-abort:u	427	0	0
tx-abort:u	428	0	0
tx-abort:u	429	0	0
tx-abort:u	430	0	0
tx-abort:u	431	0	0
tx-abort:u	432	0	0
tx-abort:u	433	0	0
tx-abort:u	434	0	0
tx-abort:u	435	0	0
tx-abort:u	436	0	0
tx-abort:u	437	0	0
tx-abort:u	438	0	0
tx-abort:u	439	0	0
tx-abort:u	440	0	0
tx-abort:u	441	0	0
tx-abort:u	442	0	0
tx-abort:u	443	0	0
tx-abort:u	444	0	0
tx-abort:u	445	0	0
tx-abort:u	446	0	0
tx-abort:u	447	0	0
tx-abort:u	448	0	0
tx-abort:u	449	0	0
tx-abort:u	450	0	0
tx-abort:u	451	0	0
tx-abort:u	452	0	0
tx-abort:u	453	0	0
tx-abort:u	454	0	0
tx-abort:u	455	0	0
tx-abort:u	456	0	0
tx-abort:u	457	0	0
tx-abort:u	458	0	0
tx-abort:u	459	0	0
tx-abort:u	460	0	0
tx-abort:u	461	0	0
tx-abort:u	462	0	0
tx-abort:u	463	0	0
tx-abort:u	464	0	0
tx-abort:u	465	0	0
tx-abort:u	466	0	0
tx-abort:u	467	0	0
tx-abort:u	468	0	0
tx-abort:u	469	0	0
tx-abort:u	470	0	0
tx-abort:u	471	0	0
tx-abort:u	472	0	0
tx-abort:u	473	0	0
tx-abort:u	474	0	0
tx-abort:u	475	0	0
tx-abort:u	476	0	0
tx-abort:u	477	0	0
tx-abort:u	478	0	0
tx-abort:u	479	0	0
tx-abort:u	480	0	0
tx-abort:u	481	0	0
tx-abort:u	482	0	0
tx-abort:u	483	0	0
tx-abort:u	484	0	0
tx-abort:u	485	0	0
tx-abort:u	486	0	0
tx-abort:u	487	0	0
tx-abort:u	488	0	0
tx-abort:u	489	0	0
tx-abort:u	490	0	0
tx-abort:u	491	0	0
tx-abort:u	492	0	0
tx-abort:u	493	0	0
tx-abort:u	494	0	0
tx-abort:u	495	0	0
tx-abort:u	496	0	0
tx-abort:u	497	0	0
tx-abort:u	498	0	0
tx-abort:u	499	0	0
tx-abort:u	500	0	0
tx-abort:u	501	0	0
tx-abort:u	502	0	0
tx-abort:u	503	0	0
tx-abort:u	504	0	0
tx-abort:u	505	0	0
tx-abort:u	506	0	0
tx-abort:u	507	0	0
tx-abort:u	508	0	0
tx-abort:u	509	0	0
tx-abort:u	510	0	0
tx-abort:u	511	0	0
tx-abort:u	512	0	0
tx-abort:u	513	0	0
tx-abort:u	514	0	0
tx-abort:u	515	0	0
tx-abort:u	516	0	0
tx-abort:u	517	0	0
tx-abort:u	518	0	0
tx-abort:u	519	0	0
tx-abort:u	520	0	0
tx-abort:u	521	0	0
tx-abort:u	522	0	0
tx-abort:u	523	0	0
tx-abort:u	524	0	0
tx-abort:u	525	0	0
tx-abort:u	526	0	0
tx-abort:u	527	0	0
tx-abort:u	528	0	0
tx-abort:u	529	0	0
tx-abort:u	530	0	0
tx-abort:u	531	0	0
tx-abort:u	532	0	0
tx-abort:u	533	0	0
tx-abort:u	534	0	0
tx-abort:u	535	0	0
tx-abort:u	536	0	0
tx-abort:u	537	0	0
tx-abort:u	538	0	0
tx-abort:u	539	0	0
tx-abort:u	540	0	0
tx-abort:u	541	0	0
tx-abort:u	542	0	0
tx-abort:u	543	0	0
tx-abort:u	544	0	0
tx-abort:u	545	0	0
tx-abort:u	546	0	0
tx-abort:u	547	0	0
tx-abort:u	548	0	0
tx-abort:u	549	0	0
tx-abort:u	550	0	0
tx-abort:u	551	0	0
tx-abort:u	552	0	0
tx-abort:u	553	0	0
tx-abort:u	554	0	0
tx-abort:u	555	0	0
tx-abort:u	556	0	0
tx-abort:u	557	0	0
tx-abort:u	558	0	0
tx-abort:u	559	0	0
tx-abort:u	560	0	0
tx-abort:u	561	0	0
tx-abort:u	562	0	0
tx-abort:u	563	0	0
tx-abort:u	564	0	0
tx-abort:u	565	0	0
tx-abort:u	566	0	0
tx-abort:u	567	0	0
tx-abort:u	568	0	0
tx-abort:u	569	0	0
tx-abort:u	570	0	0
tx-abort:u	571	0	0
tx-abort:u	572	0	0
tx-abort:u	573	0	0
tx-abort:u	574	0	0
tx-abort:u	575	0	0
tx-abort:u	576	0	0
tx-abort:u	577	0	0
tx-abort:u	578	0	0
tx-abort:u	579	0	0
tx-abort:u	580	0	0
tx-abort:u	581	0	0
tx-abort:u	582	0	0
tx-abort:u	583	0	0
tx-abort:u	584	0	0
tx-abort:u	585	0	0
tx-abort:u	586	0	0
tx-abort:u	587	0	0
tx-abort:u	588	0	0
tx-abort:u	589	0	0
tx-abort:u	590	0	0
tx-abort:u	591	0	0
tx-abort:u	592	0	0
tx-abort:u	593	0	0
tx-abort:u	594	0	0
tx-abort:u	595	0	0
tx-abort:u	596	0	0
tx-abort:u	597	0	0
tx-abort:u	598	0	0
tx-abort:u	599	0	0
tx-abort:u	600	0	0
tx-abort:u	601	0	0
tx-abort:u	602	0	0
tx-abort:u	603	0	0
tx-abort:u	604	0	0
tx-abort:u	605	0	0
tx-abort:u	606	0	0
tx-abort:u	607	0	0
tx-abort:u	608	0	0
tx-abort:u	609	0	0
tx-abort:u	610	0	0
tx-abort:u	611	0	0
tx-abort:u	612	0	0
tx-abort:u	613	0	0
tx-abort:u	614	0	0
tx-abort:u	615	0	0
tx-abort:u	616	0	0
tx-abort:u	617	0	0
tx-abort:u	618	0	0
tx-abort:u	619	0	0
tx-abort:u	620	0	0
tx-abort:u	621	0	0
tx-abort:u	622	0	0
tx-abort:u	623	0	0
tx-abort:u	624	0	0
tx-abort:u	625	0	0
tx-abort:u	626	0	0
tx-abort:u	627	0	0
tx-abort:u	628	0	0
tx-abort:u	629	0	0
tx-abort:u	630	0	0
tx-abort:u	631	0	0
tx-abort:u	632	0	0
tx-abort:u	633	0	0
tx-abort:u	634	0	0
tx-abort:u	635	0	0
tx-abort:u	636	0	0
tx-abort:u	637	0	0
tx-abort:u	638	0	0
tx-abort:u	639	0	0
tx-abort:u	640	0	0
tx-abort:u	641	0	0
tx-abort:u	642	0	0
tx-abort:u	643	0	0
tx-abort:u	644	0	0
tx-abort:u	645	0	0
tx-abort:u	646	0	0
tx-abort:u	647	0	0
tx-abort:u	648	0	0
tx-abort:u	649	0	0
tx-abort:u	650	0	0
tx-abort:u	651	0	0
tx-abort:u	652	0	0
tx-abort:u	653	0	0
tx-abort:u	654	0	0
tx-abort:u	655	0	0
tx-abort:u	656	0	0
tx-abort:u	657	0	0
tx-abort:u	658	0	0
tx-abort:u	659	0	0
tx-abort:u	660	0	0
tx-abort:u	661	0	0
tx-abort:u	662	0	0
tx-abort:u	663	0	0
tx-abort:u	664	0	0
tx-abort:u	665	0	0
tx-abort:u	666	0	0
tx-abort:u	667	0	0
tx-abort:u	668	0	0
tx-abort:u	669	0	0
tx-abort:u	670	0	0
tx-abort:u	671	0	0
tx-abort:u	672	0	0
tx-abort:u	673	0	0
tx-abort:u	674	0	0
tx-abort:u	675	0	0
tx-abort:u	676	0	0
tx-abort:u	677	0	0
tx-abort:u	678	0	0
tx-abort:u	679	0	0
tx-abort:u	680	0	0
tx-abort:u	681	0	0
tx-abort:u	682	0	0
tx-abort:u	683	0	0
tx-abort:u	684	0	0
tx-abort:u	685	0	0
tx-abort:u	686	0	0
tx-abort:u	687	0	0
tx-abort:u	688	0	0
tx-abort:u	689	0	0
tx-abort:u	690	0	0
tx-abort:u	691	0	0
tx-abort:u	692	0	0
tx-abort:u	693	0	0
tx-abort:u	694	0	0
tx-abort:u	695	0	0
tx-abort:u	696	0	0
tx-abort:u	697	0	0
tx-abort:u	698	0	0
tx-abort:u	699	0	0
tx-abort:u	700	0	0
tx-abort:u	701	0	0
tx-abort:u	702	0	0
tx-abort:u	703	0	0
tx-abort:u	704	0	0
tx-abort:u	705	0	0
tx-abort:u	706	0	0
tx-abort:u	707	0	0
tx-abort:u	708	0	0
tx-abort:u	709	0	0
tx-abort:u	710	0	0
tx-abort:u	711	0	0
tx-abort:u	712	0	0
tx-abort:u	713	0	0
tx-abort:u	714	0	0
tx-abort:u	715	0	0
tx-abort:u	716	0	0
tx-abort:u	717	0	0
tx-abort:u	718	0	0
tx-abort:u	719	0	0
tx-abort:u	720	0	0
tx-abort:u	721	0	0
tx-abort:u	722	0	0
tx-abort:u	723	0	0
tx-abort:u	724	0	0
tx-abort:u	725	0	0
tx-abort:u	726	0	0
tx-abort:u	727	0	0
tx-abort:u	728	0	0
tx-abort:u	729	0	0
tx-abort:u	730	0	0
tx-abort:u	731	0	0
tx-abort:u	732	0	0
tx-abort:u	733	0	0
tx-abort:u	734	0	0
tx-abort:u	735	0	0
tx-abort:u	736	0	0
tx-abort:u	737	0	0
tx-abort:u	738	0	0
tx-abort:u	739	0	0
tx-abort:u	740	0	0
tx-abort:u	741	0	0
tx-abort:u	742	0	0
tx-abort:u	743	0	0
tx-abort:u	744	0	0
tx-abort:u	745	0	0
tx-abort:u	746	0	0
tx-abort:u	747	0	0
tx-abort:u	748	0	0
tx-abort:u	749	0	0
tx-abort:u	750	0	0
tx-abort:u	751	0	0
tx-abort:u	752	0	0
tx-abort:u	753	0	0
tx-abort:u	754	0	0
tx-abort:u	755	0	0
tx-abort:u	756	0	0
tx-abort:u	757	0	0
tx-abort:u	758	0	0
tx-abort:u	759	0	0
tx-abort:u	760	0	0
tx-abort:u	761	0	0
tx-abort:u	762	0	0
tx-abort:u	763	0	0
tx-abort:u	764	0	0
tx-abort:u	765	0	0
tx-abort:u	766	0	0
tx-abort:u	767	0	0
tx-abort:u	768	0	0
tx-abort:u	769	0	0
tx-abort:u	770	0	0
tx-abort:u	771	0	0
tx-abort:u	772	0	0
tx-abort:u	773	0	0
tx-abort:u	774	0	0
tx-abort:u	775	0	0
tx-abort:u	776	0	0
tx-abort:u	777	0	0
tx-abort:u	778	0	0
tx-abort:u	779	0	0
tx-abort:u	780	0	0
tx-abort:u	781	0	0
tx-abort:u	782	0	0
tx-abort:u	783	0	0
tx-abort:u	784	0	0
tx-abort:u	785	0	0
tx-abort:u	786	0	0
tx-abort:u	787	0	0
tx-abort:u	788	0	0
tx-abort:u	789	0	0
tx-abort:u	790	0	0
tx-abort:u	791	0	0
tx-abort:u	792	0	0
tx-abort:u	793	0	0
tx-abort:u	794	0	0
tx-abort:u	795	0	0
tx-abort:u	796	0	0
tx-abort:u	797	0	0
tx-abort:u	798	0	0
tx-abort:u	799	0	0
tx-abort:u	800	0	0
tx-abort:u	801	0	0
tx-abort:u	802	0	0
tx-abort:u	803	0	0
tx-abort:u	804	0	0
tx-abort:u	805	0	0
tx-abort:u	806	0	0
tx-abort:u	807	0	0
tx-abort:u	808	0	0
tx-abort:u	809	0	0
tx-abort:u	810	0	0
tx-abort:u	811	0	0
tx-abort:u	812	0	0
tx-abort:u	813	0	0
tx-abort:u	814	0	0
tx-abort:u	815	0	0
tx-abort:u	816	0	0
tx-abort:u	817	0	0
tx-abort:u	818	0	0
tx-abort:u	819	0	0
tx-abort:u	820	0	0
tx-abort:u	821	0	0
tx-abort:u	822	0	0
tx-abort:u	823	0	0
tx-abort:u	824	0	0
tx-abort:u	825	0	0
tx-abort:u	826	0	0
tx-abort:u	827	0	0
tx-abort:u	828	0	0
tx-abort:u	829	0	0
tx-abort:u	830	0	0
tx-abort:u	831	0	0
tx-abort:u	832	0	0
tx-abort:u	833	0	0
tx-abort:u	834	0	0
tx-abort:u	835	0	0
tx-abort:u	836	0	0
tx-abort:u	837	0	0
tx-abort:u	838	0	0
tx-abort:u	839	0	0
tx-abort:u	840	0	0
tx-abort:u	841	0	0
tx-abort:u	842	0	0
tx-abort:u	843	0	0
tx-abort:u	844	0	0
tx-abort:u	845	0	0
tx-abort:u	846	0	0
tx-abort:u	847	0	0
tx-abort:u	848	0	0
tx-abort:u	849	0	0
tx-abort:u	850	0	0
tx-abort:u	851	0	0
tx-abort:u	852	0	0
tx-abort:u	853	0	0
tx-abort:u	854	0	0
tx-abort:u	855	0	0
tx-abort:u	856	0	0
tx-abort:u	857	0	0
tx-abort:u	858	0	0
tx-abort:u	859	0	0
tx-abort:u	860	0	0
tx-abort:u	861	0	0
tx-abort:u	862	0	0
tx-abort:u	863	0	0
tx-abort:u	864	0	0
tx-abort:u	865	0	0
tx-abort:u	866	0	0
tx-abort:u	867	0	0
tx-abort:u	868	0	0
tx-abort:u	869	0	0
tx-abort:u	870	0	0
tx-abort:u	871	0	0
tx-abort:u	872	0	0
tx-abort:u	873	0	0
tx-abort:u	874	0	0
tx-abort:u	875	0	0
tx-abort:u	876	0	0
tx-abort:u	877	0	0
tx-abort:u	878	0	0
tx-abort:u	879	0	0
tx-abort:u	880	0	0
tx-abort:u	881	0	0
tx-abort:u	882	0	0
tx-abort:u	883	0	0
tx-abort:u	884	0	0
tx-abort:u	885	0	0
tx-abort:u	886	0	0
tx-abort:u	887	0	0
tx-abort:u	888	0	0
tx-abort:u	889	0	0
tx-abort:u	890	0	0
tx-abort:u	891	0	0
tx-abort:u	892	0	0
tx-abort:u	893	0	0
tx-abort:u	894	0	0
tx-abort:u	895	0	0
tx-abort:u	896	0	0
tx-abort:u	897	0	0
tx-abort:u	898	0	0
tx-abort:u	899	0	0
tx-abort:u	900	0	0
tx-abort:u	901	0	0
tx-abort:u	902	0	0
tx-abort:u	903	0	0
tx-abort:u	904	0	0
tx-abort:u	905	0	0
tx-abort:u	906	0	0
tx-abort:u	907	0	0
tx-abort:u	908	0	0
tx-abort:u	909	0	0
tx-abort:u	910	0	0
tx-abort:u	911	0	0
tx-abort:u	912	0	0
tx-abort:u	913	0	0
tx-abort:u	914	0	0
tx-abort:u	915	0	0
tx-abort:u	916	0	0
tx-abort:u	917	0	0
tx-abort:u	918	0	0
tx-abort:u	919	0	0
tx-abort:u	920	0	0
tx-abort:u	921	0	0
tx-abort:u	922	0	0
tx-abort:u	923	0	0
tx-abort:u	924	0	0
tx-abort:u	925	0	0
tx-abort:u	926	0	0
tx-abort:u	927	0	0
tx-abort:u	928	0	0
tx-abort:u	929	0	0
tx-abort:u	930	0	0
tx-abort:u	931	0	0
tx-abort:u	932	0	0
tx-abort:u	933	0	0
tx-abort:u	934	0	0
tx-abort:u	935	0	0
tx-abort:u	936	0	0
tx-abort:u	937	0	0
tx-abort:u	938	0	0
tx-abort:u	939	0	0
tx-abort:u	940	0	0
tx-abort:u	941	0	0
tx-abort:u	942	0	0
tx-abort:u	943	0	0
tx-abort:u	944	0	0
tx-abort:u	945	0	0
tx-abort:u	946	0	0
tx-abort:u	947	0	0
tx-abort:u	948	0	0
tx-abort:u	949	0	0
tx-abort:u	950	0	0
tx-abort:u	951	0	0
tx-abort:u	952	0	0
tx-abort:u	953	0	0
tx-abort:u	954	0	0
tx-abort:u	955	0	0
tx-abort:u	956	0	0
tx-abort:u	957	0	0
tx-abort:u	958	0	0
tx-abort:u	959	0	0
tx-abort:u	960	0	0
tx-abort:u	961	0	0
tx-abort:u	962	0	0
tx-abort:u	963	0	0
tx-abort:u	964	0	0
tx-abort:u	965	0	0
tx-abort:u	966	0	0
tx-abort:u	967	0	0
tx-abort:u	968	0	0
tx-abort:u	969	0	0
tx-abort:u	970	0	0
tx-abort:u	971	0	0
tx-abort:u	972	0	0
tx-abort:u	973	0	0
tx-abort:u	974	0	0
tx-abort:u	975	0	0
tx-abort:u	976	0	0
tx-abort:u	977	0	0
tx-abort:u	978	0	0
tx-abort:u	979	0	0
tx-abort:u	980	0	0
tx-abort:u	981	0	0
tx-abort:u	982	0	0
tx-abort:u	983	0	0
tx-abort:u	984	0	0
tx-abort:u	985	0	0
tx-abort:u	986	0	0
tx-abort:u	987	0	0
tx-abort:u	988	0	0
tx-abort:u	989	0	0
tx-abort:u	990	0	0
tx-abort:u	991	0	0
tx-abort:u	992	0	0
tx-abort:u	993	0	0
tx-abort:u	994	0	0
tx-abort:u	995	0	0
tx-abort:u	996	0	0
tx-abort:u	997	0	0
tx-abort:u	998	0	0
tx-abort:u	999	0	0
tx-abort:u	1000	0	0
l2_rqsts.all_rfo:u	1	454736	0
l2_rqsts.all_rfo:u	2	454871	0
mem_inst_retired.split_stores:u	1	99	0
mem_inst_retired.split_stores:u	2	115	0
sq_misc.split_lock:u	1	0	0
sq_misc.split_lock:u	2	0	0
sq_misc.split_lock:u	3	0	0
sq_misc.split_lock:u	4	0	0
sq_misc.split_lock:u	5	0	0
sq_misc.split_lock:u	6	0	0
sq_misc.split_lock:u	7	0	0
sq_misc.split_lock:u	8	0	0
sq_misc.split_lock:u	9	0	0
sq_misc.split_lock:u	10	0	0
sq_misc.split_lock:u	11	0	0
sq_misc.split_lock:u	12	0	0
sq_misc.split_lock:u	13	0	0
sq_misc.split_lock:u	14	0	0
sq_misc.split_lock:u	15	0	0
sq_misc.split_lock:u	16	0	0
sq_misc.split_lock:u	17	0	0
sq_misc.split_lock:u	18	0	0
sq_misc.split_lock:u	19	0	0
sq_misc.split_lock:u	20	0	0
sq_misc.split_lock:u	21	0	0
sq_misc.split_lock:u	22	0	0
sq_misc.split_lock:u	23	0	0
sq_misc.split_lock:u	24	0	0
sq_misc.split_lock:u	25	0	0
sq_misc.split_lock:u	26	0	0
sq_misc.split_lock:u	27	0	0
sq_misc.split_lock:u	28	0	0
sq_misc.split_lock:u	29	0	0
sq_misc.split_lock:u	30	0	0
sq_misc.split_lock:u	31	0	0
sq_misc.split_lock:u	32	0	0
sq_misc.split_lock:u	33	0	0
sq_misc.split_lock:u	34	0	0
sq_misc.split_lock:u	35	0	0
sq_misc.split_lock:u	36	0	0
sq_misc.split_lock:u	37	0	0
sq_misc.split_lock:u	38	0	0
sq_misc.split_lock:u	39	0	0
sq_misc.split_lock:u	40	0	0
sq_misc.split_lock:u	41	0	0
sq_misc.split_lock:u	42	0	0
sq_misc.split_lock:u	43	0	0
sq_misc.split_lock:u	44	0	0
sq_misc.split_lock:u	45	0	0
sq_misc.split_lock:u	46	0	0
sq_misc.split_lock:u	47	0	0
sq_misc.split_lock:u	48	0	0
sq_misc.split_lock:u	49	0	0
sq_misc.split_lock:u	50	0	0
sq_misc.split_lock:u	51	0	0
sq_misc.split_lock:u	52	0	0
sq_misc.split_lock:u	53	0	0
sq_misc.split_lock:u	54	0	0
sq_misc.split_lock:u	55	0	0
sq_misc.split_lock:u	56	0	0
sq_misc.split_lock:u	57	0	0
sq_misc.split_lock:u	58	0	0
sq_misc.split_lock:u	59	0	0
sq_misc.split_lock:u	60	0	0
sq_misc.split_lock:u	61	0	0
sq_misc.split_lock:u	62	0	0
sq_misc.split_lock:u	63	0	0
sq_misc.split_lock:u	64	0	0
sq_misc.split_lock:u	65	0	0
sq_misc.split_lock:u	66	0	0
sq_misc.split_lock:u	67	0	0
sq_misc.split_lock:u	68	0	0
sq_misc.split_lock:u	69	0	0
sq_misc.split_lock:u	70	0	0
sq_misc.split_lock:u	71	0	0
sq_misc.split_lock:u	72	0	0
sq_misc.split_lock:u	73	0	0
sq_misc.split_lock:u	74	0	0
sq_misc.split_lock:u	75	0	0
sq_misc.split_lock:u	76	0	0
sq_misc.split_lock:u	77	0	0
sq_misc.split_lock:u	78	0	0
sq_misc.split_lock:u	79	0	0
sq_misc.split_lock:u	80	0	0
sq_misc.split_lock:u	81	0	0
sq_misc.split_lock:u	82	0	0
sq_misc.split_lock:u	83	0	0
sq_misc.split_lock:u	84	0	0
sq_misc.split_lock:u	85	0	0
sq_misc.split_lock:u	86	0	0
sq_misc.split_lock:u	87	0	0
sq_misc.split_lock:u	88	0	0
sq_misc.split_lock:u	89	0	0
sq_misc.split_lock:u	90	0	0
sq_misc.split_lock:u	91	0	0
sq_misc.split_lock:u	92	0	0
sq_misc.split_lock:u	93	0	0
sq_misc.split_lock:u	94	0	0
sq_misc.split_lock:u	95	0	0
sq_misc.split_lock:u	96	0	0
sq_misc.split_lock:u	97	0	0
sq_misc.split_lock:u	98	0	0
sq_misc.split_lock:u	99	0	0
sq_misc.split_lock:u	100	0	0
sq_misc.split_lock:u	101	0	0
sq_misc.split_lock:u	102	0	0
sq_misc.split_lock:u	103	0	0
sq_misc.split_lock:u	104	0	0
sq_misc.split_lock:u	105	0	0
sq_misc.split_lock:u	106	0	0
sq_misc.split_lock:u	107	0	0
sq_misc.split_lock:u	108	0	0
sq_misc.split_lock:u	109	0	0
sq_misc.split_lock:u	110	0	0
sq_misc.split_lock:u	111	0	0
sq_misc.split_lock:u	112	0	0
sq_misc.split_lock:u	113	0	0
sq_misc.split_lock:u	114	0	0
sq_misc.split_lock:u	115	0	0
sq_misc.split_lock:u	116	0	0
sq_misc.split_lock:u	117	0	0
sq_misc.split_lock:u	118	0	0
sq_misc.split_lock:u	119	0	0
sq_misc.split_lock:u	120	0	0
sq_misc.split_lock:u	121	0	0
sq_misc.split_lock:u	122	0	0
sq_misc.split_lock:u	123	0	0
sq_misc.split_lock:u	124	0	0
sq_misc.split_lock:u	125	0	0
sq_misc.split_lock:u	126	0	0
sq_misc.split_lock:u	127	0	0
sq_misc.split_lock:u	128	0	0
sq_misc.split_lock:u	129	0	0
sq_misc.split_lock:u	130	0	0
sq_misc.split_lock:u	131	0	0
sq_misc.split_lock:u	132	0	0
sq_misc.split_lock:u	133	0	0
sq_misc.split_lock:u	134	0	0
sq_misc.split_lock:u	135	0	0
sq_misc.split_lock:u	136	0	0
sq_misc.split_lock:u	137	0	0
sq_misc.split_lock:u	138	0	0
sq_misc.split_lock:u	139	0	0
sq_misc.split_lock:u	140	0	0
sq_misc.split_lock:u	141	0	0
sq_misc.split_lock:u	142	0	0
sq_misc.split_lock:u	143	0	0
sq_misc.split_lock:u	144	0	0
sq_misc.split_lock:u	145	0	0
sq_misc.split_lock:u	146	0	0
sq_misc.split_lock:u	147	0	0
sq_misc.split_lock:u	148	0	0
sq_misc.split_lock:u	149	0	0
sq_misc.split_lock:u	150	0	0
sq_misc.split_lock:u	151	0	0
sq_misc.split_lock:u	152	0	0
sq_misc.split_lock:u	153	0	0
sq_misc.split_lock:u	154	0	0
sq_misc.split_lock:u	155	0	0
sq_misc.split_lock:u	156	0	0
sq_misc.split_lock:u	157	0	0
sq_misc.split_lock:u	158	0	0
sq_misc.split_lock:u	159	0	0
sq_misc.split_lock:u	160	0	0
sq_misc.split_lock:u	161	0	0
sq_misc.split_lock:u	162	0	0
sq_misc.split_lock:u	163	0	0
sq_misc.split_lock:u	164	0	0
sq_misc.split_lock:u	165	0	0
sq_misc.split_lock:u	166	0	0
sq_misc.split_lock:u	167	0	0
sq_misc.split_lock:u	168	0	0
sq_misc.split_lock:u	169	0	0
sq_misc.split_lock:u	170	0	0
sq_misc.split_lock:u	171	0	0
sq_misc.split_lock:u	172	0	0
sq_misc.split_lock:u	173	0	0
sq_misc.split_lock:u	174	0	0
sq_misc.split_lock:u	175	0	0
sq_misc.split_lock:u	176	0	0
sq_misc.split_lock:u	177	0	0
sq_misc.split_lock:u	178	0	0
sq_misc.split_lock:u	179	0	0
sq_misc.split_lock:u	180	0	0
sq_misc.split_lock:u	181	0	0
sq_misc.split_lock:u	182	0	0
sq_misc.split_lock:u	183	0	0
sq_misc.split_lock:u	184	0	0
sq_misc.split_lock:u	185	0	0
sq_misc.split_lock:u	186	0	0
sq_misc.split_lock:u	187	0	0
sq_misc.split_lock:u	188	0	0
sq_misc.split_lock:u	189	0	0
sq_misc.split_lock:u	190	0	0
sq_misc.split_lock:u	191	0	0
sq_misc.split_lock:u	192	0	0
sq_misc.split_lock:u	193	0	0
sq_misc.split_lock:u	194	0	0
sq_misc.split_lock:u	195	0	0
sq_misc.split_lock:u	196	0	0
sq_misc.split_lock:u	197	0	0
sq_misc.split_lock:u	198	0	0
sq_misc.split_lock:u	199	0	0
sq_misc.split_lock:u	200	0	0
sq_misc.split_lock:u	201	0	0
sq_misc.split_lock:u	202	0	0
sq_misc.split_lock:u	203	0	0
sq_misc.split_lock:u	204	0	0
sq_misc.split_lock:u	205	0	0
sq_misc.split_lock:u	206	0	0
sq_misc.split_lock:u	207	0	0
sq_misc.split_lock:u	208	0	0
sq_misc.split_lock:u	209	0	0
sq_misc.split_lock:u	210	0	0
sq_misc.split_lock:u	211	0	0
sq_misc.split_lock:u	212	0	0
sq_misc.split_lock:u	213	0	0
sq_misc.split_lock:u	214	0	0
sq_misc.split_lock:u	215	0	0
sq_misc.split_lock:u	216	0	0
sq_misc.split_lock:u	217	0	0
sq_misc.split_lock:u	218	0	0
sq_misc.split_lock:u	219	0	0
sq_misc.split_lock:u	220	0	0
sq_misc.split_lock:u	221	0	0
sq_misc.split_lock:u	222	0	0
sq_misc.split_lock:u	223	0	0
sq_misc.split_lock:u	224	0	0
sq_misc.split_lock:u	225	0	0
sq_misc.split_lock:u	226	0	0
sq_misc.split_lock:u	227	0	0
sq_misc.split_lock:u	228	0	0
sq_misc.split_lock:u	229	0	0
sq_misc.split_lock:u	230	0	0
sq_misc.split_lock:u	231	0	0
sq_misc.split_lock:u	232	0	0
sq_misc.split_lock:u	233	0	0
sq_misc.split_lock:u	234	0	0
sq_misc.split_lock:u	235	0	0
sq_misc.split_lock:u	236	0	0
sq_misc.split_lock:u	237	0	0
sq_misc.split_lock:u	238	0	0
sq_misc.split_lock:u	239	0	0
sq_misc.split_lock:u	240	0	0
sq_misc.split_lock:u	241	0	0
sq_misc.split_lock:u	242	0	0
sq_misc.split_lock:u	243	0	0
sq_misc.split_lock:u	244	0	0
sq_misc.split_lock:u	245	0	0
sq_misc.split_lock:u	246	0	0
sq_misc.split_lock:u	247	0	0
sq_misc.split_lock:u	248	0	0
sq_misc.split_lock:u	249	0	0
sq_misc.split_lock:u	250	0	0
sq_misc.split_lock:u	251	0	0
sq_misc.split_lock:u	252	0	0
sq_misc.split_lock:u	253	0	0
sq_misc.split_lock:u	254	0	0
sq_misc.split_lock:u	255	0	0
sq_misc.split_lock:u	256	0	0
sq_misc.split_lock:u	257	0	0
sq_misc.split_lock:u	258	0	0
sq_misc.split_lock:u	259	0	0
sq_misc.split_lock:u	260	0	0
sq_misc.split_lock:u	261	0	0
sq_misc.split_lock:u	262	0	0
sq_misc.split_lock:u	263	0	0
sq_misc.split_lock:u	264	0	0
sq_misc.split_lock:u	265	0	0
sq_misc.split_lock:u	266	0	0
sq_misc.split_lock:u	267	0	0
sq_misc.split_lock:u	268	0	0
sq_misc.split_lock:u	269	0	0
sq_misc.split_lock:u	270	0	0
sq_misc.split_lock:u	271	0	0
sq_misc.split_lock:u	272	0	0
sq_misc.split_lock:u	273	0	0
sq_misc.split_lock:u	274	0	0
sq_misc.split_lock:u	275	0	0
sq_misc.split_lock:u	276	0	0
sq_misc.split_lock:u	277	0	0
sq_misc.split_lock:u	278	0	0
sq_misc.split_lock:u	279	0	0
sq_misc.split_lock:u	280	0	0
sq_misc.split_lock:u	281	0	0
sq_misc.split_lock:u	282	0	0
sq_misc.split_lock:u	283	0	0
sq_misc.split_lock:u	284	0	0
sq_misc.split_lock:u	285	0	0
sq_misc.split_lock:u	286	0	0
sq_misc.split_lock:u	287	0	0
sq_misc.split_lock:u	288	0	0
sq_misc.split_lock:u	289	0	0
sq_misc.split_lock:u	290	0	0
sq_misc.split_lock:u	291	0	0
sq_misc.split_lock:u	292	0	0
sq_misc.split_lock:u	293	0	0
sq_misc.split_lock:u	294	0	0
sq_misc.split_lock:u	295	0	0
sq_misc.split_lock:u	296	0	0
sq_misc.split_lock:u	297	0	0
sq_misc.split_lock:u	298	0	0
sq_misc.split_lock:u	299	0	0
sq_misc.split_lock:u	300	0	0
sq_misc.split_lock:u	301	0	0
sq_misc.split_lock:u	302	0	0
sq_misc.split_lock:u	303	0	0
sq_misc.split_lock:u	304	0	0
sq_misc.split_lock:u	305	0	0
sq_misc.split_lock:u	306	0	0
sq_misc.split_lock:u	307	0	0
sq_misc.split_lock:u	308	0	0
sq_misc.split_lock:u	309	0	0
sq_misc.split_lock:u	310	0	0
sq_misc.split_lock:u	311	0	0
sq_misc.split_lock:u	312	0	0
sq_misc.split_lock:u	313	0	0
sq_misc.split_lock:u	314	0	0
sq_misc.split_lock:u	315	0	0
sq_misc.split_lock:u	316	0	0
sq_misc.split_lock:u	317	0	0
sq_misc.split_lock:u	318	0	0
sq_misc.split_lock:u	319	0	0
sq_misc.split_lock:u	320	0	0
sq_misc.split_lock:u	321	0	0
sq_misc.split_lock:u	322	0	0
sq_misc.split_lock:u	323	0	0
sq_misc.split_lock:u	324	0	0
sq_misc.split_lock:u	325	0	0
sq_misc.split_lock:u	326	0	0
sq_misc.split_lock:u	327	0	0
sq_misc.split_lock:u	328	0	0
sq_misc.split_lock:u	329	0	0
sq_misc.split_lock:u	330	0	0
sq_misc.split_lock:u	331	0	0
sq_misc.split_lock:u	332	0	0
sq_misc.split_lock:u	333	0	0
sq_misc.split_lock:u	334	0	0
sq_misc.split_lock:u	335	0	0
sq_misc.split_lock:u	336	0	0
sq_misc.split_lock:u	337	0	0
sq_misc.split_lock:u	338	0	0
sq_misc.split_lock:u	339	0	0
sq_misc.split_lock:u	340	0	0
sq_misc.split_lock:u	341	0	0
sq_misc.split_lock:u	342	0	0
sq_misc.split_lock:u	343	0	0
sq_misc.split_lock:u	344	0	0
sq_misc.split_lock:u	345	0	0
sq_misc.split_lock:u	346	0	0
sq_misc.split_lock:u	347	0	0
sq_misc.split_lock:u	348	0	0
sq_misc.split_lock:u	349	0	0
sq_misc.split_lock:u	350	0	0
sq_misc.split_lock:u	351	0	0
sq_misc.split_lock:u	352	0	0
sq_misc.split_lock:u	353	0	0
sq_misc.split_lock:u	354	0	0
sq_misc.split_lock:u	355	0	0
sq_misc.split_lock:u	356	0	0
sq_misc.split_lock:u	357	0	0
sq_misc.split_lock:u	358	0	0
sq_misc.split_lock:u	359	0	0
sq_misc.split_lock:u	360	0	0
sq_misc.split_lock:u	361	0	0
sq_misc.split_lock:u	362	0	0
sq_misc.split_lock:u	363	0	0
sq_misc.split_lock:u	364	0	0
sq_misc.split_lock:u	365	0	0
sq_misc.split_lock:u	366	0	0
sq_misc.split_lock:u	367	0	0
sq_misc.split_lock:u	368	0	0
sq_misc.split_lock:u	369	0	0
sq_misc.split_lock:u	370	0	0
sq_misc.split_lock:u	371	0	0
sq_misc.split_lock:u	372	0	0
sq_misc.split_lock:u	373	0	0
sq_misc.split_lock:u	374	0	0
sq_misc.split_lock:u	375	0	0
sq_misc.split_lock:u	376	0	0
sq_misc.split_lock:u	377	0	0
sq_misc.split_lock:u	378	0	0
sq_misc.split_lock:u	379	0	0
sq_misc.split_lock:u	380	0	0
sq_misc.split_lock:u	381	0	0
sq_misc.split_lock:u	382	0	0
sq_misc.split_lock:u	383	0	0
sq_misc.split_lock:u	384	0	0
sq_misc.split_lock:u	385	0	0
sq_misc.split_lock:u	386	0	0
sq_misc.split_lock:u	387	0	0
sq_misc.split_lock:u	388	0	0
sq_misc.split_lock:u	389	0	0
sq_misc.split_lock:u	390	0	0
sq_misc.split_lock:u	391	0	0
sq_misc.split_lock:u	392	0	0
sq_misc.split_lock:u	393	0	0
sq_misc.split_lock:u	394	0	0
sq_misc.split_lock:u	395	0	0
sq_misc.split_lock:u	396	0	0
sq_misc.split_lock:u	397	0	0
sq_misc.split_lock:u	398	0	0
sq_misc.split_lock:u	399	0	0
sq_misc.split_lock:u	400	0	0
sq_misc.split_lock:u	401	0	0
sq_misc.split_lock:u	402	0	0
sq_misc.split_lock:u	403	0	0
sq_misc.split_lock:u	404	0	0
sq_misc.split_lock:u	405	0	0
sq_misc.split_lock:u	406	0	0
sq_misc.split_lock:u	407	0	0
sq_misc.split_lock:u	408	0	0
sq_misc.split_lock:u	409	0	0
sq_misc.split_lock:u	410	0	0
sq_misc.split_lock:u	411	0	0
sq_misc.split_lock:u	412	0	0
sq_misc.split_lock:u	413	0	0
sq_misc.split_lock:u	414	0	0
sq_misc.split_lock:u	415	0	0
sq_misc.split_lock:u	416	0	0
sq_misc.split_lock:u	417	0	0
sq_misc.split_lock:u	418	0	0
sq_misc.split_lock:u	419	0	0
sq_misc.split_lock:u	420	0	0
sq_misc.split_lock:u	421	0	0
sq_misc.split_lock:u	422	0	0
sq_misc.split_lock:u	423	0	0
sq_misc.split_lock:u	424	0	0
sq_misc.split_lock:u	425	0	0
sq_misc.split_lock:u	426	0	0
sq_misc.split_lock:u	427	0	0
sq_misc.split_lock:u	428	0	0
sq_misc.split_lock:u	429	0	0
sq_misc.split_lock:u	430	0	0
sq_misc.split_lock:u	431	0	0
sq_misc.split_lock:u	432	0	0
sq_misc.split_lock:u	433	0	0
sq_misc.split_lock:u	434	0	0
sq_misc.split_lock:u	435	0	0
sq_misc.split_lock:u	436	0	0
sq_misc.split_lock:u	437	0	0
sq_misc.split_lock:u	438	0	0
sq_misc.split_lock:u	439	0	0
sq_misc.split_lock:u	440	0	0
sq_misc.split_lock:u	441	0	0
sq_misc.split_lock:u	442	0	0
sq_misc.split_lock:u	443	0	0
sq_misc.split_lock:u	444	0	0
sq_misc.split_lock:u	445	0	0
sq_misc.split_lock:u	446	0	0
sq_misc.split_lock:u	447	0	0
sq_misc.split_lock:u	448	0	0
sq_misc.split_lock:u	449	0	0
sq_misc.split_lock:u	450	0	0
sq_misc.split_lock:u	451	0	0
sq_misc.split_lock:u	452	0	0
sq_misc.split_lock:u	453	0	0
sq_misc.split_lock:u	454	0	0
sq_misc.split_lock:u	455	0	0
sq_misc.split_lock:u	456	0	0
sq_misc.split_lock:u	457	0	0
sq_misc.split_lock:u	458	0	0
sq_misc.split_lock:u	459	0	0
sq_misc.split_lock:u	460	0	0
sq_misc.split_lock:u	461	0	0
sq_misc.split_lock:u	462	0	0
sq_misc.split_lock:u	463	0	0
sq_misc.split_lock:u	464	0	0
sq_misc.split_lock:u	465	0	0
sq_misc.split_lock:u	466	0	0
sq_misc.split_lock:u	467	0	0
sq_misc.split_lock:u	468	0	0
sq_misc.split_lock:u	469	0	0
sq_misc.split_lock:u	470	0	0
sq_misc.split_lock:u	471	0	0
sq_misc.split_lock:u	472	0	0
sq_misc.split_lock:u	473	0	0
sq_misc.split_lock:u	474	0	0
sq_misc.split_lock:u	475	0	0
sq_misc.split_lock:u	476	0	0
sq_misc.split_lock:u	477	0	0
sq_misc.split_lock:u	478	0	0
sq_misc.split_lock:u	479	0	0
sq_misc.split_lock:u	480	0	0
sq_misc.split_lock:u	481	0	0
sq_misc.split_lock:u	482	0	0
sq_misc.split_lock:u	483	0	0
sq_misc.split_lock:u	484	0	0
sq_misc.split_lock:u	485	0	0
sq_misc.split_lock:u	486	0	0
sq_misc.split_lock:u	487	0	0
sq_misc.split_lock:u	488	0	0
sq_misc.split_lock:u	489	0	0
sq_misc.split_lock:u	490	0	0
sq_misc.split_lock:u	491	0	0
sq_misc.split_lock:u	492	0	0
sq_misc.split_lock:u	493	0	0
sq_misc.split_lock:u	494	0	0
sq_misc.split_lock:u	495	0	0
sq_misc.split_lock:u	496	0	0
sq_misc.split_lock:u	497	0	0
sq_misc.split_lock:u	498	0	0
sq_misc.split_lock:u	499	0	0
sq_misc.split_lock:u	500	0	0
sq_misc.split_lock:u	501	0	0
sq_misc.split_lock:u	502	0	0
sq_misc.split_lock:u	503	0	0
sq_misc.split_lock:u	504	0	0
sq_misc.split_lock:u	505	0	0
sq_misc.split_lock:u	506	0	0
sq_misc.split_lock:u	507	0	0
sq_misc.split_lock:u	508	0	0
sq_misc.split_lock:u	509	0	0
sq_misc.split_lock:u	510	0	0
sq_misc.split_lock:u	511	0	0
sq_misc.split_lock:u	512	0	0
sq_misc.split_lock:u	513	0	0
sq_misc.split_lock:u	514	0	0
sq_misc.split_lock:u	515	0	0
sq_misc.split_lock:u	516	0	0
sq_misc.split_lock:u	517	0	0
sq_misc.split_lock:u	518	0	0
sq_misc.split_lock:u	519	0	0
sq_misc.split_lock:u	520	0	0
sq_misc.split_lock:u	521	0	0
sq_misc.split_lock:u	522	0	0
sq_misc.split_lock:u	523	0	0
sq_misc.split_lock:u	524	0	0
sq_misc.split_lock:u	525	0	0
sq_misc.split_lock:u	526	0	0
sq_misc.split_lock:u	527	0	0
sq_misc.split_lock:u	528	0	0
sq_misc.split_lock:u	529	0	0
sq_misc.split_lock:u	530	0	0
sq_misc.split_lock:u	531	0	0
sq_misc.split_lock:u	532	0	0
sq_misc.split_lock:u	533	0	0
sq_misc.split_lock:u	534	0	0
sq_misc.split_lock:u	535	0	0
sq_misc.split_lock:u	536	0	0
sq_misc.split_lock:u	537	0	0
sq_misc.split_lock:u	538	0	0
sq_misc.split_lock:u	539	0	0
sq_misc.split_lock:u	540	0	0
sq_misc.split_lock:u	541	0	0
sq_misc.split_lock:u	542	0	0
sq_misc.split_lock:u	543	0	0
sq_misc.split_lock:u	544	0	0
sq_misc.split_lock:u	545	0	0
sq_misc.split_lock:u	546	0	0
sq_misc.split_lock:u	547	0	0
sq_misc.split_lock:u	548	0	0
sq_misc.split_lock:u	549	0	0
sq_misc.split_lock:u	550	0	0
sq_misc.split_lock:u	551	0	0
sq_misc.split_lock:u	552	0	0
sq_misc.split_lock:u	553	0	0
sq_misc.split_lock:u	554	0	0
sq_misc.split_lock:u	555	0	0
sq_misc.split_lock:u	556	0	0
sq_misc.split_lock:u	557	0	0
sq_misc.split_lock:u	558	0	0
sq_misc.split_lock:u	559	0	0
sq_misc.split_lock:u	560	0	0
sq_misc.split_lock:u	561	0	0
sq_misc.split_lock:u	562	0	0
sq_misc.split_lock:u	563	0	0
sq_misc.split_lock:u	564	0	0
sq_misc.split_lock:u	565	0	0
sq_misc.split_lock:u	566	0	0
sq_misc.split_lock:u	567	0	0
sq_misc.split_lock:u	568	0	0
sq_misc.split_lock:u	569	0	0
sq_misc.split_lock:u	570	0	0
sq_misc.split_lock:u	571	0	0
sq_misc.split_lock:u	572	0	0
sq_misc.split_lock:u	573	0	0
sq_misc.split_lock:u	574	0	0
sq_misc.split_lock:u	575	0	0
sq_misc.split_lock:u	576	0	0
sq_misc.split_lock:u	577	0	0
sq_misc.split_lock:u	578	0	0
sq_misc.split_lock:u	579	0	0
sq_misc.split_lock:u	580	0	0
sq_misc.split_lock:u	581	0	0
sq_misc.split_lock:u	582	0	0
sq_misc.split_lock:u	583	0	0
sq_misc.split_lock:u	584	0	0
sq_misc.split_lock:u	585	0	0
sq_misc.split_lock:u	586	0	0
sq_misc.split_lock:u	587	0	0
sq_misc.split_lock:u	588	0	0
sq_misc.split_lock:u	589	0	0
sq_misc.split_lock:u	590	0	0
sq_misc.split_lock:u	591	0	0
sq_misc.split_lock:u	592	0	0
sq_misc.split_lock:u	593	0	0
sq_misc.split_lock:u	594	0	0
sq_misc.split_lock:u	595	0	0
sq_misc.split_lock:u	596	0	0
sq_misc.split_lock:u	597	0	0
sq_misc.split_lock:u	598	0	0
sq_misc.split_lock:u	599	0	0
sq_misc.split_lock:u	600	0	0
sq_misc.split_lock:u	601	0	0
sq_misc.split_lock:u	602	0	0
sq_misc.split_lock:u	603	0	0
sq_misc.split_lock:u	604	0	0
sq_misc.split_lock:u	605	0	0
sq_misc.split_lock:u	606	0	0
sq_misc.split_lock:u	607	0	0
sq_misc.split_lock:u	608	0	0
sq_misc.split_lock:u	609	0	0
sq_misc.split_lock:u	610	0	0
sq_misc.split_lock:u	611	0	0
sq_misc.split_lock:u	612	0	0
sq_misc.split_lock:u	613	0	0
sq_misc.split_lock:u	614	0	0
sq_misc.split_lock:u	615	0	0
sq_misc.split_lock:u	616	0	0
sq_misc.split_lock:u	617	0	0
sq_misc.split_lock:u	618	0	0
sq_misc.split_lock:u	619	0	0
sq_misc.split_lock:u	620	0	0
sq_misc.split_lock:u	621	0	0
sq_misc.split_lock:u	622	0	0
sq_misc.split_lock:u	623	0	0
sq_misc.split_lock:u	624	0	0
sq_misc.split_lock:u	625	0	0
sq_misc.split_lock:u	626	0	0
sq_misc.split_lock:u	627	0	0
sq_misc.split_lock:u	628	0	0
sq_misc.split_lock:u	629	0	0
sq_misc.split_lock:u	630	0	0
sq_misc.split_lock:u	631	0	0
sq_misc.split_lock:u	632	0	0
sq_misc.split_lock:u	633	0	0
sq_misc.split_lock:u	634	0	0
sq_misc.split_lock:u	635	0	0
sq_misc.split_lock:u	636	0	0
sq_misc.split_lock:u	637	0	0
sq_misc.split_lock:u	638	0	0
sq_misc.split_lock:u	639	0	0
sq_misc.split_lock:u	640	0	0
sq_misc.split_lock:u	641	0	0
sq_misc.split_lock:u	642	0	0
sq_misc.split_lock:u	643	0	0
sq_misc.split_lock:u	644	0	0
sq_misc.split_lock:u	645	0	0
sq_misc.split_lock:u	646	0	0
sq_misc.split_lock:u	647	0	0
sq_misc.split_lock:u	648	0	0
sq_misc.split_lock:u	649	0	0
sq_misc.split_lock:u	650	0	0
sq_misc.split_lock:u	651	0	0
sq_misc.split_lock:u	652	0	0
sq_misc.split_lock:u	653	0	0
sq_misc.split_lock:u	654	0	0
sq_misc.split_lock:u	655	0	0
sq_misc.split_lock:u	656	0	0
sq_misc.split_lock:u	657	0	0
sq_misc.split_lock:u	658	0	0
sq_misc.split_lock:u	659	0	0
sq_misc.split_lock:u	660	0	0
sq_misc.split_lock:u	661	0	0
sq_misc.split_lock:u	662	0	0
sq_misc.split_lock:u	663	0	0
sq_misc.split_lock:u	664	0	0
sq_misc.split_lock:u	665	0	0
sq_misc.split_lock:u	666	0	0
sq_misc.split_lock:u	667	0	0
sq_misc.split_lock:u	668	0	0
sq_misc.split_lock:u	669	0	0
sq_misc.split_lock:u	670	0	0
sq_misc.split_lock:u	671	0	0
sq_misc.split_lock:u	672	0	0
sq_misc.split_lock:u	673	0	0
sq_misc.split_lock:u	674	0	0
sq_misc.split_lock:u	675	0	0
sq_misc.split_lock:u	676	0	0
sq_misc.split_lock:u	677	0	0
sq_misc.split_lock:u	678	0	0
sq_misc.split_lock:u	679	0	0
sq_misc.split_lock:u	680	0	0
sq_misc.split_lock:u	681	0	0
sq_misc.split_lock:u	682	0	0
sq_misc.split_lock:u	683	0	0
sq_misc.split_lock:u	684	0	0
sq_misc.split_lock:u	685	0	0
sq_misc.split_lock:u	686	0	0
sq_misc.split_lock:u	687	0	0
sq_misc.split_lock:u	688	0	0
sq_misc.split_lock:u	689	0	0
sq_misc.split_lock:u	690	0	0
sq_misc.split_lock:u	691	0	0
sq_misc.split_lock:u	692	0	0
sq_misc.split_lock:u	693	0	0
sq_misc.split_lock:u	694	0	0
sq_misc.split_lock:u	695	0	0
sq_misc.split_lock:u	696	0	0
sq_misc.split_lock:u	697	0	0
sq_misc.split_lock:u	698	0	0
sq_misc.split_lock:u	699	0	0
sq_misc.split_lock:u	700	0	0
sq_misc.split_lock:u	701	0	0
sq_misc.split_lock:u	702	0	0
sq_misc.split_lock:u	703	0	0
sq_misc.split_lock:u	704	0	0
sq_misc.split_lock:u	705	0	0
sq_misc.split_lock:u	706	0	0
sq_misc.split_lock:u	707	0	0
sq_misc.split_lock:u	708	0	0
sq_misc.split_lock:u	709	0	0
sq_misc.split_lock:u	710	0	0
sq_misc.split_lock:u	711	0	0
sq_misc.split_lock:u	712	0	0
sq_misc.split_lock:u	713	0	0
sq_misc.split_lock:u	714	0	0
sq_misc.split_lock:u	715	0	0
sq_misc.split_lock:u	716	0	0
sq_misc.split_lock:u	717	0	0
sq_misc.split_lock:u	718	0	0
sq_misc.split_lock:u	719	0	0
sq_misc.split_lock:u	720	0	0
sq_misc.split_lock:u	721	0	0
sq_misc.split_lock:u	722	0	0
sq_misc.split_lock:u	723	0	0
sq_misc.split_lock:u	724	0	0
sq_misc.split_lock:u	725	0	0
sq_misc.split_lock:u	726	0	0
sq_misc.split_lock:u	727	0	0
sq_misc.split_lock:u	728	0	0
sq_misc.split_lock:u	729	0	0
sq_misc.split_lock:u	730	0	0
sq_misc.split_lock:u	731	0	0
sq_misc.split_lock:u	732	0	0
sq_misc.split_lock:u	733	0	0
sq_misc.split_lock:u	734	0	0
sq_misc.split_lock:u	735	0	0
sq_misc.split_lock:u	736	0	0
sq_misc.split_lock:u	737	0	0
sq_misc.split_lock:u	738	0	0
sq_misc.split_lock:u	739	0	0
sq_misc.split_lock:u	740	0	0
sq_misc.split_lock:u	741	0	0
sq_misc.split_lock:u	742	0	0
sq_misc.split_lock:u	743	0	0
sq_misc.split_lock:u	744	0	0
sq_misc.split_lock:u	745	0	0
sq_misc.split_lock:u	746	0	0
sq_misc.split_lock:u	747	0	0
sq_misc.split_lock:u	748	0	0
sq_misc.split_lock:u	749	0	0
sq_misc.split_lock:u	750	0	0
sq_misc.split_lock:u	751	0	0
sq_misc.split_lock:u	752	0	0
sq_misc.split_lock:u	753	0	0
sq_misc.split_lock:u	754	0	0
sq_misc.split_lock:u	755	0	0
sq_misc.split_lock:u	756	0	0
sq_misc.split_lock:u	757	0	0
sq_misc.split_lock:u	758	0	0
sq_misc.split_lock:u	759	0	0
sq_misc.split_lock:u	760	0	0
sq_misc.split_lock:u	761	0	0
sq_misc.split_lock:u	762	0	0
sq_misc.split_lock:u	763	0	0
sq_misc.split_lock:u	764	0	0
sq_misc.split_lock:u	765	0	0
sq_misc.split_lock:u	766	0	0
sq_misc.split_lock:u	767	0	0
sq_misc.split_lock:u	768	0	0
sq_misc.split_lock:u	769	0	0
sq_misc.split_lock:u	770	0	0
sq_misc.split_lock:u	771	0	0
sq_misc.split_lock:u	772	0	0
sq_misc.split_lock:u	773	0	0
sq_misc.split_lock:u	774	0	0
sq_misc.split_lock:u	775	0	0
sq_misc.split_lock:u	776	0	0
sq_misc.split_lock:u	777	0	0
sq_misc.split_lock:u	778	0	0
sq_misc.split_lock:u	779	0	0
sq_misc.split_lock:u	780	0	0
sq_misc.split_lock:u	781	0	0
sq_misc.split_lock:u	782	0	0
sq_misc.split_lock:u	783	0	0
sq_misc.split_lock:u	784	0	0
sq_misc.split_lock:u	785	0	0
sq_misc.split_lock:u	786	0	0
sq_misc.split_lock:u	787	0	0
sq_misc.split_lock:u	788	0	0
sq_misc.split_lock:u	789	0	0
sq_misc.split_lock:u	790	0	0
sq_misc.split_lock:u	791	0	0
sq_misc.split_lock:u	792	0	0
sq_misc.split_lock:u	793	0	0
sq_misc.split_lock:u	794	0	0
sq_misc.split_lock:u	795	0	0
sq_misc.split_lock:u	796	0	0
sq_misc.split_lock:u	797	0	0
sq_misc.split_lock:u	798	0	0
sq_misc.split_lock:u	799	0	0
sq_misc.split_lock:u	800	0	0
sq_misc.split_lock:u	801	0	0
sq_misc.split_lock:u	802	0	0
sq_misc.split_lock:u	803	0	0
sq_misc.split_lock:u	804	0	0
sq_misc.split_lock:u	805	0	0
sq_misc.split_lock:u	806	0	0
sq_misc.split_lock:u	807	0	0
sq_misc.split_lock:u	808	0	0
sq_misc.split_lock:u	809	0	0
sq_misc.split_lock:u	810	0	0
sq_misc.split_lock:u	811	0	0
sq_misc.split_lock:u	812	0	0
sq_misc.split_lock:u	813	0	0
sq_misc.split_lock:u	814	0	0
sq_misc.split_lock:u	815	0	0
sq_misc.split_lock:u	816	0	0
sq_misc.split_lock:u	817	0	0
sq_misc.split_lock:u	818	0	0
sq_misc.split_lock:u	819	0	0
sq_misc.split_lock:u	820	0	0
sq_misc.split_lock:u	821	0	0
sq_misc.split_lock:u	822	0	0
sq_misc.split_lock:u	823	0	0
sq_misc.split_lock:u	824	0	0
sq_misc.split_lock:u	825	0	0
sq_misc.split_lock:u	826	0	0
sq_misc.split_lock:u	827	0	0
sq_misc.split_lock:u	828	0	0
sq_misc.split_lock:u	829	0	0
sq_misc.split_lock:u	830	0	0
sq_misc.split_lock:u	831	0	0
sq_misc.split_lock:u	832	0	0
sq_misc.split_lock:u	833	0	0
sq_misc.split_lock:u	834	0	0
sq_misc.split_lock:u	835	0	0
sq_misc.split_lock:u	836	0	0
sq_misc.split_lock:u	837	0	0
sq_misc.split_lock:u	838	0	0
sq_misc.split_lock:u	839	0	0
sq_misc.split_lock:u	840	0	0
sq_misc.split_lock:u	841	0	0
sq_misc.split_lock:u	842	0	0
sq_misc.split_lock:u	843	0	0
sq_misc.split_lock:u	844	0	0
sq_misc.split_lock:u	845	0	0
sq_misc.split_lock:u	846	0	0
sq_misc.split_lock:u	847	0	0
sq_misc.split_lock:u	848	0	0
sq_misc.split_lock:u	849	0	0
sq_misc.split_lock:u	850	0	0
sq_misc.split_lock:u	851	0	0
sq_misc.split_lock:u	852	0	0
sq_misc.split_lock:u	853	0	0
sq_misc.split_lock:u	854	0	0
sq_misc.split_lock:u	855	0	0
sq_misc.split_lock:u	856	0	0
sq_misc.split_lock:u	857	0	0
sq_misc.split_lock:u	858	0	0
sq_misc.split_lock:u	859	0	0
sq_misc.split_lock:u	860	0	0
sq_misc.split_lock:u	861	0	0
sq_misc.split_lock:u	862	0	0
sq_misc.split_lock:u	863	0	0
sq_misc.split_lock:u	864	0	0
sq_misc.split_lock:u	865	0	0
sq_misc.split_lock:u	866	0	0
sq_misc.split_lock:u	867	0	0
sq_misc.split_lock:u	868	0	0
sq_misc.split_lock:u	869	0	0
sq_misc.split_lock:u	870	0	0
sq_misc.split_lock:u	871	0	0
sq_misc.split_lock:u	872	0	0
sq_misc.split_lock:u	873	0	0
sq_misc.split_lock:u	874	0	0
sq_misc.split_lock:u	875	0	0
sq_misc.split_lock:u	876	0	0
sq_misc.split_lock:u	877	0	0
sq_misc.split_lock:u	878	0	0
sq_misc.split_lock:u	879	0	0
sq_misc.split_lock:u	880	0	0
sq_misc.split_lock:u	881	0	0
sq_misc.split_lock:u	882	0	0
sq_misc.split_lock:u	883	0	0
sq_misc.split_lock:u	884	0	0
sq_misc.split_lock:u	885	0	0
sq_misc.split_lock:u	886	0	0
sq_misc.split_lock:u	887	0	0
sq_misc.split_lock:u	888	0	0
sq_misc.split_lock:u	889	0	0
sq_misc.split_lock:u	890	0	0
sq_misc.split_lock:u	891	0	0
sq_misc.split_lock:u	892	0	0
sq_misc.split_lock:u	893	0	0
sq_misc.split_lock:u	894	0	0
sq_misc.split_lock:u	895	0	0
sq_misc.split_lock:u	896	0	0
sq_misc.split_lock:u	897	0	0
sq_misc.split_lock:u	898	0	0
sq_misc.split_lock:u	899	0	0
sq_misc.split_lock:u	900	0	0
sq_misc.split_lock:u	901	0	0
sq_misc.split_lock:u	902	0	0
sq_misc.split_lock:u	903	0	0
sq_misc.split_lock:u	904	0	0
sq_misc.split_lock:u	905	0	0
sq_misc.split_lock:u	906	0	0
sq_misc.split_lock:u	907	0	0
sq_misc.split_lock:u	908	0	0
sq_misc.split_lock:u	909	0	0
sq_misc.split_lock:u	910	0	0
sq_misc.split_lock:u	911	0	0
sq_misc.split_lock:u	912	0	0
sq_misc.split_lock:u	913	0	0
sq_misc.split_lock:u	914	0	0
sq_misc.split_lock:u	915	0	0
sq_misc.split_lock:u	916	0	0
sq_misc.split_lock:u	917	0	0
sq_misc.split_lock:u	918	0	0
sq_misc.split_lock:u	919	0	0
sq_misc.split_lock:u	920	0	0
sq_misc.split_lock:u	921	0	0
sq_misc.split_lock:u	922	0	0
sq_misc.split_lock:u	923	0	0
sq_misc.split_lock:u	924	0	0
sq_misc.split_lock:u	925	0	0
sq_misc.split_lock:u	926	0	0
sq_misc.split_lock:u	927	0	0
sq_misc.split_lock:u	928	0	0
sq_misc.split_lock:u	929	0	0
sq_misc.split_lock:u	930	0	0
sq_misc.split_lock:u	931	0	0
sq_misc.split_lock:u	932	0	0
sq_misc.split_lock:u	933	0	0
sq_misc.split_lock:u	934	0	0
sq_misc.split_lock:u	935	0	0
sq_misc.split_lock:u	936	0	0
sq_misc.split_lock:u	937	0	0
sq_misc.split_lock:u	938	0	0
sq_misc.split_lock:u	939	0	0
sq_misc.split_lock:u	940	0	0
sq_misc.split_lock:u	941	0	0
sq_misc.split_lock:u	942	0	0
sq_misc.split_lock:u	943	0	0
sq_misc.split_lock:u	944	0	0
sq_misc.split_lock:u	945	0	0
sq_misc.split_lock:u	946	0	0
sq_misc.split_lock:u	947	0	0
sq_misc.split_lock:u	948	0	0
sq_misc.split_lock:u	949	0	0
sq_misc.split_lock:u	950	0	0
sq_misc.split_lock:u	951	0	0
sq_misc.split_lock:u	952	0	0
sq_misc.split_lock:u	953	0	0
sq_misc.split_lock:u	954	0	0
sq_misc.split_lock:u	955	0	0
sq_misc.split_lock:u	956	0	0
sq_misc.split_lock:u	957	0	0
sq_misc.split_lock:u	958	0	0
sq_misc.split_lock:u	959	0	0
sq_misc.split_lock:u	960	0	0
sq_misc.split_lock:u	961	0	0
sq_misc.split_lock:u	962	0	0
sq_misc.split_lock:u	963	0	0
sq_misc.split_lock:u	964	0	0
sq_misc.split_lock:u	965	0	0
sq_misc.split_lock:u	966	0	0
sq_misc.split_lock:u	967	0	0
sq_misc.split_lock:u	968	0	0
sq_misc.split_lock:u	969	0	0
sq_misc.split_lock:u	970	0	0
sq_misc.split_lock:u	971	0	0
sq_misc.split_lock:u	972	0	0
sq_misc.split_lock:u	973	0	0
sq_misc.split_lock:u	974	0	0
sq_misc.split_lock:u	975	0	0
sq_misc.split_lock:u	976	0	0
sq_misc.split_lock:u	977	0	0
sq_misc.split_lock:u	978	0	0
sq_misc.split_lock:u	979	0	0
sq_misc.split_lock:u	980	0	0
sq_misc.split_lock:u	981	0	0
sq_misc.split_lock:u	982	0	0
sq_misc.split_lock:u	983	0	0
sq_misc.split_lock:u	984	0	0
sq_misc.split_lock:u	985	0	0
sq_misc.split_lock:u	986	0	0
sq_misc.split_lock:u	987	0	0
sq_misc.split_lock:u	988	0	0
sq_misc.split_lock:u	989	0	0
sq_misc.split_lock:u	990	0	0
sq_misc.split_lock:u	991	0	0
sq_misc.split_lock:u	992	0	0
sq_misc.split_lock:u	993	0	0
sq_misc.split_lock:u	994	0	0
sq_misc.split_lock:u	995	0	0
sq_misc.split_lock:u	996	0	0
sq_misc.split_lock:u	997	0	0
sq_misc.split_lock:u	998	0	0
sq_misc.split_lock:u	999	0	0
sq_misc.split_lock:u	1000	0	0
decode.lcp:u	1	718235	0
decode.lcp:u	2	718285	0
idq.ms_dsb_cycles:u	1	3406489	0
idq.ms_dsb_cycles:u	2	3405675	0
hle_retired.start:u	1	0	0
hle_retired.start:u	2	0	0
hle_retired.start:u	3	0	0
hle_retired.start:u	4	0	0
hle_retired.start:u	5	0	0
hle_retired.start:u	6	0	0
hle_retired.start:u	7	0	0
hle_retired.start:u	8	0	0
hle_retired.start:u	9	0	0
hle_retired.start:u	10	0	0
hle_retired.start:u	11	0	0
hle_retired.start:u	12	0	0
hle_retired.start:u	13	0	0
hle_retired.start:u	14	0	0
hle_retired.start:u	15	0	0
hle_retired.start:u	16	0	0
hle_retired.start:u	17	0	0
hle_retired.start:u	18	0	0
hle_retired.start:u	19	0	0
hle_retired.start:u	20	0	0
hle_retired.start:u	21	0	0
hle_retired.start:u	22	0	0
hle_retired.start:u	23	0	0
hle_retired.start:u	24	0	0
hle_retired.start:u	25	0	0
hle_retired.start:u	26	0	0
hle_retired.start:u	27	0	0
hle_retired.start:u	28	0	0
hle_retired.start:u	29	0	0
hle_retired.start:u	30	0	0
hle_retired.start:u	31	0	0
hle_retired.start:u	32	0	0
hle_retired.start:u	33	0	0
hle_retired.start:u	34	0	0
hle_retired.start:u	35	0	0
hle_retired.start:u	36	0	0
hle_retired.start:u	37	0	0
hle_retired.start:u	38	0	0
hle_retired.start:u	39	0	0
hle_retired.start:u	40	0	0
hle_retired.start:u	41	0	0
hle_retired.start:u	42	0	0
hle_retired.start:u	43	0	0
hle_retired.start:u	44	0	0
hle_retired.start:u	45	0	0
hle_retired.start:u	46	0	0
hle_retired.start:u	47	0	0
hle_retired.start:u	48	0	0
hle_retired.start:u	49	0	0
hle_retired.start:u	50	0	0
hle_retired.start:u	51	0	0
hle_retired.start:u	52	0	0
hle_retired.start:u	53	0	0
hle_retired.start:u	54	0	0
hle_retired.start:u	55	0	0
hle_retired.start:u	56	0	0
hle_retired.start:u	57	0	0
hle_retired.start:u	58	0	0
hle_retired.start:u	59	0	0
hle_retired.start:u	60	0	0
hle_retired.start:u	61	0	0
hle_retired.start:u	62	0	0
hle_retired.start:u	63	0	0
hle_retired.start:u	64	0	0
hle_retired.start:u	65	0	0
hle_retired.start:u	66	0	0
hle_retired.start:u	67	0	0
hle_retired.start:u	68	0	0
hle_retired.start:u	69	0	0
hle_retired.start:u	70	0	0
hle_retired.start:u	71	0	0
hle_retired.start:u	72	0	0
hle_retired.start:u	73	0	0
hle_retired.start:u	74	0	0
hle_retired.start:u	75	0	0
hle_retired.start:u	76	0	0
hle_retired.start:u	77	0	0
hle_retired.start:u	78	0	0
hle_retired.start:u	79	0	0
hle_retired.start:u	80	0	0
hle_retired.start:u	81	0	0
hle_retired.start:u	82	0	0
hle_retired.start:u	83	0	0
hle_retired.start:u	84	0	0
hle_retired.start:u	85	0	0
hle_retired.start:u	86	0	0
hle_retired.start:u	87	0	0
hle_retired.start:u	88	0	0
hle_retired.start:u	89	0	0
hle_retired.start:u	90	0	0
hle_retired.start:u	91	0	0
hle_retired.start:u	92	0	0
hle_retired.start:u	93	0	0
hle_retired.start:u	94	0	0
hle_retired.start:u	95	0	0
hle_retired.start:u	96	0	0
hle_retired.start:u	97	0	0
hle_retired.start:u	98	0	0
hle_retired.start:u	99	0	0
hle_retired.start:u	100	0	0
hle_retired.start:u	101	0	0
hle_retired.start:u	102	0	0
hle_retired.start:u	103	0	0
hle_retired.start:u	104	0	0
hle_retired.start:u	105	0	0
hle_retired.start:u	106	0	0
hle_retired.start:u	107	0	0
hle_retired.start:u	108	0	0
hle_retired.start:u	109	0	0
hle_retired.start:u	110	0	0
hle_retired.start:u	111	0	0
hle_retired.start:u	112	0	0
hle_retired.start:u	113	0	0
hle_retired.start:u	114	0	0
hle_retired.start:u	115	0	0
hle_retired.start:u	116	0	0
hle_retired.start:u	117	0	0
hle_retired.start:u	118	0	0
hle_retired.start:u	119	0	0
hle_retired.start:u	120	0	0
hle_retired.start:u	121	0	0
hle_retired.start:u	122	0	0
hle_retired.start:u	123	0	0
hle_retired.start:u	124	0	0
hle_retired.start:u	125	0	0
hle_retired.start:u	126	0	0
hle_retired.start:u	127	0	0
hle_retired.start:u	128	0	0
hle_retired.start:u	129	0	0
hle_retired.start:u	130	0	0
hle_retired.start:u	131	0	0
hle_retired.start:u	132	0	0
hle_retired.start:u	133	0	0
hle_retired.start:u	134	0	0
hle_retired.start:u	135	0	0
hle_retired.start:u	136	0	0
hle_retired.start:u	137	0	0
hle_retired.start:u	138	0	0
hle_retired.start:u	139	0	0
hle_retired.start:u	140	0	0
hle_retired.start:u	141	0	0
hle_retired.start:u	142	0	0
hle_retired.start:u	143	0	0
hle_retired.start:u	144	0	0
hle_retired.start:u	145	0	0
hle_retired.start:u	146	0	0
hle_retired.start:u	147	0	0
hle_retired.start:u	148	0	0
hle_retired.start:u	149	0	0
hle_retired.start:u	150	0	0
hle_retired.start:u	151	0	0
hle_retired.start:u	152	0	0
hle_retired.start:u	153	0	0
hle_retired.start:u	154	0	0
hle_retired.start:u	155	0	0
hle_retired.start:u	156	0	0
hle_retired.start:u	157	0	0
hle_retired.start:u	158	0	0
hle_retired.start:u	159	0	0
hle_retired.start:u	160	0	0
hle_retired.start:u	161	0	0
hle_retired.start:u	162	0	0
hle_retired.start:u	163	0	0
hle_retired.start:u	164	0	0
hle_retired.start:u	165	0	0
hle_retired.start:u	166	0	0
hle_retired.start:u	167	0	0
hle_retired.start:u	168	0	0
hle_retired.start:u	169	0	0
hle_retired.start:u	170	0	0
hle_retired.start:u	171	0	0
hle_retired.start:u	172	0	0
hle_retired.start:u	173	0	0
hle_retired.start:u	174	0	0
hle_retired.start:u	175	0	0
hle_retired.start:u	176	0	0
hle_retired.start:u	177	0	0
hle_retired.start:u	178	0	0
hle_retired.start:u	179	0	0
hle_retired.start:u	180	0	0
hle_retired.start:u	181	0	0
hle_retired.start:u	182	0	0
hle_retired.start:u	183	0	0
hle_retired.start:u	184	0	0
hle_retired.start:u	185	0	0
hle_retired.start:u	186	0	0
hle_retired.start:u	187	0	0
hle_retired.start:u	188	0	0
hle_retired.start:u	189	0	0
hle_retired.start:u	190	0	0
hle_retired.start:u	191	0	0
hle_retired.start:u	192	0	0
hle_retired.start:u	193	0	0
hle_retired.start:u	194	0	0
hle_retired.start:u	195	0	0
hle_retired.start:u	196	0	0
hle_retired.start:u	197	0	0
hle_retired.start:u	198	0	0
hle_retired.start:u	199	0	0
hle_retired.start:u	200	0	0
hle_retired.start:u	201	0	0
hle_retired.start:u	202	0	0
hle_retired.start:u	203	0	0
hle_retired.start:u	204	0	0
hle_retired.start:u	205	0	0
hle_retired.start:u	206	0	0
hle_retired.start:u	207	0	0
hle_retired.start:u	208	0	0
hle_retired.start:u	209	0	0
hle_retired.start:u	210	0	0
hle_retired.start:u	211	0	0
hle_retired.start:u	212	0	0
hle_retired.start:u	213	0	0
hle_retired.start:u	214	0	0
hle_retired.start:u	215	0	0
hle_retired.start:u	216	0	0
hle_retired.start:u	217	0	0
hle_retired.start:u	218	0	0
hle_retired.start:u	219	0	0
hle_retired.start:u	220	0	0
hle_retired.start:u	221	0	0
hle_retired.start:u	222	0	0
hle_retired.start:u	223	0	0
hle_retired.start:u	224	0	0
hle_retired.start:u	225	0	0
hle_retired.start:u	226	0	0
hle_retired.start:u	227	0	0
hle_retired.start:u	228	0	0
hle_retired.start:u	229	0	0
hle_retired.start:u	230	0	0
hle_retired.start:u	231	0	0
hle_retired.start:u	232	0	0
hle_retired.start:u	233	0	0
hle_retired.start:u	234	0	0
hle_retired.start:u	235	0	0
hle_retired.start:u	236	0	0
hle_retired.start:u	237	0	0
hle_retired.start:u	238	0	0
hle_retired.start:u	239	0	0
hle_retired.start:u	240	0	0
hle_retired.start:u	241	0	0
hle_retired.start:u	242	0	0
hle_retired.start:u	243	0	0
hle_retired.start:u	244	0	0
hle_retired.start:u	245	0	0
hle_retired.start:u	246	0	0
hle_retired.start:u	247	0	0
hle_retired.start:u	248	0	0
hle_retired.start:u	249	0	0
hle_retired.start:u	250	0	0
hle_retired.start:u	251	0	0
hle_retired.start:u	252	0	0
hle_retired.start:u	253	0	0
hle_retired.start:u	254	0	0
hle_retired.start:u	255	0	0
hle_retired.start:u	256	0	0
hle_retired.start:u	257	0	0
hle_retired.start:u	258	0	0
hle_retired.start:u	259	0	0
hle_retired.start:u	260	0	0
hle_retired.start:u	261	0	0
hle_retired.start:u	262	0	0
hle_retired.start:u	263	0	0
hle_retired.start:u	264	0	0
hle_retired.start:u	265	0	0
hle_retired.start:u	266	0	0
hle_retired.start:u	267	0	0
hle_retired.start:u	268	0	0
hle_retired.start:u	269	0	0
hle_retired.start:u	270	0	0
hle_retired.start:u	271	0	0
hle_retired.start:u	272	0	0
hle_retired.start:u	273	0	0
hle_retired.start:u	274	0	0
hle_retired.start:u	275	0	0
hle_retired.start:u	276	0	0
hle_retired.start:u	277	0	0
hle_retired.start:u	278	0	0
hle_retired.start:u	279	0	0
hle_retired.start:u	280	0	0
hle_retired.start:u	281	0	0
hle_retired.start:u	282	0	0
hle_retired.start:u	283	0	0
hle_retired.start:u	284	0	0
hle_retired.start:u	285	0	0
hle_retired.start:u	286	0	0
hle_retired.start:u	287	0	0
hle_retired.start:u	288	0	0
hle_retired.start:u	289	0	0
hle_retired.start:u	290	0	0
hle_retired.start:u	291	0	0
hle_retired.start:u	292	0	0
hle_retired.start:u	293	0	0
hle_retired.start:u	294	0	0
hle_retired.start:u	295	0	0
hle_retired.start:u	296	0	0
hle_retired.start:u	297	0	0
hle_retired.start:u	298	0	0
hle_retired.start:u	299	0	0
hle_retired.start:u	300	0	0
hle_retired.start:u	301	0	0
hle_retired.start:u	302	0	0
hle_retired.start:u	303	0	0
hle_retired.start:u	304	0	0
hle_retired.start:u	305	0	0
hle_retired.start:u	306	0	0
hle_retired.start:u	307	0	0
hle_retired.start:u	308	0	0
hle_retired.start:u	309	0	0
hle_retired.start:u	310	0	0
hle_retired.start:u	311	0	0
hle_retired.start:u	312	0	0
hle_retired.start:u	313	0	0
hle_retired.start:u	314	0	0
hle_retired.start:u	315	0	0
hle_retired.start:u	316	0	0
hle_retired.start:u	317	0	0
hle_retired.start:u	318	0	0
hle_retired.start:u	319	0	0
hle_retired.start:u	320	0	0
hle_retired.start:u	321	0	0
hle_retired.start:u	322	0	0
hle_retired.start:u	323	0	0
hle_retired.start:u	324	0	0
hle_retired.start:u	325	0	0
hle_retired.start:u	326	0	0
hle_retired.start:u	327	0	0
hle_retired.start:u	328	0	0
hle_retired.start:u	329	0	0
hle_retired.start:u	330	0	0
hle_retired.start:u	331	0	0
hle_retired.start:u	332	0	0
hle_retired.start:u	333	0	0
hle_retired.start:u	334	0	0
hle_retired.start:u	335	0	0
hle_retired.start:u	336	0	0
hle_retired.start:u	337	0	0
hle_retired.start:u	338	0	0
hle_retired.start:u	339	0	0
hle_retired.start:u	340	0	0
hle_retired.start:u	341	0	0
hle_retired.start:u	342	0	0
hle_retired.start:u	343	0	0
hle_retired.start:u	344	0	0
hle_retired.start:u	345	0	0
hle_retired.start:u	346	0	0
hle_retired.start:u	347	0	0
hle_retired.start:u	348	0	0
hle_retired.start:u	349	0	0
hle_retired.start:u	350	0	0
hle_retired.start:u	351	0	0
hle_retired.start:u	352	0	0
hle_retired.start:u	353	0	0
hle_retired.start:u	354	0	0
hle_retired.start:u	355	0	0
hle_retired.start:u	356	0	0
hle_retired.start:u	357	0	0
hle_retired.start:u	358	0	0
hle_retired.start:u	359	0	0
hle_retired.start:u	360	0	0
hle_retired.start:u	361	0	0
hle_retired.start:u	362	0	0
hle_retired.start:u	363	0	0
hle_retired.start:u	364	0	0
hle_retired.start:u	365	0	0
hle_retired.start:u	366	0	0
hle_retired.start:u	367	0	0
hle_retired.start:u	368	0	0
hle_retired.start:u	369	0	0
hle_retired.start:u	370	0	0
hle_retired.start:u	371	0	0
hle_retired.start:u	372	0	0
hle_retired.start:u	373	0	0
hle_retired.start:u	374	0	0
hle_retired.start:u	375	0	0
hle_retired.start:u	376	0	0
hle_retired.start:u	377	0	0
hle_retired.start:u	378	0	0
hle_retired.start:u	379	0	0
hle_retired.start:u	380	0	0
hle_retired.start:u	381	0	0
hle_retired.start:u	382	0	0
hle_retired.start:u	383	0	0
hle_retired.start:u	384	0	0
hle_retired.start:u	385	0	0
hle_retired.start:u	386	0	0
hle_retired.start:u	387	0	0
hle_retired.start:u	388	0	0
hle_retired.start:u	389	0	0
hle_retired.start:u	390	0	0
hle_retired.start:u	391	0	0
hle_retired.start:u	392	0	0
hle_retired.start:u	393	0	0
hle_retired.start:u	394	0	0
hle_retired.start:u	395	0	0
hle_retired.start:u	396	0	0
hle_retired.start:u	397	0	0
hle_retired.start:u	398	0	0
hle_retired.start:u	399	0	0
hle_retired.start:u	400	0	0
hle_retired.start:u	401	0	0
hle_retired.start:u	402	0	0
hle_retired.start:u	403	0	0
hle_retired.start:u	404	0	0
hle_retired.start:u	405	0	0
hle_retired.start:u	406	0	0
hle_retired.start:u	407	0	0
hle_retired.start:u	408	0	0
hle_retired.start:u	409	0	0
hle_retired.start:u	410	0	0
hle_retired.start:u	411	0	0
hle_retired.start:u	412	0	0
hle_retired.start:u	413	0	0
hle_retired.start:u	414	0	0
hle_retired.start:u	415	0	0
hle_retired.start:u	416	0	0
hle_retired.start:u	417	0	0
hle_retired.start:u	418	0	0
hle_retired.start:u	419	0	0
hle_retired.start:u	420	0	0
hle_retired.start:u	421	0	0
hle_retired.start:u	422	0	0
hle_retired.start:u	423	0	0
hle_retired.start:u	424	0	0
hle_retired.start:u	425	0	0
hle_retired.start:u	426	0	0
hle_retired.start:u	427	0	0
hle_retired.start:u	428	0	0
hle_retired.start:u	429	0	0
hle_retired.start:u	430	0	0
hle_retired.start:u	431	0	0
hle_retired.start:u	432	0	0
hle_retired.start:u	433	0	0
hle_retired.start:u	434	0	0
hle_retired.start:u	435	0	0
hle_retired.start:u	436	0	0
hle_retired.start:u	437	0	0
hle_retired.start:u	438	0	0
hle_retired.start:u	439	0	0
hle_retired.start:u	440	0	0
hle_retired.start:u	441	0	0
hle_retired.start:u	442	0	0
hle_retired.start:u	443	0	0
hle_retired.start:u	444	0	0
hle_retired.start:u	445	0	0
hle_retired.start:u	446	0	0
hle_retired.start:u	447	0	0
hle_retired.start:u	448	0	0
hle_retired.start:u	449	0	0
hle_retired.start:u	450	0	0
hle_retired.start:u	451	0	0
hle_retired.start:u	452	0	0
hle_retired.start:u	453	0	0
hle_retired.start:u	454	0	0
hle_retired.start:u	455	0	0
hle_retired.start:u	456	0	0
hle_retired.start:u	457	0	0
hle_retired.start:u	458	0	0
hle_retired.start:u	459	0	0
hle_retired.start:u	460	0	0
hle_retired.start:u	461	0	0
hle_retired.start:u	462	0	0
hle_retired.start:u	463	0	0
hle_retired.start:u	464	0	0
hle_retired.start:u	465	0	0
hle_retired.start:u	466	0	0
hle_retired.start:u	467	0	0
hle_retired.start:u	468	0	0
hle_retired.start:u	469	0	0
hle_retired.start:u	470	0	0
hle_retired.start:u	471	0	0
hle_retired.start:u	472	0	0
hle_retired.start:u	473	0	0
hle_retired.start:u	474	0	0
hle_retired.start:u	475	0	0
hle_retired.start:u	476	0	0
hle_retired.start:u	477	0	0
hle_retired.start:u	478	0	0
hle_retired.start:u	479	0	0
hle_retired.start:u	480	0	0
hle_retired.start:u	481	0	0
hle_retired.start:u	482	0	0
hle_retired.start:u	483	0	0
hle_retired.start:u	484	0	0
hle_retired.start:u	485	0	0
hle_retired.start:u	486	0	0
hle_retired.start:u	487	0	0
hle_retired.start:u	488	0	0
hle_retired.start:u	489	0	0
hle_retired.start:u	490	0	0
hle_retired.start:u	491	0	0
hle_retired.start:u	492	0	0
hle_retired.start:u	493	0	0
hle_retired.start:u	494	0	0
hle_retired.start:u	495	0	0
hle_retired.start:u	496	0	0
hle_retired.start:u	497	0	0
hle_retired.start:u	498	0	0
hle_retired.start:u	499	0	0
hle_retired.start:u	500	0	0
hle_retired.start:u	501	0	0
hle_retired.start:u	502	0	0
hle_retired.start:u	503	0	0
hle_retired.start:u	504	0	0
hle_retired.start:u	505	0	0
hle_retired.start:u	506	0	0
hle_retired.start:u	507	0	0
hle_retired.start:u	508	0	0
hle_retired.start:u	509	0	0
hle_retired.start:u	510	0	0
hle_retired.start:u	511	0	0
hle_retired.start:u	512	0	0
hle_retired.start:u	513	0	0
hle_retired.start:u	514	0	0
hle_retired.start:u	515	0	0
hle_retired.start:u	516	0	0
hle_retired.start:u	517	0	0
hle_retired.start:u	518	0	0
hle_retired.start:u	519	0	0
hle_retired.start:u	520	0	0
hle_retired.start:u	521	0	0
hle_retired.start:u	522	0	0
hle_retired.start:u	523	0	0
hle_retired.start:u	524	0	0
hle_retired.start:u	525	0	0
hle_retired.start:u	526	0	0
hle_retired.start:u	527	0	0
hle_retired.start:u	528	0	0
hle_retired.start:u	529	0	0
hle_retired.start:u	530	0	0
hle_retired.start:u	531	0	0
hle_retired.start:u	532	0	0
hle_retired.start:u	533	0	0
hle_retired.start:u	534	0	0
hle_retired.start:u	535	0	0
hle_retired.start:u	536	0	0
hle_retired.start:u	537	0	0
hle_retired.start:u	538	0	0
hle_retired.start:u	539	0	0
hle_retired.start:u	540	0	0
hle_retired.start:u	541	0	0
hle_retired.start:u	542	0	0
hle_retired.start:u	543	0	0
hle_retired.start:u	544	0	0
hle_retired.start:u	545	0	0
hle_retired.start:u	546	0	0
hle_retired.start:u	547	0	0
hle_retired.start:u	548	0	0
hle_retired.start:u	549	0	0
hle_retired.start:u	550	0	0
hle_retired.start:u	551	0	0
hle_retired.start:u	552	0	0
hle_retired.start:u	553	0	0
hle_retired.start:u	554	0	0
hle_retired.start:u	555	0	0
hle_retired.start:u	556	0	0
hle_retired.start:u	557	0	0
hle_retired.start:u	558	0	0
hle_retired.start:u	559	0	0
hle_retired.start:u	560	0	0
hle_retired.start:u	561	0	0
hle_retired.start:u	562	0	0
hle_retired.start:u	563	0	0
hle_retired.start:u	564	0	0
hle_retired.start:u	565	0	0
hle_retired.start:u	566	0	0
hle_retired.start:u	567	0	0
hle_retired.start:u	568	0	0
hle_retired.start:u	569	0	0
hle_retired.start:u	570	0	0
hle_retired.start:u	571	0	0
hle_retired.start:u	572	0	0
hle_retired.start:u	573	0	0
hle_retired.start:u	574	0	0
hle_retired.start:u	575	0	0
hle_retired.start:u	576	0	0
hle_retired.start:u	577	0	0
hle_retired.start:u	578	0	0
hle_retired.start:u	579	0	0
hle_retired.start:u	580	0	0
hle_retired.start:u	581	0	0
hle_retired.start:u	582	0	0
hle_retired.start:u	583	0	0
hle_retired.start:u	584	0	0
hle_retired.start:u	585	0	0
hle_retired.start:u	586	0	0
hle_retired.start:u	587	0	0
hle_retired.start:u	588	0	0
hle_retired.start:u	589	0	0
hle_retired.start:u	590	0	0
hle_retired.start:u	591	0	0
hle_retired.start:u	592	0	0
hle_retired.start:u	593	0	0
hle_retired.start:u	594	0	0
hle_retired.start:u	595	0	0
hle_retired.start:u	596	0	0
hle_retired.start:u	597	0	0
hle_retired.start:u	598	0	0
hle_retired.start:u	599	0	0
hle_retired.start:u	600	0	0
hle_retired.start:u	601	0	0
hle_retired.start:u	602	0	0
hle_retired.start:u	603	0	0
hle_retired.start:u	604	0	0
hle_retired.start:u	605	0	0
hle_retired.start:u	606	0	0
hle_retired.start:u	607	0	0
hle_retired.start:u	608	0	0
hle_retired.start:u	609	0	0
hle_retired.start:u	610	0	0
hle_retired.start:u	611	0	0
hle_retired.start:u	612	0	0
hle_retired.start:u	613	0	0
hle_retired.start:u	614	0	0
hle_retired.start:u	615	0	0
hle_retired.start:u	616	0	0
hle_retired.start:u	617	0	0
hle_retired.start:u	618	0	0
hle_retired.start:u	619	0	0
hle_retired.start:u	620	0	0
hle_retired.start:u	621	0	0
hle_retired.start:u	622	0	0
hle_retired.start:u	623	0	0
hle_retired.start:u	624	0	0
hle_retired.start:u	625	0	0
hle_retired.start:u	626	0	0
hle_retired.start:u	627	0	0
hle_retired.start:u	628	0	0
hle_retired.start:u	629	0	0
hle_retired.start:u	630	0	0
hle_retired.start:u	631	0	0
hle_retired.start:u	632	0	0
hle_retired.start:u	633	0	0
hle_retired.start:u	634	0	0
hle_retired.start:u	635	0	0
hle_retired.start:u	636	0	0
hle_retired.start:u	637	0	0
hle_retired.start:u	638	0	0
hle_retired.start:u	639	0	0
hle_retired.start:u	640	0	0
hle_retired.start:u	641	0	0
hle_retired.start:u	642	0	0
hle_retired.start:u	643	0	0
hle_retired.start:u	644	0	0
hle_retired.start:u	645	0	0
hle_retired.start:u	646	0	0
hle_retired.start:u	647	0	0
hle_retired.start:u	648	0	0
hle_retired.start:u	649	0	0
hle_retired.start:u	650	0	0
hle_retired.start:u	651	0	0
hle_retired.start:u	652	0	0
hle_retired.start:u	653	0	0
hle_retired.start:u	654	0	0
hle_retired.start:u	655	0	0
hle_retired.start:u	656	0	0
hle_retired.start:u	657	0	0
hle_retired.start:u	658	0	0
hle_retired.start:u	659	0	0
hle_retired.start:u	660	0	0
hle_retired.start:u	661	0	0
hle_retired.start:u	662	0	0
hle_retired.start:u	663	0	0
hle_retired.start:u	664	0	0
hle_retired.start:u	665	0	0
hle_retired.start:u	666	0	0
hle_retired.start:u	667	0	0
hle_retired.start:u	668	0	0
hle_retired.start:u	669	0	0
hle_retired.start:u	670	0	0
hle_retired.start:u	671	0	0
hle_retired.start:u	672	0	0
hle_retired.start:u	673	0	0
hle_retired.start:u	674	0	0
hle_retired.start:u	675	0	0
hle_retired.start:u	676	0	0
hle_retired.start:u	677	0	0
hle_retired.start:u	678	0	0
hle_retired.start:u	679	0	0
hle_retired.start:u	680	0	0
hle_retired.start:u	681	0	0
hle_retired.start:u	682	0	0
hle_retired.start:u	683	0	0
hle_retired.start:u	684	0	0
hle_retired.start:u	685	0	0
hle_retired.start:u	686	0	0
hle_retired.start:u	687	0	0
hle_retired.start:u	688	0	0
hle_retired.start:u	689	0	0
hle_retired.start:u	690	0	0
hle_retired.start:u	691	0	0
hle_retired.start:u	692	0	0
hle_retired.start:u	693	0	0
hle_retired.start:u	694	0	0
hle_retired.start:u	695	0	0
hle_retired.start:u	696	0	0
hle_retired.start:u	697	0	0
hle_retired.start:u	698	0	0
hle_retired.start:u	699	0	0
hle_retired.start:u	700	0	0
hle_retired.start:u	701	0	0
hle_retired.start:u	702	0	0
hle_retired.start:u	703	0	0
hle_retired.start:u	704	0	0
hle_retired.start:u	705	0	0
hle_retired.start:u	706	0	0
hle_retired.start:u	707	0	0
hle_retired.start:u	708	0	0
hle_retired.start:u	709	0	0
hle_retired.start:u	710	0	0
hle_retired.start:u	711	0	0
hle_retired.start:u	712	0	0
hle_retired.start:u	713	0	0
hle_retired.start:u	714	0	0
hle_retired.start:u	715	0	0
hle_retired.start:u	716	0	0
hle_retired.start:u	717	0	0
hle_retired.start:u	718	0	0
hle_retired.start:u	719	0	0
hle_retired.start:u	720	0	0
hle_retired.start:u	721	0	0
hle_retired.start:u	722	0	0
hle_retired.start:u	723	0	0
hle_retired.start:u	724	0	0
hle_retired.start:u	725	0	0
hle_retired.start:u	726	0	0
hle_retired.start:u	727	0	0
hle_retired.start:u	728	0	0
hle_retired.start:u	729	0	0
hle_retired.start:u	730	0	0
hle_retired.start:u	731	0	0
hle_retired.start:u	732	0	0
hle_retired.start:u	733	0	0
hle_retired.start:u	734	0	0
hle_retired.start:u	735	0	0
hle_retired.start:u	736	0	0
hle_retired.start:u	737	0	0
hle_retired.start:u	738	0	0
hle_retired.start:u	739	0	0
hle_retired.start:u	740	0	0
hle_retired.start:u	741	0	0
hle_retired.start:u	742	0	0
hle_retired.start:u	743	0	0
hle_retired.start:u	744	0	0
hle_retired.start:u	745	0	0
hle_retired.start:u	746	0	0
hle_retired.start:u	747	0	0
hle_retired.start:u	748	0	0
hle_retired.start:u	749	0	0
hle_retired.start:u	750	0	0
hle_retired.start:u	751	0	0
hle_retired.start:u	752	0	0
hle_retired.start:u	753	0	0
hle_retired.start:u	754	0	0
hle_retired.start:u	755	0	0
hle_retired.start:u	756	0	0
hle_retired.start:u	757	0	0
hle_retired.start:u	758	0	0
hle_retired.start:u	759	0	0
hle_retired.start:u	760	0	0
hle_retired.start:u	761	0	0
hle_retired.start:u	762	0	0
hle_retired.start:u	763	0	0
hle_retired.start:u	764	0	0
hle_retired.start:u	765	0	0
hle_retired.start:u	766	0	0
hle_retired.start:u	767	0	0
hle_retired.start:u	768	0	0
hle_retired.start:u	769	0	0
hle_retired.start:u	770	0	0
hle_retired.start:u	771	0	0
hle_retired.start:u	772	0	0
hle_retired.start:u	773	0	0
hle_retired.start:u	774	0	0
hle_retired.start:u	775	0	0
hle_retired.start:u	776	0	0
hle_retired.start:u	777	0	0
hle_retired.start:u	778	0	0
hle_retired.start:u	779	0	0
hle_retired.start:u	780	0	0
hle_retired.start:u	781	0	0
hle_retired.start:u	782	0	0
hle_retired.start:u	783	0	0
hle_retired.start:u	784	0	0
hle_retired.start:u	785	0	0
hle_retired.start:u	786	0	0
hle_retired.start:u	787	0	0
hle_retired.start:u	788	0	0
hle_retired.start:u	789	0	0
hle_retired.start:u	790	0	0
hle_retired.start:u	791	0	0
hle_retired.start:u	792	0	0
hle_retired.start:u	793	0	0
hle_retired.start:u	794	0	0
hle_retired.start:u	795	0	0
hle_retired.start:u	796	0	0
hle_retired.start:u	797	0	0
hle_retired.start:u	798	0	0
hle_retired.start:u	799	0	0
hle_retired.start:u	800	0	0
hle_retired.start:u	801	0	0
hle_retired.start:u	802	0	0
hle_retired.start:u	803	0	0
hle_retired.start:u	804	0	0
hle_retired.start:u	805	0	0
hle_retired.start:u	806	0	0
hle_retired.start:u	807	0	0
hle_retired.start:u	808	0	0
hle_retired.start:u	809	0	0
hle_retired.start:u	810	0	0
hle_retired.start:u	811	0	0
hle_retired.start:u	812	0	0
hle_retired.start:u	813	0	0
hle_retired.start:u	814	0	0
hle_retired.start:u	815	0	0
hle_retired.start:u	816	0	0
hle_retired.start:u	817	0	0
hle_retired.start:u	818	0	0
hle_retired.start:u	819	0	0
hle_retired.start:u	820	0	0
hle_retired.start:u	821	0	0
hle_retired.start:u	822	0	0
hle_retired.start:u	823	0	0
hle_retired.start:u	824	0	0
hle_retired.start:u	825	0	0
hle_retired.start:u	826	0	0
hle_retired.start:u	827	0	0
hle_retired.start:u	828	0	0
hle_retired.start:u	829	0	0
hle_retired.start:u	830	0	0
hle_retired.start:u	831	0	0
hle_retired.start:u	832	0	0
hle_retired.start:u	833	0	0
hle_retired.start:u	834	0	0
hle_retired.start:u	835	0	0
hle_retired.start:u	836	0	0
hle_retired.start:u	837	0	0
hle_retired.start:u	838	0	0
hle_retired.start:u	839	0	0
hle_retired.start:u	840	0	0
hle_retired.start:u	841	0	0
hle_retired.start:u	842	0	0
hle_retired.start:u	843	0	0
hle_retired.start:u	844	0	0
hle_retired.start:u	845	0	0
hle_retired.start:u	846	0	0
hle_retired.start:u	847	0	0
hle_retired.start:u	848	0	0
hle_retired.start:u	849	0	0
hle_retired.start:u	850	0	0
hle_retired.start:u	851	0	0
hle_retired.start:u	852	0	0
hle_retired.start:u	853	0	0
hle_retired.start:u	854	0	0
hle_retired.start:u	855	0	0
hle_retired.start:u	856	0	0
hle_retired.start:u	857	0	0
hle_retired.start:u	858	0	0
hle_retired.start:u	859	0	0
hle_retired.start:u	860	0	0
hle_retired.start:u	861	0	0
hle_retired.start:u	862	0	0
hle_retired.start:u	863	0	0
hle_retired.start:u	864	0	0
hle_retired.start:u	865	0	0
hle_retired.start:u	866	0	0
hle_retired.start:u	867	0	0
hle_retired.start:u	868	0	0
hle_retired.start:u	869	0	0
hle_retired.start:u	870	0	0
hle_retired.start:u	871	0	0
hle_retired.start:u	872	0	0
hle_retired.start:u	873	0	0
hle_retired.start:u	874	0	0
hle_retired.start:u	875	0	0
hle_retired.start:u	876	0	0
hle_retired.start:u	877	0	0
hle_retired.start:u	878	0	0
hle_retired.start:u	879	0	0
hle_retired.start:u	880	0	0
hle_retired.start:u	881	0	0
hle_retired.start:u	882	0	0
hle_retired.start:u	883	0	0
hle_retired.start:u	884	0	0
hle_retired.start:u	885	0	0
hle_retired.start:u	886	0	0
hle_retired.start:u	887	0	0
hle_retired.start:u	888	0	0
hle_retired.start:u	889	0	0
hle_retired.start:u	890	0	0
hle_retired.start:u	891	0	0
hle_retired.start:u	892	0	0
hle_retired.start:u	893	0	0
hle_retired.start:u	894	0	0
hle_retired.start:u	895	0	0
hle_retired.start:u	896	0	0
hle_retired.start:u	897	0	0
hle_retired.start:u	898	0	0
hle_retired.start:u	899	0	0
hle_retired.start:u	900	0	0
hle_retired.start:u	901	0	0
hle_retired.start:u	902	0	0
hle_retired.start:u	903	0	0
hle_retired.start:u	904	0	0
hle_retired.start:u	905	0	0
hle_retired.start:u	906	0	0
hle_retired.start:u	907	0	0
hle_retired.start:u	908	0	0
hle_retired.start:u	909	0	0
hle_retired.start:u	910	0	0
hle_retired.start:u	911	0	0
hle_retired.start:u	912	0	0
hle_retired.start:u	913	0	0
hle_retired.start:u	914	0	0
hle_retired.start:u	915	0	0
hle_retired.start:u	916	0	0
hle_retired.start:u	917	0	0
hle_retired.start:u	918	0	0
hle_retired.start:u	919	0	0
hle_retired.start:u	920	0	0
hle_retired.start:u	921	0	0
hle_retired.start:u	922	0	0
hle_retired.start:u	923	0	0
hle_retired.start:u	924	0	0
hle_retired.start:u	925	0	0
hle_retired.start:u	926	0	0
hle_retired.start:u	927	0	0
hle_retired.start:u	928	0	0
hle_retired.start:u	929	0	0
hle_retired.start:u	930	0	0
hle_retired.start:u	931	0	0
hle_retired.start:u	932	0	0
hle_retired.start:u	933	0	0
hle_retired.start:u	934	0	0
hle_retired.start:u	935	0	0
hle_retired.start:u	936	0	0
hle_retired.start:u	937	0	0
hle_retired.start:u	938	0	0
hle_retired.start:u	939	0	0
hle_retired.start:u	940	0	0
hle_retired.start:u	941	0	0
hle_retired.start:u	942	0	0
hle_retired.start:u	943	0	0
hle_retired.start:u	944	0	0
hle_retired.start:u	945	0	0
hle_retired.start:u	946	0	0
hle_retired.start:u	947	0	0
hle_retired.start:u	948	0	0
hle_retired.start:u	949	0	0
hle_retired.start:u	950	0	0
hle_retired.start:u	951	0	0
hle_retired.start:u	952	0	0
hle_retired.start:u	953	0	0
hle_retired.start:u	954	0	0
hle_retired.start:u	955	0	0
hle_retired.start:u	956	0	0
hle_retired.start:u	957	0	0
hle_retired.start:u	958	0	0
hle_retired.start:u	959	0	0
hle_retired.start:u	960	0	0
hle_retired.start:u	961	0	0
hle_retired.start:u	962	0	0
hle_retired.start:u	963	0	0
hle_retired.start:u	964	0	0
hle_retired.start:u	965	0	0
hle_retired.start:u	966	0	0
hle_retired.start:u	967	0	0
hle_retired.start:u	968	0	0
hle_retired.start:u	969	0	0
hle_retired.start:u	970	0	0
hle_retired.start:u	971	0	0
hle_retired.start:u	972	0	0
hle_retired.start:u	973	0	0
hle_retired.start:u	974	0	0
hle_retired.start:u	975	0	0
hle_retired.start:u	976	0	0
hle_retired.start:u	977	0	0
hle_retired.start:u	978	0	0
hle_retired.start:u	979	0	0
hle_retired.start:u	980	0	0
hle_retired.start:u	981	0	0
hle_retired.start:u	982	0	0
hle_retired.start:u	983	0	0
hle_retired.start:u	984	0	0
hle_retired.start:u	985	0	0
hle_retired.start:u	986	0	0
hle_retired.start:u	987	0	0
hle_retired.start:u	988	0	0
hle_retired.start:u	989	0	0
hle_retired.start:u	990	0	0
hle_retired.start:u	991	0	0
hle_retired.start:u	992	0	0
hle_retired.start:u	993	0	0
hle_retired.start:u	994	0	0
hle_retired.start:u	995	0	0
hle_retired.start:u	996	0	0
hle_retired.start:u	997	0	0
hle_retired.start:u	998	0	0
hle_retired.start:u	999	0	0
hle_retired.start:u	1000	0	0
tx_mem.abort_hle_elision_buffer_unsupported_alignment:u	1	0	0
tx_mem.abort_hle_elision_buffer_unsupported_alignment:u	2	0	0
tx_mem.abort_hle_elision_buffer_unsupported_alignment:u	3	0	0
tx_mem.abort_hle_elision_buffer_unsupported_alignment:u	4	0	0
tx_mem.abort_hle_elision_buffer_unsupported_alignment:u	5	0	0
tx_mem.abort_hle_elision_buffer_unsupported_alignment:u	6	0	0
tx_mem.abort_hle_elision_buffer_unsupported_alignment:u	7	0	0
tx_mem.abort_hle_elision_buffer_unsupported_alignment:u	8	0	0
tx_mem.abort_hle_elision_buffer_unsupported_alignment:u	9	0	0
tx_mem.abort_hle_elision_buffer_unsupported_alignment:u	10	0	0
tx_mem.abort_hle_elision_buffer_unsupported_alignment:u	11	0	0
tx_mem.abort_hle_elision_buffer_unsupported_alignment:u	12	0	0
tx_mem.abort_hle_elision_buffer_unsupported_alignment:u	13	0	0
tx_mem.abort_hle_elision_buffer_unsupported_alignment:u	14	0	0
tx_mem.abort_hle_elision_buffer_unsupported_alignment:u	15	0	0
tx_mem.abort_hle_elision_buffer_unsupported_alignment:u	16	0	0
tx_mem.abort_hle_elision_buffer_unsupported_alignment:u	17	0	0
tx_mem.abort_hle_elision_buffer_unsupported_alignment:u	18	0	0
tx_mem.abort_hle_elision_buffer_unsupported_alignment:u	19	0	0
tx_mem.abort_hle_elision_buffer_unsupported_alignment:u	20	0	0
tx_mem.abort_hle_elision_buffer_unsupported_alignment:u	21	0	0
tx_mem.abort_hle_elision_buffer_unsupported_alignment:u	22	0	0
tx_mem.abort_hle_elision_buffer_unsupported_alignment:u	23	0	0
tx_mem.abort_hle_elision_buffer_unsupported_alignment:u	24	0	0
tx_mem.abort_hle_elision_buffer_unsupported_alignment:u	25	0	0
tx_mem.abort_hle_elision_buffer_unsupported_alignment:u	26	0	0
tx_mem.abort_hle_elision_buffer_unsupported_alignment:u	27	0	0
tx_mem.abort_hle_elision_buffer_unsupported_alignment:u	28	0	0
tx_mem.abort_hle_elision_buffer_unsupported_alignment:u	29	0	0
tx_mem.abort_hle_elision_buffer_unsupported_alignment:u	30	0	0
tx_mem.abort_hle_elision_buffer_unsupported_alignment:u	31	0	0
tx_mem.abort_hle_elision_buffer_unsupported_alignment:u	32	0	0
tx_mem.abort_hle_elision_buffer_unsupported_alignment:u	33	0	0
tx_mem.abort_hle_elision_buffer_unsupported_alignment:u	34	0	0
tx_mem.abort_hle_elision_buffer_unsupported_alignment:u	35	0	0
tx_mem.abort_hle_elision_buffer_unsupported_alignment:u	36	0	0
tx_mem.abort_hle_elision_buffer_unsupported_alignment:u	37	0	0
tx_mem.abort_hle_elision_buffer_unsupported_alignment:u	38	0	0
tx_mem.abort_hle_elision_buffer_unsupported_alignment:u	39	0	0
tx_mem.abort_hle_elision_buffer_unsupported_alignment:u	40	0	0
tx_mem.abort_hle_elision_buffer_unsupported_alignment:u	41	0	0
tx_mem.abort_hle_elision_buffer_unsupported_alignment:u	42	0	0
tx_mem.abort_hle_elision_buffer_unsupported_alignment:u	43	0	0
tx_mem.abort_hle_elision_buffer_unsupported_alignment:u	44	0	0
tx_mem.abort_hle_elision_buffer_unsupported_alignment:u	45	0	0
tx_mem.abort_hle_elision_buffer_unsupported_alignment:u	46	0	0
tx_mem.abort_hle_elision_buffer_unsupported_alignment:u	47	0	0
tx_mem.abort_hle_elision_buffer_unsupported_alignment:u	48	0	0
tx_mem.abort_hle_elision_buffer_unsupported_alignment:u	49	0	0
tx_mem.abort_hle_elision_buffer_unsupported_alignment:u	50	0	0
tx_mem.abort_hle_elision_buffer_unsupported_alignment:u	51	0	0
tx_mem.abort_hle_elision_buffer_unsupported_alignment:u	52	0	0
tx_mem.abort_hle_elision_buffer_unsupported_alignment:u	53	0	0
tx_mem.abort_hle_elision_buffer_unsupported_alignment:u	54	0	0
tx_mem.abort_hle_elision_buffer_unsupported_alignment:u	55	0	0
tx_mem.abort_hle_elision_buffer_unsupported_alignment:u	56	0	0
tx_mem.abort_hle_elision_buffer_unsupported_alignment:u	57	0	0
tx_mem.abort_hle_elision_buffer_unsupported_alignment:u	58	0	0
tx_mem.abort_hle_elision_buffer_unsupported_alignment:u	59	0	0
tx_mem.abort_hle_elision_buffer_unsupported_alignment:u	60	0	0
tx_mem.abort_hle_elision_buffer_unsupported_alignment:u	61	0	0
tx_mem.abort_hle_elision_buffer_unsupported_alignment:u	62	0	0
tx_mem.abort_hle_elision_buffer_unsupported_alignment:u	63	0	0
tx_mem.abort_hle_elision_buffer_unsupported_alignment:u	64	0	0
tx_mem.abort_hle_elision_buffer_unsupported_alignment:u	65	0	0
tx_mem.abort_hle_elision_buffer_unsupported_alignment:u	66	0	0
tx_mem.abort_hle_elision_buffer_unsupported_alignment:u	67	0	0
tx_mem.abort_hle_elision_buffer_unsupported_alignment:u	68	0	0
tx_mem.abort_hle_elision_buffer_unsupported_alignment:u	69	0	0
tx_mem.abort_hle_elision_buffer_unsupported_alignment:u	70	0	0
tx_mem.abort_hle_elision_buffer_unsupported_alignment:u	71	0	0
tx_mem.abort_hle_elision_buffer_unsupported_alignment:u	72	0	0
tx_mem.abort_hle_elision_buffer_unsupported_alignment:u	73	0	0
tx_mem.abort_hle_elision_buffer_unsupported_alignment:u	74	0	0
tx_mem.abort_hle_elision_buffer_unsupported_alignment:u	75	0	0
tx_mem.abort_hle_elision_buffer_unsupported_alignment:u	76	0	0
tx_mem.abort_hle_elision_buffer_unsupported_alignment:u	77	0	0
tx_mem.abort_hle_elision_buffer_unsupported_alignment:u	78	0	0
tx_mem.abort_hle_elision_buffer_unsupported_alignment:u	79	0	0
tx_mem.abort_hle_elision_buffer_unsupported_alignment:u	80	0	0
tx_mem.abort_hle_elision_buffer_unsupported_alignment:u	81	0	0
tx_mem.abort_hle_elision_buffer_unsupported_alignment:u	82	0	0
tx_mem.abort_hle_elision_buffer_unsupported_alignment:u	83	0	0
tx_mem.abort_hle_elision_buffer_unsupported_alignment:u	84	0	0
tx_mem.abort_hle_elision_buffer_unsupported_alignment:u	85	0	0
tx_mem.abort_hle_elision_buffer_unsupported_alignment:u	86	0	0
tx_mem.abort_hle_elision_buffer_unsupported_alignment:u	87	0	0
tx_mem.abort_hle_elision_buffer_unsupported_alignment:u	88	0	0
tx_mem.abort_hle_elision_buffer_unsupported_alignment:u	89	0	0
tx_mem.abort_hle_elision_buffer_unsupported_alignment:u	90	0	0
tx_mem.abort_hle_elision_buffer_unsupported_alignment:u	91	0	0
tx_mem.abort_hle_elision_buffer_unsupported_alignment:u	92	0	0
tx_mem.abort_hle_elision_buffer_unsupported_alignment:u	93	0	0
tx_mem.abort_hle_elision_buffer_unsupported_alignment:u	94	0	0
tx_mem.abort_hle_elision_buffer_unsupported_alignment:u	95	0	0
tx_mem.abort_hle_elision_buffer_unsupported_alignment:u	96	0	0
tx_mem.abort_hle_elision_buffer_unsupported_alignment:u	97	0	0
tx_mem.abort_hle_elision_buffer_unsupported_alignment:u	98	0	0
tx_mem.abort_hle_elision_buffer_unsupported_alignment:u	99	0	0
tx_mem.abort_hle_elision_buffer_unsupported_alignment:u	100	0	0
tx_mem.abort_hle_elision_buffer_unsupported_alignment:u	101	0	0
tx_mem.abort_hle_elision_buffer_unsupported_alignment:u	102	0	0
tx_mem.abort_hle_elision_buffer_unsupported_alignment:u	103	0	0
tx_mem.abort_hle_elision_buffer_unsupported_alignment:u	104	0	0
tx_mem.abort_hle_elision_buffer_unsupported_alignment:u	105	0	0
tx_mem.abort_hle_elision_buffer_unsupported_alignment:u	106	0	0
tx_mem.abort_hle_elision_buffer_unsupported_alignment:u	107	0	0
tx_mem.abort_hle_elision_buffer_unsupported_alignment:u	108	0	0
tx_mem.abort_hle_elision_buffer_unsupported_alignment:u	109	0	0
tx_mem.abort_hle_elision_buffer_unsupported_alignment:u	110	0	0
tx_mem.abort_hle_elision_buffer_unsupported_alignment:u	111	0	0
tx_mem.abort_hle_elision_buffer_unsupported_alignment:u	112	0	0
tx_mem.abort_hle_elision_buffer_unsupported_alignment:u	113	0	0
tx_mem.abort_hle_elision_buffer_unsupported_alignment:u	114	0	0
tx_mem.abort_hle_elision_buffer_unsupported_alignment:u	115	0	0
tx_mem.abort_hle_elision_buffer_unsupported_alignment:u	116	0	0
tx_mem.abort_hle_elision_buffer_unsupported_alignment:u	117	0	0
tx_mem.abort_hle_elision_buffer_unsupported_alignment:u	118	0	0
tx_mem.abort_hle_elision_buffer_unsupported_alignment:u	119	0	0
tx_mem.abort_hle_elision_buffer_unsupported_alignment:u	120	0	0
tx_mem.abort_hle_elision_buffer_unsupported_alignment:u	121	0	0
tx_mem.abort_hle_elision_buffer_unsupported_alignment:u	122	0	0
tx_mem.abort_hle_elision_buffer_unsupported_alignment:u	123	0	0
tx_mem.abort_hle_elision_buffer_unsupported_alignment:u	124	0	0
tx_mem.abort_hle_elision_buffer_unsupported_alignment:u	125	0	0
tx_mem.abort_hle_elision_buffer_unsupported_alignment:u	126	0	0
tx_mem.abort_hle_elision_buffer_unsupported_alignment:u	127	0	0
tx_mem.abort_hle_elision_buffer_unsupported_alignment:u	128	0	0
tx_mem.abort_hle_elision_buffer_unsupported_alignment:u	129	0	0
tx_mem.abort_hle_elision_buffer_unsupported_alignment:u	130	0	0
tx_mem.abort_hle_elision_buffer_unsupported_alignment:u	131	0	0
tx_mem.abort_hle_elision_buffer_unsupported_alignment:u	132	0	0
tx_mem.abort_hle_elision_buffer_unsupported_alignment:u	133	0	0
tx_mem.abort_hle_elision_buffer_unsupported_alignment:u	134	0	0
tx_mem.abort_hle_elision_buffer_unsupported_alignment:u	135	0	0
tx_mem.abort_hle_elision_buffer_unsupported_alignment:u	136	0	0
tx_mem.abort_hle_elision_buffer_unsupported_alignment:u	137	0	0
tx_mem.abort_hle_elision_buffer_unsupported_alignment:u	138	0	0
tx_mem.abort_hle_elision_buffer_unsupported_alignment:u	139	0	0
tx_mem.abort_hle_elision_buffer_unsupported_alignment:u	140	0	0
tx_mem.abort_hle_elision_buffer_unsupported_alignment:u	141	0	0
tx_mem.abort_hle_elision_buffer_unsupported_alignment:u	142	0	0
tx_mem.abort_hle_elision_buffer_unsupported_alignment:u	143	0	0
tx_mem.abort_hle_elision_buffer_unsupported_alignment:u	144	0	0
tx_mem.abort_hle_elision_buffer_unsupported_alignment:u	145	0	0
tx_mem.abort_hle_elision_buffer_unsupported_alignment:u	146	0	0
tx_mem.abort_hle_elision_buffer_unsupported_alignment:u	147	0	0
tx_mem.abort_hle_elision_buffer_unsupported_alignment:u	148	0	0
tx_mem.abort_hle_elision_buffer_unsupported_alignment:u	149	0	0
tx_mem.abort_hle_elision_buffer_unsupported_alignment:u	150	0	0
tx_mem.abort_hle_elision_buffer_unsupported_alignment:u	151	0	0
tx_mem.abort_hle_elision_buffer_unsupported_alignment:u	152	0	0
tx_mem.abort_hle_elision_buffer_unsupported_alignment:u	153	0	0
tx_mem.abort_hle_elision_buffer_unsupported_alignment:u	154	0	0
tx_mem.abort_hle_elision_buffer_unsupported_alignment:u	155	0	0
tx_mem.abort_hle_elision_buffer_unsupported_alignment:u	156	0	0
tx_mem.abort_hle_elision_buffer_unsupported_alignment:u	157	0	0
tx_mem.abort_hle_elision_buffer_unsupported_alignment:u	158	0	0
tx_mem.abort_hle_elision_buffer_unsupported_alignment:u	159	0	0
tx_mem.abort_hle_elision_buffer_unsupported_alignment:u	160	0	0
tx_mem.abort_hle_elision_buffer_unsupported_alignment:u	161	0	0
tx_mem.abort_hle_elision_buffer_unsupported_alignment:u	162	0	0
tx_mem.abort_hle_elision_buffer_unsupported_alignment:u	163	0	0
tx_mem.abort_hle_elision_buffer_unsupported_alignment:u	164	0	0
tx_mem.abort_hle_elision_buffer_unsupported_alignment:u	165	0	0
tx_mem.abort_hle_elision_buffer_unsupported_alignment:u	166	0	0
tx_mem.abort_hle_elision_buffer_unsupported_alignment:u	167	0	0
tx_mem.abort_hle_elision_buffer_unsupported_alignment:u	168	0	0
tx_mem.abort_hle_elision_buffer_unsupported_alignment:u	169	0	0
tx_mem.abort_hle_elision_buffer_unsupported_alignment:u	170	0	0
tx_mem.abort_hle_elision_buffer_unsupported_alignment:u	171	0	0
tx_mem.abort_hle_elision_buffer_unsupported_alignment:u	172	0	0
tx_mem.abort_hle_elision_buffer_unsupported_alignment:u	173	0	0
tx_mem.abort_hle_elision_buffer_unsupported_alignment:u	174	0	0
tx_mem.abort_hle_elision_buffer_unsupported_alignment:u	175	0	0
tx_mem.abort_hle_elision_buffer_unsupported_alignment:u	176	0	0
tx_mem.abort_hle_elision_buffer_unsupported_alignment:u	177	0	0
tx_mem.abort_hle_elision_buffer_unsupported_alignment:u	178	0	0
tx_mem.abort_hle_elision_buffer_unsupported_alignment:u	179	0	0
tx_mem.abort_hle_elision_buffer_unsupported_alignment:u	180	0	0
tx_mem.abort_hle_elision_buffer_unsupported_alignment:u	181	0	0
tx_mem.abort_hle_elision_buffer_unsupported_alignment:u	182	0	0
tx_mem.abort_hle_elision_buffer_unsupported_alignment:u	183	0	0
tx_mem.abort_hle_elision_buffer_unsupported_alignment:u	184	0	0
tx_mem.abort_hle_elision_buffer_unsupported_alignment:u	185	0	0
tx_mem.abort_hle_elision_buffer_unsupported_alignment:u	186	0	0
tx_mem.abort_hle_elision_buffer_unsupported_alignment:u	187	0	0
tx_mem.abort_hle_elision_buffer_unsupported_alignment:u	188	0	0
tx_mem.abort_hle_elision_buffer_unsupported_alignment:u	189	0	0
tx_mem.abort_hle_elision_buffer_unsupported_alignment:u	190	0	0
tx_mem.abort_hle_elision_buffer_unsupported_alignment:u	191	0	0
tx_mem.abort_hle_elision_buffer_unsupported_alignment:u	192	0	0
tx_mem.abort_hle_elision_buffer_unsupported_alignment:u	193	0	0
tx_mem.abort_hle_elision_buffer_unsupported_alignment:u	194	0	0
tx_mem.abort_hle_elision_buffer_unsupported_alignment:u	195	0	0
tx_mem.abort_hle_elision_buffer_unsupported_alignment:u	196	0	0
tx_mem.abort_hle_elision_buffer_unsupported_alignment:u	197	0	0
tx_mem.abort_hle_elision_buffer_unsupported_alignment:u	198	0	0
tx_mem.abort_hle_elision_buffer_unsupported_alignment:u	199	0	0
tx_mem.abort_hle_elision_buffer_unsupported_alignment:u	200	0	0
tx_mem.abort_hle_elision_buffer_unsupported_alignment:u	201	0	0
tx_mem.abort_hle_elision_buffer_unsupported_alignment:u	202	0	0
tx_mem.abort_hle_elision_buffer_unsupported_alignment:u	203	0	0
tx_mem.abort_hle_elision_buffer_unsupported_alignment:u	204	0	0
tx_mem.abort_hle_elision_buffer_unsupported_alignment:u	205	0	0
tx_mem.abort_hle_elision_buffer_unsupported_alignment:u	206	0	0
tx_mem.abort_hle_elision_buffer_unsupported_alignment:u	207	0	0
tx_mem.abort_hle_elision_buffer_unsupported_alignment:u	208	0	0
tx_mem.abort_hle_elision_buffer_unsupported_alignment:u	209	0	0
tx_mem.abort_hle_elision_buffer_unsupported_alignment:u	210	0	0
tx_mem.abort_hle_elision_buffer_unsupported_alignment:u	211	0	0
tx_mem.abort_hle_elision_buffer_unsupported_alignment:u	212	0	0
tx_mem.abort_hle_elision_buffer_unsupported_alignment:u	213	0	0
tx_mem.abort_hle_elision_buffer_unsupported_alignment:u	214	0	0
tx_mem.abort_hle_elision_buffer_unsupported_alignment:u	215	0	0
tx_mem.abort_hle_elision_buffer_unsupported_alignment:u	216	0	0
tx_mem.abort_hle_elision_buffer_unsupported_alignment:u	217	0	0
tx_mem.abort_hle_elision_buffer_unsupported_alignment:u	218	0	0
tx_mem.abort_hle_elision_buffer_unsupported_alignment:u	219	0	0
tx_mem.abort_hle_elision_buffer_unsupported_alignment:u	220	0	0
tx_mem.abort_hle_elision_buffer_unsupported_alignment:u	221	0	0
tx_mem.abort_hle_elision_buffer_unsupported_alignment:u	222	0	0
tx_mem.abort_hle_elision_buffer_unsupported_alignment:u	223	0	0
tx_mem.abort_hle_elision_buffer_unsupported_alignment:u	224	0	0
tx_mem.abort_hle_elision_buffer_unsupported_alignment:u	225	0	0
tx_mem.abort_hle_elision_buffer_unsupported_alignment:u	226	0	0
tx_mem.abort_hle_elision_buffer_unsupported_alignment:u	227	0	0
tx_mem.abort_hle_elision_buffer_unsupported_alignment:u	228	0	0
tx_mem.abort_hle_elision_buffer_unsupported_alignment:u	229	0	0
tx_mem.abort_hle_elision_buffer_unsupported_alignment:u	230	0	0
tx_mem.abort_hle_elision_buffer_unsupported_alignment:u	231	0	0
tx_mem.abort_hle_elision_buffer_unsupported_alignment:u	232	0	0
tx_mem.abort_hle_elision_buffer_unsupported_alignment:u	233	0	0
tx_mem.abort_hle_elision_buffer_unsupported_alignment:u	234	0	0
tx_mem.abort_hle_elision_buffer_unsupported_alignment:u	235	0	0
tx_mem.abort_hle_elision_buffer_unsupported_alignment:u	236	0	0
tx_mem.abort_hle_elision_buffer_unsupported_alignment:u	237	0	0
tx_mem.abort_hle_elision_buffer_unsupported_alignment:u	238	0	0
tx_mem.abort_hle_elision_buffer_unsupported_alignment:u	239	0	0
tx_mem.abort_hle_elision_buffer_unsupported_alignment:u	240	0	0
tx_mem.abort_hle_elision_buffer_unsupported_alignment:u	241	0	0
tx_mem.abort_hle_elision_buffer_unsupported_alignment:u	242	0	0
tx_mem.abort_hle_elision_buffer_unsupported_alignment:u	243	0	0
tx_mem.abort_hle_elision_buffer_unsupported_alignment:u	244	0	0
tx_mem.abort_hle_elision_buffer_unsupported_alignment:u	245	0	0
tx_mem.abort_hle_elision_buffer_unsupported_alignment:u	246	0	0
tx_mem.abort_hle_elision_buffer_unsupported_alignment:u	247	0	0
tx_mem.abort_hle_elision_buffer_unsupported_alignment:u	248	0	0
tx_mem.abort_hle_elision_buffer_unsupported_alignment:u	249	0	0
tx_mem.abort_hle_elision_buffer_unsupported_alignment:u	250	0	0
tx_mem.abort_hle_elision_buffer_unsupported_alignment:u	251	0	0
tx_mem.abort_hle_elision_buffer_unsupported_alignment:u	252	0	0
tx_mem.abort_hle_elision_buffer_unsupported_alignment:u	253	0	0
tx_mem.abort_hle_elision_buffer_unsupported_alignment:u	254	0	0
tx_mem.abort_hle_elision_buffer_unsupported_alignment:u	255	0	0
tx_mem.abort_hle_elision_buffer_unsupported_alignment:u	256	0	0
tx_mem.abort_hle_elision_buffer_unsupported_alignment:u	257	0	0
tx_mem.abort_hle_elision_buffer_unsupported_alignment:u	258	0	0
tx_mem.abort_hle_elision_buffer_unsupported_alignment:u	259	0	0
tx_mem.abort_hle_elision_buffer_unsupported_alignment:u	260	0	0
tx_mem.abort_hle_elision_buffer_unsupported_alignment:u	261	0	0
tx_mem.abort_hle_elision_buffer_unsupported_alignment:u	262	0	0
tx_mem.abort_hle_elision_buffer_unsupported_alignment:u	263	0	0
tx_mem.abort_hle_elision_buffer_unsupported_alignment:u	264	0	0
tx_mem.abort_hle_elision_buffer_unsupported_alignment:u	265	0	0
tx_mem.abort_hle_elision_buffer_unsupported_alignment:u	266	0	0
tx_mem.abort_hle_elision_buffer_unsupported_alignment:u	267	0	0
tx_mem.abort_hle_elision_buffer_unsupported_alignment:u	268	0	0
tx_mem.abort_hle_elision_buffer_unsupported_alignment:u	269	0	0
tx_mem.abort_hle_elision_buffer_unsupported_alignment:u	270	0	0
tx_mem.abort_hle_elision_buffer_unsupported_alignment:u	271	0	0
tx_mem.abort_hle_elision_buffer_unsupported_alignment:u	272	0	0
tx_mem.abort_hle_elision_buffer_unsupported_alignment:u	273	0	0
tx_mem.abort_hle_elision_buffer_unsupported_alignment:u	274	0	0
tx_mem.abort_hle_elision_buffer_unsupported_alignment:u	275	0	0
tx_mem.abort_hle_elision_buffer_unsupported_alignment:u	276	0	0
tx_mem.abort_hle_elision_buffer_unsupported_alignment:u	277	0	0
tx_mem.abort_hle_elision_buffer_unsupported_alignment:u	278	0	0
tx_mem.abort_hle_elision_buffer_unsupported_alignment:u	279	0	0
tx_mem.abort_hle_elision_buffer_unsupported_alignment:u	280	0	0
tx_mem.abort_hle_elision_buffer_unsupported_alignment:u	281	0	0
tx_mem.abort_hle_elision_buffer_unsupported_alignment:u	282	0	0
tx_mem.abort_hle_elision_buffer_unsupported_alignment:u	283	0	0
tx_mem.abort_hle_elision_buffer_unsupported_alignment:u	284	0	0
tx_mem.abort_hle_elision_buffer_unsupported_alignment:u	285	0	0
tx_mem.abort_hle_elision_buffer_unsupported_alignment:u	286	0	0
tx_mem.abort_hle_elision_buffer_unsupported_alignment:u	287	0	0
tx_mem.abort_hle_elision_buffer_unsupported_alignment:u	288	0	0
tx_mem.abort_hle_elision_buffer_unsupported_alignment:u	289	0	0
tx_mem.abort_hle_elision_buffer_unsupported_alignment:u	290	0	0
tx_mem.abort_hle_elision_buffer_unsupported_alignment:u	291	0	0
tx_mem.abort_hle_elision_buffer_unsupported_alignment:u	292	0	0
tx_mem.abort_hle_elision_buffer_unsupported_alignment:u	293	0	0
tx_mem.abort_hle_elision_buffer_unsupported_alignment:u	294	0	0
tx_mem.abort_hle_elision_buffer_unsupported_alignment:u	295	0	0
tx_mem.abort_hle_elision_buffer_unsupported_alignment:u	296	0	0
tx_mem.abort_hle_elision_buffer_unsupported_alignment:u	297	0	0
tx_mem.abort_hle_elision_buffer_unsupported_alignment:u	298	0	0
tx_mem.abort_hle_elision_buffer_unsupported_alignment:u	299	0	0
tx_mem.abort_hle_elision_buffer_unsupported_alignment:u	300	0	0
tx_mem.abort_hle_elision_buffer_unsupported_alignment:u	301	0	0
tx_mem.abort_hle_elision_buffer_unsupported_alignment:u	302	0	0
tx_mem.abort_hle_elision_buffer_unsupported_alignment:u	303	0	0
tx_mem.abort_hle_elision_buffer_unsupported_alignment:u	304	0	0
tx_mem.abort_hle_elision_buffer_unsupported_alignment:u	305	0	0
tx_mem.abort_hle_elision_buffer_unsupported_alignment:u	306	0	0
tx_mem.abort_hle_elision_buffer_unsupported_alignment:u	307	0	0
tx_mem.abort_hle_elision_buffer_unsupported_alignment:u	308	0	0
tx_mem.abort_hle_elision_buffer_unsupported_alignment:u	309	0	0
tx_mem.abort_hle_elision_buffer_unsupported_alignment:u	310	0	0
tx_mem.abort_hle_elision_buffer_unsupported_alignment:u	311	0	0
tx_mem.abort_hle_elision_buffer_unsupported_alignment:u	312	0	0
tx_mem.abort_hle_elision_buffer_unsupported_alignment:u	313	0	0
tx_mem.abort_hle_elision_buffer_unsupported_alignment:u	314	0	0
tx_mem.abort_hle_elision_buffer_unsupported_alignment:u	315	0	0
tx_mem.abort_hle_elision_buffer_unsupported_alignment:u	316	0	0
tx_mem.abort_hle_elision_buffer_unsupported_alignment:u	317	0	0
tx_mem.abort_hle_elision_buffer_unsupported_alignment:u	318	0	0
tx_mem.abort_hle_elision_buffer_unsupported_alignment:u	319	0	0
tx_mem.abort_hle_elision_buffer_unsupported_alignment:u	320	0	0
tx_mem.abort_hle_elision_buffer_unsupported_alignment:u	321	0	0
tx_mem.abort_hle_elision_buffer_unsupported_alignment:u	322	0	0
tx_mem.abort_hle_elision_buffer_unsupported_alignment:u	323	0	0
tx_mem.abort_hle_elision_buffer_unsupported_alignment:u	324	0	0
tx_mem.abort_hle_elision_buffer_unsupported_alignment:u	325	0	0
tx_mem.abort_hle_elision_buffer_unsupported_alignment:u	326	0	0
tx_mem.abort_hle_elision_buffer_unsupported_alignment:u	327	0	0
tx_mem.abort_hle_elision_buffer_unsupported_alignment:u	328	0	0
tx_mem.abort_hle_elision_buffer_unsupported_alignment:u	329	0	0
tx_mem.abort_hle_elision_buffer_unsupported_alignment:u	330	0	0
tx_mem.abort_hle_elision_buffer_unsupported_alignment:u	331	0	0
tx_mem.abort_hle_elision_buffer_unsupported_alignment:u	332	0	0
tx_mem.abort_hle_elision_buffer_unsupported_alignment:u	333	0	0
tx_mem.abort_hle_elision_buffer_unsupported_alignment:u	334	0	0
tx_mem.abort_hle_elision_buffer_unsupported_alignment:u	335	0	0
tx_mem.abort_hle_elision_buffer_unsupported_alignment:u	336	0	0
tx_mem.abort_hle_elision_buffer_unsupported_alignment:u	337	0	0
tx_mem.abort_hle_elision_buffer_unsupported_alignment:u	338	0	0
tx_mem.abort_hle_elision_buffer_unsupported_alignment:u	339	0	0
tx_mem.abort_hle_elision_buffer_unsupported_alignment:u	340	0	0
tx_mem.abort_hle_elision_buffer_unsupported_alignment:u	341	0	0
tx_mem.abort_hle_elision_buffer_unsupported_alignment:u	342	0	0
tx_mem.abort_hle_elision_buffer_unsupported_alignment:u	343	0	0
tx_mem.abort_hle_elision_buffer_unsupported_alignment:u	344	0	0
tx_mem.abort_hle_elision_buffer_unsupported_alignment:u	345	0	0
tx_mem.abort_hle_elision_buffer_unsupported_alignment:u	346	0	0
tx_mem.abort_hle_elision_buffer_unsupported_alignment:u	347	0	0
tx_mem.abort_hle_elision_buffer_unsupported_alignment:u	348	0	0
tx_mem.abort_hle_elision_buffer_unsupported_alignment:u	349	0	0
tx_mem.abort_hle_elision_buffer_unsupported_alignment:u	350	0	0
tx_mem.abort_hle_elision_buffer_unsupported_alignment:u	351	0	0
tx_mem.abort_hle_elision_buffer_unsupported_alignment:u	352	0	0
tx_mem.abort_hle_elision_buffer_unsupported_alignment:u	353	0	0
tx_mem.abort_hle_elision_buffer_unsupported_alignment:u	354	0	0
tx_mem.abort_hle_elision_buffer_unsupported_alignment:u	355	0	0
tx_mem.abort_hle_elision_buffer_unsupported_alignment:u	356	0	0
tx_mem.abort_hle_elision_buffer_unsupported_alignment:u	357	0	0
tx_mem.abort_hle_elision_buffer_unsupported_alignment:u	358	0	0
tx_mem.abort_hle_elision_buffer_unsupported_alignment:u	359	0	0
tx_mem.abort_hle_elision_buffer_unsupported_alignment:u	360	0	0
tx_mem.abort_hle_elision_buffer_unsupported_alignment:u	361	0	0
tx_mem.abort_hle_elision_buffer_unsupported_alignment:u	362	0	0
tx_mem.abort_hle_elision_buffer_unsupported_alignment:u	363	0	0
tx_mem.abort_hle_elision_buffer_unsupported_alignment:u	364	0	0
tx_mem.abort_hle_elision_buffer_unsupported_alignment:u	365	0	0
tx_mem.abort_hle_elision_buffer_unsupported_alignment:u	366	0	0
tx_mem.abort_hle_elision_buffer_unsupported_alignment:u	367	0	0
tx_mem.abort_hle_elision_buffer_unsupported_alignment:u	368	0	0
tx_mem.abort_hle_elision_buffer_unsupported_alignment:u	369	0	0
tx_mem.abort_hle_elision_buffer_unsupported_alignment:u	370	0	0
tx_mem.abort_hle_elision_buffer_unsupported_alignment:u	371	0	0
tx_mem.abort_hle_elision_buffer_unsupported_alignment:u	372	0	0
tx_mem.abort_hle_elision_buffer_unsupported_alignment:u	373	0	0
tx_mem.abort_hle_elision_buffer_unsupported_alignment:u	374	0	0
tx_mem.abort_hle_elision_buffer_unsupported_alignment:u	375	0	0
tx_mem.abort_hle_elision_buffer_unsupported_alignment:u	376	0	0
tx_mem.abort_hle_elision_buffer_unsupported_alignment:u	377	0	0
tx_mem.abort_hle_elision_buffer_unsupported_alignment:u	378	0	0
tx_mem.abort_hle_elision_buffer_unsupported_alignment:u	379	0	0
tx_mem.abort_hle_elision_buffer_unsupported_alignment:u	380	0	0
tx_mem.abort_hle_elision_buffer_unsupported_alignment:u	381	0	0
tx_mem.abort_hle_elision_buffer_unsupported_alignment:u	382	0	0
tx_mem.abort_hle_elision_buffer_unsupported_alignment:u	383	0	0
tx_mem.abort_hle_elision_buffer_unsupported_alignment:u	384	0	0
tx_mem.abort_hle_elision_buffer_unsupported_alignment:u	385	0	0
tx_mem.abort_hle_elision_buffer_unsupported_alignment:u	386	0	0
tx_mem.abort_hle_elision_buffer_unsupported_alignment:u	387	0	0
tx_mem.abort_hle_elision_buffer_unsupported_alignment:u	388	0	0
tx_mem.abort_hle_elision_buffer_unsupported_alignment:u	389	0	0
tx_mem.abort_hle_elision_buffer_unsupported_alignment:u	390	0	0
tx_mem.abort_hle_elision_buffer_unsupported_alignment:u	391	0	0
tx_mem.abort_hle_elision_buffer_unsupported_alignment:u	392	0	0
tx_mem.abort_hle_elision_buffer_unsupported_alignment:u	393	0	0
tx_mem.abort_hle_elision_buffer_unsupported_alignment:u	394	0	0
tx_mem.abort_hle_elision_buffer_unsupported_alignment:u	395	0	0
tx_mem.abort_hle_elision_buffer_unsupported_alignment:u	396	0	0
tx_mem.abort_hle_elision_buffer_unsupported_alignment:u	397	0	0
tx_mem.abort_hle_elision_buffer_unsupported_alignment:u	398	0	0
tx_mem.abort_hle_elision_buffer_unsupported_alignment:u	399	0	0
tx_mem.abort_hle_elision_buffer_unsupported_alignment:u	400	0	0
tx_mem.abort_hle_elision_buffer_unsupported_alignment:u	401	0	0
tx_mem.abort_hle_elision_buffer_unsupported_alignment:u	402	0	0
tx_mem.abort_hle_elision_buffer_unsupported_alignment:u	403	0	0
tx_mem.abort_hle_elision_buffer_unsupported_alignment:u	404	0	0
tx_mem.abort_hle_elision_buffer_unsupported_alignment:u	405	0	0
tx_mem.abort_hle_elision_buffer_unsupported_alignment:u	406	0	0
tx_mem.abort_hle_elision_buffer_unsupported_alignment:u	407	0	0
tx_mem.abort_hle_elision_buffer_unsupported_alignment:u	408	0	0
tx_mem.abort_hle_elision_buffer_unsupported_alignment:u	409	0	0
tx_mem.abort_hle_elision_buffer_unsupported_alignment:u	410	0	0
tx_mem.abort_hle_elision_buffer_unsupported_alignment:u	411	0	0
tx_mem.abort_hle_elision_buffer_unsupported_alignment:u	412	0	0
tx_mem.abort_hle_elision_buffer_unsupported_alignment:u	413	0	0
tx_mem.abort_hle_elision_buffer_unsupported_alignment:u	414	0	0
tx_mem.abort_hle_elision_buffer_unsupported_alignment:u	415	0	0
tx_mem.abort_hle_elision_buffer_unsupported_alignment:u	416	0	0
tx_mem.abort_hle_elision_buffer_unsupported_alignment:u	417	0	0
tx_mem.abort_hle_elision_buffer_unsupported_alignment:u	418	0	0
tx_mem.abort_hle_elision_buffer_unsupported_alignment:u	419	0	0
tx_mem.abort_hle_elision_buffer_unsupported_alignment:u	420	0	0
tx_mem.abort_hle_elision_buffer_unsupported_alignment:u	421	0	0
tx_mem.abort_hle_elision_buffer_unsupported_alignment:u	422	0	0
tx_mem.abort_hle_elision_buffer_unsupported_alignment:u	423	0	0
tx_mem.abort_hle_elision_buffer_unsupported_alignment:u	424	0	0
tx_mem.abort_hle_elision_buffer_unsupported_alignment:u	425	0	0
tx_mem.abort_hle_elision_buffer_unsupported_alignment:u	426	0	0
tx_mem.abort_hle_elision_buffer_unsupported_alignment:u	427	0	0
tx_mem.abort_hle_elision_buffer_unsupported_alignment:u	428	0	0
tx_mem.abort_hle_elision_buffer_unsupported_alignment:u	429	0	0
tx_mem.abort_hle_elision_buffer_unsupported_alignment:u	430	0	0
tx_mem.abort_hle_elision_buffer_unsupported_alignment:u	431	0	0
tx_mem.abort_hle_elision_buffer_unsupported_alignment:u	432	0	0
tx_mem.abort_hle_elision_buffer_unsupported_alignment:u	433	0	0
tx_mem.abort_hle_elision_buffer_unsupported_alignment:u	434	0	0
tx_mem.abort_hle_elision_buffer_unsupported_alignment:u	435	0	0
tx_mem.abort_hle_elision_buffer_unsupported_alignment:u	436	0	0
tx_mem.abort_hle_elision_buffer_unsupported_alignment:u	437	0	0
tx_mem.abort_hle_elision_buffer_unsupported_alignment:u	438	0	0
tx_mem.abort_hle_elision_buffer_unsupported_alignment:u	439	0	0
tx_mem.abort_hle_elision_buffer_unsupported_alignment:u	440	0	0
tx_mem.abort_hle_elision_buffer_unsupported_alignment:u	441	0	0
tx_mem.abort_hle_elision_buffer_unsupported_alignment:u	442	0	0
tx_mem.abort_hle_elision_buffer_unsupported_alignment:u	443	0	0
tx_mem.abort_hle_elision_buffer_unsupported_alignment:u	444	0	0
tx_mem.abort_hle_elision_buffer_unsupported_alignment:u	445	0	0
tx_mem.abort_hle_elision_buffer_unsupported_alignment:u	446	0	0
tx_mem.abort_hle_elision_buffer_unsupported_alignment:u	447	0	0
tx_mem.abort_hle_elision_buffer_unsupported_alignment:u	448	0	0
tx_mem.abort_hle_elision_buffer_unsupported_alignment:u	449	0	0
tx_mem.abort_hle_elision_buffer_unsupported_alignment:u	450	0	0
tx_mem.abort_hle_elision_buffer_unsupported_alignment:u	451	0	0
tx_mem.abort_hle_elision_buffer_unsupported_alignment:u	452	0	0
tx_mem.abort_hle_elision_buffer_unsupported_alignment:u	453	0	0
tx_mem.abort_hle_elision_buffer_unsupported_alignment:u	454	0	0
tx_mem.abort_hle_elision_buffer_unsupported_alignment:u	455	0	0
tx_mem.abort_hle_elision_buffer_unsupported_alignment:u	456	0	0
tx_mem.abort_hle_elision_buffer_unsupported_alignment:u	457	0	0
tx_mem.abort_hle_elision_buffer_unsupported_alignment:u	458	0	0
tx_mem.abort_hle_elision_buffer_unsupported_alignment:u	459	0	0
tx_mem.abort_hle_elision_buffer_unsupported_alignment:u	460	0	0
tx_mem.abort_hle_elision_buffer_unsupported_alignment:u	461	0	0
tx_mem.abort_hle_elision_buffer_unsupported_alignment:u	462	0	0
tx_mem.abort_hle_elision_buffer_unsupported_alignment:u	463	0	0
tx_mem.abort_hle_elision_buffer_unsupported_alignment:u	464	0	0
tx_mem.abort_hle_elision_buffer_unsupported_alignment:u	465	0	0
tx_mem.abort_hle_elision_buffer_unsupported_alignment:u	466	0	0
tx_mem.abort_hle_elision_buffer_unsupported_alignment:u	467	0	0
tx_mem.abort_hle_elision_buffer_unsupported_alignment:u	468	0	0
tx_mem.abort_hle_elision_buffer_unsupported_alignment:u	469	0	0
tx_mem.abort_hle_elision_buffer_unsupported_alignment:u	470	0	0
tx_mem.abort_hle_elision_buffer_unsupported_alignment:u	471	0	0
tx_mem.abort_hle_elision_buffer_unsupported_alignment:u	472	0	0
tx_mem.abort_hle_elision_buffer_unsupported_alignment:u	473	0	0
tx_mem.abort_hle_elision_buffer_unsupported_alignment:u	474	0	0
tx_mem.abort_hle_elision_buffer_unsupported_alignment:u	475	0	0
tx_mem.abort_hle_elision_buffer_unsupported_alignment:u	476	0	0
tx_mem.abort_hle_elision_buffer_unsupported_alignment:u	477	0	0
tx_mem.abort_hle_elision_buffer_unsupported_alignment:u	478	0	0
tx_mem.abort_hle_elision_buffer_unsupported_alignment:u	479	0	0
tx_mem.abort_hle_elision_buffer_unsupported_alignment:u	480	0	0
tx_mem.abort_hle_elision_buffer_unsupported_alignment:u	481	0	0
tx_mem.abort_hle_elision_buffer_unsupported_alignment:u	482	0	0
tx_mem.abort_hle_elision_buffer_unsupported_alignment:u	483	0	0
tx_mem.abort_hle_elision_buffer_unsupported_alignment:u	484	0	0
tx_mem.abort_hle_elision_buffer_unsupported_alignment:u	485	0	0
tx_mem.abort_hle_elision_buffer_unsupported_alignment:u	486	0	0
tx_mem.abort_hle_elision_buffer_unsupported_alignment:u	487	0	0
tx_mem.abort_hle_elision_buffer_unsupported_alignment:u	488	0	0
tx_mem.abort_hle_elision_buffer_unsupported_alignment:u	489	0	0
tx_mem.abort_hle_elision_buffer_unsupported_alignment:u	490	0	0
tx_mem.abort_hle_elision_buffer_unsupported_alignment:u	491	0	0
tx_mem.abort_hle_elision_buffer_unsupported_alignment:u	492	0	0
tx_mem.abort_hle_elision_buffer_unsupported_alignment:u	493	0	0
tx_mem.abort_hle_elision_buffer_unsupported_alignment:u	494	0	0
tx_mem.abort_hle_elision_buffer_unsupported_alignment:u	495	0	0
tx_mem.abort_hle_elision_buffer_unsupported_alignment:u	496	0	0
tx_mem.abort_hle_elision_buffer_unsupported_alignment:u	497	0	0
tx_mem.abort_hle_elision_buffer_unsupported_alignment:u	498	0	0
tx_mem.abort_hle_elision_buffer_unsupported_alignment:u	499	0	0
tx_mem.abort_hle_elision_buffer_unsupported_alignment:u	500	0	0
tx_mem.abort_hle_elision_buffer_unsupported_alignment:u	501	0	0
tx_mem.abort_hle_elision_buffer_unsupported_alignment:u	502	0	0
tx_mem.abort_hle_elision_buffer_unsupported_alignment:u	503	0	0
tx_mem.abort_hle_elision_buffer_unsupported_alignment:u	504	0	0
tx_mem.abort_hle_elision_buffer_unsupported_alignment:u	505	0	0
tx_mem.abort_hle_elision_buffer_unsupported_alignment:u	506	0	0
tx_mem.abort_hle_elision_buffer_unsupported_alignment:u	507	0	0
tx_mem.abort_hle_elision_buffer_unsupported_alignment:u	508	0	0
tx_mem.abort_hle_elision_buffer_unsupported_alignment:u	509	0	0
tx_mem.abort_hle_elision_buffer_unsupported_alignment:u	510	0	0
tx_mem.abort_hle_elision_buffer_unsupported_alignment:u	511	0	0
tx_mem.abort_hle_elision_buffer_unsupported_alignment:u	512	0	0
tx_mem.abort_hle_elision_buffer_unsupported_alignment:u	513	0	0
tx_mem.abort_hle_elision_buffer_unsupported_alignment:u	514	0	0
tx_mem.abort_hle_elision_buffer_unsupported_alignment:u	515	0	0
tx_mem.abort_hle_elision_buffer_unsupported_alignment:u	516	0	0
tx_mem.abort_hle_elision_buffer_unsupported_alignment:u	517	0	0
tx_mem.abort_hle_elision_buffer_unsupported_alignment:u	518	0	0
tx_mem.abort_hle_elision_buffer_unsupported_alignment:u	519	0	0
tx_mem.abort_hle_elision_buffer_unsupported_alignment:u	520	0	0
tx_mem.abort_hle_elision_buffer_unsupported_alignment:u	521	0	0
tx_mem.abort_hle_elision_buffer_unsupported_alignment:u	522	0	0
tx_mem.abort_hle_elision_buffer_unsupported_alignment:u	523	0	0
tx_mem.abort_hle_elision_buffer_unsupported_alignment:u	524	0	0
tx_mem.abort_hle_elision_buffer_unsupported_alignment:u	525	0	0
tx_mem.abort_hle_elision_buffer_unsupported_alignment:u	526	0	0
tx_mem.abort_hle_elision_buffer_unsupported_alignment:u	527	0	0
tx_mem.abort_hle_elision_buffer_unsupported_alignment:u	528	0	0
tx_mem.abort_hle_elision_buffer_unsupported_alignment:u	529	0	0
tx_mem.abort_hle_elision_buffer_unsupported_alignment:u	530	0	0
tx_mem.abort_hle_elision_buffer_unsupported_alignment:u	531	0	0
tx_mem.abort_hle_elision_buffer_unsupported_alignment:u	532	0	0
tx_mem.abort_hle_elision_buffer_unsupported_alignment:u	533	0	0
tx_mem.abort_hle_elision_buffer_unsupported_alignment:u	534	0	0
tx_mem.abort_hle_elision_buffer_unsupported_alignment:u	535	0	0
tx_mem.abort_hle_elision_buffer_unsupported_alignment:u	536	0	0
tx_mem.abort_hle_elision_buffer_unsupported_alignment:u	537	0	0
tx_mem.abort_hle_elision_buffer_unsupported_alignment:u	538	0	0
tx_mem.abort_hle_elision_buffer_unsupported_alignment:u	539	0	0
tx_mem.abort_hle_elision_buffer_unsupported_alignment:u	540	0	0
tx_mem.abort_hle_elision_buffer_unsupported_alignment:u	541	0	0
tx_mem.abort_hle_elision_buffer_unsupported_alignment:u	542	0	0
tx_mem.abort_hle_elision_buffer_unsupported_alignment:u	543	0	0
tx_mem.abort_hle_elision_buffer_unsupported_alignment:u	544	0	0
tx_mem.abort_hle_elision_buffer_unsupported_alignment:u	545	0	0
tx_mem.abort_hle_elision_buffer_unsupported_alignment:u	546	0	0
tx_mem.abort_hle_elision_buffer_unsupported_alignment:u	547	0	0
tx_mem.abort_hle_elision_buffer_unsupported_alignment:u	548	0	0
tx_mem.abort_hle_elision_buffer_unsupported_alignment:u	549	0	0
tx_mem.abort_hle_elision_buffer_unsupported_alignment:u	550	0	0
tx_mem.abort_hle_elision_buffer_unsupported_alignment:u	551	0	0
tx_mem.abort_hle_elision_buffer_unsupported_alignment:u	552	0	0
tx_mem.abort_hle_elision_buffer_unsupported_alignment:u	553	0	0
tx_mem.abort_hle_elision_buffer_unsupported_alignment:u	554	0	0
tx_mem.abort_hle_elision_buffer_unsupported_alignment:u	555	0	0
tx_mem.abort_hle_elision_buffer_unsupported_alignment:u	556	0	0
tx_mem.abort_hle_elision_buffer_unsupported_alignment:u	557	0	0
tx_mem.abort_hle_elision_buffer_unsupported_alignment:u	558	0	0
tx_mem.abort_hle_elision_buffer_unsupported_alignment:u	559	0	0
tx_mem.abort_hle_elision_buffer_unsupported_alignment:u	560	0	0
tx_mem.abort_hle_elision_buffer_unsupported_alignment:u	561	0	0
tx_mem.abort_hle_elision_buffer_unsupported_alignment:u	562	0	0
tx_mem.abort_hle_elision_buffer_unsupported_alignment:u	563	0	0
tx_mem.abort_hle_elision_buffer_unsupported_alignment:u	564	0	0
tx_mem.abort_hle_elision_buffer_unsupported_alignment:u	565	0	0
tx_mem.abort_hle_elision_buffer_unsupported_alignment:u	566	0	0
tx_mem.abort_hle_elision_buffer_unsupported_alignment:u	567	0	0
tx_mem.abort_hle_elision_buffer_unsupported_alignment:u	568	0	0
tx_mem.abort_hle_elision_buffer_unsupported_alignment:u	569	0	0
tx_mem.abort_hle_elision_buffer_unsupported_alignment:u	570	0	0
tx_mem.abort_hle_elision_buffer_unsupported_alignment:u	571	0	0
tx_mem.abort_hle_elision_buffer_unsupported_alignment:u	572	0	0
tx_mem.abort_hle_elision_buffer_unsupported_alignment:u	573	0	0
tx_mem.abort_hle_elision_buffer_unsupported_alignment:u	574	0	0
tx_mem.abort_hle_elision_buffer_unsupported_alignment:u	575	0	0
tx_mem.abort_hle_elision_buffer_unsupported_alignment:u	576	0	0
tx_mem.abort_hle_elision_buffer_unsupported_alignment:u	577	0	0
tx_mem.abort_hle_elision_buffer_unsupported_alignment:u	578	0	0
tx_mem.abort_hle_elision_buffer_unsupported_alignment:u	579	0	0
tx_mem.abort_hle_elision_buffer_unsupported_alignment:u	580	0	0
tx_mem.abort_hle_elision_buffer_unsupported_alignment:u	581	0	0
tx_mem.abort_hle_elision_buffer_unsupported_alignment:u	582	0	0
tx_mem.abort_hle_elision_buffer_unsupported_alignment:u	583	0	0
tx_mem.abort_hle_elision_buffer_unsupported_alignment:u	584	0	0
tx_mem.abort_hle_elision_buffer_unsupported_alignment:u	585	0	0
tx_mem.abort_hle_elision_buffer_unsupported_alignment:u	586	0	0
tx_mem.abort_hle_elision_buffer_unsupported_alignment:u	587	0	0
tx_mem.abort_hle_elision_buffer_unsupported_alignment:u	588	0	0
tx_mem.abort_hle_elision_buffer_unsupported_alignment:u	589	0	0
tx_mem.abort_hle_elision_buffer_unsupported_alignment:u	590	0	0
tx_mem.abort_hle_elision_buffer_unsupported_alignment:u	591	0	0
tx_mem.abort_hle_elision_buffer_unsupported_alignment:u	592	0	0
tx_mem.abort_hle_elision_buffer_unsupported_alignment:u	593	0	0
tx_mem.abort_hle_elision_buffer_unsupported_alignment:u	594	0	0
tx_mem.abort_hle_elision_buffer_unsupported_alignment:u	595	0	0
tx_mem.abort_hle_elision_buffer_unsupported_alignment:u	596	0	0
tx_mem.abort_hle_elision_buffer_unsupported_alignment:u	597	0	0
tx_mem.abort_hle_elision_buffer_unsupported_alignment:u	598	0	0
tx_mem.abort_hle_elision_buffer_unsupported_alignment:u	599	0	0
tx_mem.abort_hle_elision_buffer_unsupported_alignment:u	600	0	0
tx_mem.abort_hle_elision_buffer_unsupported_alignment:u	601	0	0
tx_mem.abort_hle_elision_buffer_unsupported_alignment:u	602	0	0
tx_mem.abort_hle_elision_buffer_unsupported_alignment:u	603	0	0
tx_mem.abort_hle_elision_buffer_unsupported_alignment:u	604	0	0
tx_mem.abort_hle_elision_buffer_unsupported_alignment:u	605	0	0
tx_mem.abort_hle_elision_buffer_unsupported_alignment:u	606	0	0
tx_mem.abort_hle_elision_buffer_unsupported_alignment:u	607	0	0
tx_mem.abort_hle_elision_buffer_unsupported_alignment:u	608	0	0
tx_mem.abort_hle_elision_buffer_unsupported_alignment:u	609	0	0
tx_mem.abort_hle_elision_buffer_unsupported_alignment:u	610	0	0
tx_mem.abort_hle_elision_buffer_unsupported_alignment:u	611	0	0
tx_mem.abort_hle_elision_buffer_unsupported_alignment:u	612	0	0
tx_mem.abort_hle_elision_buffer_unsupported_alignment:u	613	0	0
tx_mem.abort_hle_elision_buffer_unsupported_alignment:u	614	0	0
tx_mem.abort_hle_elision_buffer_unsupported_alignment:u	615	0	0
tx_mem.abort_hle_elision_buffer_unsupported_alignment:u	616	0	0
tx_mem.abort_hle_elision_buffer_unsupported_alignment:u	617	0	0
tx_mem.abort_hle_elision_buffer_unsupported_alignment:u	618	0	0
tx_mem.abort_hle_elision_buffer_unsupported_alignment:u	619	0	0
tx_mem.abort_hle_elision_buffer_unsupported_alignment:u	620	0	0
tx_mem.abort_hle_elision_buffer_unsupported_alignment:u	621	0	0
tx_mem.abort_hle_elision_buffer_unsupported_alignment:u	622	0	0
tx_mem.abort_hle_elision_buffer_unsupported_alignment:u	623	0	0
tx_mem.abort_hle_elision_buffer_unsupported_alignment:u	624	0	0
tx_mem.abort_hle_elision_buffer_unsupported_alignment:u	625	0	0
tx_mem.abort_hle_elision_buffer_unsupported_alignment:u	626	0	0
tx_mem.abort_hle_elision_buffer_unsupported_alignment:u	627	0	0
tx_mem.abort_hle_elision_buffer_unsupported_alignment:u	628	0	0
tx_mem.abort_hle_elision_buffer_unsupported_alignment:u	629	0	0
tx_mem.abort_hle_elision_buffer_unsupported_alignment:u	630	0	0
tx_mem.abort_hle_elision_buffer_unsupported_alignment:u	631	0	0
tx_mem.abort_hle_elision_buffer_unsupported_alignment:u	632	0	0
tx_mem.abort_hle_elision_buffer_unsupported_alignment:u	633	0	0
tx_mem.abort_hle_elision_buffer_unsupported_alignment:u	634	0	0
tx_mem.abort_hle_elision_buffer_unsupported_alignment:u	635	0	0
tx_mem.abort_hle_elision_buffer_unsupported_alignment:u	636	0	0
tx_mem.abort_hle_elision_buffer_unsupported_alignment:u	637	0	0
tx_mem.abort_hle_elision_buffer_unsupported_alignment:u	638	0	0
tx_mem.abort_hle_elision_buffer_unsupported_alignment:u	639	0	0
tx_mem.abort_hle_elision_buffer_unsupported_alignment:u	640	0	0
tx_mem.abort_hle_elision_buffer_unsupported_alignment:u	641	0	0
tx_mem.abort_hle_elision_buffer_unsupported_alignment:u	642	0	0
tx_mem.abort_hle_elision_buffer_unsupported_alignment:u	643	0	0
tx_mem.abort_hle_elision_buffer_unsupported_alignment:u	644	0	0
tx_mem.abort_hle_elision_buffer_unsupported_alignment:u	645	0	0
tx_mem.abort_hle_elision_buffer_unsupported_alignment:u	646	0	0
tx_mem.abort_hle_elision_buffer_unsupported_alignment:u	647	0	0
tx_mem.abort_hle_elision_buffer_unsupported_alignment:u	648	0	0
tx_mem.abort_hle_elision_buffer_unsupported_alignment:u	649	0	0
tx_mem.abort_hle_elision_buffer_unsupported_alignment:u	650	0	0
tx_mem.abort_hle_elision_buffer_unsupported_alignment:u	651	0	0
tx_mem.abort_hle_elision_buffer_unsupported_alignment:u	652	0	0
tx_mem.abort_hle_elision_buffer_unsupported_alignment:u	653	0	0
tx_mem.abort_hle_elision_buffer_unsupported_alignment:u	654	0	0
tx_mem.abort_hle_elision_buffer_unsupported_alignment:u	655	0	0
tx_mem.abort_hle_elision_buffer_unsupported_alignment:u	656	0	0
tx_mem.abort_hle_elision_buffer_unsupported_alignment:u	657	0	0
tx_mem.abort_hle_elision_buffer_unsupported_alignment:u	658	0	0
tx_mem.abort_hle_elision_buffer_unsupported_alignment:u	659	0	0
tx_mem.abort_hle_elision_buffer_unsupported_alignment:u	660	0	0
tx_mem.abort_hle_elision_buffer_unsupported_alignment:u	661	0	0
tx_mem.abort_hle_elision_buffer_unsupported_alignment:u	662	0	0
tx_mem.abort_hle_elision_buffer_unsupported_alignment:u	663	0	0
tx_mem.abort_hle_elision_buffer_unsupported_alignment:u	664	0	0
tx_mem.abort_hle_elision_buffer_unsupported_alignment:u	665	0	0
tx_mem.abort_hle_elision_buffer_unsupported_alignment:u	666	0	0
tx_mem.abort_hle_elision_buffer_unsupported_alignment:u	667	0	0
tx_mem.abort_hle_elision_buffer_unsupported_alignment:u	668	0	0
tx_mem.abort_hle_elision_buffer_unsupported_alignment:u	669	0	0
tx_mem.abort_hle_elision_buffer_unsupported_alignment:u	670	0	0
tx_mem.abort_hle_elision_buffer_unsupported_alignment:u	671	0	0
tx_mem.abort_hle_elision_buffer_unsupported_alignment:u	672	0	0
tx_mem.abort_hle_elision_buffer_unsupported_alignment:u	673	0	0
tx_mem.abort_hle_elision_buffer_unsupported_alignment:u	674	0	0
tx_mem.abort_hle_elision_buffer_unsupported_alignment:u	675	0	0
tx_mem.abort_hle_elision_buffer_unsupported_alignment:u	676	0	0
tx_mem.abort_hle_elision_buffer_unsupported_alignment:u	677	0	0
tx_mem.abort_hle_elision_buffer_unsupported_alignment:u	678	0	0
tx_mem.abort_hle_elision_buffer_unsupported_alignment:u	679	0	0
tx_mem.abort_hle_elision_buffer_unsupported_alignment:u	680	0	0
tx_mem.abort_hle_elision_buffer_unsupported_alignment:u	681	0	0
tx_mem.abort_hle_elision_buffer_unsupported_alignment:u	682	0	0
tx_mem.abort_hle_elision_buffer_unsupported_alignment:u	683	0	0
tx_mem.abort_hle_elision_buffer_unsupported_alignment:u	684	0	0
tx_mem.abort_hle_elision_buffer_unsupported_alignment:u	685	0	0
tx_mem.abort_hle_elision_buffer_unsupported_alignment:u	686	0	0
tx_mem.abort_hle_elision_buffer_unsupported_alignment:u	687	0	0
tx_mem.abort_hle_elision_buffer_unsupported_alignment:u	688	0	0
tx_mem.abort_hle_elision_buffer_unsupported_alignment:u	689	0	0
tx_mem.abort_hle_elision_buffer_unsupported_alignment:u	690	0	0
tx_mem.abort_hle_elision_buffer_unsupported_alignment:u	691	0	0
tx_mem.abort_hle_elision_buffer_unsupported_alignment:u	692	0	0
tx_mem.abort_hle_elision_buffer_unsupported_alignment:u	693	0	0
tx_mem.abort_hle_elision_buffer_unsupported_alignment:u	694	0	0
tx_mem.abort_hle_elision_buffer_unsupported_alignment:u	695	0	0
tx_mem.abort_hle_elision_buffer_unsupported_alignment:u	696	0	0
tx_mem.abort_hle_elision_buffer_unsupported_alignment:u	697	0	0
tx_mem.abort_hle_elision_buffer_unsupported_alignment:u	698	0	0
tx_mem.abort_hle_elision_buffer_unsupported_alignment:u	699	0	0
tx_mem.abort_hle_elision_buffer_unsupported_alignment:u	700	0	0
tx_mem.abort_hle_elision_buffer_unsupported_alignment:u	701	0	0
tx_mem.abort_hle_elision_buffer_unsupported_alignment:u	702	0	0
tx_mem.abort_hle_elision_buffer_unsupported_alignment:u	703	0	0
tx_mem.abort_hle_elision_buffer_unsupported_alignment:u	704	0	0
tx_mem.abort_hle_elision_buffer_unsupported_alignment:u	705	0	0
tx_mem.abort_hle_elision_buffer_unsupported_alignment:u	706	0	0
tx_mem.abort_hle_elision_buffer_unsupported_alignment:u	707	0	0
tx_mem.abort_hle_elision_buffer_unsupported_alignment:u	708	0	0
tx_mem.abort_hle_elision_buffer_unsupported_alignment:u	709	0	0
tx_mem.abort_hle_elision_buffer_unsupported_alignment:u	710	0	0
tx_mem.abort_hle_elision_buffer_unsupported_alignment:u	711	0	0
tx_mem.abort_hle_elision_buffer_unsupported_alignment:u	712	0	0
tx_mem.abort_hle_elision_buffer_unsupported_alignment:u	713	0	0
tx_mem.abort_hle_elision_buffer_unsupported_alignment:u	714	0	0
tx_mem.abort_hle_elision_buffer_unsupported_alignment:u	715	0	0
tx_mem.abort_hle_elision_buffer_unsupported_alignment:u	716	0	0
tx_mem.abort_hle_elision_buffer_unsupported_alignment:u	717	0	0
tx_mem.abort_hle_elision_buffer_unsupported_alignment:u	718	0	0
tx_mem.abort_hle_elision_buffer_unsupported_alignment:u	719	0	0
tx_mem.abort_hle_elision_buffer_unsupported_alignment:u	720	0	0
tx_mem.abort_hle_elision_buffer_unsupported_alignment:u	721	0	0
tx_mem.abort_hle_elision_buffer_unsupported_alignment:u	722	0	0
tx_mem.abort_hle_elision_buffer_unsupported_alignment:u	723	0	0
tx_mem.abort_hle_elision_buffer_unsupported_alignment:u	724	0	0
tx_mem.abort_hle_elision_buffer_unsupported_alignment:u	725	0	0
tx_mem.abort_hle_elision_buffer_unsupported_alignment:u	726	0	0
tx_mem.abort_hle_elision_buffer_unsupported_alignment:u	727	0	0
tx_mem.abort_hle_elision_buffer_unsupported_alignment:u	728	0	0
tx_mem.abort_hle_elision_buffer_unsupported_alignment:u	729	0	0
tx_mem.abort_hle_elision_buffer_unsupported_alignment:u	730	0	0
tx_mem.abort_hle_elision_buffer_unsupported_alignment:u	731	0	0
tx_mem.abort_hle_elision_buffer_unsupported_alignment:u	732	0	0
tx_mem.abort_hle_elision_buffer_unsupported_alignment:u	733	0	0
tx_mem.abort_hle_elision_buffer_unsupported_alignment:u	734	0	0
tx_mem.abort_hle_elision_buffer_unsupported_alignment:u	735	0	0
tx_mem.abort_hle_elision_buffer_unsupported_alignment:u	736	0	0
tx_mem.abort_hle_elision_buffer_unsupported_alignment:u	737	0	0
tx_mem.abort_hle_elision_buffer_unsupported_alignment:u	738	0	0
tx_mem.abort_hle_elision_buffer_unsupported_alignment:u	739	0	0
tx_mem.abort_hle_elision_buffer_unsupported_alignment:u	740	0	0
tx_mem.abort_hle_elision_buffer_unsupported_alignment:u	741	0	0
tx_mem.abort_hle_elision_buffer_unsupported_alignment:u	742	0	0
tx_mem.abort_hle_elision_buffer_unsupported_alignment:u	743	0	0
tx_mem.abort_hle_elision_buffer_unsupported_alignment:u	744	0	0
tx_mem.abort_hle_elision_buffer_unsupported_alignment:u	745	0	0
tx_mem.abort_hle_elision_buffer_unsupported_alignment:u	746	0	0
tx_mem.abort_hle_elision_buffer_unsupported_alignment:u	747	0	0
tx_mem.abort_hle_elision_buffer_unsupported_alignment:u	748	0	0
tx_mem.abort_hle_elision_buffer_unsupported_alignment:u	749	0	0
tx_mem.abort_hle_elision_buffer_unsupported_alignment:u	750	0	0
tx_mem.abort_hle_elision_buffer_unsupported_alignment:u	751	0	0
tx_mem.abort_hle_elision_buffer_unsupported_alignment:u	752	0	0
tx_mem.abort_hle_elision_buffer_unsupported_alignment:u	753	0	0
tx_mem.abort_hle_elision_buffer_unsupported_alignment:u	754	0	0
tx_mem.abort_hle_elision_buffer_unsupported_alignment:u	755	0	0
tx_mem.abort_hle_elision_buffer_unsupported_alignment:u	756	0	0
tx_mem.abort_hle_elision_buffer_unsupported_alignment:u	757	0	0
tx_mem.abort_hle_elision_buffer_unsupported_alignment:u	758	0	0
tx_mem.abort_hle_elision_buffer_unsupported_alignment:u	759	0	0
tx_mem.abort_hle_elision_buffer_unsupported_alignment:u	760	0	0
tx_mem.abort_hle_elision_buffer_unsupported_alignment:u	761	0	0
tx_mem.abort_hle_elision_buffer_unsupported_alignment:u	762	0	0
tx_mem.abort_hle_elision_buffer_unsupported_alignment:u	763	0	0
tx_mem.abort_hle_elision_buffer_unsupported_alignment:u	764	0	0
tx_mem.abort_hle_elision_buffer_unsupported_alignment:u	765	0	0
tx_mem.abort_hle_elision_buffer_unsupported_alignment:u	766	0	0
tx_mem.abort_hle_elision_buffer_unsupported_alignment:u	767	0	0
tx_mem.abort_hle_elision_buffer_unsupported_alignment:u	768	0	0
tx_mem.abort_hle_elision_buffer_unsupported_alignment:u	769	0	0
tx_mem.abort_hle_elision_buffer_unsupported_alignment:u	770	0	0
tx_mem.abort_hle_elision_buffer_unsupported_alignment:u	771	0	0
tx_mem.abort_hle_elision_buffer_unsupported_alignment:u	772	0	0
tx_mem.abort_hle_elision_buffer_unsupported_alignment:u	773	0	0
tx_mem.abort_hle_elision_buffer_unsupported_alignment:u	774	0	0
tx_mem.abort_hle_elision_buffer_unsupported_alignment:u	775	0	0
tx_mem.abort_hle_elision_buffer_unsupported_alignment:u	776	0	0
tx_mem.abort_hle_elision_buffer_unsupported_alignment:u	777	0	0
tx_mem.abort_hle_elision_buffer_unsupported_alignment:u	778	0	0
tx_mem.abort_hle_elision_buffer_unsupported_alignment:u	779	0	0
tx_mem.abort_hle_elision_buffer_unsupported_alignment:u	780	0	0
tx_mem.abort_hle_elision_buffer_unsupported_alignment:u	781	0	0
tx_mem.abort_hle_elision_buffer_unsupported_alignment:u	782	0	0
tx_mem.abort_hle_elision_buffer_unsupported_alignment:u	783	0	0
tx_mem.abort_hle_elision_buffer_unsupported_alignment:u	784	0	0
tx_mem.abort_hle_elision_buffer_unsupported_alignment:u	785	0	0
tx_mem.abort_hle_elision_buffer_unsupported_alignment:u	786	0	0
tx_mem.abort_hle_elision_buffer_unsupported_alignment:u	787	0	0
tx_mem.abort_hle_elision_buffer_unsupported_alignment:u	788	0	0
tx_mem.abort_hle_elision_buffer_unsupported_alignment:u	789	0	0
tx_mem.abort_hle_elision_buffer_unsupported_alignment:u	790	0	0
tx_mem.abort_hle_elision_buffer_unsupported_alignment:u	791	0	0
tx_mem.abort_hle_elision_buffer_unsupported_alignment:u	792	0	0
tx_mem.abort_hle_elision_buffer_unsupported_alignment:u	793	0	0
tx_mem.abort_hle_elision_buffer_unsupported_alignment:u	794	0	0
tx_mem.abort_hle_elision_buffer_unsupported_alignment:u	795	0	0
tx_mem.abort_hle_elision_buffer_unsupported_alignment:u	796	0	0
tx_mem.abort_hle_elision_buffer_unsupported_alignment:u	797	0	0
tx_mem.abort_hle_elision_buffer_unsupported_alignment:u	798	0	0
tx_mem.abort_hle_elision_buffer_unsupported_alignment:u	799	0	0
tx_mem.abort_hle_elision_buffer_unsupported_alignment:u	800	0	0
tx_mem.abort_hle_elision_buffer_unsupported_alignment:u	801	0	0
tx_mem.abort_hle_elision_buffer_unsupported_alignment:u	802	0	0
tx_mem.abort_hle_elision_buffer_unsupported_alignment:u	803	0	0
tx_mem.abort_hle_elision_buffer_unsupported_alignment:u	804	0	0
tx_mem.abort_hle_elision_buffer_unsupported_alignment:u	805	0	0
tx_mem.abort_hle_elision_buffer_unsupported_alignment:u	806	0	0
tx_mem.abort_hle_elision_buffer_unsupported_alignment:u	807	0	0
tx_mem.abort_hle_elision_buffer_unsupported_alignment:u	808	0	0
tx_mem.abort_hle_elision_buffer_unsupported_alignment:u	809	0	0
tx_mem.abort_hle_elision_buffer_unsupported_alignment:u	810	0	0
tx_mem.abort_hle_elision_buffer_unsupported_alignment:u	811	0	0
tx_mem.abort_hle_elision_buffer_unsupported_alignment:u	812	0	0
tx_mem.abort_hle_elision_buffer_unsupported_alignment:u	813	0	0
tx_mem.abort_hle_elision_buffer_unsupported_alignment:u	814	0	0
tx_mem.abort_hle_elision_buffer_unsupported_alignment:u	815	0	0
tx_mem.abort_hle_elision_buffer_unsupported_alignment:u	816	0	0
tx_mem.abort_hle_elision_buffer_unsupported_alignment:u	817	0	0
tx_mem.abort_hle_elision_buffer_unsupported_alignment:u	818	0	0
tx_mem.abort_hle_elision_buffer_unsupported_alignment:u	819	0	0
tx_mem.abort_hle_elision_buffer_unsupported_alignment:u	820	0	0
tx_mem.abort_hle_elision_buffer_unsupported_alignment:u	821	0	0
tx_mem.abort_hle_elision_buffer_unsupported_alignment:u	822	0	0
tx_mem.abort_hle_elision_buffer_unsupported_alignment:u	823	0	0
tx_mem.abort_hle_elision_buffer_unsupported_alignment:u	824	0	0
tx_mem.abort_hle_elision_buffer_unsupported_alignment:u	825	0	0
tx_mem.abort_hle_elision_buffer_unsupported_alignment:u	826	0	0
tx_mem.abort_hle_elision_buffer_unsupported_alignment:u	827	0	0
tx_mem.abort_hle_elision_buffer_unsupported_alignment:u	828	0	0
tx_mem.abort_hle_elision_buffer_unsupported_alignment:u	829	0	0
tx_mem.abort_hle_elision_buffer_unsupported_alignment:u	830	0	0
tx_mem.abort_hle_elision_buffer_unsupported_alignment:u	831	0	0
tx_mem.abort_hle_elision_buffer_unsupported_alignment:u	832	0	0
tx_mem.abort_hle_elision_buffer_unsupported_alignment:u	833	0	0
tx_mem.abort_hle_elision_buffer_unsupported_alignment:u	834	0	0
tx_mem.abort_hle_elision_buffer_unsupported_alignment:u	835	0	0
tx_mem.abort_hle_elision_buffer_unsupported_alignment:u	836	0	0
tx_mem.abort_hle_elision_buffer_unsupported_alignment:u	837	0	0
tx_mem.abort_hle_elision_buffer_unsupported_alignment:u	838	0	0
tx_mem.abort_hle_elision_buffer_unsupported_alignment:u	839	0	0
tx_mem.abort_hle_elision_buffer_unsupported_alignment:u	840	0	0
tx_mem.abort_hle_elision_buffer_unsupported_alignment:u	841	0	0
tx_mem.abort_hle_elision_buffer_unsupported_alignment:u	842	0	0
tx_mem.abort_hle_elision_buffer_unsupported_alignment:u	843	0	0
tx_mem.abort_hle_elision_buffer_unsupported_alignment:u	844	0	0
tx_mem.abort_hle_elision_buffer_unsupported_alignment:u	845	0	0
tx_mem.abort_hle_elision_buffer_unsupported_alignment:u	846	0	0
tx_mem.abort_hle_elision_buffer_unsupported_alignment:u	847	0	0
tx_mem.abort_hle_elision_buffer_unsupported_alignment:u	848	0	0
tx_mem.abort_hle_elision_buffer_unsupported_alignment:u	849	0	0
tx_mem.abort_hle_elision_buffer_unsupported_alignment:u	850	0	0
tx_mem.abort_hle_elision_buffer_unsupported_alignment:u	851	0	0
tx_mem.abort_hle_elision_buffer_unsupported_alignment:u	852	0	0
tx_mem.abort_hle_elision_buffer_unsupported_alignment:u	853	0	0
tx_mem.abort_hle_elision_buffer_unsupported_alignment:u	854	0	0
tx_mem.abort_hle_elision_buffer_unsupported_alignment:u	855	0	0
tx_mem.abort_hle_elision_buffer_unsupported_alignment:u	856	0	0
tx_mem.abort_hle_elision_buffer_unsupported_alignment:u	857	0	0
tx_mem.abort_hle_elision_buffer_unsupported_alignment:u	858	0	0
tx_mem.abort_hle_elision_buffer_unsupported_alignment:u	859	0	0
tx_mem.abort_hle_elision_buffer_unsupported_alignment:u	860	0	0
tx_mem.abort_hle_elision_buffer_unsupported_alignment:u	861	0	0
tx_mem.abort_hle_elision_buffer_unsupported_alignment:u	862	0	0
tx_mem.abort_hle_elision_buffer_unsupported_alignment:u	863	0	0
tx_mem.abort_hle_elision_buffer_unsupported_alignment:u	864	0	0
tx_mem.abort_hle_elision_buffer_unsupported_alignment:u	865	0	0
tx_mem.abort_hle_elision_buffer_unsupported_alignment:u	866	0	0
tx_mem.abort_hle_elision_buffer_unsupported_alignment:u	867	0	0
tx_mem.abort_hle_elision_buffer_unsupported_alignment:u	868	0	0
tx_mem.abort_hle_elision_buffer_unsupported_alignment:u	869	0	0
tx_mem.abort_hle_elision_buffer_unsupported_alignment:u	870	0	0
tx_mem.abort_hle_elision_buffer_unsupported_alignment:u	871	0	0
tx_mem.abort_hle_elision_buffer_unsupported_alignment:u	872	0	0
tx_mem.abort_hle_elision_buffer_unsupported_alignment:u	873	0	0
tx_mem.abort_hle_elision_buffer_unsupported_alignment:u	874	0	0
tx_mem.abort_hle_elision_buffer_unsupported_alignment:u	875	0	0
tx_mem.abort_hle_elision_buffer_unsupported_alignment:u	876	0	0
tx_mem.abort_hle_elision_buffer_unsupported_alignment:u	877	0	0
tx_mem.abort_hle_elision_buffer_unsupported_alignment:u	878	0	0
tx_mem.abort_hle_elision_buffer_unsupported_alignment:u	879	0	0
tx_mem.abort_hle_elision_buffer_unsupported_alignment:u	880	0	0
tx_mem.abort_hle_elision_buffer_unsupported_alignment:u	881	0	0
tx_mem.abort_hle_elision_buffer_unsupported_alignment:u	882	0	0
tx_mem.abort_hle_elision_buffer_unsupported_alignment:u	883	0	0
tx_mem.abort_hle_elision_buffer_unsupported_alignment:u	884	0	0
tx_mem.abort_hle_elision_buffer_unsupported_alignment:u	885	0	0
tx_mem.abort_hle_elision_buffer_unsupported_alignment:u	886	0	0
tx_mem.abort_hle_elision_buffer_unsupported_alignment:u	887	0	0
tx_mem.abort_hle_elision_buffer_unsupported_alignment:u	888	0	0
tx_mem.abort_hle_elision_buffer_unsupported_alignment:u	889	0	0
tx_mem.abort_hle_elision_buffer_unsupported_alignment:u	890	0	0
tx_mem.abort_hle_elision_buffer_unsupported_alignment:u	891	0	0
tx_mem.abort_hle_elision_buffer_unsupported_alignment:u	892	0	0
tx_mem.abort_hle_elision_buffer_unsupported_alignment:u	893	0	0
tx_mem.abort_hle_elision_buffer_unsupported_alignment:u	894	0	0
tx_mem.abort_hle_elision_buffer_unsupported_alignment:u	895	0	0
tx_mem.abort_hle_elision_buffer_unsupported_alignment:u	896	0	0
tx_mem.abort_hle_elision_buffer_unsupported_alignment:u	897	0	0
tx_mem.abort_hle_elision_buffer_unsupported_alignment:u	898	0	0
tx_mem.abort_hle_elision_buffer_unsupported_alignment:u	899	0	0
tx_mem.abort_hle_elision_buffer_unsupported_alignment:u	900	0	0
tx_mem.abort_hle_elision_buffer_unsupported_alignment:u	901	0	0
tx_mem.abort_hle_elision_buffer_unsupported_alignment:u	902	0	0
tx_mem.abort_hle_elision_buffer_unsupported_alignment:u	903	0	0
tx_mem.abort_hle_elision_buffer_unsupported_alignment:u	904	0	0
tx_mem.abort_hle_elision_buffer_unsupported_alignment:u	905	0	0
tx_mem.abort_hle_elision_buffer_unsupported_alignment:u	906	0	0
tx_mem.abort_hle_elision_buffer_unsupported_alignment:u	907	0	0
tx_mem.abort_hle_elision_buffer_unsupported_alignment:u	908	0	0
tx_mem.abort_hle_elision_buffer_unsupported_alignment:u	909	0	0
tx_mem.abort_hle_elision_buffer_unsupported_alignment:u	910	0	0
tx_mem.abort_hle_elision_buffer_unsupported_alignment:u	911	0	0
tx_mem.abort_hle_elision_buffer_unsupported_alignment:u	912	0	0
tx_mem.abort_hle_elision_buffer_unsupported_alignment:u	913	0	0
tx_mem.abort_hle_elision_buffer_unsupported_alignment:u	914	0	0
tx_mem.abort_hle_elision_buffer_unsupported_alignment:u	915	0	0
tx_mem.abort_hle_elision_buffer_unsupported_alignment:u	916	0	0
tx_mem.abort_hle_elision_buffer_unsupported_alignment:u	917	0	0
tx_mem.abort_hle_elision_buffer_unsupported_alignment:u	918	0	0
tx_mem.abort_hle_elision_buffer_unsupported_alignment:u	919	0	0
tx_mem.abort_hle_elision_buffer_unsupported_alignment:u	920	0	0
tx_mem.abort_hle_elision_buffer_unsupported_alignment:u	921	0	0
tx_mem.abort_hle_elision_buffer_unsupported_alignment:u	922	0	0
tx_mem.abort_hle_elision_buffer_unsupported_alignment:u	923	0	0
tx_mem.abort_hle_elision_buffer_unsupported_alignment:u	924	0	0
tx_mem.abort_hle_elision_buffer_unsupported_alignment:u	925	0	0
tx_mem.abort_hle_elision_buffer_unsupported_alignment:u	926	0	0
tx_mem.abort_hle_elision_buffer_unsupported_alignment:u	927	0	0
tx_mem.abort_hle_elision_buffer_unsupported_alignment:u	928	0	0
tx_mem.abort_hle_elision_buffer_unsupported_alignment:u	929	0	0
tx_mem.abort_hle_elision_buffer_unsupported_alignment:u	930	0	0
tx_mem.abort_hle_elision_buffer_unsupported_alignment:u	931	0	0
tx_mem.abort_hle_elision_buffer_unsupported_alignment:u	932	0	0
tx_mem.abort_hle_elision_buffer_unsupported_alignment:u	933	0	0
tx_mem.abort_hle_elision_buffer_unsupported_alignment:u	934	0	0
tx_mem.abort_hle_elision_buffer_unsupported_alignment:u	935	0	0
tx_mem.abort_hle_elision_buffer_unsupported_alignment:u	936	0	0
tx_mem.abort_hle_elision_buffer_unsupported_alignment:u	937	0	0
tx_mem.abort_hle_elision_buffer_unsupported_alignment:u	938	0	0
tx_mem.abort_hle_elision_buffer_unsupported_alignment:u	939	0	0
tx_mem.abort_hle_elision_buffer_unsupported_alignment:u	940	0	0
tx_mem.abort_hle_elision_buffer_unsupported_alignment:u	941	0	0
tx_mem.abort_hle_elision_buffer_unsupported_alignment:u	942	0	0
tx_mem.abort_hle_elision_buffer_unsupported_alignment:u	943	0	0
tx_mem.abort_hle_elision_buffer_unsupported_alignment:u	944	0	0
tx_mem.abort_hle_elision_buffer_unsupported_alignment:u	945	0	0
tx_mem.abort_hle_elision_buffer_unsupported_alignment:u	946	0	0
tx_mem.abort_hle_elision_buffer_unsupported_alignment:u	947	0	0
tx_mem.abort_hle_elision_buffer_unsupported_alignment:u	948	0	0
tx_mem.abort_hle_elision_buffer_unsupported_alignment:u	949	0	0
tx_mem.abort_hle_elision_buffer_unsupported_alignment:u	950	0	0
tx_mem.abort_hle_elision_buffer_unsupported_alignment:u	951	0	0
tx_mem.abort_hle_elision_buffer_unsupported_alignment:u	952	0	0
tx_mem.abort_hle_elision_buffer_unsupported_alignment:u	953	0	0
tx_mem.abort_hle_elision_buffer_unsupported_alignment:u	954	0	0
tx_mem.abort_hle_elision_buffer_unsupported_alignment:u	955	0	0
tx_mem.abort_hle_elision_buffer_unsupported_alignment:u	956	0	0
tx_mem.abort_hle_elision_buffer_unsupported_alignment:u	957	0	0
tx_mem.abort_hle_elision_buffer_unsupported_alignment:u	958	0	0
tx_mem.abort_hle_elision_buffer_unsupported_alignment:u	959	0	0
tx_mem.abort_hle_elision_buffer_unsupported_alignment:u	960	0	0
tx_mem.abort_hle_elision_buffer_unsupported_alignment:u	961	0	0
tx_mem.abort_hle_elision_buffer_unsupported_alignment:u	962	0	0
tx_mem.abort_hle_elision_buffer_unsupported_alignment:u	963	0	0
tx_mem.abort_hle_elision_buffer_unsupported_alignment:u	964	0	0
tx_mem.abort_hle_elision_buffer_unsupported_alignment:u	965	0	0
tx_mem.abort_hle_elision_buffer_unsupported_alignment:u	966	0	0
tx_mem.abort_hle_elision_buffer_unsupported_alignment:u	967	0	0
tx_mem.abort_hle_elision_buffer_unsupported_alignment:u	968	0	0
tx_mem.abort_hle_elision_buffer_unsupported_alignment:u	969	0	0
tx_mem.abort_hle_elision_buffer_unsupported_alignment:u	970	0	0
tx_mem.abort_hle_elision_buffer_unsupported_alignment:u	971	0	0
tx_mem.abort_hle_elision_buffer_unsupported_alignment:u	972	0	0
tx_mem.abort_hle_elision_buffer_unsupported_alignment:u	973	0	0
tx_mem.abort_hle_elision_buffer_unsupported_alignment:u	974	0	0
tx_mem.abort_hle_elision_buffer_unsupported_alignment:u	975	0	0
tx_mem.abort_hle_elision_buffer_unsupported_alignment:u	976	0	0
tx_mem.abort_hle_elision_buffer_unsupported_alignment:u	977	0	0
tx_mem.abort_hle_elision_buffer_unsupported_alignment:u	978	0	0
tx_mem.abort_hle_elision_buffer_unsupported_alignment:u	979	0	0
tx_mem.abort_hle_elision_buffer_unsupported_alignment:u	980	0	0
tx_mem.abort_hle_elision_buffer_unsupported_alignment:u	981	0	0
tx_mem.abort_hle_elision_buffer_unsupported_alignment:u	982	0	0
tx_mem.abort_hle_elision_buffer_unsupported_alignment:u	983	0	0
tx_mem.abort_hle_elision_buffer_unsupported_alignment:u	984	0	0
tx_mem.abort_hle_elision_buffer_unsupported_alignment:u	985	0	0
tx_mem.abort_hle_elision_buffer_unsupported_alignment:u	986	0	0
tx_mem.abort_hle_elision_buffer_unsupported_alignment:u	987	0	0
tx_mem.abort_hle_elision_buffer_unsupported_alignment:u	988	0	0
tx_mem.abort_hle_elision_buffer_unsupported_alignment:u	989	0	0
tx_mem.abort_hle_elision_buffer_unsupported_alignment:u	990	0	0
tx_mem.abort_hle_elision_buffer_unsupported_alignment:u	991	0	0
tx_mem.abort_hle_elision_buffer_unsupported_alignment:u	992	0	0
tx_mem.abort_hle_elision_buffer_unsupported_alignment:u	993	0	0
tx_mem.abort_hle_elision_buffer_unsupported_alignment:u	994	0	0
tx_mem.abort_hle_elision_buffer_unsupported_alignment:u	995	0	0
tx_mem.abort_hle_elision_buffer_unsupported_alignment:u	996	0	0
tx_mem.abort_hle_elision_buffer_unsupported_alignment:u	997	0	0
tx_mem.abort_hle_elision_buffer_unsupported_alignment:u	998	0	0
tx_mem.abort_hle_elision_buffer_unsupported_alignment:u	999	0	0
tx_mem.abort_hle_elision_buffer_unsupported_alignment:u	1000	0	0
br_inst_retired.cond:u	1	8220000	0
br_inst_retired.cond:u	2	8220000	0
br_inst_retired.cond:u	3	8220000	0
br_inst_retired.cond:u	4	8220000	0
br_inst_retired.cond:u	5	8220000	0
br_inst_retired.cond:u	6	8220000	0
br_inst_retired.cond:u	7	8220000	0
br_inst_retired.cond:u	8	8220000	0
br_inst_retired.cond:u	9	8220000	0
br_inst_retired.cond:u	10	8220000	0
br_inst_retired.cond:u	11	8220000	0
br_inst_retired.cond:u	12	8220000	0
br_inst_retired.cond:u	13	8220000	0
br_inst_retired.cond:u	14	8220000	0
br_inst_retired.cond:u	15	8220000	0
br_inst_retired.cond:u	16	8220000	0
br_inst_retired.cond:u	17	8220000	0
br_inst_retired.cond:u	18	8220000	0
br_inst_retired.cond:u	19	8220000	0
br_inst_retired.cond:u	20	8220000	0
br_inst_retired.cond:u	21	8220000	0
br_inst_retired.cond:u	22	8220000	0
br_inst_retired.cond:u	23	8220000	0
br_inst_retired.cond:u	24	8220000	0
br_inst_retired.cond:u	25	8220000	0
br_inst_retired.cond:u	26	8220000	0
br_inst_retired.cond:u	27	8220000	0
br_inst_retired.cond:u	28	8220000	0
br_inst_retired.cond:u	29	8220000	0
br_inst_retired.cond:u	30	8220000	0
br_inst_retired.cond:u	31	8220000	0
br_inst_retired.cond:u	32	8220000	0
br_inst_retired.cond:u	33	8220000	0
br_inst_retired.cond:u	34	8220000	0
br_inst_retired.cond:u	35	8220000	0
br_inst_retired.cond:u	36	8220000	0
br_inst_retired.cond:u	37	8220000	0
br_inst_retired.cond:u	38	8220000	0
br_inst_retired.cond:u	39	8220000	0
br_inst_retired.cond:u	40	8220000	0
br_inst_retired.cond:u	41	8220000	0
br_inst_retired.cond:u	42	8220000	0
br_inst_retired.cond:u	43	8220000	0
br_inst_retired.cond:u	44	8220000	0
br_inst_retired.cond:u	45	8220000	0
br_inst_retired.cond:u	46	8220000	0
br_inst_retired.cond:u	47	8220000	0
br_inst_retired.cond:u	48	8220000	0
br_inst_retired.cond:u	49	8220000	0
br_inst_retired.cond:u	50	8220000	0
br_inst_retired.cond:u	51	8220000	0
br_inst_retired.cond:u	52	8220000	0
br_inst_retired.cond:u	53	8220000	0
br_inst_retired.cond:u	54	8220000	0
br_inst_retired.cond:u	55	8220000	0
br_inst_retired.cond:u	56	8220000	0
br_inst_retired.cond:u	57	8220000	0
br_inst_retired.cond:u	58	8220000	0
br_inst_retired.cond:u	59	8220000	0
br_inst_retired.cond:u	60	8220000	0
br_inst_retired.cond:u	61	8220000	0
br_inst_retired.cond:u	62	8220000	0
br_inst_retired.cond:u	63	8220000	0
br_inst_retired.cond:u	64	8220000	0
br_inst_retired.cond:u	65	8220000	0
br_inst_retired.cond:u	66	8220000	0
br_inst_retired.cond:u	67	8220000	0
br_inst_retired.cond:u	68	8220000	0
br_inst_retired.cond:u	69	8220000	0
br_inst_retired.cond:u	70	8220000	0
br_inst_retired.cond:u	71	8220000	0
br_inst_retired.cond:u	72	8220000	0
br_inst_retired.cond:u	73	8220000	0
br_inst_retired.cond:u	74	8220000	0
br_inst_retired.cond:u	75	8220000	0
br_inst_retired.cond:u	76	8220000	0
br_inst_retired.cond:u	77	8220000	0
br_inst_retired.cond:u	78	8220000	0
br_inst_retired.cond:u	79	8220000	0
br_inst_retired.cond:u	80	8220000	0
br_inst_retired.cond:u	81	8220000	0
br_inst_retired.cond:u	82	8220000	0
br_inst_retired.cond:u	83	8220000	0
br_inst_retired.cond:u	84	8220000	0
br_inst_retired.cond:u	85	8220000	0
br_inst_retired.cond:u	86	8220000	0
br_inst_retired.cond:u	87	8220000	0
br_inst_retired.cond:u	88	8220000	0
br_inst_retired.cond:u	89	8220000	0
br_inst_retired.cond:u	90	8220000	0
br_inst_retired.cond:u	91	8220000	0
br_inst_retired.cond:u	92	8220000	0
br_inst_retired.cond:u	93	8220000	0
br_inst_retired.cond:u	94	8220000	0
br_inst_retired.cond:u	95	8220000	0
br_inst_retired.cond:u	96	8220000	0
br_inst_retired.cond:u	97	8220000	0
br_inst_retired.cond:u	98	8220000	0
br_inst_retired.cond:u	99	8220000	0
br_inst_retired.cond:u	100	8220000	0
br_inst_retired.cond:u	101	8220000	0
br_inst_retired.cond:u	102	8220000	0
br_inst_retired.cond:u	103	8220000	0
br_inst_retired.cond:u	104	8220000	0
br_inst_retired.cond:u	105	8220000	0
br_inst_retired.cond:u	106	8220000	0
br_inst_retired.cond:u	107	8220000	0
br_inst_retired.cond:u	108	8220000	0
br_inst_retired.cond:u	109	8220000	0
br_inst_retired.cond:u	110	8220000	0
br_inst_retired.cond:u	111	8220000	0
br_inst_retired.cond:u	112	8220000	0
br_inst_retired.cond:u	113	8220000	0
br_inst_retired.cond:u	114	8220000	0
br_inst_retired.cond:u	115	8220000	0
br_inst_retired.cond:u	116	8220000	0
br_inst_retired.cond:u	117	8220000	0
br_inst_retired.cond:u	118	8220000	0
br_inst_retired.cond:u	119	8220000	0
br_inst_retired.cond:u	120	8220000	0
br_inst_retired.cond:u	121	8220000	0
br_inst_retired.cond:u	122	8220000	0
br_inst_retired.cond:u	123	8220000	0
br_inst_retired.cond:u	124	8220000	0
br_inst_retired.cond:u	125	8220000	0
br_inst_retired.cond:u	126	8220000	0
br_inst_retired.cond:u	127	8220000	0
br_inst_retired.cond:u	128	8220000	0
br_inst_retired.cond:u	129	8220000	0
br_inst_retired.cond:u	130	8220000	0
br_inst_retired.cond:u	131	8220000	0
br_inst_retired.cond:u	132	8220000	0
br_inst_retired.cond:u	133	8220000	0
br_inst_retired.cond:u	134	8220000	0
br_inst_retired.cond:u	135	8220000	0
br_inst_retired.cond:u	136	8220000	0
br_inst_retired.cond:u	137	8220000	0
br_inst_retired.cond:u	138	8220000	0
br_inst_retired.cond:u	139	8220000	0
br_inst_retired.cond:u	140	8220000	0
br_inst_retired.cond:u	141	8220000	0
br_inst_retired.cond:u	142	8220000	0
br_inst_retired.cond:u	143	8220000	0
br_inst_retired.cond:u	144	8220000	0
br_inst_retired.cond:u	145	8220000	0
br_inst_retired.cond:u	146	8220000	0
br_inst_retired.cond:u	147	8220000	0
br_inst_retired.cond:u	148	8220000	0
br_inst_retired.cond:u	149	8220000	0
br_inst_retired.cond:u	150	8220000	0
br_inst_retired.cond:u	151	8220000	0
br_inst_retired.cond:u	152	8220000	0
br_inst_retired.cond:u	153	8220000	0
br_inst_retired.cond:u	154	8220000	0
br_inst_retired.cond:u	155	8220000	0
br_inst_retired.cond:u	156	8220000	0
br_inst_retired.cond:u	157	8220000	0
br_inst_retired.cond:u	158	8220000	0
br_inst_retired.cond:u	159	8220000	0
br_inst_retired.cond:u	160	8220000	0
br_inst_retired.cond:u	161	8220000	0
br_inst_retired.cond:u	162	8220000	0
br_inst_retired.cond:u	163	8220000	0
br_inst_retired.cond:u	164	8220000	0
br_inst_retired.cond:u	165	8220000	0
br_inst_retired.cond:u	166	8220000	0
br_inst_retired.cond:u	167	8220000	0
br_inst_retired.cond:u	168	8220000	0
br_inst_retired.cond:u	169	8220000	0
br_inst_retired.cond:u	170	8220000	0
br_inst_retired.cond:u	171	8220000	0
br_inst_retired.cond:u	172	8220000	0
br_inst_retired.cond:u	173	8220000	0
br_inst_retired.cond:u	174	8220000	0
br_inst_retired.cond:u	175	8220000	0
br_inst_retired.cond:u	176	8220000	0
br_inst_retired.cond:u	177	8220000	0
br_inst_retired.cond:u	178	8220000	0
br_inst_retired.cond:u	179	8220000	0
br_inst_retired.cond:u	180	8220000	0
br_inst_retired.cond:u	181	8220000	0
br_inst_retired.cond:u	182	8220000	0
br_inst_retired.cond:u	183	8220000	0
br_inst_retired.cond:u	184	8220000	0
br_inst_retired.cond:u	185	8220000	0
br_inst_retired.cond:u	186	8220000	0
br_inst_retired.cond:u	187	8220000	0
br_inst_retired.cond:u	188	8220000	0
br_inst_retired.cond:u	189	8220000	0
br_inst_retired.cond:u	190	8220000	0
br_inst_retired.cond:u	191	8220000	0
br_inst_retired.cond:u	192	8220000	0
br_inst_retired.cond:u	193	8220000	0
br_inst_retired.cond:u	194	8220000	0
br_inst_retired.cond:u	195	8220000	0
br_inst_retired.cond:u	196	8220000	0
br_inst_retired.cond:u	197	8220000	0
br_inst_retired.cond:u	198	8220000	0
br_inst_retired.cond:u	199	8220000	0
br_inst_retired.cond:u	200	8220000	0
br_inst_retired.cond:u	201	8220000	0
br_inst_retired.cond:u	202	8220000	0
br_inst_retired.cond:u	203	8220000	0
br_inst_retired.cond:u	204	8220000	0
br_inst_retired.cond:u	205	8220000	0
br_inst_retired.cond:u	206	8220000	0
br_inst_retired.cond:u	207	8220000	0
br_inst_retired.cond:u	208	8220000	0
br_inst_retired.cond:u	209	8220000	0
br_inst_retired.cond:u	210	8220000	0
br_inst_retired.cond:u	211	8220000	0
br_inst_retired.cond:u	212	8220000	0
br_inst_retired.cond:u	213	8220000	0
br_inst_retired.cond:u	214	8220000	0
br_inst_retired.cond:u	215	8220000	0
br_inst_retired.cond:u	216	8220000	0
br_inst_retired.cond:u	217	8220000	0
br_inst_retired.cond:u	218	8220000	0
br_inst_retired.cond:u	219	8220000	0
br_inst_retired.cond:u	220	8220000	0
br_inst_retired.cond:u	221	8220000	0
br_inst_retired.cond:u	222	8220000	0
br_inst_retired.cond:u	223	8220000	0
br_inst_retired.cond:u	224	8220000	0
br_inst_retired.cond:u	225	8220000	0
br_inst_retired.cond:u	226	8220000	0
br_inst_retired.cond:u	227	8220000	0
br_inst_retired.cond:u	228	8220000	0
br_inst_retired.cond:u	229	8220000	0
br_inst_retired.cond:u	230	8220000	0
br_inst_retired.cond:u	231	8220000	0
br_inst_retired.cond:u	232	8220000	0
br_inst_retired.cond:u	233	8220000	0
br_inst_retired.cond:u	234	8220000	0
br_inst_retired.cond:u	235	8220000	0
br_inst_retired.cond:u	236	8220000	0
br_inst_retired.cond:u	237	8220000	0
br_inst_retired.cond:u	238	8220000	0
br_inst_retired.cond:u	239	8220000	0
br_inst_retired.cond:u	240	8220000	0
br_inst_retired.cond:u	241	8220000	0
br_inst_retired.cond:u	242	8220000	0
br_inst_retired.cond:u	243	8220000	0
br_inst_retired.cond:u	244	8220000	0
br_inst_retired.cond:u	245	8220000	0
br_inst_retired.cond:u	246	8220000	0
br_inst_retired.cond:u	247	8220000	0
br_inst_retired.cond:u	248	8220000	0
br_inst_retired.cond:u	249	8220000	0
br_inst_retired.cond:u	250	8220000	0
br_inst_retired.cond:u	251	8220000	0
br_inst_retired.cond:u	252	8220000	0
br_inst_retired.cond:u	253	8220000	0
br_inst_retired.cond:u	254	8220000	0
br_inst_retired.cond:u	255	8220000	0
br_inst_retired.cond:u	256	8220000	0
br_inst_retired.cond:u	257	8220000	0
br_inst_retired.cond:u	258	8220000	0
br_inst_retired.cond:u	259	8220000	0
br_inst_retired.cond:u	260	8220000	0
br_inst_retired.cond:u	261	8220000	0
br_inst_retired.cond:u	262	8220000	0
br_inst_retired.cond:u	263	8220000	0
br_inst_retired.cond:u	264	8220000	0
br_inst_retired.cond:u	265	8220000	0
br_inst_retired.cond:u	266	8220000	0
br_inst_retired.cond:u	267	8220000	0
br_inst_retired.cond:u	268	8220000	0
br_inst_retired.cond:u	269	8220000	0
br_inst_retired.cond:u	270	8220000	0
br_inst_retired.cond:u	271	8220000	0
br_inst_retired.cond:u	272	8220000	0
br_inst_retired.cond:u	273	8220000	0
br_inst_retired.cond:u	274	8220000	0
br_inst_retired.cond:u	275	8220000	0
br_inst_retired.cond:u	276	8220000	0
br_inst_retired.cond:u	277	8220000	0
br_inst_retired.cond:u	278	8220000	0
br_inst_retired.cond:u	279	8220000	0
br_inst_retired.cond:u	280	8220000	0
br_inst_retired.cond:u	281	8220000	0
br_inst_retired.cond:u	282	8220000	0
br_inst_retired.cond:u	283	8220000	0
br_inst_retired.cond:u	284	8220000	0
br_inst_retired.cond:u	285	8220000	0
br_inst_retired.cond:u	286	8220000	0
br_inst_retired.cond:u	287	8220000	0
br_inst_retired.cond:u	288	8220000	0
br_inst_retired.cond:u	289	8220000	0
br_inst_retired.cond:u	290	8220000	0
br_inst_retired.cond:u	291	8220000	0
br_inst_retired.cond:u	292	8220000	0
br_inst_retired.cond:u	293	8220000	0
br_inst_retired.cond:u	294	8220000	0
br_inst_retired.cond:u	295	8220000	0
br_inst_retired.cond:u	296	8220000	0
br_inst_retired.cond:u	297	8220000	0
br_inst_retired.cond:u	298	8220000	0
br_inst_retired.cond:u	299	8220000	0
br_inst_retired.cond:u	300	8220000	0
br_inst_retired.cond:u	301	8220000	0
br_inst_retired.cond:u	302	8220000	0
br_inst_retired.cond:u	303	8220000	0
br_inst_retired.cond:u	304	8220000	0
br_inst_retired.cond:u	305	8220000	0
br_inst_retired.cond:u	306	8220000	0
br_inst_retired.cond:u	307	8220000	0
br_inst_retired.cond:u	308	8220000	0
br_inst_retired.cond:u	309	8220000	0
br_inst_retired.cond:u	310	8220000	0
br_inst_retired.cond:u	311	8220000	0
br_inst_retired.cond:u	312	8220000	0
br_inst_retired.cond:u	313	8220000	0
br_inst_retired.cond:u	314	8220000	0
br_inst_retired.cond:u	315	8220000	0
br_inst_retired.cond:u	316	8220000	0
br_inst_retired.cond:u	317	8220000	0
br_inst_retired.cond:u	318	8220000	0
br_inst_retired.cond:u	319	8220000	0
br_inst_retired.cond:u	320	8220000	0
br_inst_retired.cond:u	321	8220000	0
br_inst_retired.cond:u	322	8220000	0
br_inst_retired.cond:u	323	8220000	0
br_inst_retired.cond:u	324	8220000	0
br_inst_retired.cond:u	325	8220000	0
br_inst_retired.cond:u	326	8220000	0
br_inst_retired.cond:u	327	8220000	0
br_inst_retired.cond:u	328	8220000	0
br_inst_retired.cond:u	329	8220000	0
br_inst_retired.cond:u	330	8220000	0
br_inst_retired.cond:u	331	8220000	0
br_inst_retired.cond:u	332	8220000	0
br_inst_retired.cond:u	333	8220000	0
br_inst_retired.cond:u	334	8220000	0
br_inst_retired.cond:u	335	8220000	0
br_inst_retired.cond:u	336	8220000	0
br_inst_retired.cond:u	337	8220000	0
br_inst_retired.cond:u	338	8220000	0
br_inst_retired.cond:u	339	8220000	0
br_inst_retired.cond:u	340	8220000	0
br_inst_retired.cond:u	341	8220000	0
br_inst_retired.cond:u	342	8220000	0
br_inst_retired.cond:u	343	8220000	0
br_inst_retired.cond:u	344	8220000	0
br_inst_retired.cond:u	345	8220000	0
br_inst_retired.cond:u	346	8220000	0
br_inst_retired.cond:u	347	8220000	0
br_inst_retired.cond:u	348	8220000	0
br_inst_retired.cond:u	349	8220000	0
br_inst_retired.cond:u	350	8220000	0
br_inst_retired.cond:u	351	8220000	0
br_inst_retired.cond:u	352	8220000	0
br_inst_retired.cond:u	353	8220000	0
br_inst_retired.cond:u	354	8220000	0
br_inst_retired.cond:u	355	8220000	0
br_inst_retired.cond:u	356	8220000	0
br_inst_retired.cond:u	357	8220000	0
br_inst_retired.cond:u	358	8220000	0
br_inst_retired.cond:u	359	8220000	0
br_inst_retired.cond:u	360	8220000	0
br_inst_retired.cond:u	361	8220000	0
br_inst_retired.cond:u	362	8220000	0
br_inst_retired.cond:u	363	8220000	0
br_inst_retired.cond:u	364	8220000	0
br_inst_retired.cond:u	365	8220000	0
br_inst_retired.cond:u	366	8220000	0
br_inst_retired.cond:u	367	8220000	0
br_inst_retired.cond:u	368	8220000	0
br_inst_retired.cond:u	369	8220000	0
br_inst_retired.cond:u	370	8220000	0
br_inst_retired.cond:u	371	8220000	0
br_inst_retired.cond:u	372	8220000	0
br_inst_retired.cond:u	373	8220000	0
br_inst_retired.cond:u	374	8220000	0
br_inst_retired.cond:u	375	8220000	0
br_inst_retired.cond:u	376	8220000	0
br_inst_retired.cond:u	377	8220000	0
br_inst_retired.cond:u	378	8220000	0
br_inst_retired.cond:u	379	8220000	0
br_inst_retired.cond:u	380	8220000	0
br_inst_retired.cond:u	381	8220000	0
br_inst_retired.cond:u	382	8220000	0
br_inst_retired.cond:u	383	8220000	0
br_inst_retired.cond:u	384	8220000	0
br_inst_retired.cond:u	385	8220000	0
br_inst_retired.cond:u	386	8220000	0
br_inst_retired.cond:u	387	8220000	0
br_inst_retired.cond:u	388	8220000	0
br_inst_retired.cond:u	389	8220000	0
br_inst_retired.cond:u	390	8220000	0
br_inst_retired.cond:u	391	8220000	0
br_inst_retired.cond:u	392	8220000	0
br_inst_retired.cond:u	393	8220000	0
br_inst_retired.cond:u	394	8220000	0
br_inst_retired.cond:u	395	8220000	0
br_inst_retired.cond:u	396	8220000	0
br_inst_retired.cond:u	397	8220000	0
br_inst_retired.cond:u	398	8220000	0
br_inst_retired.cond:u	399	8220000	0
br_inst_retired.cond:u	400	8220000	0
br_inst_retired.cond:u	401	8220000	0
br_inst_retired.cond:u	402	8220000	0
br_inst_retired.cond:u	403	8220000	0
br_inst_retired.cond:u	404	8220000	0
br_inst_retired.cond:u	405	8220000	0
br_inst_retired.cond:u	406	8220000	0
br_inst_retired.cond:u	407	8220000	0
br_inst_retired.cond:u	408	8220000	0
br_inst_retired.cond:u	409	8220000	0
br_inst_retired.cond:u	410	8220000	0
br_inst_retired.cond:u	411	8220000	0
br_inst_retired.cond:u	412	8220000	0
br_inst_retired.cond:u	413	8220000	0
br_inst_retired.cond:u	414	8220000	0
br_inst_retired.cond:u	415	8220000	0
br_inst_retired.cond:u	416	8220000	0
br_inst_retired.cond:u	417	8220000	0
br_inst_retired.cond:u	418	8220000	0
br_inst_retired.cond:u	419	8220000	0
br_inst_retired.cond:u	420	8220000	0
br_inst_retired.cond:u	421	8220000	0
br_inst_retired.cond:u	422	8220000	0
br_inst_retired.cond:u	423	8220000	0
br_inst_retired.cond:u	424	8220000	0
br_inst_retired.cond:u	425	8220000	0
br_inst_retired.cond:u	426	8220000	0
br_inst_retired.cond:u	427	8220000	0
br_inst_retired.cond:u	428	8220000	0
br_inst_retired.cond:u	429	8220000	0
br_inst_retired.cond:u	430	8220000	0
br_inst_retired.cond:u	431	8220000	0
br_inst_retired.cond:u	432	8220000	0
br_inst_retired.cond:u	433	8220000	0
br_inst_retired.cond:u	434	8220000	0
br_inst_retired.cond:u	435	8220000	0
br_inst_retired.cond:u	436	8220000	0
br_inst_retired.cond:u	437	8220000	0
br_inst_retired.cond:u	438	8220000	0
br_inst_retired.cond:u	439	8220000	0
br_inst_retired.cond:u	440	8220000	0
br_inst_retired.cond:u	441	8220000	0
br_inst_retired.cond:u	442	8220000	0
br_inst_retired.cond:u	443	8220000	0
br_inst_retired.cond:u	444	8220000	0
br_inst_retired.cond:u	445	8220000	0
br_inst_retired.cond:u	446	8220000	0
br_inst_retired.cond:u	447	8220000	0
br_inst_retired.cond:u	448	8220000	0
br_inst_retired.cond:u	449	8220000	0
br_inst_retired.cond:u	450	8220000	0
br_inst_retired.cond:u	451	8220000	0
br_inst_retired.cond:u	452	8220000	0
br_inst_retired.cond:u	453	8220000	0
br_inst_retired.cond:u	454	8220000	0
br_inst_retired.cond:u	455	8220000	0
br_inst_retired.cond:u	456	8220000	0
br_inst_retired.cond:u	457	8220000	0
br_inst_retired.cond:u	458	8220000	0
br_inst_retired.cond:u	459	8220000	0
br_inst_retired.cond:u	460	8220000	0
br_inst_retired.cond:u	461	8220000	0
br_inst_retired.cond:u	462	8220000	0
br_inst_retired.cond:u	463	8220000	0
br_inst_retired.cond:u	464	8220000	0
br_inst_retired.cond:u	465	8220000	0
br_inst_retired.cond:u	466	8220000	0
br_inst_retired.cond:u	467	8220000	0
br_inst_retired.cond:u	468	8220000	0
br_inst_retired.cond:u	469	8220000	0
br_inst_retired.cond:u	470	8220000	0
br_inst_retired.cond:u	471	8220000	0
br_inst_retired.cond:u	472	8220000	0
br_inst_retired.cond:u	473	8220000	0
br_inst_retired.cond:u	474	8220000	0
br_inst_retired.cond:u	475	8220000	0
br_inst_retired.cond:u	476	8220000	0
br_inst_retired.cond:u	477	8220000	0
br_inst_retired.cond:u	478	8220000	0
br_inst_retired.cond:u	479	8220000	0
br_inst_retired.cond:u	480	8220000	0
br_inst_retired.cond:u	481	8220000	0
br_inst_retired.cond:u	482	8220000	0
br_inst_retired.cond:u	483	8220000	0
br_inst_retired.cond:u	484	8220000	0
br_inst_retired.cond:u	485	8220000	0
br_inst_retired.cond:u	486	8220000	0
br_inst_retired.cond:u	487	8220000	0
br_inst_retired.cond:u	488	8220000	0
br_inst_retired.cond:u	489	8220000	0
br_inst_retired.cond:u	490	8220000	0
br_inst_retired.cond:u	491	8220000	0
br_inst_retired.cond:u	492	8220000	0
br_inst_retired.cond:u	493	8220000	0
br_inst_retired.cond:u	494	8220000	0
br_inst_retired.cond:u	495	8220000	0
br_inst_retired.cond:u	496	8220000	0
br_inst_retired.cond:u	497	8220000	0
br_inst_retired.cond:u	498	8220000	0
br_inst_retired.cond:u	499	8220000	0
br_inst_retired.cond:u	500	8220000	0
br_inst_retired.cond:u	501	8220000	0
br_inst_retired.cond:u	502	8220000	0
br_inst_retired.cond:u	503	8220000	0
br_inst_retired.cond:u	504	8220000	0
br_inst_retired.cond:u	505	8220000	0
br_inst_retired.cond:u	506	8220000	0
br_inst_retired.cond:u	507	8220000	0
br_inst_retired.cond:u	508	8220000	0
br_inst_retired.cond:u	509	8220000	0
br_inst_retired.cond:u	510	8220000	0
br_inst_retired.cond:u	511	8220000	0
br_inst_retired.cond:u	512	8220000	0
br_inst_retired.cond:u	513	8220000	0
br_inst_retired.cond:u	514	8220000	0
br_inst_retired.cond:u	515	8220000	0
br_inst_retired.cond:u	516	8220000	0
br_inst_retired.cond:u	517	8220000	0
br_inst_retired.cond:u	518	8220000	0
br_inst_retired.cond:u	519	8220000	0
br_inst_retired.cond:u	520	8220000	0
br_inst_retired.cond:u	521	8220000	0
br_inst_retired.cond:u	522	8220000	0
br_inst_retired.cond:u	523	8220000	0
br_inst_retired.cond:u	524	8220000	0
br_inst_retired.cond:u	525	8220000	0
br_inst_retired.cond:u	526	8220000	0
br_inst_retired.cond:u	527	8220000	0
br_inst_retired.cond:u	528	8220000	0
br_inst_retired.cond:u	529	8220000	0
br_inst_retired.cond:u	530	8220000	0
br_inst_retired.cond:u	531	8220000	0
br_inst_retired.cond:u	532	8220000	0
br_inst_retired.cond:u	533	8220000	0
br_inst_retired.cond:u	534	8220000	0
br_inst_retired.cond:u	535	8220000	0
br_inst_retired.cond:u	536	8220000	0
br_inst_retired.cond:u	537	8220000	0
br_inst_retired.cond:u	538	8220000	0
br_inst_retired.cond:u	539	8220000	0
br_inst_retired.cond:u	540	8220000	0
br_inst_retired.cond:u	541	8220000	0
br_inst_retired.cond:u	542	8220000	0
br_inst_retired.cond:u	543	8220000	0
br_inst_retired.cond:u	544	8220000	0
br_inst_retired.cond:u	545	8220000	0
br_inst_retired.cond:u	546	8220000	0
br_inst_retired.cond:u	547	8220000	0
br_inst_retired.cond:u	548	8220000	0
br_inst_retired.cond:u	549	8220000	0
br_inst_retired.cond:u	550	8220000	0
br_inst_retired.cond:u	551	8220000	0
br_inst_retired.cond:u	552	8220000	0
br_inst_retired.cond:u	553	8220000	0
br_inst_retired.cond:u	554	8220000	0
br_inst_retired.cond:u	555	8220000	0
br_inst_retired.cond:u	556	8220000	0
br_inst_retired.cond:u	557	8220000	0
br_inst_retired.cond:u	558	8220000	0
br_inst_retired.cond:u	559	8220000	0
br_inst_retired.cond:u	560	8220000	0
br_inst_retired.cond:u	561	8220000	0
br_inst_retired.cond:u	562	8220000	0
br_inst_retired.cond:u	563	8220000	0
br_inst_retired.cond:u	564	8220000	0
br_inst_retired.cond:u	565	8220000	0
br_inst_retired.cond:u	566	8220000	0
br_inst_retired.cond:u	567	8220000	0
br_inst_retired.cond:u	568	8220000	0
br_inst_retired.cond:u	569	8220000	0
br_inst_retired.cond:u	570	8220000	0
br_inst_retired.cond:u	571	8220000	0
br_inst_retired.cond:u	572	8220000	0
br_inst_retired.cond:u	573	8220000	0
br_inst_retired.cond:u	574	8220000	0
br_inst_retired.cond:u	575	8220000	0
br_inst_retired.cond:u	576	8220000	0
br_inst_retired.cond:u	577	8220000	0
br_inst_retired.cond:u	578	8220000	0
br_inst_retired.cond:u	579	8220000	0
br_inst_retired.cond:u	580	8220000	0
br_inst_retired.cond:u	581	8220000	0
br_inst_retired.cond:u	582	8220000	0
br_inst_retired.cond:u	583	8220000	0
br_inst_retired.cond:u	584	8220000	0
br_inst_retired.cond:u	585	8220000	0
br_inst_retired.cond:u	586	8220000	0
br_inst_retired.cond:u	587	8220000	0
br_inst_retired.cond:u	588	8220000	0
br_inst_retired.cond:u	589	8220000	0
br_inst_retired.cond:u	590	8220000	0
br_inst_retired.cond:u	591	8220000	0
br_inst_retired.cond:u	592	8220000	0
br_inst_retired.cond:u	593	8220000	0
br_inst_retired.cond:u	594	8220000	0
br_inst_retired.cond:u	595	8220000	0
br_inst_retired.cond:u	596	8220000	0
br_inst_retired.cond:u	597	8220000	0
br_inst_retired.cond:u	598	8220000	0
br_inst_retired.cond:u	599	8220000	0
br_inst_retired.cond:u	600	8220000	0
br_inst_retired.cond:u	601	8220000	0
br_inst_retired.cond:u	602	8220000	0
br_inst_retired.cond:u	603	8220000	0
br_inst_retired.cond:u	604	8220000	0
br_inst_retired.cond:u	605	8220000	0
br_inst_retired.cond:u	606	8220000	0
br_inst_retired.cond:u	607	8220000	0
br_inst_retired.cond:u	608	8220000	0
br_inst_retired.cond:u	609	8220000	0
br_inst_retired.cond:u	610	8220000	0
br_inst_retired.cond:u	611	8220000	0
br_inst_retired.cond:u	612	8220000	0
br_inst_retired.cond:u	613	8220000	0
br_inst_retired.cond:u	614	8220000	0
br_inst_retired.cond:u	615	8220000	0
br_inst_retired.cond:u	616	8220000	0
br_inst_retired.cond:u	617	8220000	0
br_inst_retired.cond:u	618	8220000	0
br_inst_retired.cond:u	619	8220000	0
br_inst_retired.cond:u	620	8220000	0
br_inst_retired.cond:u	621	8220000	0
br_inst_retired.cond:u	622	8220000	0
br_inst_retired.cond:u	623	8220000	0
br_inst_retired.cond:u	624	8220000	0
br_inst_retired.cond:u	625	8220000	0
br_inst_retired.cond:u	626	8220000	0
br_inst_retired.cond:u	627	8220000	0
br_inst_retired.cond:u	628	8220000	0
br_inst_retired.cond:u	629	8220000	0
br_inst_retired.cond:u	630	8220000	0
br_inst_retired.cond:u	631	8220000	0
br_inst_retired.cond:u	632	8220000	0
br_inst_retired.cond:u	633	8220000	0
br_inst_retired.cond:u	634	8220000	0
br_inst_retired.cond:u	635	8220000	0
br_inst_retired.cond:u	636	8220000	0
br_inst_retired.cond:u	637	8220000	0
br_inst_retired.cond:u	638	8220000	0
br_inst_retired.cond:u	639	8220000	0
br_inst_retired.cond:u	640	8220000	0
br_inst_retired.cond:u	641	8220000	0
br_inst_retired.cond:u	642	8220000	0
br_inst_retired.cond:u	643	8220000	0
br_inst_retired.cond:u	644	8220000	0
br_inst_retired.cond:u	645	8220000	0
br_inst_retired.cond:u	646	8220000	0
br_inst_retired.cond:u	647	8220000	0
br_inst_retired.cond:u	648	8220000	0
br_inst_retired.cond:u	649	8220000	0
br_inst_retired.cond:u	650	8220000	0
br_inst_retired.cond:u	651	8220000	0
br_inst_retired.cond:u	652	8220000	0
br_inst_retired.cond:u	653	8220000	0
br_inst_retired.cond:u	654	8220000	0
br_inst_retired.cond:u	655	8220000	0
br_inst_retired.cond:u	656	8220000	0
br_inst_retired.cond:u	657	8220000	0
br_inst_retired.cond:u	658	8220000	0
br_inst_retired.cond:u	659	8220000	0
br_inst_retired.cond:u	660	8220000	0
br_inst_retired.cond:u	661	8220000	0
br_inst_retired.cond:u	662	8220000	0
br_inst_retired.cond:u	663	8220000	0
br_inst_retired.cond:u	664	8220000	0
br_inst_retired.cond:u	665	8220000	0
br_inst_retired.cond:u	666	8220000	0
br_inst_retired.cond:u	667	8220000	0
br_inst_retired.cond:u	668	8220000	0
br_inst_retired.cond:u	669	8220000	0
br_inst_retired.cond:u	670	8220000	0
br_inst_retired.cond:u	671	8220000	0
br_inst_retired.cond:u	672	8220000	0
br_inst_retired.cond:u	673	8220000	0
br_inst_retired.cond:u	674	8220000	0
br_inst_retired.cond:u	675	8220000	0
br_inst_retired.cond:u	676	8220000	0
br_inst_retired.cond:u	677	8220000	0
br_inst_retired.cond:u	678	8220000	0
br_inst_retired.cond:u	679	8220000	0
br_inst_retired.cond:u	680	8220000	0
br_inst_retired.cond:u	681	8220000	0
br_inst_retired.cond:u	682	8220000	0
br_inst_retired.cond:u	683	8220000	0
br_inst_retired.cond:u	684	8220000	0
br_inst_retired.cond:u	685	8220000	0
br_inst_retired.cond:u	686	8220000	0
br_inst_retired.cond:u	687	8220000	0
br_inst_retired.cond:u	688	8220000	0
br_inst_retired.cond:u	689	8220000	0
br_inst_retired.cond:u	690	8220000	0
br_inst_retired.cond:u	691	8220000	0
br_inst_retired.cond:u	692	8220000	0
br_inst_retired.cond:u	693	8220000	0
br_inst_retired.cond:u	694	8220000	0
br_inst_retired.cond:u	695	8220000	0
br_inst_retired.cond:u	696	8220000	0
br_inst_retired.cond:u	697	8220000	0
br_inst_retired.cond:u	698	8220000	0
br_inst_retired.cond:u	699	8220000	0
br_inst_retired.cond:u	700	8220000	0
br_inst_retired.cond:u	701	8220000	0
br_inst_retired.cond:u	702	8220000	0
br_inst_retired.cond:u	703	8220000	0
br_inst_retired.cond:u	704	8220000	0
br_inst_retired.cond:u	705	8220000	0
br_inst_retired.cond:u	706	8220000	0
br_inst_retired.cond:u	707	8220000	0
br_inst_retired.cond:u	708	8220000	0
br_inst_retired.cond:u	709	8220000	0
br_inst_retired.cond:u	710	8220000	0
br_inst_retired.cond:u	711	8220000	0
br_inst_retired.cond:u	712	8220000	0
br_inst_retired.cond:u	713	8220000	0
br_inst_retired.cond:u	714	8220000	0
br_inst_retired.cond:u	715	8220000	0
br_inst_retired.cond:u	716	8220000	0
br_inst_retired.cond:u	717	8220000	0
br_inst_retired.cond:u	718	8220000	0
br_inst_retired.cond:u	719	8220000	0
br_inst_retired.cond:u	720	8220000	0
br_inst_retired.cond:u	721	8220000	0
br_inst_retired.cond:u	722	8220000	0
br_inst_retired.cond:u	723	8220000	0
br_inst_retired.cond:u	724	8220000	0
br_inst_retired.cond:u	725	8220000	0
br_inst_retired.cond:u	726	8220000	0
br_inst_retired.cond:u	727	8220000	0
br_inst_retired.cond:u	728	8220000	0
br_inst_retired.cond:u	729	8220000	0
br_inst_retired.cond:u	730	8220000	0
br_inst_retired.cond:u	731	8220000	0
br_inst_retired.cond:u	732	8220000	0
br_inst_retired.cond:u	733	8220000	0
br_inst_retired.cond:u	734	8220000	0
br_inst_retired.cond:u	735	8220000	0
br_inst_retired.cond:u	736	8220000	0
br_inst_retired.cond:u	737	8220000	0
br_inst_retired.cond:u	738	8220000	0
br_inst_retired.cond:u	739	8220000	0
br_inst_retired.cond:u	740	8220000	0
br_inst_retired.cond:u	741	8220000	0
br_inst_retired.cond:u	742	8220000	0
br_inst_retired.cond:u	743	8220000	0
br_inst_retired.cond:u	744	8220000	0
br_inst_retired.cond:u	745	8220000	0
br_inst_retired.cond:u	746	8220000	0
br_inst_retired.cond:u	747	8220000	0
br_inst_retired.cond:u	748	8220000	0
br_inst_retired.cond:u	749	8220000	0
br_inst_retired.cond:u	750	8220000	0
br_inst_retired.cond:u	751	8220000	0
br_inst_retired.cond:u	752	8220000	0
br_inst_retired.cond:u	753	8220000	0
br_inst_retired.cond:u	754	8220000	0
br_inst_retired.cond:u	755	8220000	0
br_inst_retired.cond:u	756	8220000	0
br_inst_retired.cond:u	757	8220000	0
br_inst_retired.cond:u	758	8220000	0
br_inst_retired.cond:u	759	8220000	0
br_inst_retired.cond:u	760	8220000	0
br_inst_retired.cond:u	761	8220000	0
br_inst_retired.cond:u	762	8220000	0
br_inst_retired.cond:u	763	8220000	0
br_inst_retired.cond:u	764	8220000	0
br_inst_retired.cond:u	765	8220000	0
br_inst_retired.cond:u	766	8220000	0
br_inst_retired.cond:u	767	8220000	0
br_inst_retired.cond:u	768	8220000	0
br_inst_retired.cond:u	769	8220000	0
br_inst_retired.cond:u	770	8220000	0
br_inst_retired.cond:u	771	8220000	0
br_inst_retired.cond:u	772	8220000	0
br_inst_retired.cond:u	773	8220000	0
br_inst_retired.cond:u	774	8220000	0
br_inst_retired.cond:u	775	8220000	0
br_inst_retired.cond:u	776	8220000	0
br_inst_retired.cond:u	777	8220000	0
br_inst_retired.cond:u	778	8220000	0
br_inst_retired.cond:u	779	8220000	0
br_inst_retired.cond:u	780	8220000	0
br_inst_retired.cond:u	781	8220000	0
br_inst_retired.cond:u	782	8220000	0
br_inst_retired.cond:u	783	8220000	0
br_inst_retired.cond:u	784	8220000	0
br_inst_retired.cond:u	785	8220000	0
br_inst_retired.cond:u	786	8220000	0
br_inst_retired.cond:u	787	8220000	0
br_inst_retired.cond:u	788	8220000	0
br_inst_retired.cond:u	789	8220000	0
br_inst_retired.cond:u	790	8220000	0
br_inst_retired.cond:u	791	8220000	0
br_inst_retired.cond:u	792	8220000	0
br_inst_retired.cond:u	793	8220000	0
br_inst_retired.cond:u	794	8220000	0
br_inst_retired.cond:u	795	8220000	0
br_inst_retired.cond:u	796	8220000	0
br_inst_retired.cond:u	797	8220000	0
br_inst_retired.cond:u	798	8220000	0
br_inst_retired.cond:u	799	8220000	0
br_inst_retired.cond:u	800	8220000	0
br_inst_retired.cond:u	801	8220000	0
br_inst_retired.cond:u	802	8220000	0
br_inst_retired.cond:u	803	8220000	0
br_inst_retired.cond:u	804	8220000	0
br_inst_retired.cond:u	805	8220000	0
br_inst_retired.cond:u	806	8220000	0
br_inst_retired.cond:u	807	8220000	0
br_inst_retired.cond:u	808	8220000	0
br_inst_retired.cond:u	809	8220000	0
br_inst_retired.cond:u	810	8220000	0
br_inst_retired.cond:u	811	8220000	0
br_inst_retired.cond:u	812	8220000	0
br_inst_retired.cond:u	813	8220000	0
br_inst_retired.cond:u	814	8220000	0
br_inst_retired.cond:u	815	8220000	0
br_inst_retired.cond:u	816	8220000	0
br_inst_retired.cond:u	817	8220000	0
br_inst_retired.cond:u	818	8220000	0
br_inst_retired.cond:u	819	8220000	0
br_inst_retired.cond:u	820	8220000	0
br_inst_retired.cond:u	821	8220000	0
br_inst_retired.cond:u	822	8220000	0
br_inst_retired.cond:u	823	8220000	0
br_inst_retired.cond:u	824	8220000	0
br_inst_retired.cond:u	825	8220000	0
br_inst_retired.cond:u	826	8220000	0
br_inst_retired.cond:u	827	8220000	0
br_inst_retired.cond:u	828	8220000	0
br_inst_retired.cond:u	829	8220000	0
br_inst_retired.cond:u	830	8220000	0
br_inst_retired.cond:u	831	8220000	0
br_inst_retired.cond:u	832	8220000	0
br_inst_retired.cond:u	833	8220000	0
br_inst_retired.cond:u	834	8220000	0
br_inst_retired.cond:u	835	8220000	0
br_inst_retired.cond:u	836	8220000	0
br_inst_retired.cond:u	837	8220000	0
br_inst_retired.cond:u	838	8220000	0
br_inst_retired.cond:u	839	8220000	0
br_inst_retired.cond:u	840	8220000	0
br_inst_retired.cond:u	841	8220000	0
br_inst_retired.cond:u	842	8220000	0
br_inst_retired.cond:u	843	8220000	0
br_inst_retired.cond:u	844	8220000	0
br_inst_retired.cond:u	845	8220000	0
br_inst_retired.cond:u	846	8220000	0
br_inst_retired.cond:u	847	8220000	0
br_inst_retired.cond:u	848	8220000	0
br_inst_retired.cond:u	849	8220000	0
br_inst_retired.cond:u	850	8220000	0
br_inst_retired.cond:u	851	8220000	0
br_inst_retired.cond:u	852	8220000	0
br_inst_retired.cond:u	853	8220000	0
br_inst_retired.cond:u	854	8220000	0
br_inst_retired.cond:u	855	8220000	0
br_inst_retired.cond:u	856	8220000	0
br_inst_retired.cond:u	857	8220000	0
br_inst_retired.cond:u	858	8220000	0
br_inst_retired.cond:u	859	8220000	0
br_inst_retired.cond:u	860	8220000	0
br_inst_retired.cond:u	861	8220000	0
br_inst_retired.cond:u	862	8220000	0
br_inst_retired.cond:u	863	8220000	0
br_inst_retired.cond:u	864	8220000	0
br_inst_retired.cond:u	865	8220000	0
br_inst_retired.cond:u	866	8220000	0
br_inst_retired.cond:u	867	8220000	0
br_inst_retired.cond:u	868	8220000	0
br_inst_retired.cond:u	869	8220000	0
br_inst_retired.cond:u	870	8220000	0
br_inst_retired.cond:u	871	8220000	0
br_inst_retired.cond:u	872	8220000	0
br_inst_retired.cond:u	873	8220000	0
br_inst_retired.cond:u	874	8220000	0
br_inst_retired.cond:u	875	8220000	0
br_inst_retired.cond:u	876	8220000	0
br_inst_retired.cond:u	877	8220000	0
br_inst_retired.cond:u	878	8220000	0
br_inst_retired.cond:u	879	8220000	0
br_inst_retired.cond:u	880	8220000	0
br_inst_retired.cond:u	881	8220000	0
br_inst_retired.cond:u	882	8220000	0
br_inst_retired.cond:u	883	8220000	0
br_inst_retired.cond:u	884	8220000	0
br_inst_retired.cond:u	885	8220000	0
br_inst_retired.cond:u	886	8220000	0
br_inst_retired.cond:u	887	8220000	0
br_inst_retired.cond:u	888	8220000	0
br_inst_retired.cond:u	889	8220000	0
br_inst_retired.cond:u	890	8220000	0
br_inst_retired.cond:u	891	8220000	0
br_inst_retired.cond:u	892	8220000	0
br_inst_retired.cond:u	893	8220000	0
br_inst_retired.cond:u	894	8220000	0
br_inst_retired.cond:u	895	8220000	0
br_inst_retired.cond:u	896	8220000	0
br_inst_retired.cond:u	897	8220000	0
br_inst_retired.cond:u	898	8220000	0
br_inst_retired.cond:u	899	8220000	0
br_inst_retired.cond:u	900	8220000	0
br_inst_retired.cond:u	901	8220000	0
br_inst_retired.cond:u	902	8220000	0
br_inst_retired.cond:u	903	8220000	0
br_inst_retired.cond:u	904	8220000	0
br_inst_retired.cond:u	905	8220000	0
br_inst_retired.cond:u	906	8220000	0
br_inst_retired.cond:u	907	8220000	0
br_inst_retired.cond:u	908	8220000	0
br_inst_retired.cond:u	909	8220000	0
br_inst_retired.cond:u	910	8220000	0
br_inst_retired.cond:u	911	8220000	0
br_inst_retired.cond:u	912	8220000	0
br_inst_retired.cond:u	913	8220000	0
br_inst_retired.cond:u	914	8220000	0
br_inst_retired.cond:u	915	8220000	0
br_inst_retired.cond:u	916	8220000	0
br_inst_retired.cond:u	917	8220000	0
br_inst_retired.cond:u	918	8220000	0
br_inst_retired.cond:u	919	8220000	0
br_inst_retired.cond:u	920	8220000	0
br_inst_retired.cond:u	921	8220000	0
br_inst_retired.cond:u	922	8220000	0
br_inst_retired.cond:u	923	8220000	0
br_inst_retired.cond:u	924	8220000	0
br_inst_retired.cond:u	925	8220000	0
br_inst_retired.cond:u	926	8220000	0
br_inst_retired.cond:u	927	8220000	0
br_inst_retired.cond:u	928	8220000	0
br_inst_retired.cond:u	929	8220000	0
br_inst_retired.cond:u	930	8220000	0
br_inst_retired.cond:u	931	8220000	0
br_inst_retired.cond:u	932	8220000	0
br_inst_retired.cond:u	933	8220000	0
br_inst_retired.cond:u	934	8220000	0
br_inst_retired.cond:u	935	8220000	0
br_inst_retired.cond:u	936	8220000	0
br_inst_retired.cond:u	937	8220000	0
br_inst_retired.cond:u	938	8220000	0
br_inst_retired.cond:u	939	8220000	0
br_inst_retired.cond:u	940	8220000	0
br_inst_retired.cond:u	941	8220000	0
br_inst_retired.cond:u	942	8220000	0
br_inst_retired.cond:u	943	8220000	0
br_inst_retired.cond:u	944	8220000	0
br_inst_retired.cond:u	945	8220000	0
br_inst_retired.cond:u	946	8220000	0
br_inst_retired.cond:u	947	8220000	0
br_inst_retired.cond:u	948	8220000	0
br_inst_retired.cond:u	949	8220000	0
br_inst_retired.cond:u	950	8220000	0
br_inst_retired.cond:u	951	8220000	0
br_inst_retired.cond:u	952	8220000	0
br_inst_retired.cond:u	953	8220000	0
br_inst_retired.cond:u	954	8220000	0
br_inst_retired.cond:u	955	8220000	0
br_inst_retired.cond:u	956	8220000	0
br_inst_retired.cond:u	957	8220000	0
br_inst_retired.cond:u	958	8220000	0
br_inst_retired.cond:u	959	8220000	0
br_inst_retired.cond:u	960	8220000	0
br_inst_retired.cond:u	961	8220000	0
br_inst_retired.cond:u	962	8220000	0
br_inst_retired.cond:u	963	8220000	0
br_inst_retired.cond:u	964	8220000	0
br_inst_retired.cond:u	965	8220000	0
br_inst_retired.cond:u	966	8220000	0
br_inst_retired.cond:u	967	8220000	0
br_inst_retired.cond:u	968	8220000	0
br_inst_retired.cond:u	969	8220000	0
br_inst_retired.cond:u	970	8220000	0
br_inst_retired.cond:u	971	8220000	0
br_inst_retired.cond:u	972	8220000	0
br_inst_retired.cond:u	973	8220000	0
br_inst_retired.cond:u	974	8220000	0
br_inst_retired.cond:u	975	8220000	0
br_inst_retired.cond:u	976	8220000	0
br_inst_retired.cond:u	977	8220000	0
br_inst_retired.cond:u	978	8220000	0
br_inst_retired.cond:u	979	8220000	0
br_inst_retired.cond:u	980	8220000	0
br_inst_retired.cond:u	981	8220000	0
br_inst_retired.cond:u	982	8220000	0
br_inst_retired.cond:u	983	8220000	0
br_inst_retired.cond:u	984	8220000	0
br_inst_retired.cond:u	985	8220000	0
br_inst_retired.cond:u	986	8220000	0
br_inst_retired.cond:u	987	8220000	0
br_inst_retired.cond:u	988	8220000	0
br_inst_retired.cond:u	989	8220000	0
br_inst_retired.cond:u	990	8220000	0
br_inst_retired.cond:u	991	8220000	0
br_inst_retired.cond:u	992	8220000	0
br_inst_retired.cond:u	993	8220000	0
br_inst_retired.cond:u	994	8220000	0
br_inst_retired.cond:u	995	8220000	0
br_inst_retired.cond:u	996	8220000	0
br_inst_retired.cond:u	997	8220000	0
br_inst_retired.cond:u	998	8220000	0
br_inst_retired.cond:u	999	8220000	0
br_inst_retired.cond:u	1000	8220000	0
cpu_clk_unhalted.ref_tsc:u	1	6712460744	0
cpu_clk_unhalted.ref_tsc:u	2	6742034816	0
exe_activity.exe_bound_0_ports:u	1	86394483	0
exe_activity.exe_bound_0_ports:u	2	87630687	0
machine_clears.smc:u	1	1879	0
machine_clears.smc:u	2	1856	0
uops_executed.core_cycles_ge_3:u	1	1780901824	0
uops_executed.core_cycles_ge_3:u	2	1775456412	0
dtlb_load_misses.stlb_hit:u	1	60452	0
dtlb_load_misses.stlb_hit:u	2	60135	0
itlb_misses.walk_completed_1g:u	1	0	0
itlb_misses.walk_completed_1g:u	2	0	0
itlb_misses.walk_completed_1g:u	3	0	0
itlb_misses.walk_completed_1g:u	4	0	0
itlb_misses.walk_completed_1g:u	5	0	0
itlb_misses.walk_completed_1g:u	6	0	0
itlb_misses.walk_completed_1g:u	7	0	0
itlb_misses.walk_completed_1g:u	8	0	0
itlb_misses.walk_completed_1g:u	9	0	0
itlb_misses.walk_completed_1g:u	10	0	0
itlb_misses.walk_completed_1g:u	11	0	0
itlb_misses.walk_completed_1g:u	12	0	0
itlb_misses.walk_completed_1g:u	13	0	0
itlb_misses.walk_completed_1g:u	14	0	0
itlb_misses.walk_completed_1g:u	15	0	0
itlb_misses.walk_completed_1g:u	16	0	0
itlb_misses.walk_completed_1g:u	17	0	0
itlb_misses.walk_completed_1g:u	18	0	0
itlb_misses.walk_completed_1g:u	19	0	0
itlb_misses.walk_completed_1g:u	20	0	0
itlb_misses.walk_completed_1g:u	21	0	0
itlb_misses.walk_completed_1g:u	22	0	0
itlb_misses.walk_completed_1g:u	23	0	0
itlb_misses.walk_completed_1g:u	24	0	0
itlb_misses.walk_completed_1g:u	25	0	0
itlb_misses.walk_completed_1g:u	26	0	0
itlb_misses.walk_completed_1g:u	27	0	0
itlb_misses.walk_completed_1g:u	28	0	0
itlb_misses.walk_completed_1g:u	29	0	0
itlb_misses.walk_completed_1g:u	30	0	0
itlb_misses.walk_completed_1g:u	31	0	0
itlb_misses.walk_completed_1g:u	32	0	0
itlb_misses.walk_completed_1g:u	33	0	0
itlb_misses.walk_completed_1g:u	34	0	0
itlb_misses.walk_completed_1g:u	35	0	0
itlb_misses.walk_completed_1g:u	36	0	0
itlb_misses.walk_completed_1g:u	37	0	0
itlb_misses.walk_completed_1g:u	38	0	0
itlb_misses.walk_completed_1g:u	39	0	0
itlb_misses.walk_completed_1g:u	40	0	0
itlb_misses.walk_completed_1g:u	41	0	0
itlb_misses.walk_completed_1g:u	42	0	0
itlb_misses.walk_completed_1g:u	43	0	0
itlb_misses.walk_completed_1g:u	44	0	0
itlb_misses.walk_completed_1g:u	45	0	0
itlb_misses.walk_completed_1g:u	46	0	0
itlb_misses.walk_completed_1g:u	47	0	0
itlb_misses.walk_completed_1g:u	48	0	0
itlb_misses.walk_completed_1g:u	49	0	0
itlb_misses.walk_completed_1g:u	50	0	0
itlb_misses.walk_completed_1g:u	51	0	0
itlb_misses.walk_completed_1g:u	52	0	0
itlb_misses.walk_completed_1g:u	53	0	0
itlb_misses.walk_completed_1g:u	54	0	0
itlb_misses.walk_completed_1g:u	55	0	0
itlb_misses.walk_completed_1g:u	56	0	0
itlb_misses.walk_completed_1g:u	57	0	0
itlb_misses.walk_completed_1g:u	58	0	0
itlb_misses.walk_completed_1g:u	59	0	0
itlb_misses.walk_completed_1g:u	60	0	0
itlb_misses.walk_completed_1g:u	61	0	0
itlb_misses.walk_completed_1g:u	62	0	0
itlb_misses.walk_completed_1g:u	63	0	0
itlb_misses.walk_completed_1g:u	64	0	0
itlb_misses.walk_completed_1g:u	65	0	0
itlb_misses.walk_completed_1g:u	66	0	0
itlb_misses.walk_completed_1g:u	67	0	0
itlb_misses.walk_completed_1g:u	68	0	0
itlb_misses.walk_completed_1g:u	69	0	0
itlb_misses.walk_completed_1g:u	70	0	0
itlb_misses.walk_completed_1g:u	71	0	0
itlb_misses.walk_completed_1g:u	72	0	0
itlb_misses.walk_completed_1g:u	73	0	0
itlb_misses.walk_completed_1g:u	74	0	0
itlb_misses.walk_completed_1g:u	75	0	0
itlb_misses.walk_completed_1g:u	76	0	0
itlb_misses.walk_completed_1g:u	77	0	0
itlb_misses.walk_completed_1g:u	78	0	0
itlb_misses.walk_completed_1g:u	79	0	0
itlb_misses.walk_completed_1g:u	80	0	0
itlb_misses.walk_completed_1g:u	81	0	0
itlb_misses.walk_completed_1g:u	82	0	0
itlb_misses.walk_completed_1g:u	83	0	0
itlb_misses.walk_completed_1g:u	84	0	0
itlb_misses.walk_completed_1g:u	85	0	0
itlb_misses.walk_completed_1g:u	86	0	0
itlb_misses.walk_completed_1g:u	87	0	0
itlb_misses.walk_completed_1g:u	88	0	0
itlb_misses.walk_completed_1g:u	89	0	0
itlb_misses.walk_completed_1g:u	90	0	0
itlb_misses.walk_completed_1g:u	91	0	0
itlb_misses.walk_completed_1g:u	92	0	0
itlb_misses.walk_completed_1g:u	93	0	0
itlb_misses.walk_completed_1g:u	94	0	0
itlb_misses.walk_completed_1g:u	95	0	0
itlb_misses.walk_completed_1g:u	96	0	0
itlb_misses.walk_completed_1g:u	97	0	0
itlb_misses.walk_completed_1g:u	98	0	0
itlb_misses.walk_completed_1g:u	99	0	0
itlb_misses.walk_completed_1g:u	100	0	0
itlb_misses.walk_completed_1g:u	101	0	0
itlb_misses.walk_completed_1g:u	102	0	0
itlb_misses.walk_completed_1g:u	103	0	0
itlb_misses.walk_completed_1g:u	104	0	0
itlb_misses.walk_completed_1g:u	105	0	0
itlb_misses.walk_completed_1g:u	106	0	0
itlb_misses.walk_completed_1g:u	107	0	0
itlb_misses.walk_completed_1g:u	108	0	0
itlb_misses.walk_completed_1g:u	109	0	0
itlb_misses.walk_completed_1g:u	110	0	0
itlb_misses.walk_completed_1g:u	111	0	0
itlb_misses.walk_completed_1g:u	112	0	0
itlb_misses.walk_completed_1g:u	113	0	0
itlb_misses.walk_completed_1g:u	114	0	0
itlb_misses.walk_completed_1g:u	115	0	0
itlb_misses.walk_completed_1g:u	116	0	0
itlb_misses.walk_completed_1g:u	117	0	0
itlb_misses.walk_completed_1g:u	118	0	0
itlb_misses.walk_completed_1g:u	119	0	0
itlb_misses.walk_completed_1g:u	120	0	0
itlb_misses.walk_completed_1g:u	121	0	0
itlb_misses.walk_completed_1g:u	122	0	0
itlb_misses.walk_completed_1g:u	123	0	0
itlb_misses.walk_completed_1g:u	124	0	0
itlb_misses.walk_completed_1g:u	125	0	0
itlb_misses.walk_completed_1g:u	126	0	0
itlb_misses.walk_completed_1g:u	127	0	0
itlb_misses.walk_completed_1g:u	128	0	0
itlb_misses.walk_completed_1g:u	129	0	0
itlb_misses.walk_completed_1g:u	130	0	0
itlb_misses.walk_completed_1g:u	131	0	0
itlb_misses.walk_completed_1g:u	132	0	0
itlb_misses.walk_completed_1g:u	133	0	0
itlb_misses.walk_completed_1g:u	134	0	0
itlb_misses.walk_completed_1g:u	135	0	0
itlb_misses.walk_completed_1g:u	136	0	0
itlb_misses.walk_completed_1g:u	137	0	0
itlb_misses.walk_completed_1g:u	138	0	0
itlb_misses.walk_completed_1g:u	139	0	0
itlb_misses.walk_completed_1g:u	140	0	0
itlb_misses.walk_completed_1g:u	141	0	0
itlb_misses.walk_completed_1g:u	142	0	0
itlb_misses.walk_completed_1g:u	143	0	0
itlb_misses.walk_completed_1g:u	144	0	0
itlb_misses.walk_completed_1g:u	145	0	0
itlb_misses.walk_completed_1g:u	146	0	0
itlb_misses.walk_completed_1g:u	147	0	0
itlb_misses.walk_completed_1g:u	148	0	0
itlb_misses.walk_completed_1g:u	149	0	0
itlb_misses.walk_completed_1g:u	150	0	0
itlb_misses.walk_completed_1g:u	151	0	0
itlb_misses.walk_completed_1g:u	152	0	0
itlb_misses.walk_completed_1g:u	153	0	0
itlb_misses.walk_completed_1g:u	154	0	0
itlb_misses.walk_completed_1g:u	155	0	0
itlb_misses.walk_completed_1g:u	156	0	0
itlb_misses.walk_completed_1g:u	157	0	0
itlb_misses.walk_completed_1g:u	158	0	0
itlb_misses.walk_completed_1g:u	159	0	0
itlb_misses.walk_completed_1g:u	160	0	0
itlb_misses.walk_completed_1g:u	161	0	0
itlb_misses.walk_completed_1g:u	162	0	0
itlb_misses.walk_completed_1g:u	163	0	0
itlb_misses.walk_completed_1g:u	164	0	0
itlb_misses.walk_completed_1g:u	165	0	0
itlb_misses.walk_completed_1g:u	166	0	0
itlb_misses.walk_completed_1g:u	167	0	0
itlb_misses.walk_completed_1g:u	168	0	0
itlb_misses.walk_completed_1g:u	169	0	0
itlb_misses.walk_completed_1g:u	170	0	0
itlb_misses.walk_completed_1g:u	171	0	0
itlb_misses.walk_completed_1g:u	172	0	0
itlb_misses.walk_completed_1g:u	173	0	0
itlb_misses.walk_completed_1g:u	174	0	0
itlb_misses.walk_completed_1g:u	175	0	0
itlb_misses.walk_completed_1g:u	176	0	0
itlb_misses.walk_completed_1g:u	177	0	0
itlb_misses.walk_completed_1g:u	178	0	0
itlb_misses.walk_completed_1g:u	179	0	0
itlb_misses.walk_completed_1g:u	180	0	0
itlb_misses.walk_completed_1g:u	181	0	0
itlb_misses.walk_completed_1g:u	182	0	0
itlb_misses.walk_completed_1g:u	183	0	0
itlb_misses.walk_completed_1g:u	184	0	0
itlb_misses.walk_completed_1g:u	185	0	0
itlb_misses.walk_completed_1g:u	186	0	0
itlb_misses.walk_completed_1g:u	187	0	0
itlb_misses.walk_completed_1g:u	188	0	0
itlb_misses.walk_completed_1g:u	189	0	0
itlb_misses.walk_completed_1g:u	190	0	0
itlb_misses.walk_completed_1g:u	191	0	0
itlb_misses.walk_completed_1g:u	192	0	0
itlb_misses.walk_completed_1g:u	193	0	0
itlb_misses.walk_completed_1g:u	194	0	0
itlb_misses.walk_completed_1g:u	195	0	0
itlb_misses.walk_completed_1g:u	196	0	0
itlb_misses.walk_completed_1g:u	197	0	0
itlb_misses.walk_completed_1g:u	198	0	0
itlb_misses.walk_completed_1g:u	199	0	0
itlb_misses.walk_completed_1g:u	200	0	0
itlb_misses.walk_completed_1g:u	201	0	0
itlb_misses.walk_completed_1g:u	202	0	0
itlb_misses.walk_completed_1g:u	203	0	0
itlb_misses.walk_completed_1g:u	204	0	0
itlb_misses.walk_completed_1g:u	205	0	0
itlb_misses.walk_completed_1g:u	206	0	0
itlb_misses.walk_completed_1g:u	207	0	0
itlb_misses.walk_completed_1g:u	208	0	0
itlb_misses.walk_completed_1g:u	209	0	0
itlb_misses.walk_completed_1g:u	210	0	0
itlb_misses.walk_completed_1g:u	211	0	0
itlb_misses.walk_completed_1g:u	212	0	0
itlb_misses.walk_completed_1g:u	213	0	0
itlb_misses.walk_completed_1g:u	214	0	0
itlb_misses.walk_completed_1g:u	215	0	0
itlb_misses.walk_completed_1g:u	216	0	0
itlb_misses.walk_completed_1g:u	217	0	0
itlb_misses.walk_completed_1g:u	218	0	0
itlb_misses.walk_completed_1g:u	219	0	0
itlb_misses.walk_completed_1g:u	220	0	0
itlb_misses.walk_completed_1g:u	221	0	0
itlb_misses.walk_completed_1g:u	222	0	0
itlb_misses.walk_completed_1g:u	223	0	0
itlb_misses.walk_completed_1g:u	224	0	0
itlb_misses.walk_completed_1g:u	225	0	0
itlb_misses.walk_completed_1g:u	226	0	0
itlb_misses.walk_completed_1g:u	227	0	0
itlb_misses.walk_completed_1g:u	228	0	0
itlb_misses.walk_completed_1g:u	229	0	0
itlb_misses.walk_completed_1g:u	230	0	0
itlb_misses.walk_completed_1g:u	231	0	0
itlb_misses.walk_completed_1g:u	232	0	0
itlb_misses.walk_completed_1g:u	233	0	0
itlb_misses.walk_completed_1g:u	234	0	0
itlb_misses.walk_completed_1g:u	235	0	0
itlb_misses.walk_completed_1g:u	236	0	0
itlb_misses.walk_completed_1g:u	237	0	0
itlb_misses.walk_completed_1g:u	238	0	0
itlb_misses.walk_completed_1g:u	239	0	0
itlb_misses.walk_completed_1g:u	240	0	0
itlb_misses.walk_completed_1g:u	241	0	0
itlb_misses.walk_completed_1g:u	242	0	0
itlb_misses.walk_completed_1g:u	243	0	0
itlb_misses.walk_completed_1g:u	244	0	0
itlb_misses.walk_completed_1g:u	245	0	0
itlb_misses.walk_completed_1g:u	246	0	0
itlb_misses.walk_completed_1g:u	247	0	0
itlb_misses.walk_completed_1g:u	248	0	0
itlb_misses.walk_completed_1g:u	249	0	0
itlb_misses.walk_completed_1g:u	250	0	0
itlb_misses.walk_completed_1g:u	251	0	0
itlb_misses.walk_completed_1g:u	252	0	0
itlb_misses.walk_completed_1g:u	253	0	0
itlb_misses.walk_completed_1g:u	254	0	0
itlb_misses.walk_completed_1g:u	255	0	0
itlb_misses.walk_completed_1g:u	256	0	0
itlb_misses.walk_completed_1g:u	257	0	0
itlb_misses.walk_completed_1g:u	258	0	0
itlb_misses.walk_completed_1g:u	259	0	0
itlb_misses.walk_completed_1g:u	260	0	0
itlb_misses.walk_completed_1g:u	261	0	0
itlb_misses.walk_completed_1g:u	262	0	0
itlb_misses.walk_completed_1g:u	263	0	0
itlb_misses.walk_completed_1g:u	264	0	0
itlb_misses.walk_completed_1g:u	265	0	0
itlb_misses.walk_completed_1g:u	266	0	0
itlb_misses.walk_completed_1g:u	267	0	0
itlb_misses.walk_completed_1g:u	268	0	0
itlb_misses.walk_completed_1g:u	269	0	0
itlb_misses.walk_completed_1g:u	270	0	0
itlb_misses.walk_completed_1g:u	271	0	0
itlb_misses.walk_completed_1g:u	272	0	0
itlb_misses.walk_completed_1g:u	273	0	0
itlb_misses.walk_completed_1g:u	274	0	0
itlb_misses.walk_completed_1g:u	275	0	0
itlb_misses.walk_completed_1g:u	276	0	0
itlb_misses.walk_completed_1g:u	277	0	0
itlb_misses.walk_completed_1g:u	278	0	0
itlb_misses.walk_completed_1g:u	279	0	0
itlb_misses.walk_completed_1g:u	280	0	0
itlb_misses.walk_completed_1g:u	281	0	0
itlb_misses.walk_completed_1g:u	282	0	0
itlb_misses.walk_completed_1g:u	283	0	0
itlb_misses.walk_completed_1g:u	284	0	0
itlb_misses.walk_completed_1g:u	285	0	0
itlb_misses.walk_completed_1g:u	286	0	0
itlb_misses.walk_completed_1g:u	287	0	0
itlb_misses.walk_completed_1g:u	288	0	0
itlb_misses.walk_completed_1g:u	289	0	0
itlb_misses.walk_completed_1g:u	290	0	0
itlb_misses.walk_completed_1g:u	291	0	0
itlb_misses.walk_completed_1g:u	292	0	0
itlb_misses.walk_completed_1g:u	293	0	0
itlb_misses.walk_completed_1g:u	294	0	0
itlb_misses.walk_completed_1g:u	295	0	0
itlb_misses.walk_completed_1g:u	296	0	0
itlb_misses.walk_completed_1g:u	297	0	0
itlb_misses.walk_completed_1g:u	298	0	0
itlb_misses.walk_completed_1g:u	299	0	0
itlb_misses.walk_completed_1g:u	300	0	0
itlb_misses.walk_completed_1g:u	301	0	0
itlb_misses.walk_completed_1g:u	302	0	0
itlb_misses.walk_completed_1g:u	303	0	0
itlb_misses.walk_completed_1g:u	304	0	0
itlb_misses.walk_completed_1g:u	305	0	0
itlb_misses.walk_completed_1g:u	306	0	0
itlb_misses.walk_completed_1g:u	307	0	0
itlb_misses.walk_completed_1g:u	308	0	0
itlb_misses.walk_completed_1g:u	309	0	0
itlb_misses.walk_completed_1g:u	310	0	0
itlb_misses.walk_completed_1g:u	311	0	0
itlb_misses.walk_completed_1g:u	312	0	0
itlb_misses.walk_completed_1g:u	313	0	0
itlb_misses.walk_completed_1g:u	314	0	0
itlb_misses.walk_completed_1g:u	315	0	0
itlb_misses.walk_completed_1g:u	316	0	0
itlb_misses.walk_completed_1g:u	317	0	0
itlb_misses.walk_completed_1g:u	318	0	0
itlb_misses.walk_completed_1g:u	319	0	0
itlb_misses.walk_completed_1g:u	320	0	0
itlb_misses.walk_completed_1g:u	321	0	0
itlb_misses.walk_completed_1g:u	322	0	0
itlb_misses.walk_completed_1g:u	323	0	0
itlb_misses.walk_completed_1g:u	324	0	0
itlb_misses.walk_completed_1g:u	325	0	0
itlb_misses.walk_completed_1g:u	326	0	0
itlb_misses.walk_completed_1g:u	327	0	0
itlb_misses.walk_completed_1g:u	328	0	0
itlb_misses.walk_completed_1g:u	329	0	0
itlb_misses.walk_completed_1g:u	330	0	0
itlb_misses.walk_completed_1g:u	331	0	0
itlb_misses.walk_completed_1g:u	332	0	0
itlb_misses.walk_completed_1g:u	333	0	0
itlb_misses.walk_completed_1g:u	334	0	0
itlb_misses.walk_completed_1g:u	335	0	0
itlb_misses.walk_completed_1g:u	336	0	0
itlb_misses.walk_completed_1g:u	337	0	0
itlb_misses.walk_completed_1g:u	338	0	0
itlb_misses.walk_completed_1g:u	339	0	0
itlb_misses.walk_completed_1g:u	340	0	0
itlb_misses.walk_completed_1g:u	341	0	0
itlb_misses.walk_completed_1g:u	342	0	0
itlb_misses.walk_completed_1g:u	343	0	0
itlb_misses.walk_completed_1g:u	344	0	0
itlb_misses.walk_completed_1g:u	345	0	0
itlb_misses.walk_completed_1g:u	346	0	0
itlb_misses.walk_completed_1g:u	347	0	0
itlb_misses.walk_completed_1g:u	348	0	0
itlb_misses.walk_completed_1g:u	349	0	0
itlb_misses.walk_completed_1g:u	350	0	0
itlb_misses.walk_completed_1g:u	351	0	0
itlb_misses.walk_completed_1g:u	352	0	0
itlb_misses.walk_completed_1g:u	353	0	0
itlb_misses.walk_completed_1g:u	354	0	0
itlb_misses.walk_completed_1g:u	355	0	0
itlb_misses.walk_completed_1g:u	356	0	0
itlb_misses.walk_completed_1g:u	357	0	0
itlb_misses.walk_completed_1g:u	358	0	0
itlb_misses.walk_completed_1g:u	359	0	0
itlb_misses.walk_completed_1g:u	360	0	0
itlb_misses.walk_completed_1g:u	361	0	0
itlb_misses.walk_completed_1g:u	362	0	0
itlb_misses.walk_completed_1g:u	363	0	0
itlb_misses.walk_completed_1g:u	364	0	0
itlb_misses.walk_completed_1g:u	365	0	0
itlb_misses.walk_completed_1g:u	366	0	0
itlb_misses.walk_completed_1g:u	367	0	0
itlb_misses.walk_completed_1g:u	368	0	0
itlb_misses.walk_completed_1g:u	369	0	0
itlb_misses.walk_completed_1g:u	370	0	0
itlb_misses.walk_completed_1g:u	371	0	0
itlb_misses.walk_completed_1g:u	372	0	0
itlb_misses.walk_completed_1g:u	373	0	0
itlb_misses.walk_completed_1g:u	374	0	0
itlb_misses.walk_completed_1g:u	375	0	0
itlb_misses.walk_completed_1g:u	376	0	0
itlb_misses.walk_completed_1g:u	377	0	0
itlb_misses.walk_completed_1g:u	378	0	0
itlb_misses.walk_completed_1g:u	379	0	0
itlb_misses.walk_completed_1g:u	380	0	0
itlb_misses.walk_completed_1g:u	381	0	0
itlb_misses.walk_completed_1g:u	382	0	0
itlb_misses.walk_completed_1g:u	383	0	0
itlb_misses.walk_completed_1g:u	384	0	0
itlb_misses.walk_completed_1g:u	385	0	0
itlb_misses.walk_completed_1g:u	386	0	0
itlb_misses.walk_completed_1g:u	387	0	0
itlb_misses.walk_completed_1g:u	388	0	0
itlb_misses.walk_completed_1g:u	389	0	0
itlb_misses.walk_completed_1g:u	390	0	0
itlb_misses.walk_completed_1g:u	391	0	0
itlb_misses.walk_completed_1g:u	392	0	0
itlb_misses.walk_completed_1g:u	393	0	0
itlb_misses.walk_completed_1g:u	394	0	0
itlb_misses.walk_completed_1g:u	395	0	0
itlb_misses.walk_completed_1g:u	396	0	0
itlb_misses.walk_completed_1g:u	397	0	0
itlb_misses.walk_completed_1g:u	398	0	0
itlb_misses.walk_completed_1g:u	399	0	0
itlb_misses.walk_completed_1g:u	400	0	0
itlb_misses.walk_completed_1g:u	401	0	0
itlb_misses.walk_completed_1g:u	402	0	0
itlb_misses.walk_completed_1g:u	403	0	0
itlb_misses.walk_completed_1g:u	404	0	0
itlb_misses.walk_completed_1g:u	405	0	0
itlb_misses.walk_completed_1g:u	406	0	0
itlb_misses.walk_completed_1g:u	407	0	0
itlb_misses.walk_completed_1g:u	408	0	0
itlb_misses.walk_completed_1g:u	409	0	0
itlb_misses.walk_completed_1g:u	410	0	0
itlb_misses.walk_completed_1g:u	411	0	0
itlb_misses.walk_completed_1g:u	412	0	0
itlb_misses.walk_completed_1g:u	413	0	0
itlb_misses.walk_completed_1g:u	414	0	0
itlb_misses.walk_completed_1g:u	415	0	0
itlb_misses.walk_completed_1g:u	416	0	0
itlb_misses.walk_completed_1g:u	417	0	0
itlb_misses.walk_completed_1g:u	418	0	0
itlb_misses.walk_completed_1g:u	419	0	0
itlb_misses.walk_completed_1g:u	420	0	0
itlb_misses.walk_completed_1g:u	421	0	0
itlb_misses.walk_completed_1g:u	422	0	0
itlb_misses.walk_completed_1g:u	423	0	0
itlb_misses.walk_completed_1g:u	424	0	0
itlb_misses.walk_completed_1g:u	425	0	0
itlb_misses.walk_completed_1g:u	426	0	0
itlb_misses.walk_completed_1g:u	427	0	0
itlb_misses.walk_completed_1g:u	428	0	0
itlb_misses.walk_completed_1g:u	429	0	0
itlb_misses.walk_completed_1g:u	430	0	0
itlb_misses.walk_completed_1g:u	431	0	0
itlb_misses.walk_completed_1g:u	432	0	0
itlb_misses.walk_completed_1g:u	433	0	0
itlb_misses.walk_completed_1g:u	434	0	0
itlb_misses.walk_completed_1g:u	435	0	0
itlb_misses.walk_completed_1g:u	436	0	0
itlb_misses.walk_completed_1g:u	437	0	0
itlb_misses.walk_completed_1g:u	438	0	0
itlb_misses.walk_completed_1g:u	439	0	0
itlb_misses.walk_completed_1g:u	440	0	0
itlb_misses.walk_completed_1g:u	441	0	0
itlb_misses.walk_completed_1g:u	442	0	0
itlb_misses.walk_completed_1g:u	443	0	0
itlb_misses.walk_completed_1g:u	444	0	0
itlb_misses.walk_completed_1g:u	445	0	0
itlb_misses.walk_completed_1g:u	446	0	0
itlb_misses.walk_completed_1g:u	447	0	0
itlb_misses.walk_completed_1g:u	448	0	0
itlb_misses.walk_completed_1g:u	449	0	0
itlb_misses.walk_completed_1g:u	450	0	0
itlb_misses.walk_completed_1g:u	451	0	0
itlb_misses.walk_completed_1g:u	452	0	0
itlb_misses.walk_completed_1g:u	453	0	0
itlb_misses.walk_completed_1g:u	454	0	0
itlb_misses.walk_completed_1g:u	455	0	0
itlb_misses.walk_completed_1g:u	456	0	0
itlb_misses.walk_completed_1g:u	457	0	0
itlb_misses.walk_completed_1g:u	458	0	0
itlb_misses.walk_completed_1g:u	459	0	0
itlb_misses.walk_completed_1g:u	460	0	0
itlb_misses.walk_completed_1g:u	461	0	0
itlb_misses.walk_completed_1g:u	462	0	0
itlb_misses.walk_completed_1g:u	463	0	0
itlb_misses.walk_completed_1g:u	464	0	0
itlb_misses.walk_completed_1g:u	465	0	0
itlb_misses.walk_completed_1g:u	466	0	0
itlb_misses.walk_completed_1g:u	467	0	0
itlb_misses.walk_completed_1g:u	468	0	0
itlb_misses.walk_completed_1g:u	469	0	0
itlb_misses.walk_completed_1g:u	470	0	0
itlb_misses.walk_completed_1g:u	471	0	0
itlb_misses.walk_completed_1g:u	472	0	0
itlb_misses.walk_completed_1g:u	473	0	0
itlb_misses.walk_completed_1g:u	474	0	0
itlb_misses.walk_completed_1g:u	475	0	0
itlb_misses.walk_completed_1g:u	476	0	0
itlb_misses.walk_completed_1g:u	477	0	0
itlb_misses.walk_completed_1g:u	478	0	0
itlb_misses.walk_completed_1g:u	479	0	0
itlb_misses.walk_completed_1g:u	480	0	0
itlb_misses.walk_completed_1g:u	481	0	0
itlb_misses.walk_completed_1g:u	482	0	0
itlb_misses.walk_completed_1g:u	483	0	0
itlb_misses.walk_completed_1g:u	484	0	0
itlb_misses.walk_completed_1g:u	485	0	0
itlb_misses.walk_completed_1g:u	486	0	0
itlb_misses.walk_completed_1g:u	487	0	0
itlb_misses.walk_completed_1g:u	488	0	0
itlb_misses.walk_completed_1g:u	489	0	0
itlb_misses.walk_completed_1g:u	490	0	0
itlb_misses.walk_completed_1g:u	491	0	0
itlb_misses.walk_completed_1g:u	492	0	0
itlb_misses.walk_completed_1g:u	493	0	0
itlb_misses.walk_completed_1g:u	494	0	0
itlb_misses.walk_completed_1g:u	495	0	0
itlb_misses.walk_completed_1g:u	496	0	0
itlb_misses.walk_completed_1g:u	497	0	0
itlb_misses.walk_completed_1g:u	498	0	0
itlb_misses.walk_completed_1g:u	499	0	0
itlb_misses.walk_completed_1g:u	500	0	0
itlb_misses.walk_completed_1g:u	501	0	0
itlb_misses.walk_completed_1g:u	502	0	0
itlb_misses.walk_completed_1g:u	503	0	0
itlb_misses.walk_completed_1g:u	504	0	0
itlb_misses.walk_completed_1g:u	505	0	0
itlb_misses.walk_completed_1g:u	506	0	0
itlb_misses.walk_completed_1g:u	507	0	0
itlb_misses.walk_completed_1g:u	508	0	0
itlb_misses.walk_completed_1g:u	509	0	0
itlb_misses.walk_completed_1g:u	510	0	0
itlb_misses.walk_completed_1g:u	511	0	0
itlb_misses.walk_completed_1g:u	512	0	0
itlb_misses.walk_completed_1g:u	513	0	0
itlb_misses.walk_completed_1g:u	514	0	0
itlb_misses.walk_completed_1g:u	515	0	0
itlb_misses.walk_completed_1g:u	516	0	0
itlb_misses.walk_completed_1g:u	517	0	0
itlb_misses.walk_completed_1g:u	518	0	0
itlb_misses.walk_completed_1g:u	519	0	0
itlb_misses.walk_completed_1g:u	520	0	0
itlb_misses.walk_completed_1g:u	521	0	0
itlb_misses.walk_completed_1g:u	522	0	0
itlb_misses.walk_completed_1g:u	523	0	0
itlb_misses.walk_completed_1g:u	524	0	0
itlb_misses.walk_completed_1g:u	525	0	0
itlb_misses.walk_completed_1g:u	526	0	0
itlb_misses.walk_completed_1g:u	527	0	0
itlb_misses.walk_completed_1g:u	528	0	0
itlb_misses.walk_completed_1g:u	529	0	0
itlb_misses.walk_completed_1g:u	530	0	0
itlb_misses.walk_completed_1g:u	531	0	0
itlb_misses.walk_completed_1g:u	532	0	0
itlb_misses.walk_completed_1g:u	533	0	0
itlb_misses.walk_completed_1g:u	534	0	0
itlb_misses.walk_completed_1g:u	535	0	0
itlb_misses.walk_completed_1g:u	536	0	0
itlb_misses.walk_completed_1g:u	537	0	0
itlb_misses.walk_completed_1g:u	538	0	0
itlb_misses.walk_completed_1g:u	539	0	0
itlb_misses.walk_completed_1g:u	540	0	0
itlb_misses.walk_completed_1g:u	541	0	0
itlb_misses.walk_completed_1g:u	542	0	0
itlb_misses.walk_completed_1g:u	543	0	0
itlb_misses.walk_completed_1g:u	544	0	0
itlb_misses.walk_completed_1g:u	545	0	0
itlb_misses.walk_completed_1g:u	546	0	0
itlb_misses.walk_completed_1g:u	547	0	0
itlb_misses.walk_completed_1g:u	548	0	0
itlb_misses.walk_completed_1g:u	549	0	0
itlb_misses.walk_completed_1g:u	550	0	0
itlb_misses.walk_completed_1g:u	551	0	0
itlb_misses.walk_completed_1g:u	552	0	0
itlb_misses.walk_completed_1g:u	553	0	0
itlb_misses.walk_completed_1g:u	554	0	0
itlb_misses.walk_completed_1g:u	555	0	0
itlb_misses.walk_completed_1g:u	556	0	0
itlb_misses.walk_completed_1g:u	557	0	0
itlb_misses.walk_completed_1g:u	558	0	0
itlb_misses.walk_completed_1g:u	559	0	0
itlb_misses.walk_completed_1g:u	560	0	0
itlb_misses.walk_completed_1g:u	561	0	0
itlb_misses.walk_completed_1g:u	562	0	0
itlb_misses.walk_completed_1g:u	563	0	0
itlb_misses.walk_completed_1g:u	564	0	0
itlb_misses.walk_completed_1g:u	565	0	0
itlb_misses.walk_completed_1g:u	566	0	0
itlb_misses.walk_completed_1g:u	567	0	0
itlb_misses.walk_completed_1g:u	568	0	0
itlb_misses.walk_completed_1g:u	569	0	0
itlb_misses.walk_completed_1g:u	570	0	0
itlb_misses.walk_completed_1g:u	571	0	0
itlb_misses.walk_completed_1g:u	572	0	0
itlb_misses.walk_completed_1g:u	573	0	0
itlb_misses.walk_completed_1g:u	574	0	0
itlb_misses.walk_completed_1g:u	575	0	0
itlb_misses.walk_completed_1g:u	576	0	0
itlb_misses.walk_completed_1g:u	577	0	0
itlb_misses.walk_completed_1g:u	578	0	0
itlb_misses.walk_completed_1g:u	579	0	0
itlb_misses.walk_completed_1g:u	580	0	0
itlb_misses.walk_completed_1g:u	581	0	0
itlb_misses.walk_completed_1g:u	582	0	0
itlb_misses.walk_completed_1g:u	583	0	0
itlb_misses.walk_completed_1g:u	584	0	0
itlb_misses.walk_completed_1g:u	585	0	0
itlb_misses.walk_completed_1g:u	586	0	0
itlb_misses.walk_completed_1g:u	587	0	0
itlb_misses.walk_completed_1g:u	588	0	0
itlb_misses.walk_completed_1g:u	589	0	0
itlb_misses.walk_completed_1g:u	590	0	0
itlb_misses.walk_completed_1g:u	591	0	0
itlb_misses.walk_completed_1g:u	592	0	0
itlb_misses.walk_completed_1g:u	593	0	0
itlb_misses.walk_completed_1g:u	594	0	0
itlb_misses.walk_completed_1g:u	595	0	0
itlb_misses.walk_completed_1g:u	596	0	0
itlb_misses.walk_completed_1g:u	597	0	0
itlb_misses.walk_completed_1g:u	598	0	0
itlb_misses.walk_completed_1g:u	599	0	0
itlb_misses.walk_completed_1g:u	600	0	0
itlb_misses.walk_completed_1g:u	601	0	0
itlb_misses.walk_completed_1g:u	602	0	0
itlb_misses.walk_completed_1g:u	603	0	0
itlb_misses.walk_completed_1g:u	604	0	0
itlb_misses.walk_completed_1g:u	605	0	0
itlb_misses.walk_completed_1g:u	606	0	0
itlb_misses.walk_completed_1g:u	607	0	0
itlb_misses.walk_completed_1g:u	608	0	0
itlb_misses.walk_completed_1g:u	609	0	0
itlb_misses.walk_completed_1g:u	610	0	0
itlb_misses.walk_completed_1g:u	611	0	0
itlb_misses.walk_completed_1g:u	612	0	0
itlb_misses.walk_completed_1g:u	613	0	0
itlb_misses.walk_completed_1g:u	614	0	0
itlb_misses.walk_completed_1g:u	615	0	0
itlb_misses.walk_completed_1g:u	616	0	0
itlb_misses.walk_completed_1g:u	617	0	0
itlb_misses.walk_completed_1g:u	618	0	0
itlb_misses.walk_completed_1g:u	619	0	0
itlb_misses.walk_completed_1g:u	620	0	0
itlb_misses.walk_completed_1g:u	621	0	0
itlb_misses.walk_completed_1g:u	622	0	0
itlb_misses.walk_completed_1g:u	623	0	0
itlb_misses.walk_completed_1g:u	624	0	0
itlb_misses.walk_completed_1g:u	625	0	0
itlb_misses.walk_completed_1g:u	626	0	0
itlb_misses.walk_completed_1g:u	627	0	0
itlb_misses.walk_completed_1g:u	628	0	0
itlb_misses.walk_completed_1g:u	629	0	0
itlb_misses.walk_completed_1g:u	630	0	0
itlb_misses.walk_completed_1g:u	631	0	0
itlb_misses.walk_completed_1g:u	632	0	0
itlb_misses.walk_completed_1g:u	633	0	0
itlb_misses.walk_completed_1g:u	634	0	0
itlb_misses.walk_completed_1g:u	635	0	0
itlb_misses.walk_completed_1g:u	636	0	0
itlb_misses.walk_completed_1g:u	637	0	0
itlb_misses.walk_completed_1g:u	638	0	0
itlb_misses.walk_completed_1g:u	639	0	0
itlb_misses.walk_completed_1g:u	640	0	0
itlb_misses.walk_completed_1g:u	641	0	0
itlb_misses.walk_completed_1g:u	642	0	0
itlb_misses.walk_completed_1g:u	643	0	0
itlb_misses.walk_completed_1g:u	644	0	0
itlb_misses.walk_completed_1g:u	645	0	0
itlb_misses.walk_completed_1g:u	646	0	0
itlb_misses.walk_completed_1g:u	647	0	0
itlb_misses.walk_completed_1g:u	648	0	0
itlb_misses.walk_completed_1g:u	649	0	0
itlb_misses.walk_completed_1g:u	650	0	0
itlb_misses.walk_completed_1g:u	651	0	0
itlb_misses.walk_completed_1g:u	652	0	0
itlb_misses.walk_completed_1g:u	653	0	0
itlb_misses.walk_completed_1g:u	654	0	0
itlb_misses.walk_completed_1g:u	655	0	0
itlb_misses.walk_completed_1g:u	656	0	0
itlb_misses.walk_completed_1g:u	657	0	0
itlb_misses.walk_completed_1g:u	658	0	0
itlb_misses.walk_completed_1g:u	659	0	0
itlb_misses.walk_completed_1g:u	660	0	0
itlb_misses.walk_completed_1g:u	661	0	0
itlb_misses.walk_completed_1g:u	662	0	0
itlb_misses.walk_completed_1g:u	663	0	0
itlb_misses.walk_completed_1g:u	664	0	0
itlb_misses.walk_completed_1g:u	665	0	0
itlb_misses.walk_completed_1g:u	666	0	0
itlb_misses.walk_completed_1g:u	667	0	0
itlb_misses.walk_completed_1g:u	668	0	0
itlb_misses.walk_completed_1g:u	669	0	0
itlb_misses.walk_completed_1g:u	670	0	0
itlb_misses.walk_completed_1g:u	671	0	0
itlb_misses.walk_completed_1g:u	672	0	0
itlb_misses.walk_completed_1g:u	673	0	0
itlb_misses.walk_completed_1g:u	674	0	0
itlb_misses.walk_completed_1g:u	675	0	0
itlb_misses.walk_completed_1g:u	676	0	0
itlb_misses.walk_completed_1g:u	677	0	0
itlb_misses.walk_completed_1g:u	678	0	0
itlb_misses.walk_completed_1g:u	679	0	0
itlb_misses.walk_completed_1g:u	680	0	0
itlb_misses.walk_completed_1g:u	681	0	0
itlb_misses.walk_completed_1g:u	682	0	0
itlb_misses.walk_completed_1g:u	683	0	0
itlb_misses.walk_completed_1g:u	684	0	0
itlb_misses.walk_completed_1g:u	685	0	0
itlb_misses.walk_completed_1g:u	686	0	0
itlb_misses.walk_completed_1g:u	687	0	0
itlb_misses.walk_completed_1g:u	688	0	0
itlb_misses.walk_completed_1g:u	689	0	0
itlb_misses.walk_completed_1g:u	690	0	0
itlb_misses.walk_completed_1g:u	691	0	0
itlb_misses.walk_completed_1g:u	692	0	0
itlb_misses.walk_completed_1g:u	693	0	0
itlb_misses.walk_completed_1g:u	694	0	0
itlb_misses.walk_completed_1g:u	695	0	0
itlb_misses.walk_completed_1g:u	696	0	0
itlb_misses.walk_completed_1g:u	697	0	0
itlb_misses.walk_completed_1g:u	698	0	0
itlb_misses.walk_completed_1g:u	699	0	0
itlb_misses.walk_completed_1g:u	700	0	0
itlb_misses.walk_completed_1g:u	701	0	0
itlb_misses.walk_completed_1g:u	702	0	0
itlb_misses.walk_completed_1g:u	703	0	0
itlb_misses.walk_completed_1g:u	704	0	0
itlb_misses.walk_completed_1g:u	705	0	0
itlb_misses.walk_completed_1g:u	706	0	0
itlb_misses.walk_completed_1g:u	707	0	0
itlb_misses.walk_completed_1g:u	708	0	0
itlb_misses.walk_completed_1g:u	709	0	0
itlb_misses.walk_completed_1g:u	710	0	0
itlb_misses.walk_completed_1g:u	711	0	0
itlb_misses.walk_completed_1g:u	712	0	0
itlb_misses.walk_completed_1g:u	713	0	0
itlb_misses.walk_completed_1g:u	714	0	0
itlb_misses.walk_completed_1g:u	715	0	0
itlb_misses.walk_completed_1g:u	716	0	0
itlb_misses.walk_completed_1g:u	717	0	0
itlb_misses.walk_completed_1g:u	718	0	0
itlb_misses.walk_completed_1g:u	719	0	0
itlb_misses.walk_completed_1g:u	720	0	0
itlb_misses.walk_completed_1g:u	721	0	0
itlb_misses.walk_completed_1g:u	722	0	0
itlb_misses.walk_completed_1g:u	723	0	0
itlb_misses.walk_completed_1g:u	724	0	0
itlb_misses.walk_completed_1g:u	725	0	0
itlb_misses.walk_completed_1g:u	726	0	0
itlb_misses.walk_completed_1g:u	727	0	0
itlb_misses.walk_completed_1g:u	728	0	0
itlb_misses.walk_completed_1g:u	729	0	0
itlb_misses.walk_completed_1g:u	730	0	0
itlb_misses.walk_completed_1g:u	731	0	0
itlb_misses.walk_completed_1g:u	732	0	0
itlb_misses.walk_completed_1g:u	733	0	0
itlb_misses.walk_completed_1g:u	734	0	0
itlb_misses.walk_completed_1g:u	735	0	0
itlb_misses.walk_completed_1g:u	736	0	0
itlb_misses.walk_completed_1g:u	737	0	0
itlb_misses.walk_completed_1g:u	738	0	0
itlb_misses.walk_completed_1g:u	739	0	0
itlb_misses.walk_completed_1g:u	740	0	0
itlb_misses.walk_completed_1g:u	741	0	0
itlb_misses.walk_completed_1g:u	742	0	0
itlb_misses.walk_completed_1g:u	743	0	0
itlb_misses.walk_completed_1g:u	744	0	0
itlb_misses.walk_completed_1g:u	745	0	0
itlb_misses.walk_completed_1g:u	746	0	0
itlb_misses.walk_completed_1g:u	747	0	0
itlb_misses.walk_completed_1g:u	748	0	0
itlb_misses.walk_completed_1g:u	749	0	0
itlb_misses.walk_completed_1g:u	750	0	0
itlb_misses.walk_completed_1g:u	751	0	0
itlb_misses.walk_completed_1g:u	752	0	0
itlb_misses.walk_completed_1g:u	753	0	0
itlb_misses.walk_completed_1g:u	754	0	0
itlb_misses.walk_completed_1g:u	755	0	0
itlb_misses.walk_completed_1g:u	756	0	0
itlb_misses.walk_completed_1g:u	757	0	0
itlb_misses.walk_completed_1g:u	758	0	0
itlb_misses.walk_completed_1g:u	759	0	0
itlb_misses.walk_completed_1g:u	760	0	0
itlb_misses.walk_completed_1g:u	761	0	0
itlb_misses.walk_completed_1g:u	762	0	0
itlb_misses.walk_completed_1g:u	763	0	0
itlb_misses.walk_completed_1g:u	764	0	0
itlb_misses.walk_completed_1g:u	765	0	0
itlb_misses.walk_completed_1g:u	766	0	0
itlb_misses.walk_completed_1g:u	767	0	0
itlb_misses.walk_completed_1g:u	768	0	0
itlb_misses.walk_completed_1g:u	769	0	0
itlb_misses.walk_completed_1g:u	770	0	0
itlb_misses.walk_completed_1g:u	771	0	0
itlb_misses.walk_completed_1g:u	772	0	0
itlb_misses.walk_completed_1g:u	773	0	0
itlb_misses.walk_completed_1g:u	774	0	0
itlb_misses.walk_completed_1g:u	775	0	0
itlb_misses.walk_completed_1g:u	776	0	0
itlb_misses.walk_completed_1g:u	777	0	0
itlb_misses.walk_completed_1g:u	778	0	0
itlb_misses.walk_completed_1g:u	779	0	0
itlb_misses.walk_completed_1g:u	780	0	0
itlb_misses.walk_completed_1g:u	781	0	0
itlb_misses.walk_completed_1g:u	782	0	0
itlb_misses.walk_completed_1g:u	783	0	0
itlb_misses.walk_completed_1g:u	784	0	0
itlb_misses.walk_completed_1g:u	785	0	0
itlb_misses.walk_completed_1g:u	786	0	0
itlb_misses.walk_completed_1g:u	787	0	0
itlb_misses.walk_completed_1g:u	788	0	0
itlb_misses.walk_completed_1g:u	789	0	0
itlb_misses.walk_completed_1g:u	790	0	0
itlb_misses.walk_completed_1g:u	791	0	0
itlb_misses.walk_completed_1g:u	792	0	0
itlb_misses.walk_completed_1g:u	793	0	0
itlb_misses.walk_completed_1g:u	794	0	0
itlb_misses.walk_completed_1g:u	795	0	0
itlb_misses.walk_completed_1g:u	796	0	0
itlb_misses.walk_completed_1g:u	797	0	0
itlb_misses.walk_completed_1g:u	798	0	0
itlb_misses.walk_completed_1g:u	799	0	0
itlb_misses.walk_completed_1g:u	800	0	0
itlb_misses.walk_completed_1g:u	801	0	0
itlb_misses.walk_completed_1g:u	802	0	0
itlb_misses.walk_completed_1g:u	803	0	0
itlb_misses.walk_completed_1g:u	804	0	0
itlb_misses.walk_completed_1g:u	805	0	0
itlb_misses.walk_completed_1g:u	806	0	0
itlb_misses.walk_completed_1g:u	807	0	0
itlb_misses.walk_completed_1g:u	808	0	0
itlb_misses.walk_completed_1g:u	809	0	0
itlb_misses.walk_completed_1g:u	810	0	0
itlb_misses.walk_completed_1g:u	811	0	0
itlb_misses.walk_completed_1g:u	812	0	0
itlb_misses.walk_completed_1g:u	813	0	0
itlb_misses.walk_completed_1g:u	814	0	0
itlb_misses.walk_completed_1g:u	815	0	0
itlb_misses.walk_completed_1g:u	816	0	0
itlb_misses.walk_completed_1g:u	817	0	0
itlb_misses.walk_completed_1g:u	818	0	0
itlb_misses.walk_completed_1g:u	819	0	0
itlb_misses.walk_completed_1g:u	820	0	0
itlb_misses.walk_completed_1g:u	821	0	0
itlb_misses.walk_completed_1g:u	822	0	0
itlb_misses.walk_completed_1g:u	823	0	0
itlb_misses.walk_completed_1g:u	824	0	0
itlb_misses.walk_completed_1g:u	825	0	0
itlb_misses.walk_completed_1g:u	826	0	0
itlb_misses.walk_completed_1g:u	827	0	0
itlb_misses.walk_completed_1g:u	828	0	0
itlb_misses.walk_completed_1g:u	829	0	0
itlb_misses.walk_completed_1g:u	830	0	0
itlb_misses.walk_completed_1g:u	831	0	0
itlb_misses.walk_completed_1g:u	832	0	0
itlb_misses.walk_completed_1g:u	833	0	0
itlb_misses.walk_completed_1g:u	834	0	0
itlb_misses.walk_completed_1g:u	835	0	0
itlb_misses.walk_completed_1g:u	836	0	0
itlb_misses.walk_completed_1g:u	837	0	0
itlb_misses.walk_completed_1g:u	838	0	0
itlb_misses.walk_completed_1g:u	839	0	0
itlb_misses.walk_completed_1g:u	840	0	0
itlb_misses.walk_completed_1g:u	841	0	0
itlb_misses.walk_completed_1g:u	842	0	0
itlb_misses.walk_completed_1g:u	843	0	0
itlb_misses.walk_completed_1g:u	844	0	0
itlb_misses.walk_completed_1g:u	845	0	0
itlb_misses.walk_completed_1g:u	846	0	0
itlb_misses.walk_completed_1g:u	847	0	0
itlb_misses.walk_completed_1g:u	848	0	0
itlb_misses.walk_completed_1g:u	849	0	0
itlb_misses.walk_completed_1g:u	850	0	0
itlb_misses.walk_completed_1g:u	851	0	0
itlb_misses.walk_completed_1g:u	852	0	0
itlb_misses.walk_completed_1g:u	853	0	0
itlb_misses.walk_completed_1g:u	854	0	0
itlb_misses.walk_completed_1g:u	855	0	0
itlb_misses.walk_completed_1g:u	856	0	0
itlb_misses.walk_completed_1g:u	857	0	0
itlb_misses.walk_completed_1g:u	858	0	0
itlb_misses.walk_completed_1g:u	859	0	0
itlb_misses.walk_completed_1g:u	860	0	0
itlb_misses.walk_completed_1g:u	861	0	0
itlb_misses.walk_completed_1g:u	862	0	0
itlb_misses.walk_completed_1g:u	863	0	0
itlb_misses.walk_completed_1g:u	864	0	0
itlb_misses.walk_completed_1g:u	865	0	0
itlb_misses.walk_completed_1g:u	866	0	0
itlb_misses.walk_completed_1g:u	867	0	0
itlb_misses.walk_completed_1g:u	868	0	0
itlb_misses.walk_completed_1g:u	869	0	0
itlb_misses.walk_completed_1g:u	870	0	0
itlb_misses.walk_completed_1g:u	871	0	0
itlb_misses.walk_completed_1g:u	872	0	0
itlb_misses.walk_completed_1g:u	873	0	0
itlb_misses.walk_completed_1g:u	874	0	0
itlb_misses.walk_completed_1g:u	875	0	0
itlb_misses.walk_completed_1g:u	876	0	0
itlb_misses.walk_completed_1g:u	877	0	0
itlb_misses.walk_completed_1g:u	878	0	0
itlb_misses.walk_completed_1g:u	879	0	0
itlb_misses.walk_completed_1g:u	880	0	0
itlb_misses.walk_completed_1g:u	881	0	0
itlb_misses.walk_completed_1g:u	882	0	0
itlb_misses.walk_completed_1g:u	883	0	0
itlb_misses.walk_completed_1g:u	884	0	0
itlb_misses.walk_completed_1g:u	885	0	0
itlb_misses.walk_completed_1g:u	886	0	0
itlb_misses.walk_completed_1g:u	887	0	0
itlb_misses.walk_completed_1g:u	888	0	0
itlb_misses.walk_completed_1g:u	889	0	0
itlb_misses.walk_completed_1g:u	890	0	0
itlb_misses.walk_completed_1g:u	891	0	0
itlb_misses.walk_completed_1g:u	892	0	0
itlb_misses.walk_completed_1g:u	893	0	0
itlb_misses.walk_completed_1g:u	894	0	0
itlb_misses.walk_completed_1g:u	895	0	0
itlb_misses.walk_completed_1g:u	896	0	0
itlb_misses.walk_completed_1g:u	897	0	0
itlb_misses.walk_completed_1g:u	898	0	0
itlb_misses.walk_completed_1g:u	899	0	0
itlb_misses.walk_completed_1g:u	900	0	0
itlb_misses.walk_completed_1g:u	901	0	0
itlb_misses.walk_completed_1g:u	902	0	0
itlb_misses.walk_completed_1g:u	903	0	0
itlb_misses.walk_completed_1g:u	904	0	0
itlb_misses.walk_completed_1g:u	905	0	0
itlb_misses.walk_completed_1g:u	906	0	0
itlb_misses.walk_completed_1g:u	907	0	0
itlb_misses.walk_completed_1g:u	908	0	0
itlb_misses.walk_completed_1g:u	909	0	0
itlb_misses.walk_completed_1g:u	910	0	0
itlb_misses.walk_completed_1g:u	911	0	0
itlb_misses.walk_completed_1g:u	912	0	0
itlb_misses.walk_completed_1g:u	913	0	0
itlb_misses.walk_completed_1g:u	914	0	0
itlb_misses.walk_completed_1g:u	915	0	0
itlb_misses.walk_completed_1g:u	916	0	0
itlb_misses.walk_completed_1g:u	917	0	0
itlb_misses.walk_completed_1g:u	918	0	0
itlb_misses.walk_completed_1g:u	919	0	0
itlb_misses.walk_completed_1g:u	920	0	0
itlb_misses.walk_completed_1g:u	921	0	0
itlb_misses.walk_completed_1g:u	922	0	0
itlb_misses.walk_completed_1g:u	923	0	0
itlb_misses.walk_completed_1g:u	924	0	0
itlb_misses.walk_completed_1g:u	925	0	0
itlb_misses.walk_completed_1g:u	926	0	0
itlb_misses.walk_completed_1g:u	927	0	0
itlb_misses.walk_completed_1g:u	928	0	0
itlb_misses.walk_completed_1g:u	929	0	0
itlb_misses.walk_completed_1g:u	930	0	0
itlb_misses.walk_completed_1g:u	931	0	0
itlb_misses.walk_completed_1g:u	932	0	0
itlb_misses.walk_completed_1g:u	933	0	0
itlb_misses.walk_completed_1g:u	934	0	0
itlb_misses.walk_completed_1g:u	935	0	0
itlb_misses.walk_completed_1g:u	936	0	0
itlb_misses.walk_completed_1g:u	937	0	0
itlb_misses.walk_completed_1g:u	938	0	0
itlb_misses.walk_completed_1g:u	939	0	0
itlb_misses.walk_completed_1g:u	940	0	0
itlb_misses.walk_completed_1g:u	941	0	0
itlb_misses.walk_completed_1g:u	942	0	0
itlb_misses.walk_completed_1g:u	943	0	0
itlb_misses.walk_completed_1g:u	944	0	0
itlb_misses.walk_completed_1g:u	945	0	0
itlb_misses.walk_completed_1g:u	946	0	0
itlb_misses.walk_completed_1g:u	947	0	0
itlb_misses.walk_completed_1g:u	948	0	0
itlb_misses.walk_completed_1g:u	949	0	0
itlb_misses.walk_completed_1g:u	950	0	0
itlb_misses.walk_completed_1g:u	951	0	0
itlb_misses.walk_completed_1g:u	952	0	0
itlb_misses.walk_completed_1g:u	953	0	0
itlb_misses.walk_completed_1g:u	954	0	0
itlb_misses.walk_completed_1g:u	955	0	0
itlb_misses.walk_completed_1g:u	956	0	0
itlb_misses.walk_completed_1g:u	957	0	0
itlb_misses.walk_completed_1g:u	958	0	0
itlb_misses.walk_completed_1g:u	959	0	0
itlb_misses.walk_completed_1g:u	960	0	0
itlb_misses.walk_completed_1g:u	961	0	0
itlb_misses.walk_completed_1g:u	962	0	0
itlb_misses.walk_completed_1g:u	963	0	0
itlb_misses.walk_completed_1g:u	964	0	0
itlb_misses.walk_completed_1g:u	965	0	0
itlb_misses.walk_completed_1g:u	966	0	0
itlb_misses.walk_completed_1g:u	967	0	0
itlb_misses.walk_completed_1g:u	968	0	0
itlb_misses.walk_completed_1g:u	969	0	0
itlb_misses.walk_completed_1g:u	970	0	0
itlb_misses.walk_completed_1g:u	971	0	0
itlb_misses.walk_completed_1g:u	972	0	0
itlb_misses.walk_completed_1g:u	973	0	0
itlb_misses.walk_completed_1g:u	974	0	0
itlb_misses.walk_completed_1g:u	975	0	0
itlb_misses.walk_completed_1g:u	976	0	0
itlb_misses.walk_completed_1g:u	977	0	0
itlb_misses.walk_completed_1g:u	978	0	0
itlb_misses.walk_completed_1g:u	979	0	0
itlb_misses.walk_completed_1g:u	980	0	0
itlb_misses.walk_completed_1g:u	981	0	0
itlb_misses.walk_completed_1g:u	982	0	0
itlb_misses.walk_completed_1g:u	983	0	0
itlb_misses.walk_completed_1g:u	984	0	0
itlb_misses.walk_completed_1g:u	985	0	0
itlb_misses.walk_completed_1g:u	986	0	0
itlb_misses.walk_completed_1g:u	987	0	0
itlb_misses.walk_completed_1g:u	988	0	0
itlb_misses.walk_completed_1g:u	989	0	0
itlb_misses.walk_completed_1g:u	990	0	0
itlb_misses.walk_completed_1g:u	991	0	0
itlb_misses.walk_completed_1g:u	992	0	0
itlb_misses.walk_completed_1g:u	993	0	0
itlb_misses.walk_completed_1g:u	994	0	0
itlb_misses.walk_completed_1g:u	995	0	0
itlb_misses.walk_completed_1g:u	996	0	0
itlb_misses.walk_completed_1g:u	997	0	0
itlb_misses.walk_completed_1g:u	998	0	0
itlb_misses.walk_completed_1g:u	999	0	0
itlb_misses.walk_completed_1g:u	1000	0	0
