event	round	count	exit
el-start:u	1	0	0
el-start:u	2	0	0
el-start:u	3	0	0
el-start:u	4	0	0
el-start:u	5	0	0
el-start:u	6	0	0
el-start:u	7	0	0
el-start:u	8	0	0
el-start:u	9	0	0
el-start:u	10	0	0
el-start:u	11	0	0
el-start:u	12	0	0
el-start:u	13	0	0
el-start:u	14	0	0
el-start:u	15	0	0
el-start:u	16	0	0
el-start:u	17	0	0
el-start:u	18	0	0
el-start:u	19	0	0
el-start:u	20	0	0
el-start:u	21	0	0
el-start:u	22	0	0
el-start:u	23	0	0
el-start:u	24	0	0
el-start:u	25	0	0
el-start:u	26	0	0
el-start:u	27	0	0
el-start:u	28	0	0
el-start:u	29	0	0
el-start:u	30	0	0
el-start:u	31	0	0
el-start:u	32	0	0
el-start:u	33	0	0
el-start:u	34	0	0
el-start:u	35	0	0
el-start:u	36	0	0
el-start:u	37	0	0
el-start:u	38	0	0
el-start:u	39	0	0
el-start:u	40	0	0
el-start:u	41	0	0
el-start:u	42	0	0
el-start:u	43	0	0
el-start:u	44	0	0
el-start:u	45	0	0
el-start:u	46	0	0
el-start:u	47	0	0
el-start:u	48	0	0
el-start:u	49	0	0
el-start:u	50	0	0
el-start:u	51	0	0
el-start:u	52	0	0
el-start:u	53	0	0
el-start:u	54	0	0
el-start:u	55	0	0
el-start:u	56	0	0
el-start:u	57	0	0
el-start:u	58	0	0
el-start:u	59	0	0
el-start:u	60	0	0
el-start:u	61	0	0
el-start:u	62	0	0
el-start:u	63	0	0
el-start:u	64	0	0
el-start:u	65	0	0
el-start:u	66	0	0
el-start:u	67	0	0
el-start:u	68	0	0
el-start:u	69	0	0
el-start:u	70	0	0
el-start:u	71	0	0
el-start:u	72	0	0
el-start:u	73	0	0
el-start:u	74	0	0
el-start:u	75	0	0
el-start:u	76	0	0
el-start:u	77	0	0
el-start:u	78	0	0
el-start:u	79	0	0
el-start:u	80	0	0
el-start:u	81	0	0
el-start:u	82	0	0
el-start:u	83	0	0
el-start:u	84	0	0
el-start:u	85	0	0
el-start:u	86	0	0
el-start:u	87	0	0
el-start:u	88	0	0
el-start:u	89	0	0
el-start:u	90	0	0
el-start:u	91	0	0
el-start:u	92	0	0
el-start:u	93	0	0
el-start:u	94	0	0
el-start:u	95	0	0
el-start:u	96	0	0
el-start:u	97	0	0
el-start:u	98	0	0
el-start:u	99	0	0
el-start:u	100	0	0
el-start:u	101	0	0
el-start:u	102	0	0
el-start:u	103	0	0
el-start:u	104	0	0
el-start:u	105	0	0
el-start:u	106	0	0
el-start:u	107	0	0
el-start:u	108	0	0
el-start:u	109	0	0
el-start:u	110	0	0
el-start:u	111	0	0
el-start:u	112	0	0
el-start:u	113	0	0
el-start:u	114	0	0
el-start:u	115	0	0
el-start:u	116	0	0
el-start:u	117	0	0
el-start:u	118	0	0
el-start:u	119	0	0
el-start:u	120	0	0
el-start:u	121	0	0
el-start:u	122	0	0
el-start:u	123	0	0
el-start:u	124	0	0
el-start:u	125	0	0
el-start:u	126	0	0
el-start:u	127	0	0
el-start:u	128	0	0
el-start:u	129	0	0
el-start:u	130	0	0
el-start:u	131	0	0
el-start:u	132	0	0
el-start:u	133	0	0
el-start:u	134	0	0
el-start:u	135	0	0
el-start:u	136	0	0
el-start:u	137	0	0
el-start:u	138	0	0
el-start:u	139	0	0
el-start:u	140	0	0
el-start:u	141	0	0
el-start:u	142	0	0
el-start:u	143	0	0
el-start:u	144	0	0
el-start:u	145	0	0
el-start:u	146	0	0
el-start:u	147	0	0
el-start:u	148	0	0
el-start:u	149	0	0
el-start:u	150	0	0
el-start:u	151	0	0
el-start:u	152	0	0
el-start:u	153	0	0
el-start:u	154	0	0
el-start:u	155	0	0
el-start:u	156	0	0
el-start:u	157	0	0
el-start:u	158	0	0
el-start:u	159	0	0
el-start:u	160	0	0
el-start:u	161	0	0
el-start:u	162	0	0
el-start:u	163	0	0
el-start:u	164	0	0
el-start:u	165	0	0
el-start:u	166	0	0
el-start:u	167	0	0
el-start:u	168	0	0
el-start:u	169	0	0
el-start:u	170	0	0
el-start:u	171	0	0
el-start:u	172	0	0
el-start:u	173	0	0
el-start:u	174	0	0
el-start:u	175	0	0
el-start:u	176	0	0
el-start:u	177	0	0
el-start:u	178	0	0
el-start:u	179	0	0
el-start:u	180	0	0
el-start:u	181	0	0
el-start:u	182	0	0
el-start:u	183	0	0
el-start:u	184	0	0
el-start:u	185	0	0
el-start:u	186	0	0
el-start:u	187	0	0
el-start:u	188	0	0
el-start:u	189	0	0
el-start:u	190	0	0
el-start:u	191	0	0
el-start:u	192	0	0
el-start:u	193	0	0
el-start:u	194	0	0
el-start:u	195	0	0
el-start:u	196	0	0
el-start:u	197	0	0
el-start:u	198	0	0
el-start:u	199	0	0
el-start:u	200	0	0
el-start:u	201	0	0
el-start:u	202	0	0
el-start:u	203	0	0
el-start:u	204	0	0
el-start:u	205	0	0
el-start:u	206	0	0
el-start:u	207	0	0
el-start:u	208	0	0
el-start:u	209	0	0
el-start:u	210	0	0
el-start:u	211	0	0
el-start:u	212	0	0
el-start:u	213	0	0
el-start:u	214	0	0
el-start:u	215	0	0
el-start:u	216	0	0
el-start:u	217	0	0
el-start:u	218	0	0
el-start:u	219	0	0
el-start:u	220	0	0
el-start:u	221	0	0
el-start:u	222	0	0
el-start:u	223	0	0
el-start:u	224	0	0
el-start:u	225	0	0
el-start:u	226	0	0
el-start:u	227	0	0
el-start:u	228	0	0
el-start:u	229	0	0
el-start:u	230	0	0
el-start:u	231	0	0
el-start:u	232	0	0
el-start:u	233	0	0
el-start:u	234	0	0
el-start:u	235	0	0
el-start:u	236	0	0
el-start:u	237	0	0
el-start:u	238	0	0
el-start:u	239	0	0
el-start:u	240	0	0
el-start:u	241	0	0
el-start:u	242	0	0
el-start:u	243	0	0
el-start:u	244	0	0
el-start:u	245	0	0
el-start:u	246	0	0
el-start:u	247	0	0
el-start:u	248	0	0
el-start:u	249	0	0
el-start:u	250	0	0
el-start:u	251	0	0
el-start:u	252	0	0
el-start:u	253	0	0
el-start:u	254	0	0
el-start:u	255	0	0
el-start:u	256	0	0
el-start:u	257	0	0
el-start:u	258	0	0
el-start:u	259	0	0
el-start:u	260	0	0
el-start:u	261	0	0
el-start:u	262	0	0
el-start:u	263	0	0
el-start:u	264	0	0
el-start:u	265	0	0
el-start:u	266	0	0
el-start:u	267	0	0
el-start:u	268	0	0
el-start:u	269	0	0
el-start:u	270	0	0
el-start:u	271	0	0
el-start:u	272	0	0
el-start:u	273	0	0
el-start:u	274	0	0
el-start:u	275	0	0
el-start:u	276	0	0
el-start:u	277	0	0
el-start:u	278	0	0
el-start:u	279	0	0
el-start:u	280	0	0
el-start:u	281	0	0
el-start:u	282	0	0
el-start:u	283	0	0
el-start:u	284	0	0
el-start:u	285	0	0
el-start:u	286	0	0
el-start:u	287	0	0
el-start:u	288	0	0
el-start:u	289	0	0
el-start:u	290	0	0
el-start:u	291	0	0
el-start:u	292	0	0
el-start:u	293	0	0
el-start:u	294	0	0
el-start:u	295	0	0
el-start:u	296	0	0
el-start:u	297	0	0
el-start:u	298	0	0
el-start:u	299	0	0
el-start:u	300	0	0
el-start:u	301	0	0
el-start:u	302	0	0
el-start:u	303	0	0
el-start:u	304	0	0
el-start:u	305	0	0
el-start:u	306	0	0
el-start:u	307	0	0
el-start:u	308	0	0
el-start:u	309	0	0
el-start:u	310	0	0
el-start:u	311	0	0
el-start:u	312	0	0
el-start:u	313	0	0
el-start:u	314	0	0
el-start:u	315	0	0
el-start:u	316	0	0
el-start:u	317	0	0
el-start:u	318	0	0
el-start:u	319	0	0
el-start:u	320	0	0
el-start:u	321	0	0
el-start:u	322	0	0
el-start:u	323	0	0
el-start:u	324	0	0
el-start:u	325	0	0
el-start:u	326	0	0
el-start:u	327	0	0
el-start:u	328	0	0
el-start:u	329	0	0
el-start:u	330	0	0
el-start:u	331	0	0
el-start:u	332	0	0
el-start:u	333	0	0
el-start:u	334	0	0
el-start:u	335	0	0
el-start:u	336	0	0
el-start:u	337	0	0
el-start:u	338	0	0
el-start:u	339	0	0
el-start:u	340	0	0
el-start:u	341	0	0
el-start:u	342	0	0
el-start:u	343	0	0
el-start:u	344	0	0
el-start:u	345	0	0
el-start:u	346	0	0
el-start:u	347	0	0
el-start:u	348	0	0
el-start:u	349	0	0
el-start:u	350	0	0
el-start:u	351	0	0
el-start:u	352	0	0
el-start:u	353	0	0
el-start:u	354	0	0
el-start:u	355	0	0
el-start:u	356	0	0
el-start:u	357	0	0
el-start:u	358	0	0
el-start:u	359	0	0
el-start:u	360	0	0
el-start:u	361	0	0
el-start:u	362	0	0
el-start:u	363	0	0
el-start:u	364	0	0
el-start:u	365	0	0
el-start:u	366	0	0
el-start:u	367	0	0
el-start:u	368	0	0
el-start:u	369	0	0
el-start:u	370	0	0
el-start:u	371	0	0
el-start:u	372	0	0
el-start:u	373	0	0
el-start:u	374	0	0
el-start:u	375	0	0
el-start:u	376	0	0
el-start:u	377	0	0
el-start:u	378	0	0
el-start:u	379	0	0
el-start:u	380	0	0
el-start:u	381	0	0
el-start:u	382	0	0
el-start:u	383	0	0
el-start:u	384	0	0
el-start:u	385	0	0
el-start:u	386	0	0
el-start:u	387	0	0
el-start:u	388	0	0
el-start:u	389	0	0
el-start:u	390	0	0
el-start:u	391	0	0
el-start:u	392	0	0
el-start:u	393	0	0
el-start:u	394	0	0
el-start:u	395	0	0
el-start:u	396	0	0
el-start:u	397	0	0
el-start:u	398	0	0
el-start:u	399	0	0
el-start:u	400	0	0
el-start:u	401	0	0
el-start:u	402	0	0
el-start:u	403	0	0
el-start:u	404	0	0
el-start:u	405	0	0
el-start:u	406	0	0
el-start:u	407	0	0
el-start:u	408	0	0
el-start:u	409	0	0
el-start:u	410	0	0
el-start:u	411	0	0
el-start:u	412	0	0
el-start:u	413	0	0
el-start:u	414	0	0
el-start:u	415	0	0
el-start:u	416	0	0
el-start:u	417	0	0
el-start:u	418	0	0
el-start:u	419	0	0
el-start:u	420	0	0
el-start:u	421	0	0
el-start:u	422	0	0
el-start:u	423	0	0
el-start:u	424	0	0
el-start:u	425	0	0
el-start:u	426	0	0
el-start:u	427	0	0
el-start:u	428	0	0
el-start:u	429	0	0
el-start:u	430	0	0
el-start:u	431	0	0
el-start:u	432	0	0
el-start:u	433	0	0
el-start:u	434	0	0
el-start:u	435	0	0
el-start:u	436	0	0
el-start:u	437	0	0
el-start:u	438	0	0
el-start:u	439	0	0
el-start:u	440	0	0
el-start:u	441	0	0
el-start:u	442	0	0
el-start:u	443	0	0
el-start:u	444	0	0
el-start:u	445	0	0
el-start:u	446	0	0
el-start:u	447	0	0
el-start:u	448	0	0
el-start:u	449	0	0
el-start:u	450	0	0
el-start:u	451	0	0
el-start:u	452	0	0
el-start:u	453	0	0
el-start:u	454	0	0
el-start:u	455	0	0
el-start:u	456	0	0
el-start:u	457	0	0
el-start:u	458	0	0
el-start:u	459	0	0
el-start:u	460	0	0
el-start:u	461	0	0
el-start:u	462	0	0
el-start:u	463	0	0
el-start:u	464	0	0
el-start:u	465	0	0
el-start:u	466	0	0
el-start:u	467	0	0
el-start:u	468	0	0
el-start:u	469	0	0
el-start:u	470	0	0
el-start:u	471	0	0
el-start:u	472	0	0
el-start:u	473	0	0
el-start:u	474	0	0
el-start:u	475	0	0
el-start:u	476	0	0
el-start:u	477	0	0
el-start:u	478	0	0
el-start:u	479	0	0
el-start:u	480	0	0
el-start:u	481	0	0
el-start:u	482	0	0
el-start:u	483	0	0
el-start:u	484	0	0
el-start:u	485	0	0
el-start:u	486	0	0
el-start:u	487	0	0
el-start:u	488	0	0
el-start:u	489	0	0
el-start:u	490	0	0
el-start:u	491	0	0
el-start:u	492	0	0
el-start:u	493	0	0
el-start:u	494	0	0
el-start:u	495	0	0
el-start:u	496	0	0
el-start:u	497	0	0
el-start:u	498	0	0
el-start:u	499	0	0
el-start:u	500	0	0
el-start:u	501	0	0
el-start:u	502	0	0
el-start:u	503	0	0
el-start:u	504	0	0
el-start:u	505	0	0
el-start:u	506	0	0
el-start:u	507	0	0
el-start:u	508	0	0
el-start:u	509	0	0
el-start:u	510	0	0
el-start:u	511	0	0
el-start:u	512	0	0
el-start:u	513	0	0
el-start:u	514	0	0
el-start:u	515	0	0
el-start:u	516	0	0
el-start:u	517	0	0
el-start:u	518	0	0
el-start:u	519	0	0
el-start:u	520	0	0
el-start:u	521	0	0
el-start:u	522	0	0
el-start:u	523	0	0
el-start:u	524	0	0
el-start:u	525	0	0
el-start:u	526	0	0
el-start:u	527	0	0
el-start:u	528	0	0
el-start:u	529	0	0
el-start:u	530	0	0
el-start:u	531	0	0
el-start:u	532	0	0
el-start:u	533	0	0
el-start:u	534	0	0
el-start:u	535	0	0
el-start:u	536	0	0
el-start:u	537	0	0
el-start:u	538	0	0
el-start:u	539	0	0
el-start:u	540	0	0
el-start:u	541	0	0
el-start:u	542	0	0
el-start:u	543	0	0
el-start:u	544	0	0
el-start:u	545	0	0
el-start:u	546	0	0
el-start:u	547	0	0
el-start:u	548	0	0
el-start:u	549	0	0
el-start:u	550	0	0
el-start:u	551	0	0
el-start:u	552	0	0
el-start:u	553	0	0
el-start:u	554	0	0
el-start:u	555	0	0
el-start:u	556	0	0
el-start:u	557	0	0
el-start:u	558	0	0
el-start:u	559	0	0
el-start:u	560	0	0
el-start:u	561	0	0
el-start:u	562	0	0
el-start:u	563	0	0
el-start:u	564	0	0
el-start:u	565	0	0
el-start:u	566	0	0
el-start:u	567	0	0
el-start:u	568	0	0
el-start:u	569	0	0
el-start:u	570	0	0
el-start:u	571	0	0
el-start:u	572	0	0
el-start:u	573	0	0
el-start:u	574	0	0
el-start:u	575	0	0
el-start:u	576	0	0
el-start:u	577	0	0
el-start:u	578	0	0
el-start:u	579	0	0
el-start:u	580	0	0
el-start:u	581	0	0
el-start:u	582	0	0
el-start:u	583	0	0
el-start:u	584	0	0
el-start:u	585	0	0
el-start:u	586	0	0
el-start:u	587	0	0
el-start:u	588	0	0
el-start:u	589	0	0
el-start:u	590	0	0
el-start:u	591	0	0
el-start:u	592	0	0
el-start:u	593	0	0
el-start:u	594	0	0
el-start:u	595	0	0
el-start:u	596	0	0
el-start:u	597	0	0
el-start:u	598	0	0
el-start:u	599	0	0
el-start:u	600	0	0
el-start:u	601	0	0
el-start:u	602	0	0
el-start:u	603	0	0
el-start:u	604	0	0
el-start:u	605	0	0
el-start:u	606	0	0
el-start:u	607	0	0
el-start:u	608	0	0
el-start:u	609	0	0
el-start:u	610	0	0
el-start:u	611	0	0
el-start:u	612	0	0
el-start:u	613	0	0
el-start:u	614	0	0
el-start:u	615	0	0
el-start:u	616	0	0
el-start:u	617	0	0
el-start:u	618	0	0
el-start:u	619	0	0
el-start:u	620	0	0
el-start:u	621	0	0
el-start:u	622	0	0
el-start:u	623	0	0
el-start:u	624	0	0
el-start:u	625	0	0
el-start:u	626	0	0
el-start:u	627	0	0
el-start:u	628	0	0
el-start:u	629	0	0
el-start:u	630	0	0
el-start:u	631	0	0
el-start:u	632	0	0
el-start:u	633	0	0
el-start:u	634	0	0
el-start:u	635	0	0
el-start:u	636	0	0
el-start:u	637	0	0
el-start:u	638	0	0
el-start:u	639	0	0
el-start:u	640	0	0
el-start:u	641	0	0
el-start:u	642	0	0
el-start:u	643	0	0
el-start:u	644	0	0
el-start:u	645	0	0
el-start:u	646	0	0
el-start:u	647	0	0
el-start:u	648	0	0
el-start:u	649	0	0
el-start:u	650	0	0
el-start:u	651	0	0
el-start:u	652	0	0
el-start:u	653	0	0
el-start:u	654	0	0
el-start:u	655	0	0
el-start:u	656	0	0
el-start:u	657	0	0
el-start:u	658	0	0
el-start:u	659	0	0
el-start:u	660	0	0
el-start:u	661	0	0
el-start:u	662	0	0
el-start:u	663	0	0
el-start:u	664	0	0
el-start:u	665	0	0
el-start:u	666	0	0
el-start:u	667	0	0
el-start:u	668	0	0
el-start:u	669	0	0
el-start:u	670	0	0
el-start:u	671	0	0
el-start:u	672	0	0
el-start:u	673	0	0
el-start:u	674	0	0
el-start:u	675	0	0
el-start:u	676	0	0
el-start:u	677	0	0
el-start:u	678	0	0
el-start:u	679	0	0
el-start:u	680	0	0
el-start:u	681	0	0
el-start:u	682	0	0
el-start:u	683	0	0
el-start:u	684	0	0
el-start:u	685	0	0
el-start:u	686	0	0
el-start:u	687	0	0
el-start:u	688	0	0
el-start:u	689	0	0
el-start:u	690	0	0
el-start:u	691	0	0
el-start:u	692	0	0
el-start:u	693	0	0
el-start:u	694	0	0
el-start:u	695	0	0
el-start:u	696	0	0
el-start:u	697	0	0
el-start:u	698	0	0
el-start:u	699	0	0
el-start:u	700	0	0
el-start:u	701	0	0
el-start:u	702	0	0
el-start:u	703	0	0
el-start:u	704	0	0
el-start:u	705	0	0
el-start:u	706	0	0
el-start:u	707	0	0
el-start:u	708	0	0
el-start:u	709	0	0
el-start:u	710	0	0
el-start:u	711	0	0
el-start:u	712	0	0
el-start:u	713	0	0
el-start:u	714	0	0
el-start:u	715	0	0
el-start:u	716	0	0
el-start:u	717	0	0
el-start:u	718	0	0
el-start:u	719	0	0
el-start:u	720	0	0
el-start:u	721	0	0
el-start:u	722	0	0
el-start:u	723	0	0
el-start:u	724	0	0
el-start:u	725	0	0
el-start:u	726	0	0
el-start:u	727	0	0
el-start:u	728	0	0
el-start:u	729	0	0
el-start:u	730	0	0
el-start:u	731	0	0
el-start:u	732	0	0
el-start:u	733	0	0
el-start:u	734	0	0
el-start:u	735	0	0
el-start:u	736	0	0
el-start:u	737	0	0
el-start:u	738	0	0
el-start:u	739	0	0
el-start:u	740	0	0
el-start:u	741	0	0
el-start:u	742	0	0
el-start:u	743	0	0
el-start:u	744	0	0
el-start:u	745	0	0
el-start:u	746	0	0
el-start:u	747	0	0
el-start:u	748	0	0
el-start:u	749	0	0
el-start:u	750	0	0
el-start:u	751	0	0
el-start:u	752	0	0
el-start:u	753	0	0
el-start:u	754	0	0
el-start:u	755	0	0
el-start:u	756	0	0
el-start:u	757	0	0
el-start:u	758	0	0
el-start:u	759	0	0
el-start:u	760	0	0
el-start:u	761	0	0
el-start:u	762	0	0
el-start:u	763	0	0
el-start:u	764	0	0
el-start:u	765	0	0
el-start:u	766	0	0
el-start:u	767	0	0
el-start:u	768	0	0
el-start:u	769	0	0
el-start:u	770	0	0
el-start:u	771	0	0
el-start:u	772	0	0
el-start:u	773	0	0
el-start:u	774	0	0
el-start:u	775	0	0
el-start:u	776	0	0
el-start:u	777	0	0
el-start:u	778	0	0
el-start:u	779	0	0
el-start:u	780	0	0
el-start:u	781	0	0
el-start:u	782	0	0
el-start:u	783	0	0
el-start:u	784	0	0
el-start:u	785	0	0
el-start:u	786	0	0
el-start:u	787	0	0
el-start:u	788	0	0
el-start:u	789	0	0
el-start:u	790	0	0
el-start:u	791	0	0
el-start:u	792	0	0
el-start:u	793	0	0
el-start:u	794	0	0
el-start:u	795	0	0
el-start:u	796	0	0
el-start:u	797	0	0
el-start:u	798	0	0
el-start:u	799	0	0
el-start:u	800	0	0
el-start:u	801	0	0
el-start:u	802	0	0
el-start:u	803	0	0
el-start:u	804	0	0
el-start:u	805	0	0
el-start:u	806	0	0
el-start:u	807	0	0
el-start:u	808	0	0
el-start:u	809	0	0
el-start:u	810	0	0
el-start:u	811	0	0
el-start:u	812	0	0
el-start:u	813	0	0
el-start:u	814	0	0
el-start:u	815	0	0
el-start:u	816	0	0
el-start:u	817	0	0
el-start:u	818	0	0
el-start:u	819	0	0
el-start:u	820	0	0
el-start:u	821	0	0
el-start:u	822	0	0
el-start:u	823	0	0
el-start:u	824	0	0
el-start:u	825	0	0
el-start:u	826	0	0
el-start:u	827	0	0
el-start:u	828	0	0
el-start:u	829	0	0
el-start:u	830	0	0
el-start:u	831	0	0
el-start:u	832	0	0
el-start:u	833	0	0
el-start:u	834	0	0
el-start:u	835	0	0
el-start:u	836	0	0
el-start:u	837	0	0
el-start:u	838	0	0
el-start:u	839	0	0
el-start:u	840	0	0
el-start:u	841	0	0
el-start:u	842	0	0
el-start:u	843	0	0
el-start:u	844	0	0
el-start:u	845	0	0
el-start:u	846	0	0
el-start:u	847	0	0
el-start:u	848	0	0
el-start:u	849	0	0
el-start:u	850	0	0
el-start:u	851	0	0
el-start:u	852	0	0
el-start:u	853	0	0
el-start:u	854	0	0
el-start:u	855	0	0
el-start:u	856	0	0
el-start:u	857	0	0
el-start:u	858	0	0
el-start:u	859	0	0
el-start:u	860	0	0
el-start:u	861	0	0
el-start:u	862	0	0
el-start:u	863	0	0
el-start:u	864	0	0
el-start:u	865	0	0
el-start:u	866	0	0
el-start:u	867	0	0
el-start:u	868	0	0
el-start:u	869	0	0
el-start:u	870	0	0
el-start:u	871	0	0
el-start:u	872	0	0
el-start:u	873	0	0
el-start:u	874	0	0
el-start:u	875	0	0
el-start:u	876	0	0
el-start:u	877	0	0
el-start:u	878	0	0
el-start:u	879	0	0
el-start:u	880	0	0
el-start:u	881	0	0
el-start:u	882	0	0
el-start:u	883	0	0
el-start:u	884	0	0
el-start:u	885	0	0
el-start:u	886	0	0
el-start:u	887	0	0
el-start:u	888	0	0
el-start:u	889	0	0
el-start:u	890	0	0
el-start:u	891	0	0
el-start:u	892	0	0
el-start:u	893	0	0
el-start:u	894	0	0
el-start:u	895	0	0
el-start:u	896	0	0
el-start:u	897	0	0
el-start:u	898	0	0
el-start:u	899	0	0
el-start:u	900	0	0
el-start:u	901	0	0
el-start:u	902	0	0
el-start:u	903	0	0
el-start:u	904	0	0
el-start:u	905	0	0
el-start:u	906	0	0
el-start:u	907	0	0
el-start:u	908	0	0
el-start:u	909	0	0
el-start:u	910	0	0
el-start:u	911	0	0
el-start:u	912	0	0
el-start:u	913	0	0
el-start:u	914	0	0
el-start:u	915	0	0
el-start:u	916	0	0
el-start:u	917	0	0
el-start:u	918	0	0
el-start:u	919	0	0
el-start:u	920	0	0
el-start:u	921	0	0
el-start:u	922	0	0
el-start:u	923	0	0
el-start:u	924	0	0
el-start:u	925	0	0
el-start:u	926	0	0
el-start:u	927	0	0
el-start:u	928	0	0
el-start:u	929	0	0
el-start:u	930	0	0
el-start:u	931	0	0
el-start:u	932	0	0
el-start:u	933	0	0
el-start:u	934	0	0
el-start:u	935	0	0
el-start:u	936	0	0
el-start:u	937	0	0
el-start:u	938	0	0
el-start:u	939	0	0
el-start:u	940	0	0
el-start:u	941	0	0
el-start:u	942	0	0
el-start:u	943	0	0
el-start:u	944	0	0
el-start:u	945	0	0
el-start:u	946	0	0
el-start:u	947	0	0
el-start:u	948	0	0
el-start:u	949	0	0
el-start:u	950	0	0
el-start:u	951	0	0
el-start:u	952	0	0
el-start:u	953	0	0
el-start:u	954	0	0
el-start:u	955	0	0
el-start:u	956	0	0
el-start:u	957	0	0
el-start:u	958	0	0
el-start:u	959	0	0
el-start:u	960	0	0
el-start:u	961	0	0
el-start:u	962	0	0
el-start:u	963	0	0
el-start:u	964	0	0
el-start:u	965	0	0
el-start:u	966	0	0
el-start:u	967	0	0
el-start:u	968	0	0
el-start:u	969	0	0
el-start:u	970	0	0
el-start:u	971	0	0
el-start:u	972	0	0
el-start:u	973	0	0
el-start:u	974	0	0
el-start:u	975	0	0
el-start:u	976	0	0
el-start:u	977	0	0
el-start:u	978	0	0
el-start:u	979	0	0
el-start:u	980	0	0
el-start:u	981	0	0
el-start:u	982	0	0
el-start:u	983	0	0
el-start:u	984	0	0
el-start:u	985	0	0
el-start:u	986	0	0
el-start:u	987	0	0
el-start:u	988	0	0
el-start:u	989	0	0
el-start:u	990	0	0
el-start:u	991	0	0
el-start:u	992	0	0
el-start:u	993	0	0
el-start:u	994	0	0
el-start:u	995	0	0
el-start:u	996	0	0
el-start:u	997	0	0
el-start:u	998	0	0
el-start:u	999	0	0
el-start:u	1000	0	0
l2_lines_in.all:u	1	613533	0
l2_lines_in.all:u	2	606806	0
l2_rqsts.rfo_miss:u	1	99998	0
l2_rqsts.rfo_miss:u	2	99995	0
mem_load_l3_miss_retired.remote_hitm:u	1	0	0
mem_load_l3_miss_retired.remote_hitm:u	2	0	0
mem_load_l3_miss_retired.remote_hitm:u	3	0	0
mem_load_l3_miss_retired.remote_hitm:u	4	0	0
mem_load_l3_miss_retired.remote_hitm:u	5	0	0
mem_load_l3_miss_retired.remote_hitm:u	6	0	0
mem_load_l3_miss_retired.remote_hitm:u	7	0	0
mem_load_l3_miss_retired.remote_hitm:u	8	0	0
mem_load_l3_miss_retired.remote_hitm:u	9	0	0
mem_load_l3_miss_retired.remote_hitm:u	10	0	0
mem_load_l3_miss_retired.remote_hitm:u	11	0	0
mem_load_l3_miss_retired.remote_hitm:u	12	0	0
mem_load_l3_miss_retired.remote_hitm:u	13	0	0
mem_load_l3_miss_retired.remote_hitm:u	14	0	0
mem_load_l3_miss_retired.remote_hitm:u	15	0	0
mem_load_l3_miss_retired.remote_hitm:u	16	0	0
mem_load_l3_miss_retired.remote_hitm:u	17	0	0
mem_load_l3_miss_retired.remote_hitm:u	18	0	0
mem_load_l3_miss_retired.remote_hitm:u	19	0	0
mem_load_l3_miss_retired.remote_hitm:u	20	0	0
mem_load_l3_miss_retired.remote_hitm:u	21	0	0
mem_load_l3_miss_retired.remote_hitm:u	22	0	0
mem_load_l3_miss_retired.remote_hitm:u	23	0	0
mem_load_l3_miss_retired.remote_hitm:u	24	0	0
mem_load_l3_miss_retired.remote_hitm:u	25	0	0
mem_load_l3_miss_retired.remote_hitm:u	26	0	0
mem_load_l3_miss_retired.remote_hitm:u	27	0	0
mem_load_l3_miss_retired.remote_hitm:u	28	0	0
mem_load_l3_miss_retired.remote_hitm:u	29	0	0
mem_load_l3_miss_retired.remote_hitm:u	30	0	0
mem_load_l3_miss_retired.remote_hitm:u	31	0	0
mem_load_l3_miss_retired.remote_hitm:u	32	0	0
mem_load_l3_miss_retired.remote_hitm:u	33	0	0
mem_load_l3_miss_retired.remote_hitm:u	34	0	0
mem_load_l3_miss_retired.remote_hitm:u	35	0	0
mem_load_l3_miss_retired.remote_hitm:u	36	0	0
mem_load_l3_miss_retired.remote_hitm:u	37	0	0
mem_load_l3_miss_retired.remote_hitm:u	38	0	0
mem_load_l3_miss_retired.remote_hitm:u	39	0	0
mem_load_l3_miss_retired.remote_hitm:u	40	0	0
mem_load_l3_miss_retired.remote_hitm:u	41	0	0
mem_load_l3_miss_retired.remote_hitm:u	42	0	0
mem_load_l3_miss_retired.remote_hitm:u	43	0	0
mem_load_l3_miss_retired.remote_hitm:u	44	0	0
mem_load_l3_miss_retired.remote_hitm:u	45	0	0
mem_load_l3_miss_retired.remote_hitm:u	46	0	0
mem_load_l3_miss_retired.remote_hitm:u	47	0	0
mem_load_l3_miss_retired.remote_hitm:u	48	0	0
mem_load_l3_miss_retired.remote_hitm:u	49	0	0
mem_load_l3_miss_retired.remote_hitm:u	50	0	0
mem_load_l3_miss_retired.remote_hitm:u	51	0	0
mem_load_l3_miss_retired.remote_hitm:u	52	0	0
mem_load_l3_miss_retired.remote_hitm:u	53	0	0
mem_load_l3_miss_retired.remote_hitm:u	54	0	0
mem_load_l3_miss_retired.remote_hitm:u	55	0	0
mem_load_l3_miss_retired.remote_hitm:u	56	0	0
mem_load_l3_miss_retired.remote_hitm:u	57	0	0
mem_load_l3_miss_retired.remote_hitm:u	58	0	0
mem_load_l3_miss_retired.remote_hitm:u	59	0	0
mem_load_l3_miss_retired.remote_hitm:u	60	0	0
mem_load_l3_miss_retired.remote_hitm:u	61	0	0
mem_load_l3_miss_retired.remote_hitm:u	62	0	0
mem_load_l3_miss_retired.remote_hitm:u	63	0	0
mem_load_l3_miss_retired.remote_hitm:u	64	0	0
mem_load_l3_miss_retired.remote_hitm:u	65	0	0
mem_load_l3_miss_retired.remote_hitm:u	66	0	0
mem_load_l3_miss_retired.remote_hitm:u	67	0	0
mem_load_l3_miss_retired.remote_hitm:u	68	0	0
mem_load_l3_miss_retired.remote_hitm:u	69	0	0
mem_load_l3_miss_retired.remote_hitm:u	70	0	0
mem_load_l3_miss_retired.remote_hitm:u	71	0	0
mem_load_l3_miss_retired.remote_hitm:u	72	0	0
mem_load_l3_miss_retired.remote_hitm:u	73	0	0
mem_load_l3_miss_retired.remote_hitm:u	74	0	0
mem_load_l3_miss_retired.remote_hitm:u	75	0	0
mem_load_l3_miss_retired.remote_hitm:u	76	0	0
mem_load_l3_miss_retired.remote_hitm:u	77	0	0
mem_load_l3_miss_retired.remote_hitm:u	78	0	0
mem_load_l3_miss_retired.remote_hitm:u	79	0	0
mem_load_l3_miss_retired.remote_hitm:u	80	0	0
mem_load_l3_miss_retired.remote_hitm:u	81	0	0
mem_load_l3_miss_retired.remote_hitm:u	82	0	0
mem_load_l3_miss_retired.remote_hitm:u	83	0	0
mem_load_l3_miss_retired.remote_hitm:u	84	0	0
mem_load_l3_miss_retired.remote_hitm:u	85	0	0
mem_load_l3_miss_retired.remote_hitm:u	86	0	0
mem_load_l3_miss_retired.remote_hitm:u	87	0	0
mem_load_l3_miss_retired.remote_hitm:u	88	0	0
mem_load_l3_miss_retired.remote_hitm:u	89	0	0
mem_load_l3_miss_retired.remote_hitm:u	90	0	0
mem_load_l3_miss_retired.remote_hitm:u	91	0	0
mem_load_l3_miss_retired.remote_hitm:u	92	0	0
mem_load_l3_miss_retired.remote_hitm:u	93	0	0
mem_load_l3_miss_retired.remote_hitm:u	94	0	0
mem_load_l3_miss_retired.remote_hitm:u	95	0	0
mem_load_l3_miss_retired.remote_hitm:u	96	0	0
mem_load_l3_miss_retired.remote_hitm:u	97	0	0
mem_load_l3_miss_retired.remote_hitm:u	98	0	0
mem_load_l3_miss_retired.remote_hitm:u	99	0	0
mem_load_l3_miss_retired.remote_hitm:u	100	0	0
mem_load_l3_miss_retired.remote_hitm:u	101	0	0
mem_load_l3_miss_retired.remote_hitm:u	102	0	0
mem_load_l3_miss_retired.remote_hitm:u	103	0	0
mem_load_l3_miss_retired.remote_hitm:u	104	0	0
mem_load_l3_miss_retired.remote_hitm:u	105	0	0
mem_load_l3_miss_retired.remote_hitm:u	106	0	0
mem_load_l3_miss_retired.remote_hitm:u	107	0	0
mem_load_l3_miss_retired.remote_hitm:u	108	0	0
mem_load_l3_miss_retired.remote_hitm:u	109	0	0
mem_load_l3_miss_retired.remote_hitm:u	110	0	0
mem_load_l3_miss_retired.remote_hitm:u	111	0	0
mem_load_l3_miss_retired.remote_hitm:u	112	0	0
mem_load_l3_miss_retired.remote_hitm:u	113	0	0
mem_load_l3_miss_retired.remote_hitm:u	114	0	0
mem_load_l3_miss_retired.remote_hitm:u	115	0	0
mem_load_l3_miss_retired.remote_hitm:u	116	0	0
mem_load_l3_miss_retired.remote_hitm:u	117	0	0
mem_load_l3_miss_retired.remote_hitm:u	118	0	0
mem_load_l3_miss_retired.remote_hitm:u	119	0	0
mem_load_l3_miss_retired.remote_hitm:u	120	0	0
mem_load_l3_miss_retired.remote_hitm:u	121	0	0
mem_load_l3_miss_retired.remote_hitm:u	122	0	0
mem_load_l3_miss_retired.remote_hitm:u	123	0	0
mem_load_l3_miss_retired.remote_hitm:u	124	0	0
mem_load_l3_miss_retired.remote_hitm:u	125	0	0
mem_load_l3_miss_retired.remote_hitm:u	126	0	0
mem_load_l3_miss_retired.remote_hitm:u	127	0	0
mem_load_l3_miss_retired.remote_hitm:u	128	0	0
mem_load_l3_miss_retired.remote_hitm:u	129	0	0
mem_load_l3_miss_retired.remote_hitm:u	130	0	0
mem_load_l3_miss_retired.remote_hitm:u	131	0	0
mem_load_l3_miss_retired.remote_hitm:u	132	0	0
mem_load_l3_miss_retired.remote_hitm:u	133	0	0
mem_load_l3_miss_retired.remote_hitm:u	134	0	0
mem_load_l3_miss_retired.remote_hitm:u	135	0	0
mem_load_l3_miss_retired.remote_hitm:u	136	0	0
mem_load_l3_miss_retired.remote_hitm:u	137	0	0
mem_load_l3_miss_retired.remote_hitm:u	138	0	0
mem_load_l3_miss_retired.remote_hitm:u	139	0	0
mem_load_l3_miss_retired.remote_hitm:u	140	0	0
mem_load_l3_miss_retired.remote_hitm:u	141	0	0
mem_load_l3_miss_retired.remote_hitm:u	142	0	0
mem_load_l3_miss_retired.remote_hitm:u	143	0	0
mem_load_l3_miss_retired.remote_hitm:u	144	0	0
mem_load_l3_miss_retired.remote_hitm:u	145	0	0
mem_load_l3_miss_retired.remote_hitm:u	146	0	0
mem_load_l3_miss_retired.remote_hitm:u	147	0	0
mem_load_l3_miss_retired.remote_hitm:u	148	0	0
mem_load_l3_miss_retired.remote_hitm:u	149	0	0
mem_load_l3_miss_retired.remote_hitm:u	150	0	0
mem_load_l3_miss_retired.remote_hitm:u	151	0	0
mem_load_l3_miss_retired.remote_hitm:u	152	0	0
mem_load_l3_miss_retired.remote_hitm:u	153	0	0
mem_load_l3_miss_retired.remote_hitm:u	154	0	0
mem_load_l3_miss_retired.remote_hitm:u	155	0	0
mem_load_l3_miss_retired.remote_hitm:u	156	0	0
mem_load_l3_miss_retired.remote_hitm:u	157	0	0
mem_load_l3_miss_retired.remote_hitm:u	158	0	0
mem_load_l3_miss_retired.remote_hitm:u	159	0	0
mem_load_l3_miss_retired.remote_hitm:u	160	0	0
mem_load_l3_miss_retired.remote_hitm:u	161	0	0
mem_load_l3_miss_retired.remote_hitm:u	162	0	0
mem_load_l3_miss_retired.remote_hitm:u	163	0	0
mem_load_l3_miss_retired.remote_hitm:u	164	0	0
mem_load_l3_miss_retired.remote_hitm:u	165	0	0
mem_load_l3_miss_retired.remote_hitm:u	166	0	0
mem_load_l3_miss_retired.remote_hitm:u	167	0	0
mem_load_l3_miss_retired.remote_hitm:u	168	0	0
mem_load_l3_miss_retired.remote_hitm:u	169	0	0
mem_load_l3_miss_retired.remote_hitm:u	170	0	0
mem_load_l3_miss_retired.remote_hitm:u	171	0	0
mem_load_l3_miss_retired.remote_hitm:u	172	0	0
mem_load_l3_miss_retired.remote_hitm:u	173	0	0
mem_load_l3_miss_retired.remote_hitm:u	174	0	0
mem_load_l3_miss_retired.remote_hitm:u	175	0	0
mem_load_l3_miss_retired.remote_hitm:u	176	0	0
mem_load_l3_miss_retired.remote_hitm:u	177	0	0
mem_load_l3_miss_retired.remote_hitm:u	178	0	0
mem_load_l3_miss_retired.remote_hitm:u	179	0	0
mem_load_l3_miss_retired.remote_hitm:u	180	0	0
mem_load_l3_miss_retired.remote_hitm:u	181	0	0
mem_load_l3_miss_retired.remote_hitm:u	182	0	0
mem_load_l3_miss_retired.remote_hitm:u	183	0	0
mem_load_l3_miss_retired.remote_hitm:u	184	0	0
mem_load_l3_miss_retired.remote_hitm:u	185	0	0
mem_load_l3_miss_retired.remote_hitm:u	186	0	0
mem_load_l3_miss_retired.remote_hitm:u	187	0	0
mem_load_l3_miss_retired.remote_hitm:u	188	0	0
mem_load_l3_miss_retired.remote_hitm:u	189	0	0
mem_load_l3_miss_retired.remote_hitm:u	190	0	0
mem_load_l3_miss_retired.remote_hitm:u	191	0	0
mem_load_l3_miss_retired.remote_hitm:u	192	0	0
mem_load_l3_miss_retired.remote_hitm:u	193	0	0
mem_load_l3_miss_retired.remote_hitm:u	194	0	0
mem_load_l3_miss_retired.remote_hitm:u	195	0	0
mem_load_l3_miss_retired.remote_hitm:u	196	0	0
mem_load_l3_miss_retired.remote_hitm:u	197	0	0
mem_load_l3_miss_retired.remote_hitm:u	198	0	0
mem_load_l3_miss_retired.remote_hitm:u	199	0	0
mem_load_l3_miss_retired.remote_hitm:u	200	0	0
mem_load_l3_miss_retired.remote_hitm:u	201	0	0
mem_load_l3_miss_retired.remote_hitm:u	202	0	0
mem_load_l3_miss_retired.remote_hitm:u	203	0	0
mem_load_l3_miss_retired.remote_hitm:u	204	0	0
mem_load_l3_miss_retired.remote_hitm:u	205	0	0
mem_load_l3_miss_retired.remote_hitm:u	206	0	0
mem_load_l3_miss_retired.remote_hitm:u	207	0	0
mem_load_l3_miss_retired.remote_hitm:u	208	0	0
mem_load_l3_miss_retired.remote_hitm:u	209	0	0
mem_load_l3_miss_retired.remote_hitm:u	210	0	0
mem_load_l3_miss_retired.remote_hitm:u	211	0	0
mem_load_l3_miss_retired.remote_hitm:u	212	0	0
mem_load_l3_miss_retired.remote_hitm:u	213	0	0
mem_load_l3_miss_retired.remote_hitm:u	214	0	0
mem_load_l3_miss_retired.remote_hitm:u	215	0	0
mem_load_l3_miss_retired.remote_hitm:u	216	0	0
mem_load_l3_miss_retired.remote_hitm:u	217	0	0
mem_load_l3_miss_retired.remote_hitm:u	218	0	0
mem_load_l3_miss_retired.remote_hitm:u	219	0	0
mem_load_l3_miss_retired.remote_hitm:u	220	0	0
mem_load_l3_miss_retired.remote_hitm:u	221	0	0
mem_load_l3_miss_retired.remote_hitm:u	222	0	0
mem_load_l3_miss_retired.remote_hitm:u	223	0	0
mem_load_l3_miss_retired.remote_hitm:u	224	0	0
mem_load_l3_miss_retired.remote_hitm:u	225	0	0
mem_load_l3_miss_retired.remote_hitm:u	226	0	0
mem_load_l3_miss_retired.remote_hitm:u	227	0	0
mem_load_l3_miss_retired.remote_hitm:u	228	0	0
mem_load_l3_miss_retired.remote_hitm:u	229	0	0
mem_load_l3_miss_retired.remote_hitm:u	230	0	0
mem_load_l3_miss_retired.remote_hitm:u	231	0	0
mem_load_l3_miss_retired.remote_hitm:u	232	0	0
mem_load_l3_miss_retired.remote_hitm:u	233	0	0
mem_load_l3_miss_retired.remote_hitm:u	234	0	0
mem_load_l3_miss_retired.remote_hitm:u	235	0	0
mem_load_l3_miss_retired.remote_hitm:u	236	0	0
mem_load_l3_miss_retired.remote_hitm:u	237	0	0
mem_load_l3_miss_retired.remote_hitm:u	238	0	0
mem_load_l3_miss_retired.remote_hitm:u	239	0	0
mem_load_l3_miss_retired.remote_hitm:u	240	0	0
mem_load_l3_miss_retired.remote_hitm:u	241	0	0
mem_load_l3_miss_retired.remote_hitm:u	242	0	0
mem_load_l3_miss_retired.remote_hitm:u	243	0	0
mem_load_l3_miss_retired.remote_hitm:u	244	0	0
mem_load_l3_miss_retired.remote_hitm:u	245	0	0
mem_load_l3_miss_retired.remote_hitm:u	246	0	0
mem_load_l3_miss_retired.remote_hitm:u	247	0	0
mem_load_l3_miss_retired.remote_hitm:u	248	0	0
mem_load_l3_miss_retired.remote_hitm:u	249	0	0
mem_load_l3_miss_retired.remote_hitm:u	250	0	0
mem_load_l3_miss_retired.remote_hitm:u	251	0	0
mem_load_l3_miss_retired.remote_hitm:u	252	0	0
mem_load_l3_miss_retired.remote_hitm:u	253	0	0
mem_load_l3_miss_retired.remote_hitm:u	254	0	0
mem_load_l3_miss_retired.remote_hitm:u	255	0	0
mem_load_l3_miss_retired.remote_hitm:u	256	0	0
mem_load_l3_miss_retired.remote_hitm:u	257	0	0
mem_load_l3_miss_retired.remote_hitm:u	258	0	0
mem_load_l3_miss_retired.remote_hitm:u	259	0	0
mem_load_l3_miss_retired.remote_hitm:u	260	0	0
mem_load_l3_miss_retired.remote_hitm:u	261	0	0
mem_load_l3_miss_retired.remote_hitm:u	262	0	0
mem_load_l3_miss_retired.remote_hitm:u	263	0	0
mem_load_l3_miss_retired.remote_hitm:u	264	0	0
mem_load_l3_miss_retired.remote_hitm:u	265	0	0
mem_load_l3_miss_retired.remote_hitm:u	266	0	0
mem_load_l3_miss_retired.remote_hitm:u	267	0	0
mem_load_l3_miss_retired.remote_hitm:u	268	0	0
mem_load_l3_miss_retired.remote_hitm:u	269	0	0
mem_load_l3_miss_retired.remote_hitm:u	270	0	0
mem_load_l3_miss_retired.remote_hitm:u	271	0	0
mem_load_l3_miss_retired.remote_hitm:u	272	0	0
mem_load_l3_miss_retired.remote_hitm:u	273	0	0
mem_load_l3_miss_retired.remote_hitm:u	274	0	0
mem_load_l3_miss_retired.remote_hitm:u	275	0	0
mem_load_l3_miss_retired.remote_hitm:u	276	0	0
mem_load_l3_miss_retired.remote_hitm:u	277	0	0
mem_load_l3_miss_retired.remote_hitm:u	278	0	0
mem_load_l3_miss_retired.remote_hitm:u	279	0	0
mem_load_l3_miss_retired.remote_hitm:u	280	0	0
mem_load_l3_miss_retired.remote_hitm:u	281	0	0
mem_load_l3_miss_retired.remote_hitm:u	282	0	0
mem_load_l3_miss_retired.remote_hitm:u	283	0	0
mem_load_l3_miss_retired.remote_hitm:u	284	0	0
mem_load_l3_miss_retired.remote_hitm:u	285	0	0
mem_load_l3_miss_retired.remote_hitm:u	286	0	0
mem_load_l3_miss_retired.remote_hitm:u	287	0	0
mem_load_l3_miss_retired.remote_hitm:u	288	0	0
mem_load_l3_miss_retired.remote_hitm:u	289	0	0
mem_load_l3_miss_retired.remote_hitm:u	290	0	0
mem_load_l3_miss_retired.remote_hitm:u	291	0	0
mem_load_l3_miss_retired.remote_hitm:u	292	0	0
mem_load_l3_miss_retired.remote_hitm:u	293	0	0
mem_load_l3_miss_retired.remote_hitm:u	294	0	0
mem_load_l3_miss_retired.remote_hitm:u	295	0	0
mem_load_l3_miss_retired.remote_hitm:u	296	0	0
mem_load_l3_miss_retired.remote_hitm:u	297	0	0
mem_load_l3_miss_retired.remote_hitm:u	298	0	0
mem_load_l3_miss_retired.remote_hitm:u	299	0	0
mem_load_l3_miss_retired.remote_hitm:u	300	0	0
mem_load_l3_miss_retired.remote_hitm:u	301	0	0
mem_load_l3_miss_retired.remote_hitm:u	302	0	0
mem_load_l3_miss_retired.remote_hitm:u	303	0	0
mem_load_l3_miss_retired.remote_hitm:u	304	0	0
mem_load_l3_miss_retired.remote_hitm:u	305	0	0
mem_load_l3_miss_retired.remote_hitm:u	306	0	0
mem_load_l3_miss_retired.remote_hitm:u	307	0	0
mem_load_l3_miss_retired.remote_hitm:u	308	0	0
mem_load_l3_miss_retired.remote_hitm:u	309	0	0
mem_load_l3_miss_retired.remote_hitm:u	310	0	0
mem_load_l3_miss_retired.remote_hitm:u	311	0	0
mem_load_l3_miss_retired.remote_hitm:u	312	0	0
mem_load_l3_miss_retired.remote_hitm:u	313	0	0
mem_load_l3_miss_retired.remote_hitm:u	314	0	0
mem_load_l3_miss_retired.remote_hitm:u	315	0	0
mem_load_l3_miss_retired.remote_hitm:u	316	0	0
mem_load_l3_miss_retired.remote_hitm:u	317	0	0
mem_load_l3_miss_retired.remote_hitm:u	318	0	0
mem_load_l3_miss_retired.remote_hitm:u	319	0	0
mem_load_l3_miss_retired.remote_hitm:u	320	0	0
mem_load_l3_miss_retired.remote_hitm:u	321	0	0
mem_load_l3_miss_retired.remote_hitm:u	322	0	0
mem_load_l3_miss_retired.remote_hitm:u	323	0	0
mem_load_l3_miss_retired.remote_hitm:u	324	0	0
mem_load_l3_miss_retired.remote_hitm:u	325	0	0
mem_load_l3_miss_retired.remote_hitm:u	326	0	0
mem_load_l3_miss_retired.remote_hitm:u	327	0	0
mem_load_l3_miss_retired.remote_hitm:u	328	0	0
mem_load_l3_miss_retired.remote_hitm:u	329	0	0
mem_load_l3_miss_retired.remote_hitm:u	330	0	0
mem_load_l3_miss_retired.remote_hitm:u	331	0	0
mem_load_l3_miss_retired.remote_hitm:u	332	0	0
mem_load_l3_miss_retired.remote_hitm:u	333	0	0
mem_load_l3_miss_retired.remote_hitm:u	334	0	0
mem_load_l3_miss_retired.remote_hitm:u	335	0	0
mem_load_l3_miss_retired.remote_hitm:u	336	0	0
mem_load_l3_miss_retired.remote_hitm:u	337	0	0
mem_load_l3_miss_retired.remote_hitm:u	338	0	0
mem_load_l3_miss_retired.remote_hitm:u	339	0	0
mem_load_l3_miss_retired.remote_hitm:u	340	0	0
mem_load_l3_miss_retired.remote_hitm:u	341	0	0
mem_load_l3_miss_retired.remote_hitm:u	342	0	0
mem_load_l3_miss_retired.remote_hitm:u	343	0	0
mem_load_l3_miss_retired.remote_hitm:u	344	0	0
mem_load_l3_miss_retired.remote_hitm:u	345	0	0
mem_load_l3_miss_retired.remote_hitm:u	346	0	0
mem_load_l3_miss_retired.remote_hitm:u	347	0	0
mem_load_l3_miss_retired.remote_hitm:u	348	0	0
mem_load_l3_miss_retired.remote_hitm:u	349	0	0
mem_load_l3_miss_retired.remote_hitm:u	350	0	0
mem_load_l3_miss_retired.remote_hitm:u	351	0	0
mem_load_l3_miss_retired.remote_hitm:u	352	0	0
mem_load_l3_miss_retired.remote_hitm:u	353	0	0
mem_load_l3_miss_retired.remote_hitm:u	354	0	0
mem_load_l3_miss_retired.remote_hitm:u	355	0	0
mem_load_l3_miss_retired.remote_hitm:u	356	0	0
mem_load_l3_miss_retired.remote_hitm:u	357	0	0
mem_load_l3_miss_retired.remote_hitm:u	358	0	0
mem_load_l3_miss_retired.remote_hitm:u	359	0	0
mem_load_l3_miss_retired.remote_hitm:u	360	0	0
mem_load_l3_miss_retired.remote_hitm:u	361	0	0
mem_load_l3_miss_retired.remote_hitm:u	362	0	0
mem_load_l3_miss_retired.remote_hitm:u	363	0	0
mem_load_l3_miss_retired.remote_hitm:u	364	0	0
mem_load_l3_miss_retired.remote_hitm:u	365	0	0
mem_load_l3_miss_retired.remote_hitm:u	366	0	0
mem_load_l3_miss_retired.remote_hitm:u	367	0	0
mem_load_l3_miss_retired.remote_hitm:u	368	0	0
mem_load_l3_miss_retired.remote_hitm:u	369	0	0
mem_load_l3_miss_retired.remote_hitm:u	370	0	0
mem_load_l3_miss_retired.remote_hitm:u	371	0	0
mem_load_l3_miss_retired.remote_hitm:u	372	0	0
mem_load_l3_miss_retired.remote_hitm:u	373	0	0
mem_load_l3_miss_retired.remote_hitm:u	374	0	0
mem_load_l3_miss_retired.remote_hitm:u	375	0	0
mem_load_l3_miss_retired.remote_hitm:u	376	0	0
mem_load_l3_miss_retired.remote_hitm:u	377	0	0
mem_load_l3_miss_retired.remote_hitm:u	378	0	0
mem_load_l3_miss_retired.remote_hitm:u	379	0	0
mem_load_l3_miss_retired.remote_hitm:u	380	0	0
mem_load_l3_miss_retired.remote_hitm:u	381	0	0
mem_load_l3_miss_retired.remote_hitm:u	382	0	0
mem_load_l3_miss_retired.remote_hitm:u	383	0	0
mem_load_l3_miss_retired.remote_hitm:u	384	0	0
mem_load_l3_miss_retired.remote_hitm:u	385	0	0
mem_load_l3_miss_retired.remote_hitm:u	386	0	0
mem_load_l3_miss_retired.remote_hitm:u	387	0	0
mem_load_l3_miss_retired.remote_hitm:u	388	0	0
mem_load_l3_miss_retired.remote_hitm:u	389	0	0
mem_load_l3_miss_retired.remote_hitm:u	390	0	0
mem_load_l3_miss_retired.remote_hitm:u	391	0	0
mem_load_l3_miss_retired.remote_hitm:u	392	0	0
mem_load_l3_miss_retired.remote_hitm:u	393	0	0
mem_load_l3_miss_retired.remote_hitm:u	394	0	0
mem_load_l3_miss_retired.remote_hitm:u	395	0	0
mem_load_l3_miss_retired.remote_hitm:u	396	0	0
mem_load_l3_miss_retired.remote_hitm:u	397	0	0
mem_load_l3_miss_retired.remote_hitm:u	398	0	0
mem_load_l3_miss_retired.remote_hitm:u	399	0	0
mem_load_l3_miss_retired.remote_hitm:u	400	0	0
mem_load_l3_miss_retired.remote_hitm:u	401	0	0
mem_load_l3_miss_retired.remote_hitm:u	402	0	0
mem_load_l3_miss_retired.remote_hitm:u	403	0	0
mem_load_l3_miss_retired.remote_hitm:u	404	0	0
mem_load_l3_miss_retired.remote_hitm:u	405	0	0
mem_load_l3_miss_retired.remote_hitm:u	406	0	0
mem_load_l3_miss_retired.remote_hitm:u	407	0	0
mem_load_l3_miss_retired.remote_hitm:u	408	0	0
mem_load_l3_miss_retired.remote_hitm:u	409	0	0
mem_load_l3_miss_retired.remote_hitm:u	410	0	0
mem_load_l3_miss_retired.remote_hitm:u	411	0	0
mem_load_l3_miss_retired.remote_hitm:u	412	0	0
mem_load_l3_miss_retired.remote_hitm:u	413	0	0
mem_load_l3_miss_retired.remote_hitm:u	414	0	0
mem_load_l3_miss_retired.remote_hitm:u	415	0	0
mem_load_l3_miss_retired.remote_hitm:u	416	0	0
mem_load_l3_miss_retired.remote_hitm:u	417	0	0
mem_load_l3_miss_retired.remote_hitm:u	418	0	0
mem_load_l3_miss_retired.remote_hitm:u	419	0	0
mem_load_l3_miss_retired.remote_hitm:u	420	0	0
mem_load_l3_miss_retired.remote_hitm:u	421	0	0
mem_load_l3_miss_retired.remote_hitm:u	422	0	0
mem_load_l3_miss_retired.remote_hitm:u	423	0	0
mem_load_l3_miss_retired.remote_hitm:u	424	0	0
mem_load_l3_miss_retired.remote_hitm:u	425	0	0
mem_load_l3_miss_retired.remote_hitm:u	426	0	0
mem_load_l3_miss_retired.remote_hitm:u	427	0	0
mem_load_l3_miss_retired.remote_hitm:u	428	0	0
mem_load_l3_miss_retired.remote_hitm:u	429	0	0
mem_load_l3_miss_retired.remote_hitm:u	430	0	0
mem_load_l3_miss_retired.remote_hitm:u	431	0	0
mem_load_l3_miss_retired.remote_hitm:u	432	0	0
mem_load_l3_miss_retired.remote_hitm:u	433	0	0
mem_load_l3_miss_retired.remote_hitm:u	434	0	0
mem_load_l3_miss_retired.remote_hitm:u	435	0	0
mem_load_l3_miss_retired.remote_hitm:u	436	0	0
mem_load_l3_miss_retired.remote_hitm:u	437	0	0
mem_load_l3_miss_retired.remote_hitm:u	438	0	0
mem_load_l3_miss_retired.remote_hitm:u	439	0	0
mem_load_l3_miss_retired.remote_hitm:u	440	0	0
mem_load_l3_miss_retired.remote_hitm:u	441	0	0
mem_load_l3_miss_retired.remote_hitm:u	442	0	0
mem_load_l3_miss_retired.remote_hitm:u	443	0	0
mem_load_l3_miss_retired.remote_hitm:u	444	0	0
mem_load_l3_miss_retired.remote_hitm:u	445	0	0
mem_load_l3_miss_retired.remote_hitm:u	446	0	0
mem_load_l3_miss_retired.remote_hitm:u	447	0	0
mem_load_l3_miss_retired.remote_hitm:u	448	0	0
mem_load_l3_miss_retired.remote_hitm:u	449	0	0
mem_load_l3_miss_retired.remote_hitm:u	450	0	0
mem_load_l3_miss_retired.remote_hitm:u	451	0	0
mem_load_l3_miss_retired.remote_hitm:u	452	0	0
mem_load_l3_miss_retired.remote_hitm:u	453	0	0
mem_load_l3_miss_retired.remote_hitm:u	454	0	0
mem_load_l3_miss_retired.remote_hitm:u	455	0	0
mem_load_l3_miss_retired.remote_hitm:u	456	0	0
mem_load_l3_miss_retired.remote_hitm:u	457	0	0
mem_load_l3_miss_retired.remote_hitm:u	458	0	0
mem_load_l3_miss_retired.remote_hitm:u	459	0	0
mem_load_l3_miss_retired.remote_hitm:u	460	0	0
mem_load_l3_miss_retired.remote_hitm:u	461	0	0
mem_load_l3_miss_retired.remote_hitm:u	462	0	0
mem_load_l3_miss_retired.remote_hitm:u	463	0	0
mem_load_l3_miss_retired.remote_hitm:u	464	0	0
mem_load_l3_miss_retired.remote_hitm:u	465	0	0
mem_load_l3_miss_retired.remote_hitm:u	466	0	0
mem_load_l3_miss_retired.remote_hitm:u	467	0	0
mem_load_l3_miss_retired.remote_hitm:u	468	0	0
mem_load_l3_miss_retired.remote_hitm:u	469	0	0
mem_load_l3_miss_retired.remote_hitm:u	470	0	0
mem_load_l3_miss_retired.remote_hitm:u	471	0	0
mem_load_l3_miss_retired.remote_hitm:u	472	0	0
mem_load_l3_miss_retired.remote_hitm:u	473	0	0
mem_load_l3_miss_retired.remote_hitm:u	474	0	0
mem_load_l3_miss_retired.remote_hitm:u	475	0	0
mem_load_l3_miss_retired.remote_hitm:u	476	0	0
mem_load_l3_miss_retired.remote_hitm:u	477	0	0
mem_load_l3_miss_retired.remote_hitm:u	478	0	0
mem_load_l3_miss_retired.remote_hitm:u	479	0	0
mem_load_l3_miss_retired.remote_hitm:u	480	0	0
mem_load_l3_miss_retired.remote_hitm:u	481	0	0
mem_load_l3_miss_retired.remote_hitm:u	482	0	0
mem_load_l3_miss_retired.remote_hitm:u	483	0	0
mem_load_l3_miss_retired.remote_hitm:u	484	0	0
mem_load_l3_miss_retired.remote_hitm:u	485	0	0
mem_load_l3_miss_retired.remote_hitm:u	486	0	0
mem_load_l3_miss_retired.remote_hitm:u	487	0	0
mem_load_l3_miss_retired.remote_hitm:u	488	0	0
mem_load_l3_miss_retired.remote_hitm:u	489	0	0
mem_load_l3_miss_retired.remote_hitm:u	490	0	0
mem_load_l3_miss_retired.remote_hitm:u	491	0	0
mem_load_l3_miss_retired.remote_hitm:u	492	0	0
mem_load_l3_miss_retired.remote_hitm:u	493	0	0
mem_load_l3_miss_retired.remote_hitm:u	494	0	0
mem_load_l3_miss_retired.remote_hitm:u	495	0	0
mem_load_l3_miss_retired.remote_hitm:u	496	0	0
mem_load_l3_miss_retired.remote_hitm:u	497	0	0
mem_load_l3_miss_retired.remote_hitm:u	498	0	0
mem_load_l3_miss_retired.remote_hitm:u	499	0	0
mem_load_l3_miss_retired.remote_hitm:u	500	0	0
mem_load_l3_miss_retired.remote_hitm:u	501	0	0
mem_load_l3_miss_retired.remote_hitm:u	502	0	0
mem_load_l3_miss_retired.remote_hitm:u	503	0	0
mem_load_l3_miss_retired.remote_hitm:u	504	0	0
mem_load_l3_miss_retired.remote_hitm:u	505	0	0
mem_load_l3_miss_retired.remote_hitm:u	506	0	0
mem_load_l3_miss_retired.remote_hitm:u	507	0	0
mem_load_l3_miss_retired.remote_hitm:u	508	0	0
mem_load_l3_miss_retired.remote_hitm:u	509	0	0
mem_load_l3_miss_retired.remote_hitm:u	510	0	0
mem_load_l3_miss_retired.remote_hitm:u	511	0	0
mem_load_l3_miss_retired.remote_hitm:u	512	0	0
mem_load_l3_miss_retired.remote_hitm:u	513	0	0
mem_load_l3_miss_retired.remote_hitm:u	514	0	0
mem_load_l3_miss_retired.remote_hitm:u	515	0	0
mem_load_l3_miss_retired.remote_hitm:u	516	0	0
mem_load_l3_miss_retired.remote_hitm:u	517	0	0
mem_load_l3_miss_retired.remote_hitm:u	518	0	0
mem_load_l3_miss_retired.remote_hitm:u	519	0	0
mem_load_l3_miss_retired.remote_hitm:u	520	0	0
mem_load_l3_miss_retired.remote_hitm:u	521	0	0
mem_load_l3_miss_retired.remote_hitm:u	522	0	0
mem_load_l3_miss_retired.remote_hitm:u	523	0	0
mem_load_l3_miss_retired.remote_hitm:u	524	0	0
mem_load_l3_miss_retired.remote_hitm:u	525	0	0
mem_load_l3_miss_retired.remote_hitm:u	526	0	0
mem_load_l3_miss_retired.remote_hitm:u	527	0	0
mem_load_l3_miss_retired.remote_hitm:u	528	0	0
mem_load_l3_miss_retired.remote_hitm:u	529	0	0
mem_load_l3_miss_retired.remote_hitm:u	530	0	0
mem_load_l3_miss_retired.remote_hitm:u	531	0	0
mem_load_l3_miss_retired.remote_hitm:u	532	0	0
mem_load_l3_miss_retired.remote_hitm:u	533	0	0
mem_load_l3_miss_retired.remote_hitm:u	534	0	0
mem_load_l3_miss_retired.remote_hitm:u	535	0	0
mem_load_l3_miss_retired.remote_hitm:u	536	0	0
mem_load_l3_miss_retired.remote_hitm:u	537	0	0
mem_load_l3_miss_retired.remote_hitm:u	538	0	0
mem_load_l3_miss_retired.remote_hitm:u	539	0	0
mem_load_l3_miss_retired.remote_hitm:u	540	0	0
mem_load_l3_miss_retired.remote_hitm:u	541	0	0
mem_load_l3_miss_retired.remote_hitm:u	542	0	0
mem_load_l3_miss_retired.remote_hitm:u	543	0	0
mem_load_l3_miss_retired.remote_hitm:u	544	0	0
mem_load_l3_miss_retired.remote_hitm:u	545	0	0
mem_load_l3_miss_retired.remote_hitm:u	546	0	0
mem_load_l3_miss_retired.remote_hitm:u	547	0	0
mem_load_l3_miss_retired.remote_hitm:u	548	0	0
mem_load_l3_miss_retired.remote_hitm:u	549	0	0
mem_load_l3_miss_retired.remote_hitm:u	550	0	0
mem_load_l3_miss_retired.remote_hitm:u	551	0	0
mem_load_l3_miss_retired.remote_hitm:u	552	0	0
mem_load_l3_miss_retired.remote_hitm:u	553	0	0
mem_load_l3_miss_retired.remote_hitm:u	554	0	0
mem_load_l3_miss_retired.remote_hitm:u	555	0	0
mem_load_l3_miss_retired.remote_hitm:u	556	0	0
mem_load_l3_miss_retired.remote_hitm:u	557	0	0
mem_load_l3_miss_retired.remote_hitm:u	558	0	0
mem_load_l3_miss_retired.remote_hitm:u	559	0	0
mem_load_l3_miss_retired.remote_hitm:u	560	0	0
mem_load_l3_miss_retired.remote_hitm:u	561	0	0
mem_load_l3_miss_retired.remote_hitm:u	562	0	0
mem_load_l3_miss_retired.remote_hitm:u	563	0	0
mem_load_l3_miss_retired.remote_hitm:u	564	0	0
mem_load_l3_miss_retired.remote_hitm:u	565	0	0
mem_load_l3_miss_retired.remote_hitm:u	566	0	0
mem_load_l3_miss_retired.remote_hitm:u	567	0	0
mem_load_l3_miss_retired.remote_hitm:u	568	0	0
mem_load_l3_miss_retired.remote_hitm:u	569	0	0
mem_load_l3_miss_retired.remote_hitm:u	570	0	0
mem_load_l3_miss_retired.remote_hitm:u	571	0	0
mem_load_l3_miss_retired.remote_hitm:u	572	0	0
mem_load_l3_miss_retired.remote_hitm:u	573	0	0
mem_load_l3_miss_retired.remote_hitm:u	574	0	0
mem_load_l3_miss_retired.remote_hitm:u	575	0	0
mem_load_l3_miss_retired.remote_hitm:u	576	0	0
mem_load_l3_miss_retired.remote_hitm:u	577	0	0
mem_load_l3_miss_retired.remote_hitm:u	578	0	0
mem_load_l3_miss_retired.remote_hitm:u	579	0	0
mem_load_l3_miss_retired.remote_hitm:u	580	0	0
mem_load_l3_miss_retired.remote_hitm:u	581	0	0
mem_load_l3_miss_retired.remote_hitm:u	582	0	0
mem_load_l3_miss_retired.remote_hitm:u	583	0	0
mem_load_l3_miss_retired.remote_hitm:u	584	0	0
mem_load_l3_miss_retired.remote_hitm:u	585	0	0
mem_load_l3_miss_retired.remote_hitm:u	586	0	0
mem_load_l3_miss_retired.remote_hitm:u	587	0	0
mem_load_l3_miss_retired.remote_hitm:u	588	0	0
mem_load_l3_miss_retired.remote_hitm:u	589	0	0
mem_load_l3_miss_retired.remote_hitm:u	590	0	0
mem_load_l3_miss_retired.remote_hitm:u	591	0	0
mem_load_l3_miss_retired.remote_hitm:u	592	0	0
mem_load_l3_miss_retired.remote_hitm:u	593	0	0
mem_load_l3_miss_retired.remote_hitm:u	594	0	0
mem_load_l3_miss_retired.remote_hitm:u	595	0	0
mem_load_l3_miss_retired.remote_hitm:u	596	0	0
mem_load_l3_miss_retired.remote_hitm:u	597	0	0
mem_load_l3_miss_retired.remote_hitm:u	598	0	0
mem_load_l3_miss_retired.remote_hitm:u	599	0	0
mem_load_l3_miss_retired.remote_hitm:u	600	0	0
mem_load_l3_miss_retired.remote_hitm:u	601	0	0
mem_load_l3_miss_retired.remote_hitm:u	602	0	0
mem_load_l3_miss_retired.remote_hitm:u	603	0	0
mem_load_l3_miss_retired.remote_hitm:u	604	0	0
mem_load_l3_miss_retired.remote_hitm:u	605	0	0
mem_load_l3_miss_retired.remote_hitm:u	606	0	0
mem_load_l3_miss_retired.remote_hitm:u	607	0	0
mem_load_l3_miss_retired.remote_hitm:u	608	0	0
mem_load_l3_miss_retired.remote_hitm:u	609	0	0
mem_load_l3_miss_retired.remote_hitm:u	610	0	0
mem_load_l3_miss_retired.remote_hitm:u	611	0	0
mem_load_l3_miss_retired.remote_hitm:u	612	0	0
mem_load_l3_miss_retired.remote_hitm:u	613	0	0
mem_load_l3_miss_retired.remote_hitm:u	614	0	0
mem_load_l3_miss_retired.remote_hitm:u	615	0	0
mem_load_l3_miss_retired.remote_hitm:u	616	0	0
mem_load_l3_miss_retired.remote_hitm:u	617	0	0
mem_load_l3_miss_retired.remote_hitm:u	618	0	0
mem_load_l3_miss_retired.remote_hitm:u	619	0	0
mem_load_l3_miss_retired.remote_hitm:u	620	0	0
mem_load_l3_miss_retired.remote_hitm:u	621	0	0
mem_load_l3_miss_retired.remote_hitm:u	622	0	0
mem_load_l3_miss_retired.remote_hitm:u	623	0	0
mem_load_l3_miss_retired.remote_hitm:u	624	0	0
mem_load_l3_miss_retired.remote_hitm:u	625	0	0
mem_load_l3_miss_retired.remote_hitm:u	626	0	0
mem_load_l3_miss_retired.remote_hitm:u	627	0	0
mem_load_l3_miss_retired.remote_hitm:u	628	0	0
mem_load_l3_miss_retired.remote_hitm:u	629	0	0
mem_load_l3_miss_retired.remote_hitm:u	630	0	0
mem_load_l3_miss_retired.remote_hitm:u	631	0	0
mem_load_l3_miss_retired.remote_hitm:u	632	0	0
mem_load_l3_miss_retired.remote_hitm:u	633	0	0
mem_load_l3_miss_retired.remote_hitm:u	634	0	0
mem_load_l3_miss_retired.remote_hitm:u	635	0	0
mem_load_l3_miss_retired.remote_hitm:u	636	0	0
mem_load_l3_miss_retired.remote_hitm:u	637	0	0
mem_load_l3_miss_retired.remote_hitm:u	638	0	0
mem_load_l3_miss_retired.remote_hitm:u	639	0	0
mem_load_l3_miss_retired.remote_hitm:u	640	0	0
mem_load_l3_miss_retired.remote_hitm:u	641	0	0
mem_load_l3_miss_retired.remote_hitm:u	642	0	0
mem_load_l3_miss_retired.remote_hitm:u	643	0	0
mem_load_l3_miss_retired.remote_hitm:u	644	0	0
mem_load_l3_miss_retired.remote_hitm:u	645	0	0
mem_load_l3_miss_retired.remote_hitm:u	646	0	0
mem_load_l3_miss_retired.remote_hitm:u	647	0	0
mem_load_l3_miss_retired.remote_hitm:u	648	0	0
mem_load_l3_miss_retired.remote_hitm:u	649	0	0
mem_load_l3_miss_retired.remote_hitm:u	650	0	0
mem_load_l3_miss_retired.remote_hitm:u	651	0	0
mem_load_l3_miss_retired.remote_hitm:u	652	0	0
mem_load_l3_miss_retired.remote_hitm:u	653	0	0
mem_load_l3_miss_retired.remote_hitm:u	654	0	0
mem_load_l3_miss_retired.remote_hitm:u	655	0	0
mem_load_l3_miss_retired.remote_hitm:u	656	0	0
mem_load_l3_miss_retired.remote_hitm:u	657	0	0
mem_load_l3_miss_retired.remote_hitm:u	658	0	0
mem_load_l3_miss_retired.remote_hitm:u	659	0	0
mem_load_l3_miss_retired.remote_hitm:u	660	0	0
mem_load_l3_miss_retired.remote_hitm:u	661	0	0
mem_load_l3_miss_retired.remote_hitm:u	662	0	0
mem_load_l3_miss_retired.remote_hitm:u	663	0	0
mem_load_l3_miss_retired.remote_hitm:u	664	0	0
mem_load_l3_miss_retired.remote_hitm:u	665	0	0
mem_load_l3_miss_retired.remote_hitm:u	666	0	0
mem_load_l3_miss_retired.remote_hitm:u	667	0	0
mem_load_l3_miss_retired.remote_hitm:u	668	0	0
mem_load_l3_miss_retired.remote_hitm:u	669	0	0
mem_load_l3_miss_retired.remote_hitm:u	670	0	0
mem_load_l3_miss_retired.remote_hitm:u	671	0	0
mem_load_l3_miss_retired.remote_hitm:u	672	0	0
mem_load_l3_miss_retired.remote_hitm:u	673	0	0
mem_load_l3_miss_retired.remote_hitm:u	674	0	0
mem_load_l3_miss_retired.remote_hitm:u	675	0	0
mem_load_l3_miss_retired.remote_hitm:u	676	0	0
mem_load_l3_miss_retired.remote_hitm:u	677	0	0
mem_load_l3_miss_retired.remote_hitm:u	678	0	0
mem_load_l3_miss_retired.remote_hitm:u	679	0	0
mem_load_l3_miss_retired.remote_hitm:u	680	0	0
mem_load_l3_miss_retired.remote_hitm:u	681	0	0
mem_load_l3_miss_retired.remote_hitm:u	682	0	0
mem_load_l3_miss_retired.remote_hitm:u	683	0	0
mem_load_l3_miss_retired.remote_hitm:u	684	0	0
mem_load_l3_miss_retired.remote_hitm:u	685	0	0
mem_load_l3_miss_retired.remote_hitm:u	686	0	0
mem_load_l3_miss_retired.remote_hitm:u	687	0	0
mem_load_l3_miss_retired.remote_hitm:u	688	0	0
mem_load_l3_miss_retired.remote_hitm:u	689	0	0
mem_load_l3_miss_retired.remote_hitm:u	690	0	0
mem_load_l3_miss_retired.remote_hitm:u	691	0	0
mem_load_l3_miss_retired.remote_hitm:u	692	0	0
mem_load_l3_miss_retired.remote_hitm:u	693	0	0
mem_load_l3_miss_retired.remote_hitm:u	694	0	0
mem_load_l3_miss_retired.remote_hitm:u	695	0	0
mem_load_l3_miss_retired.remote_hitm:u	696	0	0
mem_load_l3_miss_retired.remote_hitm:u	697	0	0
mem_load_l3_miss_retired.remote_hitm:u	698	0	0
mem_load_l3_miss_retired.remote_hitm:u	699	0	0
mem_load_l3_miss_retired.remote_hitm:u	700	0	0
mem_load_l3_miss_retired.remote_hitm:u	701	0	0
mem_load_l3_miss_retired.remote_hitm:u	702	0	0
mem_load_l3_miss_retired.remote_hitm:u	703	0	0
mem_load_l3_miss_retired.remote_hitm:u	704	0	0
mem_load_l3_miss_retired.remote_hitm:u	705	0	0
mem_load_l3_miss_retired.remote_hitm:u	706	0	0
mem_load_l3_miss_retired.remote_hitm:u	707	0	0
mem_load_l3_miss_retired.remote_hitm:u	708	0	0
mem_load_l3_miss_retired.remote_hitm:u	709	0	0
mem_load_l3_miss_retired.remote_hitm:u	710	0	0
mem_load_l3_miss_retired.remote_hitm:u	711	0	0
mem_load_l3_miss_retired.remote_hitm:u	712	0	0
mem_load_l3_miss_retired.remote_hitm:u	713	0	0
mem_load_l3_miss_retired.remote_hitm:u	714	0	0
mem_load_l3_miss_retired.remote_hitm:u	715	0	0
mem_load_l3_miss_retired.remote_hitm:u	716	0	0
mem_load_l3_miss_retired.remote_hitm:u	717	0	0
mem_load_l3_miss_retired.remote_hitm:u	718	0	0
mem_load_l3_miss_retired.remote_hitm:u	719	0	0
mem_load_l3_miss_retired.remote_hitm:u	720	0	0
mem_load_l3_miss_retired.remote_hitm:u	721	0	0
mem_load_l3_miss_retired.remote_hitm:u	722	0	0
mem_load_l3_miss_retired.remote_hitm:u	723	0	0
mem_load_l3_miss_retired.remote_hitm:u	724	0	0
mem_load_l3_miss_retired.remote_hitm:u	725	0	0
mem_load_l3_miss_retired.remote_hitm:u	726	0	0
mem_load_l3_miss_retired.remote_hitm:u	727	0	0
mem_load_l3_miss_retired.remote_hitm:u	728	0	0
mem_load_l3_miss_retired.remote_hitm:u	729	0	0
mem_load_l3_miss_retired.remote_hitm:u	730	0	0
mem_load_l3_miss_retired.remote_hitm:u	731	0	0
mem_load_l3_miss_retired.remote_hitm:u	732	0	0
mem_load_l3_miss_retired.remote_hitm:u	733	0	0
mem_load_l3_miss_retired.remote_hitm:u	734	0	0
mem_load_l3_miss_retired.remote_hitm:u	735	0	0
mem_load_l3_miss_retired.remote_hitm:u	736	0	0
mem_load_l3_miss_retired.remote_hitm:u	737	0	0
mem_load_l3_miss_retired.remote_hitm:u	738	0	0
mem_load_l3_miss_retired.remote_hitm:u	739	0	0
mem_load_l3_miss_retired.remote_hitm:u	740	0	0
mem_load_l3_miss_retired.remote_hitm:u	741	0	0
mem_load_l3_miss_retired.remote_hitm:u	742	0	0
mem_load_l3_miss_retired.remote_hitm:u	743	0	0
mem_load_l3_miss_retired.remote_hitm:u	744	0	0
mem_load_l3_miss_retired.remote_hitm:u	745	0	0
mem_load_l3_miss_retired.remote_hitm:u	746	0	0
mem_load_l3_miss_retired.remote_hitm:u	747	0	0
mem_load_l3_miss_retired.remote_hitm:u	748	0	0
mem_load_l3_miss_retired.remote_hitm:u	749	0	0
mem_load_l3_miss_retired.remote_hitm:u	750	0	0
mem_load_l3_miss_retired.remote_hitm:u	751	0	0
mem_load_l3_miss_retired.remote_hitm:u	752	0	0
mem_load_l3_miss_retired.remote_hitm:u	753	0	0
mem_load_l3_miss_retired.remote_hitm:u	754	0	0
mem_load_l3_miss_retired.remote_hitm:u	755	0	0
mem_load_l3_miss_retired.remote_hitm:u	756	0	0
mem_load_l3_miss_retired.remote_hitm:u	757	0	0
mem_load_l3_miss_retired.remote_hitm:u	758	0	0
mem_load_l3_miss_retired.remote_hitm:u	759	0	0
mem_load_l3_miss_retired.remote_hitm:u	760	0	0
mem_load_l3_miss_retired.remote_hitm:u	761	0	0
mem_load_l3_miss_retired.remote_hitm:u	762	0	0
mem_load_l3_miss_retired.remote_hitm:u	763	0	0
mem_load_l3_miss_retired.remote_hitm:u	764	0	0
mem_load_l3_miss_retired.remote_hitm:u	765	0	0
mem_load_l3_miss_retired.remote_hitm:u	766	0	0
mem_load_l3_miss_retired.remote_hitm:u	767	0	0
mem_load_l3_miss_retired.remote_hitm:u	768	0	0
mem_load_l3_miss_retired.remote_hitm:u	769	0	0
mem_load_l3_miss_retired.remote_hitm:u	770	0	0
mem_load_l3_miss_retired.remote_hitm:u	771	0	0
mem_load_l3_miss_retired.remote_hitm:u	772	0	0
mem_load_l3_miss_retired.remote_hitm:u	773	0	0
mem_load_l3_miss_retired.remote_hitm:u	774	0	0
mem_load_l3_miss_retired.remote_hitm:u	775	0	0
mem_load_l3_miss_retired.remote_hitm:u	776	0	0
mem_load_l3_miss_retired.remote_hitm:u	777	0	0
mem_load_l3_miss_retired.remote_hitm:u	778	0	0
mem_load_l3_miss_retired.remote_hitm:u	779	0	0
mem_load_l3_miss_retired.remote_hitm:u	780	0	0
mem_load_l3_miss_retired.remote_hitm:u	781	0	0
mem_load_l3_miss_retired.remote_hitm:u	782	0	0
mem_load_l3_miss_retired.remote_hitm:u	783	0	0
mem_load_l3_miss_retired.remote_hitm:u	784	0	0
mem_load_l3_miss_retired.remote_hitm:u	785	0	0
mem_load_l3_miss_retired.remote_hitm:u	786	0	0
mem_load_l3_miss_retired.remote_hitm:u	787	0	0
mem_load_l3_miss_retired.remote_hitm:u	788	0	0
mem_load_l3_miss_retired.remote_hitm:u	789	0	0
mem_load_l3_miss_retired.remote_hitm:u	790	0	0
mem_load_l3_miss_retired.remote_hitm:u	791	0	0
mem_load_l3_miss_retired.remote_hitm:u	792	0	0
mem_load_l3_miss_retired.remote_hitm:u	793	0	0
mem_load_l3_miss_retired.remote_hitm:u	794	0	0
mem_load_l3_miss_retired.remote_hitm:u	795	0	0
mem_load_l3_miss_retired.remote_hitm:u	796	0	0
mem_load_l3_miss_retired.remote_hitm:u	797	0	0
mem_load_l3_miss_retired.remote_hitm:u	798	0	0
mem_load_l3_miss_retired.remote_hitm:u	799	0	0
mem_load_l3_miss_retired.remote_hitm:u	800	0	0
mem_load_l3_miss_retired.remote_hitm:u	801	0	0
mem_load_l3_miss_retired.remote_hitm:u	802	0	0
mem_load_l3_miss_retired.remote_hitm:u	803	0	0
mem_load_l3_miss_retired.remote_hitm:u	804	0	0
mem_load_l3_miss_retired.remote_hitm:u	805	0	0
mem_load_l3_miss_retired.remote_hitm:u	806	0	0
mem_load_l3_miss_retired.remote_hitm:u	807	0	0
mem_load_l3_miss_retired.remote_hitm:u	808	0	0
mem_load_l3_miss_retired.remote_hitm:u	809	0	0
mem_load_l3_miss_retired.remote_hitm:u	810	0	0
mem_load_l3_miss_retired.remote_hitm:u	811	0	0
mem_load_l3_miss_retired.remote_hitm:u	812	0	0
mem_load_l3_miss_retired.remote_hitm:u	813	0	0
mem_load_l3_miss_retired.remote_hitm:u	814	0	0
mem_load_l3_miss_retired.remote_hitm:u	815	0	0
mem_load_l3_miss_retired.remote_hitm:u	816	0	0
mem_load_l3_miss_retired.remote_hitm:u	817	0	0
mem_load_l3_miss_retired.remote_hitm:u	818	0	0
mem_load_l3_miss_retired.remote_hitm:u	819	0	0
mem_load_l3_miss_retired.remote_hitm:u	820	0	0
mem_load_l3_miss_retired.remote_hitm:u	821	0	0
mem_load_l3_miss_retired.remote_hitm:u	822	0	0
mem_load_l3_miss_retired.remote_hitm:u	823	0	0
mem_load_l3_miss_retired.remote_hitm:u	824	0	0
mem_load_l3_miss_retired.remote_hitm:u	825	0	0
mem_load_l3_miss_retired.remote_hitm:u	826	0	0
mem_load_l3_miss_retired.remote_hitm:u	827	0	0
mem_load_l3_miss_retired.remote_hitm:u	828	0	0
mem_load_l3_miss_retired.remote_hitm:u	829	0	0
mem_load_l3_miss_retired.remote_hitm:u	830	0	0
mem_load_l3_miss_retired.remote_hitm:u	831	0	0
mem_load_l3_miss_retired.remote_hitm:u	832	0	0
mem_load_l3_miss_retired.remote_hitm:u	833	0	0
mem_load_l3_miss_retired.remote_hitm:u	834	0	0
mem_load_l3_miss_retired.remote_hitm:u	835	0	0
mem_load_l3_miss_retired.remote_hitm:u	836	0	0
mem_load_l3_miss_retired.remote_hitm:u	837	0	0
mem_load_l3_miss_retired.remote_hitm:u	838	0	0
mem_load_l3_miss_retired.remote_hitm:u	839	0	0
mem_load_l3_miss_retired.remote_hitm:u	840	0	0
mem_load_l3_miss_retired.remote_hitm:u	841	0	0
mem_load_l3_miss_retired.remote_hitm:u	842	0	0
mem_load_l3_miss_retired.remote_hitm:u	843	0	0
mem_load_l3_miss_retired.remote_hitm:u	844	0	0
mem_load_l3_miss_retired.remote_hitm:u	845	0	0
mem_load_l3_miss_retired.remote_hitm:u	846	0	0
mem_load_l3_miss_retired.remote_hitm:u	847	0	0
mem_load_l3_miss_retired.remote_hitm:u	848	0	0
mem_load_l3_miss_retired.remote_hitm:u	849	0	0
mem_load_l3_miss_retired.remote_hitm:u	850	0	0
mem_load_l3_miss_retired.remote_hitm:u	851	0	0
mem_load_l3_miss_retired.remote_hitm:u	852	0	0
mem_load_l3_miss_retired.remote_hitm:u	853	0	0
mem_load_l3_miss_retired.remote_hitm:u	854	0	0
mem_load_l3_miss_retired.remote_hitm:u	855	0	0
mem_load_l3_miss_retired.remote_hitm:u	856	0	0
mem_load_l3_miss_retired.remote_hitm:u	857	0	0
mem_load_l3_miss_retired.remote_hitm:u	858	0	0
mem_load_l3_miss_retired.remote_hitm:u	859	0	0
mem_load_l3_miss_retired.remote_hitm:u	860	0	0
mem_load_l3_miss_retired.remote_hitm:u	861	0	0
mem_load_l3_miss_retired.remote_hitm:u	862	0	0
mem_load_l3_miss_retired.remote_hitm:u	863	0	0
mem_load_l3_miss_retired.remote_hitm:u	864	0	0
mem_load_l3_miss_retired.remote_hitm:u	865	0	0
mem_load_l3_miss_retired.remote_hitm:u	866	0	0
mem_load_l3_miss_retired.remote_hitm:u	867	0	0
mem_load_l3_miss_retired.remote_hitm:u	868	0	0
mem_load_l3_miss_retired.remote_hitm:u	869	0	0
mem_load_l3_miss_retired.remote_hitm:u	870	0	0
mem_load_l3_miss_retired.remote_hitm:u	871	0	0
mem_load_l3_miss_retired.remote_hitm:u	872	0	0
mem_load_l3_miss_retired.remote_hitm:u	873	0	0
mem_load_l3_miss_retired.remote_hitm:u	874	0	0
mem_load_l3_miss_retired.remote_hitm:u	875	0	0
mem_load_l3_miss_retired.remote_hitm:u	876	0	0
mem_load_l3_miss_retired.remote_hitm:u	877	0	0
mem_load_l3_miss_retired.remote_hitm:u	878	0	0
mem_load_l3_miss_retired.remote_hitm:u	879	0	0
mem_load_l3_miss_retired.remote_hitm:u	880	0	0
mem_load_l3_miss_retired.remote_hitm:u	881	0	0
mem_load_l3_miss_retired.remote_hitm:u	882	0	0
mem_load_l3_miss_retired.remote_hitm:u	883	0	0
mem_load_l3_miss_retired.remote_hitm:u	884	0	0
mem_load_l3_miss_retired.remote_hitm:u	885	0	0
mem_load_l3_miss_retired.remote_hitm:u	886	0	0
mem_load_l3_miss_retired.remote_hitm:u	887	0	0
mem_load_l3_miss_retired.remote_hitm:u	888	0	0
mem_load_l3_miss_retired.remote_hitm:u	889	0	0
mem_load_l3_miss_retired.remote_hitm:u	890	0	0
mem_load_l3_miss_retired.remote_hitm:u	891	0	0
mem_load_l3_miss_retired.remote_hitm:u	892	0	0
mem_load_l3_miss_retired.remote_hitm:u	893	0	0
mem_load_l3_miss_retired.remote_hitm:u	894	0	0
mem_load_l3_miss_retired.remote_hitm:u	895	0	0
mem_load_l3_miss_retired.remote_hitm:u	896	0	0
mem_load_l3_miss_retired.remote_hitm:u	897	0	0
mem_load_l3_miss_retired.remote_hitm:u	898	0	0
mem_load_l3_miss_retired.remote_hitm:u	899	0	0
mem_load_l3_miss_retired.remote_hitm:u	900	0	0
mem_load_l3_miss_retired.remote_hitm:u	901	0	0
mem_load_l3_miss_retired.remote_hitm:u	902	0	0
mem_load_l3_miss_retired.remote_hitm:u	903	0	0
mem_load_l3_miss_retired.remote_hitm:u	904	0	0
mem_load_l3_miss_retired.remote_hitm:u	905	0	0
mem_load_l3_miss_retired.remote_hitm:u	906	0	0
mem_load_l3_miss_retired.remote_hitm:u	907	0	0
mem_load_l3_miss_retired.remote_hitm:u	908	0	0
mem_load_l3_miss_retired.remote_hitm:u	909	0	0
mem_load_l3_miss_retired.remote_hitm:u	910	0	0
mem_load_l3_miss_retired.remote_hitm:u	911	0	0
mem_load_l3_miss_retired.remote_hitm:u	912	0	0
mem_load_l3_miss_retired.remote_hitm:u	913	0	0
mem_load_l3_miss_retired.remote_hitm:u	914	0	0
mem_load_l3_miss_retired.remote_hitm:u	915	0	0
mem_load_l3_miss_retired.remote_hitm:u	916	0	0
mem_load_l3_miss_retired.remote_hitm:u	917	0	0
mem_load_l3_miss_retired.remote_hitm:u	918	0	0
mem_load_l3_miss_retired.remote_hitm:u	919	0	0
mem_load_l3_miss_retired.remote_hitm:u	920	0	0
mem_load_l3_miss_retired.remote_hitm:u	921	0	0
mem_load_l3_miss_retired.remote_hitm:u	922	0	0
mem_load_l3_miss_retired.remote_hitm:u	923	0	0
mem_load_l3_miss_retired.remote_hitm:u	924	0	0
mem_load_l3_miss_retired.remote_hitm:u	925	0	0
mem_load_l3_miss_retired.remote_hitm:u	926	0	0
mem_load_l3_miss_retired.remote_hitm:u	927	0	0
mem_load_l3_miss_retired.remote_hitm:u	928	0	0
mem_load_l3_miss_retired.remote_hitm:u	929	0	0
mem_load_l3_miss_retired.remote_hitm:u	930	0	0
mem_load_l3_miss_retired.remote_hitm:u	931	0	0
mem_load_l3_miss_retired.remote_hitm:u	932	0	0
mem_load_l3_miss_retired.remote_hitm:u	933	0	0
mem_load_l3_miss_retired.remote_hitm:u	934	0	0
mem_load_l3_miss_retired.remote_hitm:u	935	0	0
mem_load_l3_miss_retired.remote_hitm:u	936	0	0
mem_load_l3_miss_retired.remote_hitm:u	937	0	0
mem_load_l3_miss_retired.remote_hitm:u	938	0	0
mem_load_l3_miss_retired.remote_hitm:u	939	0	0
mem_load_l3_miss_retired.remote_hitm:u	940	0	0
mem_load_l3_miss_retired.remote_hitm:u	941	0	0
mem_load_l3_miss_retired.remote_hitm:u	942	0	0
mem_load_l3_miss_retired.remote_hitm:u	943	0	0
mem_load_l3_miss_retired.remote_hitm:u	944	0	0
mem_load_l3_miss_retired.remote_hitm:u	945	0	0
mem_load_l3_miss_retired.remote_hitm:u	946	0	0
mem_load_l3_miss_retired.remote_hitm:u	947	0	0
mem_load_l3_miss_retired.remote_hitm:u	948	0	0
mem_load_l3_miss_retired.remote_hitm:u	949	0	0
mem_load_l3_miss_retired.remote_hitm:u	950	0	0
mem_load_l3_miss_retired.remote_hitm:u	951	0	0
mem_load_l3_miss_retired.remote_hitm:u	952	0	0
mem_load_l3_miss_retired.remote_hitm:u	953	0	0
mem_load_l3_miss_retired.remote_hitm:u	954	0	0
mem_load_l3_miss_retired.remote_hitm:u	955	0	0
mem_load_l3_miss_retired.remote_hitm:u	956	0	0
mem_load_l3_miss_retired.remote_hitm:u	957	0	0
mem_load_l3_miss_retired.remote_hitm:u	958	0	0
mem_load_l3_miss_retired.remote_hitm:u	959	0	0
mem_load_l3_miss_retired.remote_hitm:u	960	0	0
mem_load_l3_miss_retired.remote_hitm:u	961	0	0
mem_load_l3_miss_retired.remote_hitm:u	962	0	0
mem_load_l3_miss_retired.remote_hitm:u	963	0	0
mem_load_l3_miss_retired.remote_hitm:u	964	0	0
mem_load_l3_miss_retired.remote_hitm:u	965	0	0
mem_load_l3_miss_retired.remote_hitm:u	966	0	0
mem_load_l3_miss_retired.remote_hitm:u	967	0	0
mem_load_l3_miss_retired.remote_hitm:u	968	0	0
mem_load_l3_miss_retired.remote_hitm:u	969	0	0
mem_load_l3_miss_retired.remote_hitm:u	970	0	0
mem_load_l3_miss_retired.remote_hitm:u	971	0	0
mem_load_l3_miss_retired.remote_hitm:u	972	0	0
mem_load_l3_miss_retired.remote_hitm:u	973	0	0
mem_load_l3_miss_retired.remote_hitm:u	974	0	0
mem_load_l3_miss_retired.remote_hitm:u	975	0	0
mem_load_l3_miss_retired.remote_hitm:u	976	0	0
mem_load_l3_miss_retired.remote_hitm:u	977	0	0
mem_load_l3_miss_retired.remote_hitm:u	978	0	0
mem_load_l3_miss_retired.remote_hitm:u	979	0	0
mem_load_l3_miss_retired.remote_hitm:u	980	0	0
mem_load_l3_miss_retired.remote_hitm:u	981	0	0
mem_load_l3_miss_retired.remote_hitm:u	982	0	0
mem_load_l3_miss_retired.remote_hitm:u	983	0	0
mem_load_l3_miss_retired.remote_hitm:u	984	0	0
mem_load_l3_miss_retired.remote_hitm:u	985	0	0
mem_load_l3_miss_retired.remote_hitm:u	986	0	0
mem_load_l3_miss_retired.remote_hitm:u	987	0	0
mem_load_l3_miss_retired.remote_hitm:u	988	0	0
mem_load_l3_miss_retired.remote_hitm:u	989	0	0
mem_load_l3_miss_retired.remote_hitm:u	990	0	0
mem_load_l3_miss_retired.remote_hitm:u	991	0	0
mem_load_l3_miss_retired.remote_hitm:u	992	0	0
mem_load_l3_miss_retired.remote_hitm:u	993	0	0
mem_load_l3_miss_retired.remote_hitm:u	994	0	0
mem_load_l3_miss_retired.remote_hitm:u	995	0	0
mem_load_l3_miss_retired.remote_hitm:u	996	0	0
mem_load_l3_miss_retired.remote_hitm:u	997	0	0
mem_load_l3_miss_retired.remote_hitm:u	998	0	0
mem_load_l3_miss_retired.remote_hitm:u	999	0	0
mem_load_l3_miss_retired.remote_hitm:u	1000	0	0
fp_arith_inst_retired.512b_packed_double:u	1	0	0
fp_arith_inst_retired.512b_packed_double:u	2	0	0
fp_arith_inst_retired.512b_packed_double:u	3	0	0
fp_arith_inst_retired.512b_packed_double:u	4	0	0
fp_arith_inst_retired.512b_packed_double:u	5	0	0
fp_arith_inst_retired.512b_packed_double:u	6	0	0
fp_arith_inst_retired.512b_packed_double:u	7	0	0
fp_arith_inst_retired.512b_packed_double:u	8	0	0
fp_arith_inst_retired.512b_packed_double:u	9	0	0
fp_arith_inst_retired.512b_packed_double:u	10	0	0
fp_arith_inst_retired.512b_packed_double:u	11	0	0
fp_arith_inst_retired.512b_packed_double:u	12	0	0
fp_arith_inst_retired.512b_packed_double:u	13	0	0
fp_arith_inst_retired.512b_packed_double:u	14	0	0
fp_arith_inst_retired.512b_packed_double:u	15	0	0
fp_arith_inst_retired.512b_packed_double:u	16	0	0
fp_arith_inst_retired.512b_packed_double:u	17	0	0
fp_arith_inst_retired.512b_packed_double:u	18	0	0
fp_arith_inst_retired.512b_packed_double:u	19	0	0
fp_arith_inst_retired.512b_packed_double:u	20	0	0
fp_arith_inst_retired.512b_packed_double:u	21	0	0
fp_arith_inst_retired.512b_packed_double:u	22	0	0
fp_arith_inst_retired.512b_packed_double:u	23	0	0
fp_arith_inst_retired.512b_packed_double:u	24	0	0
fp_arith_inst_retired.512b_packed_double:u	25	0	0
fp_arith_inst_retired.512b_packed_double:u	26	0	0
fp_arith_inst_retired.512b_packed_double:u	27	0	0
fp_arith_inst_retired.512b_packed_double:u	28	0	0
fp_arith_inst_retired.512b_packed_double:u	29	0	0
fp_arith_inst_retired.512b_packed_double:u	30	0	0
fp_arith_inst_retired.512b_packed_double:u	31	0	0
fp_arith_inst_retired.512b_packed_double:u	32	0	0
fp_arith_inst_retired.512b_packed_double:u	33	0	0
fp_arith_inst_retired.512b_packed_double:u	34	0	0
fp_arith_inst_retired.512b_packed_double:u	35	0	0
fp_arith_inst_retired.512b_packed_double:u	36	0	0
fp_arith_inst_retired.512b_packed_double:u	37	0	0
fp_arith_inst_retired.512b_packed_double:u	38	0	0
fp_arith_inst_retired.512b_packed_double:u	39	0	0
fp_arith_inst_retired.512b_packed_double:u	40	0	0
fp_arith_inst_retired.512b_packed_double:u	41	0	0
fp_arith_inst_retired.512b_packed_double:u	42	0	0
fp_arith_inst_retired.512b_packed_double:u	43	0	0
fp_arith_inst_retired.512b_packed_double:u	44	0	0
fp_arith_inst_retired.512b_packed_double:u	45	0	0
fp_arith_inst_retired.512b_packed_double:u	46	0	0
fp_arith_inst_retired.512b_packed_double:u	47	0	0
fp_arith_inst_retired.512b_packed_double:u	48	0	0
fp_arith_inst_retired.512b_packed_double:u	49	0	0
fp_arith_inst_retired.512b_packed_double:u	50	0	0
fp_arith_inst_retired.512b_packed_double:u	51	0	0
fp_arith_inst_retired.512b_packed_double:u	52	0	0
fp_arith_inst_retired.512b_packed_double:u	53	0	0
fp_arith_inst_retired.512b_packed_double:u	54	0	0
fp_arith_inst_retired.512b_packed_double:u	55	0	0
fp_arith_inst_retired.512b_packed_double:u	56	0	0
fp_arith_inst_retired.512b_packed_double:u	57	0	0
fp_arith_inst_retired.512b_packed_double:u	58	0	0
fp_arith_inst_retired.512b_packed_double:u	59	0	0
fp_arith_inst_retired.512b_packed_double:u	60	0	0
fp_arith_inst_retired.512b_packed_double:u	61	0	0
fp_arith_inst_retired.512b_packed_double:u	62	0	0
fp_arith_inst_retired.512b_packed_double:u	63	0	0
fp_arith_inst_retired.512b_packed_double:u	64	0	0
fp_arith_inst_retired.512b_packed_double:u	65	0	0
fp_arith_inst_retired.512b_packed_double:u	66	0	0
fp_arith_inst_retired.512b_packed_double:u	67	0	0
fp_arith_inst_retired.512b_packed_double:u	68	0	0
fp_arith_inst_retired.512b_packed_double:u	69	0	0
fp_arith_inst_retired.512b_packed_double:u	70	0	0
fp_arith_inst_retired.512b_packed_double:u	71	0	0
fp_arith_inst_retired.512b_packed_double:u	72	0	0
fp_arith_inst_retired.512b_packed_double:u	73	0	0
fp_arith_inst_retired.512b_packed_double:u	74	0	0
fp_arith_inst_retired.512b_packed_double:u	75	0	0
fp_arith_inst_retired.512b_packed_double:u	76	0	0
fp_arith_inst_retired.512b_packed_double:u	77	0	0
fp_arith_inst_retired.512b_packed_double:u	78	0	0
fp_arith_inst_retired.512b_packed_double:u	79	0	0
fp_arith_inst_retired.512b_packed_double:u	80	0	0
fp_arith_inst_retired.512b_packed_double:u	81	0	0
fp_arith_inst_retired.512b_packed_double:u	82	0	0
fp_arith_inst_retired.512b_packed_double:u	83	0	0
fp_arith_inst_retired.512b_packed_double:u	84	0	0
fp_arith_inst_retired.512b_packed_double:u	85	0	0
fp_arith_inst_retired.512b_packed_double:u	86	0	0
fp_arith_inst_retired.512b_packed_double:u	87	0	0
fp_arith_inst_retired.512b_packed_double:u	88	0	0
fp_arith_inst_retired.512b_packed_double:u	89	0	0
fp_arith_inst_retired.512b_packed_double:u	90	0	0
fp_arith_inst_retired.512b_packed_double:u	91	0	0
fp_arith_inst_retired.512b_packed_double:u	92	0	0
fp_arith_inst_retired.512b_packed_double:u	93	0	0
fp_arith_inst_retired.512b_packed_double:u	94	0	0
fp_arith_inst_retired.512b_packed_double:u	95	0	0
fp_arith_inst_retired.512b_packed_double:u	96	0	0
fp_arith_inst_retired.512b_packed_double:u	97	0	0
fp_arith_inst_retired.512b_packed_double:u	98	0	0
fp_arith_inst_retired.512b_packed_double:u	99	0	0
fp_arith_inst_retired.512b_packed_double:u	100	0	0
fp_arith_inst_retired.512b_packed_double:u	101	0	0
fp_arith_inst_retired.512b_packed_double:u	102	0	0
fp_arith_inst_retired.512b_packed_double:u	103	0	0
fp_arith_inst_retired.512b_packed_double:u	104	0	0
fp_arith_inst_retired.512b_packed_double:u	105	0	0
fp_arith_inst_retired.512b_packed_double:u	106	0	0
fp_arith_inst_retired.512b_packed_double:u	107	0	0
fp_arith_inst_retired.512b_packed_double:u	108	0	0
fp_arith_inst_retired.512b_packed_double:u	109	0	0
fp_arith_inst_retired.512b_packed_double:u	110	0	0
fp_arith_inst_retired.512b_packed_double:u	111	0	0
fp_arith_inst_retired.512b_packed_double:u	112	0	0
fp_arith_inst_retired.512b_packed_double:u	113	0	0
fp_arith_inst_retired.512b_packed_double:u	114	0	0
fp_arith_inst_retired.512b_packed_double:u	115	0	0
fp_arith_inst_retired.512b_packed_double:u	116	0	0
fp_arith_inst_retired.512b_packed_double:u	117	0	0
fp_arith_inst_retired.512b_packed_double:u	118	0	0
fp_arith_inst_retired.512b_packed_double:u	119	0	0
fp_arith_inst_retired.512b_packed_double:u	120	0	0
fp_arith_inst_retired.512b_packed_double:u	121	0	0
fp_arith_inst_retired.512b_packed_double:u	122	0	0
fp_arith_inst_retired.512b_packed_double:u	123	0	0
fp_arith_inst_retired.512b_packed_double:u	124	0	0
fp_arith_inst_retired.512b_packed_double:u	125	0	0
fp_arith_inst_retired.512b_packed_double:u	126	0	0
fp_arith_inst_retired.512b_packed_double:u	127	0	0
fp_arith_inst_retired.512b_packed_double:u	128	0	0
fp_arith_inst_retired.512b_packed_double:u	129	0	0
fp_arith_inst_retired.512b_packed_double:u	130	0	0
fp_arith_inst_retired.512b_packed_double:u	131	0	0
fp_arith_inst_retired.512b_packed_double:u	132	0	0
fp_arith_inst_retired.512b_packed_double:u	133	0	0
fp_arith_inst_retired.512b_packed_double:u	134	0	0
fp_arith_inst_retired.512b_packed_double:u	135	0	0
fp_arith_inst_retired.512b_packed_double:u	136	0	0
fp_arith_inst_retired.512b_packed_double:u	137	0	0
fp_arith_inst_retired.512b_packed_double:u	138	0	0
fp_arith_inst_retired.512b_packed_double:u	139	0	0
fp_arith_inst_retired.512b_packed_double:u	140	0	0
fp_arith_inst_retired.512b_packed_double:u	141	0	0
fp_arith_inst_retired.512b_packed_double:u	142	0	0
fp_arith_inst_retired.512b_packed_double:u	143	0	0
fp_arith_inst_retired.512b_packed_double:u	144	0	0
fp_arith_inst_retired.512b_packed_double:u	145	0	0
fp_arith_inst_retired.512b_packed_double:u	146	0	0
fp_arith_inst_retired.512b_packed_double:u	147	0	0
fp_arith_inst_retired.512b_packed_double:u	148	0	0
fp_arith_inst_retired.512b_packed_double:u	149	0	0
fp_arith_inst_retired.512b_packed_double:u	150	0	0
fp_arith_inst_retired.512b_packed_double:u	151	0	0
fp_arith_inst_retired.512b_packed_double:u	152	0	0
fp_arith_inst_retired.512b_packed_double:u	153	0	0
fp_arith_inst_retired.512b_packed_double:u	154	0	0
fp_arith_inst_retired.512b_packed_double:u	155	0	0
fp_arith_inst_retired.512b_packed_double:u	156	0	0
fp_arith_inst_retired.512b_packed_double:u	157	0	0
fp_arith_inst_retired.512b_packed_double:u	158	0	0
fp_arith_inst_retired.512b_packed_double:u	159	0	0
fp_arith_inst_retired.512b_packed_double:u	160	0	0
fp_arith_inst_retired.512b_packed_double:u	161	0	0
fp_arith_inst_retired.512b_packed_double:u	162	0	0
fp_arith_inst_retired.512b_packed_double:u	163	0	0
fp_arith_inst_retired.512b_packed_double:u	164	0	0
fp_arith_inst_retired.512b_packed_double:u	165	0	0
fp_arith_inst_retired.512b_packed_double:u	166	0	0
fp_arith_inst_retired.512b_packed_double:u	167	0	0
fp_arith_inst_retired.512b_packed_double:u	168	0	0
fp_arith_inst_retired.512b_packed_double:u	169	0	0
fp_arith_inst_retired.512b_packed_double:u	170	0	0
fp_arith_inst_retired.512b_packed_double:u	171	0	0
fp_arith_inst_retired.512b_packed_double:u	172	0	0
fp_arith_inst_retired.512b_packed_double:u	173	0	0
fp_arith_inst_retired.512b_packed_double:u	174	0	0
fp_arith_inst_retired.512b_packed_double:u	175	0	0
fp_arith_inst_retired.512b_packed_double:u	176	0	0
fp_arith_inst_retired.512b_packed_double:u	177	0	0
fp_arith_inst_retired.512b_packed_double:u	178	0	0
fp_arith_inst_retired.512b_packed_double:u	179	0	0
fp_arith_inst_retired.512b_packed_double:u	180	0	0
fp_arith_inst_retired.512b_packed_double:u	181	0	0
fp_arith_inst_retired.512b_packed_double:u	182	0	0
fp_arith_inst_retired.512b_packed_double:u	183	0	0
fp_arith_inst_retired.512b_packed_double:u	184	0	0
fp_arith_inst_retired.512b_packed_double:u	185	0	0
fp_arith_inst_retired.512b_packed_double:u	186	0	0
fp_arith_inst_retired.512b_packed_double:u	187	0	0
fp_arith_inst_retired.512b_packed_double:u	188	0	0
fp_arith_inst_retired.512b_packed_double:u	189	0	0
fp_arith_inst_retired.512b_packed_double:u	190	0	0
fp_arith_inst_retired.512b_packed_double:u	191	0	0
fp_arith_inst_retired.512b_packed_double:u	192	0	0
fp_arith_inst_retired.512b_packed_double:u	193	0	0
fp_arith_inst_retired.512b_packed_double:u	194	0	0
fp_arith_inst_retired.512b_packed_double:u	195	0	0
fp_arith_inst_retired.512b_packed_double:u	196	0	0
fp_arith_inst_retired.512b_packed_double:u	197	0	0
fp_arith_inst_retired.512b_packed_double:u	198	0	0
fp_arith_inst_retired.512b_packed_double:u	199	0	0
fp_arith_inst_retired.512b_packed_double:u	200	0	0
fp_arith_inst_retired.512b_packed_double:u	201	0	0
fp_arith_inst_retired.512b_packed_double:u	202	0	0
fp_arith_inst_retired.512b_packed_double:u	203	0	0
fp_arith_inst_retired.512b_packed_double:u	204	0	0
fp_arith_inst_retired.512b_packed_double:u	205	0	0
fp_arith_inst_retired.512b_packed_double:u	206	0	0
fp_arith_inst_retired.512b_packed_double:u	207	0	0
fp_arith_inst_retired.512b_packed_double:u	208	0	0
fp_arith_inst_retired.512b_packed_double:u	209	0	0
fp_arith_inst_retired.512b_packed_double:u	210	0	0
fp_arith_inst_retired.512b_packed_double:u	211	0	0
fp_arith_inst_retired.512b_packed_double:u	212	0	0
fp_arith_inst_retired.512b_packed_double:u	213	0	0
fp_arith_inst_retired.512b_packed_double:u	214	0	0
fp_arith_inst_retired.512b_packed_double:u	215	0	0
fp_arith_inst_retired.512b_packed_double:u	216	0	0
fp_arith_inst_retired.512b_packed_double:u	217	0	0
fp_arith_inst_retired.512b_packed_double:u	218	0	0
fp_arith_inst_retired.512b_packed_double:u	219	0	0
fp_arith_inst_retired.512b_packed_double:u	220	0	0
fp_arith_inst_retired.512b_packed_double:u	221	0	0
fp_arith_inst_retired.512b_packed_double:u	222	0	0
fp_arith_inst_retired.512b_packed_double:u	223	0	0
fp_arith_inst_retired.512b_packed_double:u	224	0	0
fp_arith_inst_retired.512b_packed_double:u	225	0	0
fp_arith_inst_retired.512b_packed_double:u	226	0	0
fp_arith_inst_retired.512b_packed_double:u	227	0	0
fp_arith_inst_retired.512b_packed_double:u	228	0	0
fp_arith_inst_retired.512b_packed_double:u	229	0	0
fp_arith_inst_retired.512b_packed_double:u	230	0	0
fp_arith_inst_retired.512b_packed_double:u	231	0	0
fp_arith_inst_retired.512b_packed_double:u	232	0	0
fp_arith_inst_retired.512b_packed_double:u	233	0	0
fp_arith_inst_retired.512b_packed_double:u	234	0	0
fp_arith_inst_retired.512b_packed_double:u	235	0	0
fp_arith_inst_retired.512b_packed_double:u	236	0	0
fp_arith_inst_retired.512b_packed_double:u	237	0	0
fp_arith_inst_retired.512b_packed_double:u	238	0	0
fp_arith_inst_retired.512b_packed_double:u	239	0	0
fp_arith_inst_retired.512b_packed_double:u	240	0	0
fp_arith_inst_retired.512b_packed_double:u	241	0	0
fp_arith_inst_retired.512b_packed_double:u	242	0	0
fp_arith_inst_retired.512b_packed_double:u	243	0	0
fp_arith_inst_retired.512b_packed_double:u	244	0	0
fp_arith_inst_retired.512b_packed_double:u	245	0	0
fp_arith_inst_retired.512b_packed_double:u	246	0	0
fp_arith_inst_retired.512b_packed_double:u	247	0	0
fp_arith_inst_retired.512b_packed_double:u	248	0	0
fp_arith_inst_retired.512b_packed_double:u	249	0	0
fp_arith_inst_retired.512b_packed_double:u	250	0	0
fp_arith_inst_retired.512b_packed_double:u	251	0	0
fp_arith_inst_retired.512b_packed_double:u	252	0	0
fp_arith_inst_retired.512b_packed_double:u	253	0	0
fp_arith_inst_retired.512b_packed_double:u	254	0	0
fp_arith_inst_retired.512b_packed_double:u	255	0	0
fp_arith_inst_retired.512b_packed_double:u	256	0	0
fp_arith_inst_retired.512b_packed_double:u	257	0	0
fp_arith_inst_retired.512b_packed_double:u	258	0	0
fp_arith_inst_retired.512b_packed_double:u	259	0	0
fp_arith_inst_retired.512b_packed_double:u	260	0	0
fp_arith_inst_retired.512b_packed_double:u	261	0	0
fp_arith_inst_retired.512b_packed_double:u	262	0	0
fp_arith_inst_retired.512b_packed_double:u	263	0	0
fp_arith_inst_retired.512b_packed_double:u	264	0	0
fp_arith_inst_retired.512b_packed_double:u	265	0	0
fp_arith_inst_retired.512b_packed_double:u	266	0	0
fp_arith_inst_retired.512b_packed_double:u	267	0	0
fp_arith_inst_retired.512b_packed_double:u	268	0	0
fp_arith_inst_retired.512b_packed_double:u	269	0	0
fp_arith_inst_retired.512b_packed_double:u	270	0	0
fp_arith_inst_retired.512b_packed_double:u	271	0	0
fp_arith_inst_retired.512b_packed_double:u	272	0	0
fp_arith_inst_retired.512b_packed_double:u	273	0	0
fp_arith_inst_retired.512b_packed_double:u	274	0	0
fp_arith_inst_retired.512b_packed_double:u	275	0	0
fp_arith_inst_retired.512b_packed_double:u	276	0	0
fp_arith_inst_retired.512b_packed_double:u	277	0	0
fp_arith_inst_retired.512b_packed_double:u	278	0	0
fp_arith_inst_retired.512b_packed_double:u	279	0	0
fp_arith_inst_retired.512b_packed_double:u	280	0	0
fp_arith_inst_retired.512b_packed_double:u	281	0	0
fp_arith_inst_retired.512b_packed_double:u	282	0	0
fp_arith_inst_retired.512b_packed_double:u	283	0	0
fp_arith_inst_retired.512b_packed_double:u	284	0	0
fp_arith_inst_retired.512b_packed_double:u	285	0	0
fp_arith_inst_retired.512b_packed_double:u	286	0	0
fp_arith_inst_retired.512b_packed_double:u	287	0	0
fp_arith_inst_retired.512b_packed_double:u	288	0	0
fp_arith_inst_retired.512b_packed_double:u	289	0	0
fp_arith_inst_retired.512b_packed_double:u	290	0	0
fp_arith_inst_retired.512b_packed_double:u	291	0	0
fp_arith_inst_retired.512b_packed_double:u	292	0	0
fp_arith_inst_retired.512b_packed_double:u	293	0	0
fp_arith_inst_retired.512b_packed_double:u	294	0	0
fp_arith_inst_retired.512b_packed_double:u	295	0	0
fp_arith_inst_retired.512b_packed_double:u	296	0	0
fp_arith_inst_retired.512b_packed_double:u	297	0	0
fp_arith_inst_retired.512b_packed_double:u	298	0	0
fp_arith_inst_retired.512b_packed_double:u	299	0	0
fp_arith_inst_retired.512b_packed_double:u	300	0	0
fp_arith_inst_retired.512b_packed_double:u	301	0	0
fp_arith_inst_retired.512b_packed_double:u	302	0	0
fp_arith_inst_retired.512b_packed_double:u	303	0	0
fp_arith_inst_retired.512b_packed_double:u	304	0	0
fp_arith_inst_retired.512b_packed_double:u	305	0	0
fp_arith_inst_retired.512b_packed_double:u	306	0	0
fp_arith_inst_retired.512b_packed_double:u	307	0	0
fp_arith_inst_retired.512b_packed_double:u	308	0	0
fp_arith_inst_retired.512b_packed_double:u	309	0	0
fp_arith_inst_retired.512b_packed_double:u	310	0	0
fp_arith_inst_retired.512b_packed_double:u	311	0	0
fp_arith_inst_retired.512b_packed_double:u	312	0	0
fp_arith_inst_retired.512b_packed_double:u	313	0	0
fp_arith_inst_retired.512b_packed_double:u	314	0	0
fp_arith_inst_retired.512b_packed_double:u	315	0	0
fp_arith_inst_retired.512b_packed_double:u	316	0	0
fp_arith_inst_retired.512b_packed_double:u	317	0	0
fp_arith_inst_retired.512b_packed_double:u	318	0	0
fp_arith_inst_retired.512b_packed_double:u	319	0	0
fp_arith_inst_retired.512b_packed_double:u	320	0	0
fp_arith_inst_retired.512b_packed_double:u	321	0	0
fp_arith_inst_retired.512b_packed_double:u	322	0	0
fp_arith_inst_retired.512b_packed_double:u	323	0	0
fp_arith_inst_retired.512b_packed_double:u	324	0	0
fp_arith_inst_retired.512b_packed_double:u	325	0	0
fp_arith_inst_retired.512b_packed_double:u	326	0	0
fp_arith_inst_retired.512b_packed_double:u	327	0	0
fp_arith_inst_retired.512b_packed_double:u	328	0	0
fp_arith_inst_retired.512b_packed_double:u	329	0	0
fp_arith_inst_retired.512b_packed_double:u	330	0	0
fp_arith_inst_retired.512b_packed_double:u	331	0	0
fp_arith_inst_retired.512b_packed_double:u	332	0	0
fp_arith_inst_retired.512b_packed_double:u	333	0	0
fp_arith_inst_retired.512b_packed_double:u	334	0	0
fp_arith_inst_retired.512b_packed_double:u	335	0	0
fp_arith_inst_retired.512b_packed_double:u	336	0	0
fp_arith_inst_retired.512b_packed_double:u	337	0	0
fp_arith_inst_retired.512b_packed_double:u	338	0	0
fp_arith_inst_retired.512b_packed_double:u	339	0	0
fp_arith_inst_retired.512b_packed_double:u	340	0	0
fp_arith_inst_retired.512b_packed_double:u	341	0	0
fp_arith_inst_retired.512b_packed_double:u	342	0	0
fp_arith_inst_retired.512b_packed_double:u	343	0	0
fp_arith_inst_retired.512b_packed_double:u	344	0	0
fp_arith_inst_retired.512b_packed_double:u	345	0	0
fp_arith_inst_retired.512b_packed_double:u	346	0	0
fp_arith_inst_retired.512b_packed_double:u	347	0	0
fp_arith_inst_retired.512b_packed_double:u	348	0	0
fp_arith_inst_retired.512b_packed_double:u	349	0	0
fp_arith_inst_retired.512b_packed_double:u	350	0	0
fp_arith_inst_retired.512b_packed_double:u	351	0	0
fp_arith_inst_retired.512b_packed_double:u	352	0	0
fp_arith_inst_retired.512b_packed_double:u	353	0	0
fp_arith_inst_retired.512b_packed_double:u	354	0	0
fp_arith_inst_retired.512b_packed_double:u	355	0	0
fp_arith_inst_retired.512b_packed_double:u	356	0	0
fp_arith_inst_retired.512b_packed_double:u	357	0	0
fp_arith_inst_retired.512b_packed_double:u	358	0	0
fp_arith_inst_retired.512b_packed_double:u	359	0	0
fp_arith_inst_retired.512b_packed_double:u	360	0	0
fp_arith_inst_retired.512b_packed_double:u	361	0	0
fp_arith_inst_retired.512b_packed_double:u	362	0	0
fp_arith_inst_retired.512b_packed_double:u	363	0	0
fp_arith_inst_retired.512b_packed_double:u	364	0	0
fp_arith_inst_retired.512b_packed_double:u	365	0	0
fp_arith_inst_retired.512b_packed_double:u	366	0	0
fp_arith_inst_retired.512b_packed_double:u	367	0	0
fp_arith_inst_retired.512b_packed_double:u	368	0	0
fp_arith_inst_retired.512b_packed_double:u	369	0	0
fp_arith_inst_retired.512b_packed_double:u	370	0	0
fp_arith_inst_retired.512b_packed_double:u	371	0	0
fp_arith_inst_retired.512b_packed_double:u	372	0	0
fp_arith_inst_retired.512b_packed_double:u	373	0	0
fp_arith_inst_retired.512b_packed_double:u	374	0	0
fp_arith_inst_retired.512b_packed_double:u	375	0	0
fp_arith_inst_retired.512b_packed_double:u	376	0	0
fp_arith_inst_retired.512b_packed_double:u	377	0	0
fp_arith_inst_retired.512b_packed_double:u	378	0	0
fp_arith_inst_retired.512b_packed_double:u	379	0	0
fp_arith_inst_retired.512b_packed_double:u	380	0	0
fp_arith_inst_retired.512b_packed_double:u	381	0	0
fp_arith_inst_retired.512b_packed_double:u	382	0	0
fp_arith_inst_retired.512b_packed_double:u	383	0	0
fp_arith_inst_retired.512b_packed_double:u	384	0	0
fp_arith_inst_retired.512b_packed_double:u	385	0	0
fp_arith_inst_retired.512b_packed_double:u	386	0	0
fp_arith_inst_retired.512b_packed_double:u	387	0	0
fp_arith_inst_retired.512b_packed_double:u	388	0	0
fp_arith_inst_retired.512b_packed_double:u	389	0	0
fp_arith_inst_retired.512b_packed_double:u	390	0	0
fp_arith_inst_retired.512b_packed_double:u	391	0	0
fp_arith_inst_retired.512b_packed_double:u	392	0	0
fp_arith_inst_retired.512b_packed_double:u	393	0	0
fp_arith_inst_retired.512b_packed_double:u	394	0	0
fp_arith_inst_retired.512b_packed_double:u	395	0	0
fp_arith_inst_retired.512b_packed_double:u	396	0	0
fp_arith_inst_retired.512b_packed_double:u	397	0	0
fp_arith_inst_retired.512b_packed_double:u	398	0	0
fp_arith_inst_retired.512b_packed_double:u	399	0	0
fp_arith_inst_retired.512b_packed_double:u	400	0	0
fp_arith_inst_retired.512b_packed_double:u	401	0	0
fp_arith_inst_retired.512b_packed_double:u	402	0	0
fp_arith_inst_retired.512b_packed_double:u	403	0	0
fp_arith_inst_retired.512b_packed_double:u	404	0	0
fp_arith_inst_retired.512b_packed_double:u	405	0	0
fp_arith_inst_retired.512b_packed_double:u	406	0	0
fp_arith_inst_retired.512b_packed_double:u	407	0	0
fp_arith_inst_retired.512b_packed_double:u	408	0	0
fp_arith_inst_retired.512b_packed_double:u	409	0	0
fp_arith_inst_retired.512b_packed_double:u	410	0	0
fp_arith_inst_retired.512b_packed_double:u	411	0	0
fp_arith_inst_retired.512b_packed_double:u	412	0	0
fp_arith_inst_retired.512b_packed_double:u	413	0	0
fp_arith_inst_retired.512b_packed_double:u	414	0	0
fp_arith_inst_retired.512b_packed_double:u	415	0	0
fp_arith_inst_retired.512b_packed_double:u	416	0	0
fp_arith_inst_retired.512b_packed_double:u	417	0	0
fp_arith_inst_retired.512b_packed_double:u	418	0	0
fp_arith_inst_retired.512b_packed_double:u	419	0	0
fp_arith_inst_retired.512b_packed_double:u	420	0	0
fp_arith_inst_retired.512b_packed_double:u	421	0	0
fp_arith_inst_retired.512b_packed_double:u	422	0	0
fp_arith_inst_retired.512b_packed_double:u	423	0	0
fp_arith_inst_retired.512b_packed_double:u	424	0	0
fp_arith_inst_retired.512b_packed_double:u	425	0	0
fp_arith_inst_retired.512b_packed_double:u	426	0	0
fp_arith_inst_retired.512b_packed_double:u	427	0	0
fp_arith_inst_retired.512b_packed_double:u	428	0	0
fp_arith_inst_retired.512b_packed_double:u	429	0	0
fp_arith_inst_retired.512b_packed_double:u	430	0	0
fp_arith_inst_retired.512b_packed_double:u	431	0	0
fp_arith_inst_retired.512b_packed_double:u	432	0	0
fp_arith_inst_retired.512b_packed_double:u	433	0	0
fp_arith_inst_retired.512b_packed_double:u	434	0	0
fp_arith_inst_retired.512b_packed_double:u	435	0	0
fp_arith_inst_retired.512b_packed_double:u	436	0	0
fp_arith_inst_retired.512b_packed_double:u	437	0	0
fp_arith_inst_retired.512b_packed_double:u	438	0	0
fp_arith_inst_retired.512b_packed_double:u	439	0	0
fp_arith_inst_retired.512b_packed_double:u	440	0	0
fp_arith_inst_retired.512b_packed_double:u	441	0	0
fp_arith_inst_retired.512b_packed_double:u	442	0	0
fp_arith_inst_retired.512b_packed_double:u	443	0	0
fp_arith_inst_retired.512b_packed_double:u	444	0	0
fp_arith_inst_retired.512b_packed_double:u	445	0	0
fp_arith_inst_retired.512b_packed_double:u	446	0	0
fp_arith_inst_retired.512b_packed_double:u	447	0	0
fp_arith_inst_retired.512b_packed_double:u	448	0	0
fp_arith_inst_retired.512b_packed_double:u	449	0	0
fp_arith_inst_retired.512b_packed_double:u	450	0	0
fp_arith_inst_retired.512b_packed_double:u	451	0	0
fp_arith_inst_retired.512b_packed_double:u	452	0	0
fp_arith_inst_retired.512b_packed_double:u	453	0	0
fp_arith_inst_retired.512b_packed_double:u	454	0	0
fp_arith_inst_retired.512b_packed_double:u	455	0	0
fp_arith_inst_retired.512b_packed_double:u	456	0	0
fp_arith_inst_retired.512b_packed_double:u	457	0	0
fp_arith_inst_retired.512b_packed_double:u	458	0	0
fp_arith_inst_retired.512b_packed_double:u	459	0	0
fp_arith_inst_retired.512b_packed_double:u	460	0	0
fp_arith_inst_retired.512b_packed_double:u	461	0	0
fp_arith_inst_retired.512b_packed_double:u	462	0	0
fp_arith_inst_retired.512b_packed_double:u	463	0	0
fp_arith_inst_retired.512b_packed_double:u	464	0	0
fp_arith_inst_retired.512b_packed_double:u	465	0	0
fp_arith_inst_retired.512b_packed_double:u	466	0	0
fp_arith_inst_retired.512b_packed_double:u	467	0	0
fp_arith_inst_retired.512b_packed_double:u	468	0	0
fp_arith_inst_retired.512b_packed_double:u	469	0	0
fp_arith_inst_retired.512b_packed_double:u	470	0	0
fp_arith_inst_retired.512b_packed_double:u	471	0	0
fp_arith_inst_retired.512b_packed_double:u	472	0	0
fp_arith_inst_retired.512b_packed_double:u	473	0	0
fp_arith_inst_retired.512b_packed_double:u	474	0	0
fp_arith_inst_retired.512b_packed_double:u	475	0	0
fp_arith_inst_retired.512b_packed_double:u	476	0	0
fp_arith_inst_retired.512b_packed_double:u	477	0	0
fp_arith_inst_retired.512b_packed_double:u	478	0	0
fp_arith_inst_retired.512b_packed_double:u	479	0	0
fp_arith_inst_retired.512b_packed_double:u	480	0	0
fp_arith_inst_retired.512b_packed_double:u	481	0	0
fp_arith_inst_retired.512b_packed_double:u	482	0	0
fp_arith_inst_retired.512b_packed_double:u	483	0	0
fp_arith_inst_retired.512b_packed_double:u	484	0	0
fp_arith_inst_retired.512b_packed_double:u	485	0	0
fp_arith_inst_retired.512b_packed_double:u	486	0	0
fp_arith_inst_retired.512b_packed_double:u	487	0	0
fp_arith_inst_retired.512b_packed_double:u	488	0	0
fp_arith_inst_retired.512b_packed_double:u	489	0	0
fp_arith_inst_retired.512b_packed_double:u	490	0	0
fp_arith_inst_retired.512b_packed_double:u	491	0	0
fp_arith_inst_retired.512b_packed_double:u	492	0	0
fp_arith_inst_retired.512b_packed_double:u	493	0	0
fp_arith_inst_retired.512b_packed_double:u	494	0	0
fp_arith_inst_retired.512b_packed_double:u	495	0	0
fp_arith_inst_retired.512b_packed_double:u	496	0	0
fp_arith_inst_retired.512b_packed_double:u	497	0	0
fp_arith_inst_retired.512b_packed_double:u	498	0	0
fp_arith_inst_retired.512b_packed_double:u	499	0	0
fp_arith_inst_retired.512b_packed_double:u	500	0	0
fp_arith_inst_retired.512b_packed_double:u	501	0	0
fp_arith_inst_retired.512b_packed_double:u	502	0	0
fp_arith_inst_retired.512b_packed_double:u	503	0	0
fp_arith_inst_retired.512b_packed_double:u	504	0	0
fp_arith_inst_retired.512b_packed_double:u	505	0	0
fp_arith_inst_retired.512b_packed_double:u	506	0	0
fp_arith_inst_retired.512b_packed_double:u	507	0	0
fp_arith_inst_retired.512b_packed_double:u	508	0	0
fp_arith_inst_retired.512b_packed_double:u	509	0	0
fp_arith_inst_retired.512b_packed_double:u	510	0	0
fp_arith_inst_retired.512b_packed_double:u	511	0	0
fp_arith_inst_retired.512b_packed_double:u	512	0	0
fp_arith_inst_retired.512b_packed_double:u	513	0	0
fp_arith_inst_retired.512b_packed_double:u	514	0	0
fp_arith_inst_retired.512b_packed_double:u	515	0	0
fp_arith_inst_retired.512b_packed_double:u	516	0	0
fp_arith_inst_retired.512b_packed_double:u	517	0	0
fp_arith_inst_retired.512b_packed_double:u	518	0	0
fp_arith_inst_retired.512b_packed_double:u	519	0	0
fp_arith_inst_retired.512b_packed_double:u	520	0	0
fp_arith_inst_retired.512b_packed_double:u	521	0	0
fp_arith_inst_retired.512b_packed_double:u	522	0	0
fp_arith_inst_retired.512b_packed_double:u	523	0	0
fp_arith_inst_retired.512b_packed_double:u	524	0	0
fp_arith_inst_retired.512b_packed_double:u	525	0	0
fp_arith_inst_retired.512b_packed_double:u	526	0	0
fp_arith_inst_retired.512b_packed_double:u	527	0	0
fp_arith_inst_retired.512b_packed_double:u	528	0	0
fp_arith_inst_retired.512b_packed_double:u	529	0	0
fp_arith_inst_retired.512b_packed_double:u	530	0	0
fp_arith_inst_retired.512b_packed_double:u	531	0	0
fp_arith_inst_retired.512b_packed_double:u	532	0	0
fp_arith_inst_retired.512b_packed_double:u	533	0	0
fp_arith_inst_retired.512b_packed_double:u	534	0	0
fp_arith_inst_retired.512b_packed_double:u	535	0	0
fp_arith_inst_retired.512b_packed_double:u	536	0	0
fp_arith_inst_retired.512b_packed_double:u	537	0	0
fp_arith_inst_retired.512b_packed_double:u	538	0	0
fp_arith_inst_retired.512b_packed_double:u	539	0	0
fp_arith_inst_retired.512b_packed_double:u	540	0	0
fp_arith_inst_retired.512b_packed_double:u	541	0	0
fp_arith_inst_retired.512b_packed_double:u	542	0	0
fp_arith_inst_retired.512b_packed_double:u	543	0	0
fp_arith_inst_retired.512b_packed_double:u	544	0	0
fp_arith_inst_retired.512b_packed_double:u	545	0	0
fp_arith_inst_retired.512b_packed_double:u	546	0	0
fp_arith_inst_retired.512b_packed_double:u	547	0	0
fp_arith_inst_retired.512b_packed_double:u	548	0	0
fp_arith_inst_retired.512b_packed_double:u	549	0	0
fp_arith_inst_retired.512b_packed_double:u	550	0	0
fp_arith_inst_retired.512b_packed_double:u	551	0	0
fp_arith_inst_retired.512b_packed_double:u	552	0	0
fp_arith_inst_retired.512b_packed_double:u	553	0	0
fp_arith_inst_retired.512b_packed_double:u	554	0	0
fp_arith_inst_retired.512b_packed_double:u	555	0	0
fp_arith_inst_retired.512b_packed_double:u	556	0	0
fp_arith_inst_retired.512b_packed_double:u	557	0	0
fp_arith_inst_retired.512b_packed_double:u	558	0	0
fp_arith_inst_retired.512b_packed_double:u	559	0	0
fp_arith_inst_retired.512b_packed_double:u	560	0	0
fp_arith_inst_retired.512b_packed_double:u	561	0	0
fp_arith_inst_retired.512b_packed_double:u	562	0	0
fp_arith_inst_retired.512b_packed_double:u	563	0	0
fp_arith_inst_retired.512b_packed_double:u	564	0	0
fp_arith_inst_retired.512b_packed_double:u	565	0	0
fp_arith_inst_retired.512b_packed_double:u	566	0	0
fp_arith_inst_retired.512b_packed_double:u	567	0	0
fp_arith_inst_retired.512b_packed_double:u	568	0	0
fp_arith_inst_retired.512b_packed_double:u	569	0	0
fp_arith_inst_retired.512b_packed_double:u	570	0	0
fp_arith_inst_retired.512b_packed_double:u	571	0	0
fp_arith_inst_retired.512b_packed_double:u	572	0	0
fp_arith_inst_retired.512b_packed_double:u	573	0	0
fp_arith_inst_retired.512b_packed_double:u	574	0	0
fp_arith_inst_retired.512b_packed_double:u	575	0	0
fp_arith_inst_retired.512b_packed_double:u	576	0	0
fp_arith_inst_retired.512b_packed_double:u	577	0	0
fp_arith_inst_retired.512b_packed_double:u	578	0	0
fp_arith_inst_retired.512b_packed_double:u	579	0	0
fp_arith_inst_retired.512b_packed_double:u	580	0	0
fp_arith_inst_retired.512b_packed_double:u	581	0	0
fp_arith_inst_retired.512b_packed_double:u	582	0	0
fp_arith_inst_retired.512b_packed_double:u	583	0	0
fp_arith_inst_retired.512b_packed_double:u	584	0	0
fp_arith_inst_retired.512b_packed_double:u	585	0	0
fp_arith_inst_retired.512b_packed_double:u	586	0	0
fp_arith_inst_retired.512b_packed_double:u	587	0	0
fp_arith_inst_retired.512b_packed_double:u	588	0	0
fp_arith_inst_retired.512b_packed_double:u	589	0	0
fp_arith_inst_retired.512b_packed_double:u	590	0	0
fp_arith_inst_retired.512b_packed_double:u	591	0	0
fp_arith_inst_retired.512b_packed_double:u	592	0	0
fp_arith_inst_retired.512b_packed_double:u	593	0	0
fp_arith_inst_retired.512b_packed_double:u	594	0	0
fp_arith_inst_retired.512b_packed_double:u	595	0	0
fp_arith_inst_retired.512b_packed_double:u	596	0	0
fp_arith_inst_retired.512b_packed_double:u	597	0	0
fp_arith_inst_retired.512b_packed_double:u	598	0	0
fp_arith_inst_retired.512b_packed_double:u	599	0	0
fp_arith_inst_retired.512b_packed_double:u	600	0	0
fp_arith_inst_retired.512b_packed_double:u	601	0	0
fp_arith_inst_retired.512b_packed_double:u	602	0	0
fp_arith_inst_retired.512b_packed_double:u	603	0	0
fp_arith_inst_retired.512b_packed_double:u	604	0	0
fp_arith_inst_retired.512b_packed_double:u	605	0	0
fp_arith_inst_retired.512b_packed_double:u	606	0	0
fp_arith_inst_retired.512b_packed_double:u	607	0	0
fp_arith_inst_retired.512b_packed_double:u	608	0	0
fp_arith_inst_retired.512b_packed_double:u	609	0	0
fp_arith_inst_retired.512b_packed_double:u	610	0	0
fp_arith_inst_retired.512b_packed_double:u	611	0	0
fp_arith_inst_retired.512b_packed_double:u	612	0	0
fp_arith_inst_retired.512b_packed_double:u	613	0	0
fp_arith_inst_retired.512b_packed_double:u	614	0	0
fp_arith_inst_retired.512b_packed_double:u	615	0	0
fp_arith_inst_retired.512b_packed_double:u	616	0	0
fp_arith_inst_retired.512b_packed_double:u	617	0	0
fp_arith_inst_retired.512b_packed_double:u	618	0	0
fp_arith_inst_retired.512b_packed_double:u	619	0	0
fp_arith_inst_retired.512b_packed_double:u	620	0	0
fp_arith_inst_retired.512b_packed_double:u	621	0	0
fp_arith_inst_retired.512b_packed_double:u	622	0	0
fp_arith_inst_retired.512b_packed_double:u	623	0	0
fp_arith_inst_retired.512b_packed_double:u	624	0	0
fp_arith_inst_retired.512b_packed_double:u	625	0	0
fp_arith_inst_retired.512b_packed_double:u	626	0	0
fp_arith_inst_retired.512b_packed_double:u	627	0	0
fp_arith_inst_retired.512b_packed_double:u	628	0	0
fp_arith_inst_retired.512b_packed_double:u	629	0	0
fp_arith_inst_retired.512b_packed_double:u	630	0	0
fp_arith_inst_retired.512b_packed_double:u	631	0	0
fp_arith_inst_retired.512b_packed_double:u	632	0	0
fp_arith_inst_retired.512b_packed_double:u	633	0	0
fp_arith_inst_retired.512b_packed_double:u	634	0	0
fp_arith_inst_retired.512b_packed_double:u	635	0	0
fp_arith_inst_retired.512b_packed_double:u	636	0	0
fp_arith_inst_retired.512b_packed_double:u	637	0	0
fp_arith_inst_retired.512b_packed_double:u	638	0	0
fp_arith_inst_retired.512b_packed_double:u	639	0	0
fp_arith_inst_retired.512b_packed_double:u	640	0	0
fp_arith_inst_retired.512b_packed_double:u	641	0	0
fp_arith_inst_retired.512b_packed_double:u	642	0	0
fp_arith_inst_retired.512b_packed_double:u	643	0	0
fp_arith_inst_retired.512b_packed_double:u	644	0	0
fp_arith_inst_retired.512b_packed_double:u	645	0	0
fp_arith_inst_retired.512b_packed_double:u	646	0	0
fp_arith_inst_retired.512b_packed_double:u	647	0	0
fp_arith_inst_retired.512b_packed_double:u	648	0	0
fp_arith_inst_retired.512b_packed_double:u	649	0	0
fp_arith_inst_retired.512b_packed_double:u	650	0	0
fp_arith_inst_retired.512b_packed_double:u	651	0	0
fp_arith_inst_retired.512b_packed_double:u	652	0	0
fp_arith_inst_retired.512b_packed_double:u	653	0	0
fp_arith_inst_retired.512b_packed_double:u	654	0	0
fp_arith_inst_retired.512b_packed_double:u	655	0	0
fp_arith_inst_retired.512b_packed_double:u	656	0	0
fp_arith_inst_retired.512b_packed_double:u	657	0	0
fp_arith_inst_retired.512b_packed_double:u	658	0	0
fp_arith_inst_retired.512b_packed_double:u	659	0	0
fp_arith_inst_retired.512b_packed_double:u	660	0	0
fp_arith_inst_retired.512b_packed_double:u	661	0	0
fp_arith_inst_retired.512b_packed_double:u	662	0	0
fp_arith_inst_retired.512b_packed_double:u	663	0	0
fp_arith_inst_retired.512b_packed_double:u	664	0	0
fp_arith_inst_retired.512b_packed_double:u	665	0	0
fp_arith_inst_retired.512b_packed_double:u	666	0	0
fp_arith_inst_retired.512b_packed_double:u	667	0	0
fp_arith_inst_retired.512b_packed_double:u	668	0	0
fp_arith_inst_retired.512b_packed_double:u	669	0	0
fp_arith_inst_retired.512b_packed_double:u	670	0	0
fp_arith_inst_retired.512b_packed_double:u	671	0	0
fp_arith_inst_retired.512b_packed_double:u	672	0	0
fp_arith_inst_retired.512b_packed_double:u	673	0	0
fp_arith_inst_retired.512b_packed_double:u	674	0	0
fp_arith_inst_retired.512b_packed_double:u	675	0	0
fp_arith_inst_retired.512b_packed_double:u	676	0	0
fp_arith_inst_retired.512b_packed_double:u	677	0	0
fp_arith_inst_retired.512b_packed_double:u	678	0	0
fp_arith_inst_retired.512b_packed_double:u	679	0	0
fp_arith_inst_retired.512b_packed_double:u	680	0	0
fp_arith_inst_retired.512b_packed_double:u	681	0	0
fp_arith_inst_retired.512b_packed_double:u	682	0	0
fp_arith_inst_retired.512b_packed_double:u	683	0	0
fp_arith_inst_retired.512b_packed_double:u	684	0	0
fp_arith_inst_retired.512b_packed_double:u	685	0	0
fp_arith_inst_retired.512b_packed_double:u	686	0	0
fp_arith_inst_retired.512b_packed_double:u	687	0	0
fp_arith_inst_retired.512b_packed_double:u	688	0	0
fp_arith_inst_retired.512b_packed_double:u	689	0	0
fp_arith_inst_retired.512b_packed_double:u	690	0	0
fp_arith_inst_retired.512b_packed_double:u	691	0	0
fp_arith_inst_retired.512b_packed_double:u	692	0	0
fp_arith_inst_retired.512b_packed_double:u	693	0	0
fp_arith_inst_retired.512b_packed_double:u	694	0	0
fp_arith_inst_retired.512b_packed_double:u	695	0	0
fp_arith_inst_retired.512b_packed_double:u	696	0	0
fp_arith_inst_retired.512b_packed_double:u	697	0	0
fp_arith_inst_retired.512b_packed_double:u	698	0	0
fp_arith_inst_retired.512b_packed_double:u	699	0	0
fp_arith_inst_retired.512b_packed_double:u	700	0	0
fp_arith_inst_retired.512b_packed_double:u	701	0	0
fp_arith_inst_retired.512b_packed_double:u	702	0	0
fp_arith_inst_retired.512b_packed_double:u	703	0	0
fp_arith_inst_retired.512b_packed_double:u	704	0	0
fp_arith_inst_retired.512b_packed_double:u	705	0	0
fp_arith_inst_retired.512b_packed_double:u	706	0	0
fp_arith_inst_retired.512b_packed_double:u	707	0	0
fp_arith_inst_retired.512b_packed_double:u	708	0	0
fp_arith_inst_retired.512b_packed_double:u	709	0	0
fp_arith_inst_retired.512b_packed_double:u	710	0	0
fp_arith_inst_retired.512b_packed_double:u	711	0	0
fp_arith_inst_retired.512b_packed_double:u	712	0	0
fp_arith_inst_retired.512b_packed_double:u	713	0	0
fp_arith_inst_retired.512b_packed_double:u	714	0	0
fp_arith_inst_retired.512b_packed_double:u	715	0	0
fp_arith_inst_retired.512b_packed_double:u	716	0	0
fp_arith_inst_retired.512b_packed_double:u	717	0	0
fp_arith_inst_retired.512b_packed_double:u	718	0	0
fp_arith_inst_retired.512b_packed_double:u	719	0	0
fp_arith_inst_retired.512b_packed_double:u	720	0	0
fp_arith_inst_retired.512b_packed_double:u	721	0	0
fp_arith_inst_retired.512b_packed_double:u	722	0	0
fp_arith_inst_retired.512b_packed_double:u	723	0	0
fp_arith_inst_retired.512b_packed_double:u	724	0	0
fp_arith_inst_retired.512b_packed_double:u	725	0	0
fp_arith_inst_retired.512b_packed_double:u	726	0	0
fp_arith_inst_retired.512b_packed_double:u	727	0	0
fp_arith_inst_retired.512b_packed_double:u	728	0	0
fp_arith_inst_retired.512b_packed_double:u	729	0	0
fp_arith_inst_retired.512b_packed_double:u	730	0	0
fp_arith_inst_retired.512b_packed_double:u	731	0	0
fp_arith_inst_retired.512b_packed_double:u	732	0	0
fp_arith_inst_retired.512b_packed_double:u	733	0	0
fp_arith_inst_retired.512b_packed_double:u	734	0	0
fp_arith_inst_retired.512b_packed_double:u	735	0	0
fp_arith_inst_retired.512b_packed_double:u	736	0	0
fp_arith_inst_retired.512b_packed_double:u	737	0	0
fp_arith_inst_retired.512b_packed_double:u	738	0	0
fp_arith_inst_retired.512b_packed_double:u	739	0	0
fp_arith_inst_retired.512b_packed_double:u	740	0	0
fp_arith_inst_retired.512b_packed_double:u	741	0	0
fp_arith_inst_retired.512b_packed_double:u	742	0	0
fp_arith_inst_retired.512b_packed_double:u	743	0	0
fp_arith_inst_retired.512b_packed_double:u	744	0	0
fp_arith_inst_retired.512b_packed_double:u	745	0	0
fp_arith_inst_retired.512b_packed_double:u	746	0	0
fp_arith_inst_retired.512b_packed_double:u	747	0	0
fp_arith_inst_retired.512b_packed_double:u	748	0	0
fp_arith_inst_retired.512b_packed_double:u	749	0	0
fp_arith_inst_retired.512b_packed_double:u	750	0	0
fp_arith_inst_retired.512b_packed_double:u	751	0	0
fp_arith_inst_retired.512b_packed_double:u	752	0	0
fp_arith_inst_retired.512b_packed_double:u	753	0	0
fp_arith_inst_retired.512b_packed_double:u	754	0	0
fp_arith_inst_retired.512b_packed_double:u	755	0	0
fp_arith_inst_retired.512b_packed_double:u	756	0	0
fp_arith_inst_retired.512b_packed_double:u	757	0	0
fp_arith_inst_retired.512b_packed_double:u	758	0	0
fp_arith_inst_retired.512b_packed_double:u	759	0	0
fp_arith_inst_retired.512b_packed_double:u	760	0	0
fp_arith_inst_retired.512b_packed_double:u	761	0	0
fp_arith_inst_retired.512b_packed_double:u	762	0	0
fp_arith_inst_retired.512b_packed_double:u	763	0	0
fp_arith_inst_retired.512b_packed_double:u	764	0	0
fp_arith_inst_retired.512b_packed_double:u	765	0	0
fp_arith_inst_retired.512b_packed_double:u	766	0	0
fp_arith_inst_retired.512b_packed_double:u	767	0	0
fp_arith_inst_retired.512b_packed_double:u	768	0	0
fp_arith_inst_retired.512b_packed_double:u	769	0	0
fp_arith_inst_retired.512b_packed_double:u	770	0	0
fp_arith_inst_retired.512b_packed_double:u	771	0	0
fp_arith_inst_retired.512b_packed_double:u	772	0	0
fp_arith_inst_retired.512b_packed_double:u	773	0	0
fp_arith_inst_retired.512b_packed_double:u	774	0	0
fp_arith_inst_retired.512b_packed_double:u	775	0	0
fp_arith_inst_retired.512b_packed_double:u	776	0	0
fp_arith_inst_retired.512b_packed_double:u	777	0	0
fp_arith_inst_retired.512b_packed_double:u	778	0	0
fp_arith_inst_retired.512b_packed_double:u	779	0	0
fp_arith_inst_retired.512b_packed_double:u	780	0	0
fp_arith_inst_retired.512b_packed_double:u	781	0	0
fp_arith_inst_retired.512b_packed_double:u	782	0	0
fp_arith_inst_retired.512b_packed_double:u	783	0	0
fp_arith_inst_retired.512b_packed_double:u	784	0	0
fp_arith_inst_retired.512b_packed_double:u	785	0	0
fp_arith_inst_retired.512b_packed_double:u	786	0	0
fp_arith_inst_retired.512b_packed_double:u	787	0	0
fp_arith_inst_retired.512b_packed_double:u	788	0	0
fp_arith_inst_retired.512b_packed_double:u	789	0	0
fp_arith_inst_retired.512b_packed_double:u	790	0	0
fp_arith_inst_retired.512b_packed_double:u	791	0	0
fp_arith_inst_retired.512b_packed_double:u	792	0	0
fp_arith_inst_retired.512b_packed_double:u	793	0	0
fp_arith_inst_retired.512b_packed_double:u	794	0	0
fp_arith_inst_retired.512b_packed_double:u	795	0	0
fp_arith_inst_retired.512b_packed_double:u	796	0	0
fp_arith_inst_retired.512b_packed_double:u	797	0	0
fp_arith_inst_retired.512b_packed_double:u	798	0	0
fp_arith_inst_retired.512b_packed_double:u	799	0	0
fp_arith_inst_retired.512b_packed_double:u	800	0	0
fp_arith_inst_retired.512b_packed_double:u	801	0	0
fp_arith_inst_retired.512b_packed_double:u	802	0	0
fp_arith_inst_retired.512b_packed_double:u	803	0	0
fp_arith_inst_retired.512b_packed_double:u	804	0	0
fp_arith_inst_retired.512b_packed_double:u	805	0	0
fp_arith_inst_retired.512b_packed_double:u	806	0	0
fp_arith_inst_retired.512b_packed_double:u	807	0	0
fp_arith_inst_retired.512b_packed_double:u	808	0	0
fp_arith_inst_retired.512b_packed_double:u	809	0	0
fp_arith_inst_retired.512b_packed_double:u	810	0	0
fp_arith_inst_retired.512b_packed_double:u	811	0	0
fp_arith_inst_retired.512b_packed_double:u	812	0	0
fp_arith_inst_retired.512b_packed_double:u	813	0	0
fp_arith_inst_retired.512b_packed_double:u	814	0	0
fp_arith_inst_retired.512b_packed_double:u	815	0	0
fp_arith_inst_retired.512b_packed_double:u	816	0	0
fp_arith_inst_retired.512b_packed_double:u	817	0	0
fp_arith_inst_retired.512b_packed_double:u	818	0	0
fp_arith_inst_retired.512b_packed_double:u	819	0	0
fp_arith_inst_retired.512b_packed_double:u	820	0	0
fp_arith_inst_retired.512b_packed_double:u	821	0	0
fp_arith_inst_retired.512b_packed_double:u	822	0	0
fp_arith_inst_retired.512b_packed_double:u	823	0	0
fp_arith_inst_retired.512b_packed_double:u	824	0	0
fp_arith_inst_retired.512b_packed_double:u	825	0	0
fp_arith_inst_retired.512b_packed_double:u	826	0	0
fp_arith_inst_retired.512b_packed_double:u	827	0	0
fp_arith_inst_retired.512b_packed_double:u	828	0	0
fp_arith_inst_retired.512b_packed_double:u	829	0	0
fp_arith_inst_retired.512b_packed_double:u	830	0	0
fp_arith_inst_retired.512b_packed_double:u	831	0	0
fp_arith_inst_retired.512b_packed_double:u	832	0	0
fp_arith_inst_retired.512b_packed_double:u	833	0	0
fp_arith_inst_retired.512b_packed_double:u	834	0	0
fp_arith_inst_retired.512b_packed_double:u	835	0	0
fp_arith_inst_retired.512b_packed_double:u	836	0	0
fp_arith_inst_retired.512b_packed_double:u	837	0	0
fp_arith_inst_retired.512b_packed_double:u	838	0	0
fp_arith_inst_retired.512b_packed_double:u	839	0	0
fp_arith_inst_retired.512b_packed_double:u	840	0	0
fp_arith_inst_retired.512b_packed_double:u	841	0	0
fp_arith_inst_retired.512b_packed_double:u	842	0	0
fp_arith_inst_retired.512b_packed_double:u	843	0	0
fp_arith_inst_retired.512b_packed_double:u	844	0	0
fp_arith_inst_retired.512b_packed_double:u	845	0	0
fp_arith_inst_retired.512b_packed_double:u	846	0	0
fp_arith_inst_retired.512b_packed_double:u	847	0	0
fp_arith_inst_retired.512b_packed_double:u	848	0	0
fp_arith_inst_retired.512b_packed_double:u	849	0	0
fp_arith_inst_retired.512b_packed_double:u	850	0	0
fp_arith_inst_retired.512b_packed_double:u	851	0	0
fp_arith_inst_retired.512b_packed_double:u	852	0	0
fp_arith_inst_retired.512b_packed_double:u	853	0	0
fp_arith_inst_retired.512b_packed_double:u	854	0	0
fp_arith_inst_retired.512b_packed_double:u	855	0	0
fp_arith_inst_retired.512b_packed_double:u	856	0	0
fp_arith_inst_retired.512b_packed_double:u	857	0	0
fp_arith_inst_retired.512b_packed_double:u	858	0	0
fp_arith_inst_retired.512b_packed_double:u	859	0	0
fp_arith_inst_retired.512b_packed_double:u	860	0	0
fp_arith_inst_retired.512b_packed_double:u	861	0	0
fp_arith_inst_retired.512b_packed_double:u	862	0	0
fp_arith_inst_retired.512b_packed_double:u	863	0	0
fp_arith_inst_retired.512b_packed_double:u	864	0	0
fp_arith_inst_retired.512b_packed_double:u	865	0	0
fp_arith_inst_retired.512b_packed_double:u	866	0	0
fp_arith_inst_retired.512b_packed_double:u	867	0	0
fp_arith_inst_retired.512b_packed_double:u	868	0	0
fp_arith_inst_retired.512b_packed_double:u	869	0	0
fp_arith_inst_retired.512b_packed_double:u	870	0	0
fp_arith_inst_retired.512b_packed_double:u	871	0	0
fp_arith_inst_retired.512b_packed_double:u	872	0	0
fp_arith_inst_retired.512b_packed_double:u	873	0	0
fp_arith_inst_retired.512b_packed_double:u	874	0	0
fp_arith_inst_retired.512b_packed_double:u	875	0	0
fp_arith_inst_retired.512b_packed_double:u	876	0	0
fp_arith_inst_retired.512b_packed_double:u	877	0	0
fp_arith_inst_retired.512b_packed_double:u	878	0	0
fp_arith_inst_retired.512b_packed_double:u	879	0	0
fp_arith_inst_retired.512b_packed_double:u	880	0	0
fp_arith_inst_retired.512b_packed_double:u	881	0	0
fp_arith_inst_retired.512b_packed_double:u	882	0	0
fp_arith_inst_retired.512b_packed_double:u	883	0	0
fp_arith_inst_retired.512b_packed_double:u	884	0	0
fp_arith_inst_retired.512b_packed_double:u	885	0	0
fp_arith_inst_retired.512b_packed_double:u	886	0	0
fp_arith_inst_retired.512b_packed_double:u	887	0	0
fp_arith_inst_retired.512b_packed_double:u	888	0	0
fp_arith_inst_retired.512b_packed_double:u	889	0	0
fp_arith_inst_retired.512b_packed_double:u	890	0	0
fp_arith_inst_retired.512b_packed_double:u	891	0	0
fp_arith_inst_retired.512b_packed_double:u	892	0	0
fp_arith_inst_retired.512b_packed_double:u	893	0	0
fp_arith_inst_retired.512b_packed_double:u	894	0	0
fp_arith_inst_retired.512b_packed_double:u	895	0	0
fp_arith_inst_retired.512b_packed_double:u	896	0	0
fp_arith_inst_retired.512b_packed_double:u	897	0	0
fp_arith_inst_retired.512b_packed_double:u	898	0	0
fp_arith_inst_retired.512b_packed_double:u	899	0	0
fp_arith_inst_retired.512b_packed_double:u	900	0	0
fp_arith_inst_retired.512b_packed_double:u	901	0	0
fp_arith_inst_retired.512b_packed_double:u	902	0	0
fp_arith_inst_retired.512b_packed_double:u	903	0	0
fp_arith_inst_retired.512b_packed_double:u	904	0	0
fp_arith_inst_retired.512b_packed_double:u	905	0	0
fp_arith_inst_retired.512b_packed_double:u	906	0	0
fp_arith_inst_retired.512b_packed_double:u	907	0	0
fp_arith_inst_retired.512b_packed_double:u	908	0	0
fp_arith_inst_retired.512b_packed_double:u	909	0	0
fp_arith_inst_retired.512b_packed_double:u	910	0	0
fp_arith_inst_retired.512b_packed_double:u	911	0	0
fp_arith_inst_retired.512b_packed_double:u	912	0	0
fp_arith_inst_retired.512b_packed_double:u	913	0	0
fp_arith_inst_retired.512b_packed_double:u	914	0	0
fp_arith_inst_retired.512b_packed_double:u	915	0	0
fp_arith_inst_retired.512b_packed_double:u	916	0	0
fp_arith_inst_retired.512b_packed_double:u	917	0	0
fp_arith_inst_retired.512b_packed_double:u	918	0	0
fp_arith_inst_retired.512b_packed_double:u	919	0	0
fp_arith_inst_retired.512b_packed_double:u	920	0	0
fp_arith_inst_retired.512b_packed_double:u	921	0	0
fp_arith_inst_retired.512b_packed_double:u	922	0	0
fp_arith_inst_retired.512b_packed_double:u	923	0	0
fp_arith_inst_retired.512b_packed_double:u	924	0	0
fp_arith_inst_retired.512b_packed_double:u	925	0	0
fp_arith_inst_retired.512b_packed_double:u	926	0	0
fp_arith_inst_retired.512b_packed_double:u	927	0	0
fp_arith_inst_retired.512b_packed_double:u	928	0	0
fp_arith_inst_retired.512b_packed_double:u	929	0	0
fp_arith_inst_retired.512b_packed_double:u	930	0	0
fp_arith_inst_retired.512b_packed_double:u	931	0	0
fp_arith_inst_retired.512b_packed_double:u	932	0	0
fp_arith_inst_retired.512b_packed_double:u	933	0	0
fp_arith_inst_retired.512b_packed_double:u	934	0	0
fp_arith_inst_retired.512b_packed_double:u	935	0	0
fp_arith_inst_retired.512b_packed_double:u	936	0	0
fp_arith_inst_retired.512b_packed_double:u	937	0	0
fp_arith_inst_retired.512b_packed_double:u	938	0	0
fp_arith_inst_retired.512b_packed_double:u	939	0	0
fp_arith_inst_retired.512b_packed_double:u	940	0	0
fp_arith_inst_retired.512b_packed_double:u	941	0	0
fp_arith_inst_retired.512b_packed_double:u	942	0	0
fp_arith_inst_retired.512b_packed_double:u	943	0	0
fp_arith_inst_retired.512b_packed_double:u	944	0	0
fp_arith_inst_retired.512b_packed_double:u	945	0	0
fp_arith_inst_retired.512b_packed_double:u	946	0	0
fp_arith_inst_retired.512b_packed_double:u	947	0	0
fp_arith_inst_retired.512b_packed_double:u	948	0	0
fp_arith_inst_retired.512b_packed_double:u	949	0	0
fp_arith_inst_retired.512b_packed_double:u	950	0	0
fp_arith_inst_retired.512b_packed_double:u	951	0	0
fp_arith_inst_retired.512b_packed_double:u	952	0	0
fp_arith_inst_retired.512b_packed_double:u	953	0	0
fp_arith_inst_retired.512b_packed_double:u	954	0	0
fp_arith_inst_retired.512b_packed_double:u	955	0	0
fp_arith_inst_retired.512b_packed_double:u	956	0	0
fp_arith_inst_retired.512b_packed_double:u	957	0	0
fp_arith_inst_retired.512b_packed_double:u	958	0	0
fp_arith_inst_retired.512b_packed_double:u	959	0	0
fp_arith_inst_retired.512b_packed_double:u	960	0	0
fp_arith_inst_retired.512b_packed_double:u	961	0	0
fp_arith_inst_retired.512b_packed_double:u	962	0	0
fp_arith_inst_retired.512b_packed_double:u	963	0	0
fp_arith_inst_retired.512b_packed_double:u	964	0	0
fp_arith_inst_retired.512b_packed_double:u	965	0	0
fp_arith_inst_retired.512b_packed_double:u	966	0	0
fp_arith_inst_retired.512b_packed_double:u	967	0	0
fp_arith_inst_retired.512b_packed_double:u	968	0	0
fp_arith_inst_retired.512b_packed_double:u	969	0	0
fp_arith_inst_retired.512b_packed_double:u	970	0	0
fp_arith_inst_retired.512b_packed_double:u	971	0	0
fp_arith_inst_retired.512b_packed_double:u	972	0	0
fp_arith_inst_retired.512b_packed_double:u	973	0	0
fp_arith_inst_retired.512b_packed_double:u	974	0	0
fp_arith_inst_retired.512b_packed_double:u	975	0	0
fp_arith_inst_retired.512b_packed_double:u	976	0	0
fp_arith_inst_retired.512b_packed_double:u	977	0	0
fp_arith_inst_retired.512b_packed_double:u	978	0	0
fp_arith_inst_retired.512b_packed_double:u	979	0	0
fp_arith_inst_retired.512b_packed_double:u	980	0	0
fp_arith_inst_retired.512b_packed_double:u	981	0	0
fp_arith_inst_retired.512b_packed_double:u	982	0	0
fp_arith_inst_retired.512b_packed_double:u	983	0	0
fp_arith_inst_retired.512b_packed_double:u	984	0	0
fp_arith_inst_retired.512b_packed_double:u	985	0	0
fp_arith_inst_retired.512b_packed_double:u	986	0	0
fp_arith_inst_retired.512b_packed_double:u	987	0	0
fp_arith_inst_retired.512b_packed_double:u	988	0	0
fp_arith_inst_retired.512b_packed_double:u	989	0	0
fp_arith_inst_retired.512b_packed_double:u	990	0	0
fp_arith_inst_retired.512b_packed_double:u	991	0	0
fp_arith_inst_retired.512b_packed_double:u	992	0	0
fp_arith_inst_retired.512b_packed_double:u	993	0	0
fp_arith_inst_retired.512b_packed_double:u	994	0	0
fp_arith_inst_retired.512b_packed_double:u	995	0	0
fp_arith_inst_retired.512b_packed_double:u	996	0	0
fp_arith_inst_retired.512b_packed_double:u	997	0	0
fp_arith_inst_retired.512b_packed_double:u	998	0	0
fp_arith_inst_retired.512b_packed_double:u	999	0	0
fp_arith_inst_retired.512b_packed_double:u	1000	0	0
idq.all_mite_cycles_4_uops:u	1	1831908287	0
idq.all_mite_cycles_4_uops:u	2	1832001196	0
cycle_activity.cycles_l3_miss:u	1	68142787	0
cycle_activity.cycles_l3_miss:u	2	71675986	0
tx_exec.misc1:u	1	0	0
tx_exec.misc1:u	2	0	0
tx_exec.misc1:u	3	0	0
tx_exec.misc1:u	4	0	0
tx_exec.misc1:u	5	0	0
tx_exec.misc1:u	6	0	0
tx_exec.misc1:u	7	0	0
tx_exec.misc1:u	8	0	0
tx_exec.misc1:u	9	0	0
tx_exec.misc1:u	10	0	0
tx_exec.misc1:u	11	0	0
tx_exec.misc1:u	12	0	0
tx_exec.misc1:u	13	0	0
tx_exec.misc1:u	14	0	0
tx_exec.misc1:u	15	0	0
tx_exec.misc1:u	16	0	0
tx_exec.misc1:u	17	0	0
tx_exec.misc1:u	18	0	0
tx_exec.misc1:u	19	0	0
tx_exec.misc1:u	20	0	0
tx_exec.misc1:u	21	0	0
tx_exec.misc1:u	22	0	0
tx_exec.misc1:u	23	0	0
tx_exec.misc1:u	24	0	0
tx_exec.misc1:u	25	0	0
tx_exec.misc1:u	26	0	0
tx_exec.misc1:u	27	0	0
tx_exec.misc1:u	28	0	0
tx_exec.misc1:u	29	0	0
tx_exec.misc1:u	30	0	0
tx_exec.misc1:u	31	0	0
tx_exec.misc1:u	32	0	0
tx_exec.misc1:u	33	0	0
tx_exec.misc1:u	34	0	0
tx_exec.misc1:u	35	0	0
tx_exec.misc1:u	36	0	0
tx_exec.misc1:u	37	0	0
tx_exec.misc1:u	38	0	0
tx_exec.misc1:u	39	0	0
tx_exec.misc1:u	40	0	0
tx_exec.misc1:u	41	0	0
tx_exec.misc1:u	42	0	0
tx_exec.misc1:u	43	0	0
tx_exec.misc1:u	44	0	0
tx_exec.misc1:u	45	0	0
tx_exec.misc1:u	46	0	0
tx_exec.misc1:u	47	0	0
tx_exec.misc1:u	48	0	0
tx_exec.misc1:u	49	0	0
tx_exec.misc1:u	50	0	0
tx_exec.misc1:u	51	0	0
tx_exec.misc1:u	52	0	0
tx_exec.misc1:u	53	0	0
tx_exec.misc1:u	54	0	0
tx_exec.misc1:u	55	0	0
tx_exec.misc1:u	56	0	0
tx_exec.misc1:u	57	0	0
tx_exec.misc1:u	58	0	0
tx_exec.misc1:u	59	0	0
tx_exec.misc1:u	60	0	0
tx_exec.misc1:u	61	0	0
tx_exec.misc1:u	62	0	0
tx_exec.misc1:u	63	0	0
tx_exec.misc1:u	64	0	0
tx_exec.misc1:u	65	0	0
tx_exec.misc1:u	66	0	0
tx_exec.misc1:u	67	0	0
tx_exec.misc1:u	68	0	0
tx_exec.misc1:u	69	0	0
tx_exec.misc1:u	70	0	0
tx_exec.misc1:u	71	0	0
tx_exec.misc1:u	72	0	0
tx_exec.misc1:u	73	0	0
tx_exec.misc1:u	74	0	0
tx_exec.misc1:u	75	0	0
tx_exec.misc1:u	76	0	0
tx_exec.misc1:u	77	0	0
tx_exec.misc1:u	78	0	0
tx_exec.misc1:u	79	0	0
tx_exec.misc1:u	80	0	0
tx_exec.misc1:u	81	0	0
tx_exec.misc1:u	82	0	0
tx_exec.misc1:u	83	0	0
tx_exec.misc1:u	84	0	0
tx_exec.misc1:u	85	0	0
tx_exec.misc1:u	86	0	0
tx_exec.misc1:u	87	0	0
tx_exec.misc1:u	88	0	0
tx_exec.misc1:u	89	0	0
tx_exec.misc1:u	90	0	0
tx_exec.misc1:u	91	0	0
tx_exec.misc1:u	92	0	0
tx_exec.misc1:u	93	0	0
tx_exec.misc1:u	94	0	0
tx_exec.misc1:u	95	0	0
tx_exec.misc1:u	96	0	0
tx_exec.misc1:u	97	0	0
tx_exec.misc1:u	98	0	0
tx_exec.misc1:u	99	0	0
tx_exec.misc1:u	100	0	0
tx_exec.misc1:u	101	0	0
tx_exec.misc1:u	102	0	0
tx_exec.misc1:u	103	0	0
tx_exec.misc1:u	104	0	0
tx_exec.misc1:u	105	0	0
tx_exec.misc1:u	106	0	0
tx_exec.misc1:u	107	0	0
tx_exec.misc1:u	108	0	0
tx_exec.misc1:u	109	0	0
tx_exec.misc1:u	110	0	0
tx_exec.misc1:u	111	0	0
tx_exec.misc1:u	112	0	0
tx_exec.misc1:u	113	0	0
tx_exec.misc1:u	114	0	0
tx_exec.misc1:u	115	0	0
tx_exec.misc1:u	116	0	0
tx_exec.misc1:u	117	0	0
tx_exec.misc1:u	118	0	0
tx_exec.misc1:u	119	0	0
tx_exec.misc1:u	120	0	0
tx_exec.misc1:u	121	0	0
tx_exec.misc1:u	122	0	0
tx_exec.misc1:u	123	0	0
tx_exec.misc1:u	124	0	0
tx_exec.misc1:u	125	0	0
tx_exec.misc1:u	126	0	0
tx_exec.misc1:u	127	0	0
tx_exec.misc1:u	128	0	0
tx_exec.misc1:u	129	0	0
tx_exec.misc1:u	130	0	0
tx_exec.misc1:u	131	0	0
tx_exec.misc1:u	132	0	0
tx_exec.misc1:u	133	0	0
tx_exec.misc1:u	134	0	0
tx_exec.misc1:u	135	0	0
tx_exec.misc1:u	136	0	0
tx_exec.misc1:u	137	0	0
tx_exec.misc1:u	138	0	0
tx_exec.misc1:u	139	0	0
tx_exec.misc1:u	140	0	0
tx_exec.misc1:u	141	0	0
tx_exec.misc1:u	142	0	0
tx_exec.misc1:u	143	0	0
tx_exec.misc1:u	144	0	0
tx_exec.misc1:u	145	0	0
tx_exec.misc1:u	146	0	0
tx_exec.misc1:u	147	0	0
tx_exec.misc1:u	148	0	0
tx_exec.misc1:u	149	0	0
tx_exec.misc1:u	150	0	0
tx_exec.misc1:u	151	0	0
tx_exec.misc1:u	152	0	0
tx_exec.misc1:u	153	0	0
tx_exec.misc1:u	154	0	0
tx_exec.misc1:u	155	0	0
tx_exec.misc1:u	156	0	0
tx_exec.misc1:u	157	0	0
tx_exec.misc1:u	158	0	0
tx_exec.misc1:u	159	0	0
tx_exec.misc1:u	160	0	0
tx_exec.misc1:u	161	0	0
tx_exec.misc1:u	162	0	0
tx_exec.misc1:u	163	0	0
tx_exec.misc1:u	164	0	0
tx_exec.misc1:u	165	0	0
tx_exec.misc1:u	166	0	0
tx_exec.misc1:u	167	0	0
tx_exec.misc1:u	168	0	0
tx_exec.misc1:u	169	0	0
tx_exec.misc1:u	170	0	0
tx_exec.misc1:u	171	0	0
tx_exec.misc1:u	172	0	0
tx_exec.misc1:u	173	0	0
tx_exec.misc1:u	174	0	0
tx_exec.misc1:u	175	0	0
tx_exec.misc1:u	176	0	0
tx_exec.misc1:u	177	0	0
tx_exec.misc1:u	178	0	0
tx_exec.misc1:u	179	0	0
tx_exec.misc1:u	180	0	0
tx_exec.misc1:u	181	0	0
tx_exec.misc1:u	182	0	0
tx_exec.misc1:u	183	0	0
tx_exec.misc1:u	184	0	0
tx_exec.misc1:u	185	0	0
tx_exec.misc1:u	186	0	0
tx_exec.misc1:u	187	0	0
tx_exec.misc1:u	188	0	0
tx_exec.misc1:u	189	0	0
tx_exec.misc1:u	190	0	0
tx_exec.misc1:u	191	0	0
tx_exec.misc1:u	192	0	0
tx_exec.misc1:u	193	0	0
tx_exec.misc1:u	194	0	0
tx_exec.misc1:u	195	0	0
tx_exec.misc1:u	196	0	0
tx_exec.misc1:u	197	0	0
tx_exec.misc1:u	198	0	0
tx_exec.misc1:u	199	0	0
tx_exec.misc1:u	200	0	0
tx_exec.misc1:u	201	0	0
tx_exec.misc1:u	202	0	0
tx_exec.misc1:u	203	0	0
tx_exec.misc1:u	204	0	0
tx_exec.misc1:u	205	0	0
tx_exec.misc1:u	206	0	0
tx_exec.misc1:u	207	0	0
tx_exec.misc1:u	208	0	0
tx_exec.misc1:u	209	0	0
tx_exec.misc1:u	210	0	0
tx_exec.misc1:u	211	0	0
tx_exec.misc1:u	212	0	0
tx_exec.misc1:u	213	0	0
tx_exec.misc1:u	214	0	0
tx_exec.misc1:u	215	0	0
tx_exec.misc1:u	216	0	0
tx_exec.misc1:u	217	0	0
tx_exec.misc1:u	218	0	0
tx_exec.misc1:u	219	0	0
tx_exec.misc1:u	220	0	0
tx_exec.misc1:u	221	0	0
tx_exec.misc1:u	222	0	0
tx_exec.misc1:u	223	0	0
tx_exec.misc1:u	224	0	0
tx_exec.misc1:u	225	0	0
tx_exec.misc1:u	226	0	0
tx_exec.misc1:u	227	0	0
tx_exec.misc1:u	228	0	0
tx_exec.misc1:u	229	0	0
tx_exec.misc1:u	230	0	0
tx_exec.misc1:u	231	0	0
tx_exec.misc1:u	232	0	0
tx_exec.misc1:u	233	0	0
tx_exec.misc1:u	234	0	0
tx_exec.misc1:u	235	0	0
tx_exec.misc1:u	236	0	0
tx_exec.misc1:u	237	0	0
tx_exec.misc1:u	238	0	0
tx_exec.misc1:u	239	0	0
tx_exec.misc1:u	240	0	0
tx_exec.misc1:u	241	0	0
tx_exec.misc1:u	242	0	0
tx_exec.misc1:u	243	0	0
tx_exec.misc1:u	244	0	0
tx_exec.misc1:u	245	0	0
tx_exec.misc1:u	246	0	0
tx_exec.misc1:u	247	0	0
tx_exec.misc1:u	248	0	0
tx_exec.misc1:u	249	0	0
tx_exec.misc1:u	250	0	0
tx_exec.misc1:u	251	0	0
tx_exec.misc1:u	252	0	0
tx_exec.misc1:u	253	0	0
tx_exec.misc1:u	254	0	0
tx_exec.misc1:u	255	0	0
tx_exec.misc1:u	256	0	0
tx_exec.misc1:u	257	0	0
tx_exec.misc1:u	258	0	0
tx_exec.misc1:u	259	0	0
tx_exec.misc1:u	260	0	0
tx_exec.misc1:u	261	0	0
tx_exec.misc1:u	262	0	0
tx_exec.misc1:u	263	0	0
tx_exec.misc1:u	264	0	0
tx_exec.misc1:u	265	0	0
tx_exec.misc1:u	266	0	0
tx_exec.misc1:u	267	0	0
tx_exec.misc1:u	268	0	0
tx_exec.misc1:u	269	0	0
tx_exec.misc1:u	270	0	0
tx_exec.misc1:u	271	0	0
tx_exec.misc1:u	272	0	0
tx_exec.misc1:u	273	0	0
tx_exec.misc1:u	274	0	0
tx_exec.misc1:u	275	0	0
tx_exec.misc1:u	276	0	0
tx_exec.misc1:u	277	0	0
tx_exec.misc1:u	278	0	0
tx_exec.misc1:u	279	0	0
tx_exec.misc1:u	280	0	0
tx_exec.misc1:u	281	0	0
tx_exec.misc1:u	282	0	0
tx_exec.misc1:u	283	0	0
tx_exec.misc1:u	284	0	0
tx_exec.misc1:u	285	0	0
tx_exec.misc1:u	286	0	0
tx_exec.misc1:u	287	0	0
tx_exec.misc1:u	288	0	0
tx_exec.misc1:u	289	0	0
tx_exec.misc1:u	290	0	0
tx_exec.misc1:u	291	0	0
tx_exec.misc1:u	292	0	0
tx_exec.misc1:u	293	0	0
tx_exec.misc1:u	294	0	0
tx_exec.misc1:u	295	0	0
tx_exec.misc1:u	296	0	0
tx_exec.misc1:u	297	0	0
tx_exec.misc1:u	298	0	0
tx_exec.misc1:u	299	0	0
tx_exec.misc1:u	300	0	0
tx_exec.misc1:u	301	0	0
tx_exec.misc1:u	302	0	0
tx_exec.misc1:u	303	0	0
tx_exec.misc1:u	304	0	0
tx_exec.misc1:u	305	0	0
tx_exec.misc1:u	306	0	0
tx_exec.misc1:u	307	0	0
tx_exec.misc1:u	308	0	0
tx_exec.misc1:u	309	0	0
tx_exec.misc1:u	310	0	0
tx_exec.misc1:u	311	0	0
tx_exec.misc1:u	312	0	0
tx_exec.misc1:u	313	0	0
tx_exec.misc1:u	314	0	0
tx_exec.misc1:u	315	0	0
tx_exec.misc1:u	316	0	0
tx_exec.misc1:u	317	0	0
tx_exec.misc1:u	318	0	0
tx_exec.misc1:u	319	0	0
tx_exec.misc1:u	320	0	0
tx_exec.misc1:u	321	0	0
tx_exec.misc1:u	322	0	0
tx_exec.misc1:u	323	0	0
tx_exec.misc1:u	324	0	0
tx_exec.misc1:u	325	0	0
tx_exec.misc1:u	326	0	0
tx_exec.misc1:u	327	0	0
tx_exec.misc1:u	328	0	0
tx_exec.misc1:u	329	0	0
tx_exec.misc1:u	330	0	0
tx_exec.misc1:u	331	0	0
tx_exec.misc1:u	332	0	0
tx_exec.misc1:u	333	0	0
tx_exec.misc1:u	334	0	0
tx_exec.misc1:u	335	0	0
tx_exec.misc1:u	336	0	0
tx_exec.misc1:u	337	0	0
tx_exec.misc1:u	338	0	0
tx_exec.misc1:u	339	0	0
tx_exec.misc1:u	340	0	0
tx_exec.misc1:u	341	0	0
tx_exec.misc1:u	342	0	0
tx_exec.misc1:u	343	0	0
tx_exec.misc1:u	344	0	0
tx_exec.misc1:u	345	0	0
tx_exec.misc1:u	346	0	0
tx_exec.misc1:u	347	0	0
tx_exec.misc1:u	348	0	0
tx_exec.misc1:u	349	0	0
tx_exec.misc1:u	350	0	0
tx_exec.misc1:u	351	0	0
tx_exec.misc1:u	352	0	0
tx_exec.misc1:u	353	0	0
tx_exec.misc1:u	354	0	0
tx_exec.misc1:u	355	0	0
tx_exec.misc1:u	356	0	0
tx_exec.misc1:u	357	0	0
tx_exec.misc1:u	358	0	0
tx_exec.misc1:u	359	0	0
tx_exec.misc1:u	360	0	0
tx_exec.misc1:u	361	0	0
tx_exec.misc1:u	362	0	0
tx_exec.misc1:u	363	0	0
tx_exec.misc1:u	364	0	0
tx_exec.misc1:u	365	0	0
tx_exec.misc1:u	366	0	0
tx_exec.misc1:u	367	0	0
tx_exec.misc1:u	368	0	0
tx_exec.misc1:u	369	0	0
tx_exec.misc1:u	370	0	0
tx_exec.misc1:u	371	0	0
tx_exec.misc1:u	372	0	0
tx_exec.misc1:u	373	0	0
tx_exec.misc1:u	374	0	0
tx_exec.misc1:u	375	0	0
tx_exec.misc1:u	376	0	0
tx_exec.misc1:u	377	0	0
tx_exec.misc1:u	378	0	0
tx_exec.misc1:u	379	0	0
tx_exec.misc1:u	380	0	0
tx_exec.misc1:u	381	0	0
tx_exec.misc1:u	382	0	0
tx_exec.misc1:u	383	0	0
tx_exec.misc1:u	384	0	0
tx_exec.misc1:u	385	0	0
tx_exec.misc1:u	386	0	0
tx_exec.misc1:u	387	0	0
tx_exec.misc1:u	388	0	0
tx_exec.misc1:u	389	0	0
tx_exec.misc1:u	390	0	0
tx_exec.misc1:u	391	0	0
tx_exec.misc1:u	392	0	0
tx_exec.misc1:u	393	0	0
tx_exec.misc1:u	394	0	0
tx_exec.misc1:u	395	0	0
tx_exec.misc1:u	396	0	0
tx_exec.misc1:u	397	0	0
tx_exec.misc1:u	398	0	0
tx_exec.misc1:u	399	0	0
tx_exec.misc1:u	400	0	0
tx_exec.misc1:u	401	0	0
tx_exec.misc1:u	402	0	0
tx_exec.misc1:u	403	0	0
tx_exec.misc1:u	404	0	0
tx_exec.misc1:u	405	0	0
tx_exec.misc1:u	406	0	0
tx_exec.misc1:u	407	0	0
tx_exec.misc1:u	408	0	0
tx_exec.misc1:u	409	0	0
tx_exec.misc1:u	410	0	0
tx_exec.misc1:u	411	0	0
tx_exec.misc1:u	412	0	0
tx_exec.misc1:u	413	0	0
tx_exec.misc1:u	414	0	0
tx_exec.misc1:u	415	0	0
tx_exec.misc1:u	416	0	0
tx_exec.misc1:u	417	0	0
tx_exec.misc1:u	418	0	0
tx_exec.misc1:u	419	0	0
tx_exec.misc1:u	420	0	0
tx_exec.misc1:u	421	0	0
tx_exec.misc1:u	422	0	0
tx_exec.misc1:u	423	0	0
tx_exec.misc1:u	424	0	0
tx_exec.misc1:u	425	0	0
tx_exec.misc1:u	426	0	0
tx_exec.misc1:u	427	0	0
tx_exec.misc1:u	428	0	0
tx_exec.misc1:u	429	0	0
tx_exec.misc1:u	430	0	0
tx_exec.misc1:u	431	0	0
tx_exec.misc1:u	432	0	0
tx_exec.misc1:u	433	0	0
tx_exec.misc1:u	434	0	0
tx_exec.misc1:u	435	0	0
tx_exec.misc1:u	436	0	0
tx_exec.misc1:u	437	0	0
tx_exec.misc1:u	438	0	0
tx_exec.misc1:u	439	0	0
tx_exec.misc1:u	440	0	0
tx_exec.misc1:u	441	0	0
tx_exec.misc1:u	442	0	0
tx_exec.misc1:u	443	0	0
tx_exec.misc1:u	444	0	0
tx_exec.misc1:u	445	0	0
tx_exec.misc1:u	446	0	0
tx_exec.misc1:u	447	0	0
tx_exec.misc1:u	448	0	0
tx_exec.misc1:u	449	0	0
tx_exec.misc1:u	450	0	0
tx_exec.misc1:u	451	0	0
tx_exec.misc1:u	452	0	0
tx_exec.misc1:u	453	0	0
tx_exec.misc1:u	454	0	0
tx_exec.misc1:u	455	0	0
tx_exec.misc1:u	456	0	0
tx_exec.misc1:u	457	0	0
tx_exec.misc1:u	458	0	0
tx_exec.misc1:u	459	0	0
tx_exec.misc1:u	460	0	0
tx_exec.misc1:u	461	0	0
tx_exec.misc1:u	462	0	0
tx_exec.misc1:u	463	0	0
tx_exec.misc1:u	464	0	0
tx_exec.misc1:u	465	0	0
tx_exec.misc1:u	466	0	0
tx_exec.misc1:u	467	0	0
tx_exec.misc1:u	468	0	0
tx_exec.misc1:u	469	0	0
tx_exec.misc1:u	470	0	0
tx_exec.misc1:u	471	0	0
tx_exec.misc1:u	472	0	0
tx_exec.misc1:u	473	0	0
tx_exec.misc1:u	474	0	0
tx_exec.misc1:u	475	0	0
tx_exec.misc1:u	476	0	0
tx_exec.misc1:u	477	0	0
tx_exec.misc1:u	478	0	0
tx_exec.misc1:u	479	0	0
tx_exec.misc1:u	480	0	0
tx_exec.misc1:u	481	0	0
tx_exec.misc1:u	482	0	0
tx_exec.misc1:u	483	0	0
tx_exec.misc1:u	484	0	0
tx_exec.misc1:u	485	0	0
tx_exec.misc1:u	486	0	0
tx_exec.misc1:u	487	0	0
tx_exec.misc1:u	488	0	0
tx_exec.misc1:u	489	0	0
tx_exec.misc1:u	490	0	0
tx_exec.misc1:u	491	0	0
tx_exec.misc1:u	492	0	0
tx_exec.misc1:u	493	0	0
tx_exec.misc1:u	494	0	0
tx_exec.misc1:u	495	0	0
tx_exec.misc1:u	496	0	0
tx_exec.misc1:u	497	0	0
tx_exec.misc1:u	498	0	0
tx_exec.misc1:u	499	0	0
tx_exec.misc1:u	500	0	0
tx_exec.misc1:u	501	0	0
tx_exec.misc1:u	502	0	0
tx_exec.misc1:u	503	0	0
tx_exec.misc1:u	504	0	0
tx_exec.misc1:u	505	0	0
tx_exec.misc1:u	506	0	0
tx_exec.misc1:u	507	0	0
tx_exec.misc1:u	508	0	0
tx_exec.misc1:u	509	0	0
tx_exec.misc1:u	510	0	0
tx_exec.misc1:u	511	0	0
tx_exec.misc1:u	512	0	0
tx_exec.misc1:u	513	0	0
tx_exec.misc1:u	514	0	0
tx_exec.misc1:u	515	0	0
tx_exec.misc1:u	516	0	0
tx_exec.misc1:u	517	0	0
tx_exec.misc1:u	518	0	0
tx_exec.misc1:u	519	0	0
tx_exec.misc1:u	520	0	0
tx_exec.misc1:u	521	0	0
tx_exec.misc1:u	522	0	0
tx_exec.misc1:u	523	0	0
tx_exec.misc1:u	524	0	0
tx_exec.misc1:u	525	0	0
tx_exec.misc1:u	526	0	0
tx_exec.misc1:u	527	0	0
tx_exec.misc1:u	528	0	0
tx_exec.misc1:u	529	0	0
tx_exec.misc1:u	530	0	0
tx_exec.misc1:u	531	0	0
tx_exec.misc1:u	532	0	0
tx_exec.misc1:u	533	0	0
tx_exec.misc1:u	534	0	0
tx_exec.misc1:u	535	0	0
tx_exec.misc1:u	536	0	0
tx_exec.misc1:u	537	0	0
tx_exec.misc1:u	538	0	0
tx_exec.misc1:u	539	0	0
tx_exec.misc1:u	540	0	0
tx_exec.misc1:u	541	0	0
tx_exec.misc1:u	542	0	0
tx_exec.misc1:u	543	0	0
tx_exec.misc1:u	544	0	0
tx_exec.misc1:u	545	0	0
tx_exec.misc1:u	546	0	0
tx_exec.misc1:u	547	0	0
tx_exec.misc1:u	548	0	0
tx_exec.misc1:u	549	0	0
tx_exec.misc1:u	550	0	0
tx_exec.misc1:u	551	0	0
tx_exec.misc1:u	552	0	0
tx_exec.misc1:u	553	0	0
tx_exec.misc1:u	554	0	0
tx_exec.misc1:u	555	0	0
tx_exec.misc1:u	556	0	0
tx_exec.misc1:u	557	0	0
tx_exec.misc1:u	558	0	0
tx_exec.misc1:u	559	0	0
tx_exec.misc1:u	560	0	0
tx_exec.misc1:u	561	0	0
tx_exec.misc1:u	562	0	0
tx_exec.misc1:u	563	0	0
tx_exec.misc1:u	564	0	0
tx_exec.misc1:u	565	0	0
tx_exec.misc1:u	566	0	0
tx_exec.misc1:u	567	0	0
tx_exec.misc1:u	568	0	0
tx_exec.misc1:u	569	0	0
tx_exec.misc1:u	570	0	0
tx_exec.misc1:u	571	0	0
tx_exec.misc1:u	572	0	0
tx_exec.misc1:u	573	0	0
tx_exec.misc1:u	574	0	0
tx_exec.misc1:u	575	0	0
tx_exec.misc1:u	576	0	0
tx_exec.misc1:u	577	0	0
tx_exec.misc1:u	578	0	0
tx_exec.misc1:u	579	0	0
tx_exec.misc1:u	580	0	0
tx_exec.misc1:u	581	0	0
tx_exec.misc1:u	582	0	0
tx_exec.misc1:u	583	0	0
tx_exec.misc1:u	584	0	0
tx_exec.misc1:u	585	0	0
tx_exec.misc1:u	586	0	0
tx_exec.misc1:u	587	0	0
tx_exec.misc1:u	588	0	0
tx_exec.misc1:u	589	0	0
tx_exec.misc1:u	590	0	0
tx_exec.misc1:u	591	0	0
tx_exec.misc1:u	592	0	0
tx_exec.misc1:u	593	0	0
tx_exec.misc1:u	594	0	0
tx_exec.misc1:u	595	0	0
tx_exec.misc1:u	596	0	0
tx_exec.misc1:u	597	0	0
tx_exec.misc1:u	598	0	0
tx_exec.misc1:u	599	0	0
tx_exec.misc1:u	600	0	0
tx_exec.misc1:u	601	0	0
tx_exec.misc1:u	602	0	0
tx_exec.misc1:u	603	0	0
tx_exec.misc1:u	604	0	0
tx_exec.misc1:u	605	0	0
tx_exec.misc1:u	606	0	0
tx_exec.misc1:u	607	0	0
tx_exec.misc1:u	608	0	0
tx_exec.misc1:u	609	0	0
tx_exec.misc1:u	610	0	0
tx_exec.misc1:u	611	0	0
tx_exec.misc1:u	612	0	0
tx_exec.misc1:u	613	0	0
tx_exec.misc1:u	614	0	0
tx_exec.misc1:u	615	0	0
tx_exec.misc1:u	616	0	0
tx_exec.misc1:u	617	0	0
tx_exec.misc1:u	618	0	0
tx_exec.misc1:u	619	0	0
tx_exec.misc1:u	620	0	0
tx_exec.misc1:u	621	0	0
tx_exec.misc1:u	622	0	0
tx_exec.misc1:u	623	0	0
tx_exec.misc1:u	624	0	0
tx_exec.misc1:u	625	0	0
tx_exec.misc1:u	626	0	0
tx_exec.misc1:u	627	0	0
tx_exec.misc1:u	628	0	0
tx_exec.misc1:u	629	0	0
tx_exec.misc1:u	630	0	0
tx_exec.misc1:u	631	0	0
tx_exec.misc1:u	632	0	0
tx_exec.misc1:u	633	0	0
tx_exec.misc1:u	634	0	0
tx_exec.misc1:u	635	0	0
tx_exec.misc1:u	636	0	0
tx_exec.misc1:u	637	0	0
tx_exec.misc1:u	638	0	0
tx_exec.misc1:u	639	0	0
tx_exec.misc1:u	640	0	0
tx_exec.misc1:u	641	0	0
tx_exec.misc1:u	642	0	0
tx_exec.misc1:u	643	0	0
tx_exec.misc1:u	644	0	0
tx_exec.misc1:u	645	0	0
tx_exec.misc1:u	646	0	0
tx_exec.misc1:u	647	0	0
tx_exec.misc1:u	648	0	0
tx_exec.misc1:u	649	0	0
tx_exec.misc1:u	650	0	0
tx_exec.misc1:u	651	0	0
tx_exec.misc1:u	652	0	0
tx_exec.misc1:u	653	0	0
tx_exec.misc1:u	654	0	0
tx_exec.misc1:u	655	0	0
tx_exec.misc1:u	656	0	0
tx_exec.misc1:u	657	0	0
tx_exec.misc1:u	658	0	0
tx_exec.misc1:u	659	0	0
tx_exec.misc1:u	660	0	0
tx_exec.misc1:u	661	0	0
tx_exec.misc1:u	662	0	0
tx_exec.misc1:u	663	0	0
tx_exec.misc1:u	664	0	0
tx_exec.misc1:u	665	0	0
tx_exec.misc1:u	666	0	0
tx_exec.misc1:u	667	0	0
tx_exec.misc1:u	668	0	0
tx_exec.misc1:u	669	0	0
tx_exec.misc1:u	670	0	0
tx_exec.misc1:u	671	0	0
tx_exec.misc1:u	672	0	0
tx_exec.misc1:u	673	0	0
tx_exec.misc1:u	674	0	0
tx_exec.misc1:u	675	0	0
tx_exec.misc1:u	676	0	0
tx_exec.misc1:u	677	0	0
tx_exec.misc1:u	678	0	0
tx_exec.misc1:u	679	0	0
tx_exec.misc1:u	680	0	0
tx_exec.misc1:u	681	0	0
tx_exec.misc1:u	682	0	0
tx_exec.misc1:u	683	0	0
tx_exec.misc1:u	684	0	0
tx_exec.misc1:u	685	0	0
tx_exec.misc1:u	686	0	0
tx_exec.misc1:u	687	0	0
tx_exec.misc1:u	688	0	0
tx_exec.misc1:u	689	0	0
tx_exec.misc1:u	690	0	0
tx_exec.misc1:u	691	0	0
tx_exec.misc1:u	692	0	0
tx_exec.misc1:u	693	0	0
tx_exec.misc1:u	694	0	0
tx_exec.misc1:u	695	0	0
tx_exec.misc1:u	696	0	0
tx_exec.misc1:u	697	0	0
tx_exec.misc1:u	698	0	0
tx_exec.misc1:u	699	0	0
tx_exec.misc1:u	700	0	0
tx_exec.misc1:u	701	0	0
tx_exec.misc1:u	702	0	0
tx_exec.misc1:u	703	0	0
tx_exec.misc1:u	704	0	0
tx_exec.misc1:u	705	0	0
tx_exec.misc1:u	706	0	0
tx_exec.misc1:u	707	0	0
tx_exec.misc1:u	708	0	0
tx_exec.misc1:u	709	0	0
tx_exec.misc1:u	710	0	0
tx_exec.misc1:u	711	0	0
tx_exec.misc1:u	712	0	0
tx_exec.misc1:u	713	0	0
tx_exec.misc1:u	714	0	0
tx_exec.misc1:u	715	0	0
tx_exec.misc1:u	716	0	0
tx_exec.misc1:u	717	0	0
tx_exec.misc1:u	718	0	0
tx_exec.misc1:u	719	0	0
tx_exec.misc1:u	720	0	0
tx_exec.misc1:u	721	0	0
tx_exec.misc1:u	722	0	0
tx_exec.misc1:u	723	0	0
tx_exec.misc1:u	724	0	0
tx_exec.misc1:u	725	0	0
tx_exec.misc1:u	726	0	0
tx_exec.misc1:u	727	0	0
tx_exec.misc1:u	728	0	0
tx_exec.misc1:u	729	0	0
tx_exec.misc1:u	730	0	0
tx_exec.misc1:u	731	0	0
tx_exec.misc1:u	732	0	0
tx_exec.misc1:u	733	0	0
tx_exec.misc1:u	734	0	0
tx_exec.misc1:u	735	0	0
tx_exec.misc1:u	736	0	0
tx_exec.misc1:u	737	0	0
tx_exec.misc1:u	738	0	0
tx_exec.misc1:u	739	0	0
tx_exec.misc1:u	740	0	0
tx_exec.misc1:u	741	0	0
tx_exec.misc1:u	742	0	0
tx_exec.misc1:u	743	0	0
tx_exec.misc1:u	744	0	0
tx_exec.misc1:u	745	0	0
tx_exec.misc1:u	746	0	0
tx_exec.misc1:u	747	0	0
tx_exec.misc1:u	748	0	0
tx_exec.misc1:u	749	0	0
tx_exec.misc1:u	750	0	0
tx_exec.misc1:u	751	0	0
tx_exec.misc1:u	752	0	0
tx_exec.misc1:u	753	0	0
tx_exec.misc1:u	754	0	0
tx_exec.misc1:u	755	0	0
tx_exec.misc1:u	756	0	0
tx_exec.misc1:u	757	0	0
tx_exec.misc1:u	758	0	0
tx_exec.misc1:u	759	0	0
tx_exec.misc1:u	760	0	0
tx_exec.misc1:u	761	0	0
tx_exec.misc1:u	762	0	0
tx_exec.misc1:u	763	0	0
tx_exec.misc1:u	764	0	0
tx_exec.misc1:u	765	0	0
tx_exec.misc1:u	766	0	0
tx_exec.misc1:u	767	0	0
tx_exec.misc1:u	768	0	0
tx_exec.misc1:u	769	0	0
tx_exec.misc1:u	770	0	0
tx_exec.misc1:u	771	0	0
tx_exec.misc1:u	772	0	0
tx_exec.misc1:u	773	0	0
tx_exec.misc1:u	774	0	0
tx_exec.misc1:u	775	0	0
tx_exec.misc1:u	776	0	0
tx_exec.misc1:u	777	0	0
tx_exec.misc1:u	778	0	0
tx_exec.misc1:u	779	0	0
tx_exec.misc1:u	780	0	0
tx_exec.misc1:u	781	0	0
tx_exec.misc1:u	782	0	0
tx_exec.misc1:u	783	0	0
tx_exec.misc1:u	784	0	0
tx_exec.misc1:u	785	0	0
tx_exec.misc1:u	786	0	0
tx_exec.misc1:u	787	0	0
tx_exec.misc1:u	788	0	0
tx_exec.misc1:u	789	0	0
tx_exec.misc1:u	790	0	0
tx_exec.misc1:u	791	0	0
tx_exec.misc1:u	792	0	0
tx_exec.misc1:u	793	0	0
tx_exec.misc1:u	794	0	0
tx_exec.misc1:u	795	0	0
tx_exec.misc1:u	796	0	0
tx_exec.misc1:u	797	0	0
tx_exec.misc1:u	798	0	0
tx_exec.misc1:u	799	0	0
tx_exec.misc1:u	800	0	0
tx_exec.misc1:u	801	0	0
tx_exec.misc1:u	802	0	0
tx_exec.misc1:u	803	0	0
tx_exec.misc1:u	804	0	0
tx_exec.misc1:u	805	0	0
tx_exec.misc1:u	806	0	0
tx_exec.misc1:u	807	0	0
tx_exec.misc1:u	808	0	0
tx_exec.misc1:u	809	0	0
tx_exec.misc1:u	810	0	0
tx_exec.misc1:u	811	0	0
tx_exec.misc1:u	812	0	0
tx_exec.misc1:u	813	0	0
tx_exec.misc1:u	814	0	0
tx_exec.misc1:u	815	0	0
tx_exec.misc1:u	816	0	0
tx_exec.misc1:u	817	0	0
tx_exec.misc1:u	818	0	0
tx_exec.misc1:u	819	0	0
tx_exec.misc1:u	820	0	0
tx_exec.misc1:u	821	0	0
tx_exec.misc1:u	822	0	0
tx_exec.misc1:u	823	0	0
tx_exec.misc1:u	824	0	0
tx_exec.misc1:u	825	0	0
tx_exec.misc1:u	826	0	0
tx_exec.misc1:u	827	0	0
tx_exec.misc1:u	828	0	0
tx_exec.misc1:u	829	0	0
tx_exec.misc1:u	830	0	0
tx_exec.misc1:u	831	0	0
tx_exec.misc1:u	832	0	0
tx_exec.misc1:u	833	0	0
tx_exec.misc1:u	834	0	0
tx_exec.misc1:u	835	0	0
tx_exec.misc1:u	836	0	0
tx_exec.misc1:u	837	0	0
tx_exec.misc1:u	838	0	0
tx_exec.misc1:u	839	0	0
tx_exec.misc1:u	840	0	0
tx_exec.misc1:u	841	0	0
tx_exec.misc1:u	842	0	0
tx_exec.misc1:u	843	0	0
tx_exec.misc1:u	844	0	0
tx_exec.misc1:u	845	0	0
tx_exec.misc1:u	846	0	0
tx_exec.misc1:u	847	0	0
tx_exec.misc1:u	848	0	0
tx_exec.misc1:u	849	0	0
tx_exec.misc1:u	850	0	0
tx_exec.misc1:u	851	0	0
tx_exec.misc1:u	852	0	0
tx_exec.misc1:u	853	0	0
tx_exec.misc1:u	854	0	0
tx_exec.misc1:u	855	0	0
tx_exec.misc1:u	856	0	0
tx_exec.misc1:u	857	0	0
tx_exec.misc1:u	858	0	0
tx_exec.misc1:u	859	0	0
tx_exec.misc1:u	860	0	0
tx_exec.misc1:u	861	0	0
tx_exec.misc1:u	862	0	0
tx_exec.misc1:u	863	0	0
tx_exec.misc1:u	864	0	0
tx_exec.misc1:u	865	0	0
tx_exec.misc1:u	866	0	0
tx_exec.misc1:u	867	0	0
tx_exec.misc1:u	868	0	0
tx_exec.misc1:u	869	0	0
tx_exec.misc1:u	870	0	0
tx_exec.misc1:u	871	0	0
tx_exec.misc1:u	872	0	0
tx_exec.misc1:u	873	0	0
tx_exec.misc1:u	874	0	0
tx_exec.misc1:u	875	0	0
tx_exec.misc1:u	876	0	0
tx_exec.misc1:u	877	0	0
tx_exec.misc1:u	878	0	0
tx_exec.misc1:u	879	0	0
tx_exec.misc1:u	880	0	0
tx_exec.misc1:u	881	0	0
tx_exec.misc1:u	882	0	0
tx_exec.misc1:u	883	0	0
tx_exec.misc1:u	884	0	0
tx_exec.misc1:u	885	0	0
tx_exec.misc1:u	886	0	0
tx_exec.misc1:u	887	0	0
tx_exec.misc1:u	888	0	0
tx_exec.misc1:u	889	0	0
tx_exec.misc1:u	890	0	0
tx_exec.misc1:u	891	0	0
tx_exec.misc1:u	892	0	0
tx_exec.misc1:u	893	0	0
tx_exec.misc1:u	894	0	0
tx_exec.misc1:u	895	0	0
tx_exec.misc1:u	896	0	0
tx_exec.misc1:u	897	0	0
tx_exec.misc1:u	898	0	0
tx_exec.misc1:u	899	0	0
tx_exec.misc1:u	900	0	0
tx_exec.misc1:u	901	0	0
tx_exec.misc1:u	902	0	0
tx_exec.misc1:u	903	0	0
tx_exec.misc1:u	904	0	0
tx_exec.misc1:u	905	0	0
tx_exec.misc1:u	906	0	0
tx_exec.misc1:u	907	0	0
tx_exec.misc1:u	908	0	0
tx_exec.misc1:u	909	0	0
tx_exec.misc1:u	910	0	0
tx_exec.misc1:u	911	0	0
tx_exec.misc1:u	912	0	0
tx_exec.misc1:u	913	0	0
tx_exec.misc1:u	914	0	0
tx_exec.misc1:u	915	0	0
tx_exec.misc1:u	916	0	0
tx_exec.misc1:u	917	0	0
tx_exec.misc1:u	918	0	0
tx_exec.misc1:u	919	0	0
tx_exec.misc1:u	920	0	0
tx_exec.misc1:u	921	0	0
tx_exec.misc1:u	922	0	0
tx_exec.misc1:u	923	0	0
tx_exec.misc1:u	924	0	0
tx_exec.misc1:u	925	0	0
tx_exec.misc1:u	926	0	0
tx_exec.misc1:u	927	0	0
tx_exec.misc1:u	928	0	0
tx_exec.misc1:u	929	0	0
tx_exec.misc1:u	930	0	0
tx_exec.misc1:u	931	0	0
tx_exec.misc1:u	932	0	0
tx_exec.misc1:u	933	0	0
tx_exec.misc1:u	934	0	0
tx_exec.misc1:u	935	0	0
tx_exec.misc1:u	936	0	0
tx_exec.misc1:u	937	0	0
tx_exec.misc1:u	938	0	0
tx_exec.misc1:u	939	0	0
tx_exec.misc1:u	940	0	0
tx_exec.misc1:u	941	0	0
tx_exec.misc1:u	942	0	0
tx_exec.misc1:u	943	0	0
tx_exec.misc1:u	944	0	0
tx_exec.misc1:u	945	0	0
tx_exec.misc1:u	946	0	0
tx_exec.misc1:u	947	0	0
tx_exec.misc1:u	948	0	0
tx_exec.misc1:u	949	0	0
tx_exec.misc1:u	950	0	0
tx_exec.misc1:u	951	0	0
tx_exec.misc1:u	952	0	0
tx_exec.misc1:u	953	0	0
tx_exec.misc1:u	954	0	0
tx_exec.misc1:u	955	0	0
tx_exec.misc1:u	956	0	0
tx_exec.misc1:u	957	0	0
tx_exec.misc1:u	958	0	0
tx_exec.misc1:u	959	0	0
tx_exec.misc1:u	960	0	0
tx_exec.misc1:u	961	0	0
tx_exec.misc1:u	962	0	0
tx_exec.misc1:u	963	0	0
tx_exec.misc1:u	964	0	0
tx_exec.misc1:u	965	0	0
tx_exec.misc1:u	966	0	0
tx_exec.misc1:u	967	0	0
tx_exec.misc1:u	968	0	0
tx_exec.misc1:u	969	0	0
tx_exec.misc1:u	970	0	0
tx_exec.misc1:u	971	0	0
tx_exec.misc1:u	972	0	0
tx_exec.misc1:u	973	0	0
tx_exec.misc1:u	974	0	0
tx_exec.misc1:u	975	0	0
tx_exec.misc1:u	976	0	0
tx_exec.misc1:u	977	0	0
tx_exec.misc1:u	978	0	0
tx_exec.misc1:u	979	0	0
tx_exec.misc1:u	980	0	0
tx_exec.misc1:u	981	0	0
tx_exec.misc1:u	982	0	0
tx_exec.misc1:u	983	0	0
tx_exec.misc1:u	984	0	0
tx_exec.misc1:u	985	0	0
tx_exec.misc1:u	986	0	0
tx_exec.misc1:u	987	0	0
tx_exec.misc1:u	988	0	0
tx_exec.misc1:u	989	0	0
tx_exec.misc1:u	990	0	0
tx_exec.misc1:u	991	0	0
tx_exec.misc1:u	992	0	0
tx_exec.misc1:u	993	0	0
tx_exec.misc1:u	994	0	0
tx_exec.misc1:u	995	0	0
tx_exec.misc1:u	996	0	0
tx_exec.misc1:u	997	0	0
tx_exec.misc1:u	998	0	0
tx_exec.misc1:u	999	0	0
tx_exec.misc1:u	1000	0	0
core_snoop_response.rsp_ihiti:u	1	196873	0
core_snoop_response.rsp_ihiti:u	2	198794	0
br_misp_retired.all_branches:u	1	84	0
br_misp_retired.all_branches:u	2	76	0
cycle_activity.stalls_l1d_miss:u	1	170496973	0
cycle_activity.stalls_l1d_miss:u	2	160509830	0
ld_blocks.no_sr:u	1	574	0
ld_blocks.no_sr:u	2	670	0
uops_dispatched_port.port_2:u	1	1274261330	0
uops_dispatched_port.port_2:u	2	1274004472	0
uops_issued.any:u	1	13192969039	0
uops_issued.any:u	2	13195448277	0
dtlb_store_misses.walk_completed:u	1	30029	0
dtlb_store_misses.walk_completed:u	2	30027	0
dTLB-stores:u	1	24160000	0
dTLB-stores:u	2	24160000	0
dTLB-stores:u	3	24160000	0
dTLB-stores:u	4	24160000	0
dTLB-stores:u	5	24160000	0
dTLB-stores:u	6	24160000	0
dTLB-stores:u	7	24160000	0
dTLB-stores:u	8	24160000	0
dTLB-stores:u	9	24160000	0
dTLB-stores:u	10	24160000	0
dTLB-stores:u	11	24160000	0
dTLB-stores:u	12	24160000	0
dTLB-stores:u	13	24160000	0
dTLB-stores:u	14	24160000	0
dTLB-stores:u	15	24160000	0
dTLB-stores:u	16	24160000	0
dTLB-stores:u	17	24160000	0
dTLB-stores:u	18	24160000	0
dTLB-stores:u	19	24160000	0
dTLB-stores:u	20	24160000	0
dTLB-stores:u	21	24160000	0
dTLB-stores:u	22	24160000	0
dTLB-stores:u	23	24160000	0
dTLB-stores:u	24	24160000	0
dTLB-stores:u	25	24160000	0
dTLB-stores:u	26	24159999	0
