
b64-t0-n100001
Results: /home/mani/dev/Laplace/deterministic/max-skid-experiment/results/b64-t0-n100001/sep-23-2026-11:11:03
Workers: [0]; coordinator: 63
br_inst_retired.cond:u on CPU 0; 100 rounds
Overflow threshold: 100001
Round 1/100: count=100027; skid=26
Round 2/100: count=100027; skid=26
Round 3/100: count=100027; skid=26
Round 4/100: count=100027; skid=26
Round 5/100: count=100027; skid=26
Round 6/100: count=100027; skid=26
Round 7/100: count=100027; skid=26
Round 8/100: count=100027; skid=26
Round 9/100: count=100027; skid=26
Round 10/100: count=100027; skid=26
Round 11/100: count=100027; skid=26
Round 12/100: count=100027; skid=26
Round 13/100: count=100027; skid=26
Round 14/100: count=100027; skid=26
Round 15/100: count=100027; skid=26
Round 16/100: count=100027; skid=26
Round 17/100: count=100027; skid=26
Round 18/100: count=100027; skid=26
Round 19/100: count=100027; skid=26
Round 20/100: count=100027; skid=26
Round 21/100: count=100010; skid=9
Round 22/100: count=100010; skid=9
Round 23/100: count=100010; skid=9
Round 24/100: count=100010; skid=9
Round 25/100: count=100010; skid=9
Round 26/100: count=100010; skid=9
Round 27/100: count=100010; skid=9
Round 28/100: count=100010; skid=9
Round 29/100: count=100027; skid=26
Round 30/100: count=100027; skid=26
Round 31/100: count=100027; skid=26
Round 32/100: count=100027; skid=26
Round 33/100: count=100027; skid=26
Round 34/100: count=100027; skid=26
Round 35/100: count=100027; skid=26
Round 36/100: count=100027; skid=26
Round 37/100: count=100027; skid=26
Round 38/100: count=100027; skid=26
Round 39/100: count=100027; skid=26
Round 40/100: count=100027; skid=26
Round 41/100: count=100027; skid=26
Round 42/100: count=100027; skid=26
Round 43/100: count=100027; skid=26
Round 44/100: count=100027; skid=26
Round 45/100: count=100027; skid=26
Round 46/100: count=100027; skid=26
Round 47/100: count=100027; skid=26
Round 48/100: count=100027; skid=26
Round 49/100: count=100027; skid=26
Round 50/100: count=100027; skid=26
Round 51/100: count=100027; skid=26
Round 52/100: count=100027; skid=26
Round 53/100: count=100027; skid=26
Round 54/100: count=100027; skid=26
Round 55/100: count=100027; skid=26
Round 56/100: count=100022; skid=21
Round 57/100: count=100027; skid=26
Round 58/100: count=100013; skid=12
Round 59/100: count=100027; skid=26
Round 60/100: count=100027; skid=26
Round 61/100: count=100027; skid=26
Round 62/100: count=100027; skid=26
Round 63/100: count=100027; skid=26
Round 64/100: count=100027; skid=26
Round 65/100: count=100027; skid=26
Round 66/100: count=100027; skid=26
Round 67/100: count=100027; skid=26
Round 68/100: count=100027; skid=26
Round 69/100: count=100027; skid=26
Round 70/100: count=100027; skid=26
Round 71/100: count=100027; skid=26
Round 72/100: count=100027; skid=26
Round 73/100: count=100027; skid=26
Round 74/100: count=100027; skid=26
Round 75/100: count=100027; skid=26
Round 76/100: count=100027; skid=26
Round 77/100: count=100027; skid=26
Round 78/100: count=100013; skid=12
Round 79/100: count=100027; skid=26
Round 80/100: count=100027; skid=26
Round 81/100: count=100027; skid=26
Round 82/100: count=100027; skid=26
Round 83/100: count=100027; skid=26
Round 84/100: count=100027; skid=26
Round 85/100: count=100027; skid=26
Round 86/100: count=100027; skid=26
Round 87/100: count=100027; skid=26
Round 88/100: count=100027; skid=26
Round 89/100: count=100027; skid=26
Round 90/100: count=100027; skid=26
Round 91/100: count=100027; skid=26
Round 92/100: count=100027; skid=26
Round 93/100: count=100027; skid=26
Round 94/100: count=100027; skid=26
Round 95/100: count=100027; skid=26
Round 96/100: count=100027; skid=26
Round 97/100: count=100027; skid=26
Round 98/100: count=100027; skid=26
Round 99/100: count=100027; skid=26
Round 100/100: count=100027; skid=26
Complete: 1/1 (100.0%); remaining: 0; elapsed: 1s
Non-deterministic: 1
[32m[+][0m run complete; see /home/mani/dev/Laplace/deterministic/max-skid-experiment/results/b64-t0-n100001/sep-23-2026-11:11:03/results.md

b64-t0-n100002
Results: /home/mani/dev/Laplace/deterministic/max-skid-experiment/results/b64-t0-n100002/sep-23-2026-11:11:05
Workers: [0]; coordinator: 63
br_inst_retired.cond:u on CPU 0; 100 rounds
Overflow threshold: 100002
Round 1/100: count=100027; skid=25
Round 2/100: count=100027; skid=25
Round 3/100: count=100027; skid=25
Round 4/100: count=100027; skid=25
Round 5/100: count=100027; skid=25
Round 6/100: count=100010; skid=8
Round 7/100: count=100027; skid=25
Round 8/100: count=100027; skid=25
Round 9/100: count=100027; skid=25
Round 10/100: count=100027; skid=25
Round 11/100: count=100027; skid=25
Round 12/100: count=100027; skid=25
Round 13/100: count=100027; skid=25
Round 14/100: count=100027; skid=25
Round 15/100: count=100027; skid=25
Round 16/100: count=100027; skid=25
Round 17/100: count=100027; skid=25
Round 18/100: count=100027; skid=25
Round 19/100: count=100027; skid=25
Round 20/100: count=100027; skid=25
Round 21/100: count=100027; skid=25
Round 22/100: count=100027; skid=25
Round 23/100: count=100027; skid=25
Round 24/100: count=100027; skid=25
Round 25/100: count=100027; skid=25
Round 26/100: count=100027; skid=25
Round 27/100: count=100027; skid=25
Round 28/100: count=100027; skid=25
Round 29/100: count=100027; skid=25
Round 30/100: count=100027; skid=25
Round 31/100: count=100027; skid=25
Round 32/100: count=100027; skid=25
Round 33/100: count=100027; skid=25
Round 34/100: count=100027; skid=25
Round 35/100: count=100027; skid=25
Round 36/100: count=100027; skid=25
Round 37/100: count=100027; skid=25
Round 38/100: count=100027; skid=25
Round 39/100: count=100023; skid=21
Round 40/100: count=100027; skid=25
Round 41/100: count=100027; skid=25
Round 42/100: count=100023; skid=21
Round 43/100: count=100027; skid=25
Round 44/100: count=100027; skid=25
Round 45/100: count=100027; skid=25
Round 46/100: count=100027; skid=25
Round 47/100: count=100027; skid=25
Round 48/100: count=100027; skid=25
Round 49/100: count=100027; skid=25
Round 50/100: count=100027; skid=25
Round 51/100: count=100027; skid=25
Round 52/100: count=100010; skid=8
Round 53/100: count=100027; skid=25
Round 54/100: count=100027; skid=25
Round 55/100: count=100027; skid=25
Round 56/100: count=100027; skid=25
Round 57/100: count=100027; skid=25
Round 58/100: count=100027; skid=25
Round 59/100: count=100027; skid=25
Round 60/100: count=100027; skid=25
Round 61/100: count=100027; skid=25
Round 62/100: count=100027; skid=25
Round 63/100: count=100027; skid=25
Round 64/100: count=100027; skid=25
Round 65/100: count=100027; skid=25
Round 66/100: count=100027; skid=25
Round 67/100: count=100027; skid=25
Round 68/100: count=100027; skid=25
Round 69/100: count=100027; skid=25
Round 70/100: count=100027; skid=25
Round 71/100: count=100027; skid=25
Round 72/100: count=100027; skid=25
Round 73/100: count=100027; skid=25
Round 74/100: count=100027; skid=25
Round 75/100: count=100027; skid=25
Round 76/100: count=100027; skid=25
Round 77/100: count=100027; skid=25
Round 78/100: count=100027; skid=25
Round 79/100: count=100027; skid=25
Round 80/100: count=100027; skid=25
Round 81/100: count=100027; skid=25
Round 82/100: count=100027; skid=25
Round 83/100: count=100027; skid=25
Round 84/100: count=100027; skid=25
Round 85/100: count=100027; skid=25
Round 86/100: count=100027; skid=25
Round 87/100: count=100027; skid=25
Round 88/100: count=100027; skid=25
Round 89/100: count=100027; skid=25
Round 90/100: count=100027; skid=25
Round 91/100: count=100027; skid=25
Round 92/100: count=100027; skid=25
Round 93/100: count=100027; skid=25
Round 94/100: count=100027; skid=25
Round 95/100: count=100027; skid=25
Round 96/100: count=100027; skid=25
Round 97/100: count=100027; skid=25
Round 98/100: count=100027; skid=25
Round 99/100: count=100027; skid=25
Round 100/100: count=100027; skid=25
Complete: 1/1 (100.0%); remaining: 0; elapsed: 1s
Non-deterministic: 1
[32m[+][0m run complete; see /home/mani/dev/Laplace/deterministic/max-skid-experiment/results/b64-t0-n100002/sep-23-2026-11:11:05/results.md

b64-t0-n100008
Results: /home/mani/dev/Laplace/deterministic/max-skid-experiment/results/b64-t0-n100008/sep-23-2026-11:11:07
Workers: [0]; coordinator: 63
br_inst_retired.cond:u on CPU 0; 100 rounds
Overflow threshold: 100008
Round 1/100: count=100037; skid=29
Round 2/100: count=100043; skid=35
Round 3/100: count=100043; skid=35
Round 4/100: count=100043; skid=35
Round 5/100: count=100043; skid=35
Round 6/100: count=100043; skid=35
Round 7/100: count=100043; skid=35
Round 8/100: count=100043; skid=35
Round 9/100: count=100043; skid=35
Round 10/100: count=100043; skid=35
Round 11/100: count=100043; skid=35
Round 12/100: count=100043; skid=35
Round 13/100: count=100043; skid=35
Round 14/100: count=100043; skid=35
Round 15/100: count=100043; skid=35
Round 16/100: count=100013; skid=5
Round 17/100: count=100043; skid=35
Round 18/100: count=100043; skid=35
Round 19/100: count=100043; skid=35
Round 20/100: count=100043; skid=35
Round 21/100: count=100043; skid=35
Round 22/100: count=100043; skid=35
Round 23/100: count=100043; skid=35
Round 24/100: count=100043; skid=35
Round 25/100: count=100043; skid=35
Round 26/100: count=100043; skid=35
Round 27/100: count=100043; skid=35
Round 28/100: count=100043; skid=35
Round 29/100: count=100037; skid=29
Round 30/100: count=100043; skid=35
Round 31/100: count=100043; skid=35
Round 32/100: count=100043; skid=35
Round 33/100: count=100043; skid=35
Round 34/100: count=100043; skid=35
Round 35/100: count=100043; skid=35
Round 36/100: count=100043; skid=35
Round 37/100: count=100043; skid=35
Round 38/100: count=100043; skid=35
Round 39/100: count=100043; skid=35
Round 40/100: count=100043; skid=35
Round 41/100: count=100043; skid=35
Round 42/100: count=100043; skid=35
Round 43/100: count=100043; skid=35
Round 44/100: count=100043; skid=35
Round 45/100: count=100043; skid=35
Round 46/100: count=100043; skid=35
Round 47/100: count=100043; skid=35
Round 48/100: count=100043; skid=35
Round 49/100: count=100043; skid=35
Round 50/100: count=100043; skid=35
Round 51/100: count=100043; skid=35
Round 52/100: count=100043; skid=35
Round 53/100: count=100043; skid=35
Round 54/100: count=100043; skid=35
Round 55/100: count=100043; skid=35
Round 56/100: count=100043; skid=35
Round 57/100: count=100043; skid=35
Round 58/100: count=100043; skid=35
Round 59/100: count=100043; skid=35
Round 60/100: count=100043; skid=35
Round 61/100: count=100043; skid=35
Round 62/100: count=100012; skid=4
Round 63/100: count=100010; skid=2
Round 64/100: count=100012; skid=4
Round 65/100: count=100043; skid=35
Round 66/100: count=100012; skid=4
Round 67/100: count=100012; skid=4
Round 68/100: count=100043; skid=35
Round 69/100: count=100043; skid=35
Round 70/100: count=100043; skid=35
Round 71/100: count=100043; skid=35
Round 72/100: count=100043; skid=35
Round 73/100: count=100043; skid=35
Round 74/100: count=100043; skid=35
Round 75/100: count=100043; skid=35
Round 76/100: count=100043; skid=35
Round 77/100: count=100043; skid=35
Round 78/100: count=100043; skid=35
Round 79/100: count=100043; skid=35
Round 80/100: count=100043; skid=35
Round 81/100: count=100043; skid=35
Round 82/100: count=100043; skid=35
Round 83/100: count=100043; skid=35
Round 84/100: count=100043; skid=35
Round 85/100: count=100043; skid=35
Round 86/100: count=100043; skid=35
Round 87/100: count=100043; skid=35
Round 88/100: count=100043; skid=35
Round 89/100: count=100043; skid=35
Round 90/100: count=100043; skid=35
Round 91/100: count=100043; skid=35
Round 92/100: count=100043; skid=35
Round 93/100: count=100043; skid=35
Round 94/100: count=100043; skid=35
Round 95/100: count=100043; skid=35
Round 96/100: count=100043; skid=35
Round 97/100: count=100043; skid=35
Round 98/100: count=100043; skid=35
Round 99/100: count=100043; skid=35
Round 100/100: count=100043; skid=35
Complete: 1/1 (100.0%); remaining: 0; elapsed: 1s
Non-deterministic: 1
[32m[+][0m run complete; see /home/mani/dev/Laplace/deterministic/max-skid-experiment/results/b64-t0-n100008/sep-23-2026-11:11:07/results.md

b64-t0-n100032
Results: /home/mani/dev/Laplace/deterministic/max-skid-experiment/results/b64-t0-n100032/sep-23-2026-11:11:10
Workers: [0]; coordinator: 63
br_inst_retired.cond:u on CPU 0; 100 rounds
Overflow threshold: 100032
Round 1/100: count=100065; skid=33
Round 2/100: count=100065; skid=33
Round 3/100: count=100065; skid=33
Round 4/100: count=100065; skid=33
Round 5/100: count=100065; skid=33
Round 6/100: count=100065; skid=33
Round 7/100: count=100065; skid=33
Round 8/100: count=100065; skid=33
Round 9/100: count=100065; skid=33
Round 10/100: count=100065; skid=33
Round 11/100: count=100065; skid=33
Round 12/100: count=100065; skid=33
Round 13/100: count=100065; skid=33
Round 14/100: count=100065; skid=33
Round 15/100: count=100065; skid=33
Round 16/100: count=100065; skid=33
Round 17/100: count=100065; skid=33
Round 18/100: count=100065; skid=33
Round 19/100: count=100065; skid=33
Round 20/100: count=100065; skid=33
Round 21/100: count=100065; skid=33
Round 22/100: count=100065; skid=33
Round 23/100: count=100065; skid=33
Round 24/100: count=100065; skid=33
Round 25/100: count=100065; skid=33
Round 26/100: count=100065; skid=33
Round 27/100: count=100065; skid=33
Round 28/100: count=100065; skid=33
Round 29/100: count=100065; skid=33
Round 30/100: count=100065; skid=33
Round 31/100: count=100065; skid=33
Round 32/100: count=100065; skid=33
Round 33/100: count=100065; skid=33
Round 34/100: count=100065; skid=33
Round 35/100: count=100065; skid=33
Round 36/100: count=100065; skid=33
Round 37/100: count=100065; skid=33
Round 38/100: count=100065; skid=33
Round 39/100: count=100065; skid=33
Round 40/100: count=100065; skid=33
Round 41/100: count=100065; skid=33
Round 42/100: count=100065; skid=33
Round 43/100: count=100065; skid=33
Round 44/100: count=100065; skid=33
Round 45/100: count=100065; skid=33
Round 46/100: count=100065; skid=33
Round 47/100: count=100065; skid=33
Round 48/100: count=100065; skid=33
Round 49/100: count=100065; skid=33
Round 50/100: count=100065; skid=33
Round 51/100: count=100065; skid=33
Round 52/100: count=100065; skid=33
Round 53/100: count=100065; skid=33
Round 54/100: count=100065; skid=33
Round 55/100: count=100065; skid=33
Round 56/100: count=100065; skid=33
Round 57/100: count=100065; skid=33
Round 58/100: count=100065; skid=33
Round 59/100: count=100065; skid=33
Round 60/100: count=100065; skid=33
Round 61/100: count=100065; skid=33
Round 62/100: count=100065; skid=33
Round 63/100: count=100065; skid=33
Round 64/100: count=100065; skid=33
Round 65/100: count=100065; skid=33
Round 66/100: count=100065; skid=33
Round 67/100: count=100065; skid=33
Round 68/100: count=100065; skid=33
Round 69/100: count=100065; skid=33
Round 70/100: count=100065; skid=33
Round 71/100: count=100065; skid=33
Round 72/100: count=100065; skid=33
Round 73/100: count=100065; skid=33
Round 74/100: count=100065; skid=33
Round 75/100: count=100065; skid=33
Round 76/100: count=100065; skid=33
Round 77/100: count=100065; skid=33
Round 78/100: count=100065; skid=33
Round 79/100: count=100065; skid=33
Round 80/100: count=100065; skid=33
Round 81/100: count=100065; skid=33
Round 82/100: count=100065; skid=33
Round 83/100: count=100065; skid=33
Round 84/100: count=100065; skid=33
Round 85/100: count=100065; skid=33
Round 86/100: count=100065; skid=33
Round 87/100: count=100065; skid=33
Round 88/100: count=100065; skid=33
Round 89/100: count=100065; skid=33
Round 90/100: count=100065; skid=33
Round 91/100: count=100065; skid=33
Round 92/100: count=100065; skid=33
Round 93/100: count=100065; skid=33
Round 94/100: count=100065; skid=33
Round 95/100: count=100065; skid=33
Round 96/100: count=100065; skid=33
Round 97/100: count=100065; skid=33
Round 98/100: count=100065; skid=33
Round 99/100: count=100065; skid=33
Round 100/100: count=100065; skid=33
Complete: 1/1 (100.0%); remaining: 0; elapsed: 1s
Potentially deterministic: 1
[32m[+][0m run complete; see /home/mani/dev/Laplace/deterministic/max-skid-experiment/results/b64-t0-n100032/sep-23-2026-11:11:10/results.md

b64-t0-n101041
Results: /home/mani/dev/Laplace/deterministic/max-skid-experiment/results/b64-t0-n101041/sep-23-2026-11:11:12
Workers: [0]; coordinator: 63
br_inst_retired.cond:u on CPU 0; 100 rounds
Overflow threshold: 101041
Round 1/100: count=101090; skid=49
Round 2/100: count=101089; skid=48
Round 3/100: count=101089; skid=48
Round 4/100: count=101089; skid=48
Round 5/100: count=101089; skid=48
Round 6/100: count=101090; skid=49
Round 7/100: count=101090; skid=49
Round 8/100: count=101089; skid=48
Round 9/100: count=101089; skid=48
Round 10/100: count=101089; skid=48
Round 11/100: count=101089; skid=48
Round 12/100: count=101089; skid=48
Round 13/100: count=101090; skid=49
Round 14/100: count=101089; skid=48
Round 15/100: count=101089; skid=48
Round 16/100: count=101089; skid=48
Round 17/100: count=101089; skid=48
Round 18/100: count=101089; skid=48
Round 19/100: count=101089; skid=48
Round 20/100: count=101090; skid=49
Round 21/100: count=101089; skid=48
Round 22/100: count=101089; skid=48
Round 23/100: count=101089; skid=48
Round 24/100: count=101089; skid=48
Round 25/100: count=101089; skid=48
Round 26/100: count=101090; skid=49
Round 27/100: count=101089; skid=48
Round 28/100: count=101090; skid=49
Round 29/100: count=101089; skid=48
Round 30/100: count=101089; skid=48
Round 31/100: count=101089; skid=48
Round 32/100: count=101089; skid=48
Round 33/100: count=101089; skid=48
Round 34/100: count=101089; skid=48
Round 35/100: count=101050; skid=9
Round 36/100: count=101053; skid=12
Round 37/100: count=101053; skid=12
Round 38/100: count=101089; skid=48
Round 39/100: count=101090; skid=49
Round 40/100: count=101090; skid=49
Round 41/100: count=101089; skid=48
Round 42/100: count=101090; skid=49
Round 43/100: count=101090; skid=49
Round 44/100: count=101089; skid=48
Round 45/100: count=101061; skid=20
Round 46/100: count=101090; skid=49
Round 47/100: count=101089; skid=48
Round 48/100: count=101090; skid=49
Round 49/100: count=101089; skid=48
Round 50/100: count=101089; skid=48
Round 51/100: count=101090; skid=49
Round 52/100: count=101089; skid=48
Round 53/100: count=101089; skid=48
Round 54/100: count=101062; skid=21
Round 55/100: count=101090; skid=49
Round 56/100: count=101090; skid=49
Round 57/100: count=101090; skid=49
Round 58/100: count=101089; skid=48
Round 59/100: count=101090; skid=49
Round 60/100: count=101090; skid=49
Round 61/100: count=101090; skid=49
Round 62/100: count=101090; skid=49
Round 63/100: count=101089; skid=48
Round 64/100: count=101089; skid=48
Round 65/100: count=101061; skid=20
Round 66/100: count=101089; skid=48
Round 67/100: count=101089; skid=48
Round 68/100: count=101089; skid=48
Round 69/100: count=101090; skid=49
Round 70/100: count=101090; skid=49
Round 71/100: count=101089; skid=48
Round 72/100: count=101089; skid=48
Round 73/100: count=101090; skid=49
Round 74/100: count=101089; skid=48
Round 75/100: count=101089; skid=48
Round 76/100: count=101090; skid=49
Round 77/100: count=101089; skid=48
Round 78/100: count=101090; skid=49
Round 79/100: count=101090; skid=49
Round 80/100: count=101089; skid=48
Round 81/100: count=101089; skid=48
Round 82/100: count=101089; skid=48
Round 83/100: count=101090; skid=49
Round 84/100: count=101089; skid=48
Round 85/100: count=101089; skid=48
Round 86/100: count=101090; skid=49
Round 87/100: count=101053; skid=12
Round 88/100: count=101053; skid=12
Round 89/100: count=101089; skid=48
Round 90/100: count=101089; skid=48
Round 91/100: count=101090; skid=49
Round 92/100: count=101091; skid=50
Round 93/100: count=101089; skid=48
Round 94/100: count=101089; skid=48
Round 95/100: count=101089; skid=48
Round 96/100: count=101089; skid=48
Round 97/100: count=101089; skid=48
Round 98/100: count=101089; skid=48
Round 99/100: count=101089; skid=48
Round 100/100: count=101089; skid=48
Complete: 1/1 (100.0%); remaining: 0; elapsed: 1s
Non-deterministic: 1
[32m[+][0m run complete; see /home/mani/dev/Laplace/deterministic/max-skid-experiment/results/b64-t0-n101041/sep-23-2026-11:11:12/results.md

b64-t0-n101073
Results: /home/mani/dev/Laplace/deterministic/max-skid-experiment/results/b64-t0-n101073/sep-23-2026-11:11:15
Workers: [0]; coordinator: 63
br_inst_retired.cond:u on CPU 0; 100 rounds
Overflow threshold: 101073
Round 1/100: count=101118; skid=45
Round 2/100: count=101117; skid=44
Round 3/100: count=101117; skid=44
Round 4/100: count=101117; skid=44
Round 5/100: count=101117; skid=44
Round 6/100: count=101117; skid=44
Round 7/100: count=101117; skid=44
Round 8/100: count=101117; skid=44
Round 9/100: count=101118; skid=45
Round 10/100: count=101117; skid=44
Round 11/100: count=101117; skid=44
Round 12/100: count=101118; skid=45
Round 13/100: count=101117; skid=44
Round 14/100: count=101117; skid=44
Round 15/100: count=101118; skid=45
Round 16/100: count=101117; skid=44
Round 17/100: count=101117; skid=44
Round 18/100: count=101118; skid=45
Round 19/100: count=101117; skid=44
Round 20/100: count=101117; skid=44
Round 21/100: count=101117; skid=44
Round 22/100: count=101117; skid=44
Round 23/100: count=101117; skid=44
Round 24/100: count=101117; skid=44
Round 25/100: count=101117; skid=44
Round 26/100: count=101117; skid=44
Round 27/100: count=101117; skid=44
Round 28/100: count=101117; skid=44
Round 29/100: count=101117; skid=44
Round 30/100: count=101117; skid=44
Round 31/100: count=101117; skid=44
Round 32/100: count=101118; skid=45
Round 33/100: count=101118; skid=45
Round 34/100: count=101117; skid=44
Round 35/100: count=101117; skid=44
Round 36/100: count=101117; skid=44
Round 37/100: count=101118; skid=45
Round 38/100: count=101118; skid=45
Round 39/100: count=101117; skid=44
Round 40/100: count=101117; skid=44
Round 41/100: count=101118; skid=45
Round 42/100: count=101117; skid=44
Round 43/100: count=101118; skid=45
Round 44/100: count=101117; skid=44
Round 45/100: count=101117; skid=44
Round 46/100: count=101117; skid=44
Round 47/100: count=101117; skid=44
Round 48/100: count=101117; skid=44
Round 49/100: count=101117; skid=44
Round 50/100: count=101117; skid=44
Round 51/100: count=101118; skid=45
Round 52/100: count=101118; skid=45
Round 53/100: count=101118; skid=45
Round 54/100: count=101118; skid=45
Round 55/100: count=101117; skid=44
Round 56/100: count=101118; skid=45
Round 57/100: count=101118; skid=45
Round 58/100: count=101118; skid=45
Round 59/100: count=101117; skid=44
Round 60/100: count=101117; skid=44
Round 61/100: count=101117; skid=44
Round 62/100: count=101117; skid=44
Round 63/100: count=101117; skid=44
Round 64/100: count=101117; skid=44
Round 65/100: count=101117; skid=44
Round 66/100: count=101117; skid=44
Round 67/100: count=101117; skid=44
Round 68/100: count=101117; skid=44
Round 69/100: count=101117; skid=44
Round 70/100: count=101117; skid=44
Round 71/100: count=101118; skid=45
Round 72/100: count=101117; skid=44
Round 73/100: count=101117; skid=44
Round 74/100: count=101117; skid=44
Round 75/100: count=101117; skid=44
Round 76/100: count=101117; skid=44
Round 77/100: count=101117; skid=44
Round 78/100: count=101117; skid=44
Round 79/100: count=101118; skid=45
Round 80/100: count=101118; skid=45
Round 81/100: count=101118; skid=45
Round 82/100: count=101118; skid=45
Round 83/100: count=101117; skid=44
Round 84/100: count=101117; skid=44
Round 85/100: count=101117; skid=44
Round 86/100: count=101117; skid=44
Round 87/100: count=101118; skid=45
Round 88/100: count=101118; skid=45
Round 89/100: count=101117; skid=44
Round 90/100: count=101117; skid=44
Round 91/100: count=101118; skid=45
Round 92/100: count=101117; skid=44
Round 93/100: count=101118; skid=45
Round 94/100: count=101117; skid=44
Round 95/100: count=101117; skid=44
Round 96/100: count=101117; skid=44
Round 97/100: count=101118; skid=45
Round 98/100: count=101117; skid=44
Round 99/100: count=101117; skid=44
Round 100/100: count=101117; skid=44
Complete: 1/1 (100.0%); remaining: 0; elapsed: 1s
Non-deterministic: 1
[32m[+][0m run complete; see /home/mani/dev/Laplace/deterministic/max-skid-experiment/results/b64-t0-n101073/sep-23-2026-11:11:15/results.md

b64-t0-n101104
Results: /home/mani/dev/Laplace/deterministic/max-skid-experiment/results/b64-t0-n101104/sep-23-2026-11:11:17
Workers: [0]; coordinator: 63
br_inst_retired.cond:u on CPU 0; 100 rounds
Overflow threshold: 101104
Round 1/100: count=101149; skid=45
Round 2/100: count=101148; skid=44
Round 3/100: count=101148; skid=44
Round 4/100: count=101148; skid=44
Round 5/100: count=101148; skid=44
Round 6/100: count=101148; skid=44
Round 7/100: count=101148; skid=44
Round 8/100: count=101148; skid=44
Round 9/100: count=101148; skid=44
Round 10/100: count=101149; skid=45
Round 11/100: count=101148; skid=44
Round 12/100: count=101148; skid=44
Round 13/100: count=101148; skid=44
Round 14/100: count=101149; skid=45
Round 15/100: count=101149; skid=45
Round 16/100: count=101149; skid=45
Round 17/100: count=101149; skid=45
Round 18/100: count=101148; skid=44
Round 19/100: count=101148; skid=44
Round 20/100: count=101148; skid=44
Round 21/100: count=101149; skid=45
Round 22/100: count=101148; skid=44
Round 23/100: count=101149; skid=45
Round 24/100: count=101149; skid=45
Round 25/100: count=101148; skid=44
Round 26/100: count=101149; skid=45
Round 27/100: count=101148; skid=44
Round 28/100: count=101149; skid=45
Round 29/100: count=101149; skid=45
Round 30/100: count=101148; skid=44
Round 31/100: count=101148; skid=44
Round 32/100: count=101149; skid=45
Round 33/100: count=101149; skid=45
Round 34/100: count=101149; skid=45
Round 35/100: count=101149; skid=45
Round 36/100: count=101148; skid=44
Round 37/100: count=101149; skid=45
Round 38/100: count=101149; skid=45
Round 39/100: count=101148; skid=44
Round 40/100: count=101149; skid=45
Round 41/100: count=101149; skid=45
Round 42/100: count=101148; skid=44
Round 43/100: count=101148; skid=44
Round 44/100: count=101148; skid=44
Round 45/100: count=101149; skid=45
Round 46/100: count=101149; skid=45
Round 47/100: count=101149; skid=45
Round 48/100: count=101149; skid=45
Round 49/100: count=101149; skid=45
Round 50/100: count=101149; skid=45
Round 51/100: count=101149; skid=45
Round 52/100: count=101149; skid=45
Round 53/100: count=101149; skid=45
Round 54/100: count=101148; skid=44
Round 55/100: count=101148; skid=44
Round 56/100: count=101148; skid=44
Round 57/100: count=101148; skid=44
Round 58/100: count=101148; skid=44
Round 59/100: count=101148; skid=44
Round 60/100: count=101149; skid=45
Round 61/100: count=101148; skid=44
Round 62/100: count=101148; skid=44
Round 63/100: count=101148; skid=44
Round 64/100: count=101148; skid=44
Round 65/100: count=101148; skid=44
Round 66/100: count=101148; skid=44
Round 67/100: count=101149; skid=45
Round 68/100: count=101148; skid=44
Round 69/100: count=101148; skid=44
Round 70/100: count=101148; skid=44
Round 71/100: count=101149; skid=45
Round 72/100: count=101148; skid=44
Round 73/100: count=101148; skid=44
Round 74/100: count=101148; skid=44
Round 75/100: count=101148; skid=44
Round 76/100: count=101148; skid=44
Round 77/100: count=101148; skid=44
Round 78/100: count=101148; skid=44
Round 79/100: count=101148; skid=44
Round 80/100: count=101148; skid=44
Round 81/100: count=101148; skid=44
Round 82/100: count=101148; skid=44
Round 83/100: count=101148; skid=44
Round 84/100: count=101148; skid=44
Round 85/100: count=101148; skid=44
Round 86/100: count=101148; skid=44
Round 87/100: count=101148; skid=44
Round 88/100: count=101148; skid=44
Round 89/100: count=101148; skid=44
Round 90/100: count=101149; skid=45
Round 91/100: count=101148; skid=44
Round 92/100: count=101148; skid=44
Round 93/100: count=101148; skid=44
Round 94/100: count=101148; skid=44
Round 95/100: count=101148; skid=44
Round 96/100: count=101148; skid=44
Round 97/100: count=101149; skid=45
Round 98/100: count=101148; skid=44
Round 99/100: count=101148; skid=44
Round 100/100: count=101148; skid=44
Complete: 1/1 (100.0%); remaining: 0; elapsed: 1s
Non-deterministic: 1
[32m[+][0m run complete; see /home/mani/dev/Laplace/deterministic/max-skid-experiment/results/b64-t0-n101104/sep-23-2026-11:11:17/results.md

b256-t0-n100001
Results: /home/mani/dev/Laplace/deterministic/max-skid-experiment/results/b256-t0-n100001/sep-23-2026-11:11:20
Workers: [0]; coordinator: 63
br_inst_retired.cond:u on CPU 0; 100 rounds
Overflow threshold: 100001
Round 1/100: count=100027; skid=26
Round 2/100: count=100027; skid=26
Round 3/100: count=100027; skid=26
Round 4/100: count=100009; skid=8
Round 5/100: count=100027; skid=26
Round 6/100: count=100027; skid=26
Round 7/100: count=100027; skid=26
Round 8/100: count=100027; skid=26
Round 9/100: count=100027; skid=26
Round 10/100: count=100027; skid=26
Round 11/100: count=100027; skid=26
Round 12/100: count=100027; skid=26
Round 13/100: count=100027; skid=26
Round 14/100: count=100027; skid=26
Round 15/100: count=100027; skid=26
Round 16/100: count=100027; skid=26
Round 17/100: count=100027; skid=26
Round 18/100: count=100027; skid=26
Round 19/100: count=100027; skid=26
Round 20/100: count=100027; skid=26
Round 21/100: count=100027; skid=26
Round 22/100: count=100027; skid=26
Round 23/100: count=100027; skid=26
Round 24/100: count=100027; skid=26
Round 25/100: count=100027; skid=26
Round 26/100: count=100027; skid=26
Round 27/100: count=100027; skid=26
Round 28/100: count=100027; skid=26
Round 29/100: count=100027; skid=26
Round 30/100: count=100027; skid=26
Round 31/100: count=100027; skid=26
Round 32/100: count=100027; skid=26
Round 33/100: count=100027; skid=26
Round 34/100: count=100027; skid=26
Round 35/100: count=100027; skid=26
Round 36/100: count=100027; skid=26
Round 37/100: count=100027; skid=26
Round 38/100: count=100027; skid=26
Round 39/100: count=100027; skid=26
Round 40/100: count=100027; skid=26
Round 41/100: count=100027; skid=26
Round 42/100: count=100027; skid=26
Round 43/100: count=100027; skid=26
Round 44/100: count=100027; skid=26
Round 45/100: count=100027; skid=26
Round 46/100: count=100027; skid=26
Round 47/100: count=100027; skid=26
Round 48/100: count=100027; skid=26
Round 49/100: count=100027; skid=26
Round 50/100: count=100027; skid=26
Round 51/100: count=100027; skid=26
Round 52/100: count=100027; skid=26
Round 53/100: count=100027; skid=26
Round 54/100: count=100027; skid=26
Round 55/100: count=100027; skid=26
Round 56/100: count=100027; skid=26
Round 57/100: count=100027; skid=26
Round 58/100: count=100027; skid=26
Round 59/100: count=100027; skid=26
Round 60/100: count=100010; skid=9
Round 61/100: count=100027; skid=26
Round 62/100: count=100027; skid=26
Round 63/100: count=100027; skid=26
Round 64/100: count=100027; skid=26
Round 65/100: count=100027; skid=26
Round 66/100: count=100027; skid=26
Round 67/100: count=100027; skid=26
Round 68/100: count=100027; skid=26
Round 69/100: count=100027; skid=26
Round 70/100: count=100027; skid=26
Round 71/100: count=100027; skid=26
Round 72/100: count=100027; skid=26
Round 73/100: count=100027; skid=26
Round 74/100: count=100027; skid=26
Round 75/100: count=100027; skid=26
Round 76/100: count=100027; skid=26
Round 77/100: count=100027; skid=26
Round 78/100: count=100027; skid=26
Round 79/100: count=100027; skid=26
Round 80/100: count=100027; skid=26
Round 81/100: count=100027; skid=26
Round 82/100: count=100027; skid=26
Round 83/100: count=100027; skid=26
Round 84/100: count=100010; skid=9
Round 85/100: count=100010; skid=9
Round 86/100: count=100010; skid=9
Round 87/100: count=100027; skid=26
Round 88/100: count=100013; skid=12
Round 89/100: count=100027; skid=26
Round 90/100: count=100010; skid=9
Round 91/100: count=100010; skid=9
Round 92/100: count=100010; skid=9
Round 93/100: count=100013; skid=12
Round 94/100: count=100041; skid=40
Round 95/100: count=100041; skid=40
Round 96/100: count=100027; skid=26
Round 97/100: count=100041; skid=40
Round 98/100: count=100041; skid=40
Round 99/100: count=100027; skid=26
Round 100/100: count=100027; skid=26
Complete: 1/1 (100.0%); remaining: 0; elapsed: 1s
Non-deterministic: 1
[32m[+][0m run complete; see /home/mani/dev/Laplace/deterministic/max-skid-experiment/results/b256-t0-n100001/sep-23-2026-11:11:20/results.md

b256-t0-n100002
Results: /home/mani/dev/Laplace/deterministic/max-skid-experiment/results/b256-t0-n100002/sep-23-2026-11:11:22
Workers: [0]; coordinator: 63
br_inst_retired.cond:u on CPU 0; 100 rounds
Overflow threshold: 100002
Round 1/100: count=100027; skid=25
Round 2/100: count=100023; skid=21
Round 3/100: count=100027; skid=25
Round 4/100: count=100027; skid=25
Round 5/100: count=100027; skid=25
Round 6/100: count=100027; skid=25
Round 7/100: count=100027; skid=25
Round 8/100: count=100027; skid=25
Round 9/100: count=100027; skid=25
Round 10/100: count=100027; skid=25
Round 11/100: count=100027; skid=25
Round 12/100: count=100027; skid=25
Round 13/100: count=100027; skid=25
Round 14/100: count=100027; skid=25
Round 15/100: count=100027; skid=25
Round 16/100: count=100027; skid=25
Round 17/100: count=100027; skid=25
Round 18/100: count=100027; skid=25
Round 19/100: count=100027; skid=25
Round 20/100: count=100027; skid=25
Round 21/100: count=100027; skid=25
Round 22/100: count=100027; skid=25
Round 23/100: count=100027; skid=25
Round 24/100: count=100027; skid=25
Round 25/100: count=100027; skid=25
Round 26/100: count=100027; skid=25
Round 27/100: count=100027; skid=25
Round 28/100: count=100027; skid=25
Round 29/100: count=100010; skid=8
Round 30/100: count=100010; skid=8
Round 31/100: count=100010; skid=8
Round 32/100: count=100010; skid=8
Round 33/100: count=100010; skid=8
Round 34/100: count=100009; skid=7
Round 35/100: count=100010; skid=8
Round 36/100: count=100010; skid=8
Round 37/100: count=100041; skid=39
Round 38/100: count=100010; skid=8
Round 39/100: count=100010; skid=8
Round 40/100: count=100010; skid=8
Round 41/100: count=100013; skid=11
Round 42/100: count=100010; skid=8
Round 43/100: count=100013; skid=11
Round 44/100: count=100013; skid=11
Round 45/100: count=100013; skid=11
Round 46/100: count=100027; skid=25
Round 47/100: count=100027; skid=25
Round 48/100: count=100027; skid=25
Round 49/100: count=100027; skid=25
Round 50/100: count=100027; skid=25
Round 51/100: count=100027; skid=25
Round 52/100: count=100027; skid=25
Round 53/100: count=100027; skid=25
Round 54/100: count=100027; skid=25
Round 55/100: count=100027; skid=25
Round 56/100: count=100027; skid=25
Round 57/100: count=100027; skid=25
Round 58/100: count=100027; skid=25
Round 59/100: count=100027; skid=25
Round 60/100: count=100027; skid=25
Round 61/100: count=100027; skid=25
Round 62/100: count=100027; skid=25
Round 63/100: count=100027; skid=25
Round 64/100: count=100027; skid=25
Round 65/100: count=100027; skid=25
Round 66/100: count=100027; skid=25
Round 67/100: count=100027; skid=25
Round 68/100: count=100027; skid=25
Round 69/100: count=100027; skid=25
Round 70/100: count=100027; skid=25
Round 71/100: count=100027; skid=25
Round 72/100: count=100027; skid=25
Round 73/100: count=100027; skid=25
Round 74/100: count=100027; skid=25
Round 75/100: count=100027; skid=25
Round 76/100: count=100027; skid=25
Round 77/100: count=100027; skid=25
Round 78/100: count=100027; skid=25
Round 79/100: count=100027; skid=25
Round 80/100: count=100027; skid=25
Round 81/100: count=100027; skid=25
Round 82/100: count=100027; skid=25
Round 83/100: count=100027; skid=25
Round 84/100: count=100027; skid=25
Round 85/100: count=100027; skid=25
Round 86/100: count=100027; skid=25
Round 87/100: count=100027; skid=25
Round 88/100: count=100027; skid=25
Round 89/100: count=100027; skid=25
Round 90/100: count=100027; skid=25
Round 91/100: count=100027; skid=25
Round 92/100: count=100027; skid=25
Round 93/100: count=100027; skid=25
Round 94/100: count=100027; skid=25
Round 95/100: count=100027; skid=25
Round 96/100: count=100027; skid=25
Round 97/100: count=100027; skid=25
Round 98/100: count=100027; skid=25
Round 99/100: count=100027; skid=25
Round 100/100: count=100027; skid=25
Complete: 1/1 (100.0%); remaining: 0; elapsed: 1s
Non-deterministic: 1
[32m[+][0m run complete; see /home/mani/dev/Laplace/deterministic/max-skid-experiment/results/b256-t0-n100002/sep-23-2026-11:11:22/results.md

b256-t0-n100008
Results: /home/mani/dev/Laplace/deterministic/max-skid-experiment/results/b256-t0-n100008/sep-23-2026-11:11:25
Workers: [0]; coordinator: 63
br_inst_retired.cond:u on CPU 0; 100 rounds
Overflow threshold: 100008
Round 1/100: count=100043; skid=35
Round 2/100: count=100043; skid=35
Round 3/100: count=100043; skid=35
Round 4/100: count=100043; skid=35
Round 5/100: count=100043; skid=35
Round 6/100: count=100043; skid=35
Round 7/100: count=100043; skid=35
Round 8/100: count=100043; skid=35
Round 9/100: count=100043; skid=35
Round 10/100: count=100013; skid=5
Round 11/100: count=100043; skid=35
Round 12/100: count=100043; skid=35
Round 13/100: count=100043; skid=35
Round 14/100: count=100043; skid=35
Round 15/100: count=100043; skid=35
Round 16/100: count=100043; skid=35
Round 17/100: count=100043; skid=35
Round 18/100: count=100043; skid=35
Round 19/100: count=100043; skid=35
Round 20/100: count=100043; skid=35
Round 21/100: count=100043; skid=35
Round 22/100: count=100043; skid=35
Round 23/100: count=100043; skid=35
Round 24/100: count=100043; skid=35
Round 25/100: count=100043; skid=35
Round 26/100: count=100043; skid=35
Round 27/100: count=100043; skid=35
Round 28/100: count=100043; skid=35
Round 29/100: count=100043; skid=35
Round 30/100: count=100043; skid=35
Round 31/100: count=100043; skid=35
Round 32/100: count=100043; skid=35
Round 33/100: count=100043; skid=35
Round 34/100: count=100043; skid=35
Round 35/100: count=100013; skid=5
Round 36/100: count=100043; skid=35
Round 37/100: count=100043; skid=35
Round 38/100: count=100043; skid=35
Round 39/100: count=100043; skid=35
Round 40/100: count=100043; skid=35
Round 41/100: count=100043; skid=35
Round 42/100: count=100043; skid=35
Round 43/100: count=100037; skid=29
Round 44/100: count=100043; skid=35
Round 45/100: count=100043; skid=35
Round 46/100: count=100043; skid=35
Round 47/100: count=100043; skid=35
Round 48/100: count=100043; skid=35
Round 49/100: count=100043; skid=35
Round 50/100: count=100043; skid=35
Round 51/100: count=100043; skid=35
Round 52/100: count=100043; skid=35
Round 53/100: count=100043; skid=35
Round 54/100: count=100043; skid=35
Round 55/100: count=100043; skid=35
Round 56/100: count=100043; skid=35
Round 57/100: count=100043; skid=35
Round 58/100: count=100043; skid=35
Round 59/100: count=100043; skid=35
Round 60/100: count=100043; skid=35
Round 61/100: count=100043; skid=35
Round 62/100: count=100043; skid=35
Round 63/100: count=100043; skid=35
Round 64/100: count=100043; skid=35
Round 65/100: count=100043; skid=35
Round 66/100: count=100043; skid=35
Round 67/100: count=100043; skid=35
Round 68/100: count=100043; skid=35
Round 69/100: count=100043; skid=35
Round 70/100: count=100043; skid=35
Round 71/100: count=100043; skid=35
Round 72/100: count=100043; skid=35
Round 73/100: count=100043; skid=35
Round 74/100: count=100043; skid=35
Round 75/100: count=100043; skid=35
Round 76/100: count=100043; skid=35
Round 77/100: count=100043; skid=35
Round 78/100: count=100043; skid=35
Round 79/100: count=100043; skid=35
Round 80/100: count=100043; skid=35
Round 81/100: count=100043; skid=35
Round 82/100: count=100043; skid=35
Round 83/100: count=100043; skid=35
Round 84/100: count=100043; skid=35
Round 85/100: count=100043; skid=35
Round 86/100: count=100043; skid=35
Round 87/100: count=100043; skid=35
Round 88/100: count=100043; skid=35
Round 89/100: count=100043; skid=35
Round 90/100: count=100043; skid=35
Round 91/100: count=100043; skid=35
Round 92/100: count=100043; skid=35
Round 93/100: count=100043; skid=35
Round 94/100: count=100043; skid=35
Round 95/100: count=100043; skid=35
Round 96/100: count=100043; skid=35
Round 97/100: count=100043; skid=35
Round 98/100: count=100037; skid=29
Round 99/100: count=100043; skid=35
Round 100/100: count=100043; skid=35
Complete: 1/1 (100.0%); remaining: 0; elapsed: 1s
Non-deterministic: 1
[32m[+][0m run complete; see /home/mani/dev/Laplace/deterministic/max-skid-experiment/results/b256-t0-n100008/sep-23-2026-11:11:25/results.md

b256-t0-n100032
Results: /home/mani/dev/Laplace/deterministic/max-skid-experiment/results/b256-t0-n100032/sep-23-2026-11:11:27
Workers: [0]; coordinator: 63
br_inst_retired.cond:u on CPU 0; 100 rounds
Overflow threshold: 100032
Round 1/100: count=100095; skid=63
Round 2/100: count=100095; skid=63
Round 3/100: count=100095; skid=63
Round 4/100: count=100095; skid=63
Round 5/100: count=100038; skid=6
Round 6/100: count=100095; skid=63
Round 7/100: count=100095; skid=63
Round 8/100: count=100095; skid=63
Round 9/100: count=100095; skid=63
Round 10/100: count=100095; skid=63
Round 11/100: count=100038; skid=6
Round 12/100: count=100095; skid=63
Round 13/100: count=100095; skid=63
Round 14/100: count=100095; skid=63
Round 15/100: count=100095; skid=63
Round 16/100: count=100095; skid=63
Round 17/100: count=100095; skid=63
Round 18/100: count=100095; skid=63
Round 19/100: count=100095; skid=63
Round 20/100: count=100095; skid=63
Round 21/100: count=100095; skid=63
Round 22/100: count=100095; skid=63
Round 23/100: count=100095; skid=63
Round 24/100: count=100095; skid=63
Round 25/100: count=100095; skid=63
Round 26/100: count=100095; skid=63
Round 27/100: count=100095; skid=63
Round 28/100: count=100095; skid=63
Round 29/100: count=100095; skid=63
Round 30/100: count=100095; skid=63
Round 31/100: count=100095; skid=63
Round 32/100: count=100095; skid=63
Round 33/100: count=100095; skid=63
Round 34/100: count=100095; skid=63
Round 35/100: count=100095; skid=63
Round 36/100: count=100095; skid=63
Round 37/100: count=100095; skid=63
Round 38/100: count=100095; skid=63
Round 39/100: count=100095; skid=63
Round 40/100: count=100095; skid=63
Round 41/100: count=100095; skid=63
Round 42/100: count=100095; skid=63
Round 43/100: count=100095; skid=63
Round 44/100: count=100095; skid=63
Round 45/100: count=100095; skid=63
Round 46/100: count=100095; skid=63
Round 47/100: count=100095; skid=63
Round 48/100: count=100095; skid=63
Round 49/100: count=100095; skid=63
Round 50/100: count=100095; skid=63
Round 51/100: count=100095; skid=63
Round 52/100: count=100095; skid=63
Round 53/100: count=100095; skid=63
Round 54/100: count=100095; skid=63
Round 55/100: count=100095; skid=63
Round 56/100: count=100095; skid=63
Round 57/100: count=100095; skid=63
Round 58/100: count=100095; skid=63
Round 59/100: count=100095; skid=63
Round 60/100: count=100095; skid=63
Round 61/100: count=100095; skid=63
Round 62/100: count=100093; skid=61
Round 63/100: count=100095; skid=63
Round 64/100: count=100095; skid=63
Round 65/100: count=100095; skid=63
Round 66/100: count=100095; skid=63
Round 67/100: count=100095; skid=63
Round 68/100: count=100095; skid=63
Round 69/100: count=100090; skid=58
Round 70/100: count=100090; skid=58
Round 71/100: count=100090; skid=58
Round 72/100: count=100090; skid=58
Round 73/100: count=100095; skid=63
Round 74/100: count=100095; skid=63
Round 75/100: count=100095; skid=63
Round 76/100: count=100095; skid=63
Round 77/100: count=100095; skid=63
Round 78/100: count=100095; skid=63
Round 79/100: count=100095; skid=63
Round 80/100: count=100095; skid=63
Round 81/100: count=100095; skid=63
Round 82/100: count=100095; skid=63
Round 83/100: count=100095; skid=63
Round 84/100: count=100095; skid=63
Round 85/100: count=100095; skid=63
Round 86/100: count=100095; skid=63
Round 87/100: count=100095; skid=63
Round 88/100: count=100095; skid=63
Round 89/100: count=100095; skid=63
Round 90/100: count=100095; skid=63
Round 91/100: count=100095; skid=63
Round 92/100: count=100095; skid=63
Round 93/100: count=100095; skid=63
Round 94/100: count=100095; skid=63
Round 95/100: count=100095; skid=63
Round 96/100: count=100095; skid=63
Round 97/100: count=100095; skid=63
Round 98/100: count=100095; skid=63
Round 99/100: count=100095; skid=63
Round 100/100: count=100095; skid=63
Complete: 1/1 (100.0%); remaining: 0; elapsed: 1s
Non-deterministic: 1
[32m[+][0m run complete; see /home/mani/dev/Laplace/deterministic/max-skid-experiment/results/b256-t0-n100032/sep-23-2026-11:11:27/results.md

b256-t0-n104113
Results: /home/mani/dev/Laplace/deterministic/max-skid-experiment/results/b256-t0-n104113/sep-23-2026-11:11:30
Workers: [0]; coordinator: 63
br_inst_retired.cond:u on CPU 0; 100 rounds
Overflow threshold: 104113
Round 1/100: count=104162; skid=49
Round 2/100: count=104161; skid=48
Round 3/100: count=104125; skid=12
Round 4/100: count=104161; skid=48
Round 5/100: count=104161; skid=48
Round 6/100: count=104161; skid=48
Round 7/100: count=104161; skid=48
Round 8/100: count=104157; skid=44
Round 9/100: count=104161; skid=48
Round 10/100: count=104162; skid=49
Round 11/100: count=104162; skid=49
Round 12/100: count=104162; skid=49
Round 13/100: count=104162; skid=49
Round 14/100: count=104161; skid=48
Round 15/100: count=104161; skid=48
Round 16/100: count=104161; skid=48
Round 17/100: count=104161; skid=48
Round 18/100: count=104161; skid=48
Round 19/100: count=104162; skid=49
Round 20/100: count=104161; skid=48
Round 21/100: count=104165; skid=52
Round 22/100: count=104161; skid=48
Round 23/100: count=104162; skid=49
Round 24/100: count=104163; skid=50
Round 25/100: count=104161; skid=48
Round 26/100: count=104161; skid=48
Round 27/100: count=104146; skid=33
Round 28/100: count=104161; skid=48
Round 29/100: count=104162; skid=49
Round 30/100: count=104161; skid=48
Round 31/100: count=104161; skid=48
Round 32/100: count=104162; skid=49
Round 33/100: count=104161; skid=48
Round 34/100: count=104161; skid=48
Round 35/100: count=104161; skid=48
Round 36/100: count=104162; skid=49
Round 37/100: count=104162; skid=49
Round 38/100: count=104161; skid=48
Round 39/100: count=104162; skid=49
Round 40/100: count=104170; skid=57
Round 41/100: count=104170; skid=57
Round 42/100: count=104161; skid=48
Round 43/100: count=104162; skid=49
Round 44/100: count=104161; skid=48
Round 45/100: count=104162; skid=49
Round 46/100: count=104162; skid=49
Round 47/100: count=104162; skid=49
Round 48/100: count=104161; skid=48
Round 49/100: count=104162; skid=49
Round 50/100: count=104161; skid=48
Round 51/100: count=104162; skid=49
Round 52/100: count=104162; skid=49
Round 53/100: count=104162; skid=49
Round 54/100: count=104162; skid=49
Round 55/100: count=104162; skid=49
Round 56/100: count=104161; skid=48
Round 57/100: count=104133; skid=20
Round 58/100: count=104133; skid=20
Round 59/100: count=104161; skid=48
Round 60/100: count=104162; skid=49
Round 61/100: count=104162; skid=49
Round 62/100: count=104162; skid=49
Round 63/100: count=104162; skid=49
Round 64/100: count=104161; skid=48
Round 65/100: count=104162; skid=49
Round 66/100: count=104162; skid=49
Round 67/100: count=104162; skid=49
Round 68/100: count=104161; skid=48
Round 69/100: count=104162; skid=49
Round 70/100: count=104170; skid=57
Round 71/100: count=104170; skid=57
Round 72/100: count=104161; skid=48
Round 73/100: count=104161; skid=48
Round 74/100: count=104162; skid=49
Round 75/100: count=104161; skid=48
Round 76/100: count=104161; skid=48
Round 77/100: count=104161; skid=48
Round 78/100: count=104161; skid=48
Round 79/100: count=104161; skid=48
Round 80/100: count=104162; skid=49
Round 81/100: count=104162; skid=49
Round 82/100: count=104161; skid=48
Round 83/100: count=104161; skid=48
Round 84/100: count=104161; skid=48
Round 85/100: count=104161; skid=48
Round 86/100: count=104162; skid=49
Round 87/100: count=104162; skid=49
Round 88/100: count=104161; skid=48
Round 89/100: count=104161; skid=48
Round 90/100: count=104162; skid=49
Round 91/100: count=104162; skid=49
Round 92/100: count=104161; skid=48
Round 93/100: count=104161; skid=48
Round 94/100: count=104161; skid=48
Round 95/100: count=104161; skid=48
Round 96/100: count=104162; skid=49
Round 97/100: count=104161; skid=48
Round 98/100: count=104162; skid=49
Round 99/100: count=104169; skid=56
Round 100/100: count=104161; skid=48
Complete: 1/1 (100.0%); remaining: 0; elapsed: 1s
Non-deterministic: 1
[32m[+][0m run complete; see /home/mani/dev/Laplace/deterministic/max-skid-experiment/results/b256-t0-n104113/sep-23-2026-11:11:30/results.md

b256-t0-n104241
Results: /home/mani/dev/Laplace/deterministic/max-skid-experiment/results/b256-t0-n104241/sep-23-2026-11:11:32
Workers: [0]; coordinator: 63
br_inst_retired.cond:u on CPU 0; 100 rounds
Overflow threshold: 104241
Round 1/100: count=104284; skid=43
Round 2/100: count=104254; skid=13
Round 3/100: count=104284; skid=43
Round 4/100: count=104287; skid=46
Round 5/100: count=104287; skid=46
Round 6/100: count=104287; skid=46
Round 7/100: count=104288; skid=47
Round 8/100: count=104283; skid=42
Round 9/100: count=104283; skid=42
Round 10/100: count=104283; skid=42
Round 11/100: count=104287; skid=46
Round 12/100: count=104284; skid=43
Round 13/100: count=104287; skid=46
Round 14/100: count=104284; skid=43
Round 15/100: count=104284; skid=43
Round 16/100: count=104283; skid=42
Round 17/100: count=104296; skid=55
Round 18/100: count=104288; skid=47
Round 19/100: count=104284; skid=43
Round 20/100: count=104284; skid=43
Round 21/100: count=104284; skid=43
Round 22/100: count=104284; skid=43
Round 23/100: count=104302; skid=61
Round 24/100: count=104302; skid=61
Round 25/100: count=104284; skid=43
Round 26/100: count=104288; skid=47
Round 27/100: count=104284; skid=43
Round 28/100: count=104287; skid=46
Round 29/100: count=104287; skid=46
Round 30/100: count=104284; skid=43
Round 31/100: count=104287; skid=46
Round 32/100: count=104287; skid=46
Round 33/100: count=104283; skid=42
Round 34/100: count=104288; skid=47
Round 35/100: count=104283; skid=42
Round 36/100: count=104283; skid=42
Round 37/100: count=104287; skid=46
Round 38/100: count=104284; skid=43
Round 39/100: count=104284; skid=43
Round 40/100: count=104265; skid=24
Round 41/100: count=104284; skid=43
Round 42/100: count=104287; skid=46
Round 43/100: count=104288; skid=47
Round 44/100: count=104284; skid=43
Round 45/100: count=104284; skid=43
Round 46/100: count=104287; skid=46
Round 47/100: count=104284; skid=43
Round 48/100: count=104283; skid=42
Round 49/100: count=104283; skid=42
Round 50/100: count=104287; skid=46
Round 51/100: count=104287; skid=46
Round 52/100: count=104287; skid=46
Round 53/100: count=104287; skid=46
Round 54/100: count=104287; skid=46
Round 55/100: count=104284; skid=43
Round 56/100: count=104287; skid=46
Round 57/100: count=104287; skid=46
Round 58/100: count=104287; skid=46
Round 59/100: count=104283; skid=42
Round 60/100: count=104287; skid=46
Round 61/100: count=104284; skid=43
Round 62/100: count=104287; skid=46
Round 63/100: count=104287; skid=46
Round 64/100: count=104254; skid=13
Round 65/100: count=104287; skid=46
Round 66/100: count=104287; skid=46
Round 67/100: count=104265; skid=24
Round 68/100: count=104284; skid=43
Round 69/100: count=104302; skid=61
Round 70/100: count=104302; skid=61
Round 71/100: count=104284; skid=43
Round 72/100: count=104284; skid=43
Round 73/100: count=104284; skid=43
Round 74/100: count=104283; skid=42
Round 75/100: count=104302; skid=61
Round 76/100: count=104287; skid=46
Round 77/100: count=104287; skid=46
Round 78/100: count=104287; skid=46
Round 79/100: count=104288; skid=47
Round 80/100: count=104287; skid=46
Round 81/100: count=104284; skid=43
Round 82/100: count=104283; skid=42
Round 83/100: count=104283; skid=42
Round 84/100: count=104283; skid=42
Round 85/100: count=104284; skid=43
Round 86/100: count=104287; skid=46
Round 87/100: count=104288; skid=47
Round 88/100: count=104284; skid=43
Round 89/100: count=104284; skid=43
Round 90/100: count=104289; skid=48
Round 91/100: count=104265; skid=24
Round 92/100: count=104287; skid=46
Round 93/100: count=104288; skid=47
Round 94/100: count=104283; skid=42
Round 95/100: count=104283; skid=42
Round 96/100: count=104284; skid=43
Round 97/100: count=104287; skid=46
Round 98/100: count=104284; skid=43
Round 99/100: count=104284; skid=43
Round 100/100: count=104287; skid=46
Complete: 1/1 (100.0%); remaining: 0; elapsed: 1s
Non-deterministic: 1
[32m[+][0m run complete; see /home/mani/dev/Laplace/deterministic/max-skid-experiment/results/b256-t0-n104241/sep-23-2026-11:11:32/results.md

b256-t0-n104368
Results: /home/mani/dev/Laplace/deterministic/max-skid-experiment/results/b256-t0-n104368/sep-23-2026-11:11:35
Workers: [0]; coordinator: 63
br_inst_retired.cond:u on CPU 0; 100 rounds
Overflow threshold: 104368
Round 1/100: count=104382; skid=14
Round 2/100: count=104413; skid=45
Round 3/100: count=104413; skid=45
Round 4/100: count=104424; skid=56
Round 5/100: count=104421; skid=53
Round 6/100: count=104412; skid=44
Round 7/100: count=104413; skid=45
Round 8/100: count=104413; skid=45
Round 9/100: count=104413; skid=45
Round 10/100: count=104413; skid=45
Round 11/100: count=104413; skid=45
Round 12/100: count=104413; skid=45
Round 13/100: count=104416; skid=48
Round 14/100: count=104412; skid=44
Round 15/100: count=104412; skid=44
Round 16/100: count=104412; skid=44
Round 17/100: count=104416; skid=48
Round 18/100: count=104412; skid=44
Round 19/100: count=104413; skid=45
Round 20/100: count=104425; skid=57
Round 21/100: count=104418; skid=50
Round 22/100: count=104421; skid=53
Round 23/100: count=104421; skid=53
Round 24/100: count=104413; skid=45
Round 25/100: count=104412; skid=44
Round 26/100: count=104390; skid=22
Round 27/100: count=104412; skid=44
Round 28/100: count=104392; skid=24
Round 29/100: count=104421; skid=53
Round 30/100: count=104413; skid=45
Round 31/100: count=104413; skid=45
Round 32/100: count=104412; skid=44
Round 33/100: count=104413; skid=45
Round 34/100: count=104412; skid=44
Round 35/100: count=104412; skid=44
Round 36/100: count=104412; skid=44
Round 37/100: count=104413; skid=45
Round 38/100: count=104412; skid=44
Round 39/100: count=104390; skid=22
Round 40/100: count=104412; skid=44
Round 41/100: count=104412; skid=44
Round 42/100: count=104390; skid=22
Round 43/100: count=104390; skid=22
Round 44/100: count=104412; skid=44
Round 45/100: count=104412; skid=44
Round 46/100: count=104413; skid=45
Round 47/100: count=104413; skid=45
Round 48/100: count=104412; skid=44
Round 49/100: count=104390; skid=22
Round 50/100: count=104416; skid=48
Round 51/100: count=104413; skid=45
Round 52/100: count=104413; skid=45
Round 53/100: count=104413; skid=45
Round 54/100: count=104412; skid=44
Round 55/100: count=104412; skid=44
Round 56/100: count=104412; skid=44
Round 57/100: count=104410; skid=42
Round 58/100: count=104412; skid=44
Round 59/100: count=104412; skid=44
Round 60/100: count=104412; skid=44
Round 61/100: count=104412; skid=44
Round 62/100: count=104413; skid=45
Round 63/100: count=104413; skid=45
Round 64/100: count=104413; skid=45
Round 65/100: count=104413; skid=45
Round 66/100: count=104412; skid=44
Round 67/100: count=104413; skid=45
Round 68/100: count=104412; skid=44
Round 69/100: count=104413; skid=45
Round 70/100: count=104413; skid=45
Round 71/100: count=104413; skid=45
Round 72/100: count=104413; skid=45
Round 73/100: count=104390; skid=22
Round 74/100: count=104412; skid=44
Round 75/100: count=104412; skid=44
Round 76/100: count=104412; skid=44
Round 77/100: count=104413; skid=45
Round 78/100: count=104413; skid=45
Round 79/100: count=104413; skid=45
Round 80/100: count=104412; skid=44
Round 81/100: count=104412; skid=44
Round 82/100: count=104413; skid=45
Round 83/100: count=104412; skid=44
Round 84/100: count=104412; skid=44
Round 85/100: count=104412; skid=44
Round 86/100: count=104412; skid=44
Round 87/100: count=104413; skid=45
Round 88/100: count=104390; skid=22
Round 89/100: count=104390; skid=22
Round 90/100: count=104393; skid=25
Round 91/100: count=104412; skid=44
Round 92/100: count=104413; skid=45
Round 93/100: count=104412; skid=44
Round 94/100: count=104386; skid=18
Round 95/100: count=104413; skid=45
Round 96/100: count=104390; skid=22
Round 97/100: count=104390; skid=22
Round 98/100: count=104413; skid=45
Round 99/100: count=104390; skid=22
Round 100/100: count=104413; skid=45
Complete: 1/1 (100.0%); remaining: 0; elapsed: 1s
Non-deterministic: 1
[32m[+][0m run complete; see /home/mani/dev/Laplace/deterministic/max-skid-experiment/results/b256-t0-n104368/sep-23-2026-11:11:35/results.md

b1024-t0-n100001
Results: /home/mani/dev/Laplace/deterministic/max-skid-experiment/results/b1024-t0-n100001/sep-23-2026-11:11:37
Workers: [0]; coordinator: 63
br_inst_retired.cond:u on CPU 0; 100 rounds
Overflow threshold: 100001
Round 1/100: count=100027; skid=26
Round 2/100: count=100027; skid=26
Round 3/100: count=100027; skid=26
Round 4/100: count=100027; skid=26
Round 5/100: count=100027; skid=26
Round 6/100: count=100027; skid=26
Round 7/100: count=100027; skid=26
Round 8/100: count=100027; skid=26
Round 9/100: count=100027; skid=26
Round 10/100: count=100027; skid=26
Round 11/100: count=100027; skid=26
Round 12/100: count=100027; skid=26
Round 13/100: count=100027; skid=26
Round 14/100: count=100027; skid=26
Round 15/100: count=100027; skid=26
Round 16/100: count=100023; skid=22
Round 17/100: count=100027; skid=26
Round 18/100: count=100027; skid=26
Round 19/100: count=100027; skid=26
Round 20/100: count=100027; skid=26
Round 21/100: count=100027; skid=26
Round 22/100: count=100027; skid=26
Round 23/100: count=100027; skid=26
Round 24/100: count=100027; skid=26
Round 25/100: count=100027; skid=26
Round 26/100: count=100027; skid=26
Round 27/100: count=100027; skid=26
Round 28/100: count=100027; skid=26
Round 29/100: count=100027; skid=26
Round 30/100: count=100027; skid=26
Round 31/100: count=100011; skid=10
Round 32/100: count=100041; skid=40
Round 33/100: count=100027; skid=26
Round 34/100: count=100013; skid=12
Round 35/100: count=100027; skid=26
Round 36/100: count=100013; skid=12
Round 37/100: count=100013; skid=12
Round 38/100: count=100027; skid=26
Round 39/100: count=100010; skid=9
Round 40/100: count=100010; skid=9
Round 41/100: count=100027; skid=26
Round 42/100: count=100022; skid=21
Round 43/100: count=100027; skid=26
Round 44/100: count=100027; skid=26
Round 45/100: count=100027; skid=26
Round 46/100: count=100027; skid=26
Round 47/100: count=100027; skid=26
Round 48/100: count=100027; skid=26
Round 49/100: count=100027; skid=26
Round 50/100: count=100027; skid=26
Round 51/100: count=100027; skid=26
Round 52/100: count=100027; skid=26
Round 53/100: count=100027; skid=26
Round 54/100: count=100027; skid=26
Round 55/100: count=100027; skid=26
Round 56/100: count=100027; skid=26
Round 57/100: count=100027; skid=26
Round 58/100: count=100027; skid=26
Round 59/100: count=100027; skid=26
Round 60/100: count=100027; skid=26
Round 61/100: count=100027; skid=26
Round 62/100: count=100027; skid=26
Round 63/100: count=100027; skid=26
Round 64/100: count=100027; skid=26
Round 65/100: count=100027; skid=26
Round 66/100: count=100027; skid=26
Round 67/100: count=100023; skid=22
Round 68/100: count=100027; skid=26
Round 69/100: count=100027; skid=26
Round 70/100: count=100027; skid=26
Round 71/100: count=100027; skid=26
Round 72/100: count=100027; skid=26
Round 73/100: count=100027; skid=26
Round 74/100: count=100027; skid=26
Round 75/100: count=100010; skid=9
Round 76/100: count=100011; skid=10
Round 77/100: count=100027; skid=26
Round 78/100: count=100027; skid=26
Round 79/100: count=100027; skid=26
Round 80/100: count=100027; skid=26
Round 81/100: count=100027; skid=26
Round 82/100: count=100010; skid=9
Round 83/100: count=100010; skid=9
Round 84/100: count=100010; skid=9
Round 85/100: count=100010; skid=9
Round 86/100: count=100010; skid=9
Round 87/100: count=100010; skid=9
Round 88/100: count=100010; skid=9
Round 89/100: count=100010; skid=9
Round 90/100: count=100027; skid=26
Round 91/100: count=100027; skid=26
Round 92/100: count=100027; skid=26
Round 93/100: count=100027; skid=26
Round 94/100: count=100027; skid=26
Round 95/100: count=100027; skid=26
Round 96/100: count=100027; skid=26
Round 97/100: count=100027; skid=26
Round 98/100: count=100027; skid=26
Round 99/100: count=100027; skid=26
Round 100/100: count=100027; skid=26
Complete: 1/1 (100.0%); remaining: 0; elapsed: 1s
Non-deterministic: 1
[32m[+][0m run complete; see /home/mani/dev/Laplace/deterministic/max-skid-experiment/results/b1024-t0-n100001/sep-23-2026-11:11:37/results.md

b1024-t0-n100002
Results: /home/mani/dev/Laplace/deterministic/max-skid-experiment/results/b1024-t0-n100002/sep-23-2026-11:11:40
Workers: [0]; coordinator: 63
br_inst_retired.cond:u on CPU 0; 100 rounds
Overflow threshold: 100002
Round 1/100: count=100027; skid=25
Round 2/100: count=100027; skid=25
Round 3/100: count=100027; skid=25
Round 4/100: count=100027; skid=25
Round 5/100: count=100027; skid=25
Round 6/100: count=100027; skid=25
Round 7/100: count=100027; skid=25
Round 8/100: count=100027; skid=25
Round 9/100: count=100027; skid=25
Round 10/100: count=100027; skid=25
Round 11/100: count=100027; skid=25
Round 12/100: count=100027; skid=25
Round 13/100: count=100010; skid=8
Round 14/100: count=100010; skid=8
Round 15/100: count=100011; skid=9
Round 16/100: count=100011; skid=9
Round 17/100: count=100010; skid=8
Round 18/100: count=100027; skid=25
Round 19/100: count=100027; skid=25
Round 20/100: count=100027; skid=25
Round 21/100: count=100027; skid=25
Round 22/100: count=100027; skid=25
Round 23/100: count=100027; skid=25
Round 24/100: count=100027; skid=25
Round 25/100: count=100027; skid=25
Round 26/100: count=100027; skid=25
Round 27/100: count=100027; skid=25
Round 28/100: count=100027; skid=25
Round 29/100: count=100027; skid=25
Round 30/100: count=100027; skid=25
Round 31/100: count=100027; skid=25
Round 32/100: count=100027; skid=25
Round 33/100: count=100027; skid=25
Round 34/100: count=100027; skid=25
Round 35/100: count=100027; skid=25
Round 36/100: count=100027; skid=25
Round 37/100: count=100027; skid=25
Round 38/100: count=100027; skid=25
Round 39/100: count=100027; skid=25
Round 40/100: count=100027; skid=25
Round 41/100: count=100027; skid=25
Round 42/100: count=100027; skid=25
Round 43/100: count=100027; skid=25
Round 44/100: count=100027; skid=25
Round 45/100: count=100027; skid=25
Round 46/100: count=100027; skid=25
Round 47/100: count=100027; skid=25
Round 48/100: count=100009; skid=7
Round 49/100: count=100027; skid=25
Round 50/100: count=100027; skid=25
Round 51/100: count=100027; skid=25
Round 52/100: count=100027; skid=25
Round 53/100: count=100027; skid=25
Round 54/100: count=100027; skid=25
Round 55/100: count=100027; skid=25
Round 56/100: count=100027; skid=25
Round 57/100: count=100027; skid=25
Round 58/100: count=100027; skid=25
Round 59/100: count=100027; skid=25
Round 60/100: count=100027; skid=25
Round 61/100: count=100027; skid=25
Round 62/100: count=100009; skid=7
Round 63/100: count=100027; skid=25
Round 64/100: count=100027; skid=25
Round 65/100: count=100027; skid=25
Round 66/100: count=100027; skid=25
Round 67/100: count=100027; skid=25
Round 68/100: count=100027; skid=25
Round 69/100: count=100027; skid=25
Round 70/100: count=100027; skid=25
Round 71/100: count=100027; skid=25
Round 72/100: count=100027; skid=25
Round 73/100: count=100027; skid=25
Round 74/100: count=100027; skid=25
Round 75/100: count=100027; skid=25
Round 76/100: count=100027; skid=25
Round 77/100: count=100027; skid=25
Round 78/100: count=100027; skid=25
Round 79/100: count=100027; skid=25
Round 80/100: count=100027; skid=25
Round 81/100: count=100027; skid=25
Round 82/100: count=100027; skid=25
Round 83/100: count=100027; skid=25
Round 84/100: count=100027; skid=25
Round 85/100: count=100027; skid=25
Round 86/100: count=100027; skid=25
Round 87/100: count=100027; skid=25
Round 88/100: count=100027; skid=25
Round 89/100: count=100027; skid=25
Round 90/100: count=100027; skid=25
Round 91/100: count=100027; skid=25
Round 92/100: count=100027; skid=25
Round 93/100: count=100027; skid=25
Round 94/100: count=100009; skid=7
Round 95/100: count=100027; skid=25
Round 96/100: count=100027; skid=25
Round 97/100: count=100027; skid=25
Round 98/100: count=100023; skid=21
Round 99/100: count=100023; skid=21
Round 100/100: count=100027; skid=25
Complete: 1/1 (100.0%); remaining: 0; elapsed: 1s
Non-deterministic: 1
[32m[+][0m run complete; see /home/mani/dev/Laplace/deterministic/max-skid-experiment/results/b1024-t0-n100002/sep-23-2026-11:11:40/results.md

b1024-t0-n100008
Results: /home/mani/dev/Laplace/deterministic/max-skid-experiment/results/b1024-t0-n100008/sep-23-2026-11:11:42
Workers: [0]; coordinator: 63
br_inst_retired.cond:u on CPU 0; 100 rounds
Overflow threshold: 100008
Round 1/100: count=100043; skid=35
Round 2/100: count=100043; skid=35
Round 3/100: count=100043; skid=35
Round 4/100: count=100043; skid=35
Round 5/100: count=100043; skid=35
Round 6/100: count=100043; skid=35
Round 7/100: count=100043; skid=35
Round 8/100: count=100043; skid=35
Round 9/100: count=100043; skid=35
Round 10/100: count=100043; skid=35
Round 11/100: count=100043; skid=35
Round 12/100: count=100043; skid=35
Round 13/100: count=100043; skid=35
Round 14/100: count=100043; skid=35
Round 15/100: count=100043; skid=35
Round 16/100: count=100043; skid=35
Round 17/100: count=100043; skid=35
Round 18/100: count=100043; skid=35
Round 19/100: count=100043; skid=35
Round 20/100: count=100043; skid=35
Round 21/100: count=100043; skid=35
Round 22/100: count=100043; skid=35
Round 23/100: count=100043; skid=35
Round 24/100: count=100043; skid=35
Round 25/100: count=100043; skid=35
Round 26/100: count=100043; skid=35
Round 27/100: count=100043; skid=35
Round 28/100: count=100043; skid=35
Round 29/100: count=100043; skid=35
Round 30/100: count=100043; skid=35
Round 31/100: count=100043; skid=35
Round 32/100: count=100043; skid=35
Round 33/100: count=100043; skid=35
Round 34/100: count=100043; skid=35
Round 35/100: count=100043; skid=35
Round 36/100: count=100043; skid=35
Round 37/100: count=100043; skid=35
Round 38/100: count=100043; skid=35
Round 39/100: count=100043; skid=35
Round 40/100: count=100043; skid=35
Round 41/100: count=100043; skid=35
Round 42/100: count=100043; skid=35
Round 43/100: count=100043; skid=35
Round 44/100: count=100043; skid=35
Round 45/100: count=100043; skid=35
Round 46/100: count=100043; skid=35
Round 47/100: count=100043; skid=35
Round 48/100: count=100043; skid=35
Round 49/100: count=100043; skid=35
Round 50/100: count=100043; skid=35
Round 51/100: count=100043; skid=35
Round 52/100: count=100043; skid=35
Round 53/100: count=100043; skid=35
Round 54/100: count=100043; skid=35
Round 55/100: count=100043; skid=35
Round 56/100: count=100043; skid=35
Round 57/100: count=100043; skid=35
Round 58/100: count=100043; skid=35
Round 59/100: count=100043; skid=35
Round 60/100: count=100043; skid=35
Round 61/100: count=100043; skid=35
Round 62/100: count=100043; skid=35
Round 63/100: count=100043; skid=35
Round 64/100: count=100043; skid=35
Round 65/100: count=100043; skid=35
Round 66/100: count=100043; skid=35
Round 67/100: count=100043; skid=35
Round 68/100: count=100043; skid=35
Round 69/100: count=100043; skid=35
Round 70/100: count=100043; skid=35
Round 71/100: count=100043; skid=35
Round 72/100: count=100043; skid=35
Round 73/100: count=100043; skid=35
Round 74/100: count=100043; skid=35
Round 75/100: count=100043; skid=35
Round 76/100: count=100043; skid=35
Round 77/100: count=100016; skid=8
Round 78/100: count=100016; skid=8
Round 79/100: count=100016; skid=8
Round 80/100: count=100012; skid=4
Round 81/100: count=100012; skid=4
Round 82/100: count=100016; skid=8
Round 83/100: count=100016; skid=8
Round 84/100: count=100012; skid=4
Round 85/100: count=100012; skid=4
Round 86/100: count=100012; skid=4
Round 87/100: count=100012; skid=4
Round 88/100: count=100012; skid=4
Round 89/100: count=100012; skid=4
Round 90/100: count=100012; skid=4
Round 91/100: count=100012; skid=4
Round 92/100: count=100012; skid=4
Round 93/100: count=100012; skid=4
Round 94/100: count=100012; skid=4
Round 95/100: count=100043; skid=35
Round 96/100: count=100012; skid=4
Round 97/100: count=100014; skid=6
Round 98/100: count=100043; skid=35
Round 99/100: count=100043; skid=35
Round 100/100: count=100043; skid=35
Complete: 1/1 (100.0%); remaining: 0; elapsed: 1s
Non-deterministic: 1
[32m[+][0m run complete; see /home/mani/dev/Laplace/deterministic/max-skid-experiment/results/b1024-t0-n100008/sep-23-2026-11:11:42/results.md

b1024-t0-n100032
Results: /home/mani/dev/Laplace/deterministic/max-skid-experiment/results/b1024-t0-n100032/sep-23-2026-11:11:45
Workers: [0]; coordinator: 63
br_inst_retired.cond:u on CPU 0; 100 rounds
Overflow threshold: 100032
Round 1/100: count=100091; skid=59
Round 2/100: count=100079; skid=47
Round 3/100: count=100086; skid=54
Round 4/100: count=100089; skid=57
Round 5/100: count=100079; skid=47
Round 6/100: count=100078; skid=46
Round 7/100: count=100078; skid=46
Round 8/100: count=100038; skid=6
Round 9/100: count=100078; skid=46
Round 10/100: count=100079; skid=47
Round 11/100: count=100079; skid=47
Round 12/100: count=100095; skid=63
Round 13/100: count=100095; skid=63
Round 14/100: count=100095; skid=63
Round 15/100: count=100095; skid=63
Round 16/100: count=100095; skid=63
Round 17/100: count=100095; skid=63
Round 18/100: count=100079; skid=47
Round 19/100: count=100095; skid=63
Round 20/100: count=100095; skid=63
Round 21/100: count=100095; skid=63
Round 22/100: count=100095; skid=63
Round 23/100: count=100095; skid=63
Round 24/100: count=100095; skid=63
Round 25/100: count=100095; skid=63
Round 26/100: count=100095; skid=63
Round 27/100: count=100095; skid=63
Round 28/100: count=100095; skid=63
Round 29/100: count=100095; skid=63
Round 30/100: count=100086; skid=54
Round 31/100: count=100095; skid=63
Round 32/100: count=100095; skid=63
Round 33/100: count=100095; skid=63
Round 34/100: count=100095; skid=63
Round 35/100: count=100095; skid=63
Round 36/100: count=100095; skid=63
Round 37/100: count=100095; skid=63
Round 38/100: count=100095; skid=63
Round 39/100: count=100035; skid=3
Round 40/100: count=100095; skid=63
Round 41/100: count=100095; skid=63
Round 42/100: count=100095; skid=63
Round 43/100: count=100095; skid=63
Round 44/100: count=100095; skid=63
Round 45/100: count=100095; skid=63
Round 46/100: count=100095; skid=63
Round 47/100: count=100095; skid=63
Round 48/100: count=100095; skid=63
Round 49/100: count=100095; skid=63
Round 50/100: count=100095; skid=63
Round 51/100: count=100095; skid=63
Round 52/100: count=100095; skid=63
Round 53/100: count=100095; skid=63
Round 54/100: count=100095; skid=63
Round 55/100: count=100095; skid=63
Round 56/100: count=100095; skid=63
Round 57/100: count=100095; skid=63
Round 58/100: count=100095; skid=63
Round 59/100: count=100095; skid=63
Round 60/100: count=100095; skid=63
Round 61/100: count=100095; skid=63
Round 62/100: count=100095; skid=63
Round 63/100: count=100095; skid=63
Round 64/100: count=100095; skid=63
Round 65/100: count=100095; skid=63
Round 66/100: count=100095; skid=63
Round 67/100: count=100095; skid=63
Round 68/100: count=100095; skid=63
Round 69/100: count=100093; skid=61
Round 70/100: count=100095; skid=63
Round 71/100: count=100095; skid=63
Round 72/100: count=100095; skid=63
Round 73/100: count=100095; skid=63
Round 74/100: count=100095; skid=63
Round 75/100: count=100095; skid=63
Round 76/100: count=100095; skid=63
Round 77/100: count=100095; skid=63
Round 78/100: count=100095; skid=63
Round 79/100: count=100095; skid=63
Round 80/100: count=100095; skid=63
Round 81/100: count=100095; skid=63
Round 82/100: count=100090; skid=58
Round 83/100: count=100095; skid=63
Round 84/100: count=100095; skid=63
Round 85/100: count=100095; skid=63
Round 86/100: count=100095; skid=63
Round 87/100: count=100095; skid=63
Round 88/100: count=100095; skid=63
Round 89/100: count=100095; skid=63
Round 90/100: count=100095; skid=63
Round 91/100: count=100095; skid=63
Round 92/100: count=100095; skid=63
Round 93/100: count=100095; skid=63
Round 94/100: count=100095; skid=63
Round 95/100: count=100095; skid=63
Round 96/100: count=100095; skid=63
Round 97/100: count=100095; skid=63
Round 98/100: count=100095; skid=63
Round 99/100: count=100095; skid=63
Round 100/100: count=100095; skid=63
Complete: 1/1 (100.0%); remaining: 0; elapsed: 1s
Non-deterministic: 1
[32m[+][0m run complete; see /home/mani/dev/Laplace/deterministic/max-skid-experiment/results/b1024-t0-n100032/sep-23-2026-11:11:45/results.md

b1024-t0-n116401
Results: /home/mani/dev/Laplace/deterministic/max-skid-experiment/results/b1024-t0-n116401/sep-23-2026-11:11:47
Workers: [0]; coordinator: 63
br_inst_retired.cond:u on CPU 0; 100 rounds
Overflow threshold: 116401
Round 1/100: count=116449; skid=48
Round 2/100: count=116421; skid=20
Round 3/100: count=116449; skid=48
Round 4/100: count=116421; skid=20
Round 5/100: count=116450; skid=49
Round 6/100: count=116450; skid=49
Round 7/100: count=116450; skid=49
Round 8/100: count=116421; skid=20
Round 9/100: count=116450; skid=49
Round 10/100: count=116450; skid=49
Round 11/100: count=116450; skid=49
Round 12/100: count=116421; skid=20
Round 13/100: count=116450; skid=49
Round 14/100: count=116450; skid=49
Round 15/100: count=116449; skid=48
Round 16/100: count=116449; skid=48
Round 17/100: count=116421; skid=20
Round 18/100: count=116450; skid=49
Round 19/100: count=116450; skid=49
Round 20/100: count=116450; skid=49
Round 21/100: count=116439; skid=38
Round 22/100: count=116439; skid=38
Round 23/100: count=116450; skid=49
Round 24/100: count=116439; skid=38
Round 25/100: count=116449; skid=48
Round 26/100: count=116449; skid=48
Round 27/100: count=116449; skid=48
Round 28/100: count=116450; skid=49
Round 29/100: count=116448; skid=47
Round 30/100: count=116449; skid=48
Round 31/100: count=116449; skid=48
Round 32/100: count=116449; skid=48
Round 33/100: count=116449; skid=48
Round 34/100: count=116449; skid=48
Round 35/100: count=116440; skid=39
Round 36/100: count=116441; skid=40
Round 37/100: count=116449; skid=48
Round 38/100: count=116441; skid=40
Round 39/100: count=116440; skid=39
Round 40/100: count=116441; skid=40
Round 41/100: count=116449; skid=48
Round 42/100: count=116449; skid=48
Round 43/100: count=116450; skid=49
Round 44/100: count=116450; skid=49
Round 45/100: count=116449; skid=48
Round 46/100: count=116449; skid=48
Round 47/100: count=116449; skid=48
Round 48/100: count=116450; skid=49
Round 49/100: count=116449; skid=48
Round 50/100: count=116450; skid=49
Round 51/100: count=116449; skid=48
Round 52/100: count=116449; skid=48
Round 53/100: count=116449; skid=48
Round 54/100: count=116413; skid=12
Round 55/100: count=116449; skid=48
Round 56/100: count=116456; skid=55
Round 57/100: count=116450; skid=49
Round 58/100: count=116449; skid=48
Round 59/100: count=116449; skid=48
Round 60/100: count=116449; skid=48
Round 61/100: count=116449; skid=48
Round 62/100: count=116449; skid=48
Round 63/100: count=116421; skid=20
Round 64/100: count=116450; skid=49
Round 65/100: count=116421; skid=20
Round 66/100: count=116450; skid=49
Round 67/100: count=116456; skid=55
Round 68/100: count=116450; skid=49
Round 69/100: count=116449; skid=48
Round 70/100: count=116421; skid=20
Round 71/100: count=116421; skid=20
Round 72/100: count=116441; skid=40
Round 73/100: count=116441; skid=40
Round 74/100: count=116449; skid=48
Round 75/100: count=116449; skid=48
Round 76/100: count=116414; skid=13
Round 77/100: count=116414; skid=13
Round 78/100: count=116414; skid=13
Round 79/100: count=116414; skid=13
Round 80/100: count=116421; skid=20
Round 81/100: count=116449; skid=48
Round 82/100: count=116449; skid=48
Round 83/100: count=116413; skid=12
Round 84/100: count=116414; skid=13
Round 85/100: count=116414; skid=13
Round 86/100: count=116448; skid=47
Round 87/100: count=116449; skid=48
Round 88/100: count=116441; skid=40
Round 89/100: count=116447; skid=46
Round 90/100: count=116450; skid=49
Round 91/100: count=116450; skid=49
Round 92/100: count=116450; skid=49
Round 93/100: count=116421; skid=20
Round 94/100: count=116421; skid=20
Round 95/100: count=116441; skid=40
Round 96/100: count=116441; skid=40
Round 97/100: count=116421; skid=20
Round 98/100: count=116456; skid=55
Round 99/100: count=116421; skid=20
Round 100/100: count=116421; skid=20
Complete: 1/1 (100.0%); remaining: 0; elapsed: 1s
Non-deterministic: 1
[32m[+][0m run complete; see /home/mani/dev/Laplace/deterministic/max-skid-experiment/results/b1024-t0-n116401/sep-23-2026-11:11:47/results.md

b1024-t0-n116913
Results: /home/mani/dev/Laplace/deterministic/max-skid-experiment/results/b1024-t0-n116913/sep-23-2026-11:11:50
Workers: [0]; coordinator: 63
br_inst_retired.cond:u on CPU 0; 100 rounds
Overflow threshold: 116913
Round 1/100: count=116956; skid=43
Round 2/100: count=116960; skid=47
Round 3/100: count=116956; skid=43
Round 4/100: count=116958; skid=45
Round 5/100: count=116941; skid=28
Round 6/100: count=116941; skid=28
Round 7/100: count=116959; skid=46
Round 8/100: count=116956; skid=43
Round 9/100: count=116953; skid=40
Round 10/100: count=116958; skid=45
Round 11/100: count=116959; skid=46
Round 12/100: count=116959; skid=46
Round 13/100: count=116959; skid=46
Round 14/100: count=116941; skid=28
Round 15/100: count=116941; skid=28
Round 16/100: count=116941; skid=28
Round 17/100: count=116941; skid=28
Round 18/100: count=116941; skid=28
Round 19/100: count=116959; skid=46
Round 20/100: count=116955; skid=42
Round 21/100: count=116941; skid=28
Round 22/100: count=116941; skid=28
Round 23/100: count=116941; skid=28
Round 24/100: count=116941; skid=28
Round 25/100: count=116941; skid=28
Round 26/100: count=116941; skid=28
Round 27/100: count=116941; skid=28
Round 28/100: count=116941; skid=28
Round 29/100: count=116941; skid=28
Round 30/100: count=116941; skid=28
Round 31/100: count=116941; skid=28
Round 32/100: count=116941; skid=28
Round 33/100: count=116941; skid=28
Round 34/100: count=116959; skid=46
Round 35/100: count=116959; skid=46
Round 36/100: count=116959; skid=46
Round 37/100: count=116959; skid=46
Round 38/100: count=116963; skid=50
Round 39/100: count=116963; skid=50
Round 40/100: count=116963; skid=50
Round 41/100: count=116959; skid=46
Round 42/100: count=116954; skid=41
Round 43/100: count=116959; skid=46
Round 44/100: count=116963; skid=50
Round 45/100: count=116959; skid=46
Round 46/100: count=116959; skid=46
Round 47/100: count=116959; skid=46
Round 48/100: count=116959; skid=46
Round 49/100: count=116959; skid=46
Round 50/100: count=116959; skid=46
Round 51/100: count=116958; skid=45
Round 52/100: count=116959; skid=46
Round 53/100: count=116959; skid=46
Round 54/100: count=116941; skid=28
Round 55/100: count=116959; skid=46
Round 56/100: count=116958; skid=45
Round 57/100: count=116959; skid=46
Round 58/100: count=116959; skid=46
Round 59/100: count=116959; skid=46
Round 60/100: count=116954; skid=41
Round 61/100: count=116958; skid=45
Round 62/100: count=116955; skid=42
Round 63/100: count=116956; skid=43
Round 64/100: count=116959; skid=46
Round 65/100: count=116959; skid=46
Round 66/100: count=116941; skid=28
Round 67/100: count=116963; skid=50
Round 68/100: count=116959; skid=46
Round 69/100: count=116959; skid=46
Round 70/100: count=116959; skid=46
Round 71/100: count=116959; skid=46
Round 72/100: count=116960; skid=47
Round 73/100: count=116959; skid=46
Round 74/100: count=116960; skid=47
Round 75/100: count=116956; skid=43
Round 76/100: count=116960; skid=47
Round 77/100: count=116960; skid=47
Round 78/100: count=116941; skid=28
Round 79/100: count=116963; skid=50
Round 80/100: count=116959; skid=46
Round 81/100: count=116960; skid=47
Round 82/100: count=116959; skid=46
Round 83/100: count=116959; skid=46
Round 84/100: count=116941; skid=28
Round 85/100: count=116941; skid=28
Round 86/100: count=116941; skid=28
Round 87/100: count=116941; skid=28
Round 88/100: count=116959; skid=46
Round 89/100: count=116955; skid=42
Round 90/100: count=116941; skid=28
Round 91/100: count=116941; skid=28
Round 92/100: count=116959; skid=46
Round 93/100: count=116959; skid=46
Round 94/100: count=116956; skid=43
Round 95/100: count=116959; skid=46
Round 96/100: count=116941; skid=28
Round 97/100: count=116941; skid=28
Round 98/100: count=116941; skid=28
Round 99/100: count=116954; skid=41
Round 100/100: count=116958; skid=45
Complete: 1/1 (100.0%); remaining: 0; elapsed: 1s
Non-deterministic: 1
[32m[+][0m run complete; see /home/mani/dev/Laplace/deterministic/max-skid-experiment/results/b1024-t0-n116913/sep-23-2026-11:11:50/results.md

b1024-t0-n117424
Results: /home/mani/dev/Laplace/deterministic/max-skid-experiment/results/b1024-t0-n117424/sep-23-2026-11:11:52
Workers: [0]; coordinator: 63
br_inst_retired.cond:u on CPU 0; 100 rounds
Overflow threshold: 117424
Round 1/100: count=117469; skid=45
Round 2/100: count=117469; skid=45
Round 3/100: count=117469; skid=45
Round 4/100: count=117468; skid=44
Round 5/100: count=117470; skid=46
Round 6/100: count=117469; skid=45
Round 7/100: count=117469; skid=45
Round 8/100: count=117468; skid=44
Round 9/100: count=117468; skid=44
Round 10/100: count=117468; skid=44
Round 11/100: count=117468; skid=44
Round 12/100: count=117468; skid=44
Round 13/100: count=117461; skid=37
Round 14/100: count=117461; skid=37
Round 15/100: count=117469; skid=45
Round 16/100: count=117469; skid=45
Round 17/100: count=117449; skid=25
Round 18/100: count=117469; skid=45
Round 19/100: count=117469; skid=45
Round 20/100: count=117468; skid=44
Round 21/100: count=117468; skid=44
Round 22/100: count=117462; skid=38
Round 23/100: count=117470; skid=46
Round 24/100: count=117471; skid=47
Round 25/100: count=117471; skid=47
Round 26/100: count=117461; skid=37
Round 27/100: count=117463; skid=39
Round 28/100: count=117468; skid=44
Round 29/100: count=117438; skid=14
Round 30/100: count=117438; skid=14
Round 31/100: count=117438; skid=14
Round 32/100: count=117438; skid=14
Round 33/100: count=117438; skid=14
Round 34/100: count=117438; skid=14
Round 35/100: count=117438; skid=14
Round 36/100: count=117469; skid=45
Round 37/100: count=117468; skid=44
Round 38/100: count=117469; skid=45
Round 39/100: count=117469; skid=45
Round 40/100: count=117469; skid=45
Round 41/100: count=117468; skid=44
Round 42/100: count=117461; skid=37
Round 43/100: count=117469; skid=45
Round 44/100: count=117461; skid=37
Round 45/100: count=117469; skid=45
Round 46/100: count=117469; skid=45
Round 47/100: count=117461; skid=37
Round 48/100: count=117468; skid=44
Round 49/100: count=117472; skid=48
Round 50/100: count=117446; skid=22
Round 51/100: count=117472; skid=48
Round 52/100: count=117469; skid=45
Round 53/100: count=117461; skid=37
Round 54/100: count=117461; skid=37
Round 55/100: count=117462; skid=38
Round 56/100: count=117469; skid=45
Round 57/100: count=117472; skid=48
Round 58/100: count=117472; skid=48
Round 59/100: count=117468; skid=44
Round 60/100: count=117470; skid=46
Round 61/100: count=117468; skid=44
Round 62/100: count=117462; skid=38
Round 63/100: count=117468; skid=44
Round 64/100: count=117468; skid=44
Round 65/100: count=117469; skid=45
Round 66/100: count=117462; skid=38
Round 67/100: count=117462; skid=38
Round 68/100: count=117458; skid=34
Round 69/100: count=117468; skid=44
Round 70/100: count=117469; skid=45
Round 71/100: count=117468; skid=44
Round 72/100: count=117438; skid=14
Round 73/100: count=117438; skid=14
Round 74/100: count=117438; skid=14
Round 75/100: count=117438; skid=14
Round 76/100: count=117439; skid=15
Round 77/100: count=117439; skid=15
Round 78/100: count=117472; skid=48
Round 79/100: count=117469; skid=45
Round 80/100: count=117468; skid=44
Round 81/100: count=117439; skid=15
Round 82/100: count=117439; skid=15
Round 83/100: count=117469; skid=45
Round 84/100: count=117469; skid=45
Round 85/100: count=117461; skid=37
Round 86/100: count=117462; skid=38
Round 87/100: count=117468; skid=44
Round 88/100: count=117469; skid=45
Round 89/100: count=117469; skid=45
Round 90/100: count=117461; skid=37
Round 91/100: count=117469; skid=45
Round 92/100: count=117470; skid=46
Round 93/100: count=117469; skid=45
Round 94/100: count=117438; skid=14
Round 95/100: count=117469; skid=45
Round 96/100: count=117462; skid=38
Round 97/100: count=117461; skid=37
Round 98/100: count=117471; skid=47
Round 99/100: count=117473; skid=49
Round 100/100: count=117469; skid=45
Complete: 1/1 (100.0%); remaining: 0; elapsed: 1s
Non-deterministic: 1
[32m[+][0m run complete; see /home/mani/dev/Laplace/deterministic/max-skid-experiment/results/b1024-t0-n117424/sep-23-2026-11:11:52/results.md

b64-t1-n100001
Results: /home/mani/dev/Laplace/deterministic/max-skid-experiment/results/b64-t1-n100001/sep-23-2026-11:11:55
Workers: [0]; coordinator: 63
br_inst_retired.cond:u on CPU 0; 100 rounds
Overflow threshold: 100001
Round 1/100: count=100003; skid=2
Round 2/100: count=100003; skid=2
Round 3/100: count=100003; skid=2
Round 4/100: count=100003; skid=2
Round 5/100: count=100003; skid=2
Round 6/100: count=100003; skid=2
Round 7/100: count=100002; skid=1
Round 8/100: count=100003; skid=2
Round 9/100: count=100002; skid=1
Round 10/100: count=100002; skid=1
Round 11/100: count=100002; skid=1
Round 12/100: count=100002; skid=1
Round 13/100: count=100003; skid=2
Round 14/100: count=100002; skid=1
Round 15/100: count=100002; skid=1
Round 16/100: count=100003; skid=2
Round 17/100: count=100002; skid=1
Round 18/100: count=100003; skid=2
Round 19/100: count=100003; skid=2
Round 20/100: count=100002; skid=1
Round 21/100: count=100003; skid=2
Round 22/100: count=100003; skid=2
Round 23/100: count=100003; skid=2
Round 24/100: count=100003; skid=2
Round 25/100: count=100003; skid=2
Round 26/100: count=100002; skid=1
Round 27/100: count=100003; skid=2
Round 28/100: count=100002; skid=1
Round 29/100: count=100002; skid=1
Round 30/100: count=100003; skid=2
Round 31/100: count=100003; skid=2
Round 32/100: count=100003; skid=2
Round 33/100: count=100003; skid=2
Round 34/100: count=100003; skid=2
Round 35/100: count=100003; skid=2
Round 36/100: count=100003; skid=2
Round 37/100: count=100002; skid=1
Round 38/100: count=100003; skid=2
Round 39/100: count=100002; skid=1
Round 40/100: count=100003; skid=2
Round 41/100: count=100003; skid=2
Round 42/100: count=100003; skid=2
Round 43/100: count=100003; skid=2
Round 44/100: count=100003; skid=2
Round 45/100: count=100002; skid=1
Round 46/100: count=100002; skid=1
Round 47/100: count=100003; skid=2
Round 48/100: count=100002; skid=1
Round 49/100: count=100002; skid=1
Round 50/100: count=100003; skid=2
Round 51/100: count=100003; skid=2
Round 52/100: count=100003; skid=2
Round 53/100: count=100002; skid=1
Round 54/100: count=100003; skid=2
Round 55/100: count=100003; skid=2
Round 56/100: count=100003; skid=2
Round 57/100: count=100003; skid=2
Round 58/100: count=100003; skid=2
Round 59/100: count=100002; skid=1
Round 60/100: count=100003; skid=2
Round 61/100: count=100003; skid=2
Round 62/100: count=100003; skid=2
Round 63/100: count=100003; skid=2
Round 64/100: count=100003; skid=2
Round 65/100: count=100003; skid=2
Round 66/100: count=100003; skid=2
Round 67/100: count=100002; skid=1
Round 68/100: count=100003; skid=2
Round 69/100: count=100002; skid=1
Round 70/100: count=100002; skid=1
Round 71/100: count=100003; skid=2
Round 72/100: count=100003; skid=2
Round 73/100: count=100002; skid=1
Round 74/100: count=100002; skid=1
Round 75/100: count=100003; skid=2
Round 76/100: count=100003; skid=2
Round 77/100: count=100003; skid=2
Round 78/100: count=100003; skid=2
Round 79/100: count=100003; skid=2
Round 80/100: count=100003; skid=2
Round 81/100: count=100002; skid=1
Round 82/100: count=100003; skid=2
Round 83/100: count=100003; skid=2
Round 84/100: count=100003; skid=2
Round 85/100: count=100003; skid=2
Round 86/100: count=100003; skid=2
Round 87/100: count=100003; skid=2
Round 88/100: count=100003; skid=2
Round 89/100: count=100003; skid=2
Round 90/100: count=100002; skid=1
Round 91/100: count=100003; skid=2
Round 92/100: count=100003; skid=2
Round 93/100: count=100002; skid=1
Round 94/100: count=100003; skid=2
Round 95/100: count=100003; skid=2
Round 96/100: count=100003; skid=2
Round 97/100: count=100003; skid=2
Round 98/100: count=100003; skid=2
Round 99/100: count=100002; skid=1
Round 100/100: count=100003; skid=2
Complete: 1/1 (100.0%); remaining: 0; elapsed: 1s
Non-deterministic: 1
[32m[+][0m run complete; see /home/mani/dev/Laplace/deterministic/max-skid-experiment/results/b64-t1-n100001/sep-23-2026-11:11:55/results.md

b64-t1-n100002
Results: /home/mani/dev/Laplace/deterministic/max-skid-experiment/results/b64-t1-n100002/sep-23-2026-11:11:57
Workers: [0]; coordinator: 63
br_inst_retired.cond:u on CPU 0; 100 rounds
Overflow threshold: 100002
Round 1/100: count=100004; skid=2
Round 2/100: count=100004; skid=2
Round 3/100: count=100004; skid=2
Round 4/100: count=100004; skid=2
Round 5/100: count=100004; skid=2
Round 6/100: count=100003; skid=1
Round 7/100: count=100004; skid=2
Round 8/100: count=100004; skid=2
Round 9/100: count=100004; skid=2
Round 10/100: count=100004; skid=2
Round 11/100: count=100004; skid=2
Round 12/100: count=100004; skid=2
Round 13/100: count=100003; skid=1
Round 14/100: count=100004; skid=2
Round 15/100: count=100003; skid=1
Round 16/100: count=100004; skid=2
Round 17/100: count=100004; skid=2
Round 18/100: count=100004; skid=2
Round 19/100: count=100004; skid=2
Round 20/100: count=100004; skid=2
Round 21/100: count=100004; skid=2
Round 22/100: count=100003; skid=1
Round 23/100: count=100004; skid=2
Round 24/100: count=100004; skid=2
Round 25/100: count=100004; skid=2
Round 26/100: count=100004; skid=2
Round 27/100: count=100004; skid=2
Round 28/100: count=100004; skid=2
Round 29/100: count=100004; skid=2
Round 30/100: count=100004; skid=2
Round 31/100: count=100005; skid=3
Round 32/100: count=100004; skid=2
Round 33/100: count=100004; skid=2
Round 34/100: count=100004; skid=2
Round 35/100: count=100004; skid=2
Round 36/100: count=100005; skid=3
Round 37/100: count=100004; skid=2
Round 38/100: count=100005; skid=3
Round 39/100: count=100005; skid=3
Round 40/100: count=100005; skid=3
Round 41/100: count=100003; skid=1
Round 42/100: count=100004; skid=2
Round 43/100: count=100004; skid=2
Round 44/100: count=100004; skid=2
Round 45/100: count=100004; skid=2
Round 46/100: count=100003; skid=1
Round 47/100: count=100003; skid=1
Round 48/100: count=100004; skid=2
Round 49/100: count=100003; skid=1
Round 50/100: count=100004; skid=2
Round 51/100: count=100003; skid=1
Round 52/100: count=100003; skid=1
Round 53/100: count=100004; skid=2
Round 54/100: count=100004; skid=2
Round 55/100: count=100004; skid=2
Round 56/100: count=100004; skid=2
Round 57/100: count=100004; skid=2
Round 58/100: count=100003; skid=1
Round 59/100: count=100004; skid=2
Round 60/100: count=100004; skid=2
Round 61/100: count=100004; skid=2
Round 62/100: count=100004; skid=2
Round 63/100: count=100004; skid=2
Round 64/100: count=100004; skid=2
Round 65/100: count=100004; skid=2
Round 66/100: count=100004; skid=2
Round 67/100: count=100003; skid=1
Round 68/100: count=100003; skid=1
Round 69/100: count=100003; skid=1
Round 70/100: count=100004; skid=2
Round 71/100: count=100004; skid=2
Round 72/100: count=100004; skid=2
Round 73/100: count=100004; skid=2
Round 74/100: count=100003; skid=1
Round 75/100: count=100003; skid=1
Round 76/100: count=100003; skid=1
Round 77/100: count=100003; skid=1
Round 78/100: count=100004; skid=2
Round 79/100: count=100003; skid=1
Round 80/100: count=100004; skid=2
Round 81/100: count=100003; skid=1
Round 82/100: count=100004; skid=2
Round 83/100: count=100003; skid=1
Round 84/100: count=100004; skid=2
Round 85/100: count=100004; skid=2
Round 86/100: count=100003; skid=1
Round 87/100: count=100004; skid=2
Round 88/100: count=100004; skid=2
Round 89/100: count=100003; skid=1
Round 90/100: count=100003; skid=1
Round 91/100: count=100004; skid=2
Round 92/100: count=100004; skid=2
Round 93/100: count=100004; skid=2
Round 94/100: count=100004; skid=2
Round 95/100: count=100004; skid=2
Round 96/100: count=100003; skid=1
Round 97/100: count=100003; skid=1
Round 98/100: count=100004; skid=2
Round 99/100: count=100004; skid=2
Round 100/100: count=100004; skid=2
Complete: 1/1 (100.0%); remaining: 0; elapsed: 1s
Non-deterministic: 1
[32m[+][0m run complete; see /home/mani/dev/Laplace/deterministic/max-skid-experiment/results/b64-t1-n100002/sep-23-2026-11:11:57/results.md

b64-t1-n100008
Results: /home/mani/dev/Laplace/deterministic/max-skid-experiment/results/b64-t1-n100008/sep-23-2026-11:12:00
Workers: [0]; coordinator: 63
br_inst_retired.cond:u on CPU 0; 100 rounds
Overflow threshold: 100008
Round 1/100: count=100011; skid=3
Round 2/100: count=100011; skid=3
Round 3/100: count=100010; skid=2
Round 4/100: count=100010; skid=2
Round 5/100: count=100010; skid=2
Round 6/100: count=100010; skid=2
Round 7/100: count=100010; skid=2
Round 8/100: count=100010; skid=2
Round 9/100: count=100010; skid=2
Round 10/100: count=100010; skid=2
Round 11/100: count=100009; skid=1
Round 12/100: count=100009; skid=1
Round 13/100: count=100010; skid=2
Round 14/100: count=100010; skid=2
Round 15/100: count=100010; skid=2
Round 16/100: count=100010; skid=2
Round 17/100: count=100010; skid=2
Round 18/100: count=100010; skid=2
Round 19/100: count=100011; skid=3
Round 20/100: count=100011; skid=3
Round 21/100: count=100011; skid=3
Round 22/100: count=100011; skid=3
Round 23/100: count=100011; skid=3
Round 24/100: count=100011; skid=3
Round 25/100: count=100011; skid=3
Round 26/100: count=100011; skid=3
Round 27/100: count=100011; skid=3
Round 28/100: count=100011; skid=3
Round 29/100: count=100010; skid=2
Round 30/100: count=100010; skid=2
Round 31/100: count=100011; skid=3
Round 32/100: count=100011; skid=3
Round 33/100: count=100011; skid=3
Round 34/100: count=100011; skid=3
Round 35/100: count=100011; skid=3
Round 36/100: count=100011; skid=3
Round 37/100: count=100011; skid=3
Round 38/100: count=100011; skid=3
Round 39/100: count=100011; skid=3
Round 40/100: count=100011; skid=3
Round 41/100: count=100011; skid=3
Round 42/100: count=100011; skid=3
Round 43/100: count=100011; skid=3
Round 44/100: count=100010; skid=2
Round 45/100: count=100010; skid=2
Round 46/100: count=100010; skid=2
Round 47/100: count=100010; skid=2
Round 48/100: count=100010; skid=2
Round 49/100: count=100010; skid=2
Round 50/100: count=100010; skid=2
Round 51/100: count=100010; skid=2
Round 52/100: count=100010; skid=2
Round 53/100: count=100010; skid=2
Round 54/100: count=100010; skid=2
Round 55/100: count=100010; skid=2
Round 56/100: count=100010; skid=2
Round 57/100: count=100010; skid=2
Round 58/100: count=100011; skid=3
Round 59/100: count=100011; skid=3
Round 60/100: count=100011; skid=3
Round 61/100: count=100011; skid=3
Round 62/100: count=100011; skid=3
Round 63/100: count=100011; skid=3
Round 64/100: count=100011; skid=3
Round 65/100: count=100011; skid=3
Round 66/100: count=100011; skid=3
Round 67/100: count=100011; skid=3
Round 68/100: count=100010; skid=2
Round 69/100: count=100010; skid=2
Round 70/100: count=100010; skid=2
Round 71/100: count=100010; skid=2
Round 72/100: count=100010; skid=2
Round 73/100: count=100011; skid=3
Round 74/100: count=100011; skid=3
Round 75/100: count=100011; skid=3
Round 76/100: count=100011; skid=3
Round 77/100: count=100011; skid=3
Round 78/100: count=100011; skid=3
Round 79/100: count=100010; skid=2
Round 80/100: count=100010; skid=2
Round 81/100: count=100010; skid=2
Round 82/100: count=100010; skid=2
Round 83/100: count=100010; skid=2
Round 84/100: count=100010; skid=2
Round 85/100: count=100010; skid=2
Round 86/100: count=100010; skid=2
Round 87/100: count=100010; skid=2
Round 88/100: count=100010; skid=2
Round 89/100: count=100010; skid=2
Round 90/100: count=100010; skid=2
Round 91/100: count=100010; skid=2
Round 92/100: count=100010; skid=2
Round 93/100: count=100010; skid=2
Round 94/100: count=100010; skid=2
Round 95/100: count=100010; skid=2
Round 96/100: count=100010; skid=2
Round 97/100: count=100010; skid=2
Round 98/100: count=100010; skid=2
Round 99/100: count=100010; skid=2
Round 100/100: count=100010; skid=2
Complete: 1/1 (100.0%); remaining: 0; elapsed: 1s
Non-deterministic: 1
[32m[+][0m run complete; see /home/mani/dev/Laplace/deterministic/max-skid-experiment/results/b64-t1-n100008/sep-23-2026-11:12:00/results.md

b64-t1-n100032
Results: /home/mani/dev/Laplace/deterministic/max-skid-experiment/results/b64-t1-n100032/sep-23-2026-11:12:02
Workers: [0]; coordinator: 63
br_inst_retired.cond:u on CPU 0; 100 rounds
Overflow threshold: 100032
Round 1/100: count=100033; skid=1
Round 2/100: count=100033; skid=1
Round 3/100: count=100033; skid=1
Round 4/100: count=100033; skid=1
Round 5/100: count=100033; skid=1
Round 6/100: count=100033; skid=1
Round 7/100: count=100033; skid=1
Round 8/100: count=100033; skid=1
Round 9/100: count=100033; skid=1
Round 10/100: count=100033; skid=1
Round 11/100: count=100033; skid=1
Round 12/100: count=100033; skid=1
Round 13/100: count=100033; skid=1
Round 14/100: count=100033; skid=1
Round 15/100: count=100033; skid=1
Round 16/100: count=100034; skid=2
Round 17/100: count=100034; skid=2
Round 18/100: count=100034; skid=2
Round 19/100: count=100034; skid=2
Round 20/100: count=100034; skid=2
Round 21/100: count=100033; skid=1
Round 22/100: count=100033; skid=1
Round 23/100: count=100033; skid=1
Round 24/100: count=100033; skid=1
Round 25/100: count=100033; skid=1
Round 26/100: count=100033; skid=1
Round 27/100: count=100033; skid=1
Round 28/100: count=100033; skid=1
Round 29/100: count=100033; skid=1
Round 30/100: count=100033; skid=1
Round 31/100: count=100033; skid=1
Round 32/100: count=100033; skid=1
Round 33/100: count=100033; skid=1
Round 34/100: count=100033; skid=1
Round 35/100: count=100033; skid=1
Round 36/100: count=100033; skid=1
Round 37/100: count=100033; skid=1
Round 38/100: count=100033; skid=1
Round 39/100: count=100033; skid=1
Round 40/100: count=100033; skid=1
Round 41/100: count=100033; skid=1
Round 42/100: count=100033; skid=1
Round 43/100: count=100033; skid=1
Round 44/100: count=100033; skid=1
Round 45/100: count=100033; skid=1
Round 46/100: count=100033; skid=1
Round 47/100: count=100033; skid=1
Round 48/100: count=100033; skid=1
Round 49/100: count=100033; skid=1
Round 50/100: count=100033; skid=1
Round 51/100: count=100033; skid=1
Round 52/100: count=100033; skid=1
Round 53/100: count=100033; skid=1
Round 54/100: count=100033; skid=1
Round 55/100: count=100033; skid=1
Round 56/100: count=100033; skid=1
Round 57/100: count=100033; skid=1
Round 58/100: count=100033; skid=1
Round 59/100: count=100033; skid=1
Round 60/100: count=100033; skid=1
Round 61/100: count=100033; skid=1
Round 62/100: count=100033; skid=1
Round 63/100: count=100033; skid=1
Round 64/100: count=100033; skid=1
Round 65/100: count=100033; skid=1
Round 66/100: count=100033; skid=1
Round 67/100: count=100033; skid=1
Round 68/100: count=100033; skid=1
Round 69/100: count=100033; skid=1
Round 70/100: count=100033; skid=1
Round 71/100: count=100033; skid=1
Round 72/100: count=100033; skid=1
Round 73/100: count=100033; skid=1
Round 74/100: count=100033; skid=1
Round 75/100: count=100033; skid=1
Round 76/100: count=100033; skid=1
Round 77/100: count=100033; skid=1
Round 78/100: count=100033; skid=1
Round 79/100: count=100033; skid=1
Round 80/100: count=100034; skid=2
Round 81/100: count=100033; skid=1
Round 82/100: count=100033; skid=1
Round 83/100: count=100033; skid=1
Round 84/100: count=100033; skid=1
Round 85/100: count=100033; skid=1
Round 86/100: count=100033; skid=1
Round 87/100: count=100033; skid=1
Round 88/100: count=100033; skid=1
Round 89/100: count=100033; skid=1
Round 90/100: count=100033; skid=1
Round 91/100: count=100033; skid=1
Round 92/100: count=100033; skid=1
Round 93/100: count=100033; skid=1
Round 94/100: count=100033; skid=1
Round 95/100: count=100033; skid=1
Round 96/100: count=100033; skid=1
Round 97/100: count=100033; skid=1
Round 98/100: count=100033; skid=1
Round 99/100: count=100033; skid=1
Round 100/100: count=100033; skid=1
Complete: 1/1 (100.0%); remaining: 0; elapsed: 1s
Non-deterministic: 1
[32m[+][0m run complete; see /home/mani/dev/Laplace/deterministic/max-skid-experiment/results/b64-t1-n100032/sep-23-2026-11:12:02/results.md

b64-t1-n101041
Results: /home/mani/dev/Laplace/deterministic/max-skid-experiment/results/b64-t1-n101041/sep-23-2026-11:12:05
Workers: [0]; coordinator: 63
br_inst_retired.cond:u on CPU 0; 100 rounds
Overflow threshold: 101041
Round 1/100: count=101049; skid=8
Round 2/100: count=101047; skid=6
Round 3/100: count=101047; skid=6
Round 4/100: count=101052; skid=11
Round 5/100: count=101055; skid=14
Round 6/100: count=101049; skid=8
Round 7/100: count=101047; skid=6
Round 8/100: count=101052; skid=11
Round 9/100: count=101047; skid=6
Round 10/100: count=101047; skid=6
Round 11/100: count=101047; skid=6
Round 12/100: count=101048; skid=7
Round 13/100: count=101047; skid=6
Round 14/100: count=101052; skid=11
Round 15/100: count=101050; skid=9
Round 16/100: count=101052; skid=11
Round 17/100: count=101047; skid=6
Round 18/100: count=101052; skid=11
Round 19/100: count=101052; skid=11
Round 20/100: count=101047; skid=6
Round 21/100: count=101047; skid=6
Round 22/100: count=101052; skid=11
Round 23/100: count=101053; skid=12
Round 24/100: count=101052; skid=11
Round 25/100: count=101047; skid=6
Round 26/100: count=101047; skid=6
Round 27/100: count=101048; skid=7
Round 28/100: count=101047; skid=6
Round 29/100: count=101052; skid=11
Round 30/100: count=101051; skid=10
Round 31/100: count=101051; skid=10
Round 32/100: count=101052; skid=11
Round 33/100: count=101048; skid=7
Round 34/100: count=101047; skid=6
Round 35/100: count=101048; skid=7
Round 36/100: count=101055; skid=14
Round 37/100: count=101048; skid=7
Round 38/100: count=101052; skid=11
Round 39/100: count=101050; skid=9
Round 40/100: count=101051; skid=10
Round 41/100: count=101047; skid=6
Round 42/100: count=101055; skid=14
Round 43/100: count=101048; skid=7
Round 44/100: count=101050; skid=9
Round 45/100: count=101048; skid=7
Round 46/100: count=101048; skid=7
Round 47/100: count=101047; skid=6
Round 48/100: count=101049; skid=8
Round 49/100: count=101051; skid=10
Round 50/100: count=101054; skid=13
Round 51/100: count=101047; skid=6
Round 52/100: count=101052; skid=11
Round 53/100: count=101054; skid=13
Round 54/100: count=101052; skid=11
Round 55/100: count=101055; skid=14
Round 56/100: count=101051; skid=10
Round 57/100: count=101052; skid=11
Round 58/100: count=101048; skid=7
Round 59/100: count=101049; skid=8
Round 60/100: count=101052; skid=11
Round 61/100: count=101050; skid=9
Round 62/100: count=101047; skid=6
Round 63/100: count=101052; skid=11
Round 64/100: count=101052; skid=11
Round 65/100: count=101048; skid=7
Round 66/100: count=101052; skid=11
Round 67/100: count=101051; skid=10
Round 68/100: count=101052; skid=11
Round 69/100: count=101052; skid=11
Round 70/100: count=101052; skid=11
Round 71/100: count=101047; skid=6
Round 72/100: count=101055; skid=14
Round 73/100: count=101052; skid=11
Round 74/100: count=101047; skid=6
Round 75/100: count=101055; skid=14
Round 76/100: count=101053; skid=12
Round 77/100: count=101048; skid=7
Round 78/100: count=101052; skid=11
Round 79/100: count=101047; skid=6
Round 80/100: count=101053; skid=12
Round 81/100: count=101051; skid=10
Round 82/100: count=101047; skid=6
Round 83/100: count=101047; skid=6
Round 84/100: count=101052; skid=11
Round 85/100: count=101047; skid=6
Round 86/100: count=101052; skid=11
Round 87/100: count=101054; skid=13
Round 88/100: count=101054; skid=13
Round 89/100: count=101052; skid=11
Round 90/100: count=101052; skid=11
Round 91/100: count=101052; skid=11
Round 92/100: count=101052; skid=11
Round 93/100: count=101050; skid=9
Round 94/100: count=101052; skid=11
Round 95/100: count=101047; skid=6
Round 96/100: count=101047; skid=6
Round 97/100: count=101052; skid=11
Round 98/100: count=101052; skid=11
Round 99/100: count=101047; skid=6
Round 100/100: count=101048; skid=7
Complete: 1/1 (100.0%); remaining: 0; elapsed: 1s
Non-deterministic: 1
[32m[+][0m run complete; see /home/mani/dev/Laplace/deterministic/max-skid-experiment/results/b64-t1-n101041/sep-23-2026-11:12:05/results.md

b64-t1-n101073
Results: /home/mani/dev/Laplace/deterministic/max-skid-experiment/results/b64-t1-n101073/sep-23-2026-11:12:07
Workers: [0]; coordinator: 63
br_inst_retired.cond:u on CPU 0; 100 rounds
Overflow threshold: 101073
Round 1/100: count=101082; skid=9
Round 2/100: count=101081; skid=8
Round 3/100: count=101078; skid=5
Round 4/100: count=101081; skid=8
Round 5/100: count=101078; skid=5
Round 6/100: count=101078; skid=5
Round 7/100: count=101078; skid=5
Round 8/100: count=101081; skid=8
Round 9/100: count=101078; skid=5
Round 10/100: count=101079; skid=6
Round 11/100: count=101082; skid=9
Round 12/100: count=101087; skid=14
Round 13/100: count=101081; skid=8
Round 14/100: count=101082; skid=9
Round 15/100: count=101084; skid=11
Round 16/100: count=101079; skid=6
Round 17/100: count=101078; skid=5
Round 18/100: count=101081; skid=8
Round 19/100: count=101081; skid=8
Round 20/100: count=101078; skid=5
Round 21/100: count=101083; skid=10
Round 22/100: count=101080; skid=7
Round 23/100: count=101081; skid=8
Round 24/100: count=101082; skid=9
Round 25/100: count=101079; skid=6
Round 26/100: count=101082; skid=9
Round 27/100: count=101084; skid=11
Round 28/100: count=101084; skid=11
Round 29/100: count=101082; skid=9
Round 30/100: count=101082; skid=9
Round 31/100: count=101081; skid=8
Round 32/100: count=101081; skid=8
Round 33/100: count=101082; skid=9
Round 34/100: count=101081; skid=8
Round 35/100: count=101080; skid=7
Round 36/100: count=101081; skid=8
Round 37/100: count=101082; skid=9
Round 38/100: count=101078; skid=5
Round 39/100: count=101079; skid=6
Round 40/100: count=101081; skid=8
Round 41/100: count=101082; skid=9
Round 42/100: count=101082; skid=9
Round 43/100: count=101085; skid=12
Round 44/100: count=101078; skid=5
Round 45/100: count=101086; skid=13
Round 46/100: count=101081; skid=8
Round 47/100: count=101082; skid=9
Round 48/100: count=101080; skid=7
Round 49/100: count=101078; skid=5
Round 50/100: count=101082; skid=9
Round 51/100: count=101083; skid=10
Round 52/100: count=101079; skid=6
Round 53/100: count=101079; skid=6
Round 54/100: count=101084; skid=11
Round 55/100: count=101082; skid=9
Round 56/100: count=101081; skid=8
Round 57/100: count=101081; skid=8
Round 58/100: count=101083; skid=10
Round 59/100: count=101081; skid=8
Round 60/100: count=101082; skid=9
Round 61/100: count=101081; skid=8
Round 62/100: count=101079; skid=6
Round 63/100: count=101080; skid=7
Round 64/100: count=101080; skid=7
Round 65/100: count=101079; skid=6
Round 66/100: count=101084; skid=11
Round 67/100: count=101079; skid=6
Round 68/100: count=101079; skid=6
Round 69/100: count=101079; skid=6
Round 70/100: count=101082; skid=9
Round 71/100: count=101080; skid=7
Round 72/100: count=101080; skid=7
Round 73/100: count=101079; skid=6
Round 74/100: count=101079; skid=6
Round 75/100: count=101081; skid=8
Round 76/100: count=101084; skid=11
Round 77/100: count=101084; skid=11
Round 78/100: count=101079; skid=6
Round 79/100: count=101078; skid=5
Round 80/100: count=101079; skid=6
Round 81/100: count=101079; skid=6
Round 82/100: count=101080; skid=7
Round 83/100: count=101079; skid=6
Round 84/100: count=101081; skid=8
Round 85/100: count=101078; skid=5
Round 86/100: count=101081; skid=8
Round 87/100: count=101082; skid=9
Round 88/100: count=101078; skid=5
Round 89/100: count=101078; skid=5
Round 90/100: count=101079; skid=6
Round 91/100: count=101078; skid=5
Round 92/100: count=101081; skid=8
Round 93/100: count=101079; skid=6
Round 94/100: count=101081; skid=8
Round 95/100: count=101085; skid=12
Round 96/100: count=101083; skid=10
Round 97/100: count=101079; skid=6
Round 98/100: count=101079; skid=6
Round 99/100: count=101082; skid=9
Round 100/100: count=101078; skid=5
Complete: 1/1 (100.0%); remaining: 0; elapsed: 1s
Non-deterministic: 1
[32m[+][0m run complete; see /home/mani/dev/Laplace/deterministic/max-skid-experiment/results/b64-t1-n101073/sep-23-2026-11:12:07/results.md

b64-t1-n101104
Results: /home/mani/dev/Laplace/deterministic/max-skid-experiment/results/b64-t1-n101104/sep-23-2026-11:12:10
Workers: [0]; coordinator: 63
br_inst_retired.cond:u on CPU 0; 100 rounds
Overflow threshold: 101104
Round 1/100: count=101113; skid=9
Round 2/100: count=101113; skid=9
Round 3/100: count=101116; skid=12
Round 4/100: count=101113; skid=9
Round 5/100: count=101117; skid=13
Round 6/100: count=101116; skid=12
Round 7/100: count=101111; skid=7
Round 8/100: count=101115; skid=11
Round 9/100: count=101111; skid=7
Round 10/100: count=101112; skid=8
Round 11/100: count=101118; skid=14
Round 12/100: count=101113; skid=9
Round 13/100: count=101118; skid=14
Round 14/100: count=101112; skid=8
Round 15/100: count=101112; skid=8
Round 16/100: count=101112; skid=8
Round 17/100: count=101111; skid=7
Round 18/100: count=101116; skid=12
Round 19/100: count=101113; skid=9
Round 20/100: count=101111; skid=7
Round 21/100: count=101116; skid=12
Round 22/100: count=101113; skid=9
Round 23/100: count=101114; skid=10
Round 24/100: count=101115; skid=11
Round 25/100: count=101113; skid=9
Round 26/100: count=101112; skid=8
Round 27/100: count=101115; skid=11
Round 28/100: count=101114; skid=10
Round 29/100: count=101112; skid=8
Round 30/100: count=101117; skid=13
Round 31/100: count=101115; skid=11
Round 32/100: count=101118; skid=14
Round 33/100: count=101113; skid=9
Round 34/100: count=101112; skid=8
Round 35/100: count=101113; skid=9
Round 36/100: count=101118; skid=14
Round 37/100: count=101111; skid=7
Round 38/100: count=101113; skid=9
Round 39/100: count=101112; skid=8
Round 40/100: count=101114; skid=10
Round 41/100: count=101114; skid=10
Round 42/100: count=101113; skid=9
Round 43/100: count=101111; skid=7
Round 44/100: count=101117; skid=13
Round 45/100: count=101117; skid=13
Round 46/100: count=101113; skid=9
Round 47/100: count=101111; skid=7
Round 48/100: count=101114; skid=10
Round 49/100: count=101111; skid=7
Round 50/100: count=101112; skid=8
Round 51/100: count=101115; skid=11
Round 52/100: count=101111; skid=7
Round 53/100: count=101117; skid=13
Round 54/100: count=101112; skid=8
Round 55/100: count=101117; skid=13
Round 56/100: count=101115; skid=11
Round 57/100: count=101112; skid=8
Round 58/100: count=101114; skid=10
Round 59/100: count=101112; skid=8
Round 60/100: count=101113; skid=9
Round 61/100: count=101111; skid=7
Round 62/100: count=101111; skid=7
Round 63/100: count=101111; skid=7
Round 64/100: count=101117; skid=13
Round 65/100: count=101113; skid=9
Round 66/100: count=101118; skid=14
Round 67/100: count=101112; skid=8
Round 68/100: count=101111; skid=7
Round 69/100: count=101114; skid=10
Round 70/100: count=101117; skid=13
Round 71/100: count=101115; skid=11
Round 72/100: count=101111; skid=7
Round 73/100: count=101112; skid=8
Round 74/100: count=101112; skid=8
Round 75/100: count=101113; skid=9
Round 76/100: count=101116; skid=12
Round 77/100: count=101114; skid=10
Round 78/100: count=101113; skid=9
Round 79/100: count=101114; skid=10
Round 80/100: count=101113; skid=9
Round 81/100: count=101114; skid=10
Round 82/100: count=101116; skid=12
Round 83/100: count=101115; skid=11
Round 84/100: count=101112; skid=8
Round 85/100: count=101112; skid=8
Round 86/100: count=101111; skid=7
Round 87/100: count=101114; skid=10
Round 88/100: count=101115; skid=11
Round 89/100: count=101117; skid=13
Round 90/100: count=101115; skid=11
Round 91/100: count=101112; skid=8
Round 92/100: count=101116; skid=12
Round 93/100: count=101111; skid=7
Round 94/100: count=101119; skid=15
Round 95/100: count=101113; skid=9
Round 96/100: count=101114; skid=10
Round 97/100: count=101111; skid=7
Round 98/100: count=101116; skid=12
Round 99/100: count=101113; skid=9
Round 100/100: count=101111; skid=7
Complete: 1/1 (100.0%); remaining: 0; elapsed: 1s
Non-deterministic: 1
[32m[+][0m run complete; see /home/mani/dev/Laplace/deterministic/max-skid-experiment/results/b64-t1-n101104/sep-23-2026-11:12:10/results.md

b256-t1-n100001
Results: /home/mani/dev/Laplace/deterministic/max-skid-experiment/results/b256-t1-n100001/sep-23-2026-11:12:12
Workers: [0]; coordinator: 63
br_inst_retired.cond:u on CPU 0; 100 rounds
Overflow threshold: 100001
Round 1/100: count=100003; skid=2
Round 2/100: count=100003; skid=2
Round 3/100: count=100003; skid=2
Round 4/100: count=100003; skid=2
Round 5/100: count=100003; skid=2
Round 6/100: count=100003; skid=2
Round 7/100: count=100002; skid=1
Round 8/100: count=100002; skid=1
Round 9/100: count=100002; skid=1
Round 10/100: count=100002; skid=1
Round 11/100: count=100003; skid=2
Round 12/100: count=100003; skid=2
Round 13/100: count=100003; skid=2
Round 14/100: count=100003; skid=2
Round 15/100: count=100003; skid=2
Round 16/100: count=100003; skid=2
Round 17/100: count=100003; skid=2
Round 18/100: count=100003; skid=2
Round 19/100: count=100003; skid=2
Round 20/100: count=100005; skid=4
Round 21/100: count=100003; skid=2
Round 22/100: count=100003; skid=2
Round 23/100: count=100003; skid=2
Round 24/100: count=100002; skid=1
Round 25/100: count=100003; skid=2
Round 26/100: count=100003; skid=2
Round 27/100: count=100003; skid=2
Round 28/100: count=100003; skid=2
Round 29/100: count=100003; skid=2
Round 30/100: count=100003; skid=2
Round 31/100: count=100003; skid=2
Round 32/100: count=100003; skid=2
Round 33/100: count=100002; skid=1
Round 34/100: count=100003; skid=2
Round 35/100: count=100003; skid=2
Round 36/100: count=100002; skid=1
Round 37/100: count=100002; skid=1
Round 38/100: count=100003; skid=2
Round 39/100: count=100002; skid=1
Round 40/100: count=100003; skid=2
Round 41/100: count=100002; skid=1
Round 42/100: count=100003; skid=2
Round 43/100: count=100003; skid=2
Round 44/100: count=100002; skid=1
Round 45/100: count=100003; skid=2
Round 46/100: count=100003; skid=2
Round 47/100: count=100003; skid=2
Round 48/100: count=100002; skid=1
Round 49/100: count=100003; skid=2
Round 50/100: count=100002; skid=1
Round 51/100: count=100003; skid=2
Round 52/100: count=100003; skid=2
Round 53/100: count=100002; skid=1
Round 54/100: count=100003; skid=2
Round 55/100: count=100003; skid=2
Round 56/100: count=100003; skid=2
Round 57/100: count=100003; skid=2
Round 58/100: count=100003; skid=2
Round 59/100: count=100002; skid=1
Round 60/100: count=100003; skid=2
Round 61/100: count=100003; skid=2
Round 62/100: count=100003; skid=2
Round 63/100: count=100003; skid=2
Round 64/100: count=100003; skid=2
Round 65/100: count=100002; skid=1
Round 66/100: count=100002; skid=1
Round 67/100: count=100002; skid=1
Round 68/100: count=100003; skid=2
Round 69/100: count=100003; skid=2
Round 70/100: count=100003; skid=2
Round 71/100: count=100002; skid=1
Round 72/100: count=100002; skid=1
Round 73/100: count=100002; skid=1
Round 74/100: count=100003; skid=2
Round 75/100: count=100002; skid=1
Round 76/100: count=100003; skid=2
Round 77/100: count=100003; skid=2
Round 78/100: count=100003; skid=2
Round 79/100: count=100003; skid=2
Round 80/100: count=100003; skid=2
Round 81/100: count=100002; skid=1
Round 82/100: count=100003; skid=2
Round 83/100: count=100003; skid=2
Round 84/100: count=100002; skid=1
Round 85/100: count=100003; skid=2
Round 86/100: count=100002; skid=1
Round 87/100: count=100002; skid=1
Round 88/100: count=100003; skid=2
Round 89/100: count=100002; skid=1
Round 90/100: count=100003; skid=2
Round 91/100: count=100003; skid=2
Round 92/100: count=100002; skid=1
Round 93/100: count=100003; skid=2
Round 94/100: count=100002; skid=1
Round 95/100: count=100003; skid=2
Round 96/100: count=100003; skid=2
Round 97/100: count=100002; skid=1
Round 98/100: count=100002; skid=1
Round 99/100: count=100003; skid=2
Round 100/100: count=100002; skid=1
Complete: 1/1 (100.0%); remaining: 0; elapsed: 1s
Non-deterministic: 1
[32m[+][0m run complete; see /home/mani/dev/Laplace/deterministic/max-skid-experiment/results/b256-t1-n100001/sep-23-2026-11:12:12/results.md

b256-t1-n100002
Results: /home/mani/dev/Laplace/deterministic/max-skid-experiment/results/b256-t1-n100002/sep-23-2026-11:12:15
Workers: [0]; coordinator: 63
br_inst_retired.cond:u on CPU 0; 100 rounds
Overflow threshold: 100002
Round 1/100: count=100003; skid=1
Round 2/100: count=100003; skid=1
Round 3/100: count=100004; skid=2
Round 4/100: count=100004; skid=2
Round 5/100: count=100004; skid=2
Round 6/100: count=100003; skid=1
Round 7/100: count=100004; skid=2
Round 8/100: count=100003; skid=1
Round 9/100: count=100004; skid=2
Round 10/100: count=100004; skid=2
Round 11/100: count=100004; skid=2
Round 12/100: count=100004; skid=2
Round 13/100: count=100003; skid=1
Round 14/100: count=100003; skid=1
Round 15/100: count=100004; skid=2
Round 16/100: count=100004; skid=2
Round 17/100: count=100005; skid=3
Round 18/100: count=100004; skid=2
Round 19/100: count=100003; skid=1
Round 20/100: count=100003; skid=1
Round 21/100: count=100003; skid=1
Round 22/100: count=100003; skid=1
Round 23/100: count=100004; skid=2
Round 24/100: count=100004; skid=2
Round 25/100: count=100004; skid=2
Round 26/100: count=100004; skid=2
Round 27/100: count=100004; skid=2
Round 28/100: count=100004; skid=2
Round 29/100: count=100004; skid=2
Round 30/100: count=100004; skid=2
Round 31/100: count=100004; skid=2
Round 32/100: count=100003; skid=1
Round 33/100: count=100004; skid=2
Round 34/100: count=100004; skid=2
Round 35/100: count=100004; skid=2
Round 36/100: count=100004; skid=2
Round 37/100: count=100003; skid=1
Round 38/100: count=100004; skid=2
Round 39/100: count=100004; skid=2
Round 40/100: count=100004; skid=2
Round 41/100: count=100004; skid=2
Round 42/100: count=100004; skid=2
Round 43/100: count=100004; skid=2
Round 44/100: count=100003; skid=1
Round 45/100: count=100004; skid=2
Round 46/100: count=100004; skid=2
Round 47/100: count=100004; skid=2
Round 48/100: count=100003; skid=1
Round 49/100: count=100004; skid=2
Round 50/100: count=100004; skid=2
Round 51/100: count=100004; skid=2
Round 52/100: count=100004; skid=2
Round 53/100: count=100003; skid=1
Round 54/100: count=100004; skid=2
Round 55/100: count=100004; skid=2
Round 56/100: count=100003; skid=1
Round 57/100: count=100004; skid=2
Round 58/100: count=100004; skid=2
Round 59/100: count=100003; skid=1
Round 60/100: count=100004; skid=2
Round 61/100: count=100004; skid=2
Round 62/100: count=100003; skid=1
Round 63/100: count=100003; skid=1
Round 64/100: count=100004; skid=2
Round 65/100: count=100004; skid=2
Round 66/100: count=100003; skid=1
Round 67/100: count=100004; skid=2
Round 68/100: count=100004; skid=2
Round 69/100: count=100003; skid=1
Round 70/100: count=100004; skid=2
Round 71/100: count=100003; skid=1
Round 72/100: count=100004; skid=2
Round 73/100: count=100003; skid=1
Round 74/100: count=100004; skid=2
Round 75/100: count=100004; skid=2
Round 76/100: count=100003; skid=1
Round 77/100: count=100003; skid=1
Round 78/100: count=100004; skid=2
Round 79/100: count=100003; skid=1
Round 80/100: count=100003; skid=1
Round 81/100: count=100003; skid=1
Round 82/100: count=100004; skid=2
Round 83/100: count=100004; skid=2
Round 84/100: count=100003; skid=1
Round 85/100: count=100004; skid=2
Round 86/100: count=100004; skid=2
Round 87/100: count=100004; skid=2
Round 88/100: count=100004; skid=2
Round 89/100: count=100004; skid=2
Round 90/100: count=100003; skid=1
Round 91/100: count=100004; skid=2
Round 92/100: count=100004; skid=2
Round 93/100: count=100003; skid=1
Round 94/100: count=100004; skid=2
Round 95/100: count=100003; skid=1
Round 96/100: count=100004; skid=2
Round 97/100: count=100004; skid=2
Round 98/100: count=100004; skid=2
Round 99/100: count=100003; skid=1
Round 100/100: count=100003; skid=1
Complete: 1/1 (100.0%); remaining: 0; elapsed: 1s
Non-deterministic: 1
[32m[+][0m run complete; see /home/mani/dev/Laplace/deterministic/max-skid-experiment/results/b256-t1-n100002/sep-23-2026-11:12:15/results.md

b256-t1-n100008
Results: /home/mani/dev/Laplace/deterministic/max-skid-experiment/results/b256-t1-n100008/sep-23-2026-11:12:17
Workers: [0]; coordinator: 63
br_inst_retired.cond:u on CPU 0; 100 rounds
Overflow threshold: 100008
Round 1/100: count=100010; skid=2
Round 2/100: count=100010; skid=2
Round 3/100: count=100010; skid=2
Round 4/100: count=100010; skid=2
Round 5/100: count=100010; skid=2
Round 6/100: count=100010; skid=2
Round 7/100: count=100010; skid=2
Round 8/100: count=100010; skid=2
Round 9/100: count=100010; skid=2
Round 10/100: count=100010; skid=2
Round 11/100: count=100010; skid=2
Round 12/100: count=100011; skid=3
Round 13/100: count=100011; skid=3
Round 14/100: count=100011; skid=3
Round 15/100: count=100010; skid=2
Round 16/100: count=100010; skid=2
Round 17/100: count=100010; skid=2
Round 18/100: count=100010; skid=2
Round 19/100: count=100010; skid=2
Round 20/100: count=100010; skid=2
Round 21/100: count=100010; skid=2
Round 22/100: count=100010; skid=2
Round 23/100: count=100010; skid=2
Round 24/100: count=100010; skid=2
Round 25/100: count=100010; skid=2
Round 26/100: count=100010; skid=2
Round 27/100: count=100010; skid=2
Round 28/100: count=100010; skid=2
Round 29/100: count=100010; skid=2
Round 30/100: count=100010; skid=2
Round 31/100: count=100010; skid=2
Round 32/100: count=100010; skid=2
Round 33/100: count=100010; skid=2
Round 34/100: count=100010; skid=2
Round 35/100: count=100010; skid=2
Round 36/100: count=100010; skid=2
Round 37/100: count=100010; skid=2
Round 38/100: count=100010; skid=2
Round 39/100: count=100010; skid=2
Round 40/100: count=100010; skid=2
Round 41/100: count=100010; skid=2
Round 42/100: count=100010; skid=2
Round 43/100: count=100010; skid=2
Round 44/100: count=100010; skid=2
Round 45/100: count=100010; skid=2
Round 46/100: count=100010; skid=2
Round 47/100: count=100010; skid=2
Round 48/100: count=100010; skid=2
Round 49/100: count=100010; skid=2
Round 50/100: count=100010; skid=2
Round 51/100: count=100010; skid=2
Round 52/100: count=100010; skid=2
Round 53/100: count=100010; skid=2
Round 54/100: count=100010; skid=2
Round 55/100: count=100010; skid=2
Round 56/100: count=100010; skid=2
Round 57/100: count=100010; skid=2
Round 58/100: count=100010; skid=2
Round 59/100: count=100010; skid=2
Round 60/100: count=100010; skid=2
Round 61/100: count=100010; skid=2
Round 62/100: count=100010; skid=2
Round 63/100: count=100010; skid=2
Round 64/100: count=100010; skid=2
Round 65/100: count=100010; skid=2
Round 66/100: count=100010; skid=2
Round 67/100: count=100010; skid=2
Round 68/100: count=100010; skid=2
Round 69/100: count=100010; skid=2
Round 70/100: count=100010; skid=2
Round 71/100: count=100009; skid=1
Round 72/100: count=100010; skid=2
Round 73/100: count=100010; skid=2
Round 74/100: count=100010; skid=2
Round 75/100: count=100010; skid=2
Round 76/100: count=100010; skid=2
Round 77/100: count=100010; skid=2
Round 78/100: count=100010; skid=2
Round 79/100: count=100010; skid=2
Round 80/100: count=100010; skid=2
Round 81/100: count=100010; skid=2
Round 82/100: count=100010; skid=2
Round 83/100: count=100010; skid=2
Round 84/100: count=100010; skid=2
Round 85/100: count=100011; skid=3
Round 86/100: count=100011; skid=3
Round 87/100: count=100011; skid=3
Round 88/100: count=100011; skid=3
Round 89/100: count=100011; skid=3
Round 90/100: count=100011; skid=3
Round 91/100: count=100011; skid=3
Round 92/100: count=100010; skid=2
Round 93/100: count=100010; skid=2
Round 94/100: count=100010; skid=2
Round 95/100: count=100010; skid=2
Round 96/100: count=100010; skid=2
Round 97/100: count=100010; skid=2
Round 98/100: count=100010; skid=2
Round 99/100: count=100009; skid=1
Round 100/100: count=100009; skid=1
Complete: 1/1 (100.0%); remaining: 0; elapsed: 1s
Non-deterministic: 1
[32m[+][0m run complete; see /home/mani/dev/Laplace/deterministic/max-skid-experiment/results/b256-t1-n100008/sep-23-2026-11:12:17/results.md

b256-t1-n100032
Results: /home/mani/dev/Laplace/deterministic/max-skid-experiment/results/b256-t1-n100032/sep-23-2026-11:12:20
Workers: [0]; coordinator: 63
br_inst_retired.cond:u on CPU 0; 100 rounds
Overflow threshold: 100032
Round 1/100: count=100033; skid=1
Round 2/100: count=100033; skid=1
Round 3/100: count=100033; skid=1
Round 4/100: count=100033; skid=1
Round 5/100: count=100033; skid=1
Round 6/100: count=100033; skid=1
Round 7/100: count=100033; skid=1
Round 8/100: count=100033; skid=1
Round 9/100: count=100033; skid=1
Round 10/100: count=100033; skid=1
Round 11/100: count=100033; skid=1
Round 12/100: count=100033; skid=1
Round 13/100: count=100034; skid=2
Round 14/100: count=100034; skid=2
Round 15/100: count=100034; skid=2
Round 16/100: count=100034; skid=2
Round 17/100: count=100034; skid=2
Round 18/100: count=100034; skid=2
Round 19/100: count=100033; skid=1
Round 20/100: count=100033; skid=1
Round 21/100: count=100033; skid=1
Round 22/100: count=100033; skid=1
Round 23/100: count=100033; skid=1
Round 24/100: count=100033; skid=1
Round 25/100: count=100034; skid=2
Round 26/100: count=100034; skid=2
Round 27/100: count=100034; skid=2
Round 28/100: count=100033; skid=1
Round 29/100: count=100033; skid=1
Round 30/100: count=100033; skid=1
Round 31/100: count=100033; skid=1
Round 32/100: count=100033; skid=1
Round 33/100: count=100033; skid=1
Round 34/100: count=100033; skid=1
Round 35/100: count=100033; skid=1
Round 36/100: count=100033; skid=1
Round 37/100: count=100033; skid=1
Round 38/100: count=100033; skid=1
Round 39/100: count=100033; skid=1
Round 40/100: count=100033; skid=1
Round 41/100: count=100034; skid=2
Round 42/100: count=100034; skid=2
Round 43/100: count=100034; skid=2
Round 44/100: count=100034; skid=2
Round 45/100: count=100034; skid=2
Round 46/100: count=100034; skid=2
Round 47/100: count=100034; skid=2
Round 48/100: count=100034; skid=2
Round 49/100: count=100034; skid=2
Round 50/100: count=100034; skid=2
Round 51/100: count=100034; skid=2
Round 52/100: count=100034; skid=2
Round 53/100: count=100034; skid=2
Round 54/100: count=100034; skid=2
Round 55/100: count=100034; skid=2
Round 56/100: count=100034; skid=2
Round 57/100: count=100033; skid=1
Round 58/100: count=100033; skid=1
Round 59/100: count=100033; skid=1
Round 60/100: count=100034; skid=2
Round 61/100: count=100034; skid=2
Round 62/100: count=100034; skid=2
Round 63/100: count=100034; skid=2
Round 64/100: count=100034; skid=2
Round 65/100: count=100034; skid=2
Round 66/100: count=100034; skid=2
Round 67/100: count=100034; skid=2
Round 68/100: count=100034; skid=2
Round 69/100: count=100034; skid=2
Round 70/100: count=100034; skid=2
Round 71/100: count=100034; skid=2
Round 72/100: count=100034; skid=2
Round 73/100: count=100033; skid=1
Round 74/100: count=100033; skid=1
Round 75/100: count=100033; skid=1
Round 76/100: count=100033; skid=1
Round 77/100: count=100033; skid=1
Round 78/100: count=100033; skid=1
Round 79/100: count=100033; skid=1
Round 80/100: count=100033; skid=1
Round 81/100: count=100033; skid=1
Round 82/100: count=100033; skid=1
Round 83/100: count=100033; skid=1
Round 84/100: count=100033; skid=1
Round 85/100: count=100033; skid=1
Round 86/100: count=100033; skid=1
Round 87/100: count=100033; skid=1
Round 88/100: count=100033; skid=1
Round 89/100: count=100033; skid=1
Round 90/100: count=100033; skid=1
Round 91/100: count=100033; skid=1
Round 92/100: count=100033; skid=1
Round 93/100: count=100033; skid=1
Round 94/100: count=100033; skid=1
Round 95/100: count=100033; skid=1
Round 96/100: count=100033; skid=1
Round 97/100: count=100035; skid=3
Round 98/100: count=100033; skid=1
Round 99/100: count=100033; skid=1
Round 100/100: count=100033; skid=1
Complete: 1/1 (100.0%); remaining: 0; elapsed: 1s
Non-deterministic: 1
[32m[+][0m run complete; see /home/mani/dev/Laplace/deterministic/max-skid-experiment/results/b256-t1-n100032/sep-23-2026-11:12:20/results.md

b256-t1-n104113
Results: /home/mani/dev/Laplace/deterministic/max-skid-experiment/results/b256-t1-n104113/sep-23-2026-11:12:22
Workers: [0]; coordinator: 63
br_inst_retired.cond:u on CPU 0; 100 rounds
Overflow threshold: 104113
Round 1/100: count=104125; skid=12
Round 2/100: count=104124; skid=11
Round 3/100: count=104124; skid=11
Round 4/100: count=104123; skid=10
Round 5/100: count=104125; skid=12
Round 6/100: count=104123; skid=10
Round 7/100: count=104123; skid=10
Round 8/100: count=104124; skid=11
Round 9/100: count=104124; skid=11
Round 10/100: count=104119; skid=6
Round 11/100: count=104119; skid=6
Round 12/100: count=104125; skid=12
Round 13/100: count=104119; skid=6
Round 14/100: count=104124; skid=11
Round 15/100: count=104124; skid=11
Round 16/100: count=104124; skid=11
Round 17/100: count=104119; skid=6
Round 18/100: count=104122; skid=9
Round 19/100: count=104119; skid=6
Round 20/100: count=104119; skid=6
Round 21/100: count=104125; skid=12
Round 22/100: count=104124; skid=11
Round 23/100: count=104120; skid=7
Round 24/100: count=104120; skid=7
Round 25/100: count=104124; skid=11
Round 26/100: count=104119; skid=6
Round 27/100: count=104124; skid=11
Round 28/100: count=104120; skid=7
Round 29/100: count=104124; skid=11
Round 30/100: count=104119; skid=6
Round 31/100: count=104124; skid=11
Round 32/100: count=104123; skid=10
Round 33/100: count=104119; skid=6
Round 34/100: count=104121; skid=8
Round 35/100: count=104125; skid=12
Round 36/100: count=104120; skid=7
Round 37/100: count=104119; skid=6
Round 38/100: count=104127; skid=14
Round 39/100: count=104119; skid=6
Round 40/100: count=104123; skid=10
Round 41/100: count=104124; skid=11
Round 42/100: count=104124; skid=11
Round 43/100: count=104119; skid=6
Round 44/100: count=104126; skid=13
Round 45/100: count=104123; skid=10
Round 46/100: count=104123; skid=10
Round 47/100: count=104120; skid=7
Round 48/100: count=104124; skid=11
Round 49/100: count=104124; skid=11
Round 50/100: count=104124; skid=11
Round 51/100: count=104123; skid=10
Round 52/100: count=104119; skid=6
Round 53/100: count=104119; skid=6
Round 54/100: count=104119; skid=6
Round 55/100: count=104124; skid=11
Round 56/100: count=104124; skid=11
Round 57/100: count=104127; skid=14
Round 58/100: count=104120; skid=7
Round 59/100: count=104123; skid=10
Round 60/100: count=104124; skid=11
Round 61/100: count=104124; skid=11
Round 62/100: count=104124; skid=11
Round 63/100: count=104125; skid=12
Round 64/100: count=104124; skid=11
Round 65/100: count=104122; skid=9
Round 66/100: count=104125; skid=12
Round 67/100: count=104126; skid=13
Round 68/100: count=104127; skid=14
Round 69/100: count=104122; skid=9
Round 70/100: count=104124; skid=11
Round 71/100: count=104124; skid=11
Round 72/100: count=104119; skid=6
Round 73/100: count=104120; skid=7
Round 74/100: count=104125; skid=12
Round 75/100: count=104119; skid=6
Round 76/100: count=104124; skid=11
Round 77/100: count=104121; skid=8
Round 78/100: count=104124; skid=11
Round 79/100: count=104120; skid=7
Round 80/100: count=104124; skid=11
Round 81/100: count=104121; skid=8
Round 82/100: count=104119; skid=6
Round 83/100: count=104119; skid=6
Round 84/100: count=104125; skid=12
Round 85/100: count=104119; skid=6
Round 86/100: count=104123; skid=10
Round 87/100: count=104127; skid=14
Round 88/100: count=104122; skid=9
Round 89/100: count=104123; skid=10
Round 90/100: count=104123; skid=10
Round 91/100: count=104120; skid=7
Round 92/100: count=104122; skid=9
Round 93/100: count=104125; skid=12
Round 94/100: count=104119; skid=6
Round 95/100: count=104121; skid=8
Round 96/100: count=104124; skid=11
Round 97/100: count=104124; skid=11
Round 98/100: count=104120; skid=7
Round 99/100: count=104123; skid=10
Round 100/100: count=104127; skid=14
Complete: 1/1 (100.0%); remaining: 0; elapsed: 1s
Non-deterministic: 1
[32m[+][0m run complete; see /home/mani/dev/Laplace/deterministic/max-skid-experiment/results/b256-t1-n104113/sep-23-2026-11:12:22/results.md

b256-t1-n104241
Results: /home/mani/dev/Laplace/deterministic/max-skid-experiment/results/b256-t1-n104241/sep-23-2026-11:12:25
Workers: [0]; coordinator: 63
br_inst_retired.cond:u on CPU 0; 100 rounds
Overflow threshold: 104241
Round 1/100: count=104248; skid=7
Round 2/100: count=104247; skid=6
Round 3/100: count=104248; skid=7
Round 4/100: count=104250; skid=9
Round 5/100: count=104252; skid=11
Round 6/100: count=104254; skid=13
Round 7/100: count=104247; skid=6
Round 8/100: count=104253; skid=12
Round 9/100: count=104254; skid=13
Round 10/100: count=104249; skid=8
Round 11/100: count=104253; skid=12
Round 12/100: count=104247; skid=6
Round 13/100: count=104249; skid=8
Round 14/100: count=104249; skid=8
Round 15/100: count=104247; skid=6
Round 16/100: count=104247; skid=6
Round 17/100: count=104252; skid=11
Round 18/100: count=104248; skid=7
Round 19/100: count=104254; skid=13
Round 20/100: count=104253; skid=12
Round 21/100: count=104252; skid=11
Round 22/100: count=104249; skid=8
Round 23/100: count=104249; skid=8
Round 24/100: count=104249; skid=8
Round 25/100: count=104253; skid=12
Round 26/100: count=104249; skid=8
Round 27/100: count=104254; skid=13
Round 28/100: count=104248; skid=7
Round 29/100: count=104250; skid=9
Round 30/100: count=104249; skid=8
Round 31/100: count=104250; skid=9
Round 32/100: count=104252; skid=11
Round 33/100: count=104250; skid=9
Round 34/100: count=104254; skid=13
Round 35/100: count=104249; skid=8
Round 36/100: count=104254; skid=13
Round 37/100: count=104249; skid=8
Round 38/100: count=104249; skid=8
Round 39/100: count=104254; skid=13
Round 40/100: count=104247; skid=6
Round 41/100: count=104253; skid=12
Round 42/100: count=104250; skid=9
Round 43/100: count=104253; skid=12
Round 44/100: count=104250; skid=9
Round 45/100: count=104250; skid=9
Round 46/100: count=104255; skid=14
Round 47/100: count=104249; skid=8
Round 48/100: count=104249; skid=8
Round 49/100: count=104248; skid=7
Round 50/100: count=104249; skid=8
Round 51/100: count=104254; skid=13
Round 52/100: count=104250; skid=9
Round 53/100: count=104249; skid=8
Round 54/100: count=104249; skid=8
Round 55/100: count=104249; skid=8
Round 56/100: count=104248; skid=7
Round 57/100: count=104249; skid=8
Round 58/100: count=104253; skid=12
Round 59/100: count=104249; skid=8
Round 60/100: count=104247; skid=6
Round 61/100: count=104249; skid=8
Round 62/100: count=104249; skid=8
Round 63/100: count=104249; skid=8
Round 64/100: count=104250; skid=9
Round 65/100: count=104250; skid=9
Round 66/100: count=104250; skid=9
Round 67/100: count=104249; skid=8
Round 68/100: count=104254; skid=13
Round 69/100: count=104247; skid=6
Round 70/100: count=104253; skid=12
Round 71/100: count=104248; skid=7
Round 72/100: count=104250; skid=9
Round 73/100: count=104249; skid=8
Round 74/100: count=104254; skid=13
Round 75/100: count=104250; skid=9
Round 76/100: count=104250; skid=9
Round 77/100: count=104249; skid=8
Round 78/100: count=104247; skid=6
Round 79/100: count=104254; skid=13
Round 80/100: count=104254; skid=13
Round 81/100: count=104249; skid=8
Round 82/100: count=104246; skid=5
Round 83/100: count=104254; skid=13
Round 84/100: count=104250; skid=9
Round 85/100: count=104250; skid=9
Round 86/100: count=104249; skid=8
Round 87/100: count=104249; skid=8
Round 88/100: count=104248; skid=7
Round 89/100: count=104254; skid=13
Round 90/100: count=104254; skid=13
Round 91/100: count=104246; skid=5
Round 92/100: count=104248; skid=7
Round 93/100: count=104249; skid=8
Round 94/100: count=104249; skid=8
Round 95/100: count=104250; skid=9
Round 96/100: count=104250; skid=9
Round 97/100: count=104246; skid=5
Round 98/100: count=104254; skid=13
Round 99/100: count=104246; skid=5
Round 100/100: count=104250; skid=9
Complete: 1/1 (100.0%); remaining: 0; elapsed: 1s
Non-deterministic: 1
[32m[+][0m run complete; see /home/mani/dev/Laplace/deterministic/max-skid-experiment/results/b256-t1-n104241/sep-23-2026-11:12:25/results.md

b256-t1-n104368
Results: /home/mani/dev/Laplace/deterministic/max-skid-experiment/results/b256-t1-n104368/sep-23-2026-11:12:27
Workers: [0]; coordinator: 63
br_inst_retired.cond:u on CPU 0; 100 rounds
Overflow threshold: 104368
Round 1/100: count=104375; skid=7
Round 2/100: count=104375; skid=7
Round 3/100: count=104381; skid=13
Round 4/100: count=104376; skid=8
Round 5/100: count=104377; skid=9
Round 6/100: count=104376; skid=8
Round 7/100: count=104375; skid=7
Round 8/100: count=104375; skid=7
Round 9/100: count=104378; skid=10
Round 10/100: count=104377; skid=9
Round 11/100: count=104380; skid=12
Round 12/100: count=104378; skid=10
Round 13/100: count=104378; skid=10
Round 14/100: count=104377; skid=9
Round 15/100: count=104378; skid=10
Round 16/100: count=104382; skid=14
Round 17/100: count=104377; skid=9
Round 18/100: count=104382; skid=14
Round 19/100: count=104375; skid=7
Round 20/100: count=104380; skid=12
Round 21/100: count=104382; skid=14
Round 22/100: count=104382; skid=14
Round 23/100: count=104377; skid=9
Round 24/100: count=104377; skid=9
Round 25/100: count=104378; skid=10
Round 26/100: count=104380; skid=12
Round 27/100: count=104382; skid=14
Round 28/100: count=104378; skid=10
Round 29/100: count=104377; skid=9
Round 30/100: count=104382; skid=14
Round 31/100: count=104377; skid=9
Round 32/100: count=104378; skid=10
Round 33/100: count=104377; skid=9
Round 34/100: count=104376; skid=8
Round 35/100: count=104381; skid=13
Round 36/100: count=104381; skid=13
Round 37/100: count=104380; skid=12
Round 38/100: count=104380; skid=12
Round 39/100: count=104380; skid=12
Round 40/100: count=104378; skid=10
Round 41/100: count=104379; skid=11
Round 42/100: count=104380; skid=12
Round 43/100: count=104377; skid=9
Round 44/100: count=104380; skid=12
Round 45/100: count=104376; skid=8
Round 46/100: count=104378; skid=10
Round 47/100: count=104382; skid=14
Round 48/100: count=104378; skid=10
Round 49/100: count=104376; skid=8
Round 50/100: count=104378; skid=10
Round 51/100: count=104376; skid=8
Round 52/100: count=104375; skid=7
Round 53/100: count=104378; skid=10
Round 54/100: count=104378; skid=10
Round 55/100: count=104378; skid=10
Round 56/100: count=104377; skid=9
Round 57/100: count=104378; skid=10
Round 58/100: count=104378; skid=10
Round 59/100: count=104378; skid=10
Round 60/100: count=104380; skid=12
Round 61/100: count=104378; skid=10
Round 62/100: count=104377; skid=9
Round 63/100: count=104376; skid=8
Round 64/100: count=104376; skid=8
Round 65/100: count=104375; skid=7
Round 66/100: count=104376; skid=8
Round 67/100: count=104375; skid=7
Round 68/100: count=104375; skid=7
Round 69/100: count=104377; skid=9
Round 70/100: count=104380; skid=12
Round 71/100: count=104377; skid=9
Round 72/100: count=104380; skid=12
Round 73/100: count=104378; skid=10
Round 74/100: count=104381; skid=13
Round 75/100: count=104378; skid=10
Round 76/100: count=104380; skid=12
Round 77/100: count=104378; skid=10
Round 78/100: count=104375; skid=7
Round 79/100: count=104380; skid=12
Round 80/100: count=104377; skid=9
Round 81/100: count=104378; skid=10
Round 82/100: count=104375; skid=7
Round 83/100: count=104376; skid=8
Round 84/100: count=104379; skid=11
Round 85/100: count=104375; skid=7
Round 86/100: count=104382; skid=14
Round 87/100: count=104378; skid=10
Round 88/100: count=104382; skid=14
Round 89/100: count=104381; skid=13
Round 90/100: count=104378; skid=10
Round 91/100: count=104378; skid=10
Round 92/100: count=104376; skid=8
Round 93/100: count=104376; skid=8
Round 94/100: count=104378; skid=10
Round 95/100: count=104378; skid=10
Round 96/100: count=104376; skid=8
Round 97/100: count=104382; skid=14
Round 98/100: count=104377; skid=9
Round 99/100: count=104382; skid=14
Round 100/100: count=104378; skid=10
Complete: 1/1 (100.0%); remaining: 0; elapsed: 1s
Non-deterministic: 1
[32m[+][0m run complete; see /home/mani/dev/Laplace/deterministic/max-skid-experiment/results/b256-t1-n104368/sep-23-2026-11:12:27/results.md

b1024-t1-n100001
Results: /home/mani/dev/Laplace/deterministic/max-skid-experiment/results/b1024-t1-n100001/sep-23-2026-11:12:30
Workers: [0]; coordinator: 63
br_inst_retired.cond:u on CPU 0; 100 rounds
Overflow threshold: 100001
Round 1/100: count=100002; skid=1
Round 2/100: count=100003; skid=2
Round 3/100: count=100003; skid=2
Round 4/100: count=100003; skid=2
Round 5/100: count=100003; skid=2
Round 6/100: count=100002; skid=1
Round 7/100: count=100003; skid=2
Round 8/100: count=100002; skid=1
Round 9/100: count=100002; skid=1
Round 10/100: count=100003; skid=2
Round 11/100: count=100002; skid=1
Round 12/100: count=100003; skid=2
Round 13/100: count=100003; skid=2
Round 14/100: count=100003; skid=2
Round 15/100: count=100003; skid=2
Round 16/100: count=100002; skid=1
Round 17/100: count=100003; skid=2
Round 18/100: count=100003; skid=2
Round 19/100: count=100002; skid=1
Round 20/100: count=100002; skid=1
Round 21/100: count=100003; skid=2
Round 22/100: count=100003; skid=2
Round 23/100: count=100003; skid=2
Round 24/100: count=100002; skid=1
Round 25/100: count=100002; skid=1
Round 26/100: count=100003; skid=2
Round 27/100: count=100002; skid=1
Round 28/100: count=100003; skid=2
Round 29/100: count=100003; skid=2
Round 30/100: count=100003; skid=2
Round 31/100: count=100003; skid=2
Round 32/100: count=100002; skid=1
Round 33/100: count=100002; skid=1
Round 34/100: count=100003; skid=2
Round 35/100: count=100002; skid=1
Round 36/100: count=100003; skid=2
Round 37/100: count=100003; skid=2
Round 38/100: count=100003; skid=2
Round 39/100: count=100003; skid=2
Round 40/100: count=100003; skid=2
Round 41/100: count=100003; skid=2
Round 42/100: count=100003; skid=2
Round 43/100: count=100002; skid=1
Round 44/100: count=100003; skid=2
Round 45/100: count=100003; skid=2
Round 46/100: count=100003; skid=2
Round 47/100: count=100002; skid=1
Round 48/100: count=100003; skid=2
Round 49/100: count=100003; skid=2
Round 50/100: count=100003; skid=2
Round 51/100: count=100002; skid=1
Round 52/100: count=100003; skid=2
Round 53/100: count=100002; skid=1
Round 54/100: count=100003; skid=2
Round 55/100: count=100002; skid=1
Round 56/100: count=100002; skid=1
Round 57/100: count=100002; skid=1
Round 58/100: count=100002; skid=1
Round 59/100: count=100002; skid=1
Round 60/100: count=100003; skid=2
Round 61/100: count=100002; skid=1
Round 62/100: count=100002; skid=1
Round 63/100: count=100003; skid=2
Round 64/100: count=100003; skid=2
Round 65/100: count=100003; skid=2
Round 66/100: count=100003; skid=2
Round 67/100: count=100002; skid=1
Round 68/100: count=100003; skid=2
Round 69/100: count=100003; skid=2
Round 70/100: count=100002; skid=1
Round 71/100: count=100003; skid=2
Round 72/100: count=100003; skid=2
Round 73/100: count=100002; skid=1
Round 74/100: count=100002; skid=1
Round 75/100: count=100002; skid=1
Round 76/100: count=100003; skid=2
Round 77/100: count=100003; skid=2
Round 78/100: count=100003; skid=2
Round 79/100: count=100003; skid=2
Round 80/100: count=100003; skid=2
Round 81/100: count=100003; skid=2
Round 82/100: count=100002; skid=1
Round 83/100: count=100002; skid=1
Round 84/100: count=100003; skid=2
Round 85/100: count=100003; skid=2
Round 86/100: count=100003; skid=2
Round 87/100: count=100003; skid=2
Round 88/100: count=100003; skid=2
Round 89/100: count=100002; skid=1
Round 90/100: count=100003; skid=2
Round 91/100: count=100003; skid=2
Round 92/100: count=100002; skid=1
Round 93/100: count=100002; skid=1
Round 94/100: count=100002; skid=1
Round 95/100: count=100003; skid=2
Round 96/100: count=100003; skid=2
Round 97/100: count=100002; skid=1
Round 98/100: count=100003; skid=2
Round 99/100: count=100003; skid=2
Round 100/100: count=100003; skid=2
Complete: 1/1 (100.0%); remaining: 0; elapsed: 1s
Non-deterministic: 1
[32m[+][0m run complete; see /home/mani/dev/Laplace/deterministic/max-skid-experiment/results/b1024-t1-n100001/sep-23-2026-11:12:30/results.md

b1024-t1-n100002
Results: /home/mani/dev/Laplace/deterministic/max-skid-experiment/results/b1024-t1-n100002/sep-23-2026-11:12:32
Workers: [0]; coordinator: 63
br_inst_retired.cond:u on CPU 0; 100 rounds
Overflow threshold: 100002
Round 1/100: count=100004; skid=2
Round 2/100: count=100004; skid=2
Round 3/100: count=100003; skid=1
Round 4/100: count=100004; skid=2
Round 5/100: count=100004; skid=2
Round 6/100: count=100004; skid=2
Round 7/100: count=100003; skid=1
Round 8/100: count=100003; skid=1
Round 9/100: count=100004; skid=2
Round 10/100: count=100004; skid=2
Round 11/100: count=100004; skid=2
Round 12/100: count=100004; skid=2
Round 13/100: count=100004; skid=2
Round 14/100: count=100004; skid=2
Round 15/100: count=100004; skid=2
Round 16/100: count=100004; skid=2
Round 17/100: count=100004; skid=2
Round 18/100: count=100003; skid=1
Round 19/100: count=100004; skid=2
Round 20/100: count=100004; skid=2
Round 21/100: count=100004; skid=2
Round 22/100: count=100004; skid=2
Round 23/100: count=100003; skid=1
Round 24/100: count=100003; skid=1
Round 25/100: count=100003; skid=1
Round 26/100: count=100004; skid=2
Round 27/100: count=100004; skid=2
Round 28/100: count=100004; skid=2
Round 29/100: count=100004; skid=2
Round 30/100: count=100003; skid=1
Round 31/100: count=100003; skid=1
Round 32/100: count=100003; skid=1
Round 33/100: count=100004; skid=2
Round 34/100: count=100004; skid=2
Round 35/100: count=100004; skid=2
Round 36/100: count=100004; skid=2
Round 37/100: count=100004; skid=2
Round 38/100: count=100003; skid=1
Round 39/100: count=100004; skid=2
Round 40/100: count=100003; skid=1
Round 41/100: count=100003; skid=1
Round 42/100: count=100004; skid=2
Round 43/100: count=100003; skid=1
Round 44/100: count=100004; skid=2
Round 45/100: count=100004; skid=2
Round 46/100: count=100004; skid=2
Round 47/100: count=100004; skid=2
Round 48/100: count=100004; skid=2
Round 49/100: count=100004; skid=2
Round 50/100: count=100004; skid=2
Round 51/100: count=100004; skid=2
Round 52/100: count=100004; skid=2
Round 53/100: count=100004; skid=2
Round 54/100: count=100004; skid=2
Round 55/100: count=100004; skid=2
Round 56/100: count=100003; skid=1
Round 57/100: count=100003; skid=1
Round 58/100: count=100004; skid=2
Round 59/100: count=100004; skid=2
Round 60/100: count=100003; skid=1
Round 61/100: count=100004; skid=2
Round 62/100: count=100003; skid=1
Round 63/100: count=100003; skid=1
Round 64/100: count=100004; skid=2
Round 65/100: count=100004; skid=2
Round 66/100: count=100003; skid=1
Round 67/100: count=100003; skid=1
Round 68/100: count=100003; skid=1
Round 69/100: count=100003; skid=1
Round 70/100: count=100004; skid=2
Round 71/100: count=100004; skid=2
Round 72/100: count=100003; skid=1
Round 73/100: count=100003; skid=1
Round 74/100: count=100003; skid=1
Round 75/100: count=100004; skid=2
Round 76/100: count=100004; skid=2
Round 77/100: count=100003; skid=1
Round 78/100: count=100003; skid=1
Round 79/100: count=100004; skid=2
Round 80/100: count=100003; skid=1
Round 81/100: count=100004; skid=2
Round 82/100: count=100003; skid=1
Round 83/100: count=100003; skid=1
Round 84/100: count=100004; skid=2
Round 85/100: count=100004; skid=2
Round 86/100: count=100004; skid=2
Round 87/100: count=100003; skid=1
Round 88/100: count=100004; skid=2
Round 89/100: count=100004; skid=2
Round 90/100: count=100003; skid=1
Round 91/100: count=100004; skid=2
Round 92/100: count=100003; skid=1
Round 93/100: count=100004; skid=2
Round 94/100: count=100003; skid=1
Round 95/100: count=100003; skid=1
Round 96/100: count=100004; skid=2
Round 97/100: count=100004; skid=2
Round 98/100: count=100004; skid=2
Round 99/100: count=100004; skid=2
Round 100/100: count=100004; skid=2
Complete: 1/1 (100.0%); remaining: 0; elapsed: 1s
Non-deterministic: 1
[32m[+][0m run complete; see /home/mani/dev/Laplace/deterministic/max-skid-experiment/results/b1024-t1-n100002/sep-23-2026-11:12:32/results.md

b1024-t1-n100008
Results: /home/mani/dev/Laplace/deterministic/max-skid-experiment/results/b1024-t1-n100008/sep-23-2026-11:12:35
Workers: [0]; coordinator: 63
br_inst_retired.cond:u on CPU 0; 100 rounds
Overflow threshold: 100008
Round 1/100: count=100010; skid=2
Round 2/100: count=100010; skid=2
Round 3/100: count=100010; skid=2
Round 4/100: count=100010; skid=2
Round 5/100: count=100009; skid=1
Round 6/100: count=100009; skid=1
Round 7/100: count=100010; skid=2
Round 8/100: count=100010; skid=2
Round 9/100: count=100010; skid=2
Round 10/100: count=100010; skid=2
Round 11/100: count=100010; skid=2
Round 12/100: count=100010; skid=2
Round 13/100: count=100010; skid=2
Round 14/100: count=100010; skid=2
Round 15/100: count=100010; skid=2
Round 16/100: count=100011; skid=3
Round 17/100: count=100010; skid=2
Round 18/100: count=100010; skid=2
Round 19/100: count=100010; skid=2
Round 20/100: count=100010; skid=2
Round 21/100: count=100010; skid=2
Round 22/100: count=100009; skid=1
Round 23/100: count=100010; skid=2
Round 24/100: count=100010; skid=2
Round 25/100: count=100010; skid=2
Round 26/100: count=100011; skid=3
Round 27/100: count=100010; skid=2
Round 28/100: count=100010; skid=2
Round 29/100: count=100010; skid=2
Round 30/100: count=100010; skid=2
Round 31/100: count=100010; skid=2
Round 32/100: count=100010; skid=2
Round 33/100: count=100010; skid=2
Round 34/100: count=100010; skid=2
Round 35/100: count=100010; skid=2
Round 36/100: count=100010; skid=2
Round 37/100: count=100010; skid=2
Round 38/100: count=100010; skid=2
Round 39/100: count=100010; skid=2
Round 40/100: count=100010; skid=2
Round 41/100: count=100010; skid=2
Round 42/100: count=100010; skid=2
Round 43/100: count=100010; skid=2
Round 44/100: count=100010; skid=2
Round 45/100: count=100010; skid=2
Round 46/100: count=100010; skid=2
Round 47/100: count=100010; skid=2
Round 48/100: count=100010; skid=2
Round 49/100: count=100010; skid=2
Round 50/100: count=100010; skid=2
Round 51/100: count=100010; skid=2
Round 52/100: count=100010; skid=2
Round 53/100: count=100010; skid=2
Round 54/100: count=100010; skid=2
Round 55/100: count=100010; skid=2
Round 56/100: count=100010; skid=2
Round 57/100: count=100010; skid=2
Round 58/100: count=100010; skid=2
Round 59/100: count=100010; skid=2
Round 60/100: count=100010; skid=2
Round 61/100: count=100010; skid=2
Round 62/100: count=100010; skid=2
Round 63/100: count=100010; skid=2
Round 64/100: count=100010; skid=2
Round 65/100: count=100010; skid=2
Round 66/100: count=100009; skid=1
Round 67/100: count=100009; skid=1
Round 68/100: count=100009; skid=1
Round 69/100: count=100009; skid=1
Round 70/100: count=100010; skid=2
Round 71/100: count=100010; skid=2
Round 72/100: count=100010; skid=2
Round 73/100: count=100010; skid=2
Round 74/100: count=100010; skid=2
Round 75/100: count=100010; skid=2
Round 76/100: count=100010; skid=2
Round 77/100: count=100010; skid=2
Round 78/100: count=100010; skid=2
Round 79/100: count=100010; skid=2
Round 80/100: count=100010; skid=2
Round 81/100: count=100010; skid=2
Round 82/100: count=100010; skid=2
Round 83/100: count=100010; skid=2
Round 84/100: count=100010; skid=2
Round 85/100: count=100010; skid=2
Round 86/100: count=100010; skid=2
Round 87/100: count=100010; skid=2
Round 88/100: count=100010; skid=2
Round 89/100: count=100010; skid=2
Round 90/100: count=100010; skid=2
Round 91/100: count=100010; skid=2
Round 92/100: count=100010; skid=2
Round 93/100: count=100010; skid=2
Round 94/100: count=100010; skid=2
Round 95/100: count=100010; skid=2
Round 96/100: count=100010; skid=2
Round 97/100: count=100010; skid=2
Round 98/100: count=100010; skid=2
Round 99/100: count=100010; skid=2
Round 100/100: count=100010; skid=2
Complete: 1/1 (100.0%); remaining: 0; elapsed: 1s
Non-deterministic: 1
[32m[+][0m run complete; see /home/mani/dev/Laplace/deterministic/max-skid-experiment/results/b1024-t1-n100008/sep-23-2026-11:12:35/results.md

b1024-t1-n100032
Results: /home/mani/dev/Laplace/deterministic/max-skid-experiment/results/b1024-t1-n100032/sep-23-2026-11:12:37
Workers: [0]; coordinator: 63
br_inst_retired.cond:u on CPU 0; 100 rounds
Overflow threshold: 100032
Round 1/100: count=100033; skid=1
Round 2/100: count=100033; skid=1
Round 3/100: count=100033; skid=1
Round 4/100: count=100033; skid=1
Round 5/100: count=100033; skid=1
Round 6/100: count=100033; skid=1
Round 7/100: count=100033; skid=1
Round 8/100: count=100033; skid=1
Round 9/100: count=100033; skid=1
Round 10/100: count=100033; skid=1
Round 11/100: count=100033; skid=1
Round 12/100: count=100033; skid=1
Round 13/100: count=100033; skid=1
Round 14/100: count=100033; skid=1
Round 15/100: count=100033; skid=1
Round 16/100: count=100033; skid=1
Round 17/100: count=100033; skid=1
Round 18/100: count=100033; skid=1
Round 19/100: count=100033; skid=1
Round 20/100: count=100033; skid=1
Round 21/100: count=100033; skid=1
Round 22/100: count=100033; skid=1
Round 23/100: count=100033; skid=1
Round 24/100: count=100033; skid=1
Round 25/100: count=100033; skid=1
Round 26/100: count=100033; skid=1
Round 27/100: count=100033; skid=1
Round 28/100: count=100033; skid=1
Round 29/100: count=100033; skid=1
Round 30/100: count=100033; skid=1
Round 31/100: count=100033; skid=1
Round 32/100: count=100033; skid=1
Round 33/100: count=100033; skid=1
Round 34/100: count=100033; skid=1
Round 35/100: count=100033; skid=1
Round 36/100: count=100033; skid=1
Round 37/100: count=100033; skid=1
Round 38/100: count=100033; skid=1
Round 39/100: count=100034; skid=2
Round 40/100: count=100034; skid=2
Round 41/100: count=100034; skid=2
Round 42/100: count=100034; skid=2
Round 43/100: count=100034; skid=2
Round 44/100: count=100033; skid=1
Round 45/100: count=100033; skid=1
Round 46/100: count=100033; skid=1
Round 47/100: count=100033; skid=1
Round 48/100: count=100033; skid=1
Round 49/100: count=100033; skid=1
Round 50/100: count=100033; skid=1
Round 51/100: count=100033; skid=1
Round 52/100: count=100033; skid=1
Round 53/100: count=100033; skid=1
Round 54/100: count=100033; skid=1
Round 55/100: count=100033; skid=1
Round 56/100: count=100033; skid=1
Round 57/100: count=100033; skid=1
Round 58/100: count=100033; skid=1
Round 59/100: count=100033; skid=1
Round 60/100: count=100033; skid=1
Round 61/100: count=100033; skid=1
Round 62/100: count=100033; skid=1
Round 63/100: count=100033; skid=1
Round 64/100: count=100033; skid=1
Round 65/100: count=100033; skid=1
Round 66/100: count=100033; skid=1
Round 67/100: count=100033; skid=1
Round 68/100: count=100033; skid=1
Round 69/100: count=100033; skid=1
Round 70/100: count=100033; skid=1
Round 71/100: count=100033; skid=1
Round 72/100: count=100033; skid=1
Round 73/100: count=100033; skid=1
Round 74/100: count=100033; skid=1
Round 75/100: count=100033; skid=1
Round 76/100: count=100033; skid=1
Round 77/100: count=100033; skid=1
Round 78/100: count=100033; skid=1
Round 79/100: count=100033; skid=1
Round 80/100: count=100033; skid=1
Round 81/100: count=100033; skid=1
Round 82/100: count=100033; skid=1
Round 83/100: count=100033; skid=1
Round 84/100: count=100033; skid=1
Round 85/100: count=100033; skid=1
Round 86/100: count=100033; skid=1
Round 87/100: count=100033; skid=1
Round 88/100: count=100033; skid=1
Round 89/100: count=100033; skid=1
Round 90/100: count=100033; skid=1
Round 91/100: count=100033; skid=1
Round 92/100: count=100033; skid=1
Round 93/100: count=100033; skid=1
Round 94/100: count=100033; skid=1
Round 95/100: count=100033; skid=1
Round 96/100: count=100033; skid=1
Round 97/100: count=100034; skid=2
Round 98/100: count=100034; skid=2
Round 99/100: count=100034; skid=2
Round 100/100: count=100034; skid=2
Complete: 1/1 (100.0%); remaining: 0; elapsed: 1s
Non-deterministic: 1
[32m[+][0m run complete; see /home/mani/dev/Laplace/deterministic/max-skid-experiment/results/b1024-t1-n100032/sep-23-2026-11:12:37/results.md

b1024-t1-n116401
Results: /home/mani/dev/Laplace/deterministic/max-skid-experiment/results/b1024-t1-n116401/sep-23-2026-11:12:40
Workers: [0]; coordinator: 63
br_inst_retired.cond:u on CPU 0; 100 rounds
Overflow threshold: 116401
Round 1/100: count=116414; skid=13
Round 2/100: count=116408; skid=7
Round 3/100: count=116407; skid=6
Round 4/100: count=116415; skid=14
Round 5/100: count=116414; skid=13
Round 6/100: count=116412; skid=11
Round 7/100: count=116414; skid=13
Round 8/100: count=116408; skid=7
Round 9/100: count=116412; skid=11
Round 10/100: count=116407; skid=6
Round 11/100: count=116408; skid=7
Round 12/100: count=116409; skid=8
Round 13/100: count=116415; skid=14
Round 14/100: count=116408; skid=7
Round 15/100: count=116409; skid=8
Round 16/100: count=116415; skid=14
Round 17/100: count=116414; skid=13
Round 18/100: count=116410; skid=9
Round 19/100: count=116414; skid=13
Round 20/100: count=116412; skid=11
Round 21/100: count=116414; skid=13
Round 22/100: count=116414; skid=13
Round 23/100: count=116412; skid=11
Round 24/100: count=116414; skid=13
Round 25/100: count=116414; skid=13
Round 26/100: count=116414; skid=13
Round 27/100: count=116414; skid=13
Round 28/100: count=116415; skid=14
Round 29/100: count=116414; skid=13
Round 30/100: count=116407; skid=6
Round 31/100: count=116412; skid=11
Round 32/100: count=116407; skid=6
Round 33/100: count=116415; skid=14
Round 34/100: count=116408; skid=7
Round 35/100: count=116411; skid=10
Round 36/100: count=116410; skid=9
Round 37/100: count=116408; skid=7
Round 38/100: count=116409; skid=8
Round 39/100: count=116410; skid=9
Round 40/100: count=116414; skid=13
Round 41/100: count=116412; skid=11
Round 42/100: count=116413; skid=12
Round 43/100: count=116411; skid=10
Round 44/100: count=116411; skid=10
Round 45/100: count=116408; skid=7
Round 46/100: count=116407; skid=6
Round 47/100: count=116411; skid=10
Round 48/100: count=116412; skid=11
Round 49/100: count=116411; skid=10
Round 50/100: count=116411; skid=10
Round 51/100: count=116414; skid=13
Round 52/100: count=116408; skid=7
Round 53/100: count=116408; skid=7
Round 54/100: count=116415; skid=14
Round 55/100: count=116412; skid=11
Round 56/100: count=116412; skid=11
Round 57/100: count=116412; skid=11
Round 58/100: count=116409; skid=8
Round 59/100: count=116411; skid=10
Round 60/100: count=116410; skid=9
Round 61/100: count=116412; skid=11
Round 62/100: count=116411; skid=10
Round 63/100: count=116408; skid=7
Round 64/100: count=116412; skid=11
Round 65/100: count=116407; skid=6
Round 66/100: count=116411; skid=10
Round 67/100: count=116408; skid=7
Round 68/100: count=116412; skid=11
Round 69/100: count=116412; skid=11
Round 70/100: count=116414; skid=13
Round 71/100: count=116409; skid=8
Round 72/100: count=116408; skid=7
Round 73/100: count=116413; skid=12
Round 74/100: count=116411; skid=10
Round 75/100: count=116411; skid=10
Round 76/100: count=116412; skid=11
Round 77/100: count=116412; skid=11
Round 78/100: count=116408; skid=7
Round 79/100: count=116411; skid=10
Round 80/100: count=116413; skid=12
Round 81/100: count=116408; skid=7
Round 82/100: count=116407; skid=6
Round 83/100: count=116408; skid=7
Round 84/100: count=116413; skid=12
Round 85/100: count=116411; skid=10
Round 86/100: count=116409; skid=8
Round 87/100: count=116411; skid=10
Round 88/100: count=116411; skid=10
Round 89/100: count=116407; skid=6
Round 90/100: count=116411; skid=10
Round 91/100: count=116412; skid=11
Round 92/100: count=116407; skid=6
Round 93/100: count=116411; skid=10
Round 94/100: count=116414; skid=13
Round 95/100: count=116407; skid=6
Round 96/100: count=116411; skid=10
Round 97/100: count=116408; skid=7
Round 98/100: count=116411; skid=10
Round 99/100: count=116412; skid=11
Round 100/100: count=116414; skid=13
Complete: 1/1 (100.0%); remaining: 0; elapsed: 1s
Non-deterministic: 1
[32m[+][0m run complete; see /home/mani/dev/Laplace/deterministic/max-skid-experiment/results/b1024-t1-n116401/sep-23-2026-11:12:40/results.md

b1024-t1-n116913
Results: /home/mani/dev/Laplace/deterministic/max-skid-experiment/results/b1024-t1-n116913/sep-23-2026-11:12:42
Workers: [0]; coordinator: 63
br_inst_retired.cond:u on CPU 0; 100 rounds
Overflow threshold: 116913
Round 1/100: count=116921; skid=8
Round 2/100: count=116921; skid=8
Round 3/100: count=116920; skid=7
Round 4/100: count=116919; skid=6
Round 5/100: count=116924; skid=11
Round 6/100: count=116918; skid=5
Round 7/100: count=116920; skid=7
Round 8/100: count=116920; skid=7
Round 9/100: count=116919; skid=6
Round 10/100: count=116924; skid=11
Round 11/100: count=116920; skid=7
Round 12/100: count=116921; skid=8
Round 13/100: count=116920; skid=7
Round 14/100: count=116926; skid=13
Round 15/100: count=116926; skid=13
Round 16/100: count=116926; skid=13
Round 17/100: count=116921; skid=8
Round 18/100: count=116921; skid=8
Round 19/100: count=116921; skid=8
Round 20/100: count=116919; skid=6
Round 21/100: count=116919; skid=6
Round 22/100: count=116919; skid=6
Round 23/100: count=116919; skid=6
Round 24/100: count=116925; skid=12
Round 25/100: count=116920; skid=7
Round 26/100: count=116919; skid=6
Round 27/100: count=116919; skid=6
Round 28/100: count=116920; skid=7
Round 29/100: count=116919; skid=6
Round 30/100: count=116920; skid=7
Round 31/100: count=116919; skid=6
Round 32/100: count=116921; skid=8
Round 33/100: count=116925; skid=12
Round 34/100: count=116918; skid=5
Round 35/100: count=116918; skid=5
Round 36/100: count=116923; skid=10
Round 37/100: count=116925; skid=12
Round 38/100: count=116924; skid=11
Round 39/100: count=116919; skid=6
Round 40/100: count=116921; skid=8
Round 41/100: count=116919; skid=6
Round 42/100: count=116919; skid=6
Round 43/100: count=116919; skid=6
Round 44/100: count=116919; skid=6
Round 45/100: count=116921; skid=8
Round 46/100: count=116919; skid=6
Round 47/100: count=116919; skid=6
Round 48/100: count=116921; skid=8
Round 49/100: count=116921; skid=8
Round 50/100: count=116921; skid=8
Round 51/100: count=116923; skid=10
Round 52/100: count=116921; skid=8
Round 53/100: count=116919; skid=6
Round 54/100: count=116925; skid=12
Round 55/100: count=116927; skid=14
Round 56/100: count=116919; skid=6
Round 57/100: count=116925; skid=12
Round 58/100: count=116921; skid=8
Round 59/100: count=116921; skid=8
Round 60/100: count=116919; skid=6
Round 61/100: count=116920; skid=7
Round 62/100: count=116922; skid=9
Round 63/100: count=116921; skid=8
Round 64/100: count=116919; skid=6
Round 65/100: count=116921; skid=8
Round 66/100: count=116918; skid=5
Round 67/100: count=116919; skid=6
Round 68/100: count=116921; skid=8
Round 69/100: count=116921; skid=8
Round 70/100: count=116924; skid=11
Round 71/100: count=116925; skid=12
Round 72/100: count=116919; skid=6
Round 73/100: count=116925; skid=12
Round 74/100: count=116926; skid=13
Round 75/100: count=116925; skid=12
Round 76/100: count=116919; skid=6
Round 77/100: count=116921; skid=8
Round 78/100: count=116921; skid=8
Round 79/100: count=116921; skid=8
Round 80/100: count=116921; skid=8
Round 81/100: count=116918; skid=5
Round 82/100: count=116919; skid=6
Round 83/100: count=116921; skid=8
Round 84/100: count=116921; skid=8
Round 85/100: count=116923; skid=10
Round 86/100: count=116919; skid=6
Round 87/100: count=116920; skid=7
Round 88/100: count=116924; skid=11
Round 89/100: count=116926; skid=13
Round 90/100: count=116918; skid=5
Round 91/100: count=116919; skid=6
Round 92/100: count=116922; skid=9
Round 93/100: count=116926; skid=13
Round 94/100: count=116926; skid=13
Round 95/100: count=116923; skid=10
Round 96/100: count=116921; skid=8
Round 97/100: count=116922; skid=9
Round 98/100: count=116921; skid=8
Round 99/100: count=116921; skid=8
Round 100/100: count=116921; skid=8
Complete: 1/1 (100.0%); remaining: 0; elapsed: 1s
Non-deterministic: 1
[32m[+][0m run complete; see /home/mani/dev/Laplace/deterministic/max-skid-experiment/results/b1024-t1-n116913/sep-23-2026-11:12:42/results.md

b1024-t1-n117424
Results: /home/mani/dev/Laplace/deterministic/max-skid-experiment/results/b1024-t1-n117424/sep-23-2026-11:12:45
Workers: [0]; coordinator: 63
br_inst_retired.cond:u on CPU 0; 100 rounds
Overflow threshold: 117424
Round 1/100: count=117431; skid=7
Round 2/100: count=117434; skid=10
Round 3/100: count=117432; skid=8
Round 4/100: count=117432; skid=8
Round 5/100: count=117431; skid=7
Round 6/100: count=117436; skid=12
Round 7/100: count=117431; skid=7
Round 8/100: count=117433; skid=9
Round 9/100: count=117433; skid=9
Round 10/100: count=117436; skid=12
Round 11/100: count=117433; skid=9
Round 12/100: count=117434; skid=10
Round 13/100: count=117434; skid=10
Round 14/100: count=117437; skid=13
Round 15/100: count=117436; skid=12
Round 16/100: count=117433; skid=9
Round 17/100: count=117432; skid=8
Round 18/100: count=117434; skid=10
Round 19/100: count=117434; skid=10
Round 20/100: count=117438; skid=14
Round 21/100: count=117431; skid=7
Round 22/100: count=117438; skid=14
Round 23/100: count=117437; skid=13
Round 24/100: count=117437; skid=13
Round 25/100: count=117437; skid=13
Round 26/100: count=117433; skid=9
Round 27/100: count=117432; skid=8
Round 28/100: count=117432; skid=8
Round 29/100: count=117435; skid=11
Round 30/100: count=117433; skid=9
Round 31/100: count=117431; skid=7
Round 32/100: count=117436; skid=12
Round 33/100: count=117432; skid=8
Round 34/100: count=117433; skid=9
Round 35/100: count=117434; skid=10
Round 36/100: count=117435; skid=11
Round 37/100: count=117431; skid=7
Round 38/100: count=117434; skid=10
Round 39/100: count=117431; skid=7
Round 40/100: count=117433; skid=9
Round 41/100: count=117433; skid=9
Round 42/100: count=117432; skid=8
Round 43/100: count=117433; skid=9
Round 44/100: count=117434; skid=10
Round 45/100: count=117436; skid=12
Round 46/100: count=117431; skid=7
Round 47/100: count=117434; skid=10
Round 48/100: count=117437; skid=13
Round 49/100: count=117433; skid=9
Round 50/100: count=117436; skid=12
Round 51/100: count=117431; skid=7
Round 52/100: count=117435; skid=11
Round 53/100: count=117438; skid=14
Round 54/100: count=117433; skid=9
Round 55/100: count=117434; skid=10
Round 56/100: count=117433; skid=9
Round 57/100: count=117431; skid=7
Round 58/100: count=117435; skid=11
Round 59/100: count=117432; skid=8
Round 60/100: count=117432; skid=8
Round 61/100: count=117435; skid=11
Round 62/100: count=117432; skid=8
Round 63/100: count=117433; skid=9
Round 64/100: count=117437; skid=13
Round 65/100: count=117435; skid=11
Round 66/100: count=117438; skid=14
Round 67/100: count=117432; skid=8
Round 68/100: count=117434; skid=10
Round 69/100: count=117435; skid=11
Round 70/100: count=117432; skid=8
Round 71/100: count=117431; skid=7
Round 72/100: count=117437; skid=13
Round 73/100: count=117432; skid=8
Round 74/100: count=117433; skid=9
Round 75/100: count=117431; skid=7
Round 76/100: count=117434; skid=10
Round 77/100: count=117431; skid=7
Round 78/100: count=117432; skid=8
Round 79/100: count=117438; skid=14
Round 80/100: count=117437; skid=13
Round 81/100: count=117434; skid=10
Round 82/100: count=117436; skid=12
Round 83/100: count=117434; skid=10
Round 84/100: count=117434; skid=10
Round 85/100: count=117431; skid=7
Round 86/100: count=117434; skid=10
Round 87/100: count=117436; skid=12
Round 88/100: count=117432; skid=8
Round 89/100: count=117433; skid=9
Round 90/100: count=117433; skid=9
Round 91/100: count=117434; skid=10
Round 92/100: count=117431; skid=7
Round 93/100: count=117433; skid=9
Round 94/100: count=117432; skid=8
Round 95/100: count=117433; skid=9
Round 96/100: count=117434; skid=10
Round 97/100: count=117432; skid=8
Round 98/100: count=117434; skid=10
Round 99/100: count=117438; skid=14
Round 100/100: count=117433; skid=9
Complete: 1/1 (100.0%); remaining: 0; elapsed: 1s
Non-deterministic: 1
[32m[+][0m run complete; see /home/mani/dev/Laplace/deterministic/max-skid-experiment/results/b1024-t1-n117424/sep-23-2026-11:12:45/results.md
b1024-t0-n100001	100/100	min=9 max=40 avg=23.40
b1024-t0-n100002	100/100	min=7 max=25 avg=23.55
b1024-t0-n100008	100/100	min=4 max=35 avg=29.02
b1024-t0-n100032	100/100	min=3 max=63 avg=60.17
b1024-t0-n116401	100/100	min=12 max=55 avg=40.27
b1024-t0-n116913	100/100	min=28 max=50 avg=39.97
b1024-t0-n117424	100/100	min=14 max=49 avg=38.20
b1024-t1-n100001	100/100	min=1 max=2 avg=1.63
b1024-t1-n100002	100/100	min=1 max=2 avg=1.64
b1024-t1-n100008	100/100	min=1 max=3 avg=1.95
b1024-t1-n100032	100/100	min=1 max=2 avg=1.09
b1024-t1-n116401	100/100	min=6 max=14 avg=9.97
b1024-t1-n116913	100/100	min=5 max=14 avg=8.17
b1024-t1-n117424	100/100	min=7 max=14 avg=9.72
b256-t0-n100001	100/100	min=8 max=40 avg=24.91
b256-t0-n100002	100/100	min=7 max=39 avg=22.49
b256-t0-n100008	100/100	min=5 max=35 avg=34.28
b256-t0-n100032	100/100	min=6 max=63 avg=61.64
b256-t0-n104113	100/100	min=12 max=57 avg=47.78
b256-t0-n104241	100/100	min=13 max=61 avg=44.05
b256-t0-n104368	100/100	min=14 max=57 avg=41.77
b256-t1-n100001	100/100	min=1 max=4 avg=1.70
b256-t1-n100002	100/100	min=1 max=3 avg=1.67
b256-t1-n100008	100/100	min=1 max=3 avg=2.07
b256-t1-n100032	100/100	min=1 max=3 avg=1.40
b256-t1-n104113	100/100	min=6 max=14 avg=9.49
b256-t1-n104241	100/100	min=5 max=14 avg=9.10
b256-t1-n104368	100/100	min=7 max=14 avg=10.09
b64-t0-n100001	100/100	min=9 max=26 avg=24.31
b64-t0-n100002	100/100	min=8 max=25 avg=24.58
b64-t0-n100008	100/100	min=2 max=35 avg=33.01
b64-t0-n100032	100/100	min=33 max=33 avg=33.00
b64-t0-n101041	100/100	min=9 max=50 avg=45.66
b64-t0-n101073	100/100	min=44 max=45 avg=44.28
b64-t0-n101104	100/100	min=44 max=45 avg=44.34
b64-t1-n100001	100/100	min=1 max=2 avg=1.71
b64-t1-n100002	100/100	min=1 max=3 avg=1.79
b64-t1-n100008	100/100	min=1 max=3 avg=2.39
b64-t1-n100032	100/100	min=1 max=2 avg=1.06
b64-t1-n101041	100/100	min=6 max=14 avg=9.17
b64-t1-n101073	100/100	min=5 max=14 avg=7.68
b64-t1-n101104	100/100	min=7 max=15 avg=9.69
Largest observed skid: 63 in b1024-t0-n100032, round 12, stop IP 0x40118f
Result file: /home/mani/dev/Laplace/deterministic/max-skid-experiment/results/b1024-t0-n100032/sep-23-2026-11:11:45/workers/cpu0/results.jsonl
