event	round	count	exit
el-capacity:u	1	0	0
el-capacity:u	2	0	0
el-capacity:u	3	0	0
el-capacity:u	4	0	0
el-capacity:u	5	0	0
el-capacity:u	6	0	0
el-capacity:u	7	0	0
el-capacity:u	8	0	0
el-capacity:u	9	0	0
el-capacity:u	10	0	0
el-capacity:u	11	0	0
el-capacity:u	12	0	0
el-capacity:u	13	0	0
el-capacity:u	14	0	0
el-capacity:u	15	0	0
el-capacity:u	16	0	0
el-capacity:u	17	0	0
el-capacity:u	18	0	0
el-capacity:u	19	0	0
el-capacity:u	20	0	0
el-capacity:u	21	0	0
el-capacity:u	22	0	0
el-capacity:u	23	0	0
el-capacity:u	24	0	0
el-capacity:u	25	0	0
el-capacity:u	26	0	0
el-capacity:u	27	0	0
el-capacity:u	28	0	0
el-capacity:u	29	0	0
el-capacity:u	30	0	0
el-capacity:u	31	0	0
el-capacity:u	32	0	0
el-capacity:u	33	0	0
el-capacity:u	34	0	0
el-capacity:u	35	0	0
el-capacity:u	36	0	0
el-capacity:u	37	0	0
el-capacity:u	38	0	0
el-capacity:u	39	0	0
el-capacity:u	40	0	0
el-capacity:u	41	0	0
el-capacity:u	42	0	0
el-capacity:u	43	0	0
el-capacity:u	44	0	0
el-capacity:u	45	0	0
el-capacity:u	46	0	0
el-capacity:u	47	0	0
el-capacity:u	48	0	0
el-capacity:u	49	0	0
el-capacity:u	50	0	0
el-capacity:u	51	0	0
el-capacity:u	52	0	0
el-capacity:u	53	0	0
el-capacity:u	54	0	0
el-capacity:u	55	0	0
el-capacity:u	56	0	0
el-capacity:u	57	0	0
el-capacity:u	58	0	0
el-capacity:u	59	0	0
el-capacity:u	60	0	0
el-capacity:u	61	0	0
el-capacity:u	62	0	0
el-capacity:u	63	0	0
el-capacity:u	64	0	0
el-capacity:u	65	0	0
el-capacity:u	66	0	0
el-capacity:u	67	0	0
el-capacity:u	68	0	0
el-capacity:u	69	0	0
el-capacity:u	70	0	0
el-capacity:u	71	0	0
el-capacity:u	72	0	0
el-capacity:u	73	0	0
el-capacity:u	74	0	0
el-capacity:u	75	0	0
el-capacity:u	76	0	0
el-capacity:u	77	0	0
el-capacity:u	78	0	0
el-capacity:u	79	0	0
el-capacity:u	80	0	0
el-capacity:u	81	0	0
el-capacity:u	82	0	0
el-capacity:u	83	0	0
el-capacity:u	84	0	0
el-capacity:u	85	0	0
el-capacity:u	86	0	0
el-capacity:u	87	0	0
el-capacity:u	88	0	0
el-capacity:u	89	0	0
el-capacity:u	90	0	0
el-capacity:u	91	0	0
el-capacity:u	92	0	0
el-capacity:u	93	0	0
el-capacity:u	94	0	0
el-capacity:u	95	0	0
el-capacity:u	96	0	0
el-capacity:u	97	0	0
el-capacity:u	98	0	0
el-capacity:u	99	0	0
el-capacity:u	100	0	0
el-capacity:u	101	0	0
el-capacity:u	102	0	0
el-capacity:u	103	0	0
el-capacity:u	104	0	0
el-capacity:u	105	0	0
el-capacity:u	106	0	0
el-capacity:u	107	0	0
el-capacity:u	108	0	0
el-capacity:u	109	0	0
el-capacity:u	110	0	0
el-capacity:u	111	0	0
el-capacity:u	112	0	0
el-capacity:u	113	0	0
el-capacity:u	114	0	0
el-capacity:u	115	0	0
el-capacity:u	116	0	0
el-capacity:u	117	0	0
el-capacity:u	118	0	0
el-capacity:u	119	0	0
el-capacity:u	120	0	0
el-capacity:u	121	0	0
el-capacity:u	122	0	0
el-capacity:u	123	0	0
el-capacity:u	124	0	0
el-capacity:u	125	0	0
el-capacity:u	126	0	0
el-capacity:u	127	0	0
el-capacity:u	128	0	0
el-capacity:u	129	0	0
el-capacity:u	130	0	0
el-capacity:u	131	0	0
el-capacity:u	132	0	0
el-capacity:u	133	0	0
el-capacity:u	134	0	0
el-capacity:u	135	0	0
el-capacity:u	136	0	0
el-capacity:u	137	0	0
el-capacity:u	138	0	0
el-capacity:u	139	0	0
el-capacity:u	140	0	0
el-capacity:u	141	0	0
el-capacity:u	142	0	0
el-capacity:u	143	0	0
el-capacity:u	144	0	0
el-capacity:u	145	0	0
el-capacity:u	146	0	0
el-capacity:u	147	0	0
el-capacity:u	148	0	0
el-capacity:u	149	0	0
el-capacity:u	150	0	0
el-capacity:u	151	0	0
el-capacity:u	152	0	0
el-capacity:u	153	0	0
el-capacity:u	154	0	0
el-capacity:u	155	0	0
el-capacity:u	156	0	0
el-capacity:u	157	0	0
el-capacity:u	158	0	0
el-capacity:u	159	0	0
el-capacity:u	160	0	0
el-capacity:u	161	0	0
el-capacity:u	162	0	0
el-capacity:u	163	0	0
el-capacity:u	164	0	0
el-capacity:u	165	0	0
el-capacity:u	166	0	0
el-capacity:u	167	0	0
el-capacity:u	168	0	0
el-capacity:u	169	0	0
el-capacity:u	170	0	0
el-capacity:u	171	0	0
el-capacity:u	172	0	0
el-capacity:u	173	0	0
el-capacity:u	174	0	0
el-capacity:u	175	0	0
el-capacity:u	176	0	0
el-capacity:u	177	0	0
el-capacity:u	178	0	0
el-capacity:u	179	0	0
el-capacity:u	180	0	0
el-capacity:u	181	0	0
el-capacity:u	182	0	0
el-capacity:u	183	0	0
el-capacity:u	184	0	0
el-capacity:u	185	0	0
el-capacity:u	186	0	0
el-capacity:u	187	0	0
el-capacity:u	188	0	0
el-capacity:u	189	0	0
el-capacity:u	190	0	0
el-capacity:u	191	0	0
el-capacity:u	192	0	0
el-capacity:u	193	0	0
el-capacity:u	194	0	0
el-capacity:u	195	0	0
el-capacity:u	196	0	0
el-capacity:u	197	0	0
el-capacity:u	198	0	0
el-capacity:u	199	0	0
el-capacity:u	200	0	0
el-capacity:u	201	0	0
el-capacity:u	202	0	0
el-capacity:u	203	0	0
el-capacity:u	204	0	0
el-capacity:u	205	0	0
el-capacity:u	206	0	0
el-capacity:u	207	0	0
el-capacity:u	208	0	0
el-capacity:u	209	0	0
el-capacity:u	210	0	0
el-capacity:u	211	0	0
el-capacity:u	212	0	0
el-capacity:u	213	0	0
el-capacity:u	214	0	0
el-capacity:u	215	0	0
el-capacity:u	216	0	0
el-capacity:u	217	0	0
el-capacity:u	218	0	0
el-capacity:u	219	0	0
el-capacity:u	220	0	0
el-capacity:u	221	0	0
el-capacity:u	222	0	0
el-capacity:u	223	0	0
el-capacity:u	224	0	0
el-capacity:u	225	0	0
el-capacity:u	226	0	0
el-capacity:u	227	0	0
el-capacity:u	228	0	0
el-capacity:u	229	0	0
el-capacity:u	230	0	0
el-capacity:u	231	0	0
el-capacity:u	232	0	0
el-capacity:u	233	0	0
el-capacity:u	234	0	0
el-capacity:u	235	0	0
el-capacity:u	236	0	0
el-capacity:u	237	0	0
el-capacity:u	238	0	0
el-capacity:u	239	0	0
el-capacity:u	240	0	0
el-capacity:u	241	0	0
el-capacity:u	242	0	0
el-capacity:u	243	0	0
el-capacity:u	244	0	0
el-capacity:u	245	0	0
el-capacity:u	246	0	0
el-capacity:u	247	0	0
el-capacity:u	248	0	0
el-capacity:u	249	0	0
el-capacity:u	250	0	0
el-capacity:u	251	0	0
el-capacity:u	252	0	0
el-capacity:u	253	0	0
el-capacity:u	254	0	0
el-capacity:u	255	0	0
el-capacity:u	256	0	0
el-capacity:u	257	0	0
el-capacity:u	258	0	0
el-capacity:u	259	0	0
el-capacity:u	260	0	0
el-capacity:u	261	0	0
el-capacity:u	262	0	0
el-capacity:u	263	0	0
el-capacity:u	264	0	0
el-capacity:u	265	0	0
el-capacity:u	266	0	0
el-capacity:u	267	0	0
el-capacity:u	268	0	0
el-capacity:u	269	0	0
el-capacity:u	270	0	0
el-capacity:u	271	0	0
el-capacity:u	272	0	0
el-capacity:u	273	0	0
el-capacity:u	274	0	0
el-capacity:u	275	0	0
el-capacity:u	276	0	0
el-capacity:u	277	0	0
el-capacity:u	278	0	0
el-capacity:u	279	0	0
el-capacity:u	280	0	0
el-capacity:u	281	0	0
el-capacity:u	282	0	0
el-capacity:u	283	0	0
el-capacity:u	284	0	0
el-capacity:u	285	0	0
el-capacity:u	286	0	0
el-capacity:u	287	0	0
el-capacity:u	288	0	0
el-capacity:u	289	0	0
el-capacity:u	290	0	0
el-capacity:u	291	0	0
el-capacity:u	292	0	0
el-capacity:u	293	0	0
el-capacity:u	294	0	0
el-capacity:u	295	0	0
el-capacity:u	296	0	0
el-capacity:u	297	0	0
el-capacity:u	298	0	0
el-capacity:u	299	0	0
el-capacity:u	300	0	0
el-capacity:u	301	0	0
el-capacity:u	302	0	0
el-capacity:u	303	0	0
el-capacity:u	304	0	0
el-capacity:u	305	0	0
el-capacity:u	306	0	0
el-capacity:u	307	0	0
el-capacity:u	308	0	0
el-capacity:u	309	0	0
el-capacity:u	310	0	0
el-capacity:u	311	0	0
el-capacity:u	312	0	0
el-capacity:u	313	0	0
el-capacity:u	314	0	0
el-capacity:u	315	0	0
el-capacity:u	316	0	0
el-capacity:u	317	0	0
el-capacity:u	318	0	0
el-capacity:u	319	0	0
el-capacity:u	320	0	0
el-capacity:u	321	0	0
el-capacity:u	322	0	0
el-capacity:u	323	0	0
el-capacity:u	324	0	0
el-capacity:u	325	0	0
el-capacity:u	326	0	0
el-capacity:u	327	0	0
el-capacity:u	328	0	0
el-capacity:u	329	0	0
el-capacity:u	330	0	0
el-capacity:u	331	0	0
el-capacity:u	332	0	0
el-capacity:u	333	0	0
el-capacity:u	334	0	0
el-capacity:u	335	0	0
el-capacity:u	336	0	0
el-capacity:u	337	0	0
el-capacity:u	338	0	0
el-capacity:u	339	0	0
el-capacity:u	340	0	0
el-capacity:u	341	0	0
el-capacity:u	342	0	0
el-capacity:u	343	0	0
el-capacity:u	344	0	0
el-capacity:u	345	0	0
el-capacity:u	346	0	0
el-capacity:u	347	0	0
el-capacity:u	348	0	0
el-capacity:u	349	0	0
el-capacity:u	350	0	0
el-capacity:u	351	0	0
el-capacity:u	352	0	0
el-capacity:u	353	0	0
el-capacity:u	354	0	0
el-capacity:u	355	0	0
el-capacity:u	356	0	0
el-capacity:u	357	0	0
el-capacity:u	358	0	0
el-capacity:u	359	0	0
el-capacity:u	360	0	0
el-capacity:u	361	0	0
el-capacity:u	362	0	0
el-capacity:u	363	0	0
el-capacity:u	364	0	0
el-capacity:u	365	0	0
el-capacity:u	366	0	0
el-capacity:u	367	0	0
el-capacity:u	368	0	0
el-capacity:u	369	0	0
el-capacity:u	370	0	0
el-capacity:u	371	0	0
el-capacity:u	372	0	0
el-capacity:u	373	0	0
el-capacity:u	374	0	0
el-capacity:u	375	0	0
el-capacity:u	376	0	0
el-capacity:u	377	0	0
el-capacity:u	378	0	0
el-capacity:u	379	0	0
el-capacity:u	380	0	0
el-capacity:u	381	0	0
el-capacity:u	382	0	0
el-capacity:u	383	0	0
el-capacity:u	384	0	0
el-capacity:u	385	0	0
el-capacity:u	386	0	0
el-capacity:u	387	0	0
el-capacity:u	388	0	0
el-capacity:u	389	0	0
el-capacity:u	390	0	0
el-capacity:u	391	0	0
el-capacity:u	392	0	0
el-capacity:u	393	0	0
el-capacity:u	394	0	0
el-capacity:u	395	0	0
el-capacity:u	396	0	0
el-capacity:u	397	0	0
el-capacity:u	398	0	0
el-capacity:u	399	0	0
el-capacity:u	400	0	0
el-capacity:u	401	0	0
el-capacity:u	402	0	0
el-capacity:u	403	0	0
el-capacity:u	404	0	0
el-capacity:u	405	0	0
el-capacity:u	406	0	0
el-capacity:u	407	0	0
el-capacity:u	408	0	0
el-capacity:u	409	0	0
el-capacity:u	410	0	0
el-capacity:u	411	0	0
el-capacity:u	412	0	0
el-capacity:u	413	0	0
el-capacity:u	414	0	0
el-capacity:u	415	0	0
el-capacity:u	416	0	0
el-capacity:u	417	0	0
el-capacity:u	418	0	0
el-capacity:u	419	0	0
el-capacity:u	420	0	0
el-capacity:u	421	0	0
el-capacity:u	422	0	0
el-capacity:u	423	0	0
el-capacity:u	424	0	0
el-capacity:u	425	0	0
el-capacity:u	426	0	0
el-capacity:u	427	0	0
el-capacity:u	428	0	0
el-capacity:u	429	0	0
el-capacity:u	430	0	0
el-capacity:u	431	0	0
el-capacity:u	432	0	0
el-capacity:u	433	0	0
el-capacity:u	434	0	0
el-capacity:u	435	0	0
el-capacity:u	436	0	0
el-capacity:u	437	0	0
el-capacity:u	438	0	0
el-capacity:u	439	0	0
el-capacity:u	440	0	0
el-capacity:u	441	0	0
el-capacity:u	442	0	0
el-capacity:u	443	0	0
el-capacity:u	444	0	0
el-capacity:u	445	0	0
el-capacity:u	446	0	0
el-capacity:u	447	0	0
el-capacity:u	448	0	0
el-capacity:u	449	0	0
el-capacity:u	450	0	0
el-capacity:u	451	0	0
el-capacity:u	452	0	0
el-capacity:u	453	0	0
el-capacity:u	454	0	0
el-capacity:u	455	0	0
el-capacity:u	456	0	0
el-capacity:u	457	0	0
el-capacity:u	458	0	0
el-capacity:u	459	0	0
el-capacity:u	460	0	0
el-capacity:u	461	0	0
el-capacity:u	462	0	0
el-capacity:u	463	0	0
el-capacity:u	464	0	0
el-capacity:u	465	0	0
el-capacity:u	466	0	0
el-capacity:u	467	0	0
el-capacity:u	468	0	0
el-capacity:u	469	0	0
el-capacity:u	470	0	0
el-capacity:u	471	0	0
el-capacity:u	472	0	0
el-capacity:u	473	0	0
el-capacity:u	474	0	0
el-capacity:u	475	0	0
el-capacity:u	476	0	0
el-capacity:u	477	0	0
el-capacity:u	478	0	0
el-capacity:u	479	0	0
el-capacity:u	480	0	0
el-capacity:u	481	0	0
el-capacity:u	482	0	0
el-capacity:u	483	0	0
el-capacity:u	484	0	0
el-capacity:u	485	0	0
el-capacity:u	486	0	0
el-capacity:u	487	0	0
el-capacity:u	488	0	0
el-capacity:u	489	0	0
el-capacity:u	490	0	0
el-capacity:u	491	0	0
el-capacity:u	492	0	0
el-capacity:u	493	0	0
el-capacity:u	494	0	0
el-capacity:u	495	0	0
el-capacity:u	496	0	0
el-capacity:u	497	0	0
el-capacity:u	498	0	0
el-capacity:u	499	0	0
el-capacity:u	500	0	0
el-capacity:u	501	0	0
el-capacity:u	502	0	0
el-capacity:u	503	0	0
el-capacity:u	504	0	0
el-capacity:u	505	0	0
el-capacity:u	506	0	0
el-capacity:u	507	0	0
el-capacity:u	508	0	0
el-capacity:u	509	0	0
el-capacity:u	510	0	0
el-capacity:u	511	0	0
el-capacity:u	512	0	0
el-capacity:u	513	0	0
el-capacity:u	514	0	0
el-capacity:u	515	0	0
el-capacity:u	516	0	0
el-capacity:u	517	0	0
el-capacity:u	518	0	0
el-capacity:u	519	0	0
el-capacity:u	520	0	0
el-capacity:u	521	0	0
el-capacity:u	522	0	0
el-capacity:u	523	0	0
el-capacity:u	524	0	0
el-capacity:u	525	0	0
el-capacity:u	526	0	0
el-capacity:u	527	0	0
el-capacity:u	528	0	0
el-capacity:u	529	0	0
el-capacity:u	530	0	0
el-capacity:u	531	0	0
el-capacity:u	532	0	0
el-capacity:u	533	0	0
el-capacity:u	534	0	0
el-capacity:u	535	0	0
el-capacity:u	536	0	0
el-capacity:u	537	0	0
el-capacity:u	538	0	0
el-capacity:u	539	0	0
el-capacity:u	540	0	0
el-capacity:u	541	0	0
el-capacity:u	542	0	0
el-capacity:u	543	0	0
el-capacity:u	544	0	0
el-capacity:u	545	0	0
el-capacity:u	546	0	0
el-capacity:u	547	0	0
el-capacity:u	548	0	0
el-capacity:u	549	0	0
el-capacity:u	550	0	0
el-capacity:u	551	0	0
el-capacity:u	552	0	0
el-capacity:u	553	0	0
el-capacity:u	554	0	0
el-capacity:u	555	0	0
el-capacity:u	556	0	0
el-capacity:u	557	0	0
el-capacity:u	558	0	0
el-capacity:u	559	0	0
el-capacity:u	560	0	0
el-capacity:u	561	0	0
el-capacity:u	562	0	0
el-capacity:u	563	0	0
el-capacity:u	564	0	0
el-capacity:u	565	0	0
el-capacity:u	566	0	0
el-capacity:u	567	0	0
el-capacity:u	568	0	0
el-capacity:u	569	0	0
el-capacity:u	570	0	0
el-capacity:u	571	0	0
el-capacity:u	572	0	0
el-capacity:u	573	0	0
el-capacity:u	574	0	0
el-capacity:u	575	0	0
el-capacity:u	576	0	0
el-capacity:u	577	0	0
el-capacity:u	578	0	0
el-capacity:u	579	0	0
el-capacity:u	580	0	0
el-capacity:u	581	0	0
el-capacity:u	582	0	0
el-capacity:u	583	0	0
el-capacity:u	584	0	0
el-capacity:u	585	0	0
el-capacity:u	586	0	0
el-capacity:u	587	0	0
el-capacity:u	588	0	0
el-capacity:u	589	0	0
el-capacity:u	590	0	0
el-capacity:u	591	0	0
el-capacity:u	592	0	0
el-capacity:u	593	0	0
el-capacity:u	594	0	0
el-capacity:u	595	0	0
el-capacity:u	596	0	0
el-capacity:u	597	0	0
el-capacity:u	598	0	0
el-capacity:u	599	0	0
el-capacity:u	600	0	0
el-capacity:u	601	0	0
el-capacity:u	602	0	0
el-capacity:u	603	0	0
el-capacity:u	604	0	0
el-capacity:u	605	0	0
el-capacity:u	606	0	0
el-capacity:u	607	0	0
el-capacity:u	608	0	0
el-capacity:u	609	0	0
el-capacity:u	610	0	0
el-capacity:u	611	0	0
el-capacity:u	612	0	0
el-capacity:u	613	0	0
el-capacity:u	614	0	0
el-capacity:u	615	0	0
el-capacity:u	616	0	0
el-capacity:u	617	0	0
el-capacity:u	618	0	0
el-capacity:u	619	0	0
el-capacity:u	620	0	0
el-capacity:u	621	0	0
el-capacity:u	622	0	0
el-capacity:u	623	0	0
el-capacity:u	624	0	0
el-capacity:u	625	0	0
el-capacity:u	626	0	0
el-capacity:u	627	0	0
el-capacity:u	628	0	0
el-capacity:u	629	0	0
el-capacity:u	630	0	0
el-capacity:u	631	0	0
el-capacity:u	632	0	0
el-capacity:u	633	0	0
el-capacity:u	634	0	0
el-capacity:u	635	0	0
el-capacity:u	636	0	0
el-capacity:u	637	0	0
el-capacity:u	638	0	0
el-capacity:u	639	0	0
el-capacity:u	640	0	0
el-capacity:u	641	0	0
el-capacity:u	642	0	0
el-capacity:u	643	0	0
el-capacity:u	644	0	0
el-capacity:u	645	0	0
el-capacity:u	646	0	0
el-capacity:u	647	0	0
el-capacity:u	648	0	0
el-capacity:u	649	0	0
el-capacity:u	650	0	0
el-capacity:u	651	0	0
el-capacity:u	652	0	0
el-capacity:u	653	0	0
el-capacity:u	654	0	0
el-capacity:u	655	0	0
el-capacity:u	656	0	0
el-capacity:u	657	0	0
el-capacity:u	658	0	0
el-capacity:u	659	0	0
el-capacity:u	660	0	0
el-capacity:u	661	0	0
el-capacity:u	662	0	0
el-capacity:u	663	0	0
el-capacity:u	664	0	0
el-capacity:u	665	0	0
el-capacity:u	666	0	0
el-capacity:u	667	0	0
el-capacity:u	668	0	0
el-capacity:u	669	0	0
el-capacity:u	670	0	0
el-capacity:u	671	0	0
el-capacity:u	672	0	0
el-capacity:u	673	0	0
el-capacity:u	674	0	0
el-capacity:u	675	0	0
el-capacity:u	676	0	0
el-capacity:u	677	0	0
el-capacity:u	678	0	0
el-capacity:u	679	0	0
el-capacity:u	680	0	0
el-capacity:u	681	0	0
el-capacity:u	682	0	0
el-capacity:u	683	0	0
el-capacity:u	684	0	0
el-capacity:u	685	0	0
el-capacity:u	686	0	0
el-capacity:u	687	0	0
el-capacity:u	688	0	0
el-capacity:u	689	0	0
el-capacity:u	690	0	0
el-capacity:u	691	0	0
el-capacity:u	692	0	0
el-capacity:u	693	0	0
el-capacity:u	694	0	0
el-capacity:u	695	0	0
el-capacity:u	696	0	0
el-capacity:u	697	0	0
el-capacity:u	698	0	0
el-capacity:u	699	0	0
el-capacity:u	700	0	0
el-capacity:u	701	0	0
el-capacity:u	702	0	0
el-capacity:u	703	0	0
el-capacity:u	704	0	0
el-capacity:u	705	0	0
el-capacity:u	706	0	0
el-capacity:u	707	0	0
el-capacity:u	708	0	0
el-capacity:u	709	0	0
el-capacity:u	710	0	0
el-capacity:u	711	0	0
el-capacity:u	712	0	0
el-capacity:u	713	0	0
el-capacity:u	714	0	0
el-capacity:u	715	0	0
el-capacity:u	716	0	0
el-capacity:u	717	0	0
el-capacity:u	718	0	0
el-capacity:u	719	0	0
el-capacity:u	720	0	0
el-capacity:u	721	0	0
el-capacity:u	722	0	0
el-capacity:u	723	0	0
el-capacity:u	724	0	0
el-capacity:u	725	0	0
el-capacity:u	726	0	0
el-capacity:u	727	0	0
el-capacity:u	728	0	0
el-capacity:u	729	0	0
el-capacity:u	730	0	0
el-capacity:u	731	0	0
el-capacity:u	732	0	0
el-capacity:u	733	0	0
el-capacity:u	734	0	0
el-capacity:u	735	0	0
el-capacity:u	736	0	0
el-capacity:u	737	0	0
el-capacity:u	738	0	0
el-capacity:u	739	0	0
el-capacity:u	740	0	0
el-capacity:u	741	0	0
el-capacity:u	742	0	0
el-capacity:u	743	0	0
el-capacity:u	744	0	0
el-capacity:u	745	0	0
el-capacity:u	746	0	0
el-capacity:u	747	0	0
el-capacity:u	748	0	0
el-capacity:u	749	0	0
el-capacity:u	750	0	0
el-capacity:u	751	0	0
el-capacity:u	752	0	0
el-capacity:u	753	0	0
el-capacity:u	754	0	0
el-capacity:u	755	0	0
el-capacity:u	756	0	0
el-capacity:u	757	0	0
el-capacity:u	758	0	0
el-capacity:u	759	0	0
el-capacity:u	760	0	0
el-capacity:u	761	0	0
el-capacity:u	762	0	0
el-capacity:u	763	0	0
el-capacity:u	764	0	0
el-capacity:u	765	0	0
el-capacity:u	766	0	0
el-capacity:u	767	0	0
el-capacity:u	768	0	0
el-capacity:u	769	0	0
el-capacity:u	770	0	0
el-capacity:u	771	0	0
el-capacity:u	772	0	0
el-capacity:u	773	0	0
el-capacity:u	774	0	0
el-capacity:u	775	0	0
el-capacity:u	776	0	0
el-capacity:u	777	0	0
el-capacity:u	778	0	0
el-capacity:u	779	0	0
el-capacity:u	780	0	0
el-capacity:u	781	0	0
el-capacity:u	782	0	0
el-capacity:u	783	0	0
el-capacity:u	784	0	0
el-capacity:u	785	0	0
el-capacity:u	786	0	0
el-capacity:u	787	0	0
el-capacity:u	788	0	0
el-capacity:u	789	0	0
el-capacity:u	790	0	0
el-capacity:u	791	0	0
el-capacity:u	792	0	0
el-capacity:u	793	0	0
el-capacity:u	794	0	0
el-capacity:u	795	0	0
el-capacity:u	796	0	0
el-capacity:u	797	0	0
el-capacity:u	798	0	0
el-capacity:u	799	0	0
el-capacity:u	800	0	0
el-capacity:u	801	0	0
el-capacity:u	802	0	0
el-capacity:u	803	0	0
el-capacity:u	804	0	0
el-capacity:u	805	0	0
el-capacity:u	806	0	0
el-capacity:u	807	0	0
el-capacity:u	808	0	0
el-capacity:u	809	0	0
el-capacity:u	810	0	0
el-capacity:u	811	0	0
el-capacity:u	812	0	0
el-capacity:u	813	0	0
el-capacity:u	814	0	0
el-capacity:u	815	0	0
el-capacity:u	816	0	0
el-capacity:u	817	0	0
el-capacity:u	818	0	0
el-capacity:u	819	0	0
el-capacity:u	820	0	0
el-capacity:u	821	0	0
el-capacity:u	822	0	0
el-capacity:u	823	0	0
el-capacity:u	824	0	0
el-capacity:u	825	0	0
el-capacity:u	826	0	0
el-capacity:u	827	0	0
el-capacity:u	828	0	0
el-capacity:u	829	0	0
el-capacity:u	830	0	0
el-capacity:u	831	0	0
el-capacity:u	832	0	0
el-capacity:u	833	0	0
el-capacity:u	834	0	0
el-capacity:u	835	0	0
el-capacity:u	836	0	0
el-capacity:u	837	0	0
el-capacity:u	838	0	0
el-capacity:u	839	0	0
el-capacity:u	840	0	0
el-capacity:u	841	0	0
el-capacity:u	842	0	0
el-capacity:u	843	0	0
el-capacity:u	844	0	0
el-capacity:u	845	0	0
el-capacity:u	846	0	0
el-capacity:u	847	0	0
el-capacity:u	848	0	0
el-capacity:u	849	0	0
el-capacity:u	850	0	0
el-capacity:u	851	0	0
el-capacity:u	852	0	0
el-capacity:u	853	0	0
el-capacity:u	854	0	0
el-capacity:u	855	0	0
el-capacity:u	856	0	0
el-capacity:u	857	0	0
el-capacity:u	858	0	0
el-capacity:u	859	0	0
el-capacity:u	860	0	0
el-capacity:u	861	0	0
el-capacity:u	862	0	0
el-capacity:u	863	0	0
el-capacity:u	864	0	0
el-capacity:u	865	0	0
el-capacity:u	866	0	0
el-capacity:u	867	0	0
el-capacity:u	868	0	0
el-capacity:u	869	0	0
el-capacity:u	870	0	0
el-capacity:u	871	0	0
el-capacity:u	872	0	0
el-capacity:u	873	0	0
el-capacity:u	874	0	0
el-capacity:u	875	0	0
el-capacity:u	876	0	0
el-capacity:u	877	0	0
el-capacity:u	878	0	0
el-capacity:u	879	0	0
el-capacity:u	880	0	0
el-capacity:u	881	0	0
el-capacity:u	882	0	0
el-capacity:u	883	0	0
el-capacity:u	884	0	0
el-capacity:u	885	0	0
el-capacity:u	886	0	0
el-capacity:u	887	0	0
el-capacity:u	888	0	0
el-capacity:u	889	0	0
el-capacity:u	890	0	0
el-capacity:u	891	0	0
el-capacity:u	892	0	0
el-capacity:u	893	0	0
el-capacity:u	894	0	0
el-capacity:u	895	0	0
el-capacity:u	896	0	0
el-capacity:u	897	0	0
el-capacity:u	898	0	0
el-capacity:u	899	0	0
el-capacity:u	900	0	0
el-capacity:u	901	0	0
el-capacity:u	902	0	0
el-capacity:u	903	0	0
el-capacity:u	904	0	0
el-capacity:u	905	0	0
el-capacity:u	906	0	0
el-capacity:u	907	0	0
el-capacity:u	908	0	0
el-capacity:u	909	0	0
el-capacity:u	910	0	0
el-capacity:u	911	0	0
el-capacity:u	912	0	0
el-capacity:u	913	0	0
el-capacity:u	914	0	0
el-capacity:u	915	0	0
el-capacity:u	916	0	0
el-capacity:u	917	0	0
el-capacity:u	918	0	0
el-capacity:u	919	0	0
el-capacity:u	920	0	0
el-capacity:u	921	0	0
el-capacity:u	922	0	0
el-capacity:u	923	0	0
el-capacity:u	924	0	0
el-capacity:u	925	0	0
el-capacity:u	926	0	0
el-capacity:u	927	0	0
el-capacity:u	928	0	0
el-capacity:u	929	0	0
el-capacity:u	930	0	0
el-capacity:u	931	0	0
el-capacity:u	932	0	0
el-capacity:u	933	0	0
el-capacity:u	934	0	0
el-capacity:u	935	0	0
el-capacity:u	936	0	0
el-capacity:u	937	0	0
el-capacity:u	938	0	0
el-capacity:u	939	0	0
el-capacity:u	940	0	0
el-capacity:u	941	0	0
el-capacity:u	942	0	0
el-capacity:u	943	0	0
el-capacity:u	944	0	0
el-capacity:u	945	0	0
el-capacity:u	946	0	0
el-capacity:u	947	0	0
el-capacity:u	948	0	0
el-capacity:u	949	0	0
el-capacity:u	950	0	0
el-capacity:u	951	0	0
el-capacity:u	952	0	0
el-capacity:u	953	0	0
el-capacity:u	954	0	0
el-capacity:u	955	0	0
el-capacity:u	956	0	0
el-capacity:u	957	0	0
el-capacity:u	958	0	0
el-capacity:u	959	0	0
el-capacity:u	960	0	0
el-capacity:u	961	0	0
el-capacity:u	962	0	0
el-capacity:u	963	0	0
el-capacity:u	964	0	0
el-capacity:u	965	0	0
el-capacity:u	966	0	0
el-capacity:u	967	0	0
el-capacity:u	968	0	0
el-capacity:u	969	0	0
el-capacity:u	970	0	0
el-capacity:u	971	0	0
el-capacity:u	972	0	0
el-capacity:u	973	0	0
el-capacity:u	974	0	0
el-capacity:u	975	0	0
el-capacity:u	976	0	0
el-capacity:u	977	0	0
el-capacity:u	978	0	0
el-capacity:u	979	0	0
el-capacity:u	980	0	0
el-capacity:u	981	0	0
el-capacity:u	982	0	0
el-capacity:u	983	0	0
el-capacity:u	984	0	0
el-capacity:u	985	0	0
el-capacity:u	986	0	0
el-capacity:u	987	0	0
el-capacity:u	988	0	0
el-capacity:u	989	0	0
el-capacity:u	990	0	0
el-capacity:u	991	0	0
el-capacity:u	992	0	0
el-capacity:u	993	0	0
el-capacity:u	994	0	0
el-capacity:u	995	0	0
el-capacity:u	996	0	0
el-capacity:u	997	0	0
el-capacity:u	998	0	0
el-capacity:u	999	0	0
el-capacity:u	1000	0	0
l1d_pend_miss.pending:u	1	185332692	0
l1d_pend_miss.pending:u	2	184785888	0
l2_rqsts.pf_miss:u	1	24811	0
l2_rqsts.pf_miss:u	2	22164	0
mem_load_l3_miss_retired.local_dram:u	1	274998	0
mem_load_l3_miss_retired.local_dram:u	2	285805	0
fp_arith_inst_retired.256b_packed_double:u	1	0	0
fp_arith_inst_retired.256b_packed_double:u	2	0	0
fp_arith_inst_retired.256b_packed_double:u	3	0	0
fp_arith_inst_retired.256b_packed_double:u	4	0	0
fp_arith_inst_retired.256b_packed_double:u	5	0	0
fp_arith_inst_retired.256b_packed_double:u	6	0	0
fp_arith_inst_retired.256b_packed_double:u	7	0	0
fp_arith_inst_retired.256b_packed_double:u	8	0	0
fp_arith_inst_retired.256b_packed_double:u	9	0	0
fp_arith_inst_retired.256b_packed_double:u	10	0	0
fp_arith_inst_retired.256b_packed_double:u	11	0	0
fp_arith_inst_retired.256b_packed_double:u	12	0	0
fp_arith_inst_retired.256b_packed_double:u	13	0	0
fp_arith_inst_retired.256b_packed_double:u	14	0	0
fp_arith_inst_retired.256b_packed_double:u	15	0	0
fp_arith_inst_retired.256b_packed_double:u	16	0	0
fp_arith_inst_retired.256b_packed_double:u	17	0	0
fp_arith_inst_retired.256b_packed_double:u	18	0	0
fp_arith_inst_retired.256b_packed_double:u	19	0	0
fp_arith_inst_retired.256b_packed_double:u	20	0	0
fp_arith_inst_retired.256b_packed_double:u	21	0	0
fp_arith_inst_retired.256b_packed_double:u	22	0	0
fp_arith_inst_retired.256b_packed_double:u	23	0	0
fp_arith_inst_retired.256b_packed_double:u	24	0	0
fp_arith_inst_retired.256b_packed_double:u	25	0	0
fp_arith_inst_retired.256b_packed_double:u	26	0	0
fp_arith_inst_retired.256b_packed_double:u	27	0	0
fp_arith_inst_retired.256b_packed_double:u	28	0	0
fp_arith_inst_retired.256b_packed_double:u	29	0	0
fp_arith_inst_retired.256b_packed_double:u	30	0	0
fp_arith_inst_retired.256b_packed_double:u	31	0	0
fp_arith_inst_retired.256b_packed_double:u	32	0	0
fp_arith_inst_retired.256b_packed_double:u	33	0	0
fp_arith_inst_retired.256b_packed_double:u	34	0	0
fp_arith_inst_retired.256b_packed_double:u	35	0	0
fp_arith_inst_retired.256b_packed_double:u	36	0	0
fp_arith_inst_retired.256b_packed_double:u	37	0	0
fp_arith_inst_retired.256b_packed_double:u	38	0	0
fp_arith_inst_retired.256b_packed_double:u	39	0	0
fp_arith_inst_retired.256b_packed_double:u	40	0	0
fp_arith_inst_retired.256b_packed_double:u	41	0	0
fp_arith_inst_retired.256b_packed_double:u	42	0	0
fp_arith_inst_retired.256b_packed_double:u	43	0	0
fp_arith_inst_retired.256b_packed_double:u	44	0	0
fp_arith_inst_retired.256b_packed_double:u	45	0	0
fp_arith_inst_retired.256b_packed_double:u	46	0	0
fp_arith_inst_retired.256b_packed_double:u	47	0	0
fp_arith_inst_retired.256b_packed_double:u	48	0	0
fp_arith_inst_retired.256b_packed_double:u	49	0	0
fp_arith_inst_retired.256b_packed_double:u	50	0	0
fp_arith_inst_retired.256b_packed_double:u	51	0	0
fp_arith_inst_retired.256b_packed_double:u	52	0	0
fp_arith_inst_retired.256b_packed_double:u	53	0	0
fp_arith_inst_retired.256b_packed_double:u	54	0	0
fp_arith_inst_retired.256b_packed_double:u	55	0	0
fp_arith_inst_retired.256b_packed_double:u	56	0	0
fp_arith_inst_retired.256b_packed_double:u	57	0	0
fp_arith_inst_retired.256b_packed_double:u	58	0	0
fp_arith_inst_retired.256b_packed_double:u	59	0	0
fp_arith_inst_retired.256b_packed_double:u	60	0	0
fp_arith_inst_retired.256b_packed_double:u	61	0	0
fp_arith_inst_retired.256b_packed_double:u	62	0	0
fp_arith_inst_retired.256b_packed_double:u	63	0	0
fp_arith_inst_retired.256b_packed_double:u	64	0	0
fp_arith_inst_retired.256b_packed_double:u	65	0	0
fp_arith_inst_retired.256b_packed_double:u	66	0	0
fp_arith_inst_retired.256b_packed_double:u	67	0	0
fp_arith_inst_retired.256b_packed_double:u	68	0	0
fp_arith_inst_retired.256b_packed_double:u	69	0	0
fp_arith_inst_retired.256b_packed_double:u	70	0	0
fp_arith_inst_retired.256b_packed_double:u	71	0	0
fp_arith_inst_retired.256b_packed_double:u	72	0	0
fp_arith_inst_retired.256b_packed_double:u	73	0	0
fp_arith_inst_retired.256b_packed_double:u	74	0	0
fp_arith_inst_retired.256b_packed_double:u	75	0	0
fp_arith_inst_retired.256b_packed_double:u	76	0	0
fp_arith_inst_retired.256b_packed_double:u	77	0	0
fp_arith_inst_retired.256b_packed_double:u	78	0	0
fp_arith_inst_retired.256b_packed_double:u	79	0	0
fp_arith_inst_retired.256b_packed_double:u	80	0	0
fp_arith_inst_retired.256b_packed_double:u	81	0	0
fp_arith_inst_retired.256b_packed_double:u	82	0	0
fp_arith_inst_retired.256b_packed_double:u	83	0	0
fp_arith_inst_retired.256b_packed_double:u	84	0	0
fp_arith_inst_retired.256b_packed_double:u	85	0	0
fp_arith_inst_retired.256b_packed_double:u	86	0	0
fp_arith_inst_retired.256b_packed_double:u	87	0	0
fp_arith_inst_retired.256b_packed_double:u	88	0	0
fp_arith_inst_retired.256b_packed_double:u	89	0	0
fp_arith_inst_retired.256b_packed_double:u	90	0	0
fp_arith_inst_retired.256b_packed_double:u	91	0	0
fp_arith_inst_retired.256b_packed_double:u	92	0	0
fp_arith_inst_retired.256b_packed_double:u	93	0	0
fp_arith_inst_retired.256b_packed_double:u	94	0	0
fp_arith_inst_retired.256b_packed_double:u	95	0	0
fp_arith_inst_retired.256b_packed_double:u	96	0	0
fp_arith_inst_retired.256b_packed_double:u	97	0	0
fp_arith_inst_retired.256b_packed_double:u	98	0	0
fp_arith_inst_retired.256b_packed_double:u	99	0	0
fp_arith_inst_retired.256b_packed_double:u	100	0	0
fp_arith_inst_retired.256b_packed_double:u	101	0	0
fp_arith_inst_retired.256b_packed_double:u	102	0	0
fp_arith_inst_retired.256b_packed_double:u	103	0	0
fp_arith_inst_retired.256b_packed_double:u	104	0	0
fp_arith_inst_retired.256b_packed_double:u	105	0	0
fp_arith_inst_retired.256b_packed_double:u	106	0	0
fp_arith_inst_retired.256b_packed_double:u	107	0	0
fp_arith_inst_retired.256b_packed_double:u	108	0	0
fp_arith_inst_retired.256b_packed_double:u	109	0	0
fp_arith_inst_retired.256b_packed_double:u	110	0	0
fp_arith_inst_retired.256b_packed_double:u	111	0	0
fp_arith_inst_retired.256b_packed_double:u	112	0	0
fp_arith_inst_retired.256b_packed_double:u	113	0	0
fp_arith_inst_retired.256b_packed_double:u	114	0	0
fp_arith_inst_retired.256b_packed_double:u	115	0	0
fp_arith_inst_retired.256b_packed_double:u	116	0	0
fp_arith_inst_retired.256b_packed_double:u	117	0	0
fp_arith_inst_retired.256b_packed_double:u	118	0	0
fp_arith_inst_retired.256b_packed_double:u	119	0	0
fp_arith_inst_retired.256b_packed_double:u	120	0	0
fp_arith_inst_retired.256b_packed_double:u	121	0	0
fp_arith_inst_retired.256b_packed_double:u	122	0	0
fp_arith_inst_retired.256b_packed_double:u	123	0	0
fp_arith_inst_retired.256b_packed_double:u	124	0	0
fp_arith_inst_retired.256b_packed_double:u	125	0	0
fp_arith_inst_retired.256b_packed_double:u	126	0	0
fp_arith_inst_retired.256b_packed_double:u	127	0	0
fp_arith_inst_retired.256b_packed_double:u	128	0	0
fp_arith_inst_retired.256b_packed_double:u	129	0	0
fp_arith_inst_retired.256b_packed_double:u	130	0	0
fp_arith_inst_retired.256b_packed_double:u	131	0	0
fp_arith_inst_retired.256b_packed_double:u	132	0	0
fp_arith_inst_retired.256b_packed_double:u	133	0	0
fp_arith_inst_retired.256b_packed_double:u	134	0	0
fp_arith_inst_retired.256b_packed_double:u	135	0	0
fp_arith_inst_retired.256b_packed_double:u	136	0	0
fp_arith_inst_retired.256b_packed_double:u	137	0	0
fp_arith_inst_retired.256b_packed_double:u	138	0	0
fp_arith_inst_retired.256b_packed_double:u	139	0	0
fp_arith_inst_retired.256b_packed_double:u	140	0	0
fp_arith_inst_retired.256b_packed_double:u	141	0	0
fp_arith_inst_retired.256b_packed_double:u	142	0	0
fp_arith_inst_retired.256b_packed_double:u	143	0	0
fp_arith_inst_retired.256b_packed_double:u	144	0	0
fp_arith_inst_retired.256b_packed_double:u	145	0	0
fp_arith_inst_retired.256b_packed_double:u	146	0	0
fp_arith_inst_retired.256b_packed_double:u	147	0	0
fp_arith_inst_retired.256b_packed_double:u	148	0	0
fp_arith_inst_retired.256b_packed_double:u	149	0	0
fp_arith_inst_retired.256b_packed_double:u	150	0	0
fp_arith_inst_retired.256b_packed_double:u	151	0	0
fp_arith_inst_retired.256b_packed_double:u	152	0	0
fp_arith_inst_retired.256b_packed_double:u	153	0	0
fp_arith_inst_retired.256b_packed_double:u	154	0	0
fp_arith_inst_retired.256b_packed_double:u	155	0	0
fp_arith_inst_retired.256b_packed_double:u	156	0	0
fp_arith_inst_retired.256b_packed_double:u	157	0	0
fp_arith_inst_retired.256b_packed_double:u	158	0	0
fp_arith_inst_retired.256b_packed_double:u	159	0	0
fp_arith_inst_retired.256b_packed_double:u	160	0	0
fp_arith_inst_retired.256b_packed_double:u	161	0	0
fp_arith_inst_retired.256b_packed_double:u	162	0	0
fp_arith_inst_retired.256b_packed_double:u	163	0	0
fp_arith_inst_retired.256b_packed_double:u	164	0	0
fp_arith_inst_retired.256b_packed_double:u	165	0	0
fp_arith_inst_retired.256b_packed_double:u	166	0	0
fp_arith_inst_retired.256b_packed_double:u	167	0	0
fp_arith_inst_retired.256b_packed_double:u	168	0	0
fp_arith_inst_retired.256b_packed_double:u	169	0	0
fp_arith_inst_retired.256b_packed_double:u	170	0	0
fp_arith_inst_retired.256b_packed_double:u	171	0	0
fp_arith_inst_retired.256b_packed_double:u	172	0	0
fp_arith_inst_retired.256b_packed_double:u	173	0	0
fp_arith_inst_retired.256b_packed_double:u	174	0	0
fp_arith_inst_retired.256b_packed_double:u	175	0	0
fp_arith_inst_retired.256b_packed_double:u	176	0	0
fp_arith_inst_retired.256b_packed_double:u	177	0	0
fp_arith_inst_retired.256b_packed_double:u	178	0	0
fp_arith_inst_retired.256b_packed_double:u	179	0	0
fp_arith_inst_retired.256b_packed_double:u	180	0	0
fp_arith_inst_retired.256b_packed_double:u	181	0	0
fp_arith_inst_retired.256b_packed_double:u	182	0	0
fp_arith_inst_retired.256b_packed_double:u	183	0	0
fp_arith_inst_retired.256b_packed_double:u	184	0	0
fp_arith_inst_retired.256b_packed_double:u	185	0	0
fp_arith_inst_retired.256b_packed_double:u	186	0	0
fp_arith_inst_retired.256b_packed_double:u	187	0	0
fp_arith_inst_retired.256b_packed_double:u	188	0	0
fp_arith_inst_retired.256b_packed_double:u	189	0	0
fp_arith_inst_retired.256b_packed_double:u	190	0	0
fp_arith_inst_retired.256b_packed_double:u	191	0	0
fp_arith_inst_retired.256b_packed_double:u	192	0	0
fp_arith_inst_retired.256b_packed_double:u	193	0	0
fp_arith_inst_retired.256b_packed_double:u	194	0	0
fp_arith_inst_retired.256b_packed_double:u	195	0	0
fp_arith_inst_retired.256b_packed_double:u	196	0	0
fp_arith_inst_retired.256b_packed_double:u	197	0	0
fp_arith_inst_retired.256b_packed_double:u	198	0	0
fp_arith_inst_retired.256b_packed_double:u	199	0	0
fp_arith_inst_retired.256b_packed_double:u	200	0	0
fp_arith_inst_retired.256b_packed_double:u	201	0	0
fp_arith_inst_retired.256b_packed_double:u	202	0	0
fp_arith_inst_retired.256b_packed_double:u	203	0	0
fp_arith_inst_retired.256b_packed_double:u	204	0	0
fp_arith_inst_retired.256b_packed_double:u	205	0	0
fp_arith_inst_retired.256b_packed_double:u	206	0	0
fp_arith_inst_retired.256b_packed_double:u	207	0	0
fp_arith_inst_retired.256b_packed_double:u	208	0	0
fp_arith_inst_retired.256b_packed_double:u	209	0	0
fp_arith_inst_retired.256b_packed_double:u	210	0	0
fp_arith_inst_retired.256b_packed_double:u	211	0	0
fp_arith_inst_retired.256b_packed_double:u	212	0	0
fp_arith_inst_retired.256b_packed_double:u	213	0	0
fp_arith_inst_retired.256b_packed_double:u	214	0	0
fp_arith_inst_retired.256b_packed_double:u	215	0	0
fp_arith_inst_retired.256b_packed_double:u	216	0	0
fp_arith_inst_retired.256b_packed_double:u	217	0	0
fp_arith_inst_retired.256b_packed_double:u	218	0	0
fp_arith_inst_retired.256b_packed_double:u	219	0	0
fp_arith_inst_retired.256b_packed_double:u	220	0	0
fp_arith_inst_retired.256b_packed_double:u	221	0	0
fp_arith_inst_retired.256b_packed_double:u	222	0	0
fp_arith_inst_retired.256b_packed_double:u	223	0	0
fp_arith_inst_retired.256b_packed_double:u	224	0	0
fp_arith_inst_retired.256b_packed_double:u	225	0	0
fp_arith_inst_retired.256b_packed_double:u	226	0	0
fp_arith_inst_retired.256b_packed_double:u	227	0	0
fp_arith_inst_retired.256b_packed_double:u	228	0	0
fp_arith_inst_retired.256b_packed_double:u	229	0	0
fp_arith_inst_retired.256b_packed_double:u	230	0	0
fp_arith_inst_retired.256b_packed_double:u	231	0	0
fp_arith_inst_retired.256b_packed_double:u	232	0	0
fp_arith_inst_retired.256b_packed_double:u	233	0	0
fp_arith_inst_retired.256b_packed_double:u	234	0	0
fp_arith_inst_retired.256b_packed_double:u	235	0	0
fp_arith_inst_retired.256b_packed_double:u	236	0	0
fp_arith_inst_retired.256b_packed_double:u	237	0	0
fp_arith_inst_retired.256b_packed_double:u	238	0	0
fp_arith_inst_retired.256b_packed_double:u	239	0	0
fp_arith_inst_retired.256b_packed_double:u	240	0	0
fp_arith_inst_retired.256b_packed_double:u	241	0	0
fp_arith_inst_retired.256b_packed_double:u	242	0	0
fp_arith_inst_retired.256b_packed_double:u	243	0	0
fp_arith_inst_retired.256b_packed_double:u	244	0	0
fp_arith_inst_retired.256b_packed_double:u	245	0	0
fp_arith_inst_retired.256b_packed_double:u	246	0	0
fp_arith_inst_retired.256b_packed_double:u	247	0	0
fp_arith_inst_retired.256b_packed_double:u	248	0	0
fp_arith_inst_retired.256b_packed_double:u	249	0	0
fp_arith_inst_retired.256b_packed_double:u	250	0	0
fp_arith_inst_retired.256b_packed_double:u	251	0	0
fp_arith_inst_retired.256b_packed_double:u	252	0	0
fp_arith_inst_retired.256b_packed_double:u	253	0	0
fp_arith_inst_retired.256b_packed_double:u	254	0	0
fp_arith_inst_retired.256b_packed_double:u	255	0	0
fp_arith_inst_retired.256b_packed_double:u	256	0	0
fp_arith_inst_retired.256b_packed_double:u	257	0	0
fp_arith_inst_retired.256b_packed_double:u	258	0	0
fp_arith_inst_retired.256b_packed_double:u	259	0	0
fp_arith_inst_retired.256b_packed_double:u	260	0	0
fp_arith_inst_retired.256b_packed_double:u	261	0	0
fp_arith_inst_retired.256b_packed_double:u	262	0	0
fp_arith_inst_retired.256b_packed_double:u	263	0	0
fp_arith_inst_retired.256b_packed_double:u	264	0	0
fp_arith_inst_retired.256b_packed_double:u	265	0	0
fp_arith_inst_retired.256b_packed_double:u	266	0	0
fp_arith_inst_retired.256b_packed_double:u	267	0	0
fp_arith_inst_retired.256b_packed_double:u	268	0	0
fp_arith_inst_retired.256b_packed_double:u	269	0	0
fp_arith_inst_retired.256b_packed_double:u	270	0	0
fp_arith_inst_retired.256b_packed_double:u	271	0	0
fp_arith_inst_retired.256b_packed_double:u	272	0	0
fp_arith_inst_retired.256b_packed_double:u	273	0	0
fp_arith_inst_retired.256b_packed_double:u	274	0	0
fp_arith_inst_retired.256b_packed_double:u	275	0	0
fp_arith_inst_retired.256b_packed_double:u	276	0	0
fp_arith_inst_retired.256b_packed_double:u	277	0	0
fp_arith_inst_retired.256b_packed_double:u	278	0	0
fp_arith_inst_retired.256b_packed_double:u	279	0	0
fp_arith_inst_retired.256b_packed_double:u	280	0	0
fp_arith_inst_retired.256b_packed_double:u	281	0	0
fp_arith_inst_retired.256b_packed_double:u	282	0	0
fp_arith_inst_retired.256b_packed_double:u	283	0	0
fp_arith_inst_retired.256b_packed_double:u	284	0	0
fp_arith_inst_retired.256b_packed_double:u	285	0	0
fp_arith_inst_retired.256b_packed_double:u	286	0	0
fp_arith_inst_retired.256b_packed_double:u	287	0	0
fp_arith_inst_retired.256b_packed_double:u	288	0	0
fp_arith_inst_retired.256b_packed_double:u	289	0	0
fp_arith_inst_retired.256b_packed_double:u	290	0	0
fp_arith_inst_retired.256b_packed_double:u	291	0	0
fp_arith_inst_retired.256b_packed_double:u	292	0	0
fp_arith_inst_retired.256b_packed_double:u	293	0	0
fp_arith_inst_retired.256b_packed_double:u	294	0	0
fp_arith_inst_retired.256b_packed_double:u	295	0	0
fp_arith_inst_retired.256b_packed_double:u	296	0	0
fp_arith_inst_retired.256b_packed_double:u	297	0	0
fp_arith_inst_retired.256b_packed_double:u	298	0	0
fp_arith_inst_retired.256b_packed_double:u	299	0	0
fp_arith_inst_retired.256b_packed_double:u	300	0	0
fp_arith_inst_retired.256b_packed_double:u	301	0	0
fp_arith_inst_retired.256b_packed_double:u	302	0	0
fp_arith_inst_retired.256b_packed_double:u	303	0	0
fp_arith_inst_retired.256b_packed_double:u	304	0	0
fp_arith_inst_retired.256b_packed_double:u	305	0	0
fp_arith_inst_retired.256b_packed_double:u	306	0	0
fp_arith_inst_retired.256b_packed_double:u	307	0	0
fp_arith_inst_retired.256b_packed_double:u	308	0	0
fp_arith_inst_retired.256b_packed_double:u	309	0	0
fp_arith_inst_retired.256b_packed_double:u	310	0	0
fp_arith_inst_retired.256b_packed_double:u	311	0	0
fp_arith_inst_retired.256b_packed_double:u	312	0	0
fp_arith_inst_retired.256b_packed_double:u	313	0	0
fp_arith_inst_retired.256b_packed_double:u	314	0	0
fp_arith_inst_retired.256b_packed_double:u	315	0	0
fp_arith_inst_retired.256b_packed_double:u	316	0	0
fp_arith_inst_retired.256b_packed_double:u	317	0	0
fp_arith_inst_retired.256b_packed_double:u	318	0	0
fp_arith_inst_retired.256b_packed_double:u	319	0	0
fp_arith_inst_retired.256b_packed_double:u	320	0	0
fp_arith_inst_retired.256b_packed_double:u	321	0	0
fp_arith_inst_retired.256b_packed_double:u	322	0	0
fp_arith_inst_retired.256b_packed_double:u	323	0	0
fp_arith_inst_retired.256b_packed_double:u	324	0	0
fp_arith_inst_retired.256b_packed_double:u	325	0	0
fp_arith_inst_retired.256b_packed_double:u	326	0	0
fp_arith_inst_retired.256b_packed_double:u	327	0	0
fp_arith_inst_retired.256b_packed_double:u	328	0	0
fp_arith_inst_retired.256b_packed_double:u	329	0	0
fp_arith_inst_retired.256b_packed_double:u	330	0	0
fp_arith_inst_retired.256b_packed_double:u	331	0	0
fp_arith_inst_retired.256b_packed_double:u	332	0	0
fp_arith_inst_retired.256b_packed_double:u	333	0	0
fp_arith_inst_retired.256b_packed_double:u	334	0	0
fp_arith_inst_retired.256b_packed_double:u	335	0	0
fp_arith_inst_retired.256b_packed_double:u	336	0	0
fp_arith_inst_retired.256b_packed_double:u	337	0	0
fp_arith_inst_retired.256b_packed_double:u	338	0	0
fp_arith_inst_retired.256b_packed_double:u	339	0	0
fp_arith_inst_retired.256b_packed_double:u	340	0	0
fp_arith_inst_retired.256b_packed_double:u	341	0	0
fp_arith_inst_retired.256b_packed_double:u	342	0	0
fp_arith_inst_retired.256b_packed_double:u	343	0	0
fp_arith_inst_retired.256b_packed_double:u	344	0	0
fp_arith_inst_retired.256b_packed_double:u	345	0	0
fp_arith_inst_retired.256b_packed_double:u	346	0	0
fp_arith_inst_retired.256b_packed_double:u	347	0	0
fp_arith_inst_retired.256b_packed_double:u	348	0	0
fp_arith_inst_retired.256b_packed_double:u	349	0	0
fp_arith_inst_retired.256b_packed_double:u	350	0	0
fp_arith_inst_retired.256b_packed_double:u	351	0	0
fp_arith_inst_retired.256b_packed_double:u	352	0	0
fp_arith_inst_retired.256b_packed_double:u	353	0	0
fp_arith_inst_retired.256b_packed_double:u	354	0	0
fp_arith_inst_retired.256b_packed_double:u	355	0	0
fp_arith_inst_retired.256b_packed_double:u	356	0	0
fp_arith_inst_retired.256b_packed_double:u	357	0	0
fp_arith_inst_retired.256b_packed_double:u	358	0	0
fp_arith_inst_retired.256b_packed_double:u	359	0	0
fp_arith_inst_retired.256b_packed_double:u	360	0	0
fp_arith_inst_retired.256b_packed_double:u	361	0	0
fp_arith_inst_retired.256b_packed_double:u	362	0	0
fp_arith_inst_retired.256b_packed_double:u	363	0	0
fp_arith_inst_retired.256b_packed_double:u	364	0	0
fp_arith_inst_retired.256b_packed_double:u	365	0	0
fp_arith_inst_retired.256b_packed_double:u	366	0	0
fp_arith_inst_retired.256b_packed_double:u	367	0	0
fp_arith_inst_retired.256b_packed_double:u	368	0	0
fp_arith_inst_retired.256b_packed_double:u	369	0	0
fp_arith_inst_retired.256b_packed_double:u	370	0	0
fp_arith_inst_retired.256b_packed_double:u	371	0	0
fp_arith_inst_retired.256b_packed_double:u	372	0	0
fp_arith_inst_retired.256b_packed_double:u	373	0	0
fp_arith_inst_retired.256b_packed_double:u	374	0	0
fp_arith_inst_retired.256b_packed_double:u	375	0	0
fp_arith_inst_retired.256b_packed_double:u	376	0	0
fp_arith_inst_retired.256b_packed_double:u	377	0	0
fp_arith_inst_retired.256b_packed_double:u	378	0	0
fp_arith_inst_retired.256b_packed_double:u	379	0	0
fp_arith_inst_retired.256b_packed_double:u	380	0	0
fp_arith_inst_retired.256b_packed_double:u	381	0	0
fp_arith_inst_retired.256b_packed_double:u	382	0	0
fp_arith_inst_retired.256b_packed_double:u	383	0	0
fp_arith_inst_retired.256b_packed_double:u	384	0	0
fp_arith_inst_retired.256b_packed_double:u	385	0	0
fp_arith_inst_retired.256b_packed_double:u	386	0	0
fp_arith_inst_retired.256b_packed_double:u	387	0	0
fp_arith_inst_retired.256b_packed_double:u	388	0	0
fp_arith_inst_retired.256b_packed_double:u	389	0	0
fp_arith_inst_retired.256b_packed_double:u	390	0	0
fp_arith_inst_retired.256b_packed_double:u	391	0	0
fp_arith_inst_retired.256b_packed_double:u	392	0	0
fp_arith_inst_retired.256b_packed_double:u	393	0	0
fp_arith_inst_retired.256b_packed_double:u	394	0	0
fp_arith_inst_retired.256b_packed_double:u	395	0	0
fp_arith_inst_retired.256b_packed_double:u	396	0	0
fp_arith_inst_retired.256b_packed_double:u	397	0	0
fp_arith_inst_retired.256b_packed_double:u	398	0	0
fp_arith_inst_retired.256b_packed_double:u	399	0	0
fp_arith_inst_retired.256b_packed_double:u	400	0	0
fp_arith_inst_retired.256b_packed_double:u	401	0	0
fp_arith_inst_retired.256b_packed_double:u	402	0	0
fp_arith_inst_retired.256b_packed_double:u	403	0	0
fp_arith_inst_retired.256b_packed_double:u	404	0	0
fp_arith_inst_retired.256b_packed_double:u	405	0	0
fp_arith_inst_retired.256b_packed_double:u	406	0	0
fp_arith_inst_retired.256b_packed_double:u	407	0	0
fp_arith_inst_retired.256b_packed_double:u	408	0	0
fp_arith_inst_retired.256b_packed_double:u	409	0	0
fp_arith_inst_retired.256b_packed_double:u	410	0	0
fp_arith_inst_retired.256b_packed_double:u	411	0	0
fp_arith_inst_retired.256b_packed_double:u	412	0	0
fp_arith_inst_retired.256b_packed_double:u	413	0	0
fp_arith_inst_retired.256b_packed_double:u	414	0	0
fp_arith_inst_retired.256b_packed_double:u	415	0	0
fp_arith_inst_retired.256b_packed_double:u	416	0	0
fp_arith_inst_retired.256b_packed_double:u	417	0	0
fp_arith_inst_retired.256b_packed_double:u	418	0	0
fp_arith_inst_retired.256b_packed_double:u	419	0	0
fp_arith_inst_retired.256b_packed_double:u	420	0	0
fp_arith_inst_retired.256b_packed_double:u	421	0	0
fp_arith_inst_retired.256b_packed_double:u	422	0	0
fp_arith_inst_retired.256b_packed_double:u	423	0	0
fp_arith_inst_retired.256b_packed_double:u	424	0	0
fp_arith_inst_retired.256b_packed_double:u	425	0	0
fp_arith_inst_retired.256b_packed_double:u	426	0	0
fp_arith_inst_retired.256b_packed_double:u	427	0	0
fp_arith_inst_retired.256b_packed_double:u	428	0	0
fp_arith_inst_retired.256b_packed_double:u	429	0	0
fp_arith_inst_retired.256b_packed_double:u	430	0	0
fp_arith_inst_retired.256b_packed_double:u	431	0	0
fp_arith_inst_retired.256b_packed_double:u	432	0	0
fp_arith_inst_retired.256b_packed_double:u	433	0	0
fp_arith_inst_retired.256b_packed_double:u	434	0	0
fp_arith_inst_retired.256b_packed_double:u	435	0	0
fp_arith_inst_retired.256b_packed_double:u	436	0	0
fp_arith_inst_retired.256b_packed_double:u	437	0	0
fp_arith_inst_retired.256b_packed_double:u	438	0	0
fp_arith_inst_retired.256b_packed_double:u	439	0	0
fp_arith_inst_retired.256b_packed_double:u	440	0	0
fp_arith_inst_retired.256b_packed_double:u	441	0	0
fp_arith_inst_retired.256b_packed_double:u	442	0	0
fp_arith_inst_retired.256b_packed_double:u	443	0	0
fp_arith_inst_retired.256b_packed_double:u	444	0	0
fp_arith_inst_retired.256b_packed_double:u	445	0	0
fp_arith_inst_retired.256b_packed_double:u	446	0	0
fp_arith_inst_retired.256b_packed_double:u	447	0	0
fp_arith_inst_retired.256b_packed_double:u	448	0	0
fp_arith_inst_retired.256b_packed_double:u	449	0	0
fp_arith_inst_retired.256b_packed_double:u	450	0	0
fp_arith_inst_retired.256b_packed_double:u	451	0	0
fp_arith_inst_retired.256b_packed_double:u	452	0	0
fp_arith_inst_retired.256b_packed_double:u	453	0	0
fp_arith_inst_retired.256b_packed_double:u	454	0	0
fp_arith_inst_retired.256b_packed_double:u	455	0	0
fp_arith_inst_retired.256b_packed_double:u	456	0	0
fp_arith_inst_retired.256b_packed_double:u	457	0	0
fp_arith_inst_retired.256b_packed_double:u	458	0	0
fp_arith_inst_retired.256b_packed_double:u	459	0	0
fp_arith_inst_retired.256b_packed_double:u	460	0	0
fp_arith_inst_retired.256b_packed_double:u	461	0	0
fp_arith_inst_retired.256b_packed_double:u	462	0	0
fp_arith_inst_retired.256b_packed_double:u	463	0	0
fp_arith_inst_retired.256b_packed_double:u	464	0	0
fp_arith_inst_retired.256b_packed_double:u	465	0	0
fp_arith_inst_retired.256b_packed_double:u	466	0	0
fp_arith_inst_retired.256b_packed_double:u	467	0	0
fp_arith_inst_retired.256b_packed_double:u	468	0	0
fp_arith_inst_retired.256b_packed_double:u	469	0	0
fp_arith_inst_retired.256b_packed_double:u	470	0	0
fp_arith_inst_retired.256b_packed_double:u	471	0	0
fp_arith_inst_retired.256b_packed_double:u	472	0	0
fp_arith_inst_retired.256b_packed_double:u	473	0	0
fp_arith_inst_retired.256b_packed_double:u	474	0	0
fp_arith_inst_retired.256b_packed_double:u	475	0	0
fp_arith_inst_retired.256b_packed_double:u	476	0	0
fp_arith_inst_retired.256b_packed_double:u	477	0	0
fp_arith_inst_retired.256b_packed_double:u	478	0	0
fp_arith_inst_retired.256b_packed_double:u	479	0	0
fp_arith_inst_retired.256b_packed_double:u	480	0	0
fp_arith_inst_retired.256b_packed_double:u	481	0	0
fp_arith_inst_retired.256b_packed_double:u	482	0	0
fp_arith_inst_retired.256b_packed_double:u	483	0	0
fp_arith_inst_retired.256b_packed_double:u	484	0	0
fp_arith_inst_retired.256b_packed_double:u	485	0	0
fp_arith_inst_retired.256b_packed_double:u	486	0	0
fp_arith_inst_retired.256b_packed_double:u	487	0	0
fp_arith_inst_retired.256b_packed_double:u	488	0	0
fp_arith_inst_retired.256b_packed_double:u	489	0	0
fp_arith_inst_retired.256b_packed_double:u	490	0	0
fp_arith_inst_retired.256b_packed_double:u	491	0	0
fp_arith_inst_retired.256b_packed_double:u	492	0	0
fp_arith_inst_retired.256b_packed_double:u	493	0	0
fp_arith_inst_retired.256b_packed_double:u	494	0	0
fp_arith_inst_retired.256b_packed_double:u	495	0	0
fp_arith_inst_retired.256b_packed_double:u	496	0	0
fp_arith_inst_retired.256b_packed_double:u	497	0	0
fp_arith_inst_retired.256b_packed_double:u	498	0	0
fp_arith_inst_retired.256b_packed_double:u	499	0	0
fp_arith_inst_retired.256b_packed_double:u	500	0	0
fp_arith_inst_retired.256b_packed_double:u	501	0	0
fp_arith_inst_retired.256b_packed_double:u	502	0	0
fp_arith_inst_retired.256b_packed_double:u	503	0	0
fp_arith_inst_retired.256b_packed_double:u	504	0	0
fp_arith_inst_retired.256b_packed_double:u	505	0	0
fp_arith_inst_retired.256b_packed_double:u	506	0	0
fp_arith_inst_retired.256b_packed_double:u	507	0	0
fp_arith_inst_retired.256b_packed_double:u	508	0	0
fp_arith_inst_retired.256b_packed_double:u	509	0	0
fp_arith_inst_retired.256b_packed_double:u	510	0	0
fp_arith_inst_retired.256b_packed_double:u	511	0	0
fp_arith_inst_retired.256b_packed_double:u	512	0	0
fp_arith_inst_retired.256b_packed_double:u	513	0	0
fp_arith_inst_retired.256b_packed_double:u	514	0	0
fp_arith_inst_retired.256b_packed_double:u	515	0	0
fp_arith_inst_retired.256b_packed_double:u	516	0	0
fp_arith_inst_retired.256b_packed_double:u	517	0	0
fp_arith_inst_retired.256b_packed_double:u	518	0	0
fp_arith_inst_retired.256b_packed_double:u	519	0	0
fp_arith_inst_retired.256b_packed_double:u	520	0	0
fp_arith_inst_retired.256b_packed_double:u	521	0	0
fp_arith_inst_retired.256b_packed_double:u	522	0	0
fp_arith_inst_retired.256b_packed_double:u	523	0	0
fp_arith_inst_retired.256b_packed_double:u	524	0	0
fp_arith_inst_retired.256b_packed_double:u	525	0	0
fp_arith_inst_retired.256b_packed_double:u	526	0	0
fp_arith_inst_retired.256b_packed_double:u	527	0	0
fp_arith_inst_retired.256b_packed_double:u	528	0	0
fp_arith_inst_retired.256b_packed_double:u	529	0	0
fp_arith_inst_retired.256b_packed_double:u	530	0	0
fp_arith_inst_retired.256b_packed_double:u	531	0	0
fp_arith_inst_retired.256b_packed_double:u	532	0	0
fp_arith_inst_retired.256b_packed_double:u	533	0	0
fp_arith_inst_retired.256b_packed_double:u	534	0	0
fp_arith_inst_retired.256b_packed_double:u	535	0	0
fp_arith_inst_retired.256b_packed_double:u	536	0	0
fp_arith_inst_retired.256b_packed_double:u	537	0	0
fp_arith_inst_retired.256b_packed_double:u	538	0	0
fp_arith_inst_retired.256b_packed_double:u	539	0	0
fp_arith_inst_retired.256b_packed_double:u	540	0	0
fp_arith_inst_retired.256b_packed_double:u	541	0	0
fp_arith_inst_retired.256b_packed_double:u	542	0	0
fp_arith_inst_retired.256b_packed_double:u	543	0	0
fp_arith_inst_retired.256b_packed_double:u	544	0	0
fp_arith_inst_retired.256b_packed_double:u	545	0	0
fp_arith_inst_retired.256b_packed_double:u	546	0	0
fp_arith_inst_retired.256b_packed_double:u	547	0	0
fp_arith_inst_retired.256b_packed_double:u	548	0	0
fp_arith_inst_retired.256b_packed_double:u	549	0	0
fp_arith_inst_retired.256b_packed_double:u	550	0	0
fp_arith_inst_retired.256b_packed_double:u	551	0	0
fp_arith_inst_retired.256b_packed_double:u	552	0	0
fp_arith_inst_retired.256b_packed_double:u	553	0	0
fp_arith_inst_retired.256b_packed_double:u	554	0	0
fp_arith_inst_retired.256b_packed_double:u	555	0	0
fp_arith_inst_retired.256b_packed_double:u	556	0	0
fp_arith_inst_retired.256b_packed_double:u	557	0	0
fp_arith_inst_retired.256b_packed_double:u	558	0	0
fp_arith_inst_retired.256b_packed_double:u	559	0	0
fp_arith_inst_retired.256b_packed_double:u	560	0	0
fp_arith_inst_retired.256b_packed_double:u	561	0	0
fp_arith_inst_retired.256b_packed_double:u	562	0	0
fp_arith_inst_retired.256b_packed_double:u	563	0	0
fp_arith_inst_retired.256b_packed_double:u	564	0	0
fp_arith_inst_retired.256b_packed_double:u	565	0	0
fp_arith_inst_retired.256b_packed_double:u	566	0	0
fp_arith_inst_retired.256b_packed_double:u	567	0	0
fp_arith_inst_retired.256b_packed_double:u	568	0	0
fp_arith_inst_retired.256b_packed_double:u	569	0	0
fp_arith_inst_retired.256b_packed_double:u	570	0	0
fp_arith_inst_retired.256b_packed_double:u	571	0	0
fp_arith_inst_retired.256b_packed_double:u	572	0	0
fp_arith_inst_retired.256b_packed_double:u	573	0	0
fp_arith_inst_retired.256b_packed_double:u	574	0	0
fp_arith_inst_retired.256b_packed_double:u	575	0	0
fp_arith_inst_retired.256b_packed_double:u	576	0	0
fp_arith_inst_retired.256b_packed_double:u	577	0	0
fp_arith_inst_retired.256b_packed_double:u	578	0	0
fp_arith_inst_retired.256b_packed_double:u	579	0	0
fp_arith_inst_retired.256b_packed_double:u	580	0	0
fp_arith_inst_retired.256b_packed_double:u	581	0	0
fp_arith_inst_retired.256b_packed_double:u	582	0	0
fp_arith_inst_retired.256b_packed_double:u	583	0	0
fp_arith_inst_retired.256b_packed_double:u	584	0	0
fp_arith_inst_retired.256b_packed_double:u	585	0	0
fp_arith_inst_retired.256b_packed_double:u	586	0	0
fp_arith_inst_retired.256b_packed_double:u	587	0	0
fp_arith_inst_retired.256b_packed_double:u	588	0	0
fp_arith_inst_retired.256b_packed_double:u	589	0	0
fp_arith_inst_retired.256b_packed_double:u	590	0	0
fp_arith_inst_retired.256b_packed_double:u	591	0	0
fp_arith_inst_retired.256b_packed_double:u	592	0	0
fp_arith_inst_retired.256b_packed_double:u	593	0	0
fp_arith_inst_retired.256b_packed_double:u	594	0	0
fp_arith_inst_retired.256b_packed_double:u	595	0	0
fp_arith_inst_retired.256b_packed_double:u	596	0	0
fp_arith_inst_retired.256b_packed_double:u	597	0	0
fp_arith_inst_retired.256b_packed_double:u	598	0	0
fp_arith_inst_retired.256b_packed_double:u	599	0	0
fp_arith_inst_retired.256b_packed_double:u	600	0	0
fp_arith_inst_retired.256b_packed_double:u	601	0	0
fp_arith_inst_retired.256b_packed_double:u	602	0	0
fp_arith_inst_retired.256b_packed_double:u	603	0	0
fp_arith_inst_retired.256b_packed_double:u	604	0	0
fp_arith_inst_retired.256b_packed_double:u	605	0	0
fp_arith_inst_retired.256b_packed_double:u	606	0	0
fp_arith_inst_retired.256b_packed_double:u	607	0	0
fp_arith_inst_retired.256b_packed_double:u	608	0	0
fp_arith_inst_retired.256b_packed_double:u	609	0	0
fp_arith_inst_retired.256b_packed_double:u	610	0	0
fp_arith_inst_retired.256b_packed_double:u	611	0	0
fp_arith_inst_retired.256b_packed_double:u	612	0	0
fp_arith_inst_retired.256b_packed_double:u	613	0	0
fp_arith_inst_retired.256b_packed_double:u	614	0	0
fp_arith_inst_retired.256b_packed_double:u	615	0	0
fp_arith_inst_retired.256b_packed_double:u	616	0	0
fp_arith_inst_retired.256b_packed_double:u	617	0	0
fp_arith_inst_retired.256b_packed_double:u	618	0	0
fp_arith_inst_retired.256b_packed_double:u	619	0	0
fp_arith_inst_retired.256b_packed_double:u	620	0	0
fp_arith_inst_retired.256b_packed_double:u	621	0	0
fp_arith_inst_retired.256b_packed_double:u	622	0	0
fp_arith_inst_retired.256b_packed_double:u	623	0	0
fp_arith_inst_retired.256b_packed_double:u	624	0	0
fp_arith_inst_retired.256b_packed_double:u	625	0	0
fp_arith_inst_retired.256b_packed_double:u	626	0	0
fp_arith_inst_retired.256b_packed_double:u	627	0	0
fp_arith_inst_retired.256b_packed_double:u	628	0	0
fp_arith_inst_retired.256b_packed_double:u	629	0	0
fp_arith_inst_retired.256b_packed_double:u	630	0	0
fp_arith_inst_retired.256b_packed_double:u	631	0	0
fp_arith_inst_retired.256b_packed_double:u	632	0	0
fp_arith_inst_retired.256b_packed_double:u	633	0	0
fp_arith_inst_retired.256b_packed_double:u	634	0	0
fp_arith_inst_retired.256b_packed_double:u	635	0	0
fp_arith_inst_retired.256b_packed_double:u	636	0	0
fp_arith_inst_retired.256b_packed_double:u	637	0	0
fp_arith_inst_retired.256b_packed_double:u	638	0	0
fp_arith_inst_retired.256b_packed_double:u	639	0	0
fp_arith_inst_retired.256b_packed_double:u	640	0	0
fp_arith_inst_retired.256b_packed_double:u	641	0	0
fp_arith_inst_retired.256b_packed_double:u	642	0	0
fp_arith_inst_retired.256b_packed_double:u	643	0	0
fp_arith_inst_retired.256b_packed_double:u	644	0	0
fp_arith_inst_retired.256b_packed_double:u	645	0	0
fp_arith_inst_retired.256b_packed_double:u	646	0	0
fp_arith_inst_retired.256b_packed_double:u	647	0	0
fp_arith_inst_retired.256b_packed_double:u	648	0	0
fp_arith_inst_retired.256b_packed_double:u	649	0	0
fp_arith_inst_retired.256b_packed_double:u	650	0	0
fp_arith_inst_retired.256b_packed_double:u	651	0	0
fp_arith_inst_retired.256b_packed_double:u	652	0	0
fp_arith_inst_retired.256b_packed_double:u	653	0	0
fp_arith_inst_retired.256b_packed_double:u	654	0	0
fp_arith_inst_retired.256b_packed_double:u	655	0	0
fp_arith_inst_retired.256b_packed_double:u	656	0	0
fp_arith_inst_retired.256b_packed_double:u	657	0	0
fp_arith_inst_retired.256b_packed_double:u	658	0	0
fp_arith_inst_retired.256b_packed_double:u	659	0	0
fp_arith_inst_retired.256b_packed_double:u	660	0	0
fp_arith_inst_retired.256b_packed_double:u	661	0	0
fp_arith_inst_retired.256b_packed_double:u	662	0	0
fp_arith_inst_retired.256b_packed_double:u	663	0	0
fp_arith_inst_retired.256b_packed_double:u	664	0	0
fp_arith_inst_retired.256b_packed_double:u	665	0	0
fp_arith_inst_retired.256b_packed_double:u	666	0	0
fp_arith_inst_retired.256b_packed_double:u	667	0	0
fp_arith_inst_retired.256b_packed_double:u	668	0	0
fp_arith_inst_retired.256b_packed_double:u	669	0	0
fp_arith_inst_retired.256b_packed_double:u	670	0	0
fp_arith_inst_retired.256b_packed_double:u	671	0	0
fp_arith_inst_retired.256b_packed_double:u	672	0	0
fp_arith_inst_retired.256b_packed_double:u	673	0	0
fp_arith_inst_retired.256b_packed_double:u	674	0	0
fp_arith_inst_retired.256b_packed_double:u	675	0	0
fp_arith_inst_retired.256b_packed_double:u	676	0	0
fp_arith_inst_retired.256b_packed_double:u	677	0	0
fp_arith_inst_retired.256b_packed_double:u	678	0	0
fp_arith_inst_retired.256b_packed_double:u	679	0	0
fp_arith_inst_retired.256b_packed_double:u	680	0	0
fp_arith_inst_retired.256b_packed_double:u	681	0	0
fp_arith_inst_retired.256b_packed_double:u	682	0	0
fp_arith_inst_retired.256b_packed_double:u	683	0	0
fp_arith_inst_retired.256b_packed_double:u	684	0	0
fp_arith_inst_retired.256b_packed_double:u	685	0	0
fp_arith_inst_retired.256b_packed_double:u	686	0	0
fp_arith_inst_retired.256b_packed_double:u	687	0	0
fp_arith_inst_retired.256b_packed_double:u	688	0	0
fp_arith_inst_retired.256b_packed_double:u	689	0	0
fp_arith_inst_retired.256b_packed_double:u	690	0	0
fp_arith_inst_retired.256b_packed_double:u	691	0	0
fp_arith_inst_retired.256b_packed_double:u	692	0	0
fp_arith_inst_retired.256b_packed_double:u	693	0	0
fp_arith_inst_retired.256b_packed_double:u	694	0	0
fp_arith_inst_retired.256b_packed_double:u	695	0	0
fp_arith_inst_retired.256b_packed_double:u	696	0	0
fp_arith_inst_retired.256b_packed_double:u	697	0	0
fp_arith_inst_retired.256b_packed_double:u	698	0	0
fp_arith_inst_retired.256b_packed_double:u	699	0	0
fp_arith_inst_retired.256b_packed_double:u	700	0	0
fp_arith_inst_retired.256b_packed_double:u	701	0	0
fp_arith_inst_retired.256b_packed_double:u	702	0	0
fp_arith_inst_retired.256b_packed_double:u	703	0	0
fp_arith_inst_retired.256b_packed_double:u	704	0	0
fp_arith_inst_retired.256b_packed_double:u	705	0	0
fp_arith_inst_retired.256b_packed_double:u	706	0	0
fp_arith_inst_retired.256b_packed_double:u	707	0	0
fp_arith_inst_retired.256b_packed_double:u	708	0	0
fp_arith_inst_retired.256b_packed_double:u	709	0	0
fp_arith_inst_retired.256b_packed_double:u	710	0	0
fp_arith_inst_retired.256b_packed_double:u	711	0	0
fp_arith_inst_retired.256b_packed_double:u	712	0	0
fp_arith_inst_retired.256b_packed_double:u	713	0	0
fp_arith_inst_retired.256b_packed_double:u	714	0	0
fp_arith_inst_retired.256b_packed_double:u	715	0	0
fp_arith_inst_retired.256b_packed_double:u	716	0	0
fp_arith_inst_retired.256b_packed_double:u	717	0	0
fp_arith_inst_retired.256b_packed_double:u	718	0	0
fp_arith_inst_retired.256b_packed_double:u	719	0	0
fp_arith_inst_retired.256b_packed_double:u	720	0	0
fp_arith_inst_retired.256b_packed_double:u	721	0	0
fp_arith_inst_retired.256b_packed_double:u	722	0	0
fp_arith_inst_retired.256b_packed_double:u	723	0	0
fp_arith_inst_retired.256b_packed_double:u	724	0	0
fp_arith_inst_retired.256b_packed_double:u	725	0	0
fp_arith_inst_retired.256b_packed_double:u	726	0	0
fp_arith_inst_retired.256b_packed_double:u	727	0	0
fp_arith_inst_retired.256b_packed_double:u	728	0	0
fp_arith_inst_retired.256b_packed_double:u	729	0	0
fp_arith_inst_retired.256b_packed_double:u	730	0	0
fp_arith_inst_retired.256b_packed_double:u	731	0	0
fp_arith_inst_retired.256b_packed_double:u	732	0	0
fp_arith_inst_retired.256b_packed_double:u	733	0	0
fp_arith_inst_retired.256b_packed_double:u	734	0	0
fp_arith_inst_retired.256b_packed_double:u	735	0	0
fp_arith_inst_retired.256b_packed_double:u	736	0	0
fp_arith_inst_retired.256b_packed_double:u	737	0	0
fp_arith_inst_retired.256b_packed_double:u	738	0	0
fp_arith_inst_retired.256b_packed_double:u	739	0	0
fp_arith_inst_retired.256b_packed_double:u	740	0	0
fp_arith_inst_retired.256b_packed_double:u	741	0	0
fp_arith_inst_retired.256b_packed_double:u	742	0	0
fp_arith_inst_retired.256b_packed_double:u	743	0	0
fp_arith_inst_retired.256b_packed_double:u	744	0	0
fp_arith_inst_retired.256b_packed_double:u	745	0	0
fp_arith_inst_retired.256b_packed_double:u	746	0	0
fp_arith_inst_retired.256b_packed_double:u	747	0	0
fp_arith_inst_retired.256b_packed_double:u	748	0	0
fp_arith_inst_retired.256b_packed_double:u	749	0	0
fp_arith_inst_retired.256b_packed_double:u	750	0	0
fp_arith_inst_retired.256b_packed_double:u	751	0	0
fp_arith_inst_retired.256b_packed_double:u	752	0	0
fp_arith_inst_retired.256b_packed_double:u	753	0	0
fp_arith_inst_retired.256b_packed_double:u	754	0	0
fp_arith_inst_retired.256b_packed_double:u	755	0	0
fp_arith_inst_retired.256b_packed_double:u	756	0	0
fp_arith_inst_retired.256b_packed_double:u	757	0	0
fp_arith_inst_retired.256b_packed_double:u	758	0	0
fp_arith_inst_retired.256b_packed_double:u	759	0	0
fp_arith_inst_retired.256b_packed_double:u	760	0	0
fp_arith_inst_retired.256b_packed_double:u	761	0	0
fp_arith_inst_retired.256b_packed_double:u	762	0	0
fp_arith_inst_retired.256b_packed_double:u	763	0	0
fp_arith_inst_retired.256b_packed_double:u	764	0	0
fp_arith_inst_retired.256b_packed_double:u	765	0	0
fp_arith_inst_retired.256b_packed_double:u	766	0	0
fp_arith_inst_retired.256b_packed_double:u	767	0	0
fp_arith_inst_retired.256b_packed_double:u	768	0	0
fp_arith_inst_retired.256b_packed_double:u	769	0	0
fp_arith_inst_retired.256b_packed_double:u	770	0	0
fp_arith_inst_retired.256b_packed_double:u	771	0	0
fp_arith_inst_retired.256b_packed_double:u	772	0	0
fp_arith_inst_retired.256b_packed_double:u	773	0	0
fp_arith_inst_retired.256b_packed_double:u	774	0	0
fp_arith_inst_retired.256b_packed_double:u	775	0	0
fp_arith_inst_retired.256b_packed_double:u	776	0	0
fp_arith_inst_retired.256b_packed_double:u	777	0	0
fp_arith_inst_retired.256b_packed_double:u	778	0	0
fp_arith_inst_retired.256b_packed_double:u	779	0	0
fp_arith_inst_retired.256b_packed_double:u	780	0	0
fp_arith_inst_retired.256b_packed_double:u	781	0	0
fp_arith_inst_retired.256b_packed_double:u	782	0	0
fp_arith_inst_retired.256b_packed_double:u	783	0	0
fp_arith_inst_retired.256b_packed_double:u	784	0	0
fp_arith_inst_retired.256b_packed_double:u	785	0	0
fp_arith_inst_retired.256b_packed_double:u	786	0	0
fp_arith_inst_retired.256b_packed_double:u	787	0	0
fp_arith_inst_retired.256b_packed_double:u	788	0	0
fp_arith_inst_retired.256b_packed_double:u	789	0	0
fp_arith_inst_retired.256b_packed_double:u	790	0	0
fp_arith_inst_retired.256b_packed_double:u	791	0	0
fp_arith_inst_retired.256b_packed_double:u	792	0	0
fp_arith_inst_retired.256b_packed_double:u	793	0	0
fp_arith_inst_retired.256b_packed_double:u	794	0	0
fp_arith_inst_retired.256b_packed_double:u	795	0	0
fp_arith_inst_retired.256b_packed_double:u	796	0	0
fp_arith_inst_retired.256b_packed_double:u	797	0	0
fp_arith_inst_retired.256b_packed_double:u	798	0	0
fp_arith_inst_retired.256b_packed_double:u	799	0	0
fp_arith_inst_retired.256b_packed_double:u	800	0	0
fp_arith_inst_retired.256b_packed_double:u	801	0	0
fp_arith_inst_retired.256b_packed_double:u	802	0	0
fp_arith_inst_retired.256b_packed_double:u	803	0	0
fp_arith_inst_retired.256b_packed_double:u	804	0	0
fp_arith_inst_retired.256b_packed_double:u	805	0	0
fp_arith_inst_retired.256b_packed_double:u	806	0	0
fp_arith_inst_retired.256b_packed_double:u	807	0	0
fp_arith_inst_retired.256b_packed_double:u	808	0	0
fp_arith_inst_retired.256b_packed_double:u	809	0	0
fp_arith_inst_retired.256b_packed_double:u	810	0	0
fp_arith_inst_retired.256b_packed_double:u	811	0	0
fp_arith_inst_retired.256b_packed_double:u	812	0	0
fp_arith_inst_retired.256b_packed_double:u	813	0	0
fp_arith_inst_retired.256b_packed_double:u	814	0	0
fp_arith_inst_retired.256b_packed_double:u	815	0	0
fp_arith_inst_retired.256b_packed_double:u	816	0	0
fp_arith_inst_retired.256b_packed_double:u	817	0	0
fp_arith_inst_retired.256b_packed_double:u	818	0	0
fp_arith_inst_retired.256b_packed_double:u	819	0	0
fp_arith_inst_retired.256b_packed_double:u	820	0	0
fp_arith_inst_retired.256b_packed_double:u	821	0	0
fp_arith_inst_retired.256b_packed_double:u	822	0	0
fp_arith_inst_retired.256b_packed_double:u	823	0	0
fp_arith_inst_retired.256b_packed_double:u	824	0	0
fp_arith_inst_retired.256b_packed_double:u	825	0	0
fp_arith_inst_retired.256b_packed_double:u	826	0	0
fp_arith_inst_retired.256b_packed_double:u	827	0	0
fp_arith_inst_retired.256b_packed_double:u	828	0	0
fp_arith_inst_retired.256b_packed_double:u	829	0	0
fp_arith_inst_retired.256b_packed_double:u	830	0	0
fp_arith_inst_retired.256b_packed_double:u	831	0	0
fp_arith_inst_retired.256b_packed_double:u	832	0	0
fp_arith_inst_retired.256b_packed_double:u	833	0	0
fp_arith_inst_retired.256b_packed_double:u	834	0	0
fp_arith_inst_retired.256b_packed_double:u	835	0	0
fp_arith_inst_retired.256b_packed_double:u	836	0	0
fp_arith_inst_retired.256b_packed_double:u	837	0	0
fp_arith_inst_retired.256b_packed_double:u	838	0	0
fp_arith_inst_retired.256b_packed_double:u	839	0	0
fp_arith_inst_retired.256b_packed_double:u	840	0	0
fp_arith_inst_retired.256b_packed_double:u	841	0	0
fp_arith_inst_retired.256b_packed_double:u	842	0	0
fp_arith_inst_retired.256b_packed_double:u	843	0	0
fp_arith_inst_retired.256b_packed_double:u	844	0	0
fp_arith_inst_retired.256b_packed_double:u	845	0	0
fp_arith_inst_retired.256b_packed_double:u	846	0	0
fp_arith_inst_retired.256b_packed_double:u	847	0	0
fp_arith_inst_retired.256b_packed_double:u	848	0	0
fp_arith_inst_retired.256b_packed_double:u	849	0	0
fp_arith_inst_retired.256b_packed_double:u	850	0	0
fp_arith_inst_retired.256b_packed_double:u	851	0	0
fp_arith_inst_retired.256b_packed_double:u	852	0	0
fp_arith_inst_retired.256b_packed_double:u	853	0	0
fp_arith_inst_retired.256b_packed_double:u	854	0	0
fp_arith_inst_retired.256b_packed_double:u	855	0	0
fp_arith_inst_retired.256b_packed_double:u	856	0	0
fp_arith_inst_retired.256b_packed_double:u	857	0	0
fp_arith_inst_retired.256b_packed_double:u	858	0	0
fp_arith_inst_retired.256b_packed_double:u	859	0	0
fp_arith_inst_retired.256b_packed_double:u	860	0	0
fp_arith_inst_retired.256b_packed_double:u	861	0	0
fp_arith_inst_retired.256b_packed_double:u	862	0	0
fp_arith_inst_retired.256b_packed_double:u	863	0	0
fp_arith_inst_retired.256b_packed_double:u	864	0	0
fp_arith_inst_retired.256b_packed_double:u	865	0	0
fp_arith_inst_retired.256b_packed_double:u	866	0	0
fp_arith_inst_retired.256b_packed_double:u	867	0	0
fp_arith_inst_retired.256b_packed_double:u	868	0	0
fp_arith_inst_retired.256b_packed_double:u	869	0	0
fp_arith_inst_retired.256b_packed_double:u	870	0	0
fp_arith_inst_retired.256b_packed_double:u	871	0	0
fp_arith_inst_retired.256b_packed_double:u	872	0	0
fp_arith_inst_retired.256b_packed_double:u	873	0	0
fp_arith_inst_retired.256b_packed_double:u	874	0	0
fp_arith_inst_retired.256b_packed_double:u	875	0	0
fp_arith_inst_retired.256b_packed_double:u	876	0	0
fp_arith_inst_retired.256b_packed_double:u	877	0	0
fp_arith_inst_retired.256b_packed_double:u	878	0	0
fp_arith_inst_retired.256b_packed_double:u	879	0	0
fp_arith_inst_retired.256b_packed_double:u	880	0	0
fp_arith_inst_retired.256b_packed_double:u	881	0	0
fp_arith_inst_retired.256b_packed_double:u	882	0	0
fp_arith_inst_retired.256b_packed_double:u	883	0	0
fp_arith_inst_retired.256b_packed_double:u	884	0	0
fp_arith_inst_retired.256b_packed_double:u	885	0	0
fp_arith_inst_retired.256b_packed_double:u	886	0	0
fp_arith_inst_retired.256b_packed_double:u	887	0	0
fp_arith_inst_retired.256b_packed_double:u	888	0	0
fp_arith_inst_retired.256b_packed_double:u	889	0	0
fp_arith_inst_retired.256b_packed_double:u	890	0	0
fp_arith_inst_retired.256b_packed_double:u	891	0	0
fp_arith_inst_retired.256b_packed_double:u	892	0	0
fp_arith_inst_retired.256b_packed_double:u	893	0	0
fp_arith_inst_retired.256b_packed_double:u	894	0	0
fp_arith_inst_retired.256b_packed_double:u	895	0	0
fp_arith_inst_retired.256b_packed_double:u	896	0	0
fp_arith_inst_retired.256b_packed_double:u	897	0	0
fp_arith_inst_retired.256b_packed_double:u	898	0	0
fp_arith_inst_retired.256b_packed_double:u	899	0	0
fp_arith_inst_retired.256b_packed_double:u	900	0	0
fp_arith_inst_retired.256b_packed_double:u	901	0	0
fp_arith_inst_retired.256b_packed_double:u	902	0	0
fp_arith_inst_retired.256b_packed_double:u	903	0	0
fp_arith_inst_retired.256b_packed_double:u	904	0	0
fp_arith_inst_retired.256b_packed_double:u	905	0	0
fp_arith_inst_retired.256b_packed_double:u	906	0	0
fp_arith_inst_retired.256b_packed_double:u	907	0	0
fp_arith_inst_retired.256b_packed_double:u	908	0	0
fp_arith_inst_retired.256b_packed_double:u	909	0	0
fp_arith_inst_retired.256b_packed_double:u	910	0	0
fp_arith_inst_retired.256b_packed_double:u	911	0	0
fp_arith_inst_retired.256b_packed_double:u	912	0	0
fp_arith_inst_retired.256b_packed_double:u	913	0	0
fp_arith_inst_retired.256b_packed_double:u	914	0	0
fp_arith_inst_retired.256b_packed_double:u	915	0	0
fp_arith_inst_retired.256b_packed_double:u	916	0	0
fp_arith_inst_retired.256b_packed_double:u	917	0	0
fp_arith_inst_retired.256b_packed_double:u	918	0	0
fp_arith_inst_retired.256b_packed_double:u	919	0	0
fp_arith_inst_retired.256b_packed_double:u	920	0	0
fp_arith_inst_retired.256b_packed_double:u	921	0	0
fp_arith_inst_retired.256b_packed_double:u	922	0	0
fp_arith_inst_retired.256b_packed_double:u	923	0	0
fp_arith_inst_retired.256b_packed_double:u	924	0	0
fp_arith_inst_retired.256b_packed_double:u	925	0	0
fp_arith_inst_retired.256b_packed_double:u	926	0	0
fp_arith_inst_retired.256b_packed_double:u	927	0	0
fp_arith_inst_retired.256b_packed_double:u	928	0	0
fp_arith_inst_retired.256b_packed_double:u	929	0	0
fp_arith_inst_retired.256b_packed_double:u	930	0	0
fp_arith_inst_retired.256b_packed_double:u	931	0	0
fp_arith_inst_retired.256b_packed_double:u	932	0	0
fp_arith_inst_retired.256b_packed_double:u	933	0	0
fp_arith_inst_retired.256b_packed_double:u	934	0	0
fp_arith_inst_retired.256b_packed_double:u	935	0	0
fp_arith_inst_retired.256b_packed_double:u	936	0	0
fp_arith_inst_retired.256b_packed_double:u	937	0	0
fp_arith_inst_retired.256b_packed_double:u	938	0	0
fp_arith_inst_retired.256b_packed_double:u	939	0	0
fp_arith_inst_retired.256b_packed_double:u	940	0	0
fp_arith_inst_retired.256b_packed_double:u	941	0	0
fp_arith_inst_retired.256b_packed_double:u	942	0	0
fp_arith_inst_retired.256b_packed_double:u	943	0	0
fp_arith_inst_retired.256b_packed_double:u	944	0	0
fp_arith_inst_retired.256b_packed_double:u	945	0	0
fp_arith_inst_retired.256b_packed_double:u	946	0	0
fp_arith_inst_retired.256b_packed_double:u	947	0	0
fp_arith_inst_retired.256b_packed_double:u	948	0	0
fp_arith_inst_retired.256b_packed_double:u	949	0	0
fp_arith_inst_retired.256b_packed_double:u	950	0	0
fp_arith_inst_retired.256b_packed_double:u	951	0	0
fp_arith_inst_retired.256b_packed_double:u	952	0	0
fp_arith_inst_retired.256b_packed_double:u	953	0	0
fp_arith_inst_retired.256b_packed_double:u	954	0	0
fp_arith_inst_retired.256b_packed_double:u	955	0	0
fp_arith_inst_retired.256b_packed_double:u	956	0	0
fp_arith_inst_retired.256b_packed_double:u	957	0	0
fp_arith_inst_retired.256b_packed_double:u	958	0	0
fp_arith_inst_retired.256b_packed_double:u	959	0	0
fp_arith_inst_retired.256b_packed_double:u	960	0	0
fp_arith_inst_retired.256b_packed_double:u	961	0	0
fp_arith_inst_retired.256b_packed_double:u	962	0	0
fp_arith_inst_retired.256b_packed_double:u	963	0	0
fp_arith_inst_retired.256b_packed_double:u	964	0	0
fp_arith_inst_retired.256b_packed_double:u	965	0	0
fp_arith_inst_retired.256b_packed_double:u	966	0	0
fp_arith_inst_retired.256b_packed_double:u	967	0	0
fp_arith_inst_retired.256b_packed_double:u	968	0	0
fp_arith_inst_retired.256b_packed_double:u	969	0	0
fp_arith_inst_retired.256b_packed_double:u	970	0	0
fp_arith_inst_retired.256b_packed_double:u	971	0	0
fp_arith_inst_retired.256b_packed_double:u	972	0	0
fp_arith_inst_retired.256b_packed_double:u	973	0	0
fp_arith_inst_retired.256b_packed_double:u	974	0	0
fp_arith_inst_retired.256b_packed_double:u	975	0	0
fp_arith_inst_retired.256b_packed_double:u	976	0	0
fp_arith_inst_retired.256b_packed_double:u	977	0	0
fp_arith_inst_retired.256b_packed_double:u	978	0	0
fp_arith_inst_retired.256b_packed_double:u	979	0	0
fp_arith_inst_retired.256b_packed_double:u	980	0	0
fp_arith_inst_retired.256b_packed_double:u	981	0	0
fp_arith_inst_retired.256b_packed_double:u	982	0	0
fp_arith_inst_retired.256b_packed_double:u	983	0	0
fp_arith_inst_retired.256b_packed_double:u	984	0	0
fp_arith_inst_retired.256b_packed_double:u	985	0	0
fp_arith_inst_retired.256b_packed_double:u	986	0	0
fp_arith_inst_retired.256b_packed_double:u	987	0	0
fp_arith_inst_retired.256b_packed_double:u	988	0	0
fp_arith_inst_retired.256b_packed_double:u	989	0	0
fp_arith_inst_retired.256b_packed_double:u	990	0	0
fp_arith_inst_retired.256b_packed_double:u	991	0	0
fp_arith_inst_retired.256b_packed_double:u	992	0	0
fp_arith_inst_retired.256b_packed_double:u	993	0	0
fp_arith_inst_retired.256b_packed_double:u	994	0	0
fp_arith_inst_retired.256b_packed_double:u	995	0	0
fp_arith_inst_retired.256b_packed_double:u	996	0	0
fp_arith_inst_retired.256b_packed_double:u	997	0	0
fp_arith_inst_retired.256b_packed_double:u	998	0	0
fp_arith_inst_retired.256b_packed_double:u	999	0	0
fp_arith_inst_retired.256b_packed_double:u	1000	0	0
icache_tag.stalls:u	1	20725	0
icache_tag.stalls:u	2	999	0
idq_uops_not_delivered.cycles_le_1_uop_deliv.core:u	1	3137698239	0
idq_uops_not_delivered.cycles_le_1_uop_deliv.core:u	2	3135412363	0
rtm_retired.aborted_unfriendly:u	1	0	0
rtm_retired.aborted_unfriendly:u	2	0	0
rtm_retired.aborted_unfriendly:u	3	0	0
rtm_retired.aborted_unfriendly:u	4	0	0
rtm_retired.aborted_unfriendly:u	5	0	0
rtm_retired.aborted_unfriendly:u	6	0	0
rtm_retired.aborted_unfriendly:u	7	0	0
rtm_retired.aborted_unfriendly:u	8	0	0
rtm_retired.aborted_unfriendly:u	9	0	0
rtm_retired.aborted_unfriendly:u	10	0	0
rtm_retired.aborted_unfriendly:u	11	0	0
rtm_retired.aborted_unfriendly:u	12	0	0
rtm_retired.aborted_unfriendly:u	13	0	0
rtm_retired.aborted_unfriendly:u	14	0	0
rtm_retired.aborted_unfriendly:u	15	0	0
rtm_retired.aborted_unfriendly:u	16	0	0
rtm_retired.aborted_unfriendly:u	17	0	0
rtm_retired.aborted_unfriendly:u	18	0	0
rtm_retired.aborted_unfriendly:u	19	0	0
rtm_retired.aborted_unfriendly:u	20	0	0
rtm_retired.aborted_unfriendly:u	21	0	0
rtm_retired.aborted_unfriendly:u	22	0	0
rtm_retired.aborted_unfriendly:u	23	0	0
rtm_retired.aborted_unfriendly:u	24	0	0
rtm_retired.aborted_unfriendly:u	25	0	0
rtm_retired.aborted_unfriendly:u	26	0	0
rtm_retired.aborted_unfriendly:u	27	0	0
rtm_retired.aborted_unfriendly:u	28	0	0
rtm_retired.aborted_unfriendly:u	29	0	0
rtm_retired.aborted_unfriendly:u	30	0	0
rtm_retired.aborted_unfriendly:u	31	0	0
rtm_retired.aborted_unfriendly:u	32	0	0
rtm_retired.aborted_unfriendly:u	33	0	0
rtm_retired.aborted_unfriendly:u	34	0	0
rtm_retired.aborted_unfriendly:u	35	0	0
rtm_retired.aborted_unfriendly:u	36	0	0
rtm_retired.aborted_unfriendly:u	37	0	0
rtm_retired.aborted_unfriendly:u	38	0	0
rtm_retired.aborted_unfriendly:u	39	0	0
rtm_retired.aborted_unfriendly:u	40	0	0
rtm_retired.aborted_unfriendly:u	41	0	0
rtm_retired.aborted_unfriendly:u	42	0	0
rtm_retired.aborted_unfriendly:u	43	0	0
rtm_retired.aborted_unfriendly:u	44	0	0
rtm_retired.aborted_unfriendly:u	45	0	0
rtm_retired.aborted_unfriendly:u	46	0	0
rtm_retired.aborted_unfriendly:u	47	0	0
rtm_retired.aborted_unfriendly:u	48	0	0
rtm_retired.aborted_unfriendly:u	49	0	0
rtm_retired.aborted_unfriendly:u	50	0	0
rtm_retired.aborted_unfriendly:u	51	0	0
rtm_retired.aborted_unfriendly:u	52	0	0
rtm_retired.aborted_unfriendly:u	53	0	0
rtm_retired.aborted_unfriendly:u	54	0	0
rtm_retired.aborted_unfriendly:u	55	0	0
rtm_retired.aborted_unfriendly:u	56	0	0
rtm_retired.aborted_unfriendly:u	57	0	0
rtm_retired.aborted_unfriendly:u	58	0	0
rtm_retired.aborted_unfriendly:u	59	0	0
rtm_retired.aborted_unfriendly:u	60	0	0
rtm_retired.aborted_unfriendly:u	61	0	0
rtm_retired.aborted_unfriendly:u	62	0	0
rtm_retired.aborted_unfriendly:u	63	0	0
rtm_retired.aborted_unfriendly:u	64	0	0
rtm_retired.aborted_unfriendly:u	65	0	0
rtm_retired.aborted_unfriendly:u	66	0	0
rtm_retired.aborted_unfriendly:u	67	0	0
rtm_retired.aborted_unfriendly:u	68	0	0
rtm_retired.aborted_unfriendly:u	69	0	0
rtm_retired.aborted_unfriendly:u	70	0	0
rtm_retired.aborted_unfriendly:u	71	0	0
rtm_retired.aborted_unfriendly:u	72	0	0
rtm_retired.aborted_unfriendly:u	73	0	0
rtm_retired.aborted_unfriendly:u	74	0	0
rtm_retired.aborted_unfriendly:u	75	0	0
rtm_retired.aborted_unfriendly:u	76	0	0
rtm_retired.aborted_unfriendly:u	77	0	0
rtm_retired.aborted_unfriendly:u	78	0	0
rtm_retired.aborted_unfriendly:u	79	0	0
rtm_retired.aborted_unfriendly:u	80	0	0
rtm_retired.aborted_unfriendly:u	81	0	0
rtm_retired.aborted_unfriendly:u	82	0	0
rtm_retired.aborted_unfriendly:u	83	0	0
rtm_retired.aborted_unfriendly:u	84	0	0
rtm_retired.aborted_unfriendly:u	85	0	0
rtm_retired.aborted_unfriendly:u	86	0	0
rtm_retired.aborted_unfriendly:u	87	0	0
rtm_retired.aborted_unfriendly:u	88	0	0
rtm_retired.aborted_unfriendly:u	89	0	0
rtm_retired.aborted_unfriendly:u	90	0	0
rtm_retired.aborted_unfriendly:u	91	0	0
rtm_retired.aborted_unfriendly:u	92	0	0
rtm_retired.aborted_unfriendly:u	93	0	0
rtm_retired.aborted_unfriendly:u	94	0	0
rtm_retired.aborted_unfriendly:u	95	0	0
rtm_retired.aborted_unfriendly:u	96	0	0
rtm_retired.aborted_unfriendly:u	97	0	0
rtm_retired.aborted_unfriendly:u	98	0	0
rtm_retired.aborted_unfriendly:u	99	0	0
rtm_retired.aborted_unfriendly:u	100	0	0
rtm_retired.aborted_unfriendly:u	101	0	0
rtm_retired.aborted_unfriendly:u	102	0	0
rtm_retired.aborted_unfriendly:u	103	0	0
rtm_retired.aborted_unfriendly:u	104	0	0
rtm_retired.aborted_unfriendly:u	105	0	0
rtm_retired.aborted_unfriendly:u	106	0	0
rtm_retired.aborted_unfriendly:u	107	0	0
rtm_retired.aborted_unfriendly:u	108	0	0
rtm_retired.aborted_unfriendly:u	109	0	0
rtm_retired.aborted_unfriendly:u	110	0	0
rtm_retired.aborted_unfriendly:u	111	0	0
rtm_retired.aborted_unfriendly:u	112	0	0
rtm_retired.aborted_unfriendly:u	113	0	0
rtm_retired.aborted_unfriendly:u	114	0	0
rtm_retired.aborted_unfriendly:u	115	0	0
rtm_retired.aborted_unfriendly:u	116	0	0
rtm_retired.aborted_unfriendly:u	117	0	0
rtm_retired.aborted_unfriendly:u	118	0	0
rtm_retired.aborted_unfriendly:u	119	0	0
rtm_retired.aborted_unfriendly:u	120	0	0
rtm_retired.aborted_unfriendly:u	121	0	0
rtm_retired.aborted_unfriendly:u	122	0	0
rtm_retired.aborted_unfriendly:u	123	0	0
rtm_retired.aborted_unfriendly:u	124	0	0
rtm_retired.aborted_unfriendly:u	125	0	0
rtm_retired.aborted_unfriendly:u	126	0	0
rtm_retired.aborted_unfriendly:u	127	0	0
rtm_retired.aborted_unfriendly:u	128	0	0
rtm_retired.aborted_unfriendly:u	129	0	0
rtm_retired.aborted_unfriendly:u	130	0	0
rtm_retired.aborted_unfriendly:u	131	0	0
rtm_retired.aborted_unfriendly:u	132	0	0
rtm_retired.aborted_unfriendly:u	133	0	0
rtm_retired.aborted_unfriendly:u	134	0	0
rtm_retired.aborted_unfriendly:u	135	0	0
rtm_retired.aborted_unfriendly:u	136	0	0
rtm_retired.aborted_unfriendly:u	137	0	0
rtm_retired.aborted_unfriendly:u	138	0	0
rtm_retired.aborted_unfriendly:u	139	0	0
rtm_retired.aborted_unfriendly:u	140	0	0
rtm_retired.aborted_unfriendly:u	141	0	0
rtm_retired.aborted_unfriendly:u	142	0	0
rtm_retired.aborted_unfriendly:u	143	0	0
rtm_retired.aborted_unfriendly:u	144	0	0
rtm_retired.aborted_unfriendly:u	145	0	0
rtm_retired.aborted_unfriendly:u	146	0	0
rtm_retired.aborted_unfriendly:u	147	0	0
rtm_retired.aborted_unfriendly:u	148	0	0
rtm_retired.aborted_unfriendly:u	149	0	0
rtm_retired.aborted_unfriendly:u	150	0	0
rtm_retired.aborted_unfriendly:u	151	0	0
rtm_retired.aborted_unfriendly:u	152	0	0
rtm_retired.aborted_unfriendly:u	153	0	0
rtm_retired.aborted_unfriendly:u	154	0	0
rtm_retired.aborted_unfriendly:u	155	0	0
rtm_retired.aborted_unfriendly:u	156	0	0
rtm_retired.aborted_unfriendly:u	157	0	0
rtm_retired.aborted_unfriendly:u	158	0	0
rtm_retired.aborted_unfriendly:u	159	0	0
rtm_retired.aborted_unfriendly:u	160	0	0
rtm_retired.aborted_unfriendly:u	161	0	0
rtm_retired.aborted_unfriendly:u	162	0	0
rtm_retired.aborted_unfriendly:u	163	0	0
rtm_retired.aborted_unfriendly:u	164	0	0
rtm_retired.aborted_unfriendly:u	165	0	0
rtm_retired.aborted_unfriendly:u	166	0	0
rtm_retired.aborted_unfriendly:u	167	0	0
rtm_retired.aborted_unfriendly:u	168	0	0
rtm_retired.aborted_unfriendly:u	169	0	0
rtm_retired.aborted_unfriendly:u	170	0	0
rtm_retired.aborted_unfriendly:u	171	0	0
rtm_retired.aborted_unfriendly:u	172	0	0
rtm_retired.aborted_unfriendly:u	173	0	0
rtm_retired.aborted_unfriendly:u	174	0	0
rtm_retired.aborted_unfriendly:u	175	0	0
rtm_retired.aborted_unfriendly:u	176	0	0
rtm_retired.aborted_unfriendly:u	177	0	0
rtm_retired.aborted_unfriendly:u	178	0	0
rtm_retired.aborted_unfriendly:u	179	0	0
rtm_retired.aborted_unfriendly:u	180	0	0
rtm_retired.aborted_unfriendly:u	181	0	0
rtm_retired.aborted_unfriendly:u	182	0	0
rtm_retired.aborted_unfriendly:u	183	0	0
rtm_retired.aborted_unfriendly:u	184	0	0
rtm_retired.aborted_unfriendly:u	185	0	0
rtm_retired.aborted_unfriendly:u	186	0	0
rtm_retired.aborted_unfriendly:u	187	0	0
rtm_retired.aborted_unfriendly:u	188	0	0
rtm_retired.aborted_unfriendly:u	189	0	0
rtm_retired.aborted_unfriendly:u	190	0	0
rtm_retired.aborted_unfriendly:u	191	0	0
rtm_retired.aborted_unfriendly:u	192	0	0
rtm_retired.aborted_unfriendly:u	193	0	0
rtm_retired.aborted_unfriendly:u	194	0	0
rtm_retired.aborted_unfriendly:u	195	0	0
rtm_retired.aborted_unfriendly:u	196	0	0
rtm_retired.aborted_unfriendly:u	197	0	0
rtm_retired.aborted_unfriendly:u	198	0	0
rtm_retired.aborted_unfriendly:u	199	0	0
rtm_retired.aborted_unfriendly:u	200	0	0
rtm_retired.aborted_unfriendly:u	201	0	0
rtm_retired.aborted_unfriendly:u	202	0	0
rtm_retired.aborted_unfriendly:u	203	0	0
rtm_retired.aborted_unfriendly:u	204	0	0
rtm_retired.aborted_unfriendly:u	205	0	0
rtm_retired.aborted_unfriendly:u	206	0	0
rtm_retired.aborted_unfriendly:u	207	0	0
rtm_retired.aborted_unfriendly:u	208	0	0
rtm_retired.aborted_unfriendly:u	209	0	0
rtm_retired.aborted_unfriendly:u	210	0	0
rtm_retired.aborted_unfriendly:u	211	0	0
rtm_retired.aborted_unfriendly:u	212	0	0
rtm_retired.aborted_unfriendly:u	213	0	0
rtm_retired.aborted_unfriendly:u	214	0	0
rtm_retired.aborted_unfriendly:u	215	0	0
rtm_retired.aborted_unfriendly:u	216	0	0
rtm_retired.aborted_unfriendly:u	217	0	0
rtm_retired.aborted_unfriendly:u	218	0	0
rtm_retired.aborted_unfriendly:u	219	0	0
rtm_retired.aborted_unfriendly:u	220	0	0
rtm_retired.aborted_unfriendly:u	221	0	0
rtm_retired.aborted_unfriendly:u	222	0	0
rtm_retired.aborted_unfriendly:u	223	0	0
rtm_retired.aborted_unfriendly:u	224	0	0
rtm_retired.aborted_unfriendly:u	225	0	0
rtm_retired.aborted_unfriendly:u	226	0	0
rtm_retired.aborted_unfriendly:u	227	0	0
rtm_retired.aborted_unfriendly:u	228	0	0
rtm_retired.aborted_unfriendly:u	229	0	0
rtm_retired.aborted_unfriendly:u	230	0	0
rtm_retired.aborted_unfriendly:u	231	0	0
rtm_retired.aborted_unfriendly:u	232	0	0
rtm_retired.aborted_unfriendly:u	233	0	0
rtm_retired.aborted_unfriendly:u	234	0	0
rtm_retired.aborted_unfriendly:u	235	0	0
rtm_retired.aborted_unfriendly:u	236	0	0
rtm_retired.aborted_unfriendly:u	237	0	0
rtm_retired.aborted_unfriendly:u	238	0	0
rtm_retired.aborted_unfriendly:u	239	0	0
rtm_retired.aborted_unfriendly:u	240	0	0
rtm_retired.aborted_unfriendly:u	241	0	0
rtm_retired.aborted_unfriendly:u	242	0	0
rtm_retired.aborted_unfriendly:u	243	0	0
rtm_retired.aborted_unfriendly:u	244	0	0
rtm_retired.aborted_unfriendly:u	245	0	0
rtm_retired.aborted_unfriendly:u	246	0	0
rtm_retired.aborted_unfriendly:u	247	0	0
rtm_retired.aborted_unfriendly:u	248	0	0
rtm_retired.aborted_unfriendly:u	249	0	0
rtm_retired.aborted_unfriendly:u	250	0	0
rtm_retired.aborted_unfriendly:u	251	0	0
rtm_retired.aborted_unfriendly:u	252	0	0
rtm_retired.aborted_unfriendly:u	253	0	0
rtm_retired.aborted_unfriendly:u	254	0	0
rtm_retired.aborted_unfriendly:u	255	0	0
rtm_retired.aborted_unfriendly:u	256	0	0
rtm_retired.aborted_unfriendly:u	257	0	0
rtm_retired.aborted_unfriendly:u	258	0	0
rtm_retired.aborted_unfriendly:u	259	0	0
rtm_retired.aborted_unfriendly:u	260	0	0
rtm_retired.aborted_unfriendly:u	261	0	0
rtm_retired.aborted_unfriendly:u	262	0	0
rtm_retired.aborted_unfriendly:u	263	0	0
rtm_retired.aborted_unfriendly:u	264	0	0
rtm_retired.aborted_unfriendly:u	265	0	0
rtm_retired.aborted_unfriendly:u	266	0	0
rtm_retired.aborted_unfriendly:u	267	0	0
rtm_retired.aborted_unfriendly:u	268	0	0
rtm_retired.aborted_unfriendly:u	269	0	0
rtm_retired.aborted_unfriendly:u	270	0	0
rtm_retired.aborted_unfriendly:u	271	0	0
rtm_retired.aborted_unfriendly:u	272	0	0
rtm_retired.aborted_unfriendly:u	273	0	0
rtm_retired.aborted_unfriendly:u	274	0	0
rtm_retired.aborted_unfriendly:u	275	0	0
rtm_retired.aborted_unfriendly:u	276	0	0
rtm_retired.aborted_unfriendly:u	277	0	0
rtm_retired.aborted_unfriendly:u	278	0	0
rtm_retired.aborted_unfriendly:u	279	0	0
rtm_retired.aborted_unfriendly:u	280	0	0
rtm_retired.aborted_unfriendly:u	281	0	0
rtm_retired.aborted_unfriendly:u	282	0	0
rtm_retired.aborted_unfriendly:u	283	0	0
rtm_retired.aborted_unfriendly:u	284	0	0
rtm_retired.aborted_unfriendly:u	285	0	0
rtm_retired.aborted_unfriendly:u	286	0	0
rtm_retired.aborted_unfriendly:u	287	0	0
rtm_retired.aborted_unfriendly:u	288	0	0
rtm_retired.aborted_unfriendly:u	289	0	0
rtm_retired.aborted_unfriendly:u	290	0	0
rtm_retired.aborted_unfriendly:u	291	0	0
rtm_retired.aborted_unfriendly:u	292	0	0
rtm_retired.aborted_unfriendly:u	293	0	0
rtm_retired.aborted_unfriendly:u	294	0	0
rtm_retired.aborted_unfriendly:u	295	0	0
rtm_retired.aborted_unfriendly:u	296	0	0
rtm_retired.aborted_unfriendly:u	297	0	0
rtm_retired.aborted_unfriendly:u	298	0	0
rtm_retired.aborted_unfriendly:u	299	0	0
rtm_retired.aborted_unfriendly:u	300	0	0
rtm_retired.aborted_unfriendly:u	301	0	0
rtm_retired.aborted_unfriendly:u	302	0	0
rtm_retired.aborted_unfriendly:u	303	0	0
rtm_retired.aborted_unfriendly:u	304	0	0
rtm_retired.aborted_unfriendly:u	305	0	0
rtm_retired.aborted_unfriendly:u	306	0	0
rtm_retired.aborted_unfriendly:u	307	0	0
rtm_retired.aborted_unfriendly:u	308	0	0
rtm_retired.aborted_unfriendly:u	309	0	0
rtm_retired.aborted_unfriendly:u	310	0	0
rtm_retired.aborted_unfriendly:u	311	0	0
rtm_retired.aborted_unfriendly:u	312	0	0
rtm_retired.aborted_unfriendly:u	313	0	0
rtm_retired.aborted_unfriendly:u	314	0	0
rtm_retired.aborted_unfriendly:u	315	0	0
rtm_retired.aborted_unfriendly:u	316	0	0
rtm_retired.aborted_unfriendly:u	317	0	0
rtm_retired.aborted_unfriendly:u	318	0	0
rtm_retired.aborted_unfriendly:u	319	0	0
rtm_retired.aborted_unfriendly:u	320	0	0
rtm_retired.aborted_unfriendly:u	321	0	0
rtm_retired.aborted_unfriendly:u	322	0	0
rtm_retired.aborted_unfriendly:u	323	0	0
rtm_retired.aborted_unfriendly:u	324	0	0
rtm_retired.aborted_unfriendly:u	325	0	0
rtm_retired.aborted_unfriendly:u	326	0	0
rtm_retired.aborted_unfriendly:u	327	0	0
rtm_retired.aborted_unfriendly:u	328	0	0
rtm_retired.aborted_unfriendly:u	329	0	0
rtm_retired.aborted_unfriendly:u	330	0	0
rtm_retired.aborted_unfriendly:u	331	0	0
rtm_retired.aborted_unfriendly:u	332	0	0
rtm_retired.aborted_unfriendly:u	333	0	0
rtm_retired.aborted_unfriendly:u	334	0	0
rtm_retired.aborted_unfriendly:u	335	0	0
rtm_retired.aborted_unfriendly:u	336	0	0
rtm_retired.aborted_unfriendly:u	337	0	0
rtm_retired.aborted_unfriendly:u	338	0	0
rtm_retired.aborted_unfriendly:u	339	0	0
rtm_retired.aborted_unfriendly:u	340	0	0
rtm_retired.aborted_unfriendly:u	341	0	0
rtm_retired.aborted_unfriendly:u	342	0	0
rtm_retired.aborted_unfriendly:u	343	0	0
rtm_retired.aborted_unfriendly:u	344	0	0
rtm_retired.aborted_unfriendly:u	345	0	0
rtm_retired.aborted_unfriendly:u	346	0	0
rtm_retired.aborted_unfriendly:u	347	0	0
rtm_retired.aborted_unfriendly:u	348	0	0
rtm_retired.aborted_unfriendly:u	349	0	0
rtm_retired.aborted_unfriendly:u	350	0	0
rtm_retired.aborted_unfriendly:u	351	0	0
rtm_retired.aborted_unfriendly:u	352	0	0
rtm_retired.aborted_unfriendly:u	353	0	0
rtm_retired.aborted_unfriendly:u	354	0	0
rtm_retired.aborted_unfriendly:u	355	0	0
rtm_retired.aborted_unfriendly:u	356	0	0
rtm_retired.aborted_unfriendly:u	357	0	0
rtm_retired.aborted_unfriendly:u	358	0	0
rtm_retired.aborted_unfriendly:u	359	0	0
rtm_retired.aborted_unfriendly:u	360	0	0
rtm_retired.aborted_unfriendly:u	361	0	0
rtm_retired.aborted_unfriendly:u	362	0	0
rtm_retired.aborted_unfriendly:u	363	0	0
rtm_retired.aborted_unfriendly:u	364	0	0
rtm_retired.aborted_unfriendly:u	365	0	0
rtm_retired.aborted_unfriendly:u	366	0	0
rtm_retired.aborted_unfriendly:u	367	0	0
rtm_retired.aborted_unfriendly:u	368	0	0
rtm_retired.aborted_unfriendly:u	369	0	0
rtm_retired.aborted_unfriendly:u	370	0	0
rtm_retired.aborted_unfriendly:u	371	0	0
rtm_retired.aborted_unfriendly:u	372	0	0
rtm_retired.aborted_unfriendly:u	373	0	0
rtm_retired.aborted_unfriendly:u	374	0	0
rtm_retired.aborted_unfriendly:u	375	0	0
rtm_retired.aborted_unfriendly:u	376	0	0
rtm_retired.aborted_unfriendly:u	377	0	0
rtm_retired.aborted_unfriendly:u	378	0	0
rtm_retired.aborted_unfriendly:u	379	0	0
rtm_retired.aborted_unfriendly:u	380	0	0
rtm_retired.aborted_unfriendly:u	381	0	0
rtm_retired.aborted_unfriendly:u	382	0	0
rtm_retired.aborted_unfriendly:u	383	0	0
rtm_retired.aborted_unfriendly:u	384	0	0
rtm_retired.aborted_unfriendly:u	385	0	0
rtm_retired.aborted_unfriendly:u	386	0	0
rtm_retired.aborted_unfriendly:u	387	0	0
rtm_retired.aborted_unfriendly:u	388	0	0
rtm_retired.aborted_unfriendly:u	389	0	0
rtm_retired.aborted_unfriendly:u	390	0	0
rtm_retired.aborted_unfriendly:u	391	0	0
rtm_retired.aborted_unfriendly:u	392	0	0
rtm_retired.aborted_unfriendly:u	393	0	0
rtm_retired.aborted_unfriendly:u	394	0	0
rtm_retired.aborted_unfriendly:u	395	0	0
rtm_retired.aborted_unfriendly:u	396	0	0
rtm_retired.aborted_unfriendly:u	397	0	0
rtm_retired.aborted_unfriendly:u	398	0	0
rtm_retired.aborted_unfriendly:u	399	0	0
rtm_retired.aborted_unfriendly:u	400	0	0
rtm_retired.aborted_unfriendly:u	401	0	0
rtm_retired.aborted_unfriendly:u	402	0	0
rtm_retired.aborted_unfriendly:u	403	0	0
rtm_retired.aborted_unfriendly:u	404	0	0
rtm_retired.aborted_unfriendly:u	405	0	0
rtm_retired.aborted_unfriendly:u	406	0	0
rtm_retired.aborted_unfriendly:u	407	0	0
rtm_retired.aborted_unfriendly:u	408	0	0
rtm_retired.aborted_unfriendly:u	409	0	0
rtm_retired.aborted_unfriendly:u	410	0	0
rtm_retired.aborted_unfriendly:u	411	0	0
rtm_retired.aborted_unfriendly:u	412	0	0
rtm_retired.aborted_unfriendly:u	413	0	0
rtm_retired.aborted_unfriendly:u	414	0	0
rtm_retired.aborted_unfriendly:u	415	0	0
rtm_retired.aborted_unfriendly:u	416	0	0
rtm_retired.aborted_unfriendly:u	417	0	0
rtm_retired.aborted_unfriendly:u	418	0	0
rtm_retired.aborted_unfriendly:u	419	0	0
rtm_retired.aborted_unfriendly:u	420	0	0
rtm_retired.aborted_unfriendly:u	421	0	0
rtm_retired.aborted_unfriendly:u	422	0	0
rtm_retired.aborted_unfriendly:u	423	0	0
rtm_retired.aborted_unfriendly:u	424	0	0
rtm_retired.aborted_unfriendly:u	425	0	0
rtm_retired.aborted_unfriendly:u	426	0	0
rtm_retired.aborted_unfriendly:u	427	0	0
rtm_retired.aborted_unfriendly:u	428	0	0
rtm_retired.aborted_unfriendly:u	429	0	0
rtm_retired.aborted_unfriendly:u	430	0	0
rtm_retired.aborted_unfriendly:u	431	0	0
rtm_retired.aborted_unfriendly:u	432	0	0
rtm_retired.aborted_unfriendly:u	433	0	0
rtm_retired.aborted_unfriendly:u	434	0	0
rtm_retired.aborted_unfriendly:u	435	0	0
rtm_retired.aborted_unfriendly:u	436	0	0
rtm_retired.aborted_unfriendly:u	437	0	0
rtm_retired.aborted_unfriendly:u	438	0	0
rtm_retired.aborted_unfriendly:u	439	0	0
rtm_retired.aborted_unfriendly:u	440	0	0
rtm_retired.aborted_unfriendly:u	441	0	0
rtm_retired.aborted_unfriendly:u	442	0	0
rtm_retired.aborted_unfriendly:u	443	0	0
rtm_retired.aborted_unfriendly:u	444	0	0
rtm_retired.aborted_unfriendly:u	445	0	0
rtm_retired.aborted_unfriendly:u	446	0	0
rtm_retired.aborted_unfriendly:u	447	0	0
rtm_retired.aborted_unfriendly:u	448	0	0
rtm_retired.aborted_unfriendly:u	449	0	0
rtm_retired.aborted_unfriendly:u	450	0	0
rtm_retired.aborted_unfriendly:u	451	0	0
rtm_retired.aborted_unfriendly:u	452	0	0
rtm_retired.aborted_unfriendly:u	453	0	0
rtm_retired.aborted_unfriendly:u	454	0	0
rtm_retired.aborted_unfriendly:u	455	0	0
rtm_retired.aborted_unfriendly:u	456	0	0
rtm_retired.aborted_unfriendly:u	457	0	0
rtm_retired.aborted_unfriendly:u	458	0	0
rtm_retired.aborted_unfriendly:u	459	0	0
rtm_retired.aborted_unfriendly:u	460	0	0
rtm_retired.aborted_unfriendly:u	461	0	0
rtm_retired.aborted_unfriendly:u	462	0	0
rtm_retired.aborted_unfriendly:u	463	0	0
rtm_retired.aborted_unfriendly:u	464	0	0
rtm_retired.aborted_unfriendly:u	465	0	0
rtm_retired.aborted_unfriendly:u	466	0	0
rtm_retired.aborted_unfriendly:u	467	0	0
rtm_retired.aborted_unfriendly:u	468	0	0
rtm_retired.aborted_unfriendly:u	469	0	0
rtm_retired.aborted_unfriendly:u	470	0	0
rtm_retired.aborted_unfriendly:u	471	0	0
rtm_retired.aborted_unfriendly:u	472	0	0
rtm_retired.aborted_unfriendly:u	473	0	0
rtm_retired.aborted_unfriendly:u	474	0	0
rtm_retired.aborted_unfriendly:u	475	0	0
rtm_retired.aborted_unfriendly:u	476	0	0
rtm_retired.aborted_unfriendly:u	477	0	0
rtm_retired.aborted_unfriendly:u	478	0	0
rtm_retired.aborted_unfriendly:u	479	0	0
rtm_retired.aborted_unfriendly:u	480	0	0
rtm_retired.aborted_unfriendly:u	481	0	0
rtm_retired.aborted_unfriendly:u	482	0	0
rtm_retired.aborted_unfriendly:u	483	0	0
rtm_retired.aborted_unfriendly:u	484	0	0
rtm_retired.aborted_unfriendly:u	485	0	0
rtm_retired.aborted_unfriendly:u	486	0	0
rtm_retired.aborted_unfriendly:u	487	0	0
rtm_retired.aborted_unfriendly:u	488	0	0
rtm_retired.aborted_unfriendly:u	489	0	0
rtm_retired.aborted_unfriendly:u	490	0	0
rtm_retired.aborted_unfriendly:u	491	0	0
rtm_retired.aborted_unfriendly:u	492	0	0
rtm_retired.aborted_unfriendly:u	493	0	0
rtm_retired.aborted_unfriendly:u	494	0	0
rtm_retired.aborted_unfriendly:u	495	0	0
rtm_retired.aborted_unfriendly:u	496	0	0
rtm_retired.aborted_unfriendly:u	497	0	0
rtm_retired.aborted_unfriendly:u	498	0	0
rtm_retired.aborted_unfriendly:u	499	0	0
rtm_retired.aborted_unfriendly:u	500	0	0
rtm_retired.aborted_unfriendly:u	501	0	0
rtm_retired.aborted_unfriendly:u	502	0	0
rtm_retired.aborted_unfriendly:u	503	0	0
rtm_retired.aborted_unfriendly:u	504	0	0
rtm_retired.aborted_unfriendly:u	505	0	0
rtm_retired.aborted_unfriendly:u	506	0	0
rtm_retired.aborted_unfriendly:u	507	0	0
rtm_retired.aborted_unfriendly:u	508	0	0
rtm_retired.aborted_unfriendly:u	509	0	0
rtm_retired.aborted_unfriendly:u	510	0	0
rtm_retired.aborted_unfriendly:u	511	0	0
rtm_retired.aborted_unfriendly:u	512	0	0
rtm_retired.aborted_unfriendly:u	513	0	0
rtm_retired.aborted_unfriendly:u	514	0	0
rtm_retired.aborted_unfriendly:u	515	0	0
rtm_retired.aborted_unfriendly:u	516	0	0
rtm_retired.aborted_unfriendly:u	517	0	0
rtm_retired.aborted_unfriendly:u	518	0	0
rtm_retired.aborted_unfriendly:u	519	0	0
rtm_retired.aborted_unfriendly:u	520	0	0
rtm_retired.aborted_unfriendly:u	521	0	0
rtm_retired.aborted_unfriendly:u	522	0	0
rtm_retired.aborted_unfriendly:u	523	0	0
rtm_retired.aborted_unfriendly:u	524	0	0
rtm_retired.aborted_unfriendly:u	525	0	0
rtm_retired.aborted_unfriendly:u	526	0	0
rtm_retired.aborted_unfriendly:u	527	0	0
rtm_retired.aborted_unfriendly:u	528	0	0
rtm_retired.aborted_unfriendly:u	529	0	0
rtm_retired.aborted_unfriendly:u	530	0	0
rtm_retired.aborted_unfriendly:u	531	0	0
rtm_retired.aborted_unfriendly:u	532	0	0
rtm_retired.aborted_unfriendly:u	533	0	0
rtm_retired.aborted_unfriendly:u	534	0	0
rtm_retired.aborted_unfriendly:u	535	0	0
rtm_retired.aborted_unfriendly:u	536	0	0
rtm_retired.aborted_unfriendly:u	537	0	0
rtm_retired.aborted_unfriendly:u	538	0	0
rtm_retired.aborted_unfriendly:u	539	0	0
rtm_retired.aborted_unfriendly:u	540	0	0
rtm_retired.aborted_unfriendly:u	541	0	0
rtm_retired.aborted_unfriendly:u	542	0	0
rtm_retired.aborted_unfriendly:u	543	0	0
rtm_retired.aborted_unfriendly:u	544	0	0
rtm_retired.aborted_unfriendly:u	545	0	0
rtm_retired.aborted_unfriendly:u	546	0	0
rtm_retired.aborted_unfriendly:u	547	0	0
rtm_retired.aborted_unfriendly:u	548	0	0
rtm_retired.aborted_unfriendly:u	549	0	0
rtm_retired.aborted_unfriendly:u	550	0	0
rtm_retired.aborted_unfriendly:u	551	0	0
rtm_retired.aborted_unfriendly:u	552	0	0
rtm_retired.aborted_unfriendly:u	553	0	0
rtm_retired.aborted_unfriendly:u	554	0	0
rtm_retired.aborted_unfriendly:u	555	0	0
rtm_retired.aborted_unfriendly:u	556	0	0
rtm_retired.aborted_unfriendly:u	557	0	0
rtm_retired.aborted_unfriendly:u	558	0	0
rtm_retired.aborted_unfriendly:u	559	0	0
rtm_retired.aborted_unfriendly:u	560	0	0
rtm_retired.aborted_unfriendly:u	561	0	0
rtm_retired.aborted_unfriendly:u	562	0	0
rtm_retired.aborted_unfriendly:u	563	0	0
rtm_retired.aborted_unfriendly:u	564	0	0
rtm_retired.aborted_unfriendly:u	565	0	0
rtm_retired.aborted_unfriendly:u	566	0	0
rtm_retired.aborted_unfriendly:u	567	0	0
rtm_retired.aborted_unfriendly:u	568	0	0
rtm_retired.aborted_unfriendly:u	569	0	0
rtm_retired.aborted_unfriendly:u	570	0	0
rtm_retired.aborted_unfriendly:u	571	0	0
rtm_retired.aborted_unfriendly:u	572	0	0
rtm_retired.aborted_unfriendly:u	573	0	0
rtm_retired.aborted_unfriendly:u	574	0	0
rtm_retired.aborted_unfriendly:u	575	0	0
rtm_retired.aborted_unfriendly:u	576	0	0
rtm_retired.aborted_unfriendly:u	577	0	0
rtm_retired.aborted_unfriendly:u	578	0	0
rtm_retired.aborted_unfriendly:u	579	0	0
rtm_retired.aborted_unfriendly:u	580	0	0
rtm_retired.aborted_unfriendly:u	581	0	0
rtm_retired.aborted_unfriendly:u	582	0	0
rtm_retired.aborted_unfriendly:u	583	0	0
rtm_retired.aborted_unfriendly:u	584	0	0
rtm_retired.aborted_unfriendly:u	585	0	0
rtm_retired.aborted_unfriendly:u	586	0	0
rtm_retired.aborted_unfriendly:u	587	0	0
rtm_retired.aborted_unfriendly:u	588	0	0
rtm_retired.aborted_unfriendly:u	589	0	0
rtm_retired.aborted_unfriendly:u	590	0	0
rtm_retired.aborted_unfriendly:u	591	0	0
rtm_retired.aborted_unfriendly:u	592	0	0
rtm_retired.aborted_unfriendly:u	593	0	0
rtm_retired.aborted_unfriendly:u	594	0	0
rtm_retired.aborted_unfriendly:u	595	0	0
rtm_retired.aborted_unfriendly:u	596	0	0
rtm_retired.aborted_unfriendly:u	597	0	0
rtm_retired.aborted_unfriendly:u	598	0	0
rtm_retired.aborted_unfriendly:u	599	0	0
rtm_retired.aborted_unfriendly:u	600	0	0
rtm_retired.aborted_unfriendly:u	601	0	0
rtm_retired.aborted_unfriendly:u	602	0	0
rtm_retired.aborted_unfriendly:u	603	0	0
rtm_retired.aborted_unfriendly:u	604	0	0
rtm_retired.aborted_unfriendly:u	605	0	0
rtm_retired.aborted_unfriendly:u	606	0	0
rtm_retired.aborted_unfriendly:u	607	0	0
rtm_retired.aborted_unfriendly:u	608	0	0
rtm_retired.aborted_unfriendly:u	609	0	0
rtm_retired.aborted_unfriendly:u	610	0	0
rtm_retired.aborted_unfriendly:u	611	0	0
rtm_retired.aborted_unfriendly:u	612	0	0
rtm_retired.aborted_unfriendly:u	613	0	0
rtm_retired.aborted_unfriendly:u	614	0	0
rtm_retired.aborted_unfriendly:u	615	0	0
rtm_retired.aborted_unfriendly:u	616	0	0
rtm_retired.aborted_unfriendly:u	617	0	0
rtm_retired.aborted_unfriendly:u	618	0	0
rtm_retired.aborted_unfriendly:u	619	0	0
rtm_retired.aborted_unfriendly:u	620	0	0
rtm_retired.aborted_unfriendly:u	621	0	0
rtm_retired.aborted_unfriendly:u	622	0	0
rtm_retired.aborted_unfriendly:u	623	0	0
rtm_retired.aborted_unfriendly:u	624	0	0
rtm_retired.aborted_unfriendly:u	625	0	0
rtm_retired.aborted_unfriendly:u	626	0	0
rtm_retired.aborted_unfriendly:u	627	0	0
rtm_retired.aborted_unfriendly:u	628	0	0
rtm_retired.aborted_unfriendly:u	629	0	0
rtm_retired.aborted_unfriendly:u	630	0	0
rtm_retired.aborted_unfriendly:u	631	0	0
rtm_retired.aborted_unfriendly:u	632	0	0
rtm_retired.aborted_unfriendly:u	633	0	0
rtm_retired.aborted_unfriendly:u	634	0	0
rtm_retired.aborted_unfriendly:u	635	0	0
rtm_retired.aborted_unfriendly:u	636	0	0
rtm_retired.aborted_unfriendly:u	637	0	0
rtm_retired.aborted_unfriendly:u	638	0	0
rtm_retired.aborted_unfriendly:u	639	0	0
rtm_retired.aborted_unfriendly:u	640	0	0
rtm_retired.aborted_unfriendly:u	641	0	0
rtm_retired.aborted_unfriendly:u	642	0	0
rtm_retired.aborted_unfriendly:u	643	0	0
rtm_retired.aborted_unfriendly:u	644	0	0
rtm_retired.aborted_unfriendly:u	645	0	0
rtm_retired.aborted_unfriendly:u	646	0	0
rtm_retired.aborted_unfriendly:u	647	0	0
rtm_retired.aborted_unfriendly:u	648	0	0
rtm_retired.aborted_unfriendly:u	649	0	0
rtm_retired.aborted_unfriendly:u	650	0	0
rtm_retired.aborted_unfriendly:u	651	0	0
rtm_retired.aborted_unfriendly:u	652	0	0
rtm_retired.aborted_unfriendly:u	653	0	0
rtm_retired.aborted_unfriendly:u	654	0	0
rtm_retired.aborted_unfriendly:u	655	0	0
rtm_retired.aborted_unfriendly:u	656	0	0
rtm_retired.aborted_unfriendly:u	657	0	0
rtm_retired.aborted_unfriendly:u	658	0	0
rtm_retired.aborted_unfriendly:u	659	0	0
rtm_retired.aborted_unfriendly:u	660	0	0
rtm_retired.aborted_unfriendly:u	661	0	0
rtm_retired.aborted_unfriendly:u	662	0	0
rtm_retired.aborted_unfriendly:u	663	0	0
rtm_retired.aborted_unfriendly:u	664	0	0
rtm_retired.aborted_unfriendly:u	665	0	0
rtm_retired.aborted_unfriendly:u	666	0	0
rtm_retired.aborted_unfriendly:u	667	0	0
rtm_retired.aborted_unfriendly:u	668	0	0
rtm_retired.aborted_unfriendly:u	669	0	0
rtm_retired.aborted_unfriendly:u	670	0	0
rtm_retired.aborted_unfriendly:u	671	0	0
rtm_retired.aborted_unfriendly:u	672	0	0
rtm_retired.aborted_unfriendly:u	673	0	0
rtm_retired.aborted_unfriendly:u	674	0	0
rtm_retired.aborted_unfriendly:u	675	0	0
rtm_retired.aborted_unfriendly:u	676	0	0
rtm_retired.aborted_unfriendly:u	677	0	0
rtm_retired.aborted_unfriendly:u	678	0	0
rtm_retired.aborted_unfriendly:u	679	0	0
rtm_retired.aborted_unfriendly:u	680	0	0
rtm_retired.aborted_unfriendly:u	681	0	0
rtm_retired.aborted_unfriendly:u	682	0	0
rtm_retired.aborted_unfriendly:u	683	0	0
rtm_retired.aborted_unfriendly:u	684	0	0
rtm_retired.aborted_unfriendly:u	685	0	0
rtm_retired.aborted_unfriendly:u	686	0	0
rtm_retired.aborted_unfriendly:u	687	0	0
rtm_retired.aborted_unfriendly:u	688	0	0
rtm_retired.aborted_unfriendly:u	689	0	0
rtm_retired.aborted_unfriendly:u	690	0	0
rtm_retired.aborted_unfriendly:u	691	0	0
rtm_retired.aborted_unfriendly:u	692	0	0
rtm_retired.aborted_unfriendly:u	693	0	0
rtm_retired.aborted_unfriendly:u	694	0	0
rtm_retired.aborted_unfriendly:u	695	0	0
rtm_retired.aborted_unfriendly:u	696	0	0
rtm_retired.aborted_unfriendly:u	697	0	0
rtm_retired.aborted_unfriendly:u	698	0	0
rtm_retired.aborted_unfriendly:u	699	0	0
rtm_retired.aborted_unfriendly:u	700	0	0
rtm_retired.aborted_unfriendly:u	701	0	0
rtm_retired.aborted_unfriendly:u	702	0	0
rtm_retired.aborted_unfriendly:u	703	0	0
rtm_retired.aborted_unfriendly:u	704	0	0
rtm_retired.aborted_unfriendly:u	705	0	0
rtm_retired.aborted_unfriendly:u	706	0	0
rtm_retired.aborted_unfriendly:u	707	0	0
rtm_retired.aborted_unfriendly:u	708	0	0
rtm_retired.aborted_unfriendly:u	709	0	0
rtm_retired.aborted_unfriendly:u	710	0	0
rtm_retired.aborted_unfriendly:u	711	0	0
rtm_retired.aborted_unfriendly:u	712	0	0
rtm_retired.aborted_unfriendly:u	713	0	0
rtm_retired.aborted_unfriendly:u	714	0	0
rtm_retired.aborted_unfriendly:u	715	0	0
rtm_retired.aborted_unfriendly:u	716	0	0
rtm_retired.aborted_unfriendly:u	717	0	0
rtm_retired.aborted_unfriendly:u	718	0	0
rtm_retired.aborted_unfriendly:u	719	0	0
rtm_retired.aborted_unfriendly:u	720	0	0
rtm_retired.aborted_unfriendly:u	721	0	0
rtm_retired.aborted_unfriendly:u	722	0	0
rtm_retired.aborted_unfriendly:u	723	0	0
rtm_retired.aborted_unfriendly:u	724	0	0
rtm_retired.aborted_unfriendly:u	725	0	0
rtm_retired.aborted_unfriendly:u	726	0	0
rtm_retired.aborted_unfriendly:u	727	0	0
rtm_retired.aborted_unfriendly:u	728	0	0
rtm_retired.aborted_unfriendly:u	729	0	0
rtm_retired.aborted_unfriendly:u	730	0	0
rtm_retired.aborted_unfriendly:u	731	0	0
rtm_retired.aborted_unfriendly:u	732	0	0
rtm_retired.aborted_unfriendly:u	733	0	0
rtm_retired.aborted_unfriendly:u	734	0	0
rtm_retired.aborted_unfriendly:u	735	0	0
rtm_retired.aborted_unfriendly:u	736	0	0
rtm_retired.aborted_unfriendly:u	737	0	0
rtm_retired.aborted_unfriendly:u	738	0	0
rtm_retired.aborted_unfriendly:u	739	0	0
rtm_retired.aborted_unfriendly:u	740	0	0
rtm_retired.aborted_unfriendly:u	741	0	0
rtm_retired.aborted_unfriendly:u	742	0	0
rtm_retired.aborted_unfriendly:u	743	0	0
rtm_retired.aborted_unfriendly:u	744	0	0
rtm_retired.aborted_unfriendly:u	745	0	0
rtm_retired.aborted_unfriendly:u	746	0	0
rtm_retired.aborted_unfriendly:u	747	0	0
rtm_retired.aborted_unfriendly:u	748	0	0
rtm_retired.aborted_unfriendly:u	749	0	0
rtm_retired.aborted_unfriendly:u	750	0	0
rtm_retired.aborted_unfriendly:u	751	0	0
rtm_retired.aborted_unfriendly:u	752	0	0
rtm_retired.aborted_unfriendly:u	753	0	0
rtm_retired.aborted_unfriendly:u	754	0	0
rtm_retired.aborted_unfriendly:u	755	0	0
rtm_retired.aborted_unfriendly:u	756	0	0
rtm_retired.aborted_unfriendly:u	757	0	0
rtm_retired.aborted_unfriendly:u	758	0	0
rtm_retired.aborted_unfriendly:u	759	0	0
rtm_retired.aborted_unfriendly:u	760	0	0
rtm_retired.aborted_unfriendly:u	761	0	0
rtm_retired.aborted_unfriendly:u	762	0	0
rtm_retired.aborted_unfriendly:u	763	0	0
rtm_retired.aborted_unfriendly:u	764	0	0
rtm_retired.aborted_unfriendly:u	765	0	0
rtm_retired.aborted_unfriendly:u	766	0	0
rtm_retired.aborted_unfriendly:u	767	0	0
rtm_retired.aborted_unfriendly:u	768	0	0
rtm_retired.aborted_unfriendly:u	769	0	0
rtm_retired.aborted_unfriendly:u	770	0	0
rtm_retired.aborted_unfriendly:u	771	0	0
rtm_retired.aborted_unfriendly:u	772	0	0
rtm_retired.aborted_unfriendly:u	773	0	0
rtm_retired.aborted_unfriendly:u	774	0	0
rtm_retired.aborted_unfriendly:u	775	0	0
rtm_retired.aborted_unfriendly:u	776	0	0
rtm_retired.aborted_unfriendly:u	777	0	0
rtm_retired.aborted_unfriendly:u	778	0	0
rtm_retired.aborted_unfriendly:u	779	0	0
rtm_retired.aborted_unfriendly:u	780	0	0
rtm_retired.aborted_unfriendly:u	781	0	0
rtm_retired.aborted_unfriendly:u	782	0	0
rtm_retired.aborted_unfriendly:u	783	0	0
rtm_retired.aborted_unfriendly:u	784	0	0
rtm_retired.aborted_unfriendly:u	785	0	0
rtm_retired.aborted_unfriendly:u	786	0	0
rtm_retired.aborted_unfriendly:u	787	0	0
