event	round	count	exit
cycles-t:u	1	0	0
cycles-t:u	2	0	0
cycles-t:u	3	0	0
cycles-t:u	4	0	0
cycles-t:u	5	0	0
cycles-t:u	6	0	0
cycles-t:u	7	0	0
cycles-t:u	8	0	0
cycles-t:u	9	0	0
cycles-t:u	10	0	0
cycles-t:u	11	0	0
cycles-t:u	12	0	0
cycles-t:u	13	0	0
cycles-t:u	14	0	0
cycles-t:u	15	0	0
cycles-t:u	16	0	0
cycles-t:u	17	0	0
cycles-t:u	18	0	0
cycles-t:u	19	0	0
cycles-t:u	20	0	0
cycles-t:u	21	0	0
cycles-t:u	22	0	0
cycles-t:u	23	0	0
cycles-t:u	24	0	0
cycles-t:u	25	0	0
cycles-t:u	26	0	0
cycles-t:u	27	0	0
cycles-t:u	28	0	0
cycles-t:u	29	0	0
cycles-t:u	30	0	0
cycles-t:u	31	0	0
cycles-t:u	32	0	0
cycles-t:u	33	0	0
cycles-t:u	34	0	0
cycles-t:u	35	0	0
cycles-t:u	36	0	0
cycles-t:u	37	0	0
cycles-t:u	38	0	0
cycles-t:u	39	0	0
cycles-t:u	40	0	0
cycles-t:u	41	0	0
cycles-t:u	42	0	0
cycles-t:u	43	0	0
cycles-t:u	44	0	0
cycles-t:u	45	0	0
cycles-t:u	46	0	0
cycles-t:u	47	0	0
cycles-t:u	48	0	0
cycles-t:u	49	0	0
cycles-t:u	50	0	0
cycles-t:u	51	0	0
cycles-t:u	52	0	0
cycles-t:u	53	0	0
cycles-t:u	54	0	0
cycles-t:u	55	0	0
cycles-t:u	56	0	0
cycles-t:u	57	0	0
cycles-t:u	58	0	0
cycles-t:u	59	0	0
cycles-t:u	60	0	0
cycles-t:u	61	0	0
cycles-t:u	62	0	0
cycles-t:u	63	0	0
cycles-t:u	64	0	0
cycles-t:u	65	0	0
cycles-t:u	66	0	0
cycles-t:u	67	0	0
cycles-t:u	68	0	0
cycles-t:u	69	0	0
cycles-t:u	70	0	0
cycles-t:u	71	0	0
cycles-t:u	72	0	0
cycles-t:u	73	0	0
cycles-t:u	74	0	0
cycles-t:u	75	0	0
cycles-t:u	76	0	0
cycles-t:u	77	0	0
cycles-t:u	78	0	0
cycles-t:u	79	0	0
cycles-t:u	80	0	0
cycles-t:u	81	0	0
cycles-t:u	82	0	0
cycles-t:u	83	0	0
cycles-t:u	84	0	0
cycles-t:u	85	0	0
cycles-t:u	86	0	0
cycles-t:u	87	0	0
cycles-t:u	88	0	0
cycles-t:u	89	0	0
cycles-t:u	90	0	0
cycles-t:u	91	0	0
cycles-t:u	92	0	0
cycles-t:u	93	0	0
cycles-t:u	94	0	0
cycles-t:u	95	0	0
cycles-t:u	96	0	0
cycles-t:u	97	0	0
cycles-t:u	98	0	0
cycles-t:u	99	0	0
cycles-t:u	100	0	0
cycles-t:u	101	0	0
cycles-t:u	102	0	0
cycles-t:u	103	0	0
cycles-t:u	104	0	0
cycles-t:u	105	0	0
cycles-t:u	106	0	0
cycles-t:u	107	0	0
cycles-t:u	108	0	0
cycles-t:u	109	0	0
cycles-t:u	110	0	0
cycles-t:u	111	0	0
cycles-t:u	112	0	0
cycles-t:u	113	0	0
cycles-t:u	114	0	0
cycles-t:u	115	0	0
cycles-t:u	116	0	0
cycles-t:u	117	0	0
cycles-t:u	118	0	0
cycles-t:u	119	0	0
cycles-t:u	120	0	0
cycles-t:u	121	0	0
cycles-t:u	122	0	0
cycles-t:u	123	0	0
cycles-t:u	124	0	0
cycles-t:u	125	0	0
cycles-t:u	126	0	0
cycles-t:u	127	0	0
cycles-t:u	128	0	0
cycles-t:u	129	0	0
cycles-t:u	130	0	0
cycles-t:u	131	0	0
cycles-t:u	132	0	0
cycles-t:u	133	0	0
cycles-t:u	134	0	0
cycles-t:u	135	0	0
cycles-t:u	136	0	0
cycles-t:u	137	0	0
cycles-t:u	138	0	0
cycles-t:u	139	0	0
cycles-t:u	140	0	0
cycles-t:u	141	0	0
cycles-t:u	142	0	0
cycles-t:u	143	0	0
cycles-t:u	144	0	0
cycles-t:u	145	0	0
cycles-t:u	146	0	0
cycles-t:u	147	0	0
cycles-t:u	148	0	0
cycles-t:u	149	0	0
cycles-t:u	150	0	0
cycles-t:u	151	0	0
cycles-t:u	152	0	0
cycles-t:u	153	0	0
cycles-t:u	154	0	0
cycles-t:u	155	0	0
cycles-t:u	156	0	0
cycles-t:u	157	0	0
cycles-t:u	158	0	0
cycles-t:u	159	0	0
cycles-t:u	160	0	0
cycles-t:u	161	0	0
cycles-t:u	162	0	0
cycles-t:u	163	0	0
cycles-t:u	164	0	0
cycles-t:u	165	0	0
cycles-t:u	166	0	0
cycles-t:u	167	0	0
cycles-t:u	168	0	0
cycles-t:u	169	0	0
cycles-t:u	170	0	0
cycles-t:u	171	0	0
cycles-t:u	172	0	0
cycles-t:u	173	0	0
cycles-t:u	174	0	0
cycles-t:u	175	0	0
cycles-t:u	176	0	0
cycles-t:u	177	0	0
cycles-t:u	178	0	0
cycles-t:u	179	0	0
cycles-t:u	180	0	0
cycles-t:u	181	0	0
cycles-t:u	182	0	0
cycles-t:u	183	0	0
cycles-t:u	184	0	0
cycles-t:u	185	0	0
cycles-t:u	186	0	0
cycles-t:u	187	0	0
cycles-t:u	188	0	0
cycles-t:u	189	0	0
cycles-t:u	190	0	0
cycles-t:u	191	0	0
cycles-t:u	192	0	0
cycles-t:u	193	0	0
cycles-t:u	194	0	0
cycles-t:u	195	0	0
cycles-t:u	196	0	0
cycles-t:u	197	0	0
cycles-t:u	198	0	0
cycles-t:u	199	0	0
cycles-t:u	200	0	0
cycles-t:u	201	0	0
cycles-t:u	202	0	0
cycles-t:u	203	0	0
cycles-t:u	204	0	0
cycles-t:u	205	0	0
cycles-t:u	206	0	0
cycles-t:u	207	0	0
cycles-t:u	208	0	0
cycles-t:u	209	0	0
cycles-t:u	210	0	0
cycles-t:u	211	0	0
cycles-t:u	212	0	0
cycles-t:u	213	0	0
cycles-t:u	214	0	0
cycles-t:u	215	0	0
cycles-t:u	216	0	0
cycles-t:u	217	0	0
cycles-t:u	218	0	0
cycles-t:u	219	0	0
cycles-t:u	220	0	0
cycles-t:u	221	0	0
cycles-t:u	222	0	0
cycles-t:u	223	0	0
cycles-t:u	224	0	0
cycles-t:u	225	0	0
cycles-t:u	226	0	0
cycles-t:u	227	0	0
cycles-t:u	228	0	0
cycles-t:u	229	0	0
cycles-t:u	230	0	0
cycles-t:u	231	0	0
cycles-t:u	232	0	0
cycles-t:u	233	0	0
cycles-t:u	234	0	0
cycles-t:u	235	0	0
cycles-t:u	236	0	0
cycles-t:u	237	0	0
cycles-t:u	238	0	0
cycles-t:u	239	0	0
cycles-t:u	240	0	0
cycles-t:u	241	0	0
cycles-t:u	242	0	0
cycles-t:u	243	0	0
cycles-t:u	244	0	0
cycles-t:u	245	0	0
cycles-t:u	246	0	0
cycles-t:u	247	0	0
cycles-t:u	248	0	0
cycles-t:u	249	0	0
cycles-t:u	250	0	0
cycles-t:u	251	0	0
cycles-t:u	252	0	0
cycles-t:u	253	0	0
cycles-t:u	254	0	0
cycles-t:u	255	0	0
cycles-t:u	256	0	0
cycles-t:u	257	0	0
cycles-t:u	258	0	0
cycles-t:u	259	0	0
cycles-t:u	260	0	0
cycles-t:u	261	0	0
cycles-t:u	262	0	0
cycles-t:u	263	0	0
cycles-t:u	264	0	0
cycles-t:u	265	0	0
cycles-t:u	266	0	0
cycles-t:u	267	0	0
cycles-t:u	268	0	0
cycles-t:u	269	0	0
cycles-t:u	270	0	0
cycles-t:u	271	0	0
cycles-t:u	272	0	0
cycles-t:u	273	0	0
cycles-t:u	274	0	0
cycles-t:u	275	0	0
cycles-t:u	276	0	0
cycles-t:u	277	0	0
cycles-t:u	278	0	0
cycles-t:u	279	0	0
cycles-t:u	280	0	0
cycles-t:u	281	0	0
cycles-t:u	282	0	0
cycles-t:u	283	0	0
cycles-t:u	284	0	0
cycles-t:u	285	0	0
cycles-t:u	286	0	0
cycles-t:u	287	0	0
cycles-t:u	288	0	0
cycles-t:u	289	0	0
cycles-t:u	290	0	0
cycles-t:u	291	0	0
cycles-t:u	292	0	0
cycles-t:u	293	0	0
cycles-t:u	294	0	0
cycles-t:u	295	0	0
cycles-t:u	296	0	0
cycles-t:u	297	0	0
cycles-t:u	298	0	0
cycles-t:u	299	0	0
cycles-t:u	300	0	0
cycles-t:u	301	0	0
cycles-t:u	302	0	0
cycles-t:u	303	0	0
cycles-t:u	304	0	0
cycles-t:u	305	0	0
cycles-t:u	306	0	0
cycles-t:u	307	0	0
cycles-t:u	308	0	0
cycles-t:u	309	0	0
cycles-t:u	310	0	0
cycles-t:u	311	0	0
cycles-t:u	312	0	0
cycles-t:u	313	0	0
cycles-t:u	314	0	0
cycles-t:u	315	0	0
cycles-t:u	316	0	0
cycles-t:u	317	0	0
cycles-t:u	318	0	0
cycles-t:u	319	0	0
cycles-t:u	320	0	0
cycles-t:u	321	0	0
cycles-t:u	322	0	0
cycles-t:u	323	0	0
cycles-t:u	324	0	0
cycles-t:u	325	0	0
cycles-t:u	326	0	0
cycles-t:u	327	0	0
cycles-t:u	328	0	0
cycles-t:u	329	0	0
cycles-t:u	330	0	0
cycles-t:u	331	0	0
cycles-t:u	332	0	0
cycles-t:u	333	0	0
cycles-t:u	334	0	0
cycles-t:u	335	0	0
cycles-t:u	336	0	0
cycles-t:u	337	0	0
cycles-t:u	338	0	0
cycles-t:u	339	0	0
cycles-t:u	340	0	0
cycles-t:u	341	0	0
cycles-t:u	342	0	0
cycles-t:u	343	0	0
cycles-t:u	344	0	0
cycles-t:u	345	0	0
cycles-t:u	346	0	0
cycles-t:u	347	0	0
cycles-t:u	348	0	0
cycles-t:u	349	0	0
cycles-t:u	350	0	0
cycles-t:u	351	0	0
cycles-t:u	352	0	0
cycles-t:u	353	0	0
cycles-t:u	354	0	0
cycles-t:u	355	0	0
cycles-t:u	356	0	0
cycles-t:u	357	0	0
cycles-t:u	358	0	0
cycles-t:u	359	0	0
cycles-t:u	360	0	0
cycles-t:u	361	0	0
cycles-t:u	362	0	0
cycles-t:u	363	0	0
cycles-t:u	364	0	0
cycles-t:u	365	0	0
cycles-t:u	366	0	0
cycles-t:u	367	0	0
cycles-t:u	368	0	0
cycles-t:u	369	0	0
cycles-t:u	370	0	0
cycles-t:u	371	0	0
cycles-t:u	372	0	0
cycles-t:u	373	0	0
cycles-t:u	374	0	0
cycles-t:u	375	0	0
cycles-t:u	376	0	0
cycles-t:u	377	0	0
cycles-t:u	378	0	0
cycles-t:u	379	0	0
cycles-t:u	380	0	0
cycles-t:u	381	0	0
cycles-t:u	382	0	0
cycles-t:u	383	0	0
cycles-t:u	384	0	0
cycles-t:u	385	0	0
cycles-t:u	386	0	0
cycles-t:u	387	0	0
cycles-t:u	388	0	0
cycles-t:u	389	0	0
cycles-t:u	390	0	0
cycles-t:u	391	0	0
cycles-t:u	392	0	0
cycles-t:u	393	0	0
cycles-t:u	394	0	0
cycles-t:u	395	0	0
cycles-t:u	396	0	0
cycles-t:u	397	0	0
cycles-t:u	398	0	0
cycles-t:u	399	0	0
cycles-t:u	400	0	0
cycles-t:u	401	0	0
cycles-t:u	402	0	0
cycles-t:u	403	0	0
cycles-t:u	404	0	0
cycles-t:u	405	0	0
cycles-t:u	406	0	0
cycles-t:u	407	0	0
cycles-t:u	408	0	0
cycles-t:u	409	0	0
cycles-t:u	410	0	0
cycles-t:u	411	0	0
cycles-t:u	412	0	0
cycles-t:u	413	0	0
cycles-t:u	414	0	0
cycles-t:u	415	0	0
cycles-t:u	416	0	0
cycles-t:u	417	0	0
cycles-t:u	418	0	0
cycles-t:u	419	0	0
cycles-t:u	420	0	0
cycles-t:u	421	0	0
cycles-t:u	422	0	0
cycles-t:u	423	0	0
cycles-t:u	424	0	0
cycles-t:u	425	0	0
cycles-t:u	426	0	0
cycles-t:u	427	0	0
cycles-t:u	428	0	0
cycles-t:u	429	0	0
cycles-t:u	430	0	0
cycles-t:u	431	0	0
cycles-t:u	432	0	0
cycles-t:u	433	0	0
cycles-t:u	434	0	0
cycles-t:u	435	0	0
cycles-t:u	436	0	0
cycles-t:u	437	0	0
cycles-t:u	438	0	0
cycles-t:u	439	0	0
cycles-t:u	440	0	0
cycles-t:u	441	0	0
cycles-t:u	442	0	0
cycles-t:u	443	0	0
cycles-t:u	444	0	0
cycles-t:u	445	0	0
cycles-t:u	446	0	0
cycles-t:u	447	0	0
cycles-t:u	448	0	0
cycles-t:u	449	0	0
cycles-t:u	450	0	0
cycles-t:u	451	0	0
cycles-t:u	452	0	0
cycles-t:u	453	0	0
cycles-t:u	454	0	0
cycles-t:u	455	0	0
cycles-t:u	456	0	0
cycles-t:u	457	0	0
cycles-t:u	458	0	0
cycles-t:u	459	0	0
cycles-t:u	460	0	0
cycles-t:u	461	0	0
cycles-t:u	462	0	0
cycles-t:u	463	0	0
cycles-t:u	464	0	0
cycles-t:u	465	0	0
cycles-t:u	466	0	0
cycles-t:u	467	0	0
cycles-t:u	468	0	0
cycles-t:u	469	0	0
cycles-t:u	470	0	0
cycles-t:u	471	0	0
cycles-t:u	472	0	0
cycles-t:u	473	0	0
cycles-t:u	474	0	0
cycles-t:u	475	0	0
cycles-t:u	476	0	0
cycles-t:u	477	0	0
cycles-t:u	478	0	0
cycles-t:u	479	0	0
cycles-t:u	480	0	0
cycles-t:u	481	0	0
cycles-t:u	482	0	0
cycles-t:u	483	0	0
cycles-t:u	484	0	0
cycles-t:u	485	0	0
cycles-t:u	486	0	0
cycles-t:u	487	0	0
cycles-t:u	488	0	0
cycles-t:u	489	0	0
cycles-t:u	490	0	0
cycles-t:u	491	0	0
cycles-t:u	492	0	0
cycles-t:u	493	0	0
cycles-t:u	494	0	0
cycles-t:u	495	0	0
cycles-t:u	496	0	0
cycles-t:u	497	0	0
cycles-t:u	498	0	0
cycles-t:u	499	0	0
cycles-t:u	500	0	0
cycles-t:u	501	0	0
cycles-t:u	502	0	0
cycles-t:u	503	0	0
cycles-t:u	504	0	0
cycles-t:u	505	0	0
cycles-t:u	506	0	0
cycles-t:u	507	0	0
cycles-t:u	508	0	0
cycles-t:u	509	0	0
cycles-t:u	510	0	0
cycles-t:u	511	0	0
cycles-t:u	512	0	0
cycles-t:u	513	0	0
cycles-t:u	514	0	0
cycles-t:u	515	0	0
cycles-t:u	516	0	0
cycles-t:u	517	0	0
cycles-t:u	518	0	0
cycles-t:u	519	0	0
cycles-t:u	520	0	0
cycles-t:u	521	0	0
cycles-t:u	522	0	0
cycles-t:u	523	0	0
cycles-t:u	524	0	0
cycles-t:u	525	0	0
cycles-t:u	526	0	0
cycles-t:u	527	0	0
cycles-t:u	528	0	0
cycles-t:u	529	0	0
cycles-t:u	530	0	0
cycles-t:u	531	0	0
cycles-t:u	532	0	0
cycles-t:u	533	0	0
cycles-t:u	534	0	0
cycles-t:u	535	0	0
cycles-t:u	536	0	0
cycles-t:u	537	0	0
cycles-t:u	538	0	0
cycles-t:u	539	0	0
cycles-t:u	540	0	0
cycles-t:u	541	0	0
cycles-t:u	542	0	0
cycles-t:u	543	0	0
cycles-t:u	544	0	0
cycles-t:u	545	0	0
cycles-t:u	546	0	0
cycles-t:u	547	0	0
cycles-t:u	548	0	0
cycles-t:u	549	0	0
cycles-t:u	550	0	0
cycles-t:u	551	0	0
cycles-t:u	552	0	0
cycles-t:u	553	0	0
cycles-t:u	554	0	0
cycles-t:u	555	0	0
cycles-t:u	556	0	0
cycles-t:u	557	0	0
cycles-t:u	558	0	0
cycles-t:u	559	0	0
cycles-t:u	560	0	0
cycles-t:u	561	0	0
cycles-t:u	562	0	0
cycles-t:u	563	0	0
cycles-t:u	564	0	0
cycles-t:u	565	0	0
cycles-t:u	566	0	0
cycles-t:u	567	0	0
cycles-t:u	568	0	0
cycles-t:u	569	0	0
cycles-t:u	570	0	0
cycles-t:u	571	0	0
cycles-t:u	572	0	0
cycles-t:u	573	0	0
cycles-t:u	574	0	0
cycles-t:u	575	0	0
cycles-t:u	576	0	0
cycles-t:u	577	0	0
cycles-t:u	578	0	0
cycles-t:u	579	0	0
cycles-t:u	580	0	0
cycles-t:u	581	0	0
cycles-t:u	582	0	0
cycles-t:u	583	0	0
cycles-t:u	584	0	0
cycles-t:u	585	0	0
cycles-t:u	586	0	0
cycles-t:u	587	0	0
cycles-t:u	588	0	0
cycles-t:u	589	0	0
cycles-t:u	590	0	0
cycles-t:u	591	0	0
cycles-t:u	592	0	0
cycles-t:u	593	0	0
cycles-t:u	594	0	0
cycles-t:u	595	0	0
cycles-t:u	596	0	0
cycles-t:u	597	0	0
cycles-t:u	598	0	0
cycles-t:u	599	0	0
cycles-t:u	600	0	0
cycles-t:u	601	0	0
cycles-t:u	602	0	0
cycles-t:u	603	0	0
cycles-t:u	604	0	0
cycles-t:u	605	0	0
cycles-t:u	606	0	0
cycles-t:u	607	0	0
cycles-t:u	608	0	0
cycles-t:u	609	0	0
cycles-t:u	610	0	0
cycles-t:u	611	0	0
cycles-t:u	612	0	0
cycles-t:u	613	0	0
cycles-t:u	614	0	0
cycles-t:u	615	0	0
cycles-t:u	616	0	0
cycles-t:u	617	0	0
cycles-t:u	618	0	0
cycles-t:u	619	0	0
cycles-t:u	620	0	0
cycles-t:u	621	0	0
cycles-t:u	622	0	0
cycles-t:u	623	0	0
cycles-t:u	624	0	0
cycles-t:u	625	0	0
cycles-t:u	626	0	0
cycles-t:u	627	0	0
cycles-t:u	628	0	0
cycles-t:u	629	0	0
cycles-t:u	630	0	0
cycles-t:u	631	0	0
cycles-t:u	632	0	0
cycles-t:u	633	0	0
cycles-t:u	634	0	0
cycles-t:u	635	0	0
cycles-t:u	636	0	0
cycles-t:u	637	0	0
cycles-t:u	638	0	0
cycles-t:u	639	0	0
cycles-t:u	640	0	0
cycles-t:u	641	0	0
cycles-t:u	642	0	0
cycles-t:u	643	0	0
cycles-t:u	644	0	0
cycles-t:u	645	0	0
cycles-t:u	646	0	0
cycles-t:u	647	0	0
cycles-t:u	648	0	0
cycles-t:u	649	0	0
cycles-t:u	650	0	0
cycles-t:u	651	0	0
cycles-t:u	652	0	0
cycles-t:u	653	0	0
cycles-t:u	654	0	0
cycles-t:u	655	0	0
cycles-t:u	656	0	0
cycles-t:u	657	0	0
cycles-t:u	658	0	0
cycles-t:u	659	0	0
cycles-t:u	660	0	0
cycles-t:u	661	0	0
cycles-t:u	662	0	0
cycles-t:u	663	0	0
cycles-t:u	664	0	0
cycles-t:u	665	0	0
cycles-t:u	666	0	0
cycles-t:u	667	0	0
cycles-t:u	668	0	0
cycles-t:u	669	0	0
cycles-t:u	670	0	0
cycles-t:u	671	0	0
cycles-t:u	672	0	0
cycles-t:u	673	0	0
cycles-t:u	674	0	0
cycles-t:u	675	0	0
cycles-t:u	676	0	0
cycles-t:u	677	0	0
cycles-t:u	678	0	0
cycles-t:u	679	0	0
cycles-t:u	680	0	0
cycles-t:u	681	0	0
cycles-t:u	682	0	0
cycles-t:u	683	0	0
cycles-t:u	684	0	0
cycles-t:u	685	0	0
cycles-t:u	686	0	0
cycles-t:u	687	0	0
cycles-t:u	688	0	0
cycles-t:u	689	0	0
cycles-t:u	690	0	0
cycles-t:u	691	0	0
cycles-t:u	692	0	0
cycles-t:u	693	0	0
cycles-t:u	694	0	0
cycles-t:u	695	0	0
cycles-t:u	696	0	0
cycles-t:u	697	0	0
cycles-t:u	698	0	0
cycles-t:u	699	0	0
cycles-t:u	700	0	0
cycles-t:u	701	0	0
cycles-t:u	702	0	0
cycles-t:u	703	0	0
cycles-t:u	704	0	0
cycles-t:u	705	0	0
cycles-t:u	706	0	0
cycles-t:u	707	0	0
cycles-t:u	708	0	0
cycles-t:u	709	0	0
cycles-t:u	710	0	0
cycles-t:u	711	0	0
cycles-t:u	712	0	0
cycles-t:u	713	0	0
cycles-t:u	714	0	0
cycles-t:u	715	0	0
cycles-t:u	716	0	0
cycles-t:u	717	0	0
cycles-t:u	718	0	0
cycles-t:u	719	0	0
cycles-t:u	720	0	0
cycles-t:u	721	0	0
cycles-t:u	722	0	0
cycles-t:u	723	0	0
cycles-t:u	724	0	0
cycles-t:u	725	0	0
cycles-t:u	726	0	0
cycles-t:u	727	0	0
cycles-t:u	728	0	0
cycles-t:u	729	0	0
cycles-t:u	730	0	0
cycles-t:u	731	0	0
cycles-t:u	732	0	0
cycles-t:u	733	0	0
cycles-t:u	734	0	0
cycles-t:u	735	0	0
cycles-t:u	736	0	0
cycles-t:u	737	0	0
cycles-t:u	738	0	0
cycles-t:u	739	0	0
cycles-t:u	740	0	0
cycles-t:u	741	0	0
cycles-t:u	742	0	0
cycles-t:u	743	0	0
cycles-t:u	744	0	0
cycles-t:u	745	0	0
cycles-t:u	746	0	0
cycles-t:u	747	0	0
cycles-t:u	748	0	0
cycles-t:u	749	0	0
cycles-t:u	750	0	0
cycles-t:u	751	0	0
cycles-t:u	752	0	0
cycles-t:u	753	0	0
cycles-t:u	754	0	0
cycles-t:u	755	0	0
cycles-t:u	756	0	0
cycles-t:u	757	0	0
cycles-t:u	758	0	0
cycles-t:u	759	0	0
cycles-t:u	760	0	0
cycles-t:u	761	0	0
cycles-t:u	762	0	0
cycles-t:u	763	0	0
cycles-t:u	764	0	0
cycles-t:u	765	0	0
cycles-t:u	766	0	0
cycles-t:u	767	0	0
cycles-t:u	768	0	0
cycles-t:u	769	0	0
cycles-t:u	770	0	0
cycles-t:u	771	0	0
cycles-t:u	772	0	0
cycles-t:u	773	0	0
cycles-t:u	774	0	0
cycles-t:u	775	0	0
cycles-t:u	776	0	0
cycles-t:u	777	0	0
cycles-t:u	778	0	0
cycles-t:u	779	0	0
cycles-t:u	780	0	0
cycles-t:u	781	0	0
cycles-t:u	782	0	0
cycles-t:u	783	0	0
cycles-t:u	784	0	0
cycles-t:u	785	0	0
cycles-t:u	786	0	0
cycles-t:u	787	0	0
cycles-t:u	788	0	0
cycles-t:u	789	0	0
cycles-t:u	790	0	0
cycles-t:u	791	0	0
cycles-t:u	792	0	0
cycles-t:u	793	0	0
cycles-t:u	794	0	0
cycles-t:u	795	0	0
cycles-t:u	796	0	0
cycles-t:u	797	0	0
cycles-t:u	798	0	0
cycles-t:u	799	0	0
cycles-t:u	800	0	0
cycles-t:u	801	0	0
cycles-t:u	802	0	0
cycles-t:u	803	0	0
cycles-t:u	804	0	0
cycles-t:u	805	0	0
cycles-t:u	806	0	0
cycles-t:u	807	0	0
cycles-t:u	808	0	0
cycles-t:u	809	0	0
cycles-t:u	810	0	0
cycles-t:u	811	0	0
cycles-t:u	812	0	0
cycles-t:u	813	0	0
cycles-t:u	814	0	0
cycles-t:u	815	0	0
cycles-t:u	816	0	0
cycles-t:u	817	0	0
cycles-t:u	818	0	0
cycles-t:u	819	0	0
cycles-t:u	820	0	0
cycles-t:u	821	0	0
cycles-t:u	822	0	0
cycles-t:u	823	0	0
cycles-t:u	824	0	0
cycles-t:u	825	0	0
cycles-t:u	826	0	0
cycles-t:u	827	0	0
cycles-t:u	828	0	0
cycles-t:u	829	0	0
cycles-t:u	830	0	0
cycles-t:u	831	0	0
cycles-t:u	832	0	0
cycles-t:u	833	0	0
cycles-t:u	834	0	0
cycles-t:u	835	0	0
cycles-t:u	836	0	0
cycles-t:u	837	0	0
cycles-t:u	838	0	0
cycles-t:u	839	0	0
cycles-t:u	840	0	0
cycles-t:u	841	0	0
cycles-t:u	842	0	0
cycles-t:u	843	0	0
cycles-t:u	844	0	0
cycles-t:u	845	0	0
cycles-t:u	846	0	0
cycles-t:u	847	0	0
cycles-t:u	848	0	0
cycles-t:u	849	0	0
cycles-t:u	850	0	0
cycles-t:u	851	0	0
cycles-t:u	852	0	0
cycles-t:u	853	0	0
cycles-t:u	854	0	0
cycles-t:u	855	0	0
cycles-t:u	856	0	0
cycles-t:u	857	0	0
cycles-t:u	858	0	0
cycles-t:u	859	0	0
cycles-t:u	860	0	0
cycles-t:u	861	0	0
cycles-t:u	862	0	0
cycles-t:u	863	0	0
cycles-t:u	864	0	0
cycles-t:u	865	0	0
cycles-t:u	866	0	0
cycles-t:u	867	0	0
cycles-t:u	868	0	0
cycles-t:u	869	0	0
cycles-t:u	870	0	0
cycles-t:u	871	0	0
cycles-t:u	872	0	0
cycles-t:u	873	0	0
cycles-t:u	874	0	0
cycles-t:u	875	0	0
cycles-t:u	876	0	0
cycles-t:u	877	0	0
cycles-t:u	878	0	0
cycles-t:u	879	0	0
cycles-t:u	880	0	0
cycles-t:u	881	0	0
cycles-t:u	882	0	0
cycles-t:u	883	0	0
cycles-t:u	884	0	0
cycles-t:u	885	0	0
cycles-t:u	886	0	0
cycles-t:u	887	0	0
cycles-t:u	888	0	0
cycles-t:u	889	0	0
cycles-t:u	890	0	0
cycles-t:u	891	0	0
cycles-t:u	892	0	0
cycles-t:u	893	0	0
cycles-t:u	894	0	0
cycles-t:u	895	0	0
cycles-t:u	896	0	0
cycles-t:u	897	0	0
cycles-t:u	898	0	0
cycles-t:u	899	0	0
cycles-t:u	900	0	0
cycles-t:u	901	0	0
cycles-t:u	902	0	0
cycles-t:u	903	0	0
cycles-t:u	904	0	0
cycles-t:u	905	0	0
cycles-t:u	906	0	0
cycles-t:u	907	0	0
cycles-t:u	908	0	0
cycles-t:u	909	0	0
cycles-t:u	910	0	0
cycles-t:u	911	0	0
cycles-t:u	912	0	0
cycles-t:u	913	0	0
cycles-t:u	914	0	0
cycles-t:u	915	0	0
cycles-t:u	916	0	0
cycles-t:u	917	0	0
cycles-t:u	918	0	0
cycles-t:u	919	0	0
cycles-t:u	920	0	0
cycles-t:u	921	0	0
cycles-t:u	922	0	0
cycles-t:u	923	0	0
cycles-t:u	924	0	0
cycles-t:u	925	0	0
cycles-t:u	926	0	0
cycles-t:u	927	0	0
cycles-t:u	928	0	0
cycles-t:u	929	0	0
cycles-t:u	930	0	0
cycles-t:u	931	0	0
cycles-t:u	932	0	0
cycles-t:u	933	0	0
cycles-t:u	934	0	0
cycles-t:u	935	0	0
cycles-t:u	936	0	0
cycles-t:u	937	0	0
cycles-t:u	938	0	0
cycles-t:u	939	0	0
cycles-t:u	940	0	0
cycles-t:u	941	0	0
cycles-t:u	942	0	0
cycles-t:u	943	0	0
cycles-t:u	944	0	0
cycles-t:u	945	0	0
cycles-t:u	946	0	0
cycles-t:u	947	0	0
cycles-t:u	948	0	0
cycles-t:u	949	0	0
cycles-t:u	950	0	0
cycles-t:u	951	0	0
cycles-t:u	952	0	0
cycles-t:u	953	0	0
cycles-t:u	954	0	0
cycles-t:u	955	0	0
cycles-t:u	956	0	0
cycles-t:u	957	0	0
cycles-t:u	958	0	0
cycles-t:u	959	0	0
cycles-t:u	960	0	0
cycles-t:u	961	0	0
cycles-t:u	962	0	0
cycles-t:u	963	0	0
cycles-t:u	964	0	0
cycles-t:u	965	0	0
cycles-t:u	966	0	0
cycles-t:u	967	0	0
cycles-t:u	968	0	0
cycles-t:u	969	0	0
cycles-t:u	970	0	0
cycles-t:u	971	0	0
cycles-t:u	972	0	0
cycles-t:u	973	0	0
cycles-t:u	974	0	0
cycles-t:u	975	0	0
cycles-t:u	976	0	0
cycles-t:u	977	0	0
cycles-t:u	978	0	0
cycles-t:u	979	0	0
cycles-t:u	980	0	0
cycles-t:u	981	0	0
cycles-t:u	982	0	0
cycles-t:u	983	0	0
cycles-t:u	984	0	0
cycles-t:u	985	0	0
cycles-t:u	986	0	0
cycles-t:u	987	0	0
cycles-t:u	988	0	0
cycles-t:u	989	0	0
cycles-t:u	990	0	0
cycles-t:u	991	0	0
cycles-t:u	992	0	0
cycles-t:u	993	0	0
cycles-t:u	994	0	0
cycles-t:u	995	0	0
cycles-t:u	996	0	0
cycles-t:u	997	0	0
cycles-t:u	998	0	0
cycles-t:u	999	0	0
cycles-t:u	1000	0	0
l1d.replacement:u	1	2849064	0
l1d.replacement:u	2	2832017	0
l2_rqsts.miss:u	1	604364	0
l2_rqsts.miss:u	2	604826	0
mem_load_l3_hit_retired.xsnp_miss:u	1	0	0
mem_load_l3_hit_retired.xsnp_miss:u	2	0	0
mem_load_l3_hit_retired.xsnp_miss:u	3	0	0
mem_load_l3_hit_retired.xsnp_miss:u	4	0	0
mem_load_l3_hit_retired.xsnp_miss:u	5	0	0
mem_load_l3_hit_retired.xsnp_miss:u	6	0	0
mem_load_l3_hit_retired.xsnp_miss:u	7	0	0
mem_load_l3_hit_retired.xsnp_miss:u	8	0	0
mem_load_l3_hit_retired.xsnp_miss:u	9	0	0
mem_load_l3_hit_retired.xsnp_miss:u	10	0	0
mem_load_l3_hit_retired.xsnp_miss:u	11	0	0
mem_load_l3_hit_retired.xsnp_miss:u	12	0	0
mem_load_l3_hit_retired.xsnp_miss:u	13	0	0
mem_load_l3_hit_retired.xsnp_miss:u	14	0	0
mem_load_l3_hit_retired.xsnp_miss:u	15	0	0
mem_load_l3_hit_retired.xsnp_miss:u	16	0	0
mem_load_l3_hit_retired.xsnp_miss:u	17	0	0
mem_load_l3_hit_retired.xsnp_miss:u	18	0	0
mem_load_l3_hit_retired.xsnp_miss:u	19	0	0
mem_load_l3_hit_retired.xsnp_miss:u	20	0	0
mem_load_l3_hit_retired.xsnp_miss:u	21	0	0
mem_load_l3_hit_retired.xsnp_miss:u	22	0	0
mem_load_l3_hit_retired.xsnp_miss:u	23	0	0
mem_load_l3_hit_retired.xsnp_miss:u	24	0	0
mem_load_l3_hit_retired.xsnp_miss:u	25	0	0
mem_load_l3_hit_retired.xsnp_miss:u	26	0	0
mem_load_l3_hit_retired.xsnp_miss:u	27	0	0
mem_load_l3_hit_retired.xsnp_miss:u	28	0	0
mem_load_l3_hit_retired.xsnp_miss:u	29	0	0
mem_load_l3_hit_retired.xsnp_miss:u	30	0	0
mem_load_l3_hit_retired.xsnp_miss:u	31	0	0
mem_load_l3_hit_retired.xsnp_miss:u	32	0	0
mem_load_l3_hit_retired.xsnp_miss:u	33	0	0
mem_load_l3_hit_retired.xsnp_miss:u	34	0	0
mem_load_l3_hit_retired.xsnp_miss:u	35	0	0
mem_load_l3_hit_retired.xsnp_miss:u	36	0	0
mem_load_l3_hit_retired.xsnp_miss:u	37	0	0
mem_load_l3_hit_retired.xsnp_miss:u	38	0	0
mem_load_l3_hit_retired.xsnp_miss:u	39	0	0
mem_load_l3_hit_retired.xsnp_miss:u	40	0	0
mem_load_l3_hit_retired.xsnp_miss:u	41	0	0
mem_load_l3_hit_retired.xsnp_miss:u	42	0	0
mem_load_l3_hit_retired.xsnp_miss:u	43	0	0
mem_load_l3_hit_retired.xsnp_miss:u	44	0	0
mem_load_l3_hit_retired.xsnp_miss:u	45	0	0
mem_load_l3_hit_retired.xsnp_miss:u	46	0	0
mem_load_l3_hit_retired.xsnp_miss:u	47	0	0
mem_load_l3_hit_retired.xsnp_miss:u	48	0	0
mem_load_l3_hit_retired.xsnp_miss:u	49	0	0
mem_load_l3_hit_retired.xsnp_miss:u	50	0	0
mem_load_l3_hit_retired.xsnp_miss:u	51	0	0
mem_load_l3_hit_retired.xsnp_miss:u	52	0	0
mem_load_l3_hit_retired.xsnp_miss:u	53	0	0
mem_load_l3_hit_retired.xsnp_miss:u	54	0	0
mem_load_l3_hit_retired.xsnp_miss:u	55	0	0
mem_load_l3_hit_retired.xsnp_miss:u	56	0	0
mem_load_l3_hit_retired.xsnp_miss:u	57	0	0
mem_load_l3_hit_retired.xsnp_miss:u	58	0	0
mem_load_l3_hit_retired.xsnp_miss:u	59	0	0
mem_load_l3_hit_retired.xsnp_miss:u	60	0	0
mem_load_l3_hit_retired.xsnp_miss:u	61	0	0
mem_load_l3_hit_retired.xsnp_miss:u	62	0	0
mem_load_l3_hit_retired.xsnp_miss:u	63	0	0
mem_load_l3_hit_retired.xsnp_miss:u	64	0	0
mem_load_l3_hit_retired.xsnp_miss:u	65	0	0
mem_load_l3_hit_retired.xsnp_miss:u	66	0	0
mem_load_l3_hit_retired.xsnp_miss:u	67	0	0
mem_load_l3_hit_retired.xsnp_miss:u	68	0	0
mem_load_l3_hit_retired.xsnp_miss:u	69	0	0
mem_load_l3_hit_retired.xsnp_miss:u	70	0	0
mem_load_l3_hit_retired.xsnp_miss:u	71	0	0
mem_load_l3_hit_retired.xsnp_miss:u	72	0	0
mem_load_l3_hit_retired.xsnp_miss:u	73	0	0
mem_load_l3_hit_retired.xsnp_miss:u	74	0	0
mem_load_l3_hit_retired.xsnp_miss:u	75	0	0
mem_load_l3_hit_retired.xsnp_miss:u	76	0	0
mem_load_l3_hit_retired.xsnp_miss:u	77	0	0
mem_load_l3_hit_retired.xsnp_miss:u	78	0	0
mem_load_l3_hit_retired.xsnp_miss:u	79	0	0
mem_load_l3_hit_retired.xsnp_miss:u	80	0	0
mem_load_l3_hit_retired.xsnp_miss:u	81	0	0
mem_load_l3_hit_retired.xsnp_miss:u	82	0	0
mem_load_l3_hit_retired.xsnp_miss:u	83	0	0
mem_load_l3_hit_retired.xsnp_miss:u	84	0	0
mem_load_l3_hit_retired.xsnp_miss:u	85	0	0
mem_load_l3_hit_retired.xsnp_miss:u	86	0	0
mem_load_l3_hit_retired.xsnp_miss:u	87	0	0
mem_load_l3_hit_retired.xsnp_miss:u	88	0	0
mem_load_l3_hit_retired.xsnp_miss:u	89	0	0
mem_load_l3_hit_retired.xsnp_miss:u	90	0	0
mem_load_l3_hit_retired.xsnp_miss:u	91	0	0
mem_load_l3_hit_retired.xsnp_miss:u	92	0	0
mem_load_l3_hit_retired.xsnp_miss:u	93	0	0
mem_load_l3_hit_retired.xsnp_miss:u	94	0	0
mem_load_l3_hit_retired.xsnp_miss:u	95	0	0
mem_load_l3_hit_retired.xsnp_miss:u	96	0	0
mem_load_l3_hit_retired.xsnp_miss:u	97	0	0
mem_load_l3_hit_retired.xsnp_miss:u	98	0	0
mem_load_l3_hit_retired.xsnp_miss:u	99	0	0
mem_load_l3_hit_retired.xsnp_miss:u	100	0	0
mem_load_l3_hit_retired.xsnp_miss:u	101	0	0
mem_load_l3_hit_retired.xsnp_miss:u	102	0	0
mem_load_l3_hit_retired.xsnp_miss:u	103	0	0
mem_load_l3_hit_retired.xsnp_miss:u	104	0	0
mem_load_l3_hit_retired.xsnp_miss:u	105	0	0
mem_load_l3_hit_retired.xsnp_miss:u	106	0	0
mem_load_l3_hit_retired.xsnp_miss:u	107	0	0
mem_load_l3_hit_retired.xsnp_miss:u	108	0	0
mem_load_l3_hit_retired.xsnp_miss:u	109	0	0
mem_load_l3_hit_retired.xsnp_miss:u	110	0	0
mem_load_l3_hit_retired.xsnp_miss:u	111	0	0
mem_load_l3_hit_retired.xsnp_miss:u	112	0	0
mem_load_l3_hit_retired.xsnp_miss:u	113	0	0
mem_load_l3_hit_retired.xsnp_miss:u	114	0	0
mem_load_l3_hit_retired.xsnp_miss:u	115	0	0
mem_load_l3_hit_retired.xsnp_miss:u	116	0	0
mem_load_l3_hit_retired.xsnp_miss:u	117	0	0
mem_load_l3_hit_retired.xsnp_miss:u	118	0	0
mem_load_l3_hit_retired.xsnp_miss:u	119	0	0
mem_load_l3_hit_retired.xsnp_miss:u	120	0	0
mem_load_l3_hit_retired.xsnp_miss:u	121	0	0
mem_load_l3_hit_retired.xsnp_miss:u	122	0	0
mem_load_l3_hit_retired.xsnp_miss:u	123	0	0
mem_load_l3_hit_retired.xsnp_miss:u	124	0	0
mem_load_l3_hit_retired.xsnp_miss:u	125	0	0
mem_load_l3_hit_retired.xsnp_miss:u	126	0	0
mem_load_l3_hit_retired.xsnp_miss:u	127	0	0
mem_load_l3_hit_retired.xsnp_miss:u	128	0	0
mem_load_l3_hit_retired.xsnp_miss:u	129	0	0
mem_load_l3_hit_retired.xsnp_miss:u	130	0	0
mem_load_l3_hit_retired.xsnp_miss:u	131	0	0
mem_load_l3_hit_retired.xsnp_miss:u	132	0	0
mem_load_l3_hit_retired.xsnp_miss:u	133	0	0
mem_load_l3_hit_retired.xsnp_miss:u	134	0	0
mem_load_l3_hit_retired.xsnp_miss:u	135	0	0
mem_load_l3_hit_retired.xsnp_miss:u	136	0	0
mem_load_l3_hit_retired.xsnp_miss:u	137	0	0
mem_load_l3_hit_retired.xsnp_miss:u	138	0	0
mem_load_l3_hit_retired.xsnp_miss:u	139	0	0
mem_load_l3_hit_retired.xsnp_miss:u	140	0	0
mem_load_l3_hit_retired.xsnp_miss:u	141	0	0
mem_load_l3_hit_retired.xsnp_miss:u	142	0	0
mem_load_l3_hit_retired.xsnp_miss:u	143	0	0
mem_load_l3_hit_retired.xsnp_miss:u	144	0	0
mem_load_l3_hit_retired.xsnp_miss:u	145	0	0
mem_load_l3_hit_retired.xsnp_miss:u	146	0	0
mem_load_l3_hit_retired.xsnp_miss:u	147	0	0
mem_load_l3_hit_retired.xsnp_miss:u	148	0	0
mem_load_l3_hit_retired.xsnp_miss:u	149	0	0
mem_load_l3_hit_retired.xsnp_miss:u	150	0	0
mem_load_l3_hit_retired.xsnp_miss:u	151	0	0
mem_load_l3_hit_retired.xsnp_miss:u	152	0	0
mem_load_l3_hit_retired.xsnp_miss:u	153	0	0
mem_load_l3_hit_retired.xsnp_miss:u	154	0	0
mem_load_l3_hit_retired.xsnp_miss:u	155	0	0
mem_load_l3_hit_retired.xsnp_miss:u	156	0	0
mem_load_l3_hit_retired.xsnp_miss:u	157	0	0
mem_load_l3_hit_retired.xsnp_miss:u	158	0	0
mem_load_l3_hit_retired.xsnp_miss:u	159	0	0
mem_load_l3_hit_retired.xsnp_miss:u	160	0	0
mem_load_l3_hit_retired.xsnp_miss:u	161	0	0
mem_load_l3_hit_retired.xsnp_miss:u	162	0	0
mem_load_l3_hit_retired.xsnp_miss:u	163	0	0
mem_load_l3_hit_retired.xsnp_miss:u	164	0	0
mem_load_l3_hit_retired.xsnp_miss:u	165	0	0
mem_load_l3_hit_retired.xsnp_miss:u	166	0	0
mem_load_l3_hit_retired.xsnp_miss:u	167	0	0
mem_load_l3_hit_retired.xsnp_miss:u	168	0	0
mem_load_l3_hit_retired.xsnp_miss:u	169	0	0
mem_load_l3_hit_retired.xsnp_miss:u	170	0	0
mem_load_l3_hit_retired.xsnp_miss:u	171	0	0
mem_load_l3_hit_retired.xsnp_miss:u	172	0	0
mem_load_l3_hit_retired.xsnp_miss:u	173	0	0
mem_load_l3_hit_retired.xsnp_miss:u	174	0	0
mem_load_l3_hit_retired.xsnp_miss:u	175	0	0
mem_load_l3_hit_retired.xsnp_miss:u	176	0	0
mem_load_l3_hit_retired.xsnp_miss:u	177	0	0
mem_load_l3_hit_retired.xsnp_miss:u	178	0	0
mem_load_l3_hit_retired.xsnp_miss:u	179	0	0
mem_load_l3_hit_retired.xsnp_miss:u	180	0	0
mem_load_l3_hit_retired.xsnp_miss:u	181	0	0
mem_load_l3_hit_retired.xsnp_miss:u	182	0	0
mem_load_l3_hit_retired.xsnp_miss:u	183	0	0
mem_load_l3_hit_retired.xsnp_miss:u	184	0	0
mem_load_l3_hit_retired.xsnp_miss:u	185	0	0
mem_load_l3_hit_retired.xsnp_miss:u	186	0	0
mem_load_l3_hit_retired.xsnp_miss:u	187	0	0
mem_load_l3_hit_retired.xsnp_miss:u	188	0	0
mem_load_l3_hit_retired.xsnp_miss:u	189	0	0
mem_load_l3_hit_retired.xsnp_miss:u	190	0	0
mem_load_l3_hit_retired.xsnp_miss:u	191	0	0
mem_load_l3_hit_retired.xsnp_miss:u	192	0	0
mem_load_l3_hit_retired.xsnp_miss:u	193	0	0
mem_load_l3_hit_retired.xsnp_miss:u	194	0	0
mem_load_l3_hit_retired.xsnp_miss:u	195	0	0
mem_load_l3_hit_retired.xsnp_miss:u	196	0	0
mem_load_l3_hit_retired.xsnp_miss:u	197	0	0
mem_load_l3_hit_retired.xsnp_miss:u	198	0	0
mem_load_l3_hit_retired.xsnp_miss:u	199	0	0
mem_load_l3_hit_retired.xsnp_miss:u	200	0	0
mem_load_l3_hit_retired.xsnp_miss:u	201	0	0
mem_load_l3_hit_retired.xsnp_miss:u	202	0	0
mem_load_l3_hit_retired.xsnp_miss:u	203	0	0
mem_load_l3_hit_retired.xsnp_miss:u	204	0	0
mem_load_l3_hit_retired.xsnp_miss:u	205	0	0
mem_load_l3_hit_retired.xsnp_miss:u	206	0	0
mem_load_l3_hit_retired.xsnp_miss:u	207	0	0
mem_load_l3_hit_retired.xsnp_miss:u	208	0	0
mem_load_l3_hit_retired.xsnp_miss:u	209	0	0
mem_load_l3_hit_retired.xsnp_miss:u	210	0	0
mem_load_l3_hit_retired.xsnp_miss:u	211	0	0
mem_load_l3_hit_retired.xsnp_miss:u	212	0	0
mem_load_l3_hit_retired.xsnp_miss:u	213	0	0
mem_load_l3_hit_retired.xsnp_miss:u	214	0	0
mem_load_l3_hit_retired.xsnp_miss:u	215	0	0
mem_load_l3_hit_retired.xsnp_miss:u	216	0	0
mem_load_l3_hit_retired.xsnp_miss:u	217	0	0
mem_load_l3_hit_retired.xsnp_miss:u	218	0	0
mem_load_l3_hit_retired.xsnp_miss:u	219	0	0
mem_load_l3_hit_retired.xsnp_miss:u	220	0	0
mem_load_l3_hit_retired.xsnp_miss:u	221	0	0
mem_load_l3_hit_retired.xsnp_miss:u	222	0	0
mem_load_l3_hit_retired.xsnp_miss:u	223	0	0
mem_load_l3_hit_retired.xsnp_miss:u	224	0	0
mem_load_l3_hit_retired.xsnp_miss:u	225	0	0
mem_load_l3_hit_retired.xsnp_miss:u	226	0	0
mem_load_l3_hit_retired.xsnp_miss:u	227	0	0
mem_load_l3_hit_retired.xsnp_miss:u	228	0	0
mem_load_l3_hit_retired.xsnp_miss:u	229	0	0
mem_load_l3_hit_retired.xsnp_miss:u	230	0	0
mem_load_l3_hit_retired.xsnp_miss:u	231	0	0
mem_load_l3_hit_retired.xsnp_miss:u	232	0	0
mem_load_l3_hit_retired.xsnp_miss:u	233	0	0
mem_load_l3_hit_retired.xsnp_miss:u	234	0	0
mem_load_l3_hit_retired.xsnp_miss:u	235	0	0
mem_load_l3_hit_retired.xsnp_miss:u	236	0	0
mem_load_l3_hit_retired.xsnp_miss:u	237	0	0
mem_load_l3_hit_retired.xsnp_miss:u	238	0	0
mem_load_l3_hit_retired.xsnp_miss:u	239	0	0
mem_load_l3_hit_retired.xsnp_miss:u	240	0	0
mem_load_l3_hit_retired.xsnp_miss:u	241	0	0
mem_load_l3_hit_retired.xsnp_miss:u	242	0	0
mem_load_l3_hit_retired.xsnp_miss:u	243	0	0
mem_load_l3_hit_retired.xsnp_miss:u	244	0	0
mem_load_l3_hit_retired.xsnp_miss:u	245	0	0
mem_load_l3_hit_retired.xsnp_miss:u	246	0	0
mem_load_l3_hit_retired.xsnp_miss:u	247	0	0
mem_load_l3_hit_retired.xsnp_miss:u	248	0	0
mem_load_l3_hit_retired.xsnp_miss:u	249	0	0
mem_load_l3_hit_retired.xsnp_miss:u	250	0	0
mem_load_l3_hit_retired.xsnp_miss:u	251	0	0
mem_load_l3_hit_retired.xsnp_miss:u	252	0	0
mem_load_l3_hit_retired.xsnp_miss:u	253	0	0
mem_load_l3_hit_retired.xsnp_miss:u	254	0	0
mem_load_l3_hit_retired.xsnp_miss:u	255	0	0
mem_load_l3_hit_retired.xsnp_miss:u	256	0	0
mem_load_l3_hit_retired.xsnp_miss:u	257	0	0
mem_load_l3_hit_retired.xsnp_miss:u	258	0	0
mem_load_l3_hit_retired.xsnp_miss:u	259	0	0
mem_load_l3_hit_retired.xsnp_miss:u	260	0	0
mem_load_l3_hit_retired.xsnp_miss:u	261	0	0
mem_load_l3_hit_retired.xsnp_miss:u	262	0	0
mem_load_l3_hit_retired.xsnp_miss:u	263	0	0
mem_load_l3_hit_retired.xsnp_miss:u	264	0	0
mem_load_l3_hit_retired.xsnp_miss:u	265	0	0
mem_load_l3_hit_retired.xsnp_miss:u	266	0	0
mem_load_l3_hit_retired.xsnp_miss:u	267	0	0
mem_load_l3_hit_retired.xsnp_miss:u	268	0	0
mem_load_l3_hit_retired.xsnp_miss:u	269	0	0
mem_load_l3_hit_retired.xsnp_miss:u	270	0	0
mem_load_l3_hit_retired.xsnp_miss:u	271	0	0
mem_load_l3_hit_retired.xsnp_miss:u	272	0	0
mem_load_l3_hit_retired.xsnp_miss:u	273	0	0
mem_load_l3_hit_retired.xsnp_miss:u	274	0	0
mem_load_l3_hit_retired.xsnp_miss:u	275	0	0
mem_load_l3_hit_retired.xsnp_miss:u	276	0	0
mem_load_l3_hit_retired.xsnp_miss:u	277	0	0
mem_load_l3_hit_retired.xsnp_miss:u	278	0	0
mem_load_l3_hit_retired.xsnp_miss:u	279	0	0
mem_load_l3_hit_retired.xsnp_miss:u	280	0	0
mem_load_l3_hit_retired.xsnp_miss:u	281	0	0
mem_load_l3_hit_retired.xsnp_miss:u	282	0	0
mem_load_l3_hit_retired.xsnp_miss:u	283	0	0
mem_load_l3_hit_retired.xsnp_miss:u	284	0	0
mem_load_l3_hit_retired.xsnp_miss:u	285	0	0
mem_load_l3_hit_retired.xsnp_miss:u	286	0	0
mem_load_l3_hit_retired.xsnp_miss:u	287	0	0
mem_load_l3_hit_retired.xsnp_miss:u	288	0	0
mem_load_l3_hit_retired.xsnp_miss:u	289	0	0
mem_load_l3_hit_retired.xsnp_miss:u	290	0	0
mem_load_l3_hit_retired.xsnp_miss:u	291	0	0
mem_load_l3_hit_retired.xsnp_miss:u	292	0	0
mem_load_l3_hit_retired.xsnp_miss:u	293	0	0
mem_load_l3_hit_retired.xsnp_miss:u	294	0	0
mem_load_l3_hit_retired.xsnp_miss:u	295	0	0
mem_load_l3_hit_retired.xsnp_miss:u	296	0	0
mem_load_l3_hit_retired.xsnp_miss:u	297	0	0
mem_load_l3_hit_retired.xsnp_miss:u	298	0	0
mem_load_l3_hit_retired.xsnp_miss:u	299	0	0
mem_load_l3_hit_retired.xsnp_miss:u	300	0	0
mem_load_l3_hit_retired.xsnp_miss:u	301	0	0
mem_load_l3_hit_retired.xsnp_miss:u	302	0	0
mem_load_l3_hit_retired.xsnp_miss:u	303	0	0
mem_load_l3_hit_retired.xsnp_miss:u	304	0	0
mem_load_l3_hit_retired.xsnp_miss:u	305	0	0
mem_load_l3_hit_retired.xsnp_miss:u	306	0	0
mem_load_l3_hit_retired.xsnp_miss:u	307	0	0
mem_load_l3_hit_retired.xsnp_miss:u	308	0	0
mem_load_l3_hit_retired.xsnp_miss:u	309	0	0
mem_load_l3_hit_retired.xsnp_miss:u	310	0	0
mem_load_l3_hit_retired.xsnp_miss:u	311	0	0
mem_load_l3_hit_retired.xsnp_miss:u	312	0	0
mem_load_l3_hit_retired.xsnp_miss:u	313	0	0
mem_load_l3_hit_retired.xsnp_miss:u	314	0	0
mem_load_l3_hit_retired.xsnp_miss:u	315	0	0
mem_load_l3_hit_retired.xsnp_miss:u	316	0	0
mem_load_l3_hit_retired.xsnp_miss:u	317	0	0
mem_load_l3_hit_retired.xsnp_miss:u	318	0	0
mem_load_l3_hit_retired.xsnp_miss:u	319	0	0
mem_load_l3_hit_retired.xsnp_miss:u	320	0	0
mem_load_l3_hit_retired.xsnp_miss:u	321	0	0
mem_load_l3_hit_retired.xsnp_miss:u	322	0	0
mem_load_l3_hit_retired.xsnp_miss:u	323	0	0
mem_load_l3_hit_retired.xsnp_miss:u	324	0	0
mem_load_l3_hit_retired.xsnp_miss:u	325	0	0
mem_load_l3_hit_retired.xsnp_miss:u	326	0	0
mem_load_l3_hit_retired.xsnp_miss:u	327	0	0
mem_load_l3_hit_retired.xsnp_miss:u	328	0	0
mem_load_l3_hit_retired.xsnp_miss:u	329	0	0
mem_load_l3_hit_retired.xsnp_miss:u	330	0	0
mem_load_l3_hit_retired.xsnp_miss:u	331	0	0
mem_load_l3_hit_retired.xsnp_miss:u	332	0	0
mem_load_l3_hit_retired.xsnp_miss:u	333	0	0
mem_load_l3_hit_retired.xsnp_miss:u	334	0	0
mem_load_l3_hit_retired.xsnp_miss:u	335	0	0
mem_load_l3_hit_retired.xsnp_miss:u	336	0	0
mem_load_l3_hit_retired.xsnp_miss:u	337	0	0
mem_load_l3_hit_retired.xsnp_miss:u	338	0	0
mem_load_l3_hit_retired.xsnp_miss:u	339	0	0
mem_load_l3_hit_retired.xsnp_miss:u	340	0	0
mem_load_l3_hit_retired.xsnp_miss:u	341	0	0
mem_load_l3_hit_retired.xsnp_miss:u	342	0	0
mem_load_l3_hit_retired.xsnp_miss:u	343	0	0
mem_load_l3_hit_retired.xsnp_miss:u	344	0	0
mem_load_l3_hit_retired.xsnp_miss:u	345	0	0
mem_load_l3_hit_retired.xsnp_miss:u	346	0	0
mem_load_l3_hit_retired.xsnp_miss:u	347	0	0
mem_load_l3_hit_retired.xsnp_miss:u	348	0	0
mem_load_l3_hit_retired.xsnp_miss:u	349	0	0
mem_load_l3_hit_retired.xsnp_miss:u	350	0	0
mem_load_l3_hit_retired.xsnp_miss:u	351	0	0
mem_load_l3_hit_retired.xsnp_miss:u	352	0	0
mem_load_l3_hit_retired.xsnp_miss:u	353	0	0
mem_load_l3_hit_retired.xsnp_miss:u	354	0	0
mem_load_l3_hit_retired.xsnp_miss:u	355	0	0
mem_load_l3_hit_retired.xsnp_miss:u	356	0	0
mem_load_l3_hit_retired.xsnp_miss:u	357	0	0
mem_load_l3_hit_retired.xsnp_miss:u	358	0	0
mem_load_l3_hit_retired.xsnp_miss:u	359	0	0
mem_load_l3_hit_retired.xsnp_miss:u	360	0	0
mem_load_l3_hit_retired.xsnp_miss:u	361	0	0
mem_load_l3_hit_retired.xsnp_miss:u	362	0	0
mem_load_l3_hit_retired.xsnp_miss:u	363	0	0
mem_load_l3_hit_retired.xsnp_miss:u	364	0	0
mem_load_l3_hit_retired.xsnp_miss:u	365	0	0
mem_load_l3_hit_retired.xsnp_miss:u	366	0	0
mem_load_l3_hit_retired.xsnp_miss:u	367	0	0
mem_load_l3_hit_retired.xsnp_miss:u	368	0	0
mem_load_l3_hit_retired.xsnp_miss:u	369	0	0
mem_load_l3_hit_retired.xsnp_miss:u	370	0	0
mem_load_l3_hit_retired.xsnp_miss:u	371	0	0
mem_load_l3_hit_retired.xsnp_miss:u	372	0	0
mem_load_l3_hit_retired.xsnp_miss:u	373	0	0
mem_load_l3_hit_retired.xsnp_miss:u	374	0	0
mem_load_l3_hit_retired.xsnp_miss:u	375	0	0
mem_load_l3_hit_retired.xsnp_miss:u	376	0	0
mem_load_l3_hit_retired.xsnp_miss:u	377	0	0
mem_load_l3_hit_retired.xsnp_miss:u	378	0	0
mem_load_l3_hit_retired.xsnp_miss:u	379	0	0
mem_load_l3_hit_retired.xsnp_miss:u	380	0	0
mem_load_l3_hit_retired.xsnp_miss:u	381	0	0
mem_load_l3_hit_retired.xsnp_miss:u	382	0	0
mem_load_l3_hit_retired.xsnp_miss:u	383	0	0
mem_load_l3_hit_retired.xsnp_miss:u	384	0	0
mem_load_l3_hit_retired.xsnp_miss:u	385	0	0
mem_load_l3_hit_retired.xsnp_miss:u	386	0	0
mem_load_l3_hit_retired.xsnp_miss:u	387	0	0
mem_load_l3_hit_retired.xsnp_miss:u	388	0	0
mem_load_l3_hit_retired.xsnp_miss:u	389	0	0
mem_load_l3_hit_retired.xsnp_miss:u	390	0	0
mem_load_l3_hit_retired.xsnp_miss:u	391	0	0
mem_load_l3_hit_retired.xsnp_miss:u	392	0	0
mem_load_l3_hit_retired.xsnp_miss:u	393	0	0
mem_load_l3_hit_retired.xsnp_miss:u	394	0	0
mem_load_l3_hit_retired.xsnp_miss:u	395	0	0
mem_load_l3_hit_retired.xsnp_miss:u	396	0	0
mem_load_l3_hit_retired.xsnp_miss:u	397	0	0
mem_load_l3_hit_retired.xsnp_miss:u	398	0	0
mem_load_l3_hit_retired.xsnp_miss:u	399	0	0
mem_load_l3_hit_retired.xsnp_miss:u	400	0	0
mem_load_l3_hit_retired.xsnp_miss:u	401	0	0
mem_load_l3_hit_retired.xsnp_miss:u	402	0	0
mem_load_l3_hit_retired.xsnp_miss:u	403	0	0
mem_load_l3_hit_retired.xsnp_miss:u	404	0	0
mem_load_l3_hit_retired.xsnp_miss:u	405	0	0
mem_load_l3_hit_retired.xsnp_miss:u	406	0	0
mem_load_l3_hit_retired.xsnp_miss:u	407	0	0
mem_load_l3_hit_retired.xsnp_miss:u	408	0	0
mem_load_l3_hit_retired.xsnp_miss:u	409	0	0
mem_load_l3_hit_retired.xsnp_miss:u	410	0	0
mem_load_l3_hit_retired.xsnp_miss:u	411	0	0
mem_load_l3_hit_retired.xsnp_miss:u	412	0	0
mem_load_l3_hit_retired.xsnp_miss:u	413	0	0
mem_load_l3_hit_retired.xsnp_miss:u	414	0	0
mem_load_l3_hit_retired.xsnp_miss:u	415	0	0
mem_load_l3_hit_retired.xsnp_miss:u	416	0	0
mem_load_l3_hit_retired.xsnp_miss:u	417	0	0
mem_load_l3_hit_retired.xsnp_miss:u	418	0	0
mem_load_l3_hit_retired.xsnp_miss:u	419	0	0
mem_load_l3_hit_retired.xsnp_miss:u	420	0	0
mem_load_l3_hit_retired.xsnp_miss:u	421	0	0
mem_load_l3_hit_retired.xsnp_miss:u	422	0	0
mem_load_l3_hit_retired.xsnp_miss:u	423	0	0
mem_load_l3_hit_retired.xsnp_miss:u	424	0	0
mem_load_l3_hit_retired.xsnp_miss:u	425	0	0
mem_load_l3_hit_retired.xsnp_miss:u	426	0	0
mem_load_l3_hit_retired.xsnp_miss:u	427	0	0
mem_load_l3_hit_retired.xsnp_miss:u	428	0	0
mem_load_l3_hit_retired.xsnp_miss:u	429	0	0
mem_load_l3_hit_retired.xsnp_miss:u	430	0	0
mem_load_l3_hit_retired.xsnp_miss:u	431	0	0
mem_load_l3_hit_retired.xsnp_miss:u	432	0	0
mem_load_l3_hit_retired.xsnp_miss:u	433	0	0
mem_load_l3_hit_retired.xsnp_miss:u	434	0	0
mem_load_l3_hit_retired.xsnp_miss:u	435	0	0
mem_load_l3_hit_retired.xsnp_miss:u	436	0	0
mem_load_l3_hit_retired.xsnp_miss:u	437	0	0
mem_load_l3_hit_retired.xsnp_miss:u	438	0	0
mem_load_l3_hit_retired.xsnp_miss:u	439	0	0
mem_load_l3_hit_retired.xsnp_miss:u	440	0	0
mem_load_l3_hit_retired.xsnp_miss:u	441	0	0
mem_load_l3_hit_retired.xsnp_miss:u	442	0	0
mem_load_l3_hit_retired.xsnp_miss:u	443	0	0
mem_load_l3_hit_retired.xsnp_miss:u	444	0	0
mem_load_l3_hit_retired.xsnp_miss:u	445	0	0
mem_load_l3_hit_retired.xsnp_miss:u	446	0	0
mem_load_l3_hit_retired.xsnp_miss:u	447	0	0
mem_load_l3_hit_retired.xsnp_miss:u	448	0	0
mem_load_l3_hit_retired.xsnp_miss:u	449	0	0
mem_load_l3_hit_retired.xsnp_miss:u	450	0	0
mem_load_l3_hit_retired.xsnp_miss:u	451	0	0
mem_load_l3_hit_retired.xsnp_miss:u	452	0	0
mem_load_l3_hit_retired.xsnp_miss:u	453	0	0
mem_load_l3_hit_retired.xsnp_miss:u	454	0	0
mem_load_l3_hit_retired.xsnp_miss:u	455	0	0
mem_load_l3_hit_retired.xsnp_miss:u	456	0	0
mem_load_l3_hit_retired.xsnp_miss:u	457	0	0
mem_load_l3_hit_retired.xsnp_miss:u	458	0	0
mem_load_l3_hit_retired.xsnp_miss:u	459	0	0
mem_load_l3_hit_retired.xsnp_miss:u	460	0	0
mem_load_l3_hit_retired.xsnp_miss:u	461	0	0
mem_load_l3_hit_retired.xsnp_miss:u	462	0	0
mem_load_l3_hit_retired.xsnp_miss:u	463	0	0
mem_load_l3_hit_retired.xsnp_miss:u	464	0	0
mem_load_l3_hit_retired.xsnp_miss:u	465	0	0
mem_load_l3_hit_retired.xsnp_miss:u	466	0	0
mem_load_l3_hit_retired.xsnp_miss:u	467	0	0
mem_load_l3_hit_retired.xsnp_miss:u	468	0	0
mem_load_l3_hit_retired.xsnp_miss:u	469	0	0
mem_load_l3_hit_retired.xsnp_miss:u	470	0	0
mem_load_l3_hit_retired.xsnp_miss:u	471	0	0
mem_load_l3_hit_retired.xsnp_miss:u	472	0	0
mem_load_l3_hit_retired.xsnp_miss:u	473	0	0
mem_load_l3_hit_retired.xsnp_miss:u	474	0	0
mem_load_l3_hit_retired.xsnp_miss:u	475	0	0
mem_load_l3_hit_retired.xsnp_miss:u	476	0	0
mem_load_l3_hit_retired.xsnp_miss:u	477	0	0
mem_load_l3_hit_retired.xsnp_miss:u	478	0	0
mem_load_l3_hit_retired.xsnp_miss:u	479	0	0
mem_load_l3_hit_retired.xsnp_miss:u	480	0	0
mem_load_l3_hit_retired.xsnp_miss:u	481	0	0
mem_load_l3_hit_retired.xsnp_miss:u	482	0	0
mem_load_l3_hit_retired.xsnp_miss:u	483	0	0
mem_load_l3_hit_retired.xsnp_miss:u	484	0	0
mem_load_l3_hit_retired.xsnp_miss:u	485	0	0
mem_load_l3_hit_retired.xsnp_miss:u	486	0	0
mem_load_l3_hit_retired.xsnp_miss:u	487	0	0
mem_load_l3_hit_retired.xsnp_miss:u	488	0	0
mem_load_l3_hit_retired.xsnp_miss:u	489	0	0
mem_load_l3_hit_retired.xsnp_miss:u	490	0	0
mem_load_l3_hit_retired.xsnp_miss:u	491	0	0
mem_load_l3_hit_retired.xsnp_miss:u	492	0	0
mem_load_l3_hit_retired.xsnp_miss:u	493	0	0
mem_load_l3_hit_retired.xsnp_miss:u	494	0	0
mem_load_l3_hit_retired.xsnp_miss:u	495	0	0
mem_load_l3_hit_retired.xsnp_miss:u	496	0	0
mem_load_l3_hit_retired.xsnp_miss:u	497	0	0
mem_load_l3_hit_retired.xsnp_miss:u	498	0	0
mem_load_l3_hit_retired.xsnp_miss:u	499	0	0
mem_load_l3_hit_retired.xsnp_miss:u	500	0	0
mem_load_l3_hit_retired.xsnp_miss:u	501	0	0
mem_load_l3_hit_retired.xsnp_miss:u	502	0	0
mem_load_l3_hit_retired.xsnp_miss:u	503	0	0
mem_load_l3_hit_retired.xsnp_miss:u	504	0	0
mem_load_l3_hit_retired.xsnp_miss:u	505	0	0
mem_load_l3_hit_retired.xsnp_miss:u	506	0	0
mem_load_l3_hit_retired.xsnp_miss:u	507	0	0
mem_load_l3_hit_retired.xsnp_miss:u	508	0	0
mem_load_l3_hit_retired.xsnp_miss:u	509	0	0
mem_load_l3_hit_retired.xsnp_miss:u	510	0	0
mem_load_l3_hit_retired.xsnp_miss:u	511	0	0
mem_load_l3_hit_retired.xsnp_miss:u	512	0	0
mem_load_l3_hit_retired.xsnp_miss:u	513	0	0
mem_load_l3_hit_retired.xsnp_miss:u	514	0	0
mem_load_l3_hit_retired.xsnp_miss:u	515	0	0
mem_load_l3_hit_retired.xsnp_miss:u	516	0	0
mem_load_l3_hit_retired.xsnp_miss:u	517	0	0
mem_load_l3_hit_retired.xsnp_miss:u	518	0	0
mem_load_l3_hit_retired.xsnp_miss:u	519	0	0
mem_load_l3_hit_retired.xsnp_miss:u	520	0	0
mem_load_l3_hit_retired.xsnp_miss:u	521	0	0
mem_load_l3_hit_retired.xsnp_miss:u	522	0	0
mem_load_l3_hit_retired.xsnp_miss:u	523	0	0
mem_load_l3_hit_retired.xsnp_miss:u	524	0	0
mem_load_l3_hit_retired.xsnp_miss:u	525	0	0
mem_load_l3_hit_retired.xsnp_miss:u	526	0	0
mem_load_l3_hit_retired.xsnp_miss:u	527	0	0
mem_load_l3_hit_retired.xsnp_miss:u	528	0	0
mem_load_l3_hit_retired.xsnp_miss:u	529	0	0
mem_load_l3_hit_retired.xsnp_miss:u	530	0	0
mem_load_l3_hit_retired.xsnp_miss:u	531	0	0
mem_load_l3_hit_retired.xsnp_miss:u	532	0	0
mem_load_l3_hit_retired.xsnp_miss:u	533	0	0
mem_load_l3_hit_retired.xsnp_miss:u	534	0	0
mem_load_l3_hit_retired.xsnp_miss:u	535	0	0
mem_load_l3_hit_retired.xsnp_miss:u	536	0	0
mem_load_l3_hit_retired.xsnp_miss:u	537	0	0
mem_load_l3_hit_retired.xsnp_miss:u	538	0	0
mem_load_l3_hit_retired.xsnp_miss:u	539	0	0
mem_load_l3_hit_retired.xsnp_miss:u	540	0	0
mem_load_l3_hit_retired.xsnp_miss:u	541	0	0
mem_load_l3_hit_retired.xsnp_miss:u	542	0	0
mem_load_l3_hit_retired.xsnp_miss:u	543	0	0
mem_load_l3_hit_retired.xsnp_miss:u	544	0	0
mem_load_l3_hit_retired.xsnp_miss:u	545	0	0
mem_load_l3_hit_retired.xsnp_miss:u	546	0	0
mem_load_l3_hit_retired.xsnp_miss:u	547	0	0
mem_load_l3_hit_retired.xsnp_miss:u	548	0	0
mem_load_l3_hit_retired.xsnp_miss:u	549	0	0
mem_load_l3_hit_retired.xsnp_miss:u	550	0	0
mem_load_l3_hit_retired.xsnp_miss:u	551	0	0
mem_load_l3_hit_retired.xsnp_miss:u	552	0	0
mem_load_l3_hit_retired.xsnp_miss:u	553	0	0
mem_load_l3_hit_retired.xsnp_miss:u	554	0	0
mem_load_l3_hit_retired.xsnp_miss:u	555	0	0
mem_load_l3_hit_retired.xsnp_miss:u	556	0	0
mem_load_l3_hit_retired.xsnp_miss:u	557	0	0
mem_load_l3_hit_retired.xsnp_miss:u	558	0	0
mem_load_l3_hit_retired.xsnp_miss:u	559	0	0
mem_load_l3_hit_retired.xsnp_miss:u	560	0	0
mem_load_l3_hit_retired.xsnp_miss:u	561	0	0
mem_load_l3_hit_retired.xsnp_miss:u	562	0	0
mem_load_l3_hit_retired.xsnp_miss:u	563	0	0
mem_load_l3_hit_retired.xsnp_miss:u	564	0	0
mem_load_l3_hit_retired.xsnp_miss:u	565	0	0
mem_load_l3_hit_retired.xsnp_miss:u	566	0	0
mem_load_l3_hit_retired.xsnp_miss:u	567	0	0
mem_load_l3_hit_retired.xsnp_miss:u	568	0	0
mem_load_l3_hit_retired.xsnp_miss:u	569	0	0
mem_load_l3_hit_retired.xsnp_miss:u	570	0	0
mem_load_l3_hit_retired.xsnp_miss:u	571	0	0
mem_load_l3_hit_retired.xsnp_miss:u	572	0	0
mem_load_l3_hit_retired.xsnp_miss:u	573	0	0
mem_load_l3_hit_retired.xsnp_miss:u	574	0	0
mem_load_l3_hit_retired.xsnp_miss:u	575	0	0
mem_load_l3_hit_retired.xsnp_miss:u	576	0	0
mem_load_l3_hit_retired.xsnp_miss:u	577	0	0
mem_load_l3_hit_retired.xsnp_miss:u	578	0	0
mem_load_l3_hit_retired.xsnp_miss:u	579	0	0
mem_load_l3_hit_retired.xsnp_miss:u	580	0	0
mem_load_l3_hit_retired.xsnp_miss:u	581	0	0
mem_load_l3_hit_retired.xsnp_miss:u	582	0	0
mem_load_l3_hit_retired.xsnp_miss:u	583	0	0
mem_load_l3_hit_retired.xsnp_miss:u	584	0	0
mem_load_l3_hit_retired.xsnp_miss:u	585	0	0
mem_load_l3_hit_retired.xsnp_miss:u	586	0	0
mem_load_l3_hit_retired.xsnp_miss:u	587	0	0
mem_load_l3_hit_retired.xsnp_miss:u	588	0	0
mem_load_l3_hit_retired.xsnp_miss:u	589	0	0
mem_load_l3_hit_retired.xsnp_miss:u	590	0	0
mem_load_l3_hit_retired.xsnp_miss:u	591	0	0
mem_load_l3_hit_retired.xsnp_miss:u	592	0	0
mem_load_l3_hit_retired.xsnp_miss:u	593	0	0
mem_load_l3_hit_retired.xsnp_miss:u	594	0	0
mem_load_l3_hit_retired.xsnp_miss:u	595	0	0
mem_load_l3_hit_retired.xsnp_miss:u	596	0	0
mem_load_l3_hit_retired.xsnp_miss:u	597	0	0
mem_load_l3_hit_retired.xsnp_miss:u	598	0	0
mem_load_l3_hit_retired.xsnp_miss:u	599	0	0
mem_load_l3_hit_retired.xsnp_miss:u	600	0	0
mem_load_l3_hit_retired.xsnp_miss:u	601	0	0
mem_load_l3_hit_retired.xsnp_miss:u	602	0	0
mem_load_l3_hit_retired.xsnp_miss:u	603	0	0
mem_load_l3_hit_retired.xsnp_miss:u	604	0	0
mem_load_l3_hit_retired.xsnp_miss:u	605	0	0
mem_load_l3_hit_retired.xsnp_miss:u	606	0	0
mem_load_l3_hit_retired.xsnp_miss:u	607	0	0
mem_load_l3_hit_retired.xsnp_miss:u	608	0	0
mem_load_l3_hit_retired.xsnp_miss:u	609	0	0
mem_load_l3_hit_retired.xsnp_miss:u	610	0	0
mem_load_l3_hit_retired.xsnp_miss:u	611	0	0
mem_load_l3_hit_retired.xsnp_miss:u	612	0	0
mem_load_l3_hit_retired.xsnp_miss:u	613	0	0
mem_load_l3_hit_retired.xsnp_miss:u	614	0	0
mem_load_l3_hit_retired.xsnp_miss:u	615	0	0
mem_load_l3_hit_retired.xsnp_miss:u	616	0	0
mem_load_l3_hit_retired.xsnp_miss:u	617	0	0
mem_load_l3_hit_retired.xsnp_miss:u	618	0	0
mem_load_l3_hit_retired.xsnp_miss:u	619	0	0
mem_load_l3_hit_retired.xsnp_miss:u	620	0	0
mem_load_l3_hit_retired.xsnp_miss:u	621	0	0
mem_load_l3_hit_retired.xsnp_miss:u	622	0	0
mem_load_l3_hit_retired.xsnp_miss:u	623	0	0
mem_load_l3_hit_retired.xsnp_miss:u	624	0	0
mem_load_l3_hit_retired.xsnp_miss:u	625	0	0
mem_load_l3_hit_retired.xsnp_miss:u	626	0	0
mem_load_l3_hit_retired.xsnp_miss:u	627	0	0
mem_load_l3_hit_retired.xsnp_miss:u	628	0	0
mem_load_l3_hit_retired.xsnp_miss:u	629	0	0
mem_load_l3_hit_retired.xsnp_miss:u	630	0	0
mem_load_l3_hit_retired.xsnp_miss:u	631	0	0
mem_load_l3_hit_retired.xsnp_miss:u	632	0	0
mem_load_l3_hit_retired.xsnp_miss:u	633	0	0
mem_load_l3_hit_retired.xsnp_miss:u	634	0	0
mem_load_l3_hit_retired.xsnp_miss:u	635	0	0
mem_load_l3_hit_retired.xsnp_miss:u	636	0	0
mem_load_l3_hit_retired.xsnp_miss:u	637	0	0
mem_load_l3_hit_retired.xsnp_miss:u	638	0	0
mem_load_l3_hit_retired.xsnp_miss:u	639	0	0
mem_load_l3_hit_retired.xsnp_miss:u	640	0	0
mem_load_l3_hit_retired.xsnp_miss:u	641	0	0
mem_load_l3_hit_retired.xsnp_miss:u	642	0	0
mem_load_l3_hit_retired.xsnp_miss:u	643	0	0
mem_load_l3_hit_retired.xsnp_miss:u	644	0	0
mem_load_l3_hit_retired.xsnp_miss:u	645	0	0
mem_load_l3_hit_retired.xsnp_miss:u	646	0	0
mem_load_l3_hit_retired.xsnp_miss:u	647	0	0
mem_load_l3_hit_retired.xsnp_miss:u	648	0	0
mem_load_l3_hit_retired.xsnp_miss:u	649	0	0
mem_load_l3_hit_retired.xsnp_miss:u	650	0	0
mem_load_l3_hit_retired.xsnp_miss:u	651	0	0
mem_load_l3_hit_retired.xsnp_miss:u	652	0	0
mem_load_l3_hit_retired.xsnp_miss:u	653	0	0
mem_load_l3_hit_retired.xsnp_miss:u	654	0	0
mem_load_l3_hit_retired.xsnp_miss:u	655	0	0
mem_load_l3_hit_retired.xsnp_miss:u	656	0	0
mem_load_l3_hit_retired.xsnp_miss:u	657	0	0
mem_load_l3_hit_retired.xsnp_miss:u	658	0	0
mem_load_l3_hit_retired.xsnp_miss:u	659	0	0
mem_load_l3_hit_retired.xsnp_miss:u	660	0	0
mem_load_l3_hit_retired.xsnp_miss:u	661	0	0
mem_load_l3_hit_retired.xsnp_miss:u	662	0	0
mem_load_l3_hit_retired.xsnp_miss:u	663	0	0
mem_load_l3_hit_retired.xsnp_miss:u	664	0	0
mem_load_l3_hit_retired.xsnp_miss:u	665	0	0
mem_load_l3_hit_retired.xsnp_miss:u	666	0	0
mem_load_l3_hit_retired.xsnp_miss:u	667	0	0
mem_load_l3_hit_retired.xsnp_miss:u	668	0	0
mem_load_l3_hit_retired.xsnp_miss:u	669	0	0
mem_load_l3_hit_retired.xsnp_miss:u	670	0	0
mem_load_l3_hit_retired.xsnp_miss:u	671	0	0
mem_load_l3_hit_retired.xsnp_miss:u	672	0	0
mem_load_l3_hit_retired.xsnp_miss:u	673	0	0
mem_load_l3_hit_retired.xsnp_miss:u	674	0	0
mem_load_l3_hit_retired.xsnp_miss:u	675	0	0
mem_load_l3_hit_retired.xsnp_miss:u	676	0	0
mem_load_l3_hit_retired.xsnp_miss:u	677	0	0
mem_load_l3_hit_retired.xsnp_miss:u	678	0	0
mem_load_l3_hit_retired.xsnp_miss:u	679	0	0
mem_load_l3_hit_retired.xsnp_miss:u	680	0	0
mem_load_l3_hit_retired.xsnp_miss:u	681	0	0
mem_load_l3_hit_retired.xsnp_miss:u	682	0	0
mem_load_l3_hit_retired.xsnp_miss:u	683	0	0
mem_load_l3_hit_retired.xsnp_miss:u	684	0	0
mem_load_l3_hit_retired.xsnp_miss:u	685	0	0
mem_load_l3_hit_retired.xsnp_miss:u	686	0	0
mem_load_l3_hit_retired.xsnp_miss:u	687	0	0
mem_load_l3_hit_retired.xsnp_miss:u	688	0	0
mem_load_l3_hit_retired.xsnp_miss:u	689	0	0
mem_load_l3_hit_retired.xsnp_miss:u	690	0	0
mem_load_l3_hit_retired.xsnp_miss:u	691	0	0
mem_load_l3_hit_retired.xsnp_miss:u	692	0	0
mem_load_l3_hit_retired.xsnp_miss:u	693	0	0
mem_load_l3_hit_retired.xsnp_miss:u	694	0	0
mem_load_l3_hit_retired.xsnp_miss:u	695	0	0
mem_load_l3_hit_retired.xsnp_miss:u	696	0	0
mem_load_l3_hit_retired.xsnp_miss:u	697	0	0
mem_load_l3_hit_retired.xsnp_miss:u	698	0	0
mem_load_l3_hit_retired.xsnp_miss:u	699	0	0
mem_load_l3_hit_retired.xsnp_miss:u	700	0	0
mem_load_l3_hit_retired.xsnp_miss:u	701	0	0
mem_load_l3_hit_retired.xsnp_miss:u	702	0	0
mem_load_l3_hit_retired.xsnp_miss:u	703	0	0
mem_load_l3_hit_retired.xsnp_miss:u	704	0	0
mem_load_l3_hit_retired.xsnp_miss:u	705	0	0
mem_load_l3_hit_retired.xsnp_miss:u	706	0	0
mem_load_l3_hit_retired.xsnp_miss:u	707	0	0
mem_load_l3_hit_retired.xsnp_miss:u	708	0	0
mem_load_l3_hit_retired.xsnp_miss:u	709	0	0
mem_load_l3_hit_retired.xsnp_miss:u	710	0	0
mem_load_l3_hit_retired.xsnp_miss:u	711	0	0
mem_load_l3_hit_retired.xsnp_miss:u	712	0	0
mem_load_l3_hit_retired.xsnp_miss:u	713	0	0
mem_load_l3_hit_retired.xsnp_miss:u	714	0	0
mem_load_l3_hit_retired.xsnp_miss:u	715	0	0
mem_load_l3_hit_retired.xsnp_miss:u	716	0	0
mem_load_l3_hit_retired.xsnp_miss:u	717	0	0
mem_load_l3_hit_retired.xsnp_miss:u	718	0	0
mem_load_l3_hit_retired.xsnp_miss:u	719	0	0
mem_load_l3_hit_retired.xsnp_miss:u	720	0	0
mem_load_l3_hit_retired.xsnp_miss:u	721	0	0
mem_load_l3_hit_retired.xsnp_miss:u	722	0	0
mem_load_l3_hit_retired.xsnp_miss:u	723	0	0
mem_load_l3_hit_retired.xsnp_miss:u	724	0	0
mem_load_l3_hit_retired.xsnp_miss:u	725	0	0
mem_load_l3_hit_retired.xsnp_miss:u	726	0	0
mem_load_l3_hit_retired.xsnp_miss:u	727	0	0
mem_load_l3_hit_retired.xsnp_miss:u	728	0	0
mem_load_l3_hit_retired.xsnp_miss:u	729	0	0
mem_load_l3_hit_retired.xsnp_miss:u	730	0	0
mem_load_l3_hit_retired.xsnp_miss:u	731	0	0
mem_load_l3_hit_retired.xsnp_miss:u	732	0	0
mem_load_l3_hit_retired.xsnp_miss:u	733	0	0
mem_load_l3_hit_retired.xsnp_miss:u	734	0	0
mem_load_l3_hit_retired.xsnp_miss:u	735	0	0
mem_load_l3_hit_retired.xsnp_miss:u	736	0	0
mem_load_l3_hit_retired.xsnp_miss:u	737	0	0
mem_load_l3_hit_retired.xsnp_miss:u	738	0	0
mem_load_l3_hit_retired.xsnp_miss:u	739	0	0
mem_load_l3_hit_retired.xsnp_miss:u	740	0	0
mem_load_l3_hit_retired.xsnp_miss:u	741	0	0
mem_load_l3_hit_retired.xsnp_miss:u	742	0	0
mem_load_l3_hit_retired.xsnp_miss:u	743	0	0
mem_load_l3_hit_retired.xsnp_miss:u	744	0	0
mem_load_l3_hit_retired.xsnp_miss:u	745	0	0
mem_load_l3_hit_retired.xsnp_miss:u	746	0	0
mem_load_l3_hit_retired.xsnp_miss:u	747	0	0
mem_load_l3_hit_retired.xsnp_miss:u	748	0	0
mem_load_l3_hit_retired.xsnp_miss:u	749	0	0
mem_load_l3_hit_retired.xsnp_miss:u	750	0	0
mem_load_l3_hit_retired.xsnp_miss:u	751	0	0
mem_load_l3_hit_retired.xsnp_miss:u	752	0	0
mem_load_l3_hit_retired.xsnp_miss:u	753	0	0
mem_load_l3_hit_retired.xsnp_miss:u	754	0	0
mem_load_l3_hit_retired.xsnp_miss:u	755	0	0
mem_load_l3_hit_retired.xsnp_miss:u	756	0	0
mem_load_l3_hit_retired.xsnp_miss:u	757	0	0
mem_load_l3_hit_retired.xsnp_miss:u	758	0	0
mem_load_l3_hit_retired.xsnp_miss:u	759	0	0
mem_load_l3_hit_retired.xsnp_miss:u	760	0	0
mem_load_l3_hit_retired.xsnp_miss:u	761	0	0
mem_load_l3_hit_retired.xsnp_miss:u	762	0	0
mem_load_l3_hit_retired.xsnp_miss:u	763	0	0
mem_load_l3_hit_retired.xsnp_miss:u	764	0	0
mem_load_l3_hit_retired.xsnp_miss:u	765	0	0
mem_load_l3_hit_retired.xsnp_miss:u	766	0	0
mem_load_l3_hit_retired.xsnp_miss:u	767	0	0
mem_load_l3_hit_retired.xsnp_miss:u	768	0	0
mem_load_l3_hit_retired.xsnp_miss:u	769	0	0
mem_load_l3_hit_retired.xsnp_miss:u	770	0	0
mem_load_l3_hit_retired.xsnp_miss:u	771	0	0
mem_load_l3_hit_retired.xsnp_miss:u	772	0	0
mem_load_l3_hit_retired.xsnp_miss:u	773	0	0
mem_load_l3_hit_retired.xsnp_miss:u	774	0	0
mem_load_l3_hit_retired.xsnp_miss:u	775	0	0
mem_load_l3_hit_retired.xsnp_miss:u	776	0	0
mem_load_l3_hit_retired.xsnp_miss:u	777	0	0
mem_load_l3_hit_retired.xsnp_miss:u	778	0	0
mem_load_l3_hit_retired.xsnp_miss:u	779	0	0
mem_load_l3_hit_retired.xsnp_miss:u	780	0	0
mem_load_l3_hit_retired.xsnp_miss:u	781	0	0
mem_load_l3_hit_retired.xsnp_miss:u	782	0	0
mem_load_l3_hit_retired.xsnp_miss:u	783	0	0
mem_load_l3_hit_retired.xsnp_miss:u	784	0	0
mem_load_l3_hit_retired.xsnp_miss:u	785	0	0
mem_load_l3_hit_retired.xsnp_miss:u	786	0	0
mem_load_l3_hit_retired.xsnp_miss:u	787	0	0
mem_load_l3_hit_retired.xsnp_miss:u	788	0	0
mem_load_l3_hit_retired.xsnp_miss:u	789	0	0
mem_load_l3_hit_retired.xsnp_miss:u	790	0	0
mem_load_l3_hit_retired.xsnp_miss:u	791	0	0
mem_load_l3_hit_retired.xsnp_miss:u	792	0	0
mem_load_l3_hit_retired.xsnp_miss:u	793	0	0
mem_load_l3_hit_retired.xsnp_miss:u	794	0	0
mem_load_l3_hit_retired.xsnp_miss:u	795	0	0
mem_load_l3_hit_retired.xsnp_miss:u	796	0	0
mem_load_l3_hit_retired.xsnp_miss:u	797	0	0
mem_load_l3_hit_retired.xsnp_miss:u	798	0	0
mem_load_l3_hit_retired.xsnp_miss:u	799	0	0
mem_load_l3_hit_retired.xsnp_miss:u	800	0	0
mem_load_l3_hit_retired.xsnp_miss:u	801	0	0
mem_load_l3_hit_retired.xsnp_miss:u	802	0	0
mem_load_l3_hit_retired.xsnp_miss:u	803	0	0
mem_load_l3_hit_retired.xsnp_miss:u	804	0	0
mem_load_l3_hit_retired.xsnp_miss:u	805	0	0
mem_load_l3_hit_retired.xsnp_miss:u	806	0	0
mem_load_l3_hit_retired.xsnp_miss:u	807	0	0
mem_load_l3_hit_retired.xsnp_miss:u	808	0	0
mem_load_l3_hit_retired.xsnp_miss:u	809	0	0
mem_load_l3_hit_retired.xsnp_miss:u	810	0	0
mem_load_l3_hit_retired.xsnp_miss:u	811	0	0
mem_load_l3_hit_retired.xsnp_miss:u	812	0	0
mem_load_l3_hit_retired.xsnp_miss:u	813	0	0
mem_load_l3_hit_retired.xsnp_miss:u	814	0	0
mem_load_l3_hit_retired.xsnp_miss:u	815	0	0
mem_load_l3_hit_retired.xsnp_miss:u	816	0	0
mem_load_l3_hit_retired.xsnp_miss:u	817	0	0
mem_load_l3_hit_retired.xsnp_miss:u	818	0	0
mem_load_l3_hit_retired.xsnp_miss:u	819	0	0
mem_load_l3_hit_retired.xsnp_miss:u	820	0	0
mem_load_l3_hit_retired.xsnp_miss:u	821	0	0
mem_load_l3_hit_retired.xsnp_miss:u	822	0	0
mem_load_l3_hit_retired.xsnp_miss:u	823	0	0
mem_load_l3_hit_retired.xsnp_miss:u	824	0	0
mem_load_l3_hit_retired.xsnp_miss:u	825	0	0
mem_load_l3_hit_retired.xsnp_miss:u	826	0	0
mem_load_l3_hit_retired.xsnp_miss:u	827	0	0
mem_load_l3_hit_retired.xsnp_miss:u	828	0	0
mem_load_l3_hit_retired.xsnp_miss:u	829	0	0
mem_load_l3_hit_retired.xsnp_miss:u	830	0	0
mem_load_l3_hit_retired.xsnp_miss:u	831	0	0
mem_load_l3_hit_retired.xsnp_miss:u	832	0	0
mem_load_l3_hit_retired.xsnp_miss:u	833	0	0
mem_load_l3_hit_retired.xsnp_miss:u	834	0	0
mem_load_l3_hit_retired.xsnp_miss:u	835	0	0
mem_load_l3_hit_retired.xsnp_miss:u	836	0	0
mem_load_l3_hit_retired.xsnp_miss:u	837	0	0
mem_load_l3_hit_retired.xsnp_miss:u	838	0	0
mem_load_l3_hit_retired.xsnp_miss:u	839	0	0
mem_load_l3_hit_retired.xsnp_miss:u	840	0	0
mem_load_l3_hit_retired.xsnp_miss:u	841	0	0
mem_load_l3_hit_retired.xsnp_miss:u	842	0	0
mem_load_l3_hit_retired.xsnp_miss:u	843	0	0
mem_load_l3_hit_retired.xsnp_miss:u	844	0	0
mem_load_l3_hit_retired.xsnp_miss:u	845	0	0
mem_load_l3_hit_retired.xsnp_miss:u	846	0	0
mem_load_l3_hit_retired.xsnp_miss:u	847	0	0
mem_load_l3_hit_retired.xsnp_miss:u	848	0	0
mem_load_l3_hit_retired.xsnp_miss:u	849	0	0
mem_load_l3_hit_retired.xsnp_miss:u	850	0	0
mem_load_l3_hit_retired.xsnp_miss:u	851	0	0
mem_load_l3_hit_retired.xsnp_miss:u	852	0	0
mem_load_l3_hit_retired.xsnp_miss:u	853	0	0
mem_load_l3_hit_retired.xsnp_miss:u	854	0	0
mem_load_l3_hit_retired.xsnp_miss:u	855	0	0
mem_load_l3_hit_retired.xsnp_miss:u	856	0	0
mem_load_l3_hit_retired.xsnp_miss:u	857	0	0
mem_load_l3_hit_retired.xsnp_miss:u	858	0	0
mem_load_l3_hit_retired.xsnp_miss:u	859	0	0
mem_load_l3_hit_retired.xsnp_miss:u	860	0	0
mem_load_l3_hit_retired.xsnp_miss:u	861	0	0
mem_load_l3_hit_retired.xsnp_miss:u	862	0	0
mem_load_l3_hit_retired.xsnp_miss:u	863	0	0
mem_load_l3_hit_retired.xsnp_miss:u	864	0	0
mem_load_l3_hit_retired.xsnp_miss:u	865	0	0
mem_load_l3_hit_retired.xsnp_miss:u	866	0	0
mem_load_l3_hit_retired.xsnp_miss:u	867	0	0
mem_load_l3_hit_retired.xsnp_miss:u	868	0	0
mem_load_l3_hit_retired.xsnp_miss:u	869	0	0
mem_load_l3_hit_retired.xsnp_miss:u	870	0	0
mem_load_l3_hit_retired.xsnp_miss:u	871	0	0
mem_load_l3_hit_retired.xsnp_miss:u	872	0	0
mem_load_l3_hit_retired.xsnp_miss:u	873	0	0
mem_load_l3_hit_retired.xsnp_miss:u	874	0	0
mem_load_l3_hit_retired.xsnp_miss:u	875	0	0
mem_load_l3_hit_retired.xsnp_miss:u	876	0	0
mem_load_l3_hit_retired.xsnp_miss:u	877	0	0
mem_load_l3_hit_retired.xsnp_miss:u	878	0	0
mem_load_l3_hit_retired.xsnp_miss:u	879	0	0
mem_load_l3_hit_retired.xsnp_miss:u	880	0	0
mem_load_l3_hit_retired.xsnp_miss:u	881	0	0
mem_load_l3_hit_retired.xsnp_miss:u	882	0	0
mem_load_l3_hit_retired.xsnp_miss:u	883	0	0
mem_load_l3_hit_retired.xsnp_miss:u	884	0	0
mem_load_l3_hit_retired.xsnp_miss:u	885	0	0
mem_load_l3_hit_retired.xsnp_miss:u	886	0	0
mem_load_l3_hit_retired.xsnp_miss:u	887	0	0
mem_load_l3_hit_retired.xsnp_miss:u	888	0	0
mem_load_l3_hit_retired.xsnp_miss:u	889	0	0
mem_load_l3_hit_retired.xsnp_miss:u	890	0	0
mem_load_l3_hit_retired.xsnp_miss:u	891	0	0
mem_load_l3_hit_retired.xsnp_miss:u	892	0	0
mem_load_l3_hit_retired.xsnp_miss:u	893	0	0
mem_load_l3_hit_retired.xsnp_miss:u	894	0	0
mem_load_l3_hit_retired.xsnp_miss:u	895	0	0
mem_load_l3_hit_retired.xsnp_miss:u	896	0	0
mem_load_l3_hit_retired.xsnp_miss:u	897	0	0
mem_load_l3_hit_retired.xsnp_miss:u	898	0	0
mem_load_l3_hit_retired.xsnp_miss:u	899	0	0
mem_load_l3_hit_retired.xsnp_miss:u	900	0	0
mem_load_l3_hit_retired.xsnp_miss:u	901	0	0
mem_load_l3_hit_retired.xsnp_miss:u	902	0	0
mem_load_l3_hit_retired.xsnp_miss:u	903	0	0
mem_load_l3_hit_retired.xsnp_miss:u	904	0	0
mem_load_l3_hit_retired.xsnp_miss:u	905	0	0
mem_load_l3_hit_retired.xsnp_miss:u	906	0	0
mem_load_l3_hit_retired.xsnp_miss:u	907	0	0
mem_load_l3_hit_retired.xsnp_miss:u	908	0	0
mem_load_l3_hit_retired.xsnp_miss:u	909	0	0
mem_load_l3_hit_retired.xsnp_miss:u	910	0	0
mem_load_l3_hit_retired.xsnp_miss:u	911	0	0
mem_load_l3_hit_retired.xsnp_miss:u	912	0	0
mem_load_l3_hit_retired.xsnp_miss:u	913	0	0
mem_load_l3_hit_retired.xsnp_miss:u	914	0	0
mem_load_l3_hit_retired.xsnp_miss:u	915	0	0
mem_load_l3_hit_retired.xsnp_miss:u	916	0	0
mem_load_l3_hit_retired.xsnp_miss:u	917	0	0
mem_load_l3_hit_retired.xsnp_miss:u	918	0	0
mem_load_l3_hit_retired.xsnp_miss:u	919	0	0
mem_load_l3_hit_retired.xsnp_miss:u	920	0	0
mem_load_l3_hit_retired.xsnp_miss:u	921	0	0
mem_load_l3_hit_retired.xsnp_miss:u	922	0	0
mem_load_l3_hit_retired.xsnp_miss:u	923	0	0
mem_load_l3_hit_retired.xsnp_miss:u	924	0	0
mem_load_l3_hit_retired.xsnp_miss:u	925	0	0
mem_load_l3_hit_retired.xsnp_miss:u	926	0	0
mem_load_l3_hit_retired.xsnp_miss:u	927	0	0
mem_load_l3_hit_retired.xsnp_miss:u	928	0	0
mem_load_l3_hit_retired.xsnp_miss:u	929	0	0
mem_load_l3_hit_retired.xsnp_miss:u	930	0	0
mem_load_l3_hit_retired.xsnp_miss:u	931	0	0
mem_load_l3_hit_retired.xsnp_miss:u	932	0	0
mem_load_l3_hit_retired.xsnp_miss:u	933	0	0
mem_load_l3_hit_retired.xsnp_miss:u	934	0	0
mem_load_l3_hit_retired.xsnp_miss:u	935	0	0
mem_load_l3_hit_retired.xsnp_miss:u	936	0	0
mem_load_l3_hit_retired.xsnp_miss:u	937	0	0
mem_load_l3_hit_retired.xsnp_miss:u	938	0	0
mem_load_l3_hit_retired.xsnp_miss:u	939	0	0
mem_load_l3_hit_retired.xsnp_miss:u	940	0	0
mem_load_l3_hit_retired.xsnp_miss:u	941	0	0
mem_load_l3_hit_retired.xsnp_miss:u	942	0	0
mem_load_l3_hit_retired.xsnp_miss:u	943	0	0
mem_load_l3_hit_retired.xsnp_miss:u	944	0	0
mem_load_l3_hit_retired.xsnp_miss:u	945	0	0
mem_load_l3_hit_retired.xsnp_miss:u	946	0	0
mem_load_l3_hit_retired.xsnp_miss:u	947	0	0
mem_load_l3_hit_retired.xsnp_miss:u	948	0	0
mem_load_l3_hit_retired.xsnp_miss:u	949	0	0
mem_load_l3_hit_retired.xsnp_miss:u	950	0	0
mem_load_l3_hit_retired.xsnp_miss:u	951	0	0
mem_load_l3_hit_retired.xsnp_miss:u	952	0	0
mem_load_l3_hit_retired.xsnp_miss:u	953	0	0
mem_load_l3_hit_retired.xsnp_miss:u	954	0	0
mem_load_l3_hit_retired.xsnp_miss:u	955	0	0
mem_load_l3_hit_retired.xsnp_miss:u	956	0	0
mem_load_l3_hit_retired.xsnp_miss:u	957	0	0
mem_load_l3_hit_retired.xsnp_miss:u	958	0	0
mem_load_l3_hit_retired.xsnp_miss:u	959	0	0
mem_load_l3_hit_retired.xsnp_miss:u	960	0	0
mem_load_l3_hit_retired.xsnp_miss:u	961	0	0
mem_load_l3_hit_retired.xsnp_miss:u	962	0	0
mem_load_l3_hit_retired.xsnp_miss:u	963	0	0
mem_load_l3_hit_retired.xsnp_miss:u	964	0	0
mem_load_l3_hit_retired.xsnp_miss:u	965	0	0
mem_load_l3_hit_retired.xsnp_miss:u	966	0	0
mem_load_l3_hit_retired.xsnp_miss:u	967	0	0
mem_load_l3_hit_retired.xsnp_miss:u	968	0	0
mem_load_l3_hit_retired.xsnp_miss:u	969	0	0
mem_load_l3_hit_retired.xsnp_miss:u	970	0	0
mem_load_l3_hit_retired.xsnp_miss:u	971	0	0
mem_load_l3_hit_retired.xsnp_miss:u	972	0	0
mem_load_l3_hit_retired.xsnp_miss:u	973	0	0
mem_load_l3_hit_retired.xsnp_miss:u	974	0	0
mem_load_l3_hit_retired.xsnp_miss:u	975	0	0
mem_load_l3_hit_retired.xsnp_miss:u	976	0	0
mem_load_l3_hit_retired.xsnp_miss:u	977	0	0
mem_load_l3_hit_retired.xsnp_miss:u	978	0	0
mem_load_l3_hit_retired.xsnp_miss:u	979	0	0
mem_load_l3_hit_retired.xsnp_miss:u	980	0	0
mem_load_l3_hit_retired.xsnp_miss:u	981	0	0
mem_load_l3_hit_retired.xsnp_miss:u	982	0	0
mem_load_l3_hit_retired.xsnp_miss:u	983	0	0
mem_load_l3_hit_retired.xsnp_miss:u	984	0	0
mem_load_l3_hit_retired.xsnp_miss:u	985	0	0
mem_load_l3_hit_retired.xsnp_miss:u	986	0	0
mem_load_l3_hit_retired.xsnp_miss:u	987	0	0
mem_load_l3_hit_retired.xsnp_miss:u	988	0	0
mem_load_l3_hit_retired.xsnp_miss:u	989	0	0
mem_load_l3_hit_retired.xsnp_miss:u	990	0	0
mem_load_l3_hit_retired.xsnp_miss:u	991	0	0
mem_load_l3_hit_retired.xsnp_miss:u	992	0	0
mem_load_l3_hit_retired.xsnp_miss:u	993	0	0
mem_load_l3_hit_retired.xsnp_miss:u	994	0	0
mem_load_l3_hit_retired.xsnp_miss:u	995	0	0
mem_load_l3_hit_retired.xsnp_miss:u	996	0	0
mem_load_l3_hit_retired.xsnp_miss:u	997	0	0
mem_load_l3_hit_retired.xsnp_miss:u	998	0	0
mem_load_l3_hit_retired.xsnp_miss:u	999	0	0
mem_load_l3_hit_retired.xsnp_miss:u	1000	0	0
fp_arith_inst_retired.128b_packed_double:u	1	3100000	0
fp_arith_inst_retired.128b_packed_double:u	2	3100000	0
fp_arith_inst_retired.128b_packed_double:u	3	3100000	0
fp_arith_inst_retired.128b_packed_double:u	4	3100000	0
fp_arith_inst_retired.128b_packed_double:u	5	3100000	0
fp_arith_inst_retired.128b_packed_double:u	6	3100000	0
fp_arith_inst_retired.128b_packed_double:u	7	3100000	0
fp_arith_inst_retired.128b_packed_double:u	8	3100000	0
fp_arith_inst_retired.128b_packed_double:u	9	3100000	0
fp_arith_inst_retired.128b_packed_double:u	10	3100000	0
fp_arith_inst_retired.128b_packed_double:u	11	3100000	0
fp_arith_inst_retired.128b_packed_double:u	12	3100000	0
fp_arith_inst_retired.128b_packed_double:u	13	3100000	0
fp_arith_inst_retired.128b_packed_double:u	14	3100000	0
fp_arith_inst_retired.128b_packed_double:u	15	3100000	0
fp_arith_inst_retired.128b_packed_double:u	16	3100000	0
fp_arith_inst_retired.128b_packed_double:u	17	3100000	0
fp_arith_inst_retired.128b_packed_double:u	18	3100000	0
fp_arith_inst_retired.128b_packed_double:u	19	3100000	0
fp_arith_inst_retired.128b_packed_double:u	20	3100000	0
fp_arith_inst_retired.128b_packed_double:u	21	3100000	0
fp_arith_inst_retired.128b_packed_double:u	22	3100000	0
fp_arith_inst_retired.128b_packed_double:u	23	3100000	0
fp_arith_inst_retired.128b_packed_double:u	24	3100000	0
fp_arith_inst_retired.128b_packed_double:u	25	3100000	0
fp_arith_inst_retired.128b_packed_double:u	26	3100000	0
fp_arith_inst_retired.128b_packed_double:u	27	3100000	0
fp_arith_inst_retired.128b_packed_double:u	28	3100000	0
fp_arith_inst_retired.128b_packed_double:u	29	3100000	0
fp_arith_inst_retired.128b_packed_double:u	30	3100000	0
fp_arith_inst_retired.128b_packed_double:u	31	3100000	0
fp_arith_inst_retired.128b_packed_double:u	32	3100000	0
fp_arith_inst_retired.128b_packed_double:u	33	3100000	0
fp_arith_inst_retired.128b_packed_double:u	34	3100000	0
fp_arith_inst_retired.128b_packed_double:u	35	3100000	0
fp_arith_inst_retired.128b_packed_double:u	36	3100000	0
fp_arith_inst_retired.128b_packed_double:u	37	3100000	0
fp_arith_inst_retired.128b_packed_double:u	38	3100000	0
fp_arith_inst_retired.128b_packed_double:u	39	3100000	0
fp_arith_inst_retired.128b_packed_double:u	40	3100000	0
fp_arith_inst_retired.128b_packed_double:u	41	3100000	0
fp_arith_inst_retired.128b_packed_double:u	42	3100000	0
fp_arith_inst_retired.128b_packed_double:u	43	3100000	0
fp_arith_inst_retired.128b_packed_double:u	44	3100000	0
fp_arith_inst_retired.128b_packed_double:u	45	3100000	0
fp_arith_inst_retired.128b_packed_double:u	46	3100000	0
fp_arith_inst_retired.128b_packed_double:u	47	3100000	0
fp_arith_inst_retired.128b_packed_double:u	48	3100000	0
fp_arith_inst_retired.128b_packed_double:u	49	3100000	0
fp_arith_inst_retired.128b_packed_double:u	50	3100000	0
fp_arith_inst_retired.128b_packed_double:u	51	3100000	0
fp_arith_inst_retired.128b_packed_double:u	52	3100000	0
fp_arith_inst_retired.128b_packed_double:u	53	3100000	0
fp_arith_inst_retired.128b_packed_double:u	54	3100000	0
fp_arith_inst_retired.128b_packed_double:u	55	3100000	0
fp_arith_inst_retired.128b_packed_double:u	56	3100000	0
fp_arith_inst_retired.128b_packed_double:u	57	3100000	0
fp_arith_inst_retired.128b_packed_double:u	58	3100000	0
fp_arith_inst_retired.128b_packed_double:u	59	3100000	0
fp_arith_inst_retired.128b_packed_double:u	60	3100000	0
fp_arith_inst_retired.128b_packed_double:u	61	3100000	0
fp_arith_inst_retired.128b_packed_double:u	62	3100000	0
fp_arith_inst_retired.128b_packed_double:u	63	3100000	0
fp_arith_inst_retired.128b_packed_double:u	64	3100000	0
fp_arith_inst_retired.128b_packed_double:u	65	3100000	0
fp_arith_inst_retired.128b_packed_double:u	66	3100000	0
fp_arith_inst_retired.128b_packed_double:u	67	3100000	0
fp_arith_inst_retired.128b_packed_double:u	68	3100000	0
fp_arith_inst_retired.128b_packed_double:u	69	3100000	0
fp_arith_inst_retired.128b_packed_double:u	70	3100000	0
fp_arith_inst_retired.128b_packed_double:u	71	3100000	0
fp_arith_inst_retired.128b_packed_double:u	72	3100000	0
fp_arith_inst_retired.128b_packed_double:u	73	3100000	0
fp_arith_inst_retired.128b_packed_double:u	74	3100000	0
fp_arith_inst_retired.128b_packed_double:u	75	3100000	0
fp_arith_inst_retired.128b_packed_double:u	76	3100000	0
fp_arith_inst_retired.128b_packed_double:u	77	3100000	0
fp_arith_inst_retired.128b_packed_double:u	78	3100000	0
fp_arith_inst_retired.128b_packed_double:u	79	3100000	0
fp_arith_inst_retired.128b_packed_double:u	80	3100000	0
fp_arith_inst_retired.128b_packed_double:u	81	3100000	0
fp_arith_inst_retired.128b_packed_double:u	82	3100000	0
fp_arith_inst_retired.128b_packed_double:u	83	3100000	0
fp_arith_inst_retired.128b_packed_double:u	84	3100000	0
fp_arith_inst_retired.128b_packed_double:u	85	3100000	0
fp_arith_inst_retired.128b_packed_double:u	86	3100000	0
fp_arith_inst_retired.128b_packed_double:u	87	3100000	0
fp_arith_inst_retired.128b_packed_double:u	88	3100000	0
fp_arith_inst_retired.128b_packed_double:u	89	3100000	0
fp_arith_inst_retired.128b_packed_double:u	90	3100000	0
fp_arith_inst_retired.128b_packed_double:u	91	3100000	0
fp_arith_inst_retired.128b_packed_double:u	92	3100000	0
fp_arith_inst_retired.128b_packed_double:u	93	3100000	0
fp_arith_inst_retired.128b_packed_double:u	94	3100000	0
fp_arith_inst_retired.128b_packed_double:u	95	3100000	0
fp_arith_inst_retired.128b_packed_double:u	96	3100000	0
fp_arith_inst_retired.128b_packed_double:u	97	3100000	0
fp_arith_inst_retired.128b_packed_double:u	98	3100000	0
fp_arith_inst_retired.128b_packed_double:u	99	3100000	0
fp_arith_inst_retired.128b_packed_double:u	100	3100000	0
fp_arith_inst_retired.128b_packed_double:u	101	3100000	0
fp_arith_inst_retired.128b_packed_double:u	102	3100000	0
fp_arith_inst_retired.128b_packed_double:u	103	3100000	0
fp_arith_inst_retired.128b_packed_double:u	104	3100000	0
fp_arith_inst_retired.128b_packed_double:u	105	3100000	0
fp_arith_inst_retired.128b_packed_double:u	106	3100000	0
fp_arith_inst_retired.128b_packed_double:u	107	3100000	0
fp_arith_inst_retired.128b_packed_double:u	108	3100000	0
fp_arith_inst_retired.128b_packed_double:u	109	3100000	0
fp_arith_inst_retired.128b_packed_double:u	110	3100000	0
fp_arith_inst_retired.128b_packed_double:u	111	3100000	0
fp_arith_inst_retired.128b_packed_double:u	112	3100000	0
fp_arith_inst_retired.128b_packed_double:u	113	3100000	0
fp_arith_inst_retired.128b_packed_double:u	114	3100000	0
fp_arith_inst_retired.128b_packed_double:u	115	3100000	0
fp_arith_inst_retired.128b_packed_double:u	116	3100000	0
fp_arith_inst_retired.128b_packed_double:u	117	3100000	0
fp_arith_inst_retired.128b_packed_double:u	118	3100000	0
fp_arith_inst_retired.128b_packed_double:u	119	3100000	0
fp_arith_inst_retired.128b_packed_double:u	120	3100000	0
fp_arith_inst_retired.128b_packed_double:u	121	3100000	0
fp_arith_inst_retired.128b_packed_double:u	122	3100000	0
fp_arith_inst_retired.128b_packed_double:u	123	3100000	0
fp_arith_inst_retired.128b_packed_double:u	124	3100000	0
fp_arith_inst_retired.128b_packed_double:u	125	3100000	0
fp_arith_inst_retired.128b_packed_double:u	126	3100000	0
fp_arith_inst_retired.128b_packed_double:u	127	3100000	0
fp_arith_inst_retired.128b_packed_double:u	128	3100000	0
fp_arith_inst_retired.128b_packed_double:u	129	3100000	0
fp_arith_inst_retired.128b_packed_double:u	130	3100000	0
fp_arith_inst_retired.128b_packed_double:u	131	3100000	0
fp_arith_inst_retired.128b_packed_double:u	132	3100000	0
fp_arith_inst_retired.128b_packed_double:u	133	3100000	0
fp_arith_inst_retired.128b_packed_double:u	134	3100000	0
fp_arith_inst_retired.128b_packed_double:u	135	3100000	0
fp_arith_inst_retired.128b_packed_double:u	136	3100000	0
fp_arith_inst_retired.128b_packed_double:u	137	3100000	0
fp_arith_inst_retired.128b_packed_double:u	138	3100000	0
fp_arith_inst_retired.128b_packed_double:u	139	3100000	0
fp_arith_inst_retired.128b_packed_double:u	140	3100000	0
fp_arith_inst_retired.128b_packed_double:u	141	3100000	0
fp_arith_inst_retired.128b_packed_double:u	142	3100000	0
fp_arith_inst_retired.128b_packed_double:u	143	3100000	0
fp_arith_inst_retired.128b_packed_double:u	144	3100000	0
fp_arith_inst_retired.128b_packed_double:u	145	3100000	0
fp_arith_inst_retired.128b_packed_double:u	146	3100000	0
fp_arith_inst_retired.128b_packed_double:u	147	3100000	0
fp_arith_inst_retired.128b_packed_double:u	148	3100000	0
fp_arith_inst_retired.128b_packed_double:u	149	3100000	0
fp_arith_inst_retired.128b_packed_double:u	150	3100000	0
fp_arith_inst_retired.128b_packed_double:u	151	3100000	0
fp_arith_inst_retired.128b_packed_double:u	152	3100000	0
fp_arith_inst_retired.128b_packed_double:u	153	3100000	0
fp_arith_inst_retired.128b_packed_double:u	154	3100000	0
fp_arith_inst_retired.128b_packed_double:u	155	3100000	0
fp_arith_inst_retired.128b_packed_double:u	156	3100000	0
fp_arith_inst_retired.128b_packed_double:u	157	3100000	0
fp_arith_inst_retired.128b_packed_double:u	158	3100000	0
fp_arith_inst_retired.128b_packed_double:u	159	3100000	0
fp_arith_inst_retired.128b_packed_double:u	160	3100000	0
fp_arith_inst_retired.128b_packed_double:u	161	3100000	0
fp_arith_inst_retired.128b_packed_double:u	162	3100000	0
fp_arith_inst_retired.128b_packed_double:u	163	3100000	0
fp_arith_inst_retired.128b_packed_double:u	164	3100000	0
fp_arith_inst_retired.128b_packed_double:u	165	3100000	0
fp_arith_inst_retired.128b_packed_double:u	166	3100000	0
fp_arith_inst_retired.128b_packed_double:u	167	3100000	0
fp_arith_inst_retired.128b_packed_double:u	168	3100000	0
fp_arith_inst_retired.128b_packed_double:u	169	3100000	0
fp_arith_inst_retired.128b_packed_double:u	170	3100000	0
fp_arith_inst_retired.128b_packed_double:u	171	3100000	0
fp_arith_inst_retired.128b_packed_double:u	172	3100000	0
fp_arith_inst_retired.128b_packed_double:u	173	3100000	0
fp_arith_inst_retired.128b_packed_double:u	174	3100000	0
fp_arith_inst_retired.128b_packed_double:u	175	3100000	0
fp_arith_inst_retired.128b_packed_double:u	176	3100000	0
fp_arith_inst_retired.128b_packed_double:u	177	3100000	0
fp_arith_inst_retired.128b_packed_double:u	178	3100000	0
fp_arith_inst_retired.128b_packed_double:u	179	3100000	0
fp_arith_inst_retired.128b_packed_double:u	180	3100000	0
fp_arith_inst_retired.128b_packed_double:u	181	3100000	0
fp_arith_inst_retired.128b_packed_double:u	182	3100000	0
fp_arith_inst_retired.128b_packed_double:u	183	3100000	0
fp_arith_inst_retired.128b_packed_double:u	184	3100000	0
fp_arith_inst_retired.128b_packed_double:u	185	3100000	0
fp_arith_inst_retired.128b_packed_double:u	186	3100000	0
fp_arith_inst_retired.128b_packed_double:u	187	3100000	0
fp_arith_inst_retired.128b_packed_double:u	188	3100000	0
fp_arith_inst_retired.128b_packed_double:u	189	3100000	0
fp_arith_inst_retired.128b_packed_double:u	190	3100000	0
fp_arith_inst_retired.128b_packed_double:u	191	3100000	0
fp_arith_inst_retired.128b_packed_double:u	192	3100000	0
fp_arith_inst_retired.128b_packed_double:u	193	3100000	0
fp_arith_inst_retired.128b_packed_double:u	194	3100000	0
fp_arith_inst_retired.128b_packed_double:u	195	3100000	0
fp_arith_inst_retired.128b_packed_double:u	196	3100000	0
fp_arith_inst_retired.128b_packed_double:u	197	3100000	0
fp_arith_inst_retired.128b_packed_double:u	198	3100000	0
fp_arith_inst_retired.128b_packed_double:u	199	3100000	0
fp_arith_inst_retired.128b_packed_double:u	200	3100000	0
fp_arith_inst_retired.128b_packed_double:u	201	3100000	0
fp_arith_inst_retired.128b_packed_double:u	202	3100000	0
fp_arith_inst_retired.128b_packed_double:u	203	3100000	0
fp_arith_inst_retired.128b_packed_double:u	204	3100000	0
fp_arith_inst_retired.128b_packed_double:u	205	3100000	0
fp_arith_inst_retired.128b_packed_double:u	206	3100000	0
fp_arith_inst_retired.128b_packed_double:u	207	3100000	0
fp_arith_inst_retired.128b_packed_double:u	208	3100000	0
fp_arith_inst_retired.128b_packed_double:u	209	3100000	0
fp_arith_inst_retired.128b_packed_double:u	210	3100000	0
fp_arith_inst_retired.128b_packed_double:u	211	3100000	0
fp_arith_inst_retired.128b_packed_double:u	212	3100000	0
fp_arith_inst_retired.128b_packed_double:u	213	3100000	0
fp_arith_inst_retired.128b_packed_double:u	214	3100000	0
fp_arith_inst_retired.128b_packed_double:u	215	3100000	0
fp_arith_inst_retired.128b_packed_double:u	216	3100000	0
fp_arith_inst_retired.128b_packed_double:u	217	3100000	0
fp_arith_inst_retired.128b_packed_double:u	218	3100000	0
fp_arith_inst_retired.128b_packed_double:u	219	3100000	0
fp_arith_inst_retired.128b_packed_double:u	220	3100000	0
fp_arith_inst_retired.128b_packed_double:u	221	3100000	0
fp_arith_inst_retired.128b_packed_double:u	222	3100000	0
fp_arith_inst_retired.128b_packed_double:u	223	3100000	0
fp_arith_inst_retired.128b_packed_double:u	224	3100000	0
fp_arith_inst_retired.128b_packed_double:u	225	3100000	0
fp_arith_inst_retired.128b_packed_double:u	226	3100000	0
fp_arith_inst_retired.128b_packed_double:u	227	3100000	0
fp_arith_inst_retired.128b_packed_double:u	228	3100000	0
fp_arith_inst_retired.128b_packed_double:u	229	3100000	0
fp_arith_inst_retired.128b_packed_double:u	230	3100000	0
fp_arith_inst_retired.128b_packed_double:u	231	3100000	0
fp_arith_inst_retired.128b_packed_double:u	232	3100000	0
fp_arith_inst_retired.128b_packed_double:u	233	3100000	0
fp_arith_inst_retired.128b_packed_double:u	234	3100000	0
fp_arith_inst_retired.128b_packed_double:u	235	3100000	0
fp_arith_inst_retired.128b_packed_double:u	236	3100000	0
fp_arith_inst_retired.128b_packed_double:u	237	3100000	0
fp_arith_inst_retired.128b_packed_double:u	238	3100000	0
fp_arith_inst_retired.128b_packed_double:u	239	3100000	0
fp_arith_inst_retired.128b_packed_double:u	240	3100000	0
fp_arith_inst_retired.128b_packed_double:u	241	3100000	0
fp_arith_inst_retired.128b_packed_double:u	242	3100000	0
fp_arith_inst_retired.128b_packed_double:u	243	3100000	0
fp_arith_inst_retired.128b_packed_double:u	244	3100000	0
fp_arith_inst_retired.128b_packed_double:u	245	3100000	0
fp_arith_inst_retired.128b_packed_double:u	246	3100000	0
fp_arith_inst_retired.128b_packed_double:u	247	3100000	0
fp_arith_inst_retired.128b_packed_double:u	248	3100000	0
fp_arith_inst_retired.128b_packed_double:u	249	3100000	0
fp_arith_inst_retired.128b_packed_double:u	250	3100000	0
fp_arith_inst_retired.128b_packed_double:u	251	3100000	0
fp_arith_inst_retired.128b_packed_double:u	252	3100000	0
fp_arith_inst_retired.128b_packed_double:u	253	3100000	0
fp_arith_inst_retired.128b_packed_double:u	254	3100000	0
fp_arith_inst_retired.128b_packed_double:u	255	3100000	0
fp_arith_inst_retired.128b_packed_double:u	256	3100000	0
fp_arith_inst_retired.128b_packed_double:u	257	3100000	0
fp_arith_inst_retired.128b_packed_double:u	258	3100000	0
fp_arith_inst_retired.128b_packed_double:u	259	3100000	0
fp_arith_inst_retired.128b_packed_double:u	260	3100000	0
fp_arith_inst_retired.128b_packed_double:u	261	3100000	0
fp_arith_inst_retired.128b_packed_double:u	262	3100000	0
fp_arith_inst_retired.128b_packed_double:u	263	3100000	0
fp_arith_inst_retired.128b_packed_double:u	264	3100000	0
fp_arith_inst_retired.128b_packed_double:u	265	3100000	0
fp_arith_inst_retired.128b_packed_double:u	266	3100000	0
fp_arith_inst_retired.128b_packed_double:u	267	3100000	0
fp_arith_inst_retired.128b_packed_double:u	268	3100000	0
fp_arith_inst_retired.128b_packed_double:u	269	3100000	0
fp_arith_inst_retired.128b_packed_double:u	270	3100000	0
fp_arith_inst_retired.128b_packed_double:u	271	3100000	0
fp_arith_inst_retired.128b_packed_double:u	272	3100000	0
fp_arith_inst_retired.128b_packed_double:u	273	3100000	0
fp_arith_inst_retired.128b_packed_double:u	274	3100000	0
fp_arith_inst_retired.128b_packed_double:u	275	3100000	0
fp_arith_inst_retired.128b_packed_double:u	276	3100000	0
fp_arith_inst_retired.128b_packed_double:u	277	3100000	0
fp_arith_inst_retired.128b_packed_double:u	278	3100000	0
fp_arith_inst_retired.128b_packed_double:u	279	3100000	0
fp_arith_inst_retired.128b_packed_double:u	280	3100000	0
fp_arith_inst_retired.128b_packed_double:u	281	3100000	0
fp_arith_inst_retired.128b_packed_double:u	282	3100000	0
fp_arith_inst_retired.128b_packed_double:u	283	3100000	0
fp_arith_inst_retired.128b_packed_double:u	284	3100000	0
fp_arith_inst_retired.128b_packed_double:u	285	3100000	0
fp_arith_inst_retired.128b_packed_double:u	286	3100000	0
fp_arith_inst_retired.128b_packed_double:u	287	3100000	0
fp_arith_inst_retired.128b_packed_double:u	288	3100000	0
fp_arith_inst_retired.128b_packed_double:u	289	3100000	0
fp_arith_inst_retired.128b_packed_double:u	290	3100000	0
fp_arith_inst_retired.128b_packed_double:u	291	3100000	0
fp_arith_inst_retired.128b_packed_double:u	292	3100000	0
fp_arith_inst_retired.128b_packed_double:u	293	3100000	0
fp_arith_inst_retired.128b_packed_double:u	294	3100000	0
fp_arith_inst_retired.128b_packed_double:u	295	3100000	0
fp_arith_inst_retired.128b_packed_double:u	296	3100000	0
fp_arith_inst_retired.128b_packed_double:u	297	3100000	0
fp_arith_inst_retired.128b_packed_double:u	298	3100000	0
fp_arith_inst_retired.128b_packed_double:u	299	3100000	0
fp_arith_inst_retired.128b_packed_double:u	300	3100000	0
fp_arith_inst_retired.128b_packed_double:u	301	3100000	0
fp_arith_inst_retired.128b_packed_double:u	302	3100000	0
fp_arith_inst_retired.128b_packed_double:u	303	3100000	0
fp_arith_inst_retired.128b_packed_double:u	304	3100000	0
fp_arith_inst_retired.128b_packed_double:u	305	3100000	0
fp_arith_inst_retired.128b_packed_double:u	306	3100000	0
fp_arith_inst_retired.128b_packed_double:u	307	3100000	0
fp_arith_inst_retired.128b_packed_double:u	308	3100000	0
fp_arith_inst_retired.128b_packed_double:u	309	3100000	0
fp_arith_inst_retired.128b_packed_double:u	310	3100000	0
fp_arith_inst_retired.128b_packed_double:u	311	3100000	0
fp_arith_inst_retired.128b_packed_double:u	312	3100000	0
fp_arith_inst_retired.128b_packed_double:u	313	3100000	0
fp_arith_inst_retired.128b_packed_double:u	314	3100000	0
fp_arith_inst_retired.128b_packed_double:u	315	3100000	0
fp_arith_inst_retired.128b_packed_double:u	316	3100000	0
fp_arith_inst_retired.128b_packed_double:u	317	3100000	0
fp_arith_inst_retired.128b_packed_double:u	318	3100000	0
fp_arith_inst_retired.128b_packed_double:u	319	3100000	0
fp_arith_inst_retired.128b_packed_double:u	320	3100000	0
fp_arith_inst_retired.128b_packed_double:u	321	3100000	0
fp_arith_inst_retired.128b_packed_double:u	322	3100000	0
fp_arith_inst_retired.128b_packed_double:u	323	3100000	0
fp_arith_inst_retired.128b_packed_double:u	324	3100000	0
fp_arith_inst_retired.128b_packed_double:u	325	3100000	0
fp_arith_inst_retired.128b_packed_double:u	326	3100000	0
fp_arith_inst_retired.128b_packed_double:u	327	3100000	0
fp_arith_inst_retired.128b_packed_double:u	328	3100000	0
fp_arith_inst_retired.128b_packed_double:u	329	3100000	0
fp_arith_inst_retired.128b_packed_double:u	330	3100000	0
fp_arith_inst_retired.128b_packed_double:u	331	3100000	0
fp_arith_inst_retired.128b_packed_double:u	332	3100000	0
fp_arith_inst_retired.128b_packed_double:u	333	3100000	0
fp_arith_inst_retired.128b_packed_double:u	334	3100000	0
fp_arith_inst_retired.128b_packed_double:u	335	3100000	0
fp_arith_inst_retired.128b_packed_double:u	336	3100000	0
fp_arith_inst_retired.128b_packed_double:u	337	3100000	0
fp_arith_inst_retired.128b_packed_double:u	338	3100000	0
fp_arith_inst_retired.128b_packed_double:u	339	3100000	0
fp_arith_inst_retired.128b_packed_double:u	340	3100000	0
fp_arith_inst_retired.128b_packed_double:u	341	3100000	0
fp_arith_inst_retired.128b_packed_double:u	342	3100000	0
fp_arith_inst_retired.128b_packed_double:u	343	3100000	0
fp_arith_inst_retired.128b_packed_double:u	344	3100000	0
fp_arith_inst_retired.128b_packed_double:u	345	3100000	0
fp_arith_inst_retired.128b_packed_double:u	346	3100000	0
fp_arith_inst_retired.128b_packed_double:u	347	3100000	0
fp_arith_inst_retired.128b_packed_double:u	348	3100000	0
fp_arith_inst_retired.128b_packed_double:u	349	3100000	0
fp_arith_inst_retired.128b_packed_double:u	350	3100000	0
fp_arith_inst_retired.128b_packed_double:u	351	3100000	0
fp_arith_inst_retired.128b_packed_double:u	352	3100000	0
fp_arith_inst_retired.128b_packed_double:u	353	3100000	0
fp_arith_inst_retired.128b_packed_double:u	354	3100000	0
fp_arith_inst_retired.128b_packed_double:u	355	3100000	0
fp_arith_inst_retired.128b_packed_double:u	356	3100000	0
fp_arith_inst_retired.128b_packed_double:u	357	3100000	0
fp_arith_inst_retired.128b_packed_double:u	358	3100000	0
fp_arith_inst_retired.128b_packed_double:u	359	3100000	0
fp_arith_inst_retired.128b_packed_double:u	360	3100000	0
fp_arith_inst_retired.128b_packed_double:u	361	3100000	0
fp_arith_inst_retired.128b_packed_double:u	362	3100000	0
fp_arith_inst_retired.128b_packed_double:u	363	3100000	0
fp_arith_inst_retired.128b_packed_double:u	364	3100000	0
fp_arith_inst_retired.128b_packed_double:u	365	3100000	0
fp_arith_inst_retired.128b_packed_double:u	366	3100000	0
fp_arith_inst_retired.128b_packed_double:u	367	3100000	0
fp_arith_inst_retired.128b_packed_double:u	368	3100000	0
fp_arith_inst_retired.128b_packed_double:u	369	3100000	0
fp_arith_inst_retired.128b_packed_double:u	370	3100000	0
fp_arith_inst_retired.128b_packed_double:u	371	3100000	0
fp_arith_inst_retired.128b_packed_double:u	372	3100000	0
fp_arith_inst_retired.128b_packed_double:u	373	3100000	0
fp_arith_inst_retired.128b_packed_double:u	374	3100000	0
fp_arith_inst_retired.128b_packed_double:u	375	3100000	0
fp_arith_inst_retired.128b_packed_double:u	376	3100000	0
fp_arith_inst_retired.128b_packed_double:u	377	3100000	0
fp_arith_inst_retired.128b_packed_double:u	378	3100000	0
fp_arith_inst_retired.128b_packed_double:u	379	3100000	0
fp_arith_inst_retired.128b_packed_double:u	380	3100000	0
fp_arith_inst_retired.128b_packed_double:u	381	3100000	0
fp_arith_inst_retired.128b_packed_double:u	382	3100000	0
fp_arith_inst_retired.128b_packed_double:u	383	3100000	0
fp_arith_inst_retired.128b_packed_double:u	384	3100000	0
fp_arith_inst_retired.128b_packed_double:u	385	3100000	0
fp_arith_inst_retired.128b_packed_double:u	386	3100000	0
fp_arith_inst_retired.128b_packed_double:u	387	3100000	0
fp_arith_inst_retired.128b_packed_double:u	388	3100000	0
fp_arith_inst_retired.128b_packed_double:u	389	3100000	0
fp_arith_inst_retired.128b_packed_double:u	390	3100000	0
fp_arith_inst_retired.128b_packed_double:u	391	3100000	0
fp_arith_inst_retired.128b_packed_double:u	392	3100000	0
fp_arith_inst_retired.128b_packed_double:u	393	3100000	0
fp_arith_inst_retired.128b_packed_double:u	394	3100000	0
fp_arith_inst_retired.128b_packed_double:u	395	3100000	0
fp_arith_inst_retired.128b_packed_double:u	396	3100000	0
fp_arith_inst_retired.128b_packed_double:u	397	3100000	0
fp_arith_inst_retired.128b_packed_double:u	398	3100000	0
fp_arith_inst_retired.128b_packed_double:u	399	3100000	0
fp_arith_inst_retired.128b_packed_double:u	400	3100000	0
fp_arith_inst_retired.128b_packed_double:u	401	3100000	0
fp_arith_inst_retired.128b_packed_double:u	402	3100000	0
fp_arith_inst_retired.128b_packed_double:u	403	3100000	0
fp_arith_inst_retired.128b_packed_double:u	404	3100000	0
fp_arith_inst_retired.128b_packed_double:u	405	3100000	0
fp_arith_inst_retired.128b_packed_double:u	406	3100000	0
fp_arith_inst_retired.128b_packed_double:u	407	3100000	0
fp_arith_inst_retired.128b_packed_double:u	408	3100000	0
fp_arith_inst_retired.128b_packed_double:u	409	3100000	0
fp_arith_inst_retired.128b_packed_double:u	410	3100000	0
fp_arith_inst_retired.128b_packed_double:u	411	3100000	0
fp_arith_inst_retired.128b_packed_double:u	412	3100000	0
fp_arith_inst_retired.128b_packed_double:u	413	3100000	0
fp_arith_inst_retired.128b_packed_double:u	414	3100000	0
fp_arith_inst_retired.128b_packed_double:u	415	3100000	0
fp_arith_inst_retired.128b_packed_double:u	416	3100000	0
fp_arith_inst_retired.128b_packed_double:u	417	3100000	0
fp_arith_inst_retired.128b_packed_double:u	418	3100000	0
fp_arith_inst_retired.128b_packed_double:u	419	3100000	0
fp_arith_inst_retired.128b_packed_double:u	420	3100000	0
fp_arith_inst_retired.128b_packed_double:u	421	3100000	0
fp_arith_inst_retired.128b_packed_double:u	422	3100000	0
fp_arith_inst_retired.128b_packed_double:u	423	3100000	0
fp_arith_inst_retired.128b_packed_double:u	424	3100000	0
fp_arith_inst_retired.128b_packed_double:u	425	3100000	0
fp_arith_inst_retired.128b_packed_double:u	426	3100000	0
fp_arith_inst_retired.128b_packed_double:u	427	3100000	0
fp_arith_inst_retired.128b_packed_double:u	428	3100000	0
fp_arith_inst_retired.128b_packed_double:u	429	3100000	0
fp_arith_inst_retired.128b_packed_double:u	430	3100000	0
fp_arith_inst_retired.128b_packed_double:u	431	3100000	0
fp_arith_inst_retired.128b_packed_double:u	432	3100000	0
fp_arith_inst_retired.128b_packed_double:u	433	3100000	0
fp_arith_inst_retired.128b_packed_double:u	434	3100000	0
fp_arith_inst_retired.128b_packed_double:u	435	3100000	0
fp_arith_inst_retired.128b_packed_double:u	436	3100000	0
fp_arith_inst_retired.128b_packed_double:u	437	3100000	0
fp_arith_inst_retired.128b_packed_double:u	438	3100000	0
fp_arith_inst_retired.128b_packed_double:u	439	3100000	0
fp_arith_inst_retired.128b_packed_double:u	440	3100000	0
fp_arith_inst_retired.128b_packed_double:u	441	3100000	0
fp_arith_inst_retired.128b_packed_double:u	442	3100000	0
fp_arith_inst_retired.128b_packed_double:u	443	3100000	0
fp_arith_inst_retired.128b_packed_double:u	444	3100000	0
fp_arith_inst_retired.128b_packed_double:u	445	3100000	0
fp_arith_inst_retired.128b_packed_double:u	446	3100000	0
fp_arith_inst_retired.128b_packed_double:u	447	3100000	0
fp_arith_inst_retired.128b_packed_double:u	448	3100000	0
fp_arith_inst_retired.128b_packed_double:u	449	3100000	0
fp_arith_inst_retired.128b_packed_double:u	450	3100000	0
fp_arith_inst_retired.128b_packed_double:u	451	3100000	0
fp_arith_inst_retired.128b_packed_double:u	452	3100000	0
fp_arith_inst_retired.128b_packed_double:u	453	3100000	0
fp_arith_inst_retired.128b_packed_double:u	454	3100000	0
fp_arith_inst_retired.128b_packed_double:u	455	3100000	0
fp_arith_inst_retired.128b_packed_double:u	456	3100000	0
fp_arith_inst_retired.128b_packed_double:u	457	3100000	0
fp_arith_inst_retired.128b_packed_double:u	458	3100000	0
fp_arith_inst_retired.128b_packed_double:u	459	3100000	0
fp_arith_inst_retired.128b_packed_double:u	460	3100000	0
fp_arith_inst_retired.128b_packed_double:u	461	3100000	0
fp_arith_inst_retired.128b_packed_double:u	462	3100000	0
fp_arith_inst_retired.128b_packed_double:u	463	3100000	0
fp_arith_inst_retired.128b_packed_double:u	464	3100000	0
fp_arith_inst_retired.128b_packed_double:u	465	3100000	0
fp_arith_inst_retired.128b_packed_double:u	466	3100000	0
fp_arith_inst_retired.128b_packed_double:u	467	3100000	0
fp_arith_inst_retired.128b_packed_double:u	468	3100000	0
fp_arith_inst_retired.128b_packed_double:u	469	3100000	0
fp_arith_inst_retired.128b_packed_double:u	470	3100000	0
fp_arith_inst_retired.128b_packed_double:u	471	3100000	0
fp_arith_inst_retired.128b_packed_double:u	472	3100000	0
fp_arith_inst_retired.128b_packed_double:u	473	3100000	0
fp_arith_inst_retired.128b_packed_double:u	474	3100000	0
fp_arith_inst_retired.128b_packed_double:u	475	3100000	0
fp_arith_inst_retired.128b_packed_double:u	476	3100000	0
fp_arith_inst_retired.128b_packed_double:u	477	3100000	0
fp_arith_inst_retired.128b_packed_double:u	478	3100000	0
fp_arith_inst_retired.128b_packed_double:u	479	3100000	0
fp_arith_inst_retired.128b_packed_double:u	480	3100000	0
fp_arith_inst_retired.128b_packed_double:u	481	3100000	0
fp_arith_inst_retired.128b_packed_double:u	482	3100000	0
fp_arith_inst_retired.128b_packed_double:u	483	3100000	0
fp_arith_inst_retired.128b_packed_double:u	484	3100000	0
fp_arith_inst_retired.128b_packed_double:u	485	3100000	0
fp_arith_inst_retired.128b_packed_double:u	486	3100000	0
fp_arith_inst_retired.128b_packed_double:u	487	3100000	0
fp_arith_inst_retired.128b_packed_double:u	488	3100000	0
fp_arith_inst_retired.128b_packed_double:u	489	3100000	0
fp_arith_inst_retired.128b_packed_double:u	490	3100000	0
fp_arith_inst_retired.128b_packed_double:u	491	3100000	0
fp_arith_inst_retired.128b_packed_double:u	492	3100000	0
fp_arith_inst_retired.128b_packed_double:u	493	3100000	0
fp_arith_inst_retired.128b_packed_double:u	494	3100000	0
fp_arith_inst_retired.128b_packed_double:u	495	3100000	0
fp_arith_inst_retired.128b_packed_double:u	496	3100000	0
fp_arith_inst_retired.128b_packed_double:u	497	3100000	0
fp_arith_inst_retired.128b_packed_double:u	498	3100000	0
fp_arith_inst_retired.128b_packed_double:u	499	3100000	0
fp_arith_inst_retired.128b_packed_double:u	500	3100000	0
fp_arith_inst_retired.128b_packed_double:u	501	3100000	0
fp_arith_inst_retired.128b_packed_double:u	502	3100000	0
fp_arith_inst_retired.128b_packed_double:u	503	3100000	0
fp_arith_inst_retired.128b_packed_double:u	504	3100000	0
fp_arith_inst_retired.128b_packed_double:u	505	3100000	0
fp_arith_inst_retired.128b_packed_double:u	506	3100000	0
fp_arith_inst_retired.128b_packed_double:u	507	3100000	0
fp_arith_inst_retired.128b_packed_double:u	508	3100000	0
fp_arith_inst_retired.128b_packed_double:u	509	3100000	0
fp_arith_inst_retired.128b_packed_double:u	510	3100000	0
fp_arith_inst_retired.128b_packed_double:u	511	3100000	0
fp_arith_inst_retired.128b_packed_double:u	512	3100000	0
fp_arith_inst_retired.128b_packed_double:u	513	3100000	0
fp_arith_inst_retired.128b_packed_double:u	514	3100000	0
fp_arith_inst_retired.128b_packed_double:u	515	3100000	0
fp_arith_inst_retired.128b_packed_double:u	516	3100000	0
fp_arith_inst_retired.128b_packed_double:u	517	3100000	0
fp_arith_inst_retired.128b_packed_double:u	518	3100000	0
fp_arith_inst_retired.128b_packed_double:u	519	3100000	0
fp_arith_inst_retired.128b_packed_double:u	520	3100000	0
fp_arith_inst_retired.128b_packed_double:u	521	3100000	0
fp_arith_inst_retired.128b_packed_double:u	522	3100000	0
fp_arith_inst_retired.128b_packed_double:u	523	3100000	0
fp_arith_inst_retired.128b_packed_double:u	524	3100000	0
fp_arith_inst_retired.128b_packed_double:u	525	3100000	0
fp_arith_inst_retired.128b_packed_double:u	526	3100000	0
fp_arith_inst_retired.128b_packed_double:u	527	3100000	0
fp_arith_inst_retired.128b_packed_double:u	528	3100000	0
fp_arith_inst_retired.128b_packed_double:u	529	3100000	0
fp_arith_inst_retired.128b_packed_double:u	530	3100000	0
fp_arith_inst_retired.128b_packed_double:u	531	3100000	0
fp_arith_inst_retired.128b_packed_double:u	532	3100000	0
fp_arith_inst_retired.128b_packed_double:u	533	3100000	0
fp_arith_inst_retired.128b_packed_double:u	534	3100000	0
fp_arith_inst_retired.128b_packed_double:u	535	3100000	0
fp_arith_inst_retired.128b_packed_double:u	536	3100000	0
fp_arith_inst_retired.128b_packed_double:u	537	3100000	0
fp_arith_inst_retired.128b_packed_double:u	538	3100000	0
fp_arith_inst_retired.128b_packed_double:u	539	3100000	0
fp_arith_inst_retired.128b_packed_double:u	540	3100000	0
fp_arith_inst_retired.128b_packed_double:u	541	3100000	0
fp_arith_inst_retired.128b_packed_double:u	542	3100000	0
fp_arith_inst_retired.128b_packed_double:u	543	3100000	0
fp_arith_inst_retired.128b_packed_double:u	544	3100000	0
fp_arith_inst_retired.128b_packed_double:u	545	3100000	0
fp_arith_inst_retired.128b_packed_double:u	546	3100000	0
fp_arith_inst_retired.128b_packed_double:u	547	3100000	0
fp_arith_inst_retired.128b_packed_double:u	548	3100000	0
fp_arith_inst_retired.128b_packed_double:u	549	3100000	0
fp_arith_inst_retired.128b_packed_double:u	550	3100000	0
fp_arith_inst_retired.128b_packed_double:u	551	3100000	0
fp_arith_inst_retired.128b_packed_double:u	552	3100000	0
fp_arith_inst_retired.128b_packed_double:u	553	3100000	0
fp_arith_inst_retired.128b_packed_double:u	554	3100000	0
fp_arith_inst_retired.128b_packed_double:u	555	3100000	0
fp_arith_inst_retired.128b_packed_double:u	556	3100000	0
fp_arith_inst_retired.128b_packed_double:u	557	3100000	0
fp_arith_inst_retired.128b_packed_double:u	558	3100000	0
fp_arith_inst_retired.128b_packed_double:u	559	3100000	0
fp_arith_inst_retired.128b_packed_double:u	560	3100000	0
fp_arith_inst_retired.128b_packed_double:u	561	3100000	0
fp_arith_inst_retired.128b_packed_double:u	562	3100000	0
fp_arith_inst_retired.128b_packed_double:u	563	3100000	0
fp_arith_inst_retired.128b_packed_double:u	564	3100000	0
fp_arith_inst_retired.128b_packed_double:u	565	3100000	0
fp_arith_inst_retired.128b_packed_double:u	566	3100000	0
fp_arith_inst_retired.128b_packed_double:u	567	3100000	0
fp_arith_inst_retired.128b_packed_double:u	568	3100000	0
fp_arith_inst_retired.128b_packed_double:u	569	3100000	0
fp_arith_inst_retired.128b_packed_double:u	570	3100000	0
fp_arith_inst_retired.128b_packed_double:u	571	3100000	0
fp_arith_inst_retired.128b_packed_double:u	572	3100000	0
fp_arith_inst_retired.128b_packed_double:u	573	3100000	0
fp_arith_inst_retired.128b_packed_double:u	574	3100000	0
fp_arith_inst_retired.128b_packed_double:u	575	3100000	0
fp_arith_inst_retired.128b_packed_double:u	576	3100000	0
fp_arith_inst_retired.128b_packed_double:u	577	3100000	0
fp_arith_inst_retired.128b_packed_double:u	578	3100000	0
fp_arith_inst_retired.128b_packed_double:u	579	3100000	0
fp_arith_inst_retired.128b_packed_double:u	580	3100000	0
fp_arith_inst_retired.128b_packed_double:u	581	3100000	0
fp_arith_inst_retired.128b_packed_double:u	582	3100000	0
fp_arith_inst_retired.128b_packed_double:u	583	3100000	0
fp_arith_inst_retired.128b_packed_double:u	584	3100000	0
fp_arith_inst_retired.128b_packed_double:u	585	3100000	0
fp_arith_inst_retired.128b_packed_double:u	586	3100000	0
fp_arith_inst_retired.128b_packed_double:u	587	3100000	0
fp_arith_inst_retired.128b_packed_double:u	588	3100000	0
fp_arith_inst_retired.128b_packed_double:u	589	3100000	0
fp_arith_inst_retired.128b_packed_double:u	590	3100000	0
fp_arith_inst_retired.128b_packed_double:u	591	3100000	0
fp_arith_inst_retired.128b_packed_double:u	592	3100000	0
fp_arith_inst_retired.128b_packed_double:u	593	3100000	0
fp_arith_inst_retired.128b_packed_double:u	594	3100000	0
fp_arith_inst_retired.128b_packed_double:u	595	3100000	0
fp_arith_inst_retired.128b_packed_double:u	596	3100000	0
fp_arith_inst_retired.128b_packed_double:u	597	3100000	0
fp_arith_inst_retired.128b_packed_double:u	598	3100000	0
fp_arith_inst_retired.128b_packed_double:u	599	3100000	0
fp_arith_inst_retired.128b_packed_double:u	600	3100000	0
fp_arith_inst_retired.128b_packed_double:u	601	3100000	0
fp_arith_inst_retired.128b_packed_double:u	602	3100000	0
fp_arith_inst_retired.128b_packed_double:u	603	3100000	0
fp_arith_inst_retired.128b_packed_double:u	604	3100000	0
fp_arith_inst_retired.128b_packed_double:u	605	3100000	0
fp_arith_inst_retired.128b_packed_double:u	606	3100000	0
fp_arith_inst_retired.128b_packed_double:u	607	3100000	0
fp_arith_inst_retired.128b_packed_double:u	608	3100000	0
fp_arith_inst_retired.128b_packed_double:u	609	3100000	0
fp_arith_inst_retired.128b_packed_double:u	610	3100000	0
fp_arith_inst_retired.128b_packed_double:u	611	3100000	0
fp_arith_inst_retired.128b_packed_double:u	612	3100000	0
fp_arith_inst_retired.128b_packed_double:u	613	3100000	0
fp_arith_inst_retired.128b_packed_double:u	614	3100000	0
fp_arith_inst_retired.128b_packed_double:u	615	3100000	0
fp_arith_inst_retired.128b_packed_double:u	616	3100000	0
fp_arith_inst_retired.128b_packed_double:u	617	3100000	0
fp_arith_inst_retired.128b_packed_double:u	618	3100000	0
fp_arith_inst_retired.128b_packed_double:u	619	3100000	0
fp_arith_inst_retired.128b_packed_double:u	620	3100000	0
fp_arith_inst_retired.128b_packed_double:u	621	3100000	0
fp_arith_inst_retired.128b_packed_double:u	622	3100000	0
fp_arith_inst_retired.128b_packed_double:u	623	3100000	0
fp_arith_inst_retired.128b_packed_double:u	624	3100000	0
fp_arith_inst_retired.128b_packed_double:u	625	3100000	0
fp_arith_inst_retired.128b_packed_double:u	626	3100000	0
fp_arith_inst_retired.128b_packed_double:u	627	3100000	0
fp_arith_inst_retired.128b_packed_double:u	628	3100000	0
fp_arith_inst_retired.128b_packed_double:u	629	3100000	0
fp_arith_inst_retired.128b_packed_double:u	630	3100000	0
fp_arith_inst_retired.128b_packed_double:u	631	3100000	0
fp_arith_inst_retired.128b_packed_double:u	632	3100000	0
fp_arith_inst_retired.128b_packed_double:u	633	3100000	0
fp_arith_inst_retired.128b_packed_double:u	634	3100000	0
fp_arith_inst_retired.128b_packed_double:u	635	3100000	0
fp_arith_inst_retired.128b_packed_double:u	636	3100000	0
fp_arith_inst_retired.128b_packed_double:u	637	3100000	0
fp_arith_inst_retired.128b_packed_double:u	638	3100000	0
fp_arith_inst_retired.128b_packed_double:u	639	3100000	0
fp_arith_inst_retired.128b_packed_double:u	640	3100000	0
fp_arith_inst_retired.128b_packed_double:u	641	3100000	0
fp_arith_inst_retired.128b_packed_double:u	642	3100000	0
fp_arith_inst_retired.128b_packed_double:u	643	3100000	0
fp_arith_inst_retired.128b_packed_double:u	644	3100000	0
fp_arith_inst_retired.128b_packed_double:u	645	3100000	0
fp_arith_inst_retired.128b_packed_double:u	646	3100000	0
fp_arith_inst_retired.128b_packed_double:u	647	3100000	0
fp_arith_inst_retired.128b_packed_double:u	648	3100000	0
fp_arith_inst_retired.128b_packed_double:u	649	3100000	0
fp_arith_inst_retired.128b_packed_double:u	650	3100000	0
fp_arith_inst_retired.128b_packed_double:u	651	3100000	0
fp_arith_inst_retired.128b_packed_double:u	652	3100000	0
fp_arith_inst_retired.128b_packed_double:u	653	3100000	0
fp_arith_inst_retired.128b_packed_double:u	654	3100000	0
fp_arith_inst_retired.128b_packed_double:u	655	3100000	0
fp_arith_inst_retired.128b_packed_double:u	656	3100000	0
fp_arith_inst_retired.128b_packed_double:u	657	3100000	0
fp_arith_inst_retired.128b_packed_double:u	658	3100000	0
fp_arith_inst_retired.128b_packed_double:u	659	3100000	0
fp_arith_inst_retired.128b_packed_double:u	660	3100000	0
fp_arith_inst_retired.128b_packed_double:u	661	3100000	0
fp_arith_inst_retired.128b_packed_double:u	662	3100000	0
fp_arith_inst_retired.128b_packed_double:u	663	3100000	0
fp_arith_inst_retired.128b_packed_double:u	664	3100000	0
fp_arith_inst_retired.128b_packed_double:u	665	3100000	0
fp_arith_inst_retired.128b_packed_double:u	666	3100000	0
fp_arith_inst_retired.128b_packed_double:u	667	3100000	0
fp_arith_inst_retired.128b_packed_double:u	668	3100000	0
fp_arith_inst_retired.128b_packed_double:u	669	3100000	0
fp_arith_inst_retired.128b_packed_double:u	670	3100000	0
fp_arith_inst_retired.128b_packed_double:u	671	3100000	0
fp_arith_inst_retired.128b_packed_double:u	672	3100000	0
fp_arith_inst_retired.128b_packed_double:u	673	3100000	0
fp_arith_inst_retired.128b_packed_double:u	674	3100000	0
fp_arith_inst_retired.128b_packed_double:u	675	3100000	0
fp_arith_inst_retired.128b_packed_double:u	676	3100000	0
fp_arith_inst_retired.128b_packed_double:u	677	3100000	0
fp_arith_inst_retired.128b_packed_double:u	678	3100000	0
fp_arith_inst_retired.128b_packed_double:u	679	3100000	0
fp_arith_inst_retired.128b_packed_double:u	680	3100000	0
fp_arith_inst_retired.128b_packed_double:u	681	3100000	0
fp_arith_inst_retired.128b_packed_double:u	682	3100000	0
fp_arith_inst_retired.128b_packed_double:u	683	3100000	0
fp_arith_inst_retired.128b_packed_double:u	684	3100000	0
fp_arith_inst_retired.128b_packed_double:u	685	3100000	0
fp_arith_inst_retired.128b_packed_double:u	686	3100000	0
fp_arith_inst_retired.128b_packed_double:u	687	3100000	0
fp_arith_inst_retired.128b_packed_double:u	688	3100000	0
fp_arith_inst_retired.128b_packed_double:u	689	3100000	0
fp_arith_inst_retired.128b_packed_double:u	690	3100000	0
fp_arith_inst_retired.128b_packed_double:u	691	3100000	0
fp_arith_inst_retired.128b_packed_double:u	692	3100000	0
fp_arith_inst_retired.128b_packed_double:u	693	3100000	0
fp_arith_inst_retired.128b_packed_double:u	694	3100000	0
fp_arith_inst_retired.128b_packed_double:u	695	3100000	0
fp_arith_inst_retired.128b_packed_double:u	696	3100000	0
fp_arith_inst_retired.128b_packed_double:u	697	3100000	0
fp_arith_inst_retired.128b_packed_double:u	698	3100000	0
fp_arith_inst_retired.128b_packed_double:u	699	3100000	0
fp_arith_inst_retired.128b_packed_double:u	700	3100000	0
fp_arith_inst_retired.128b_packed_double:u	701	3100000	0
fp_arith_inst_retired.128b_packed_double:u	702	3100000	0
fp_arith_inst_retired.128b_packed_double:u	703	3100000	0
fp_arith_inst_retired.128b_packed_double:u	704	3100000	0
fp_arith_inst_retired.128b_packed_double:u	705	3100000	0
fp_arith_inst_retired.128b_packed_double:u	706	3100000	0
fp_arith_inst_retired.128b_packed_double:u	707	3100000	0
fp_arith_inst_retired.128b_packed_double:u	708	3100000	0
fp_arith_inst_retired.128b_packed_double:u	709	3100000	0
fp_arith_inst_retired.128b_packed_double:u	710	3100000	0
fp_arith_inst_retired.128b_packed_double:u	711	3100000	0
fp_arith_inst_retired.128b_packed_double:u	712	3100000	0
fp_arith_inst_retired.128b_packed_double:u	713	3100000	0
fp_arith_inst_retired.128b_packed_double:u	714	3100000	0
fp_arith_inst_retired.128b_packed_double:u	715	3100000	0
fp_arith_inst_retired.128b_packed_double:u	716	3100000	0
fp_arith_inst_retired.128b_packed_double:u	717	3100000	0
fp_arith_inst_retired.128b_packed_double:u	718	3100000	0
fp_arith_inst_retired.128b_packed_double:u	719	3100000	0
fp_arith_inst_retired.128b_packed_double:u	720	3100000	0
fp_arith_inst_retired.128b_packed_double:u	721	3100000	0
fp_arith_inst_retired.128b_packed_double:u	722	3100000	0
fp_arith_inst_retired.128b_packed_double:u	723	3100000	0
fp_arith_inst_retired.128b_packed_double:u	724	3100000	0
fp_arith_inst_retired.128b_packed_double:u	725	3100000	0
fp_arith_inst_retired.128b_packed_double:u	726	3100000	0
fp_arith_inst_retired.128b_packed_double:u	727	3100000	0
fp_arith_inst_retired.128b_packed_double:u	728	3100000	0
fp_arith_inst_retired.128b_packed_double:u	729	3100000	0
fp_arith_inst_retired.128b_packed_double:u	730	3100000	0
fp_arith_inst_retired.128b_packed_double:u	731	3100000	0
fp_arith_inst_retired.128b_packed_double:u	732	3100000	0
fp_arith_inst_retired.128b_packed_double:u	733	3100000	0
fp_arith_inst_retired.128b_packed_double:u	734	3100000	0
fp_arith_inst_retired.128b_packed_double:u	735	3100000	0
fp_arith_inst_retired.128b_packed_double:u	736	3100000	0
fp_arith_inst_retired.128b_packed_double:u	737	3100000	0
fp_arith_inst_retired.128b_packed_double:u	738	3100000	0
fp_arith_inst_retired.128b_packed_double:u	739	3100000	0
fp_arith_inst_retired.128b_packed_double:u	740	3100000	0
fp_arith_inst_retired.128b_packed_double:u	741	3100000	0
fp_arith_inst_retired.128b_packed_double:u	742	3100000	0
fp_arith_inst_retired.128b_packed_double:u	743	3100000	0
fp_arith_inst_retired.128b_packed_double:u	744	3100000	0
fp_arith_inst_retired.128b_packed_double:u	745	3100000	0
fp_arith_inst_retired.128b_packed_double:u	746	3100000	0
fp_arith_inst_retired.128b_packed_double:u	747	3100000	0
fp_arith_inst_retired.128b_packed_double:u	748	3100000	0
fp_arith_inst_retired.128b_packed_double:u	749	3100000	0
fp_arith_inst_retired.128b_packed_double:u	750	3100000	0
fp_arith_inst_retired.128b_packed_double:u	751	3100000	0
fp_arith_inst_retired.128b_packed_double:u	752	3100000	0
fp_arith_inst_retired.128b_packed_double:u	753	3100000	0
fp_arith_inst_retired.128b_packed_double:u	754	3100000	0
fp_arith_inst_retired.128b_packed_double:u	755	3100000	0
fp_arith_inst_retired.128b_packed_double:u	756	3100000	0
fp_arith_inst_retired.128b_packed_double:u	757	3100000	0
fp_arith_inst_retired.128b_packed_double:u	758	3100000	0
fp_arith_inst_retired.128b_packed_double:u	759	3100000	0
fp_arith_inst_retired.128b_packed_double:u	760	3100000	0
fp_arith_inst_retired.128b_packed_double:u	761	3100000	0
fp_arith_inst_retired.128b_packed_double:u	762	3100000	0
fp_arith_inst_retired.128b_packed_double:u	763	3100000	0
fp_arith_inst_retired.128b_packed_double:u	764	3100000	0
fp_arith_inst_retired.128b_packed_double:u	765	3100000	0
fp_arith_inst_retired.128b_packed_double:u	766	3100000	0
fp_arith_inst_retired.128b_packed_double:u	767	3100000	0
fp_arith_inst_retired.128b_packed_double:u	768	3100000	0
fp_arith_inst_retired.128b_packed_double:u	769	3100000	0
fp_arith_inst_retired.128b_packed_double:u	770	3100000	0
fp_arith_inst_retired.128b_packed_double:u	771	3100000	0
fp_arith_inst_retired.128b_packed_double:u	772	3100000	0
fp_arith_inst_retired.128b_packed_double:u	773	3100000	0
fp_arith_inst_retired.128b_packed_double:u	774	3100000	0
fp_arith_inst_retired.128b_packed_double:u	775	3100000	0
fp_arith_inst_retired.128b_packed_double:u	776	3100000	0
fp_arith_inst_retired.128b_packed_double:u	777	3100000	0
fp_arith_inst_retired.128b_packed_double:u	778	3100000	0
fp_arith_inst_retired.128b_packed_double:u	779	3100000	0
fp_arith_inst_retired.128b_packed_double:u	780	3100000	0
fp_arith_inst_retired.128b_packed_double:u	781	3100000	0
fp_arith_inst_retired.128b_packed_double:u	782	3100000	0
fp_arith_inst_retired.128b_packed_double:u	783	3100000	0
fp_arith_inst_retired.128b_packed_double:u	784	3100000	0
fp_arith_inst_retired.128b_packed_double:u	785	3100000	0
fp_arith_inst_retired.128b_packed_double:u	786	3100000	0
fp_arith_inst_retired.128b_packed_double:u	787	3100000	0
fp_arith_inst_retired.128b_packed_double:u	788	3100000	0
fp_arith_inst_retired.128b_packed_double:u	789	3100000	0
fp_arith_inst_retired.128b_packed_double:u	790	3100000	0
