event	round	count	exit
cycles-t:u	1	0	0
cycles-t:u	2	0	0
cycles-t:u	3	0	0
cycles-t:u	4	0	0
cycles-t:u	5	0	0
cycles-t:u	6	0	0
cycles-t:u	7	0	0
cycles-t:u	8	0	0
cycles-t:u	9	0	0
cycles-t:u	10	0	0
cycles-t:u	11	0	0
cycles-t:u	12	0	0
cycles-t:u	13	0	0
cycles-t:u	14	0	0
cycles-t:u	15	0	0
cycles-t:u	16	0	0
cycles-t:u	17	0	0
cycles-t:u	18	0	0
cycles-t:u	19	0	0
cycles-t:u	20	0	0
cycles-t:u	21	0	0
cycles-t:u	22	0	0
cycles-t:u	23	0	0
cycles-t:u	24	0	0
cycles-t:u	25	0	0
cycles-t:u	26	0	0
cycles-t:u	27	0	0
cycles-t:u	28	0	0
cycles-t:u	29	0	0
cycles-t:u	30	0	0
cycles-t:u	31	0	0
cycles-t:u	32	0	0
cycles-t:u	33	0	0
cycles-t:u	34	0	0
cycles-t:u	35	0	0
cycles-t:u	36	0	0
cycles-t:u	37	0	0
cycles-t:u	38	0	0
cycles-t:u	39	0	0
cycles-t:u	40	0	0
cycles-t:u	41	0	0
cycles-t:u	42	0	0
cycles-t:u	43	0	0
cycles-t:u	44	0	0
cycles-t:u	45	0	0
cycles-t:u	46	0	0
cycles-t:u	47	0	0
cycles-t:u	48	0	0
cycles-t:u	49	0	0
cycles-t:u	50	0	0
cycles-t:u	51	0	0
cycles-t:u	52	0	0
cycles-t:u	53	0	0
cycles-t:u	54	0	0
cycles-t:u	55	0	0
cycles-t:u	56	0	0
cycles-t:u	57	0	0
cycles-t:u	58	0	0
cycles-t:u	59	0	0
cycles-t:u	60	0	0
cycles-t:u	61	0	0
cycles-t:u	62	0	0
cycles-t:u	63	0	0
cycles-t:u	64	0	0
cycles-t:u	65	0	0
cycles-t:u	66	0	0
cycles-t:u	67	0	0
cycles-t:u	68	0	0
cycles-t:u	69	0	0
cycles-t:u	70	0	0
cycles-t:u	71	0	0
cycles-t:u	72	0	0
cycles-t:u	73	0	0
cycles-t:u	74	0	0
cycles-t:u	75	0	0
cycles-t:u	76	0	0
cycles-t:u	77	0	0
cycles-t:u	78	0	0
cycles-t:u	79	0	0
cycles-t:u	80	0	0
cycles-t:u	81	0	0
cycles-t:u	82	0	0
cycles-t:u	83	0	0
cycles-t:u	84	0	0
cycles-t:u	85	0	0
cycles-t:u	86	0	0
cycles-t:u	87	0	0
cycles-t:u	88	0	0
cycles-t:u	89	0	0
cycles-t:u	90	0	0
cycles-t:u	91	0	0
cycles-t:u	92	0	0
cycles-t:u	93	0	0
cycles-t:u	94	0	0
cycles-t:u	95	0	0
cycles-t:u	96	0	0
cycles-t:u	97	0	0
cycles-t:u	98	0	0
cycles-t:u	99	0	0
cycles-t:u	100	0	0
cycles-t:u	101	0	0
cycles-t:u	102	0	0
cycles-t:u	103	0	0
cycles-t:u	104	0	0
cycles-t:u	105	0	0
cycles-t:u	106	0	0
cycles-t:u	107	0	0
cycles-t:u	108	0	0
cycles-t:u	109	0	0
cycles-t:u	110	0	0
cycles-t:u	111	0	0
cycles-t:u	112	0	0
cycles-t:u	113	0	0
cycles-t:u	114	0	0
cycles-t:u	115	0	0
cycles-t:u	116	0	0
cycles-t:u	117	0	0
cycles-t:u	118	0	0
cycles-t:u	119	0	0
cycles-t:u	120	0	0
cycles-t:u	121	0	0
cycles-t:u	122	0	0
cycles-t:u	123	0	0
cycles-t:u	124	0	0
cycles-t:u	125	0	0
cycles-t:u	126	0	0
cycles-t:u	127	0	0
cycles-t:u	128	0	0
cycles-t:u	129	0	0
cycles-t:u	130	0	0
cycles-t:u	131	0	0
cycles-t:u	132	0	0
cycles-t:u	133	0	0
cycles-t:u	134	0	0
cycles-t:u	135	0	0
cycles-t:u	136	0	0
cycles-t:u	137	0	0
cycles-t:u	138	0	0
cycles-t:u	139	0	0
cycles-t:u	140	0	0
cycles-t:u	141	0	0
cycles-t:u	142	0	0
cycles-t:u	143	0	0
cycles-t:u	144	0	0
cycles-t:u	145	0	0
cycles-t:u	146	0	0
cycles-t:u	147	0	0
cycles-t:u	148	0	0
cycles-t:u	149	0	0
cycles-t:u	150	0	0
cycles-t:u	151	0	0
cycles-t:u	152	0	0
cycles-t:u	153	0	0
cycles-t:u	154	0	0
cycles-t:u	155	0	0
cycles-t:u	156	0	0
cycles-t:u	157	0	0
cycles-t:u	158	0	0
cycles-t:u	159	0	0
cycles-t:u	160	0	0
cycles-t:u	161	0	0
cycles-t:u	162	0	0
cycles-t:u	163	0	0
cycles-t:u	164	0	0
cycles-t:u	165	0	0
cycles-t:u	166	0	0
cycles-t:u	167	0	0
cycles-t:u	168	0	0
cycles-t:u	169	0	0
cycles-t:u	170	0	0
cycles-t:u	171	0	0
cycles-t:u	172	0	0
cycles-t:u	173	0	0
cycles-t:u	174	0	0
cycles-t:u	175	0	0
cycles-t:u	176	0	0
cycles-t:u	177	0	0
cycles-t:u	178	0	0
cycles-t:u	179	0	0
cycles-t:u	180	0	0
cycles-t:u	181	0	0
cycles-t:u	182	0	0
cycles-t:u	183	0	0
cycles-t:u	184	0	0
cycles-t:u	185	0	0
cycles-t:u	186	0	0
cycles-t:u	187	0	0
cycles-t:u	188	0	0
cycles-t:u	189	0	0
cycles-t:u	190	0	0
cycles-t:u	191	0	0
cycles-t:u	192	0	0
cycles-t:u	193	0	0
cycles-t:u	194	0	0
cycles-t:u	195	0	0
cycles-t:u	196	0	0
cycles-t:u	197	0	0
cycles-t:u	198	0	0
cycles-t:u	199	0	0
cycles-t:u	200	0	0
cycles-t:u	201	0	0
cycles-t:u	202	0	0
cycles-t:u	203	0	0
cycles-t:u	204	0	0
cycles-t:u	205	0	0
cycles-t:u	206	0	0
cycles-t:u	207	0	0
cycles-t:u	208	0	0
cycles-t:u	209	0	0
cycles-t:u	210	0	0
cycles-t:u	211	0	0
cycles-t:u	212	0	0
cycles-t:u	213	0	0
cycles-t:u	214	0	0
cycles-t:u	215	0	0
cycles-t:u	216	0	0
cycles-t:u	217	0	0
cycles-t:u	218	0	0
cycles-t:u	219	0	0
cycles-t:u	220	0	0
cycles-t:u	221	0	0
cycles-t:u	222	0	0
cycles-t:u	223	0	0
cycles-t:u	224	0	0
cycles-t:u	225	0	0
cycles-t:u	226	0	0
cycles-t:u	227	0	0
cycles-t:u	228	0	0
cycles-t:u	229	0	0
cycles-t:u	230	0	0
cycles-t:u	231	0	0
cycles-t:u	232	0	0
cycles-t:u	233	0	0
cycles-t:u	234	0	0
cycles-t:u	235	0	0
cycles-t:u	236	0	0
cycles-t:u	237	0	0
cycles-t:u	238	0	0
cycles-t:u	239	0	0
cycles-t:u	240	0	0
cycles-t:u	241	0	0
cycles-t:u	242	0	0
cycles-t:u	243	0	0
cycles-t:u	244	0	0
cycles-t:u	245	0	0
cycles-t:u	246	0	0
cycles-t:u	247	0	0
cycles-t:u	248	0	0
cycles-t:u	249	0	0
cycles-t:u	250	0	0
cycles-t:u	251	0	0
cycles-t:u	252	0	0
cycles-t:u	253	0	0
cycles-t:u	254	0	0
cycles-t:u	255	0	0
cycles-t:u	256	0	0
cycles-t:u	257	0	0
cycles-t:u	258	0	0
cycles-t:u	259	0	0
cycles-t:u	260	0	0
cycles-t:u	261	0	0
cycles-t:u	262	0	0
cycles-t:u	263	0	0
cycles-t:u	264	0	0
cycles-t:u	265	0	0
cycles-t:u	266	0	0
cycles-t:u	267	0	0
cycles-t:u	268	0	0
cycles-t:u	269	0	0
cycles-t:u	270	0	0
cycles-t:u	271	0	0
cycles-t:u	272	0	0
cycles-t:u	273	0	0
cycles-t:u	274	0	0
cycles-t:u	275	0	0
cycles-t:u	276	0	0
cycles-t:u	277	0	0
cycles-t:u	278	0	0
cycles-t:u	279	0	0
cycles-t:u	280	0	0
cycles-t:u	281	0	0
cycles-t:u	282	0	0
cycles-t:u	283	0	0
cycles-t:u	284	0	0
cycles-t:u	285	0	0
cycles-t:u	286	0	0
cycles-t:u	287	0	0
cycles-t:u	288	0	0
cycles-t:u	289	0	0
cycles-t:u	290	0	0
cycles-t:u	291	0	0
cycles-t:u	292	0	0
cycles-t:u	293	0	0
cycles-t:u	294	0	0
cycles-t:u	295	0	0
cycles-t:u	296	0	0
cycles-t:u	297	0	0
cycles-t:u	298	0	0
cycles-t:u	299	0	0
cycles-t:u	300	0	0
cycles-t:u	301	0	0
cycles-t:u	302	0	0
cycles-t:u	303	0	0
cycles-t:u	304	0	0
cycles-t:u	305	0	0
cycles-t:u	306	0	0
cycles-t:u	307	0	0
cycles-t:u	308	0	0
cycles-t:u	309	0	0
cycles-t:u	310	0	0
cycles-t:u	311	0	0
cycles-t:u	312	0	0
cycles-t:u	313	0	0
cycles-t:u	314	0	0
cycles-t:u	315	0	0
cycles-t:u	316	0	0
cycles-t:u	317	0	0
cycles-t:u	318	0	0
cycles-t:u	319	0	0
cycles-t:u	320	0	0
cycles-t:u	321	0	0
cycles-t:u	322	0	0
cycles-t:u	323	0	0
cycles-t:u	324	0	0
cycles-t:u	325	0	0
cycles-t:u	326	0	0
cycles-t:u	327	0	0
cycles-t:u	328	0	0
cycles-t:u	329	0	0
cycles-t:u	330	0	0
cycles-t:u	331	0	0
cycles-t:u	332	0	0
cycles-t:u	333	0	0
cycles-t:u	334	0	0
cycles-t:u	335	0	0
cycles-t:u	336	0	0
cycles-t:u	337	0	0
cycles-t:u	338	0	0
cycles-t:u	339	0	0
cycles-t:u	340	0	0
cycles-t:u	341	0	0
cycles-t:u	342	0	0
cycles-t:u	343	0	0
cycles-t:u	344	0	0
cycles-t:u	345	0	0
cycles-t:u	346	0	0
cycles-t:u	347	0	0
cycles-t:u	348	0	0
cycles-t:u	349	0	0
cycles-t:u	350	0	0
cycles-t:u	351	0	0
cycles-t:u	352	0	0
cycles-t:u	353	0	0
cycles-t:u	354	0	0
cycles-t:u	355	0	0
cycles-t:u	356	0	0
cycles-t:u	357	0	0
cycles-t:u	358	0	0
cycles-t:u	359	0	0
cycles-t:u	360	0	0
cycles-t:u	361	0	0
cycles-t:u	362	0	0
cycles-t:u	363	0	0
cycles-t:u	364	0	0
cycles-t:u	365	0	0
cycles-t:u	366	0	0
cycles-t:u	367	0	0
cycles-t:u	368	0	0
cycles-t:u	369	0	0
cycles-t:u	370	0	0
cycles-t:u	371	0	0
cycles-t:u	372	0	0
cycles-t:u	373	0	0
cycles-t:u	374	0	0
cycles-t:u	375	0	0
cycles-t:u	376	0	0
cycles-t:u	377	0	0
cycles-t:u	378	0	0
cycles-t:u	379	0	0
cycles-t:u	380	0	0
cycles-t:u	381	0	0
cycles-t:u	382	0	0
cycles-t:u	383	0	0
cycles-t:u	384	0	0
cycles-t:u	385	0	0
cycles-t:u	386	0	0
cycles-t:u	387	0	0
cycles-t:u	388	0	0
cycles-t:u	389	0	0
cycles-t:u	390	0	0
cycles-t:u	391	0	0
cycles-t:u	392	0	0
cycles-t:u	393	0	0
cycles-t:u	394	0	0
cycles-t:u	395	0	0
cycles-t:u	396	0	0
cycles-t:u	397	0	0
cycles-t:u	398	0	0
cycles-t:u	399	0	0
cycles-t:u	400	0	0
cycles-t:u	401	0	0
cycles-t:u	402	0	0
cycles-t:u	403	0	0
cycles-t:u	404	0	0
cycles-t:u	405	0	0
cycles-t:u	406	0	0
cycles-t:u	407	0	0
cycles-t:u	408	0	0
cycles-t:u	409	0	0
cycles-t:u	410	0	0
cycles-t:u	411	0	0
cycles-t:u	412	0	0
cycles-t:u	413	0	0
cycles-t:u	414	0	0
cycles-t:u	415	0	0
cycles-t:u	416	0	0
cycles-t:u	417	0	0
cycles-t:u	418	0	0
cycles-t:u	419	0	0
cycles-t:u	420	0	0
cycles-t:u	421	0	0
cycles-t:u	422	0	0
cycles-t:u	423	0	0
cycles-t:u	424	0	0
cycles-t:u	425	0	0
cycles-t:u	426	0	0
cycles-t:u	427	0	0
cycles-t:u	428	0	0
cycles-t:u	429	0	0
cycles-t:u	430	0	0
cycles-t:u	431	0	0
cycles-t:u	432	0	0
cycles-t:u	433	0	0
cycles-t:u	434	0	0
cycles-t:u	435	0	0
cycles-t:u	436	0	0
cycles-t:u	437	0	0
cycles-t:u	438	0	0
cycles-t:u	439	0	0
cycles-t:u	440	0	0
cycles-t:u	441	0	0
cycles-t:u	442	0	0
cycles-t:u	443	0	0
cycles-t:u	444	0	0
cycles-t:u	445	0	0
cycles-t:u	446	0	0
cycles-t:u	447	0	0
cycles-t:u	448	0	0
cycles-t:u	449	0	0
cycles-t:u	450	0	0
cycles-t:u	451	0	0
cycles-t:u	452	0	0
cycles-t:u	453	0	0
cycles-t:u	454	0	0
cycles-t:u	455	0	0
cycles-t:u	456	0	0
cycles-t:u	457	0	0
cycles-t:u	458	0	0
cycles-t:u	459	0	0
cycles-t:u	460	0	0
cycles-t:u	461	0	0
cycles-t:u	462	0	0
cycles-t:u	463	0	0
cycles-t:u	464	0	0
cycles-t:u	465	0	0
cycles-t:u	466	0	0
cycles-t:u	467	0	0
cycles-t:u	468	0	0
cycles-t:u	469	0	0
cycles-t:u	470	0	0
cycles-t:u	471	0	0
cycles-t:u	472	0	0
cycles-t:u	473	0	0
cycles-t:u	474	0	0
cycles-t:u	475	0	0
cycles-t:u	476	0	0
cycles-t:u	477	0	0
cycles-t:u	478	0	0
cycles-t:u	479	0	0
cycles-t:u	480	0	0
cycles-t:u	481	0	0
cycles-t:u	482	0	0
cycles-t:u	483	0	0
cycles-t:u	484	0	0
cycles-t:u	485	0	0
cycles-t:u	486	0	0
cycles-t:u	487	0	0
cycles-t:u	488	0	0
cycles-t:u	489	0	0
cycles-t:u	490	0	0
cycles-t:u	491	0	0
cycles-t:u	492	0	0
cycles-t:u	493	0	0
cycles-t:u	494	0	0
cycles-t:u	495	0	0
cycles-t:u	496	0	0
cycles-t:u	497	0	0
cycles-t:u	498	0	0
cycles-t:u	499	0	0
cycles-t:u	500	0	0
cycles-t:u	501	0	0
cycles-t:u	502	0	0
cycles-t:u	503	0	0
cycles-t:u	504	0	0
cycles-t:u	505	0	0
cycles-t:u	506	0	0
cycles-t:u	507	0	0
cycles-t:u	508	0	0
cycles-t:u	509	0	0
cycles-t:u	510	0	0
cycles-t:u	511	0	0
cycles-t:u	512	0	0
cycles-t:u	513	0	0
cycles-t:u	514	0	0
cycles-t:u	515	0	0
cycles-t:u	516	0	0
cycles-t:u	517	0	0
cycles-t:u	518	0	0
cycles-t:u	519	0	0
cycles-t:u	520	0	0
cycles-t:u	521	0	0
cycles-t:u	522	0	0
cycles-t:u	523	0	0
cycles-t:u	524	0	0
cycles-t:u	525	0	0
cycles-t:u	526	0	0
cycles-t:u	527	0	0
cycles-t:u	528	0	0
cycles-t:u	529	0	0
cycles-t:u	530	0	0
cycles-t:u	531	0	0
cycles-t:u	532	0	0
cycles-t:u	533	0	0
cycles-t:u	534	0	0
cycles-t:u	535	0	0
cycles-t:u	536	0	0
cycles-t:u	537	0	0
cycles-t:u	538	0	0
cycles-t:u	539	0	0
cycles-t:u	540	0	0
cycles-t:u	541	0	0
cycles-t:u	542	0	0
cycles-t:u	543	0	0
cycles-t:u	544	0	0
cycles-t:u	545	0	0
cycles-t:u	546	0	0
cycles-t:u	547	0	0
cycles-t:u	548	0	0
cycles-t:u	549	0	0
cycles-t:u	550	0	0
cycles-t:u	551	0	0
cycles-t:u	552	0	0
cycles-t:u	553	0	0
cycles-t:u	554	0	0
cycles-t:u	555	0	0
cycles-t:u	556	0	0
cycles-t:u	557	0	0
cycles-t:u	558	0	0
cycles-t:u	559	0	0
cycles-t:u	560	0	0
cycles-t:u	561	0	0
cycles-t:u	562	0	0
cycles-t:u	563	0	0
cycles-t:u	564	0	0
cycles-t:u	565	0	0
cycles-t:u	566	0	0
cycles-t:u	567	0	0
cycles-t:u	568	0	0
cycles-t:u	569	0	0
cycles-t:u	570	0	0
cycles-t:u	571	0	0
cycles-t:u	572	0	0
cycles-t:u	573	0	0
cycles-t:u	574	0	0
cycles-t:u	575	0	0
cycles-t:u	576	0	0
cycles-t:u	577	0	0
cycles-t:u	578	0	0
cycles-t:u	579	0	0
cycles-t:u	580	0	0
cycles-t:u	581	0	0
cycles-t:u	582	0	0
cycles-t:u	583	0	0
cycles-t:u	584	0	0
cycles-t:u	585	0	0
cycles-t:u	586	0	0
cycles-t:u	587	0	0
cycles-t:u	588	0	0
cycles-t:u	589	0	0
cycles-t:u	590	0	0
cycles-t:u	591	0	0
cycles-t:u	592	0	0
cycles-t:u	593	0	0
cycles-t:u	594	0	0
cycles-t:u	595	0	0
cycles-t:u	596	0	0
cycles-t:u	597	0	0
cycles-t:u	598	0	0
cycles-t:u	599	0	0
cycles-t:u	600	0	0
cycles-t:u	601	0	0
cycles-t:u	602	0	0
cycles-t:u	603	0	0
cycles-t:u	604	0	0
cycles-t:u	605	0	0
cycles-t:u	606	0	0
cycles-t:u	607	0	0
cycles-t:u	608	0	0
cycles-t:u	609	0	0
cycles-t:u	610	0	0
cycles-t:u	611	0	0
cycles-t:u	612	0	0
cycles-t:u	613	0	0
cycles-t:u	614	0	0
cycles-t:u	615	0	0
cycles-t:u	616	0	0
cycles-t:u	617	0	0
cycles-t:u	618	0	0
cycles-t:u	619	0	0
cycles-t:u	620	0	0
cycles-t:u	621	0	0
cycles-t:u	622	0	0
cycles-t:u	623	0	0
cycles-t:u	624	0	0
cycles-t:u	625	0	0
cycles-t:u	626	0	0
cycles-t:u	627	0	0
cycles-t:u	628	0	0
cycles-t:u	629	0	0
cycles-t:u	630	0	0
cycles-t:u	631	0	0
cycles-t:u	632	0	0
cycles-t:u	633	0	0
cycles-t:u	634	0	0
cycles-t:u	635	0	0
cycles-t:u	636	0	0
cycles-t:u	637	0	0
cycles-t:u	638	0	0
cycles-t:u	639	0	0
cycles-t:u	640	0	0
cycles-t:u	641	0	0
cycles-t:u	642	0	0
cycles-t:u	643	0	0
cycles-t:u	644	0	0
cycles-t:u	645	0	0
cycles-t:u	646	0	0
cycles-t:u	647	0	0
cycles-t:u	648	0	0
cycles-t:u	649	0	0
cycles-t:u	650	0	0
cycles-t:u	651	0	0
cycles-t:u	652	0	0
cycles-t:u	653	0	0
cycles-t:u	654	0	0
cycles-t:u	655	0	0
cycles-t:u	656	0	0
cycles-t:u	657	0	0
cycles-t:u	658	0	0
cycles-t:u	659	0	0
cycles-t:u	660	0	0
cycles-t:u	661	0	0
cycles-t:u	662	0	0
cycles-t:u	663	0	0
cycles-t:u	664	0	0
cycles-t:u	665	0	0
cycles-t:u	666	0	0
cycles-t:u	667	0	0
cycles-t:u	668	0	0
cycles-t:u	669	0	0
cycles-t:u	670	0	0
cycles-t:u	671	0	0
cycles-t:u	672	0	0
cycles-t:u	673	0	0
cycles-t:u	674	0	0
cycles-t:u	675	0	0
cycles-t:u	676	0	0
cycles-t:u	677	0	0
cycles-t:u	678	0	0
cycles-t:u	679	0	0
cycles-t:u	680	0	0
cycles-t:u	681	0	0
cycles-t:u	682	0	0
cycles-t:u	683	0	0
cycles-t:u	684	0	0
cycles-t:u	685	0	0
cycles-t:u	686	0	0
cycles-t:u	687	0	0
cycles-t:u	688	0	0
cycles-t:u	689	0	0
cycles-t:u	690	0	0
cycles-t:u	691	0	0
cycles-t:u	692	0	0
cycles-t:u	693	0	0
cycles-t:u	694	0	0
cycles-t:u	695	0	0
cycles-t:u	696	0	0
cycles-t:u	697	0	0
cycles-t:u	698	0	0
cycles-t:u	699	0	0
cycles-t:u	700	0	0
cycles-t:u	701	0	0
cycles-t:u	702	0	0
cycles-t:u	703	0	0
cycles-t:u	704	0	0
cycles-t:u	705	0	0
cycles-t:u	706	0	0
cycles-t:u	707	0	0
cycles-t:u	708	0	0
cycles-t:u	709	0	0
cycles-t:u	710	0	0
cycles-t:u	711	0	0
cycles-t:u	712	0	0
cycles-t:u	713	0	0
cycles-t:u	714	0	0
cycles-t:u	715	0	0
cycles-t:u	716	0	0
cycles-t:u	717	0	0
cycles-t:u	718	0	0
cycles-t:u	719	0	0
cycles-t:u	720	0	0
cycles-t:u	721	0	0
cycles-t:u	722	0	0
cycles-t:u	723	0	0
cycles-t:u	724	0	0
cycles-t:u	725	0	0
cycles-t:u	726	0	0
cycles-t:u	727	0	0
cycles-t:u	728	0	0
cycles-t:u	729	0	0
cycles-t:u	730	0	0
cycles-t:u	731	0	0
cycles-t:u	732	0	0
cycles-t:u	733	0	0
cycles-t:u	734	0	0
cycles-t:u	735	0	0
cycles-t:u	736	0	0
cycles-t:u	737	0	0
cycles-t:u	738	0	0
cycles-t:u	739	0	0
cycles-t:u	740	0	0
cycles-t:u	741	0	0
cycles-t:u	742	0	0
cycles-t:u	743	0	0
cycles-t:u	744	0	0
cycles-t:u	745	0	0
cycles-t:u	746	0	0
cycles-t:u	747	0	0
cycles-t:u	748	0	0
cycles-t:u	749	0	0
cycles-t:u	750	0	0
cycles-t:u	751	0	0
cycles-t:u	752	0	0
cycles-t:u	753	0	0
cycles-t:u	754	0	0
cycles-t:u	755	0	0
cycles-t:u	756	0	0
cycles-t:u	757	0	0
cycles-t:u	758	0	0
cycles-t:u	759	0	0
cycles-t:u	760	0	0
cycles-t:u	761	0	0
cycles-t:u	762	0	0
cycles-t:u	763	0	0
cycles-t:u	764	0	0
cycles-t:u	765	0	0
cycles-t:u	766	0	0
cycles-t:u	767	0	0
cycles-t:u	768	0	0
cycles-t:u	769	0	0
cycles-t:u	770	0	0
cycles-t:u	771	0	0
cycles-t:u	772	0	0
cycles-t:u	773	0	0
cycles-t:u	774	0	0
cycles-t:u	775	0	0
cycles-t:u	776	0	0
cycles-t:u	777	0	0
cycles-t:u	778	0	0
cycles-t:u	779	0	0
cycles-t:u	780	0	0
cycles-t:u	781	0	0
cycles-t:u	782	0	0
cycles-t:u	783	0	0
cycles-t:u	784	0	0
cycles-t:u	785	0	0
cycles-t:u	786	0	0
cycles-t:u	787	0	0
cycles-t:u	788	0	0
cycles-t:u	789	0	0
cycles-t:u	790	0	0
cycles-t:u	791	0	0
cycles-t:u	792	0	0
cycles-t:u	793	0	0
cycles-t:u	794	0	0
cycles-t:u	795	0	0
cycles-t:u	796	0	0
cycles-t:u	797	0	0
cycles-t:u	798	0	0
cycles-t:u	799	0	0
cycles-t:u	800	0	0
cycles-t:u	801	0	0
cycles-t:u	802	0	0
cycles-t:u	803	0	0
cycles-t:u	804	0	0
cycles-t:u	805	0	0
cycles-t:u	806	0	0
cycles-t:u	807	0	0
cycles-t:u	808	0	0
cycles-t:u	809	0	0
cycles-t:u	810	0	0
cycles-t:u	811	0	0
cycles-t:u	812	0	0
cycles-t:u	813	0	0
cycles-t:u	814	0	0
cycles-t:u	815	0	0
cycles-t:u	816	0	0
cycles-t:u	817	0	0
cycles-t:u	818	0	0
cycles-t:u	819	0	0
cycles-t:u	820	0	0
cycles-t:u	821	0	0
cycles-t:u	822	0	0
cycles-t:u	823	0	0
cycles-t:u	824	0	0
cycles-t:u	825	0	0
cycles-t:u	826	0	0
cycles-t:u	827	0	0
cycles-t:u	828	0	0
cycles-t:u	829	0	0
cycles-t:u	830	0	0
cycles-t:u	831	0	0
cycles-t:u	832	0	0
cycles-t:u	833	0	0
cycles-t:u	834	0	0
cycles-t:u	835	0	0
cycles-t:u	836	0	0
cycles-t:u	837	0	0
cycles-t:u	838	0	0
cycles-t:u	839	0	0
cycles-t:u	840	0	0
cycles-t:u	841	0	0
cycles-t:u	842	0	0
cycles-t:u	843	0	0
cycles-t:u	844	0	0
cycles-t:u	845	0	0
cycles-t:u	846	0	0
cycles-t:u	847	0	0
cycles-t:u	848	0	0
cycles-t:u	849	0	0
cycles-t:u	850	0	0
cycles-t:u	851	0	0
cycles-t:u	852	0	0
cycles-t:u	853	0	0
cycles-t:u	854	0	0
cycles-t:u	855	0	0
cycles-t:u	856	0	0
cycles-t:u	857	0	0
cycles-t:u	858	0	0
cycles-t:u	859	0	0
cycles-t:u	860	0	0
cycles-t:u	861	0	0
cycles-t:u	862	0	0
cycles-t:u	863	0	0
cycles-t:u	864	0	0
cycles-t:u	865	0	0
cycles-t:u	866	0	0
cycles-t:u	867	0	0
cycles-t:u	868	0	0
cycles-t:u	869	0	0
cycles-t:u	870	0	0
cycles-t:u	871	0	0
cycles-t:u	872	0	0
cycles-t:u	873	0	0
cycles-t:u	874	0	0
cycles-t:u	875	0	0
cycles-t:u	876	0	0
cycles-t:u	877	0	0
cycles-t:u	878	0	0
cycles-t:u	879	0	0
cycles-t:u	880	0	0
cycles-t:u	881	0	0
cycles-t:u	882	0	0
cycles-t:u	883	0	0
cycles-t:u	884	0	0
cycles-t:u	885	0	0
cycles-t:u	886	0	0
cycles-t:u	887	0	0
cycles-t:u	888	0	0
cycles-t:u	889	0	0
cycles-t:u	890	0	0
cycles-t:u	891	0	0
cycles-t:u	892	0	0
cycles-t:u	893	0	0
cycles-t:u	894	0	0
cycles-t:u	895	0	0
cycles-t:u	896	0	0
cycles-t:u	897	0	0
cycles-t:u	898	0	0
cycles-t:u	899	0	0
cycles-t:u	900	0	0
cycles-t:u	901	0	0
cycles-t:u	902	0	0
cycles-t:u	903	0	0
cycles-t:u	904	0	0
cycles-t:u	905	0	0
cycles-t:u	906	0	0
cycles-t:u	907	0	0
cycles-t:u	908	0	0
cycles-t:u	909	0	0
cycles-t:u	910	0	0
cycles-t:u	911	0	0
cycles-t:u	912	0	0
cycles-t:u	913	0	0
cycles-t:u	914	0	0
cycles-t:u	915	0	0
cycles-t:u	916	0	0
cycles-t:u	917	0	0
cycles-t:u	918	0	0
cycles-t:u	919	0	0
cycles-t:u	920	0	0
cycles-t:u	921	0	0
cycles-t:u	922	0	0
cycles-t:u	923	0	0
cycles-t:u	924	0	0
cycles-t:u	925	0	0
cycles-t:u	926	0	0
cycles-t:u	927	0	0
cycles-t:u	928	0	0
cycles-t:u	929	0	0
cycles-t:u	930	0	0
cycles-t:u	931	0	0
cycles-t:u	932	0	0
cycles-t:u	933	0	0
cycles-t:u	934	0	0
cycles-t:u	935	0	0
cycles-t:u	936	0	0
cycles-t:u	937	0	0
cycles-t:u	938	0	0
cycles-t:u	939	0	0
cycles-t:u	940	0	0
cycles-t:u	941	0	0
cycles-t:u	942	0	0
cycles-t:u	943	0	0
cycles-t:u	944	0	0
cycles-t:u	945	0	0
cycles-t:u	946	0	0
cycles-t:u	947	0	0
cycles-t:u	948	0	0
cycles-t:u	949	0	0
cycles-t:u	950	0	0
cycles-t:u	951	0	0
cycles-t:u	952	0	0
cycles-t:u	953	0	0
cycles-t:u	954	0	0
cycles-t:u	955	0	0
cycles-t:u	956	0	0
cycles-t:u	957	0	0
cycles-t:u	958	0	0
cycles-t:u	959	0	0
cycles-t:u	960	0	0
cycles-t:u	961	0	0
cycles-t:u	962	0	0
cycles-t:u	963	0	0
cycles-t:u	964	0	0
cycles-t:u	965	0	0
cycles-t:u	966	0	0
cycles-t:u	967	0	0
cycles-t:u	968	0	0
cycles-t:u	969	0	0
cycles-t:u	970	0	0
cycles-t:u	971	0	0
cycles-t:u	972	0	0
cycles-t:u	973	0	0
cycles-t:u	974	0	0
cycles-t:u	975	0	0
cycles-t:u	976	0	0
cycles-t:u	977	0	0
cycles-t:u	978	0	0
cycles-t:u	979	0	0
cycles-t:u	980	0	0
cycles-t:u	981	0	0
cycles-t:u	982	0	0
cycles-t:u	983	0	0
cycles-t:u	984	0	0
cycles-t:u	985	0	0
cycles-t:u	986	0	0
cycles-t:u	987	0	0
cycles-t:u	988	0	0
cycles-t:u	989	0	0
cycles-t:u	990	0	0
cycles-t:u	991	0	0
cycles-t:u	992	0	0
cycles-t:u	993	0	0
cycles-t:u	994	0	0
cycles-t:u	995	0	0
cycles-t:u	996	0	0
cycles-t:u	997	0	0
cycles-t:u	998	0	0
cycles-t:u	999	0	0
cycles-t:u	1000	0	0
l1d.replacement:u	1	2504727	0
l1d.replacement:u	2	2430480	0
l2_rqsts.miss:u	1	603617	0
l2_rqsts.miss:u	2	603514	0
mem_load_l3_hit_retired.xsnp_miss:u	1	0	0
mem_load_l3_hit_retired.xsnp_miss:u	2	0	0
mem_load_l3_hit_retired.xsnp_miss:u	3	0	0
mem_load_l3_hit_retired.xsnp_miss:u	4	0	0
mem_load_l3_hit_retired.xsnp_miss:u	5	0	0
mem_load_l3_hit_retired.xsnp_miss:u	6	0	0
mem_load_l3_hit_retired.xsnp_miss:u	7	0	0
mem_load_l3_hit_retired.xsnp_miss:u	8	0	0
mem_load_l3_hit_retired.xsnp_miss:u	9	0	0
mem_load_l3_hit_retired.xsnp_miss:u	10	0	0
mem_load_l3_hit_retired.xsnp_miss:u	11	0	0
mem_load_l3_hit_retired.xsnp_miss:u	12	0	0
mem_load_l3_hit_retired.xsnp_miss:u	13	0	0
mem_load_l3_hit_retired.xsnp_miss:u	14	0	0
mem_load_l3_hit_retired.xsnp_miss:u	15	0	0
mem_load_l3_hit_retired.xsnp_miss:u	16	0	0
mem_load_l3_hit_retired.xsnp_miss:u	17	0	0
mem_load_l3_hit_retired.xsnp_miss:u	18	0	0
mem_load_l3_hit_retired.xsnp_miss:u	19	0	0
mem_load_l3_hit_retired.xsnp_miss:u	20	0	0
mem_load_l3_hit_retired.xsnp_miss:u	21	0	0
mem_load_l3_hit_retired.xsnp_miss:u	22	0	0
mem_load_l3_hit_retired.xsnp_miss:u	23	0	0
mem_load_l3_hit_retired.xsnp_miss:u	24	0	0
mem_load_l3_hit_retired.xsnp_miss:u	25	0	0
mem_load_l3_hit_retired.xsnp_miss:u	26	0	0
mem_load_l3_hit_retired.xsnp_miss:u	27	0	0
mem_load_l3_hit_retired.xsnp_miss:u	28	0	0
mem_load_l3_hit_retired.xsnp_miss:u	29	0	0
mem_load_l3_hit_retired.xsnp_miss:u	30	0	0
mem_load_l3_hit_retired.xsnp_miss:u	31	0	0
mem_load_l3_hit_retired.xsnp_miss:u	32	0	0
mem_load_l3_hit_retired.xsnp_miss:u	33	0	0
mem_load_l3_hit_retired.xsnp_miss:u	34	0	0
mem_load_l3_hit_retired.xsnp_miss:u	35	0	0
mem_load_l3_hit_retired.xsnp_miss:u	36	0	0
mem_load_l3_hit_retired.xsnp_miss:u	37	0	0
mem_load_l3_hit_retired.xsnp_miss:u	38	0	0
mem_load_l3_hit_retired.xsnp_miss:u	39	0	0
mem_load_l3_hit_retired.xsnp_miss:u	40	0	0
mem_load_l3_hit_retired.xsnp_miss:u	41	0	0
mem_load_l3_hit_retired.xsnp_miss:u	42	0	0
mem_load_l3_hit_retired.xsnp_miss:u	43	0	0
mem_load_l3_hit_retired.xsnp_miss:u	44	0	0
mem_load_l3_hit_retired.xsnp_miss:u	45	0	0
mem_load_l3_hit_retired.xsnp_miss:u	46	0	0
mem_load_l3_hit_retired.xsnp_miss:u	47	0	0
mem_load_l3_hit_retired.xsnp_miss:u	48	0	0
mem_load_l3_hit_retired.xsnp_miss:u	49	0	0
mem_load_l3_hit_retired.xsnp_miss:u	50	0	0
mem_load_l3_hit_retired.xsnp_miss:u	51	0	0
mem_load_l3_hit_retired.xsnp_miss:u	52	0	0
mem_load_l3_hit_retired.xsnp_miss:u	53	0	0
mem_load_l3_hit_retired.xsnp_miss:u	54	0	0
mem_load_l3_hit_retired.xsnp_miss:u	55	0	0
mem_load_l3_hit_retired.xsnp_miss:u	56	0	0
mem_load_l3_hit_retired.xsnp_miss:u	57	0	0
mem_load_l3_hit_retired.xsnp_miss:u	58	0	0
mem_load_l3_hit_retired.xsnp_miss:u	59	0	0
mem_load_l3_hit_retired.xsnp_miss:u	60	0	0
mem_load_l3_hit_retired.xsnp_miss:u	61	0	0
mem_load_l3_hit_retired.xsnp_miss:u	62	0	0
mem_load_l3_hit_retired.xsnp_miss:u	63	0	0
mem_load_l3_hit_retired.xsnp_miss:u	64	0	0
mem_load_l3_hit_retired.xsnp_miss:u	65	0	0
mem_load_l3_hit_retired.xsnp_miss:u	66	0	0
mem_load_l3_hit_retired.xsnp_miss:u	67	0	0
mem_load_l3_hit_retired.xsnp_miss:u	68	0	0
mem_load_l3_hit_retired.xsnp_miss:u	69	0	0
mem_load_l3_hit_retired.xsnp_miss:u	70	0	0
mem_load_l3_hit_retired.xsnp_miss:u	71	0	0
mem_load_l3_hit_retired.xsnp_miss:u	72	0	0
mem_load_l3_hit_retired.xsnp_miss:u	73	0	0
mem_load_l3_hit_retired.xsnp_miss:u	74	0	0
mem_load_l3_hit_retired.xsnp_miss:u	75	0	0
mem_load_l3_hit_retired.xsnp_miss:u	76	0	0
mem_load_l3_hit_retired.xsnp_miss:u	77	0	0
mem_load_l3_hit_retired.xsnp_miss:u	78	0	0
mem_load_l3_hit_retired.xsnp_miss:u	79	0	0
mem_load_l3_hit_retired.xsnp_miss:u	80	0	0
mem_load_l3_hit_retired.xsnp_miss:u	81	0	0
mem_load_l3_hit_retired.xsnp_miss:u	82	0	0
mem_load_l3_hit_retired.xsnp_miss:u	83	0	0
mem_load_l3_hit_retired.xsnp_miss:u	84	0	0
mem_load_l3_hit_retired.xsnp_miss:u	85	0	0
mem_load_l3_hit_retired.xsnp_miss:u	86	0	0
mem_load_l3_hit_retired.xsnp_miss:u	87	0	0
mem_load_l3_hit_retired.xsnp_miss:u	88	0	0
mem_load_l3_hit_retired.xsnp_miss:u	89	0	0
mem_load_l3_hit_retired.xsnp_miss:u	90	0	0
mem_load_l3_hit_retired.xsnp_miss:u	91	0	0
mem_load_l3_hit_retired.xsnp_miss:u	92	0	0
mem_load_l3_hit_retired.xsnp_miss:u	93	0	0
mem_load_l3_hit_retired.xsnp_miss:u	94	0	0
mem_load_l3_hit_retired.xsnp_miss:u	95	0	0
mem_load_l3_hit_retired.xsnp_miss:u	96	0	0
mem_load_l3_hit_retired.xsnp_miss:u	97	0	0
mem_load_l3_hit_retired.xsnp_miss:u	98	0	0
mem_load_l3_hit_retired.xsnp_miss:u	99	0	0
mem_load_l3_hit_retired.xsnp_miss:u	100	0	0
mem_load_l3_hit_retired.xsnp_miss:u	101	0	0
mem_load_l3_hit_retired.xsnp_miss:u	102	0	0
mem_load_l3_hit_retired.xsnp_miss:u	103	0	0
mem_load_l3_hit_retired.xsnp_miss:u	104	0	0
mem_load_l3_hit_retired.xsnp_miss:u	105	0	0
mem_load_l3_hit_retired.xsnp_miss:u	106	0	0
mem_load_l3_hit_retired.xsnp_miss:u	107	0	0
mem_load_l3_hit_retired.xsnp_miss:u	108	0	0
mem_load_l3_hit_retired.xsnp_miss:u	109	0	0
mem_load_l3_hit_retired.xsnp_miss:u	110	0	0
mem_load_l3_hit_retired.xsnp_miss:u	111	0	0
mem_load_l3_hit_retired.xsnp_miss:u	112	0	0
mem_load_l3_hit_retired.xsnp_miss:u	113	0	0
mem_load_l3_hit_retired.xsnp_miss:u	114	0	0
mem_load_l3_hit_retired.xsnp_miss:u	115	0	0
mem_load_l3_hit_retired.xsnp_miss:u	116	0	0
mem_load_l3_hit_retired.xsnp_miss:u	117	0	0
mem_load_l3_hit_retired.xsnp_miss:u	118	0	0
mem_load_l3_hit_retired.xsnp_miss:u	119	0	0
mem_load_l3_hit_retired.xsnp_miss:u	120	0	0
mem_load_l3_hit_retired.xsnp_miss:u	121	0	0
mem_load_l3_hit_retired.xsnp_miss:u	122	0	0
mem_load_l3_hit_retired.xsnp_miss:u	123	0	0
mem_load_l3_hit_retired.xsnp_miss:u	124	0	0
mem_load_l3_hit_retired.xsnp_miss:u	125	0	0
mem_load_l3_hit_retired.xsnp_miss:u	126	0	0
mem_load_l3_hit_retired.xsnp_miss:u	127	0	0
mem_load_l3_hit_retired.xsnp_miss:u	128	0	0
mem_load_l3_hit_retired.xsnp_miss:u	129	0	0
mem_load_l3_hit_retired.xsnp_miss:u	130	0	0
mem_load_l3_hit_retired.xsnp_miss:u	131	0	0
mem_load_l3_hit_retired.xsnp_miss:u	132	0	0
mem_load_l3_hit_retired.xsnp_miss:u	133	0	0
mem_load_l3_hit_retired.xsnp_miss:u	134	0	0
mem_load_l3_hit_retired.xsnp_miss:u	135	0	0
mem_load_l3_hit_retired.xsnp_miss:u	136	0	0
mem_load_l3_hit_retired.xsnp_miss:u	137	0	0
mem_load_l3_hit_retired.xsnp_miss:u	138	0	0
mem_load_l3_hit_retired.xsnp_miss:u	139	0	0
mem_load_l3_hit_retired.xsnp_miss:u	140	0	0
mem_load_l3_hit_retired.xsnp_miss:u	141	0	0
mem_load_l3_hit_retired.xsnp_miss:u	142	0	0
mem_load_l3_hit_retired.xsnp_miss:u	143	0	0
mem_load_l3_hit_retired.xsnp_miss:u	144	0	0
mem_load_l3_hit_retired.xsnp_miss:u	145	0	0
mem_load_l3_hit_retired.xsnp_miss:u	146	0	0
mem_load_l3_hit_retired.xsnp_miss:u	147	0	0
mem_load_l3_hit_retired.xsnp_miss:u	148	0	0
mem_load_l3_hit_retired.xsnp_miss:u	149	0	0
mem_load_l3_hit_retired.xsnp_miss:u	150	0	0
mem_load_l3_hit_retired.xsnp_miss:u	151	0	0
mem_load_l3_hit_retired.xsnp_miss:u	152	0	0
mem_load_l3_hit_retired.xsnp_miss:u	153	0	0
mem_load_l3_hit_retired.xsnp_miss:u	154	0	0
mem_load_l3_hit_retired.xsnp_miss:u	155	0	0
mem_load_l3_hit_retired.xsnp_miss:u	156	0	0
mem_load_l3_hit_retired.xsnp_miss:u	157	0	0
mem_load_l3_hit_retired.xsnp_miss:u	158	0	0
mem_load_l3_hit_retired.xsnp_miss:u	159	0	0
mem_load_l3_hit_retired.xsnp_miss:u	160	0	0
mem_load_l3_hit_retired.xsnp_miss:u	161	0	0
mem_load_l3_hit_retired.xsnp_miss:u	162	0	0
mem_load_l3_hit_retired.xsnp_miss:u	163	0	0
mem_load_l3_hit_retired.xsnp_miss:u	164	0	0
mem_load_l3_hit_retired.xsnp_miss:u	165	0	0
mem_load_l3_hit_retired.xsnp_miss:u	166	0	0
mem_load_l3_hit_retired.xsnp_miss:u	167	0	0
mem_load_l3_hit_retired.xsnp_miss:u	168	0	0
mem_load_l3_hit_retired.xsnp_miss:u	169	0	0
mem_load_l3_hit_retired.xsnp_miss:u	170	0	0
mem_load_l3_hit_retired.xsnp_miss:u	171	0	0
mem_load_l3_hit_retired.xsnp_miss:u	172	0	0
mem_load_l3_hit_retired.xsnp_miss:u	173	0	0
mem_load_l3_hit_retired.xsnp_miss:u	174	0	0
mem_load_l3_hit_retired.xsnp_miss:u	175	0	0
mem_load_l3_hit_retired.xsnp_miss:u	176	0	0
mem_load_l3_hit_retired.xsnp_miss:u	177	0	0
mem_load_l3_hit_retired.xsnp_miss:u	178	0	0
mem_load_l3_hit_retired.xsnp_miss:u	179	0	0
mem_load_l3_hit_retired.xsnp_miss:u	180	0	0
mem_load_l3_hit_retired.xsnp_miss:u	181	0	0
mem_load_l3_hit_retired.xsnp_miss:u	182	0	0
mem_load_l3_hit_retired.xsnp_miss:u	183	0	0
mem_load_l3_hit_retired.xsnp_miss:u	184	0	0
mem_load_l3_hit_retired.xsnp_miss:u	185	0	0
mem_load_l3_hit_retired.xsnp_miss:u	186	0	0
mem_load_l3_hit_retired.xsnp_miss:u	187	0	0
mem_load_l3_hit_retired.xsnp_miss:u	188	0	0
mem_load_l3_hit_retired.xsnp_miss:u	189	0	0
mem_load_l3_hit_retired.xsnp_miss:u	190	0	0
mem_load_l3_hit_retired.xsnp_miss:u	191	0	0
mem_load_l3_hit_retired.xsnp_miss:u	192	0	0
mem_load_l3_hit_retired.xsnp_miss:u	193	0	0
mem_load_l3_hit_retired.xsnp_miss:u	194	0	0
mem_load_l3_hit_retired.xsnp_miss:u	195	0	0
mem_load_l3_hit_retired.xsnp_miss:u	196	0	0
mem_load_l3_hit_retired.xsnp_miss:u	197	0	0
mem_load_l3_hit_retired.xsnp_miss:u	198	0	0
mem_load_l3_hit_retired.xsnp_miss:u	199	0	0
mem_load_l3_hit_retired.xsnp_miss:u	200	0	0
mem_load_l3_hit_retired.xsnp_miss:u	201	0	0
mem_load_l3_hit_retired.xsnp_miss:u	202	0	0
mem_load_l3_hit_retired.xsnp_miss:u	203	0	0
mem_load_l3_hit_retired.xsnp_miss:u	204	0	0
mem_load_l3_hit_retired.xsnp_miss:u	205	0	0
mem_load_l3_hit_retired.xsnp_miss:u	206	0	0
mem_load_l3_hit_retired.xsnp_miss:u	207	0	0
mem_load_l3_hit_retired.xsnp_miss:u	208	0	0
mem_load_l3_hit_retired.xsnp_miss:u	209	0	0
mem_load_l3_hit_retired.xsnp_miss:u	210	0	0
mem_load_l3_hit_retired.xsnp_miss:u	211	0	0
mem_load_l3_hit_retired.xsnp_miss:u	212	0	0
mem_load_l3_hit_retired.xsnp_miss:u	213	0	0
mem_load_l3_hit_retired.xsnp_miss:u	214	0	0
mem_load_l3_hit_retired.xsnp_miss:u	215	0	0
mem_load_l3_hit_retired.xsnp_miss:u	216	0	0
mem_load_l3_hit_retired.xsnp_miss:u	217	0	0
mem_load_l3_hit_retired.xsnp_miss:u	218	0	0
mem_load_l3_hit_retired.xsnp_miss:u	219	0	0
mem_load_l3_hit_retired.xsnp_miss:u	220	0	0
mem_load_l3_hit_retired.xsnp_miss:u	221	0	0
mem_load_l3_hit_retired.xsnp_miss:u	222	0	0
mem_load_l3_hit_retired.xsnp_miss:u	223	0	0
mem_load_l3_hit_retired.xsnp_miss:u	224	0	0
mem_load_l3_hit_retired.xsnp_miss:u	225	0	0
mem_load_l3_hit_retired.xsnp_miss:u	226	0	0
mem_load_l3_hit_retired.xsnp_miss:u	227	0	0
mem_load_l3_hit_retired.xsnp_miss:u	228	0	0
mem_load_l3_hit_retired.xsnp_miss:u	229	0	0
mem_load_l3_hit_retired.xsnp_miss:u	230	0	0
mem_load_l3_hit_retired.xsnp_miss:u	231	0	0
mem_load_l3_hit_retired.xsnp_miss:u	232	0	0
mem_load_l3_hit_retired.xsnp_miss:u	233	0	0
mem_load_l3_hit_retired.xsnp_miss:u	234	0	0
mem_load_l3_hit_retired.xsnp_miss:u	235	0	0
mem_load_l3_hit_retired.xsnp_miss:u	236	0	0
mem_load_l3_hit_retired.xsnp_miss:u	237	0	0
mem_load_l3_hit_retired.xsnp_miss:u	238	0	0
mem_load_l3_hit_retired.xsnp_miss:u	239	0	0
mem_load_l3_hit_retired.xsnp_miss:u	240	0	0
mem_load_l3_hit_retired.xsnp_miss:u	241	0	0
mem_load_l3_hit_retired.xsnp_miss:u	242	0	0
mem_load_l3_hit_retired.xsnp_miss:u	243	0	0
mem_load_l3_hit_retired.xsnp_miss:u	244	0	0
mem_load_l3_hit_retired.xsnp_miss:u	245	0	0
mem_load_l3_hit_retired.xsnp_miss:u	246	0	0
mem_load_l3_hit_retired.xsnp_miss:u	247	0	0
mem_load_l3_hit_retired.xsnp_miss:u	248	0	0
mem_load_l3_hit_retired.xsnp_miss:u	249	0	0
mem_load_l3_hit_retired.xsnp_miss:u	250	0	0
mem_load_l3_hit_retired.xsnp_miss:u	251	0	0
mem_load_l3_hit_retired.xsnp_miss:u	252	0	0
mem_load_l3_hit_retired.xsnp_miss:u	253	0	0
mem_load_l3_hit_retired.xsnp_miss:u	254	0	0
mem_load_l3_hit_retired.xsnp_miss:u	255	0	0
mem_load_l3_hit_retired.xsnp_miss:u	256	0	0
mem_load_l3_hit_retired.xsnp_miss:u	257	0	0
mem_load_l3_hit_retired.xsnp_miss:u	258	0	0
mem_load_l3_hit_retired.xsnp_miss:u	259	0	0
mem_load_l3_hit_retired.xsnp_miss:u	260	0	0
mem_load_l3_hit_retired.xsnp_miss:u	261	0	0
mem_load_l3_hit_retired.xsnp_miss:u	262	0	0
mem_load_l3_hit_retired.xsnp_miss:u	263	0	0
mem_load_l3_hit_retired.xsnp_miss:u	264	0	0
mem_load_l3_hit_retired.xsnp_miss:u	265	0	0
mem_load_l3_hit_retired.xsnp_miss:u	266	0	0
mem_load_l3_hit_retired.xsnp_miss:u	267	0	0
mem_load_l3_hit_retired.xsnp_miss:u	268	0	0
mem_load_l3_hit_retired.xsnp_miss:u	269	0	0
mem_load_l3_hit_retired.xsnp_miss:u	270	0	0
mem_load_l3_hit_retired.xsnp_miss:u	271	0	0
mem_load_l3_hit_retired.xsnp_miss:u	272	0	0
mem_load_l3_hit_retired.xsnp_miss:u	273	0	0
mem_load_l3_hit_retired.xsnp_miss:u	274	0	0
mem_load_l3_hit_retired.xsnp_miss:u	275	0	0
mem_load_l3_hit_retired.xsnp_miss:u	276	0	0
mem_load_l3_hit_retired.xsnp_miss:u	277	0	0
mem_load_l3_hit_retired.xsnp_miss:u	278	0	0
mem_load_l3_hit_retired.xsnp_miss:u	279	0	0
mem_load_l3_hit_retired.xsnp_miss:u	280	0	0
mem_load_l3_hit_retired.xsnp_miss:u	281	0	0
mem_load_l3_hit_retired.xsnp_miss:u	282	0	0
mem_load_l3_hit_retired.xsnp_miss:u	283	0	0
mem_load_l3_hit_retired.xsnp_miss:u	284	0	0
mem_load_l3_hit_retired.xsnp_miss:u	285	0	0
mem_load_l3_hit_retired.xsnp_miss:u	286	0	0
mem_load_l3_hit_retired.xsnp_miss:u	287	0	0
mem_load_l3_hit_retired.xsnp_miss:u	288	0	0
mem_load_l3_hit_retired.xsnp_miss:u	289	0	0
mem_load_l3_hit_retired.xsnp_miss:u	290	0	0
mem_load_l3_hit_retired.xsnp_miss:u	291	0	0
mem_load_l3_hit_retired.xsnp_miss:u	292	0	0
mem_load_l3_hit_retired.xsnp_miss:u	293	0	0
mem_load_l3_hit_retired.xsnp_miss:u	294	0	0
mem_load_l3_hit_retired.xsnp_miss:u	295	0	0
mem_load_l3_hit_retired.xsnp_miss:u	296	0	0
mem_load_l3_hit_retired.xsnp_miss:u	297	0	0
mem_load_l3_hit_retired.xsnp_miss:u	298	0	0
mem_load_l3_hit_retired.xsnp_miss:u	299	0	0
mem_load_l3_hit_retired.xsnp_miss:u	300	0	0
mem_load_l3_hit_retired.xsnp_miss:u	301	0	0
mem_load_l3_hit_retired.xsnp_miss:u	302	0	0
mem_load_l3_hit_retired.xsnp_miss:u	303	0	0
mem_load_l3_hit_retired.xsnp_miss:u	304	0	0
mem_load_l3_hit_retired.xsnp_miss:u	305	0	0
mem_load_l3_hit_retired.xsnp_miss:u	306	0	0
mem_load_l3_hit_retired.xsnp_miss:u	307	0	0
mem_load_l3_hit_retired.xsnp_miss:u	308	0	0
mem_load_l3_hit_retired.xsnp_miss:u	309	0	0
mem_load_l3_hit_retired.xsnp_miss:u	310	0	0
mem_load_l3_hit_retired.xsnp_miss:u	311	0	0
mem_load_l3_hit_retired.xsnp_miss:u	312	0	0
mem_load_l3_hit_retired.xsnp_miss:u	313	0	0
mem_load_l3_hit_retired.xsnp_miss:u	314	0	0
mem_load_l3_hit_retired.xsnp_miss:u	315	0	0
mem_load_l3_hit_retired.xsnp_miss:u	316	0	0
mem_load_l3_hit_retired.xsnp_miss:u	317	0	0
mem_load_l3_hit_retired.xsnp_miss:u	318	0	0
mem_load_l3_hit_retired.xsnp_miss:u	319	0	0
mem_load_l3_hit_retired.xsnp_miss:u	320	0	0
mem_load_l3_hit_retired.xsnp_miss:u	321	0	0
mem_load_l3_hit_retired.xsnp_miss:u	322	0	0
mem_load_l3_hit_retired.xsnp_miss:u	323	0	0
mem_load_l3_hit_retired.xsnp_miss:u	324	0	0
mem_load_l3_hit_retired.xsnp_miss:u	325	0	0
mem_load_l3_hit_retired.xsnp_miss:u	326	0	0
mem_load_l3_hit_retired.xsnp_miss:u	327	0	0
mem_load_l3_hit_retired.xsnp_miss:u	328	0	0
mem_load_l3_hit_retired.xsnp_miss:u	329	0	0
mem_load_l3_hit_retired.xsnp_miss:u	330	0	0
mem_load_l3_hit_retired.xsnp_miss:u	331	0	0
mem_load_l3_hit_retired.xsnp_miss:u	332	0	0
mem_load_l3_hit_retired.xsnp_miss:u	333	0	0
mem_load_l3_hit_retired.xsnp_miss:u	334	0	0
mem_load_l3_hit_retired.xsnp_miss:u	335	0	0
mem_load_l3_hit_retired.xsnp_miss:u	336	0	0
mem_load_l3_hit_retired.xsnp_miss:u	337	0	0
mem_load_l3_hit_retired.xsnp_miss:u	338	0	0
mem_load_l3_hit_retired.xsnp_miss:u	339	0	0
mem_load_l3_hit_retired.xsnp_miss:u	340	0	0
mem_load_l3_hit_retired.xsnp_miss:u	341	0	0
mem_load_l3_hit_retired.xsnp_miss:u	342	0	0
mem_load_l3_hit_retired.xsnp_miss:u	343	0	0
mem_load_l3_hit_retired.xsnp_miss:u	344	0	0
mem_load_l3_hit_retired.xsnp_miss:u	345	0	0
mem_load_l3_hit_retired.xsnp_miss:u	346	0	0
mem_load_l3_hit_retired.xsnp_miss:u	347	0	0
mem_load_l3_hit_retired.xsnp_miss:u	348	0	0
mem_load_l3_hit_retired.xsnp_miss:u	349	0	0
mem_load_l3_hit_retired.xsnp_miss:u	350	0	0
mem_load_l3_hit_retired.xsnp_miss:u	351	0	0
mem_load_l3_hit_retired.xsnp_miss:u	352	0	0
mem_load_l3_hit_retired.xsnp_miss:u	353	0	0
mem_load_l3_hit_retired.xsnp_miss:u	354	0	0
mem_load_l3_hit_retired.xsnp_miss:u	355	0	0
mem_load_l3_hit_retired.xsnp_miss:u	356	0	0
mem_load_l3_hit_retired.xsnp_miss:u	357	0	0
mem_load_l3_hit_retired.xsnp_miss:u	358	0	0
mem_load_l3_hit_retired.xsnp_miss:u	359	0	0
mem_load_l3_hit_retired.xsnp_miss:u	360	0	0
mem_load_l3_hit_retired.xsnp_miss:u	361	0	0
mem_load_l3_hit_retired.xsnp_miss:u	362	0	0
mem_load_l3_hit_retired.xsnp_miss:u	363	0	0
mem_load_l3_hit_retired.xsnp_miss:u	364	0	0
mem_load_l3_hit_retired.xsnp_miss:u	365	0	0
mem_load_l3_hit_retired.xsnp_miss:u	366	0	0
mem_load_l3_hit_retired.xsnp_miss:u	367	0	0
mem_load_l3_hit_retired.xsnp_miss:u	368	0	0
mem_load_l3_hit_retired.xsnp_miss:u	369	0	0
mem_load_l3_hit_retired.xsnp_miss:u	370	0	0
mem_load_l3_hit_retired.xsnp_miss:u	371	0	0
mem_load_l3_hit_retired.xsnp_miss:u	372	0	0
mem_load_l3_hit_retired.xsnp_miss:u	373	0	0
mem_load_l3_hit_retired.xsnp_miss:u	374	0	0
mem_load_l3_hit_retired.xsnp_miss:u	375	0	0
mem_load_l3_hit_retired.xsnp_miss:u	376	0	0
mem_load_l3_hit_retired.xsnp_miss:u	377	0	0
mem_load_l3_hit_retired.xsnp_miss:u	378	0	0
mem_load_l3_hit_retired.xsnp_miss:u	379	0	0
mem_load_l3_hit_retired.xsnp_miss:u	380	0	0
mem_load_l3_hit_retired.xsnp_miss:u	381	0	0
mem_load_l3_hit_retired.xsnp_miss:u	382	0	0
mem_load_l3_hit_retired.xsnp_miss:u	383	0	0
mem_load_l3_hit_retired.xsnp_miss:u	384	0	0
mem_load_l3_hit_retired.xsnp_miss:u	385	0	0
mem_load_l3_hit_retired.xsnp_miss:u	386	0	0
mem_load_l3_hit_retired.xsnp_miss:u	387	0	0
mem_load_l3_hit_retired.xsnp_miss:u	388	0	0
mem_load_l3_hit_retired.xsnp_miss:u	389	0	0
mem_load_l3_hit_retired.xsnp_miss:u	390	0	0
mem_load_l3_hit_retired.xsnp_miss:u	391	0	0
mem_load_l3_hit_retired.xsnp_miss:u	392	0	0
mem_load_l3_hit_retired.xsnp_miss:u	393	0	0
mem_load_l3_hit_retired.xsnp_miss:u	394	0	0
mem_load_l3_hit_retired.xsnp_miss:u	395	0	0
mem_load_l3_hit_retired.xsnp_miss:u	396	0	0
mem_load_l3_hit_retired.xsnp_miss:u	397	0	0
mem_load_l3_hit_retired.xsnp_miss:u	398	0	0
mem_load_l3_hit_retired.xsnp_miss:u	399	0	0
mem_load_l3_hit_retired.xsnp_miss:u	400	0	0
mem_load_l3_hit_retired.xsnp_miss:u	401	0	0
mem_load_l3_hit_retired.xsnp_miss:u	402	0	0
mem_load_l3_hit_retired.xsnp_miss:u	403	0	0
mem_load_l3_hit_retired.xsnp_miss:u	404	0	0
mem_load_l3_hit_retired.xsnp_miss:u	405	0	0
mem_load_l3_hit_retired.xsnp_miss:u	406	0	0
mem_load_l3_hit_retired.xsnp_miss:u	407	0	0
mem_load_l3_hit_retired.xsnp_miss:u	408	0	0
mem_load_l3_hit_retired.xsnp_miss:u	409	0	0
mem_load_l3_hit_retired.xsnp_miss:u	410	0	0
mem_load_l3_hit_retired.xsnp_miss:u	411	0	0
mem_load_l3_hit_retired.xsnp_miss:u	412	0	0
mem_load_l3_hit_retired.xsnp_miss:u	413	0	0
mem_load_l3_hit_retired.xsnp_miss:u	414	0	0
mem_load_l3_hit_retired.xsnp_miss:u	415	0	0
mem_load_l3_hit_retired.xsnp_miss:u	416	0	0
mem_load_l3_hit_retired.xsnp_miss:u	417	0	0
mem_load_l3_hit_retired.xsnp_miss:u	418	0	0
mem_load_l3_hit_retired.xsnp_miss:u	419	0	0
mem_load_l3_hit_retired.xsnp_miss:u	420	0	0
mem_load_l3_hit_retired.xsnp_miss:u	421	0	0
mem_load_l3_hit_retired.xsnp_miss:u	422	0	0
mem_load_l3_hit_retired.xsnp_miss:u	423	0	0
mem_load_l3_hit_retired.xsnp_miss:u	424	0	0
mem_load_l3_hit_retired.xsnp_miss:u	425	0	0
mem_load_l3_hit_retired.xsnp_miss:u	426	0	0
mem_load_l3_hit_retired.xsnp_miss:u	427	0	0
mem_load_l3_hit_retired.xsnp_miss:u	428	0	0
mem_load_l3_hit_retired.xsnp_miss:u	429	0	0
mem_load_l3_hit_retired.xsnp_miss:u	430	0	0
mem_load_l3_hit_retired.xsnp_miss:u	431	0	0
mem_load_l3_hit_retired.xsnp_miss:u	432	0	0
mem_load_l3_hit_retired.xsnp_miss:u	433	0	0
mem_load_l3_hit_retired.xsnp_miss:u	434	0	0
mem_load_l3_hit_retired.xsnp_miss:u	435	0	0
mem_load_l3_hit_retired.xsnp_miss:u	436	0	0
mem_load_l3_hit_retired.xsnp_miss:u	437	0	0
mem_load_l3_hit_retired.xsnp_miss:u	438	0	0
mem_load_l3_hit_retired.xsnp_miss:u	439	0	0
mem_load_l3_hit_retired.xsnp_miss:u	440	0	0
mem_load_l3_hit_retired.xsnp_miss:u	441	0	0
mem_load_l3_hit_retired.xsnp_miss:u	442	0	0
mem_load_l3_hit_retired.xsnp_miss:u	443	0	0
mem_load_l3_hit_retired.xsnp_miss:u	444	0	0
mem_load_l3_hit_retired.xsnp_miss:u	445	0	0
mem_load_l3_hit_retired.xsnp_miss:u	446	0	0
mem_load_l3_hit_retired.xsnp_miss:u	447	0	0
mem_load_l3_hit_retired.xsnp_miss:u	448	0	0
mem_load_l3_hit_retired.xsnp_miss:u	449	0	0
mem_load_l3_hit_retired.xsnp_miss:u	450	0	0
mem_load_l3_hit_retired.xsnp_miss:u	451	0	0
mem_load_l3_hit_retired.xsnp_miss:u	452	0	0
mem_load_l3_hit_retired.xsnp_miss:u	453	0	0
mem_load_l3_hit_retired.xsnp_miss:u	454	0	0
mem_load_l3_hit_retired.xsnp_miss:u	455	0	0
mem_load_l3_hit_retired.xsnp_miss:u	456	0	0
mem_load_l3_hit_retired.xsnp_miss:u	457	0	0
mem_load_l3_hit_retired.xsnp_miss:u	458	0	0
mem_load_l3_hit_retired.xsnp_miss:u	459	0	0
mem_load_l3_hit_retired.xsnp_miss:u	460	0	0
mem_load_l3_hit_retired.xsnp_miss:u	461	0	0
mem_load_l3_hit_retired.xsnp_miss:u	462	0	0
mem_load_l3_hit_retired.xsnp_miss:u	463	0	0
mem_load_l3_hit_retired.xsnp_miss:u	464	0	0
mem_load_l3_hit_retired.xsnp_miss:u	465	0	0
mem_load_l3_hit_retired.xsnp_miss:u	466	0	0
mem_load_l3_hit_retired.xsnp_miss:u	467	0	0
mem_load_l3_hit_retired.xsnp_miss:u	468	0	0
mem_load_l3_hit_retired.xsnp_miss:u	469	0	0
mem_load_l3_hit_retired.xsnp_miss:u	470	0	0
mem_load_l3_hit_retired.xsnp_miss:u	471	0	0
mem_load_l3_hit_retired.xsnp_miss:u	472	0	0
mem_load_l3_hit_retired.xsnp_miss:u	473	0	0
mem_load_l3_hit_retired.xsnp_miss:u	474	0	0
mem_load_l3_hit_retired.xsnp_miss:u	475	0	0
mem_load_l3_hit_retired.xsnp_miss:u	476	0	0
mem_load_l3_hit_retired.xsnp_miss:u	477	0	0
mem_load_l3_hit_retired.xsnp_miss:u	478	0	0
mem_load_l3_hit_retired.xsnp_miss:u	479	0	0
mem_load_l3_hit_retired.xsnp_miss:u	480	0	0
mem_load_l3_hit_retired.xsnp_miss:u	481	0	0
mem_load_l3_hit_retired.xsnp_miss:u	482	0	0
mem_load_l3_hit_retired.xsnp_miss:u	483	0	0
mem_load_l3_hit_retired.xsnp_miss:u	484	0	0
mem_load_l3_hit_retired.xsnp_miss:u	485	0	0
mem_load_l3_hit_retired.xsnp_miss:u	486	0	0
mem_load_l3_hit_retired.xsnp_miss:u	487	0	0
mem_load_l3_hit_retired.xsnp_miss:u	488	0	0
mem_load_l3_hit_retired.xsnp_miss:u	489	0	0
mem_load_l3_hit_retired.xsnp_miss:u	490	0	0
mem_load_l3_hit_retired.xsnp_miss:u	491	0	0
mem_load_l3_hit_retired.xsnp_miss:u	492	0	0
mem_load_l3_hit_retired.xsnp_miss:u	493	0	0
mem_load_l3_hit_retired.xsnp_miss:u	494	0	0
mem_load_l3_hit_retired.xsnp_miss:u	495	0	0
mem_load_l3_hit_retired.xsnp_miss:u	496	0	0
mem_load_l3_hit_retired.xsnp_miss:u	497	0	0
mem_load_l3_hit_retired.xsnp_miss:u	498	0	0
mem_load_l3_hit_retired.xsnp_miss:u	499	0	0
mem_load_l3_hit_retired.xsnp_miss:u	500	0	0
mem_load_l3_hit_retired.xsnp_miss:u	501	0	0
mem_load_l3_hit_retired.xsnp_miss:u	502	0	0
mem_load_l3_hit_retired.xsnp_miss:u	503	0	0
mem_load_l3_hit_retired.xsnp_miss:u	504	0	0
mem_load_l3_hit_retired.xsnp_miss:u	505	0	0
mem_load_l3_hit_retired.xsnp_miss:u	506	0	0
mem_load_l3_hit_retired.xsnp_miss:u	507	0	0
mem_load_l3_hit_retired.xsnp_miss:u	508	0	0
mem_load_l3_hit_retired.xsnp_miss:u	509	0	0
mem_load_l3_hit_retired.xsnp_miss:u	510	0	0
mem_load_l3_hit_retired.xsnp_miss:u	511	0	0
mem_load_l3_hit_retired.xsnp_miss:u	512	0	0
mem_load_l3_hit_retired.xsnp_miss:u	513	0	0
mem_load_l3_hit_retired.xsnp_miss:u	514	0	0
mem_load_l3_hit_retired.xsnp_miss:u	515	0	0
mem_load_l3_hit_retired.xsnp_miss:u	516	0	0
mem_load_l3_hit_retired.xsnp_miss:u	517	0	0
mem_load_l3_hit_retired.xsnp_miss:u	518	0	0
mem_load_l3_hit_retired.xsnp_miss:u	519	0	0
mem_load_l3_hit_retired.xsnp_miss:u	520	0	0
mem_load_l3_hit_retired.xsnp_miss:u	521	0	0
mem_load_l3_hit_retired.xsnp_miss:u	522	0	0
mem_load_l3_hit_retired.xsnp_miss:u	523	0	0
mem_load_l3_hit_retired.xsnp_miss:u	524	0	0
mem_load_l3_hit_retired.xsnp_miss:u	525	0	0
mem_load_l3_hit_retired.xsnp_miss:u	526	0	0
mem_load_l3_hit_retired.xsnp_miss:u	527	0	0
mem_load_l3_hit_retired.xsnp_miss:u	528	0	0
mem_load_l3_hit_retired.xsnp_miss:u	529	0	0
mem_load_l3_hit_retired.xsnp_miss:u	530	0	0
mem_load_l3_hit_retired.xsnp_miss:u	531	0	0
mem_load_l3_hit_retired.xsnp_miss:u	532	0	0
mem_load_l3_hit_retired.xsnp_miss:u	533	0	0
mem_load_l3_hit_retired.xsnp_miss:u	534	0	0
mem_load_l3_hit_retired.xsnp_miss:u	535	0	0
mem_load_l3_hit_retired.xsnp_miss:u	536	0	0
mem_load_l3_hit_retired.xsnp_miss:u	537	0	0
mem_load_l3_hit_retired.xsnp_miss:u	538	0	0
mem_load_l3_hit_retired.xsnp_miss:u	539	0	0
mem_load_l3_hit_retired.xsnp_miss:u	540	0	0
mem_load_l3_hit_retired.xsnp_miss:u	541	0	0
mem_load_l3_hit_retired.xsnp_miss:u	542	0	0
mem_load_l3_hit_retired.xsnp_miss:u	543	0	0
mem_load_l3_hit_retired.xsnp_miss:u	544	0	0
mem_load_l3_hit_retired.xsnp_miss:u	545	0	0
mem_load_l3_hit_retired.xsnp_miss:u	546	0	0
mem_load_l3_hit_retired.xsnp_miss:u	547	0	0
mem_load_l3_hit_retired.xsnp_miss:u	548	0	0
mem_load_l3_hit_retired.xsnp_miss:u	549	0	0
mem_load_l3_hit_retired.xsnp_miss:u	550	0	0
mem_load_l3_hit_retired.xsnp_miss:u	551	0	0
mem_load_l3_hit_retired.xsnp_miss:u	552	0	0
mem_load_l3_hit_retired.xsnp_miss:u	553	0	0
mem_load_l3_hit_retired.xsnp_miss:u	554	0	0
mem_load_l3_hit_retired.xsnp_miss:u	555	0	0
mem_load_l3_hit_retired.xsnp_miss:u	556	0	0
mem_load_l3_hit_retired.xsnp_miss:u	557	0	0
mem_load_l3_hit_retired.xsnp_miss:u	558	0	0
mem_load_l3_hit_retired.xsnp_miss:u	559	0	0
mem_load_l3_hit_retired.xsnp_miss:u	560	0	0
mem_load_l3_hit_retired.xsnp_miss:u	561	0	0
mem_load_l3_hit_retired.xsnp_miss:u	562	0	0
mem_load_l3_hit_retired.xsnp_miss:u	563	0	0
mem_load_l3_hit_retired.xsnp_miss:u	564	0	0
mem_load_l3_hit_retired.xsnp_miss:u	565	0	0
mem_load_l3_hit_retired.xsnp_miss:u	566	0	0
mem_load_l3_hit_retired.xsnp_miss:u	567	0	0
mem_load_l3_hit_retired.xsnp_miss:u	568	0	0
mem_load_l3_hit_retired.xsnp_miss:u	569	0	0
mem_load_l3_hit_retired.xsnp_miss:u	570	0	0
mem_load_l3_hit_retired.xsnp_miss:u	571	0	0
mem_load_l3_hit_retired.xsnp_miss:u	572	0	0
mem_load_l3_hit_retired.xsnp_miss:u	573	0	0
mem_load_l3_hit_retired.xsnp_miss:u	574	0	0
mem_load_l3_hit_retired.xsnp_miss:u	575	0	0
mem_load_l3_hit_retired.xsnp_miss:u	576	0	0
mem_load_l3_hit_retired.xsnp_miss:u	577	0	0
mem_load_l3_hit_retired.xsnp_miss:u	578	0	0
mem_load_l3_hit_retired.xsnp_miss:u	579	0	0
mem_load_l3_hit_retired.xsnp_miss:u	580	0	0
mem_load_l3_hit_retired.xsnp_miss:u	581	0	0
mem_load_l3_hit_retired.xsnp_miss:u	582	0	0
mem_load_l3_hit_retired.xsnp_miss:u	583	0	0
mem_load_l3_hit_retired.xsnp_miss:u	584	0	0
mem_load_l3_hit_retired.xsnp_miss:u	585	0	0
mem_load_l3_hit_retired.xsnp_miss:u	586	0	0
mem_load_l3_hit_retired.xsnp_miss:u	587	0	0
mem_load_l3_hit_retired.xsnp_miss:u	588	0	0
mem_load_l3_hit_retired.xsnp_miss:u	589	0	0
mem_load_l3_hit_retired.xsnp_miss:u	590	0	0
mem_load_l3_hit_retired.xsnp_miss:u	591	0	0
mem_load_l3_hit_retired.xsnp_miss:u	592	0	0
mem_load_l3_hit_retired.xsnp_miss:u	593	0	0
mem_load_l3_hit_retired.xsnp_miss:u	594	0	0
mem_load_l3_hit_retired.xsnp_miss:u	595	0	0
mem_load_l3_hit_retired.xsnp_miss:u	596	0	0
mem_load_l3_hit_retired.xsnp_miss:u	597	0	0
mem_load_l3_hit_retired.xsnp_miss:u	598	0	0
mem_load_l3_hit_retired.xsnp_miss:u	599	0	0
mem_load_l3_hit_retired.xsnp_miss:u	600	0	0
mem_load_l3_hit_retired.xsnp_miss:u	601	0	0
mem_load_l3_hit_retired.xsnp_miss:u	602	0	0
mem_load_l3_hit_retired.xsnp_miss:u	603	0	0
mem_load_l3_hit_retired.xsnp_miss:u	604	0	0
mem_load_l3_hit_retired.xsnp_miss:u	605	0	0
mem_load_l3_hit_retired.xsnp_miss:u	606	0	0
mem_load_l3_hit_retired.xsnp_miss:u	607	0	0
mem_load_l3_hit_retired.xsnp_miss:u	608	0	0
mem_load_l3_hit_retired.xsnp_miss:u	609	0	0
mem_load_l3_hit_retired.xsnp_miss:u	610	0	0
mem_load_l3_hit_retired.xsnp_miss:u	611	0	0
mem_load_l3_hit_retired.xsnp_miss:u	612	0	0
mem_load_l3_hit_retired.xsnp_miss:u	613	0	0
mem_load_l3_hit_retired.xsnp_miss:u	614	0	0
mem_load_l3_hit_retired.xsnp_miss:u	615	0	0
mem_load_l3_hit_retired.xsnp_miss:u	616	0	0
mem_load_l3_hit_retired.xsnp_miss:u	617	0	0
mem_load_l3_hit_retired.xsnp_miss:u	618	0	0
mem_load_l3_hit_retired.xsnp_miss:u	619	0	0
mem_load_l3_hit_retired.xsnp_miss:u	620	0	0
mem_load_l3_hit_retired.xsnp_miss:u	621	0	0
mem_load_l3_hit_retired.xsnp_miss:u	622	0	0
mem_load_l3_hit_retired.xsnp_miss:u	623	0	0
mem_load_l3_hit_retired.xsnp_miss:u	624	0	0
mem_load_l3_hit_retired.xsnp_miss:u	625	0	0
mem_load_l3_hit_retired.xsnp_miss:u	626	0	0
mem_load_l3_hit_retired.xsnp_miss:u	627	0	0
mem_load_l3_hit_retired.xsnp_miss:u	628	0	0
mem_load_l3_hit_retired.xsnp_miss:u	629	0	0
mem_load_l3_hit_retired.xsnp_miss:u	630	0	0
mem_load_l3_hit_retired.xsnp_miss:u	631	0	0
mem_load_l3_hit_retired.xsnp_miss:u	632	0	0
mem_load_l3_hit_retired.xsnp_miss:u	633	0	0
mem_load_l3_hit_retired.xsnp_miss:u	634	0	0
mem_load_l3_hit_retired.xsnp_miss:u	635	0	0
mem_load_l3_hit_retired.xsnp_miss:u	636	0	0
mem_load_l3_hit_retired.xsnp_miss:u	637	0	0
mem_load_l3_hit_retired.xsnp_miss:u	638	0	0
mem_load_l3_hit_retired.xsnp_miss:u	639	0	0
mem_load_l3_hit_retired.xsnp_miss:u	640	0	0
mem_load_l3_hit_retired.xsnp_miss:u	641	0	0
mem_load_l3_hit_retired.xsnp_miss:u	642	0	0
mem_load_l3_hit_retired.xsnp_miss:u	643	0	0
mem_load_l3_hit_retired.xsnp_miss:u	644	0	0
mem_load_l3_hit_retired.xsnp_miss:u	645	0	0
mem_load_l3_hit_retired.xsnp_miss:u	646	0	0
mem_load_l3_hit_retired.xsnp_miss:u	647	0	0
mem_load_l3_hit_retired.xsnp_miss:u	648	0	0
mem_load_l3_hit_retired.xsnp_miss:u	649	0	0
mem_load_l3_hit_retired.xsnp_miss:u	650	0	0
mem_load_l3_hit_retired.xsnp_miss:u	651	0	0
mem_load_l3_hit_retired.xsnp_miss:u	652	0	0
mem_load_l3_hit_retired.xsnp_miss:u	653	0	0
mem_load_l3_hit_retired.xsnp_miss:u	654	0	0
mem_load_l3_hit_retired.xsnp_miss:u	655	0	0
mem_load_l3_hit_retired.xsnp_miss:u	656	0	0
mem_load_l3_hit_retired.xsnp_miss:u	657	0	0
mem_load_l3_hit_retired.xsnp_miss:u	658	0	0
mem_load_l3_hit_retired.xsnp_miss:u	659	0	0
mem_load_l3_hit_retired.xsnp_miss:u	660	0	0
mem_load_l3_hit_retired.xsnp_miss:u	661	0	0
mem_load_l3_hit_retired.xsnp_miss:u	662	0	0
mem_load_l3_hit_retired.xsnp_miss:u	663	0	0
mem_load_l3_hit_retired.xsnp_miss:u	664	0	0
mem_load_l3_hit_retired.xsnp_miss:u	665	0	0
mem_load_l3_hit_retired.xsnp_miss:u	666	0	0
mem_load_l3_hit_retired.xsnp_miss:u	667	0	0
mem_load_l3_hit_retired.xsnp_miss:u	668	0	0
mem_load_l3_hit_retired.xsnp_miss:u	669	0	0
mem_load_l3_hit_retired.xsnp_miss:u	670	0	0
mem_load_l3_hit_retired.xsnp_miss:u	671	0	0
mem_load_l3_hit_retired.xsnp_miss:u	672	0	0
mem_load_l3_hit_retired.xsnp_miss:u	673	0	0
mem_load_l3_hit_retired.xsnp_miss:u	674	0	0
mem_load_l3_hit_retired.xsnp_miss:u	675	0	0
mem_load_l3_hit_retired.xsnp_miss:u	676	0	0
mem_load_l3_hit_retired.xsnp_miss:u	677	0	0
mem_load_l3_hit_retired.xsnp_miss:u	678	0	0
mem_load_l3_hit_retired.xsnp_miss:u	679	0	0
mem_load_l3_hit_retired.xsnp_miss:u	680	0	0
mem_load_l3_hit_retired.xsnp_miss:u	681	0	0
mem_load_l3_hit_retired.xsnp_miss:u	682	0	0
mem_load_l3_hit_retired.xsnp_miss:u	683	0	0
mem_load_l3_hit_retired.xsnp_miss:u	684	0	0
mem_load_l3_hit_retired.xsnp_miss:u	685	0	0
mem_load_l3_hit_retired.xsnp_miss:u	686	0	0
mem_load_l3_hit_retired.xsnp_miss:u	687	0	0
mem_load_l3_hit_retired.xsnp_miss:u	688	0	0
mem_load_l3_hit_retired.xsnp_miss:u	689	0	0
mem_load_l3_hit_retired.xsnp_miss:u	690	0	0
mem_load_l3_hit_retired.xsnp_miss:u	691	0	0
mem_load_l3_hit_retired.xsnp_miss:u	692	0	0
mem_load_l3_hit_retired.xsnp_miss:u	693	0	0
mem_load_l3_hit_retired.xsnp_miss:u	694	0	0
mem_load_l3_hit_retired.xsnp_miss:u	695	0	0
mem_load_l3_hit_retired.xsnp_miss:u	696	0	0
mem_load_l3_hit_retired.xsnp_miss:u	697	0	0
mem_load_l3_hit_retired.xsnp_miss:u	698	0	0
mem_load_l3_hit_retired.xsnp_miss:u	699	0	0
mem_load_l3_hit_retired.xsnp_miss:u	700	0	0
mem_load_l3_hit_retired.xsnp_miss:u	701	0	0
mem_load_l3_hit_retired.xsnp_miss:u	702	0	0
mem_load_l3_hit_retired.xsnp_miss:u	703	0	0
mem_load_l3_hit_retired.xsnp_miss:u	704	0	0
mem_load_l3_hit_retired.xsnp_miss:u	705	0	0
mem_load_l3_hit_retired.xsnp_miss:u	706	0	0
mem_load_l3_hit_retired.xsnp_miss:u	707	0	0
mem_load_l3_hit_retired.xsnp_miss:u	708	0	0
mem_load_l3_hit_retired.xsnp_miss:u	709	0	0
mem_load_l3_hit_retired.xsnp_miss:u	710	0	0
mem_load_l3_hit_retired.xsnp_miss:u	711	0	0
mem_load_l3_hit_retired.xsnp_miss:u	712	0	0
mem_load_l3_hit_retired.xsnp_miss:u	713	0	0
mem_load_l3_hit_retired.xsnp_miss:u	714	0	0
mem_load_l3_hit_retired.xsnp_miss:u	715	0	0
mem_load_l3_hit_retired.xsnp_miss:u	716	0	0
mem_load_l3_hit_retired.xsnp_miss:u	717	0	0
mem_load_l3_hit_retired.xsnp_miss:u	718	0	0
mem_load_l3_hit_retired.xsnp_miss:u	719	0	0
mem_load_l3_hit_retired.xsnp_miss:u	720	0	0
mem_load_l3_hit_retired.xsnp_miss:u	721	0	0
mem_load_l3_hit_retired.xsnp_miss:u	722	0	0
mem_load_l3_hit_retired.xsnp_miss:u	723	0	0
mem_load_l3_hit_retired.xsnp_miss:u	724	0	0
mem_load_l3_hit_retired.xsnp_miss:u	725	0	0
mem_load_l3_hit_retired.xsnp_miss:u	726	0	0
mem_load_l3_hit_retired.xsnp_miss:u	727	0	0
mem_load_l3_hit_retired.xsnp_miss:u	728	0	0
mem_load_l3_hit_retired.xsnp_miss:u	729	0	0
mem_load_l3_hit_retired.xsnp_miss:u	730	0	0
mem_load_l3_hit_retired.xsnp_miss:u	731	0	0
mem_load_l3_hit_retired.xsnp_miss:u	732	0	0
mem_load_l3_hit_retired.xsnp_miss:u	733	0	0
mem_load_l3_hit_retired.xsnp_miss:u	734	0	0
mem_load_l3_hit_retired.xsnp_miss:u	735	0	0
mem_load_l3_hit_retired.xsnp_miss:u	736	0	0
mem_load_l3_hit_retired.xsnp_miss:u	737	0	0
mem_load_l3_hit_retired.xsnp_miss:u	738	0	0
mem_load_l3_hit_retired.xsnp_miss:u	739	0	0
mem_load_l3_hit_retired.xsnp_miss:u	740	0	0
mem_load_l3_hit_retired.xsnp_miss:u	741	0	0
mem_load_l3_hit_retired.xsnp_miss:u	742	0	0
mem_load_l3_hit_retired.xsnp_miss:u	743	0	0
mem_load_l3_hit_retired.xsnp_miss:u	744	0	0
mem_load_l3_hit_retired.xsnp_miss:u	745	0	0
mem_load_l3_hit_retired.xsnp_miss:u	746	0	0
mem_load_l3_hit_retired.xsnp_miss:u	747	0	0
mem_load_l3_hit_retired.xsnp_miss:u	748	0	0
mem_load_l3_hit_retired.xsnp_miss:u	749	0	0
mem_load_l3_hit_retired.xsnp_miss:u	750	0	0
mem_load_l3_hit_retired.xsnp_miss:u	751	0	0
mem_load_l3_hit_retired.xsnp_miss:u	752	0	0
mem_load_l3_hit_retired.xsnp_miss:u	753	0	0
mem_load_l3_hit_retired.xsnp_miss:u	754	0	0
mem_load_l3_hit_retired.xsnp_miss:u	755	0	0
mem_load_l3_hit_retired.xsnp_miss:u	756	0	0
mem_load_l3_hit_retired.xsnp_miss:u	757	0	0
mem_load_l3_hit_retired.xsnp_miss:u	758	0	0
mem_load_l3_hit_retired.xsnp_miss:u	759	0	0
mem_load_l3_hit_retired.xsnp_miss:u	760	0	0
mem_load_l3_hit_retired.xsnp_miss:u	761	0	0
mem_load_l3_hit_retired.xsnp_miss:u	762	0	0
mem_load_l3_hit_retired.xsnp_miss:u	763	0	0
mem_load_l3_hit_retired.xsnp_miss:u	764	0	0
mem_load_l3_hit_retired.xsnp_miss:u	765	0	0
mem_load_l3_hit_retired.xsnp_miss:u	766	0	0
mem_load_l3_hit_retired.xsnp_miss:u	767	0	0
mem_load_l3_hit_retired.xsnp_miss:u	768	0	0
mem_load_l3_hit_retired.xsnp_miss:u	769	0	0
mem_load_l3_hit_retired.xsnp_miss:u	770	0	0
mem_load_l3_hit_retired.xsnp_miss:u	771	0	0
mem_load_l3_hit_retired.xsnp_miss:u	772	0	0
mem_load_l3_hit_retired.xsnp_miss:u	773	0	0
mem_load_l3_hit_retired.xsnp_miss:u	774	0	0
mem_load_l3_hit_retired.xsnp_miss:u	775	0	0
mem_load_l3_hit_retired.xsnp_miss:u	776	0	0
mem_load_l3_hit_retired.xsnp_miss:u	777	0	0
mem_load_l3_hit_retired.xsnp_miss:u	778	0	0
mem_load_l3_hit_retired.xsnp_miss:u	779	0	0
mem_load_l3_hit_retired.xsnp_miss:u	780	0	0
mem_load_l3_hit_retired.xsnp_miss:u	781	0	0
mem_load_l3_hit_retired.xsnp_miss:u	782	0	0
mem_load_l3_hit_retired.xsnp_miss:u	783	0	0
mem_load_l3_hit_retired.xsnp_miss:u	784	0	0
mem_load_l3_hit_retired.xsnp_miss:u	785	0	0
mem_load_l3_hit_retired.xsnp_miss:u	786	0	0
mem_load_l3_hit_retired.xsnp_miss:u	787	0	0
mem_load_l3_hit_retired.xsnp_miss:u	788	0	0
mem_load_l3_hit_retired.xsnp_miss:u	789	0	0
mem_load_l3_hit_retired.xsnp_miss:u	790	0	0
mem_load_l3_hit_retired.xsnp_miss:u	791	0	0
mem_load_l3_hit_retired.xsnp_miss:u	792	0	0
mem_load_l3_hit_retired.xsnp_miss:u	793	0	0
mem_load_l3_hit_retired.xsnp_miss:u	794	0	0
mem_load_l3_hit_retired.xsnp_miss:u	795	0	0
mem_load_l3_hit_retired.xsnp_miss:u	796	0	0
mem_load_l3_hit_retired.xsnp_miss:u	797	0	0
mem_load_l3_hit_retired.xsnp_miss:u	798	0	0
mem_load_l3_hit_retired.xsnp_miss:u	799	0	0
mem_load_l3_hit_retired.xsnp_miss:u	800	0	0
mem_load_l3_hit_retired.xsnp_miss:u	801	0	0
mem_load_l3_hit_retired.xsnp_miss:u	802	0	0
mem_load_l3_hit_retired.xsnp_miss:u	803	0	0
mem_load_l3_hit_retired.xsnp_miss:u	804	0	0
mem_load_l3_hit_retired.xsnp_miss:u	805	0	0
mem_load_l3_hit_retired.xsnp_miss:u	806	0	0
mem_load_l3_hit_retired.xsnp_miss:u	807	0	0
mem_load_l3_hit_retired.xsnp_miss:u	808	0	0
mem_load_l3_hit_retired.xsnp_miss:u	809	0	0
mem_load_l3_hit_retired.xsnp_miss:u	810	0	0
mem_load_l3_hit_retired.xsnp_miss:u	811	0	0
mem_load_l3_hit_retired.xsnp_miss:u	812	0	0
mem_load_l3_hit_retired.xsnp_miss:u	813	0	0
mem_load_l3_hit_retired.xsnp_miss:u	814	0	0
mem_load_l3_hit_retired.xsnp_miss:u	815	0	0
mem_load_l3_hit_retired.xsnp_miss:u	816	0	0
mem_load_l3_hit_retired.xsnp_miss:u	817	0	0
mem_load_l3_hit_retired.xsnp_miss:u	818	0	0
mem_load_l3_hit_retired.xsnp_miss:u	819	0	0
mem_load_l3_hit_retired.xsnp_miss:u	820	0	0
mem_load_l3_hit_retired.xsnp_miss:u	821	0	0
mem_load_l3_hit_retired.xsnp_miss:u	822	0	0
mem_load_l3_hit_retired.xsnp_miss:u	823	0	0
mem_load_l3_hit_retired.xsnp_miss:u	824	0	0
mem_load_l3_hit_retired.xsnp_miss:u	825	0	0
mem_load_l3_hit_retired.xsnp_miss:u	826	0	0
mem_load_l3_hit_retired.xsnp_miss:u	827	0	0
mem_load_l3_hit_retired.xsnp_miss:u	828	0	0
mem_load_l3_hit_retired.xsnp_miss:u	829	0	0
mem_load_l3_hit_retired.xsnp_miss:u	830	0	0
mem_load_l3_hit_retired.xsnp_miss:u	831	0	0
mem_load_l3_hit_retired.xsnp_miss:u	832	0	0
mem_load_l3_hit_retired.xsnp_miss:u	833	0	0
mem_load_l3_hit_retired.xsnp_miss:u	834	0	0
mem_load_l3_hit_retired.xsnp_miss:u	835	0	0
mem_load_l3_hit_retired.xsnp_miss:u	836	0	0
mem_load_l3_hit_retired.xsnp_miss:u	837	0	0
mem_load_l3_hit_retired.xsnp_miss:u	838	0	0
mem_load_l3_hit_retired.xsnp_miss:u	839	0	0
mem_load_l3_hit_retired.xsnp_miss:u	840	0	0
mem_load_l3_hit_retired.xsnp_miss:u	841	0	0
mem_load_l3_hit_retired.xsnp_miss:u	842	0	0
mem_load_l3_hit_retired.xsnp_miss:u	843	0	0
mem_load_l3_hit_retired.xsnp_miss:u	844	0	0
mem_load_l3_hit_retired.xsnp_miss:u	845	0	0
mem_load_l3_hit_retired.xsnp_miss:u	846	0	0
mem_load_l3_hit_retired.xsnp_miss:u	847	0	0
mem_load_l3_hit_retired.xsnp_miss:u	848	0	0
mem_load_l3_hit_retired.xsnp_miss:u	849	0	0
mem_load_l3_hit_retired.xsnp_miss:u	850	0	0
mem_load_l3_hit_retired.xsnp_miss:u	851	0	0
mem_load_l3_hit_retired.xsnp_miss:u	852	0	0
mem_load_l3_hit_retired.xsnp_miss:u	853	0	0
mem_load_l3_hit_retired.xsnp_miss:u	854	0	0
mem_load_l3_hit_retired.xsnp_miss:u	855	0	0
mem_load_l3_hit_retired.xsnp_miss:u	856	0	0
mem_load_l3_hit_retired.xsnp_miss:u	857	0	0
mem_load_l3_hit_retired.xsnp_miss:u	858	0	0
mem_load_l3_hit_retired.xsnp_miss:u	859	0	0
mem_load_l3_hit_retired.xsnp_miss:u	860	0	0
mem_load_l3_hit_retired.xsnp_miss:u	861	0	0
mem_load_l3_hit_retired.xsnp_miss:u	862	0	0
mem_load_l3_hit_retired.xsnp_miss:u	863	0	0
mem_load_l3_hit_retired.xsnp_miss:u	864	0	0
mem_load_l3_hit_retired.xsnp_miss:u	865	0	0
mem_load_l3_hit_retired.xsnp_miss:u	866	0	0
mem_load_l3_hit_retired.xsnp_miss:u	867	0	0
mem_load_l3_hit_retired.xsnp_miss:u	868	0	0
mem_load_l3_hit_retired.xsnp_miss:u	869	0	0
mem_load_l3_hit_retired.xsnp_miss:u	870	0	0
mem_load_l3_hit_retired.xsnp_miss:u	871	0	0
mem_load_l3_hit_retired.xsnp_miss:u	872	0	0
mem_load_l3_hit_retired.xsnp_miss:u	873	0	0
mem_load_l3_hit_retired.xsnp_miss:u	874	0	0
mem_load_l3_hit_retired.xsnp_miss:u	875	0	0
mem_load_l3_hit_retired.xsnp_miss:u	876	0	0
mem_load_l3_hit_retired.xsnp_miss:u	877	0	0
mem_load_l3_hit_retired.xsnp_miss:u	878	0	0
mem_load_l3_hit_retired.xsnp_miss:u	879	0	0
mem_load_l3_hit_retired.xsnp_miss:u	880	0	0
mem_load_l3_hit_retired.xsnp_miss:u	881	0	0
mem_load_l3_hit_retired.xsnp_miss:u	882	0	0
mem_load_l3_hit_retired.xsnp_miss:u	883	0	0
mem_load_l3_hit_retired.xsnp_miss:u	884	0	0
mem_load_l3_hit_retired.xsnp_miss:u	885	0	0
mem_load_l3_hit_retired.xsnp_miss:u	886	0	0
mem_load_l3_hit_retired.xsnp_miss:u	887	0	0
mem_load_l3_hit_retired.xsnp_miss:u	888	0	0
mem_load_l3_hit_retired.xsnp_miss:u	889	0	0
mem_load_l3_hit_retired.xsnp_miss:u	890	0	0
mem_load_l3_hit_retired.xsnp_miss:u	891	0	0
mem_load_l3_hit_retired.xsnp_miss:u	892	0	0
mem_load_l3_hit_retired.xsnp_miss:u	893	0	0
mem_load_l3_hit_retired.xsnp_miss:u	894	0	0
mem_load_l3_hit_retired.xsnp_miss:u	895	0	0
mem_load_l3_hit_retired.xsnp_miss:u	896	0	0
mem_load_l3_hit_retired.xsnp_miss:u	897	0	0
mem_load_l3_hit_retired.xsnp_miss:u	898	0	0
mem_load_l3_hit_retired.xsnp_miss:u	899	0	0
mem_load_l3_hit_retired.xsnp_miss:u	900	0	0
mem_load_l3_hit_retired.xsnp_miss:u	901	0	0
mem_load_l3_hit_retired.xsnp_miss:u	902	0	0
mem_load_l3_hit_retired.xsnp_miss:u	903	0	0
mem_load_l3_hit_retired.xsnp_miss:u	904	0	0
mem_load_l3_hit_retired.xsnp_miss:u	905	0	0
mem_load_l3_hit_retired.xsnp_miss:u	906	0	0
mem_load_l3_hit_retired.xsnp_miss:u	907	0	0
mem_load_l3_hit_retired.xsnp_miss:u	908	0	0
mem_load_l3_hit_retired.xsnp_miss:u	909	0	0
mem_load_l3_hit_retired.xsnp_miss:u	910	0	0
mem_load_l3_hit_retired.xsnp_miss:u	911	0	0
mem_load_l3_hit_retired.xsnp_miss:u	912	0	0
mem_load_l3_hit_retired.xsnp_miss:u	913	0	0
mem_load_l3_hit_retired.xsnp_miss:u	914	0	0
mem_load_l3_hit_retired.xsnp_miss:u	915	0	0
mem_load_l3_hit_retired.xsnp_miss:u	916	0	0
mem_load_l3_hit_retired.xsnp_miss:u	917	0	0
mem_load_l3_hit_retired.xsnp_miss:u	918	0	0
mem_load_l3_hit_retired.xsnp_miss:u	919	0	0
mem_load_l3_hit_retired.xsnp_miss:u	920	0	0
mem_load_l3_hit_retired.xsnp_miss:u	921	0	0
mem_load_l3_hit_retired.xsnp_miss:u	922	0	0
mem_load_l3_hit_retired.xsnp_miss:u	923	0	0
mem_load_l3_hit_retired.xsnp_miss:u	924	0	0
mem_load_l3_hit_retired.xsnp_miss:u	925	0	0
mem_load_l3_hit_retired.xsnp_miss:u	926	0	0
mem_load_l3_hit_retired.xsnp_miss:u	927	0	0
mem_load_l3_hit_retired.xsnp_miss:u	928	0	0
mem_load_l3_hit_retired.xsnp_miss:u	929	0	0
mem_load_l3_hit_retired.xsnp_miss:u	930	0	0
mem_load_l3_hit_retired.xsnp_miss:u	931	0	0
mem_load_l3_hit_retired.xsnp_miss:u	932	0	0
mem_load_l3_hit_retired.xsnp_miss:u	933	0	0
mem_load_l3_hit_retired.xsnp_miss:u	934	0	0
mem_load_l3_hit_retired.xsnp_miss:u	935	0	0
mem_load_l3_hit_retired.xsnp_miss:u	936	0	0
mem_load_l3_hit_retired.xsnp_miss:u	937	0	0
mem_load_l3_hit_retired.xsnp_miss:u	938	0	0
mem_load_l3_hit_retired.xsnp_miss:u	939	0	0
mem_load_l3_hit_retired.xsnp_miss:u	940	0	0
mem_load_l3_hit_retired.xsnp_miss:u	941	0	0
mem_load_l3_hit_retired.xsnp_miss:u	942	0	0
mem_load_l3_hit_retired.xsnp_miss:u	943	0	0
mem_load_l3_hit_retired.xsnp_miss:u	944	0	0
mem_load_l3_hit_retired.xsnp_miss:u	945	0	0
mem_load_l3_hit_retired.xsnp_miss:u	946	0	0
mem_load_l3_hit_retired.xsnp_miss:u	947	0	0
mem_load_l3_hit_retired.xsnp_miss:u	948	0	0
mem_load_l3_hit_retired.xsnp_miss:u	949	0	0
mem_load_l3_hit_retired.xsnp_miss:u	950	0	0
mem_load_l3_hit_retired.xsnp_miss:u	951	0	0
mem_load_l3_hit_retired.xsnp_miss:u	952	0	0
mem_load_l3_hit_retired.xsnp_miss:u	953	0	0
mem_load_l3_hit_retired.xsnp_miss:u	954	0	0
mem_load_l3_hit_retired.xsnp_miss:u	955	0	0
mem_load_l3_hit_retired.xsnp_miss:u	956	0	0
mem_load_l3_hit_retired.xsnp_miss:u	957	0	0
mem_load_l3_hit_retired.xsnp_miss:u	958	0	0
mem_load_l3_hit_retired.xsnp_miss:u	959	0	0
mem_load_l3_hit_retired.xsnp_miss:u	960	0	0
mem_load_l3_hit_retired.xsnp_miss:u	961	0	0
mem_load_l3_hit_retired.xsnp_miss:u	962	0	0
mem_load_l3_hit_retired.xsnp_miss:u	963	0	0
mem_load_l3_hit_retired.xsnp_miss:u	964	0	0
mem_load_l3_hit_retired.xsnp_miss:u	965	0	0
mem_load_l3_hit_retired.xsnp_miss:u	966	0	0
mem_load_l3_hit_retired.xsnp_miss:u	967	0	0
mem_load_l3_hit_retired.xsnp_miss:u	968	0	0
mem_load_l3_hit_retired.xsnp_miss:u	969	0	0
mem_load_l3_hit_retired.xsnp_miss:u	970	0	0
mem_load_l3_hit_retired.xsnp_miss:u	971	0	0
mem_load_l3_hit_retired.xsnp_miss:u	972	0	0
mem_load_l3_hit_retired.xsnp_miss:u	973	0	0
mem_load_l3_hit_retired.xsnp_miss:u	974	0	0
mem_load_l3_hit_retired.xsnp_miss:u	975	0	0
mem_load_l3_hit_retired.xsnp_miss:u	976	0	0
mem_load_l3_hit_retired.xsnp_miss:u	977	0	0
mem_load_l3_hit_retired.xsnp_miss:u	978	0	0
mem_load_l3_hit_retired.xsnp_miss:u	979	0	0
mem_load_l3_hit_retired.xsnp_miss:u	980	0	0
mem_load_l3_hit_retired.xsnp_miss:u	981	0	0
mem_load_l3_hit_retired.xsnp_miss:u	982	0	0
mem_load_l3_hit_retired.xsnp_miss:u	983	0	0
mem_load_l3_hit_retired.xsnp_miss:u	984	0	0
mem_load_l3_hit_retired.xsnp_miss:u	985	0	0
mem_load_l3_hit_retired.xsnp_miss:u	986	0	0
mem_load_l3_hit_retired.xsnp_miss:u	987	0	0
mem_load_l3_hit_retired.xsnp_miss:u	988	0	0
mem_load_l3_hit_retired.xsnp_miss:u	989	0	0
mem_load_l3_hit_retired.xsnp_miss:u	990	0	0
mem_load_l3_hit_retired.xsnp_miss:u	991	0	0
mem_load_l3_hit_retired.xsnp_miss:u	992	0	0
mem_load_l3_hit_retired.xsnp_miss:u	993	0	0
mem_load_l3_hit_retired.xsnp_miss:u	994	0	0
mem_load_l3_hit_retired.xsnp_miss:u	995	0	0
mem_load_l3_hit_retired.xsnp_miss:u	996	0	0
mem_load_l3_hit_retired.xsnp_miss:u	997	0	0
mem_load_l3_hit_retired.xsnp_miss:u	998	0	0
mem_load_l3_hit_retired.xsnp_miss:u	999	0	0
mem_load_l3_hit_retired.xsnp_miss:u	1000	0	0
fp_arith_inst_retired.128b_packed_double:u	1	3100000	0
fp_arith_inst_retired.128b_packed_double:u	2	3100000	0
fp_arith_inst_retired.128b_packed_double:u	3	3100000	0
fp_arith_inst_retired.128b_packed_double:u	4	3100000	0
fp_arith_inst_retired.128b_packed_double:u	5	3100000	0
fp_arith_inst_retired.128b_packed_double:u	6	3100000	0
fp_arith_inst_retired.128b_packed_double:u	7	3100000	0
fp_arith_inst_retired.128b_packed_double:u	8	3100000	0
fp_arith_inst_retired.128b_packed_double:u	9	3100000	0
fp_arith_inst_retired.128b_packed_double:u	10	3100000	0
fp_arith_inst_retired.128b_packed_double:u	11	3100000	0
fp_arith_inst_retired.128b_packed_double:u	12	3100000	0
fp_arith_inst_retired.128b_packed_double:u	13	3100000	0
fp_arith_inst_retired.128b_packed_double:u	14	3100000	0
fp_arith_inst_retired.128b_packed_double:u	15	3100000	0
fp_arith_inst_retired.128b_packed_double:u	16	3100000	0
fp_arith_inst_retired.128b_packed_double:u	17	3100000	0
fp_arith_inst_retired.128b_packed_double:u	18	3100000	0
fp_arith_inst_retired.128b_packed_double:u	19	3100000	0
fp_arith_inst_retired.128b_packed_double:u	20	3100000	0
fp_arith_inst_retired.128b_packed_double:u	21	3100000	0
fp_arith_inst_retired.128b_packed_double:u	22	3100000	0
fp_arith_inst_retired.128b_packed_double:u	23	3100000	0
fp_arith_inst_retired.128b_packed_double:u	24	3100000	0
fp_arith_inst_retired.128b_packed_double:u	25	3100000	0
fp_arith_inst_retired.128b_packed_double:u	26	3100000	0
fp_arith_inst_retired.128b_packed_double:u	27	3100000	0
fp_arith_inst_retired.128b_packed_double:u	28	3100000	0
fp_arith_inst_retired.128b_packed_double:u	29	3100000	0
fp_arith_inst_retired.128b_packed_double:u	30	3100000	0
fp_arith_inst_retired.128b_packed_double:u	31	3100000	0
fp_arith_inst_retired.128b_packed_double:u	32	3100000	0
fp_arith_inst_retired.128b_packed_double:u	33	3100000	0
fp_arith_inst_retired.128b_packed_double:u	34	3100000	0
fp_arith_inst_retired.128b_packed_double:u	35	3100000	0
fp_arith_inst_retired.128b_packed_double:u	36	3100000	0
fp_arith_inst_retired.128b_packed_double:u	37	3100000	0
fp_arith_inst_retired.128b_packed_double:u	38	3100000	0
fp_arith_inst_retired.128b_packed_double:u	39	3100000	0
fp_arith_inst_retired.128b_packed_double:u	40	3100000	0
fp_arith_inst_retired.128b_packed_double:u	41	3100000	0
fp_arith_inst_retired.128b_packed_double:u	42	3100000	0
fp_arith_inst_retired.128b_packed_double:u	43	3100000	0
fp_arith_inst_retired.128b_packed_double:u	44	3100000	0
fp_arith_inst_retired.128b_packed_double:u	45	3100000	0
fp_arith_inst_retired.128b_packed_double:u	46	3100000	0
fp_arith_inst_retired.128b_packed_double:u	47	3100000	0
fp_arith_inst_retired.128b_packed_double:u	48	3100000	0
fp_arith_inst_retired.128b_packed_double:u	49	3100000	0
fp_arith_inst_retired.128b_packed_double:u	50	3100000	0
fp_arith_inst_retired.128b_packed_double:u	51	3100000	0
fp_arith_inst_retired.128b_packed_double:u	52	3100000	0
fp_arith_inst_retired.128b_packed_double:u	53	3100000	0
fp_arith_inst_retired.128b_packed_double:u	54	3100000	0
fp_arith_inst_retired.128b_packed_double:u	55	3100000	0
fp_arith_inst_retired.128b_packed_double:u	56	3100000	0
fp_arith_inst_retired.128b_packed_double:u	57	3100000	0
fp_arith_inst_retired.128b_packed_double:u	58	3100000	0
fp_arith_inst_retired.128b_packed_double:u	59	3100000	0
fp_arith_inst_retired.128b_packed_double:u	60	3100000	0
fp_arith_inst_retired.128b_packed_double:u	61	3100000	0
fp_arith_inst_retired.128b_packed_double:u	62	3100000	0
fp_arith_inst_retired.128b_packed_double:u	63	3100000	0
fp_arith_inst_retired.128b_packed_double:u	64	3100000	0
fp_arith_inst_retired.128b_packed_double:u	65	3100000	0
fp_arith_inst_retired.128b_packed_double:u	66	3100000	0
fp_arith_inst_retired.128b_packed_double:u	67	3100000	0
fp_arith_inst_retired.128b_packed_double:u	68	3100000	0
fp_arith_inst_retired.128b_packed_double:u	69	3100000	0
fp_arith_inst_retired.128b_packed_double:u	70	3100000	0
fp_arith_inst_retired.128b_packed_double:u	71	3100000	0
fp_arith_inst_retired.128b_packed_double:u	72	3100000	0
fp_arith_inst_retired.128b_packed_double:u	73	3100000	0
fp_arith_inst_retired.128b_packed_double:u	74	3100000	0
fp_arith_inst_retired.128b_packed_double:u	75	3100000	0
fp_arith_inst_retired.128b_packed_double:u	76	3100000	0
fp_arith_inst_retired.128b_packed_double:u	77	3100000	0
fp_arith_inst_retired.128b_packed_double:u	78	3100000	0
fp_arith_inst_retired.128b_packed_double:u	79	3100000	0
fp_arith_inst_retired.128b_packed_double:u	80	3100000	0
fp_arith_inst_retired.128b_packed_double:u	81	3100000	0
fp_arith_inst_retired.128b_packed_double:u	82	3100000	0
fp_arith_inst_retired.128b_packed_double:u	83	3100000	0
fp_arith_inst_retired.128b_packed_double:u	84	3100000	0
fp_arith_inst_retired.128b_packed_double:u	85	3100000	0
fp_arith_inst_retired.128b_packed_double:u	86	3100000	0
fp_arith_inst_retired.128b_packed_double:u	87	3100000	0
fp_arith_inst_retired.128b_packed_double:u	88	3100000	0
fp_arith_inst_retired.128b_packed_double:u	89	3100000	0
fp_arith_inst_retired.128b_packed_double:u	90	3100000	0
fp_arith_inst_retired.128b_packed_double:u	91	3100000	0
fp_arith_inst_retired.128b_packed_double:u	92	3100000	0
fp_arith_inst_retired.128b_packed_double:u	93	3100000	0
fp_arith_inst_retired.128b_packed_double:u	94	3100000	0
fp_arith_inst_retired.128b_packed_double:u	95	3100000	0
fp_arith_inst_retired.128b_packed_double:u	96	3100000	0
fp_arith_inst_retired.128b_packed_double:u	97	3100000	0
fp_arith_inst_retired.128b_packed_double:u	98	3100000	0
fp_arith_inst_retired.128b_packed_double:u	99	3100000	0
fp_arith_inst_retired.128b_packed_double:u	100	3100000	0
fp_arith_inst_retired.128b_packed_double:u	101	3100000	0
fp_arith_inst_retired.128b_packed_double:u	102	3100000	0
fp_arith_inst_retired.128b_packed_double:u	103	3100000	0
fp_arith_inst_retired.128b_packed_double:u	104	3100000	0
fp_arith_inst_retired.128b_packed_double:u	105	3100000	0
fp_arith_inst_retired.128b_packed_double:u	106	3100000	0
fp_arith_inst_retired.128b_packed_double:u	107	3100000	0
fp_arith_inst_retired.128b_packed_double:u	108	3100000	0
fp_arith_inst_retired.128b_packed_double:u	109	3100000	0
fp_arith_inst_retired.128b_packed_double:u	110	3100000	0
fp_arith_inst_retired.128b_packed_double:u	111	3100000	0
fp_arith_inst_retired.128b_packed_double:u	112	3100000	0
fp_arith_inst_retired.128b_packed_double:u	113	3100000	0
fp_arith_inst_retired.128b_packed_double:u	114	3100000	0
fp_arith_inst_retired.128b_packed_double:u	115	3100000	0
fp_arith_inst_retired.128b_packed_double:u	116	3100000	0
fp_arith_inst_retired.128b_packed_double:u	117	3100000	0
fp_arith_inst_retired.128b_packed_double:u	118	3100000	0
fp_arith_inst_retired.128b_packed_double:u	119	3100000	0
fp_arith_inst_retired.128b_packed_double:u	120	3100000	0
fp_arith_inst_retired.128b_packed_double:u	121	3100000	0
fp_arith_inst_retired.128b_packed_double:u	122	3100000	0
fp_arith_inst_retired.128b_packed_double:u	123	3100000	0
fp_arith_inst_retired.128b_packed_double:u	124	3100000	0
fp_arith_inst_retired.128b_packed_double:u	125	3100000	0
fp_arith_inst_retired.128b_packed_double:u	126	3100000	0
fp_arith_inst_retired.128b_packed_double:u	127	3100000	0
fp_arith_inst_retired.128b_packed_double:u	128	3100000	0
fp_arith_inst_retired.128b_packed_double:u	129	3100000	0
fp_arith_inst_retired.128b_packed_double:u	130	3100000	0
fp_arith_inst_retired.128b_packed_double:u	131	3100000	0
fp_arith_inst_retired.128b_packed_double:u	132	3100000	0
fp_arith_inst_retired.128b_packed_double:u	133	3100000	0
fp_arith_inst_retired.128b_packed_double:u	134	3100000	0
fp_arith_inst_retired.128b_packed_double:u	135	3100000	0
fp_arith_inst_retired.128b_packed_double:u	136	3100000	0
fp_arith_inst_retired.128b_packed_double:u	137	3100000	0
fp_arith_inst_retired.128b_packed_double:u	138	3100000	0
fp_arith_inst_retired.128b_packed_double:u	139	3100000	0
fp_arith_inst_retired.128b_packed_double:u	140	3100000	0
fp_arith_inst_retired.128b_packed_double:u	141	3100000	0
fp_arith_inst_retired.128b_packed_double:u	142	3100000	0
fp_arith_inst_retired.128b_packed_double:u	143	3100000	0
fp_arith_inst_retired.128b_packed_double:u	144	3100000	0
fp_arith_inst_retired.128b_packed_double:u	145	3100000	0
fp_arith_inst_retired.128b_packed_double:u	146	3100000	0
fp_arith_inst_retired.128b_packed_double:u	147	3100000	0
fp_arith_inst_retired.128b_packed_double:u	148	3100000	0
fp_arith_inst_retired.128b_packed_double:u	149	3100000	0
fp_arith_inst_retired.128b_packed_double:u	150	3100000	0
fp_arith_inst_retired.128b_packed_double:u	151	3100000	0
fp_arith_inst_retired.128b_packed_double:u	152	3100000	0
fp_arith_inst_retired.128b_packed_double:u	153	3100000	0
fp_arith_inst_retired.128b_packed_double:u	154	3100000	0
fp_arith_inst_retired.128b_packed_double:u	155	3100000	0
fp_arith_inst_retired.128b_packed_double:u	156	3100000	0
fp_arith_inst_retired.128b_packed_double:u	157	3100000	0
fp_arith_inst_retired.128b_packed_double:u	158	3100000	0
fp_arith_inst_retired.128b_packed_double:u	159	3100000	0
fp_arith_inst_retired.128b_packed_double:u	160	3100000	0
fp_arith_inst_retired.128b_packed_double:u	161	3100000	0
fp_arith_inst_retired.128b_packed_double:u	162	3100000	0
fp_arith_inst_retired.128b_packed_double:u	163	3100000	0
fp_arith_inst_retired.128b_packed_double:u	164	3100000	0
fp_arith_inst_retired.128b_packed_double:u	165	3100000	0
fp_arith_inst_retired.128b_packed_double:u	166	3100000	0
fp_arith_inst_retired.128b_packed_double:u	167	3100000	0
fp_arith_inst_retired.128b_packed_double:u	168	3100000	0
fp_arith_inst_retired.128b_packed_double:u	169	3100000	0
fp_arith_inst_retired.128b_packed_double:u	170	3100000	0
fp_arith_inst_retired.128b_packed_double:u	171	3100000	0
fp_arith_inst_retired.128b_packed_double:u	172	3100000	0
fp_arith_inst_retired.128b_packed_double:u	173	3100000	0
fp_arith_inst_retired.128b_packed_double:u	174	3100000	0
fp_arith_inst_retired.128b_packed_double:u	175	3100000	0
fp_arith_inst_retired.128b_packed_double:u	176	3100000	0
fp_arith_inst_retired.128b_packed_double:u	177	3100000	0
fp_arith_inst_retired.128b_packed_double:u	178	3100000	0
fp_arith_inst_retired.128b_packed_double:u	179	3100000	0
fp_arith_inst_retired.128b_packed_double:u	180	3100000	0
fp_arith_inst_retired.128b_packed_double:u	181	3100000	0
fp_arith_inst_retired.128b_packed_double:u	182	3100000	0
fp_arith_inst_retired.128b_packed_double:u	183	3100000	0
fp_arith_inst_retired.128b_packed_double:u	184	3100000	0
fp_arith_inst_retired.128b_packed_double:u	185	3100000	0
fp_arith_inst_retired.128b_packed_double:u	186	3100000	0
fp_arith_inst_retired.128b_packed_double:u	187	3100000	0
fp_arith_inst_retired.128b_packed_double:u	188	3100000	0
fp_arith_inst_retired.128b_packed_double:u	189	3100000	0
fp_arith_inst_retired.128b_packed_double:u	190	3100000	0
fp_arith_inst_retired.128b_packed_double:u	191	3100000	0
fp_arith_inst_retired.128b_packed_double:u	192	3100000	0
fp_arith_inst_retired.128b_packed_double:u	193	3100000	0
fp_arith_inst_retired.128b_packed_double:u	194	3100000	0
fp_arith_inst_retired.128b_packed_double:u	195	3100000	0
fp_arith_inst_retired.128b_packed_double:u	196	3100000	0
fp_arith_inst_retired.128b_packed_double:u	197	3100000	0
fp_arith_inst_retired.128b_packed_double:u	198	3100000	0
fp_arith_inst_retired.128b_packed_double:u	199	3100000	0
fp_arith_inst_retired.128b_packed_double:u	200	3100000	0
fp_arith_inst_retired.128b_packed_double:u	201	3100000	0
fp_arith_inst_retired.128b_packed_double:u	202	3100000	0
fp_arith_inst_retired.128b_packed_double:u	203	3100000	0
fp_arith_inst_retired.128b_packed_double:u	204	3100000	0
fp_arith_inst_retired.128b_packed_double:u	205	3100000	0
fp_arith_inst_retired.128b_packed_double:u	206	3100000	0
fp_arith_inst_retired.128b_packed_double:u	207	3100000	0
fp_arith_inst_retired.128b_packed_double:u	208	3100000	0
fp_arith_inst_retired.128b_packed_double:u	209	3100000	0
fp_arith_inst_retired.128b_packed_double:u	210	3100000	0
fp_arith_inst_retired.128b_packed_double:u	211	3100000	0
fp_arith_inst_retired.128b_packed_double:u	212	3100000	0
fp_arith_inst_retired.128b_packed_double:u	213	3100000	0
fp_arith_inst_retired.128b_packed_double:u	214	3100000	0
fp_arith_inst_retired.128b_packed_double:u	215	3100000	0
fp_arith_inst_retired.128b_packed_double:u	216	3100000	0
fp_arith_inst_retired.128b_packed_double:u	217	3100000	0
fp_arith_inst_retired.128b_packed_double:u	218	3100000	0
fp_arith_inst_retired.128b_packed_double:u	219	3100000	0
fp_arith_inst_retired.128b_packed_double:u	220	3100000	0
fp_arith_inst_retired.128b_packed_double:u	221	3100000	0
fp_arith_inst_retired.128b_packed_double:u	222	3100000	0
fp_arith_inst_retired.128b_packed_double:u	223	3100000	0
fp_arith_inst_retired.128b_packed_double:u	224	3100000	0
fp_arith_inst_retired.128b_packed_double:u	225	3100000	0
fp_arith_inst_retired.128b_packed_double:u	226	3100000	0
fp_arith_inst_retired.128b_packed_double:u	227	3100000	0
fp_arith_inst_retired.128b_packed_double:u	228	3100000	0
fp_arith_inst_retired.128b_packed_double:u	229	3100000	0
fp_arith_inst_retired.128b_packed_double:u	230	3100000	0
fp_arith_inst_retired.128b_packed_double:u	231	3100000	0
fp_arith_inst_retired.128b_packed_double:u	232	3100000	0
fp_arith_inst_retired.128b_packed_double:u	233	3100000	0
fp_arith_inst_retired.128b_packed_double:u	234	3100000	0
fp_arith_inst_retired.128b_packed_double:u	235	3100000	0
fp_arith_inst_retired.128b_packed_double:u	236	3100000	0
fp_arith_inst_retired.128b_packed_double:u	237	3100000	0
fp_arith_inst_retired.128b_packed_double:u	238	3100000	0
fp_arith_inst_retired.128b_packed_double:u	239	3100000	0
fp_arith_inst_retired.128b_packed_double:u	240	3100000	0
fp_arith_inst_retired.128b_packed_double:u	241	3100000	0
fp_arith_inst_retired.128b_packed_double:u	242	3100000	0
fp_arith_inst_retired.128b_packed_double:u	243	3100000	0
fp_arith_inst_retired.128b_packed_double:u	244	3100000	0
fp_arith_inst_retired.128b_packed_double:u	245	3100000	0
fp_arith_inst_retired.128b_packed_double:u	246	3100000	0
fp_arith_inst_retired.128b_packed_double:u	247	3100000	0
fp_arith_inst_retired.128b_packed_double:u	248	3100000	0
fp_arith_inst_retired.128b_packed_double:u	249	3100000	0
fp_arith_inst_retired.128b_packed_double:u	250	3100000	0
fp_arith_inst_retired.128b_packed_double:u	251	3100000	0
fp_arith_inst_retired.128b_packed_double:u	252	3100000	0
fp_arith_inst_retired.128b_packed_double:u	253	3100000	0
fp_arith_inst_retired.128b_packed_double:u	254	3100000	0
fp_arith_inst_retired.128b_packed_double:u	255	3100000	0
fp_arith_inst_retired.128b_packed_double:u	256	3100000	0
fp_arith_inst_retired.128b_packed_double:u	257	3100000	0
fp_arith_inst_retired.128b_packed_double:u	258	3100000	0
fp_arith_inst_retired.128b_packed_double:u	259	3100000	0
fp_arith_inst_retired.128b_packed_double:u	260	3100000	0
fp_arith_inst_retired.128b_packed_double:u	261	3100000	0
fp_arith_inst_retired.128b_packed_double:u	262	3100000	0
fp_arith_inst_retired.128b_packed_double:u	263	3100000	0
fp_arith_inst_retired.128b_packed_double:u	264	3100000	0
fp_arith_inst_retired.128b_packed_double:u	265	3100000	0
fp_arith_inst_retired.128b_packed_double:u	266	3100000	0
fp_arith_inst_retired.128b_packed_double:u	267	3100000	0
fp_arith_inst_retired.128b_packed_double:u	268	3100000	0
fp_arith_inst_retired.128b_packed_double:u	269	3100000	0
fp_arith_inst_retired.128b_packed_double:u	270	3100000	0
fp_arith_inst_retired.128b_packed_double:u	271	3100000	0
fp_arith_inst_retired.128b_packed_double:u	272	3100000	0
fp_arith_inst_retired.128b_packed_double:u	273	3100000	0
fp_arith_inst_retired.128b_packed_double:u	274	3100000	0
fp_arith_inst_retired.128b_packed_double:u	275	3100000	0
fp_arith_inst_retired.128b_packed_double:u	276	3100000	0
fp_arith_inst_retired.128b_packed_double:u	277	3100000	0
fp_arith_inst_retired.128b_packed_double:u	278	3100000	0
fp_arith_inst_retired.128b_packed_double:u	279	3100000	0
fp_arith_inst_retired.128b_packed_double:u	280	3100000	0
fp_arith_inst_retired.128b_packed_double:u	281	3100000	0
fp_arith_inst_retired.128b_packed_double:u	282	3100000	0
fp_arith_inst_retired.128b_packed_double:u	283	3100000	0
fp_arith_inst_retired.128b_packed_double:u	284	3100000	0
fp_arith_inst_retired.128b_packed_double:u	285	3100000	0
fp_arith_inst_retired.128b_packed_double:u	286	3100000	0
fp_arith_inst_retired.128b_packed_double:u	287	3100000	0
fp_arith_inst_retired.128b_packed_double:u	288	3100000	0
fp_arith_inst_retired.128b_packed_double:u	289	3100000	0
fp_arith_inst_retired.128b_packed_double:u	290	3100000	0
fp_arith_inst_retired.128b_packed_double:u	291	3100000	0
fp_arith_inst_retired.128b_packed_double:u	292	3100000	0
fp_arith_inst_retired.128b_packed_double:u	293	3100000	0
fp_arith_inst_retired.128b_packed_double:u	294	3100000	0
fp_arith_inst_retired.128b_packed_double:u	295	3100000	0
fp_arith_inst_retired.128b_packed_double:u	296	3100000	0
fp_arith_inst_retired.128b_packed_double:u	297	3100000	0
fp_arith_inst_retired.128b_packed_double:u	298	3100000	0
fp_arith_inst_retired.128b_packed_double:u	299	3100000	0
fp_arith_inst_retired.128b_packed_double:u	300	3100000	0
fp_arith_inst_retired.128b_packed_double:u	301	3100000	0
fp_arith_inst_retired.128b_packed_double:u	302	3100000	0
fp_arith_inst_retired.128b_packed_double:u	303	3100000	0
fp_arith_inst_retired.128b_packed_double:u	304	3100000	0
fp_arith_inst_retired.128b_packed_double:u	305	3100000	0
fp_arith_inst_retired.128b_packed_double:u	306	3100000	0
fp_arith_inst_retired.128b_packed_double:u	307	3100000	0
fp_arith_inst_retired.128b_packed_double:u	308	3100000	0
fp_arith_inst_retired.128b_packed_double:u	309	3100000	0
fp_arith_inst_retired.128b_packed_double:u	310	3100000	0
fp_arith_inst_retired.128b_packed_double:u	311	3100000	0
fp_arith_inst_retired.128b_packed_double:u	312	3100000	0
fp_arith_inst_retired.128b_packed_double:u	313	3100000	0
fp_arith_inst_retired.128b_packed_double:u	314	3100000	0
fp_arith_inst_retired.128b_packed_double:u	315	3100000	0
fp_arith_inst_retired.128b_packed_double:u	316	3100000	0
fp_arith_inst_retired.128b_packed_double:u	317	3100000	0
fp_arith_inst_retired.128b_packed_double:u	318	3100000	0
fp_arith_inst_retired.128b_packed_double:u	319	3100000	0
fp_arith_inst_retired.128b_packed_double:u	320	3100000	0
fp_arith_inst_retired.128b_packed_double:u	321	3100000	0
fp_arith_inst_retired.128b_packed_double:u	322	3100000	0
fp_arith_inst_retired.128b_packed_double:u	323	3100000	0
fp_arith_inst_retired.128b_packed_double:u	324	3100000	0
fp_arith_inst_retired.128b_packed_double:u	325	3100000	0
fp_arith_inst_retired.128b_packed_double:u	326	3100000	0
fp_arith_inst_retired.128b_packed_double:u	327	3100000	0
fp_arith_inst_retired.128b_packed_double:u	328	3100000	0
fp_arith_inst_retired.128b_packed_double:u	329	3100000	0
fp_arith_inst_retired.128b_packed_double:u	330	3100000	0
fp_arith_inst_retired.128b_packed_double:u	331	3100000	0
fp_arith_inst_retired.128b_packed_double:u	332	3100000	0
fp_arith_inst_retired.128b_packed_double:u	333	3100000	0
fp_arith_inst_retired.128b_packed_double:u	334	3100000	0
fp_arith_inst_retired.128b_packed_double:u	335	3100000	0
fp_arith_inst_retired.128b_packed_double:u	336	3100000	0
fp_arith_inst_retired.128b_packed_double:u	337	3100000	0
fp_arith_inst_retired.128b_packed_double:u	338	3100000	0
fp_arith_inst_retired.128b_packed_double:u	339	3100000	0
fp_arith_inst_retired.128b_packed_double:u	340	3100000	0
fp_arith_inst_retired.128b_packed_double:u	341	3100000	0
fp_arith_inst_retired.128b_packed_double:u	342	3100000	0
fp_arith_inst_retired.128b_packed_double:u	343	3100000	0
fp_arith_inst_retired.128b_packed_double:u	344	3100000	0
fp_arith_inst_retired.128b_packed_double:u	345	3100000	0
fp_arith_inst_retired.128b_packed_double:u	346	3100000	0
fp_arith_inst_retired.128b_packed_double:u	347	3100000	0
fp_arith_inst_retired.128b_packed_double:u	348	3100000	0
fp_arith_inst_retired.128b_packed_double:u	349	3100000	0
fp_arith_inst_retired.128b_packed_double:u	350	3100000	0
fp_arith_inst_retired.128b_packed_double:u	351	3100000	0
fp_arith_inst_retired.128b_packed_double:u	352	3100000	0
fp_arith_inst_retired.128b_packed_double:u	353	3100000	0
fp_arith_inst_retired.128b_packed_double:u	354	3100000	0
fp_arith_inst_retired.128b_packed_double:u	355	3100000	0
fp_arith_inst_retired.128b_packed_double:u	356	3100000	0
fp_arith_inst_retired.128b_packed_double:u	357	3100000	0
fp_arith_inst_retired.128b_packed_double:u	358	3100000	0
fp_arith_inst_retired.128b_packed_double:u	359	3100000	0
fp_arith_inst_retired.128b_packed_double:u	360	3100000	0
fp_arith_inst_retired.128b_packed_double:u	361	3100000	0
fp_arith_inst_retired.128b_packed_double:u	362	3100000	0
fp_arith_inst_retired.128b_packed_double:u	363	3100000	0
fp_arith_inst_retired.128b_packed_double:u	364	3100000	0
fp_arith_inst_retired.128b_packed_double:u	365	3100000	0
fp_arith_inst_retired.128b_packed_double:u	366	3100000	0
fp_arith_inst_retired.128b_packed_double:u	367	3100000	0
fp_arith_inst_retired.128b_packed_double:u	368	3100000	0
fp_arith_inst_retired.128b_packed_double:u	369	3100000	0
fp_arith_inst_retired.128b_packed_double:u	370	3100000	0
fp_arith_inst_retired.128b_packed_double:u	371	3100000	0
fp_arith_inst_retired.128b_packed_double:u	372	3100000	0
fp_arith_inst_retired.128b_packed_double:u	373	3100000	0
fp_arith_inst_retired.128b_packed_double:u	374	3100000	0
fp_arith_inst_retired.128b_packed_double:u	375	3100000	0
fp_arith_inst_retired.128b_packed_double:u	376	3100000	0
fp_arith_inst_retired.128b_packed_double:u	377	3100000	0
fp_arith_inst_retired.128b_packed_double:u	378	3100000	0
fp_arith_inst_retired.128b_packed_double:u	379	3100000	0
fp_arith_inst_retired.128b_packed_double:u	380	3100000	0
fp_arith_inst_retired.128b_packed_double:u	381	3100000	0
fp_arith_inst_retired.128b_packed_double:u	382	3100000	0
fp_arith_inst_retired.128b_packed_double:u	383	3100000	0
fp_arith_inst_retired.128b_packed_double:u	384	3100000	0
fp_arith_inst_retired.128b_packed_double:u	385	3100000	0
fp_arith_inst_retired.128b_packed_double:u	386	3100000	0
fp_arith_inst_retired.128b_packed_double:u	387	3100000	0
fp_arith_inst_retired.128b_packed_double:u	388	3100000	0
fp_arith_inst_retired.128b_packed_double:u	389	3100000	0
fp_arith_inst_retired.128b_packed_double:u	390	3100000	0
fp_arith_inst_retired.128b_packed_double:u	391	3100000	0
fp_arith_inst_retired.128b_packed_double:u	392	3100000	0
fp_arith_inst_retired.128b_packed_double:u	393	3100000	0
fp_arith_inst_retired.128b_packed_double:u	394	3100000	0
fp_arith_inst_retired.128b_packed_double:u	395	3100000	0
fp_arith_inst_retired.128b_packed_double:u	396	3100000	0
fp_arith_inst_retired.128b_packed_double:u	397	3100000	0
fp_arith_inst_retired.128b_packed_double:u	398	3100000	0
fp_arith_inst_retired.128b_packed_double:u	399	3100000	0
fp_arith_inst_retired.128b_packed_double:u	400	3100000	0
fp_arith_inst_retired.128b_packed_double:u	401	3100000	0
fp_arith_inst_retired.128b_packed_double:u	402	3100000	0
fp_arith_inst_retired.128b_packed_double:u	403	3100000	0
fp_arith_inst_retired.128b_packed_double:u	404	3100000	0
fp_arith_inst_retired.128b_packed_double:u	405	3100000	0
fp_arith_inst_retired.128b_packed_double:u	406	3100000	0
fp_arith_inst_retired.128b_packed_double:u	407	3100000	0
fp_arith_inst_retired.128b_packed_double:u	408	3100000	0
fp_arith_inst_retired.128b_packed_double:u	409	3100000	0
fp_arith_inst_retired.128b_packed_double:u	410	3100000	0
fp_arith_inst_retired.128b_packed_double:u	411	3100000	0
fp_arith_inst_retired.128b_packed_double:u	412	3100000	0
fp_arith_inst_retired.128b_packed_double:u	413	3100000	0
fp_arith_inst_retired.128b_packed_double:u	414	3100000	0
fp_arith_inst_retired.128b_packed_double:u	415	3100000	0
fp_arith_inst_retired.128b_packed_double:u	416	3100000	0
fp_arith_inst_retired.128b_packed_double:u	417	3100000	0
fp_arith_inst_retired.128b_packed_double:u	418	3100000	0
fp_arith_inst_retired.128b_packed_double:u	419	3100000	0
fp_arith_inst_retired.128b_packed_double:u	420	3100000	0
fp_arith_inst_retired.128b_packed_double:u	421	3100000	0
fp_arith_inst_retired.128b_packed_double:u	422	3100000	0
fp_arith_inst_retired.128b_packed_double:u	423	3100000	0
fp_arith_inst_retired.128b_packed_double:u	424	3100000	0
fp_arith_inst_retired.128b_packed_double:u	425	3100000	0
fp_arith_inst_retired.128b_packed_double:u	426	3100000	0
fp_arith_inst_retired.128b_packed_double:u	427	3100000	0
fp_arith_inst_retired.128b_packed_double:u	428	3100000	0
fp_arith_inst_retired.128b_packed_double:u	429	3100000	0
fp_arith_inst_retired.128b_packed_double:u	430	3100000	0
fp_arith_inst_retired.128b_packed_double:u	431	3100000	0
fp_arith_inst_retired.128b_packed_double:u	432	3100000	0
fp_arith_inst_retired.128b_packed_double:u	433	3100000	0
fp_arith_inst_retired.128b_packed_double:u	434	3100000	0
fp_arith_inst_retired.128b_packed_double:u	435	3100000	0
fp_arith_inst_retired.128b_packed_double:u	436	3100000	0
fp_arith_inst_retired.128b_packed_double:u	437	3100000	0
fp_arith_inst_retired.128b_packed_double:u	438	3100000	0
fp_arith_inst_retired.128b_packed_double:u	439	3100000	0
fp_arith_inst_retired.128b_packed_double:u	440	3100000	0
fp_arith_inst_retired.128b_packed_double:u	441	3100000	0
fp_arith_inst_retired.128b_packed_double:u	442	3100000	0
fp_arith_inst_retired.128b_packed_double:u	443	3100000	0
fp_arith_inst_retired.128b_packed_double:u	444	3100000	0
fp_arith_inst_retired.128b_packed_double:u	445	3100000	0
fp_arith_inst_retired.128b_packed_double:u	446	3100000	0
fp_arith_inst_retired.128b_packed_double:u	447	3100000	0
fp_arith_inst_retired.128b_packed_double:u	448	3100000	0
fp_arith_inst_retired.128b_packed_double:u	449	3100000	0
fp_arith_inst_retired.128b_packed_double:u	450	3100000	0
fp_arith_inst_retired.128b_packed_double:u	451	3100000	0
fp_arith_inst_retired.128b_packed_double:u	452	3100000	0
fp_arith_inst_retired.128b_packed_double:u	453	3100000	0
fp_arith_inst_retired.128b_packed_double:u	454	3100000	0
fp_arith_inst_retired.128b_packed_double:u	455	3100000	0
fp_arith_inst_retired.128b_packed_double:u	456	3100000	0
fp_arith_inst_retired.128b_packed_double:u	457	3100000	0
fp_arith_inst_retired.128b_packed_double:u	458	3100000	0
fp_arith_inst_retired.128b_packed_double:u	459	3100000	0
fp_arith_inst_retired.128b_packed_double:u	460	3100000	0
fp_arith_inst_retired.128b_packed_double:u	461	3100000	0
fp_arith_inst_retired.128b_packed_double:u	462	3100000	0
fp_arith_inst_retired.128b_packed_double:u	463	3100000	0
fp_arith_inst_retired.128b_packed_double:u	464	3100000	0
fp_arith_inst_retired.128b_packed_double:u	465	3100000	0
fp_arith_inst_retired.128b_packed_double:u	466	3100000	0
fp_arith_inst_retired.128b_packed_double:u	467	3100000	0
fp_arith_inst_retired.128b_packed_double:u	468	3100000	0
fp_arith_inst_retired.128b_packed_double:u	469	3100000	0
fp_arith_inst_retired.128b_packed_double:u	470	3100000	0
fp_arith_inst_retired.128b_packed_double:u	471	3100000	0
fp_arith_inst_retired.128b_packed_double:u	472	3100000	0
fp_arith_inst_retired.128b_packed_double:u	473	3100000	0
fp_arith_inst_retired.128b_packed_double:u	474	3100000	0
fp_arith_inst_retired.128b_packed_double:u	475	3100000	0
fp_arith_inst_retired.128b_packed_double:u	476	3100000	0
fp_arith_inst_retired.128b_packed_double:u	477	3100000	0
fp_arith_inst_retired.128b_packed_double:u	478	3100000	0
fp_arith_inst_retired.128b_packed_double:u	479	3100000	0
fp_arith_inst_retired.128b_packed_double:u	480	3100000	0
fp_arith_inst_retired.128b_packed_double:u	481	3100000	0
fp_arith_inst_retired.128b_packed_double:u	482	3100000	0
fp_arith_inst_retired.128b_packed_double:u	483	3100000	0
fp_arith_inst_retired.128b_packed_double:u	484	3100000	0
fp_arith_inst_retired.128b_packed_double:u	485	3100000	0
fp_arith_inst_retired.128b_packed_double:u	486	3100000	0
fp_arith_inst_retired.128b_packed_double:u	487	3100000	0
fp_arith_inst_retired.128b_packed_double:u	488	3100000	0
fp_arith_inst_retired.128b_packed_double:u	489	3100000	0
fp_arith_inst_retired.128b_packed_double:u	490	3100000	0
fp_arith_inst_retired.128b_packed_double:u	491	3100000	0
fp_arith_inst_retired.128b_packed_double:u	492	3100000	0
fp_arith_inst_retired.128b_packed_double:u	493	3100000	0
fp_arith_inst_retired.128b_packed_double:u	494	3100000	0
fp_arith_inst_retired.128b_packed_double:u	495	3100000	0
fp_arith_inst_retired.128b_packed_double:u	496	3100000	0
fp_arith_inst_retired.128b_packed_double:u	497	3100000	0
fp_arith_inst_retired.128b_packed_double:u	498	3100000	0
fp_arith_inst_retired.128b_packed_double:u	499	3100000	0
fp_arith_inst_retired.128b_packed_double:u	500	3100000	0
fp_arith_inst_retired.128b_packed_double:u	501	3100000	0
fp_arith_inst_retired.128b_packed_double:u	502	3100000	0
fp_arith_inst_retired.128b_packed_double:u	503	3100000	0
fp_arith_inst_retired.128b_packed_double:u	504	3100000	0
fp_arith_inst_retired.128b_packed_double:u	505	3100000	0
fp_arith_inst_retired.128b_packed_double:u	506	3100000	0
fp_arith_inst_retired.128b_packed_double:u	507	3100000	0
fp_arith_inst_retired.128b_packed_double:u	508	3100000	0
fp_arith_inst_retired.128b_packed_double:u	509	3100000	0
fp_arith_inst_retired.128b_packed_double:u	510	3100000	0
fp_arith_inst_retired.128b_packed_double:u	511	3100000	0
fp_arith_inst_retired.128b_packed_double:u	512	3100000	0
fp_arith_inst_retired.128b_packed_double:u	513	3100000	0
fp_arith_inst_retired.128b_packed_double:u	514	3100000	0
fp_arith_inst_retired.128b_packed_double:u	515	3100000	0
fp_arith_inst_retired.128b_packed_double:u	516	3100000	0
fp_arith_inst_retired.128b_packed_double:u	517	3100000	0
fp_arith_inst_retired.128b_packed_double:u	518	3100000	0
fp_arith_inst_retired.128b_packed_double:u	519	3100000	0
fp_arith_inst_retired.128b_packed_double:u	520	3100000	0
fp_arith_inst_retired.128b_packed_double:u	521	3100000	0
fp_arith_inst_retired.128b_packed_double:u	522	3100000	0
fp_arith_inst_retired.128b_packed_double:u	523	3100000	0
fp_arith_inst_retired.128b_packed_double:u	524	3100000	0
fp_arith_inst_retired.128b_packed_double:u	525	3100000	0
fp_arith_inst_retired.128b_packed_double:u	526	3100000	0
fp_arith_inst_retired.128b_packed_double:u	527	3100000	0
fp_arith_inst_retired.128b_packed_double:u	528	3100000	0
fp_arith_inst_retired.128b_packed_double:u	529	3100000	0
fp_arith_inst_retired.128b_packed_double:u	530	3100000	0
fp_arith_inst_retired.128b_packed_double:u	531	3100000	0
fp_arith_inst_retired.128b_packed_double:u	532	3100000	0
fp_arith_inst_retired.128b_packed_double:u	533	3100000	0
fp_arith_inst_retired.128b_packed_double:u	534	3100000	0
fp_arith_inst_retired.128b_packed_double:u	535	3100000	0
fp_arith_inst_retired.128b_packed_double:u	536	3100000	0
fp_arith_inst_retired.128b_packed_double:u	537	3100000	0
fp_arith_inst_retired.128b_packed_double:u	538	3100000	0
fp_arith_inst_retired.128b_packed_double:u	539	3100000	0
fp_arith_inst_retired.128b_packed_double:u	540	3100000	0
fp_arith_inst_retired.128b_packed_double:u	541	3100000	0
fp_arith_inst_retired.128b_packed_double:u	542	3100000	0
fp_arith_inst_retired.128b_packed_double:u	543	3100000	0
fp_arith_inst_retired.128b_packed_double:u	544	3100000	0
fp_arith_inst_retired.128b_packed_double:u	545	3100000	0
fp_arith_inst_retired.128b_packed_double:u	546	3100000	0
fp_arith_inst_retired.128b_packed_double:u	547	3100000	0
fp_arith_inst_retired.128b_packed_double:u	548	3100000	0
fp_arith_inst_retired.128b_packed_double:u	549	3100000	0
fp_arith_inst_retired.128b_packed_double:u	550	3100000	0
fp_arith_inst_retired.128b_packed_double:u	551	3100000	0
fp_arith_inst_retired.128b_packed_double:u	552	3100000	0
fp_arith_inst_retired.128b_packed_double:u	553	3100000	0
fp_arith_inst_retired.128b_packed_double:u	554	3100000	0
fp_arith_inst_retired.128b_packed_double:u	555	3100000	0
fp_arith_inst_retired.128b_packed_double:u	556	3100000	0
fp_arith_inst_retired.128b_packed_double:u	557	3100000	0
fp_arith_inst_retired.128b_packed_double:u	558	3100000	0
fp_arith_inst_retired.128b_packed_double:u	559	3100000	0
fp_arith_inst_retired.128b_packed_double:u	560	3100000	0
fp_arith_inst_retired.128b_packed_double:u	561	3100000	0
fp_arith_inst_retired.128b_packed_double:u	562	3100000	0
fp_arith_inst_retired.128b_packed_double:u	563	3100000	0
fp_arith_inst_retired.128b_packed_double:u	564	3100000	0
fp_arith_inst_retired.128b_packed_double:u	565	3100000	0
fp_arith_inst_retired.128b_packed_double:u	566	3100000	0
fp_arith_inst_retired.128b_packed_double:u	567	3100000	0
fp_arith_inst_retired.128b_packed_double:u	568	3100000	0
fp_arith_inst_retired.128b_packed_double:u	569	3100000	0
fp_arith_inst_retired.128b_packed_double:u	570	3100000	0
fp_arith_inst_retired.128b_packed_double:u	571	3100000	0
fp_arith_inst_retired.128b_packed_double:u	572	3100000	0
fp_arith_inst_retired.128b_packed_double:u	573	3100000	0
fp_arith_inst_retired.128b_packed_double:u	574	3100000	0
fp_arith_inst_retired.128b_packed_double:u	575	3100000	0
fp_arith_inst_retired.128b_packed_double:u	576	3100000	0
fp_arith_inst_retired.128b_packed_double:u	577	3100000	0
fp_arith_inst_retired.128b_packed_double:u	578	3100000	0
fp_arith_inst_retired.128b_packed_double:u	579	3100000	0
fp_arith_inst_retired.128b_packed_double:u	580	3100000	0
fp_arith_inst_retired.128b_packed_double:u	581	3100000	0
fp_arith_inst_retired.128b_packed_double:u	582	3100000	0
fp_arith_inst_retired.128b_packed_double:u	583	3100000	0
fp_arith_inst_retired.128b_packed_double:u	584	3100000	0
fp_arith_inst_retired.128b_packed_double:u	585	3100000	0
fp_arith_inst_retired.128b_packed_double:u	586	3100000	0
fp_arith_inst_retired.128b_packed_double:u	587	3100000	0
fp_arith_inst_retired.128b_packed_double:u	588	3100000	0
fp_arith_inst_retired.128b_packed_double:u	589	3100000	0
fp_arith_inst_retired.128b_packed_double:u	590	3100000	0
fp_arith_inst_retired.128b_packed_double:u	591	3100000	0
fp_arith_inst_retired.128b_packed_double:u	592	3100000	0
fp_arith_inst_retired.128b_packed_double:u	593	3100000	0
fp_arith_inst_retired.128b_packed_double:u	594	3100000	0
fp_arith_inst_retired.128b_packed_double:u	595	3100000	0
fp_arith_inst_retired.128b_packed_double:u	596	3100000	0
fp_arith_inst_retired.128b_packed_double:u	597	3100000	0
fp_arith_inst_retired.128b_packed_double:u	598	3100000	0
fp_arith_inst_retired.128b_packed_double:u	599	3100000	0
fp_arith_inst_retired.128b_packed_double:u	600	3100000	0
fp_arith_inst_retired.128b_packed_double:u	601	3100000	0
fp_arith_inst_retired.128b_packed_double:u	602	3100000	0
fp_arith_inst_retired.128b_packed_double:u	603	3100000	0
fp_arith_inst_retired.128b_packed_double:u	604	3100000	0
fp_arith_inst_retired.128b_packed_double:u	605	3100000	0
fp_arith_inst_retired.128b_packed_double:u	606	3100000	0
fp_arith_inst_retired.128b_packed_double:u	607	3100000	0
fp_arith_inst_retired.128b_packed_double:u	608	3100000	0
fp_arith_inst_retired.128b_packed_double:u	609	3100000	0
fp_arith_inst_retired.128b_packed_double:u	610	3100000	0
fp_arith_inst_retired.128b_packed_double:u	611	3100000	0
fp_arith_inst_retired.128b_packed_double:u	612	3100000	0
fp_arith_inst_retired.128b_packed_double:u	613	3100000	0
fp_arith_inst_retired.128b_packed_double:u	614	3100000	0
fp_arith_inst_retired.128b_packed_double:u	615	3100000	0
fp_arith_inst_retired.128b_packed_double:u	616	3100000	0
fp_arith_inst_retired.128b_packed_double:u	617	3100000	0
fp_arith_inst_retired.128b_packed_double:u	618	3100000	0
fp_arith_inst_retired.128b_packed_double:u	619	3100000	0
fp_arith_inst_retired.128b_packed_double:u	620	3100000	0
fp_arith_inst_retired.128b_packed_double:u	621	3100000	0
fp_arith_inst_retired.128b_packed_double:u	622	3100000	0
fp_arith_inst_retired.128b_packed_double:u	623	3100000	0
fp_arith_inst_retired.128b_packed_double:u	624	3100000	0
fp_arith_inst_retired.128b_packed_double:u	625	3100000	0
fp_arith_inst_retired.128b_packed_double:u	626	3100000	0
fp_arith_inst_retired.128b_packed_double:u	627	3100000	0
fp_arith_inst_retired.128b_packed_double:u	628	3100000	0
fp_arith_inst_retired.128b_packed_double:u	629	3100000	0
fp_arith_inst_retired.128b_packed_double:u	630	3100000	0
fp_arith_inst_retired.128b_packed_double:u	631	3100000	0
fp_arith_inst_retired.128b_packed_double:u	632	3100000	0
fp_arith_inst_retired.128b_packed_double:u	633	3100000	0
fp_arith_inst_retired.128b_packed_double:u	634	3100000	0
fp_arith_inst_retired.128b_packed_double:u	635	3100000	0
fp_arith_inst_retired.128b_packed_double:u	636	3100000	0
fp_arith_inst_retired.128b_packed_double:u	637	3100000	0
fp_arith_inst_retired.128b_packed_double:u	638	3100000	0
fp_arith_inst_retired.128b_packed_double:u	639	3100000	0
fp_arith_inst_retired.128b_packed_double:u	640	3100000	0
fp_arith_inst_retired.128b_packed_double:u	641	3100000	0
fp_arith_inst_retired.128b_packed_double:u	642	3100000	0
fp_arith_inst_retired.128b_packed_double:u	643	3100000	0
fp_arith_inst_retired.128b_packed_double:u	644	3100000	0
fp_arith_inst_retired.128b_packed_double:u	645	3100000	0
fp_arith_inst_retired.128b_packed_double:u	646	3100000	0
fp_arith_inst_retired.128b_packed_double:u	647	3100000	0
fp_arith_inst_retired.128b_packed_double:u	648	3100000	0
fp_arith_inst_retired.128b_packed_double:u	649	3100000	0
fp_arith_inst_retired.128b_packed_double:u	650	3100000	0
fp_arith_inst_retired.128b_packed_double:u	651	3100000	0
fp_arith_inst_retired.128b_packed_double:u	652	3100000	0
fp_arith_inst_retired.128b_packed_double:u	653	3100000	0
fp_arith_inst_retired.128b_packed_double:u	654	3100000	0
fp_arith_inst_retired.128b_packed_double:u	655	3100000	0
fp_arith_inst_retired.128b_packed_double:u	656	3100000	0
fp_arith_inst_retired.128b_packed_double:u	657	3100000	0
fp_arith_inst_retired.128b_packed_double:u	658	3100000	0
fp_arith_inst_retired.128b_packed_double:u	659	3100000	0
fp_arith_inst_retired.128b_packed_double:u	660	3100000	0
fp_arith_inst_retired.128b_packed_double:u	661	3100000	0
fp_arith_inst_retired.128b_packed_double:u	662	3100000	0
fp_arith_inst_retired.128b_packed_double:u	663	3100000	0
fp_arith_inst_retired.128b_packed_double:u	664	3100000	0
fp_arith_inst_retired.128b_packed_double:u	665	3100000	0
fp_arith_inst_retired.128b_packed_double:u	666	3100000	0
fp_arith_inst_retired.128b_packed_double:u	667	3100000	0
fp_arith_inst_retired.128b_packed_double:u	668	3100000	0
fp_arith_inst_retired.128b_packed_double:u	669	3100000	0
fp_arith_inst_retired.128b_packed_double:u	670	3100000	0
fp_arith_inst_retired.128b_packed_double:u	671	3100000	0
fp_arith_inst_retired.128b_packed_double:u	672	3100000	0
fp_arith_inst_retired.128b_packed_double:u	673	3100000	0
fp_arith_inst_retired.128b_packed_double:u	674	3100000	0
fp_arith_inst_retired.128b_packed_double:u	675	3100000	0
fp_arith_inst_retired.128b_packed_double:u	676	3100000	0
fp_arith_inst_retired.128b_packed_double:u	677	3100000	0
fp_arith_inst_retired.128b_packed_double:u	678	3100000	0
fp_arith_inst_retired.128b_packed_double:u	679	3100000	0
fp_arith_inst_retired.128b_packed_double:u	680	3100000	0
fp_arith_inst_retired.128b_packed_double:u	681	3100000	0
fp_arith_inst_retired.128b_packed_double:u	682	3100000	0
fp_arith_inst_retired.128b_packed_double:u	683	3100000	0
fp_arith_inst_retired.128b_packed_double:u	684	3100000	0
fp_arith_inst_retired.128b_packed_double:u	685	3100000	0
fp_arith_inst_retired.128b_packed_double:u	686	3100000	0
fp_arith_inst_retired.128b_packed_double:u	687	3100000	0
fp_arith_inst_retired.128b_packed_double:u	688	3100000	0
fp_arith_inst_retired.128b_packed_double:u	689	3100000	0
fp_arith_inst_retired.128b_packed_double:u	690	3100000	0
fp_arith_inst_retired.128b_packed_double:u	691	3100000	0
fp_arith_inst_retired.128b_packed_double:u	692	3100000	0
fp_arith_inst_retired.128b_packed_double:u	693	3100000	0
fp_arith_inst_retired.128b_packed_double:u	694	3100000	0
fp_arith_inst_retired.128b_packed_double:u	695	3100000	0
fp_arith_inst_retired.128b_packed_double:u	696	3100000	0
fp_arith_inst_retired.128b_packed_double:u	697	3100000	0
fp_arith_inst_retired.128b_packed_double:u	698	3100000	0
fp_arith_inst_retired.128b_packed_double:u	699	3100000	0
fp_arith_inst_retired.128b_packed_double:u	700	3100000	0
fp_arith_inst_retired.128b_packed_double:u	701	3100000	0
fp_arith_inst_retired.128b_packed_double:u	702	3100000	0
fp_arith_inst_retired.128b_packed_double:u	703	3100000	0
fp_arith_inst_retired.128b_packed_double:u	704	3100000	0
fp_arith_inst_retired.128b_packed_double:u	705	3100000	0
fp_arith_inst_retired.128b_packed_double:u	706	3100000	0
fp_arith_inst_retired.128b_packed_double:u	707	3100000	0
fp_arith_inst_retired.128b_packed_double:u	708	3100000	0
fp_arith_inst_retired.128b_packed_double:u	709	3100000	0
fp_arith_inst_retired.128b_packed_double:u	710	3100000	0
fp_arith_inst_retired.128b_packed_double:u	711	3100000	0
fp_arith_inst_retired.128b_packed_double:u	712	3100000	0
fp_arith_inst_retired.128b_packed_double:u	713	3100000	0
fp_arith_inst_retired.128b_packed_double:u	714	3100000	0
fp_arith_inst_retired.128b_packed_double:u	715	3100000	0
fp_arith_inst_retired.128b_packed_double:u	716	3100000	0
fp_arith_inst_retired.128b_packed_double:u	717	3100000	0
fp_arith_inst_retired.128b_packed_double:u	718	3100000	0
fp_arith_inst_retired.128b_packed_double:u	719	3100000	0
fp_arith_inst_retired.128b_packed_double:u	720	3100000	0
fp_arith_inst_retired.128b_packed_double:u	721	3100000	0
fp_arith_inst_retired.128b_packed_double:u	722	3100000	0
fp_arith_inst_retired.128b_packed_double:u	723	3100000	0
fp_arith_inst_retired.128b_packed_double:u	724	3100000	0
fp_arith_inst_retired.128b_packed_double:u	725	3100000	0
fp_arith_inst_retired.128b_packed_double:u	726	3100000	0
fp_arith_inst_retired.128b_packed_double:u	727	3100000	0
fp_arith_inst_retired.128b_packed_double:u	728	3100000	0
fp_arith_inst_retired.128b_packed_double:u	729	3100000	0
fp_arith_inst_retired.128b_packed_double:u	730	3100000	0
fp_arith_inst_retired.128b_packed_double:u	731	3100000	0
fp_arith_inst_retired.128b_packed_double:u	732	3100000	0
fp_arith_inst_retired.128b_packed_double:u	733	3100000	0
fp_arith_inst_retired.128b_packed_double:u	734	3100000	0
fp_arith_inst_retired.128b_packed_double:u	735	3100000	0
fp_arith_inst_retired.128b_packed_double:u	736	3100000	0
fp_arith_inst_retired.128b_packed_double:u	737	3100000	0
fp_arith_inst_retired.128b_packed_double:u	738	3100000	0
fp_arith_inst_retired.128b_packed_double:u	739	3100000	0
fp_arith_inst_retired.128b_packed_double:u	740	3100000	0
fp_arith_inst_retired.128b_packed_double:u	741	3100000	0
fp_arith_inst_retired.128b_packed_double:u	742	3100000	0
fp_arith_inst_retired.128b_packed_double:u	743	3100000	0
fp_arith_inst_retired.128b_packed_double:u	744	3100000	0
fp_arith_inst_retired.128b_packed_double:u	745	3100000	0
fp_arith_inst_retired.128b_packed_double:u	746	3100000	0
fp_arith_inst_retired.128b_packed_double:u	747	3100000	0
fp_arith_inst_retired.128b_packed_double:u	748	3100000	0
fp_arith_inst_retired.128b_packed_double:u	749	3100000	0
fp_arith_inst_retired.128b_packed_double:u	750	3100000	0
fp_arith_inst_retired.128b_packed_double:u	751	3100000	0
fp_arith_inst_retired.128b_packed_double:u	752	3100000	0
fp_arith_inst_retired.128b_packed_double:u	753	3100000	0
fp_arith_inst_retired.128b_packed_double:u	754	3100000	0
fp_arith_inst_retired.128b_packed_double:u	755	3100000	0
fp_arith_inst_retired.128b_packed_double:u	756	3100000	0
fp_arith_inst_retired.128b_packed_double:u	757	3100000	0
fp_arith_inst_retired.128b_packed_double:u	758	3100000	0
fp_arith_inst_retired.128b_packed_double:u	759	3100000	0
fp_arith_inst_retired.128b_packed_double:u	760	3100000	0
fp_arith_inst_retired.128b_packed_double:u	761	3100000	0
fp_arith_inst_retired.128b_packed_double:u	762	3100000	0
fp_arith_inst_retired.128b_packed_double:u	763	3100000	0
fp_arith_inst_retired.128b_packed_double:u	764	3100000	0
fp_arith_inst_retired.128b_packed_double:u	765	3100000	0
fp_arith_inst_retired.128b_packed_double:u	766	3100000	0
fp_arith_inst_retired.128b_packed_double:u	767	3100000	0
fp_arith_inst_retired.128b_packed_double:u	768	3100000	0
fp_arith_inst_retired.128b_packed_double:u	769	3100000	0
fp_arith_inst_retired.128b_packed_double:u	770	3100000	0
fp_arith_inst_retired.128b_packed_double:u	771	3100000	0
fp_arith_inst_retired.128b_packed_double:u	772	3100000	0
fp_arith_inst_retired.128b_packed_double:u	773	3100000	0
fp_arith_inst_retired.128b_packed_double:u	774	3100000	0
fp_arith_inst_retired.128b_packed_double:u	775	3100000	0
fp_arith_inst_retired.128b_packed_double:u	776	3100000	0
fp_arith_inst_retired.128b_packed_double:u	777	3100000	0
fp_arith_inst_retired.128b_packed_double:u	778	3100000	0
fp_arith_inst_retired.128b_packed_double:u	779	3100000	0
fp_arith_inst_retired.128b_packed_double:u	780	3100000	0
fp_arith_inst_retired.128b_packed_double:u	781	3100000	0
fp_arith_inst_retired.128b_packed_double:u	782	3100000	0
fp_arith_inst_retired.128b_packed_double:u	783	3100000	0
fp_arith_inst_retired.128b_packed_double:u	784	3100000	0
fp_arith_inst_retired.128b_packed_double:u	785	3100000	0
fp_arith_inst_retired.128b_packed_double:u	786	3100000	0
fp_arith_inst_retired.128b_packed_double:u	787	3100000	0
fp_arith_inst_retired.128b_packed_double:u	788	3100000	0
fp_arith_inst_retired.128b_packed_double:u	789	3100000	0
fp_arith_inst_retired.128b_packed_double:u	790	3100000	0
fp_arith_inst_retired.128b_packed_double:u	791	3100000	0
fp_arith_inst_retired.128b_packed_double:u	792	3100000	0
fp_arith_inst_retired.128b_packed_double:u	793	3100000	0
fp_arith_inst_retired.128b_packed_double:u	794	3100000	0
fp_arith_inst_retired.128b_packed_double:u	795	3100000	0
fp_arith_inst_retired.128b_packed_double:u	796	3100000	0
fp_arith_inst_retired.128b_packed_double:u	797	3100000	0
fp_arith_inst_retired.128b_packed_double:u	798	3100000	0
fp_arith_inst_retired.128b_packed_double:u	799	3100000	0
fp_arith_inst_retired.128b_packed_double:u	800	3100000	0
fp_arith_inst_retired.128b_packed_double:u	801	3100000	0
fp_arith_inst_retired.128b_packed_double:u	802	3100000	0
fp_arith_inst_retired.128b_packed_double:u	803	3100000	0
fp_arith_inst_retired.128b_packed_double:u	804	3100000	0
fp_arith_inst_retired.128b_packed_double:u	805	3100000	0
fp_arith_inst_retired.128b_packed_double:u	806	3100000	0
fp_arith_inst_retired.128b_packed_double:u	807	3100000	0
fp_arith_inst_retired.128b_packed_double:u	808	3100000	0
fp_arith_inst_retired.128b_packed_double:u	809	3100000	0
fp_arith_inst_retired.128b_packed_double:u	810	3100000	0
fp_arith_inst_retired.128b_packed_double:u	811	3100000	0
fp_arith_inst_retired.128b_packed_double:u	812	3100000	0
fp_arith_inst_retired.128b_packed_double:u	813	3100000	0
fp_arith_inst_retired.128b_packed_double:u	814	3100000	0
fp_arith_inst_retired.128b_packed_double:u	815	3100000	0
fp_arith_inst_retired.128b_packed_double:u	816	3100000	0
fp_arith_inst_retired.128b_packed_double:u	817	3100000	0
fp_arith_inst_retired.128b_packed_double:u	818	3100000	0
fp_arith_inst_retired.128b_packed_double:u	819	3100000	0
fp_arith_inst_retired.128b_packed_double:u	820	3100000	0
fp_arith_inst_retired.128b_packed_double:u	821	3100000	0
fp_arith_inst_retired.128b_packed_double:u	822	3100000	0
fp_arith_inst_retired.128b_packed_double:u	823	3100000	0
fp_arith_inst_retired.128b_packed_double:u	824	3100000	0
fp_arith_inst_retired.128b_packed_double:u	825	3100000	0
fp_arith_inst_retired.128b_packed_double:u	826	3100000	0
fp_arith_inst_retired.128b_packed_double:u	827	3100000	0
fp_arith_inst_retired.128b_packed_double:u	828	3100000	0
fp_arith_inst_retired.128b_packed_double:u	829	3100000	0
fp_arith_inst_retired.128b_packed_double:u	830	3100000	0
fp_arith_inst_retired.128b_packed_double:u	831	3100000	0
fp_arith_inst_retired.128b_packed_double:u	832	3100000	0
fp_arith_inst_retired.128b_packed_double:u	833	3100000	0
fp_arith_inst_retired.128b_packed_double:u	834	3100000	0
fp_arith_inst_retired.128b_packed_double:u	835	3100000	0
fp_arith_inst_retired.128b_packed_double:u	836	3100000	0
fp_arith_inst_retired.128b_packed_double:u	837	3100000	0
fp_arith_inst_retired.128b_packed_double:u	838	3100000	0
fp_arith_inst_retired.128b_packed_double:u	839	3100000	0
fp_arith_inst_retired.128b_packed_double:u	840	3100000	0
fp_arith_inst_retired.128b_packed_double:u	841	3100000	0
fp_arith_inst_retired.128b_packed_double:u	842	3100000	0
fp_arith_inst_retired.128b_packed_double:u	843	3100000	0
fp_arith_inst_retired.128b_packed_double:u	844	3100000	0
fp_arith_inst_retired.128b_packed_double:u	845	3100000	0
fp_arith_inst_retired.128b_packed_double:u	846	3100000	0
fp_arith_inst_retired.128b_packed_double:u	847	3100000	0
fp_arith_inst_retired.128b_packed_double:u	848	3100000	0
fp_arith_inst_retired.128b_packed_double:u	849	3100000	0
fp_arith_inst_retired.128b_packed_double:u	850	3100000	0
fp_arith_inst_retired.128b_packed_double:u	851	3100000	0
fp_arith_inst_retired.128b_packed_double:u	852	3100000	0
fp_arith_inst_retired.128b_packed_double:u	853	3100000	0
fp_arith_inst_retired.128b_packed_double:u	854	3100000	0
fp_arith_inst_retired.128b_packed_double:u	855	3100000	0
fp_arith_inst_retired.128b_packed_double:u	856	3100000	0
fp_arith_inst_retired.128b_packed_double:u	857	3100000	0
fp_arith_inst_retired.128b_packed_double:u	858	3100000	0
fp_arith_inst_retired.128b_packed_double:u	859	3100000	0
fp_arith_inst_retired.128b_packed_double:u	860	3100000	0
fp_arith_inst_retired.128b_packed_double:u	861	3100000	0
fp_arith_inst_retired.128b_packed_double:u	862	3100000	0
fp_arith_inst_retired.128b_packed_double:u	863	3100000	0
fp_arith_inst_retired.128b_packed_double:u	864	3100000	0
fp_arith_inst_retired.128b_packed_double:u	865	3100000	0
fp_arith_inst_retired.128b_packed_double:u	866	3100000	0
fp_arith_inst_retired.128b_packed_double:u	867	3100000	0
fp_arith_inst_retired.128b_packed_double:u	868	3100000	0
fp_arith_inst_retired.128b_packed_double:u	869	3100000	0
fp_arith_inst_retired.128b_packed_double:u	870	3100000	0
fp_arith_inst_retired.128b_packed_double:u	871	3100000	0
fp_arith_inst_retired.128b_packed_double:u	872	3100000	0
fp_arith_inst_retired.128b_packed_double:u	873	3100000	0
fp_arith_inst_retired.128b_packed_double:u	874	3100000	0
fp_arith_inst_retired.128b_packed_double:u	875	3100000	0
fp_arith_inst_retired.128b_packed_double:u	876	3100000	0
fp_arith_inst_retired.128b_packed_double:u	877	3100000	0
fp_arith_inst_retired.128b_packed_double:u	878	3100000	0
fp_arith_inst_retired.128b_packed_double:u	879	3100000	0
fp_arith_inst_retired.128b_packed_double:u	880	3100000	0
fp_arith_inst_retired.128b_packed_double:u	881	3100000	0
fp_arith_inst_retired.128b_packed_double:u	882	3100000	0
fp_arith_inst_retired.128b_packed_double:u	883	3100000	0
fp_arith_inst_retired.128b_packed_double:u	884	3100000	0
fp_arith_inst_retired.128b_packed_double:u	885	3100000	0
fp_arith_inst_retired.128b_packed_double:u	886	3100000	0
fp_arith_inst_retired.128b_packed_double:u	887	3100000	0
fp_arith_inst_retired.128b_packed_double:u	888	3100000	0
fp_arith_inst_retired.128b_packed_double:u	889	3100000	0
fp_arith_inst_retired.128b_packed_double:u	890	3100000	0
fp_arith_inst_retired.128b_packed_double:u	891	3100000	0
fp_arith_inst_retired.128b_packed_double:u	892	3100000	0
fp_arith_inst_retired.128b_packed_double:u	893	3100000	0
fp_arith_inst_retired.128b_packed_double:u	894	3100000	0
fp_arith_inst_retired.128b_packed_double:u	895	3100000	0
fp_arith_inst_retired.128b_packed_double:u	896	3100000	0
fp_arith_inst_retired.128b_packed_double:u	897	3100000	0
fp_arith_inst_retired.128b_packed_double:u	898	3100000	0
fp_arith_inst_retired.128b_packed_double:u	899	3100000	0
fp_arith_inst_retired.128b_packed_double:u	900	3100000	0
fp_arith_inst_retired.128b_packed_double:u	901	3100000	0
fp_arith_inst_retired.128b_packed_double:u	902	3100000	0
fp_arith_inst_retired.128b_packed_double:u	903	3100000	0
fp_arith_inst_retired.128b_packed_double:u	904	3100000	0
fp_arith_inst_retired.128b_packed_double:u	905	3100000	0
fp_arith_inst_retired.128b_packed_double:u	906	3100000	0
fp_arith_inst_retired.128b_packed_double:u	907	3100000	0
fp_arith_inst_retired.128b_packed_double:u	908	3100000	0
fp_arith_inst_retired.128b_packed_double:u	909	3100000	0
fp_arith_inst_retired.128b_packed_double:u	910	3100000	0
fp_arith_inst_retired.128b_packed_double:u	911	3100000	0
fp_arith_inst_retired.128b_packed_double:u	912	3100000	0
fp_arith_inst_retired.128b_packed_double:u	913	3100000	0
fp_arith_inst_retired.128b_packed_double:u	914	3100000	0
fp_arith_inst_retired.128b_packed_double:u	915	3100000	0
fp_arith_inst_retired.128b_packed_double:u	916	3100000	0
fp_arith_inst_retired.128b_packed_double:u	917	3100000	0
fp_arith_inst_retired.128b_packed_double:u	918	3100000	0
fp_arith_inst_retired.128b_packed_double:u	919	3100000	0
fp_arith_inst_retired.128b_packed_double:u	920	3100000	0
fp_arith_inst_retired.128b_packed_double:u	921	3100000	0
fp_arith_inst_retired.128b_packed_double:u	922	3100000	0
fp_arith_inst_retired.128b_packed_double:u	923	3100000	0
fp_arith_inst_retired.128b_packed_double:u	924	3100000	0
fp_arith_inst_retired.128b_packed_double:u	925	3100000	0
fp_arith_inst_retired.128b_packed_double:u	926	3100000	0
fp_arith_inst_retired.128b_packed_double:u	927	3100000	0
fp_arith_inst_retired.128b_packed_double:u	928	3100000	0
fp_arith_inst_retired.128b_packed_double:u	929	3100000	0
fp_arith_inst_retired.128b_packed_double:u	930	3100000	0
fp_arith_inst_retired.128b_packed_double:u	931	3100000	0
fp_arith_inst_retired.128b_packed_double:u	932	3100000	0
fp_arith_inst_retired.128b_packed_double:u	933	3100000	0
fp_arith_inst_retired.128b_packed_double:u	934	3100000	0
fp_arith_inst_retired.128b_packed_double:u	935	3100000	0
fp_arith_inst_retired.128b_packed_double:u	936	3100000	0
fp_arith_inst_retired.128b_packed_double:u	937	3100000	0
fp_arith_inst_retired.128b_packed_double:u	938	3100000	0
fp_arith_inst_retired.128b_packed_double:u	939	3100000	0
fp_arith_inst_retired.128b_packed_double:u	940	3100000	0
fp_arith_inst_retired.128b_packed_double:u	941	3100000	0
fp_arith_inst_retired.128b_packed_double:u	942	3100000	0
fp_arith_inst_retired.128b_packed_double:u	943	3100000	0
fp_arith_inst_retired.128b_packed_double:u	944	3100000	0
fp_arith_inst_retired.128b_packed_double:u	945	3100000	0
fp_arith_inst_retired.128b_packed_double:u	946	3100000	0
fp_arith_inst_retired.128b_packed_double:u	947	3100000	0
fp_arith_inst_retired.128b_packed_double:u	948	3100000	0
fp_arith_inst_retired.128b_packed_double:u	949	3100000	0
fp_arith_inst_retired.128b_packed_double:u	950	3100000	0
fp_arith_inst_retired.128b_packed_double:u	951	3100000	0
fp_arith_inst_retired.128b_packed_double:u	952	3100000	0
fp_arith_inst_retired.128b_packed_double:u	953	3100000	0
fp_arith_inst_retired.128b_packed_double:u	954	3100000	0
fp_arith_inst_retired.128b_packed_double:u	955	3100000	0
fp_arith_inst_retired.128b_packed_double:u	956	3100000	0
fp_arith_inst_retired.128b_packed_double:u	957	3100000	0
fp_arith_inst_retired.128b_packed_double:u	958	3100000	0
fp_arith_inst_retired.128b_packed_double:u	959	3100000	0
fp_arith_inst_retired.128b_packed_double:u	960	3100000	0
fp_arith_inst_retired.128b_packed_double:u	961	3100000	0
fp_arith_inst_retired.128b_packed_double:u	962	3100000	0
fp_arith_inst_retired.128b_packed_double:u	963	3100000	0
fp_arith_inst_retired.128b_packed_double:u	964	3100000	0
fp_arith_inst_retired.128b_packed_double:u	965	3100000	0
fp_arith_inst_retired.128b_packed_double:u	966	3100000	0
fp_arith_inst_retired.128b_packed_double:u	967	3100000	0
fp_arith_inst_retired.128b_packed_double:u	968	3100000	0
fp_arith_inst_retired.128b_packed_double:u	969	3100000	0
fp_arith_inst_retired.128b_packed_double:u	970	3100000	0
fp_arith_inst_retired.128b_packed_double:u	971	3100000	0
fp_arith_inst_retired.128b_packed_double:u	972	3100000	0
fp_arith_inst_retired.128b_packed_double:u	973	3100000	0
fp_arith_inst_retired.128b_packed_double:u	974	3100000	0
fp_arith_inst_retired.128b_packed_double:u	975	3100000	0
fp_arith_inst_retired.128b_packed_double:u	976	3100000	0
fp_arith_inst_retired.128b_packed_double:u	977	3100000	0
fp_arith_inst_retired.128b_packed_double:u	978	3100000	0
fp_arith_inst_retired.128b_packed_double:u	979	3100000	0
fp_arith_inst_retired.128b_packed_double:u	980	3100000	0
fp_arith_inst_retired.128b_packed_double:u	981	3100000	0
fp_arith_inst_retired.128b_packed_double:u	982	3100000	0
fp_arith_inst_retired.128b_packed_double:u	983	3100000	0
fp_arith_inst_retired.128b_packed_double:u	984	3100000	0
fp_arith_inst_retired.128b_packed_double:u	985	3100000	0
fp_arith_inst_retired.128b_packed_double:u	986	3100000	0
fp_arith_inst_retired.128b_packed_double:u	987	3100000	0
fp_arith_inst_retired.128b_packed_double:u	988	3100000	0
fp_arith_inst_retired.128b_packed_double:u	989	3100000	0
fp_arith_inst_retired.128b_packed_double:u	990	3100000	0
fp_arith_inst_retired.128b_packed_double:u	991	3100000	0
fp_arith_inst_retired.128b_packed_double:u	992	3100000	0
fp_arith_inst_retired.128b_packed_double:u	993	3100000	0
fp_arith_inst_retired.128b_packed_double:u	994	3100000	0
fp_arith_inst_retired.128b_packed_double:u	995	3100000	0
fp_arith_inst_retired.128b_packed_double:u	996	3100000	0
fp_arith_inst_retired.128b_packed_double:u	997	3100000	0
fp_arith_inst_retired.128b_packed_double:u	998	3100000	0
fp_arith_inst_retired.128b_packed_double:u	999	3100000	0
fp_arith_inst_retired.128b_packed_double:u	1000	3100000	0
icache_64b.iftag_miss:u	1	16679	0
icache_64b.iftag_miss:u	2	16857	0
idq_uops_not_delivered.cycles_0_uops_deliv.core:u	1	1336649381	0
idq_uops_not_delivered.cycles_0_uops_deliv.core:u	2	1334796823	0
rtm_retired.aborted_memtype:u	1	0	0
rtm_retired.aborted_memtype:u	2	0	0
rtm_retired.aborted_memtype:u	3	0	0
rtm_retired.aborted_memtype:u	4	0	0
rtm_retired.aborted_memtype:u	5	0	0
rtm_retired.aborted_memtype:u	6	0	0
rtm_retired.aborted_memtype:u	7	0	0
rtm_retired.aborted_memtype:u	8	0	0
rtm_retired.aborted_memtype:u	9	0	0
rtm_retired.aborted_memtype:u	10	0	0
rtm_retired.aborted_memtype:u	11	0	0
rtm_retired.aborted_memtype:u	12	0	0
rtm_retired.aborted_memtype:u	13	0	0
rtm_retired.aborted_memtype:u	14	0	0
rtm_retired.aborted_memtype:u	15	0	0
rtm_retired.aborted_memtype:u	16	0	0
rtm_retired.aborted_memtype:u	17	0	0
rtm_retired.aborted_memtype:u	18	0	0
rtm_retired.aborted_memtype:u	19	0	0
rtm_retired.aborted_memtype:u	20	0	0
rtm_retired.aborted_memtype:u	21	0	0
rtm_retired.aborted_memtype:u	22	0	0
rtm_retired.aborted_memtype:u	23	0	0
rtm_retired.aborted_memtype:u	24	0	0
rtm_retired.aborted_memtype:u	25	0	0
rtm_retired.aborted_memtype:u	26	0	0
rtm_retired.aborted_memtype:u	27	0	0
rtm_retired.aborted_memtype:u	28	0	0
rtm_retired.aborted_memtype:u	29	0	0
rtm_retired.aborted_memtype:u	30	0	0
rtm_retired.aborted_memtype:u	31	0	0
rtm_retired.aborted_memtype:u	32	0	0
rtm_retired.aborted_memtype:u	33	0	0
rtm_retired.aborted_memtype:u	34	0	0
rtm_retired.aborted_memtype:u	35	0	0
rtm_retired.aborted_memtype:u	36	0	0
rtm_retired.aborted_memtype:u	37	0	0
rtm_retired.aborted_memtype:u	38	0	0
rtm_retired.aborted_memtype:u	39	0	0
rtm_retired.aborted_memtype:u	40	0	0
rtm_retired.aborted_memtype:u	41	0	0
rtm_retired.aborted_memtype:u	42	0	0
rtm_retired.aborted_memtype:u	43	0	0
rtm_retired.aborted_memtype:u	44	0	0
rtm_retired.aborted_memtype:u	45	0	0
rtm_retired.aborted_memtype:u	46	0	0
rtm_retired.aborted_memtype:u	47	0	0
rtm_retired.aborted_memtype:u	48	0	0
rtm_retired.aborted_memtype:u	49	0	0
rtm_retired.aborted_memtype:u	50	0	0
rtm_retired.aborted_memtype:u	51	0	0
rtm_retired.aborted_memtype:u	52	0	0
rtm_retired.aborted_memtype:u	53	0	0
rtm_retired.aborted_memtype:u	54	0	0
rtm_retired.aborted_memtype:u	55	0	0
rtm_retired.aborted_memtype:u	56	0	0
rtm_retired.aborted_memtype:u	57	0	0
rtm_retired.aborted_memtype:u	58	0	0
rtm_retired.aborted_memtype:u	59	0	0
rtm_retired.aborted_memtype:u	60	0	0
rtm_retired.aborted_memtype:u	61	0	0
rtm_retired.aborted_memtype:u	62	0	0
rtm_retired.aborted_memtype:u	63	0	0
rtm_retired.aborted_memtype:u	64	0	0
rtm_retired.aborted_memtype:u	65	0	0
rtm_retired.aborted_memtype:u	66	0	0
rtm_retired.aborted_memtype:u	67	0	0
rtm_retired.aborted_memtype:u	68	0	0
rtm_retired.aborted_memtype:u	69	0	0
rtm_retired.aborted_memtype:u	70	0	0
rtm_retired.aborted_memtype:u	71	0	0
rtm_retired.aborted_memtype:u	72	0	0
rtm_retired.aborted_memtype:u	73	0	0
rtm_retired.aborted_memtype:u	74	0	0
rtm_retired.aborted_memtype:u	75	0	0
rtm_retired.aborted_memtype:u	76	0	0
rtm_retired.aborted_memtype:u	77	0	0
rtm_retired.aborted_memtype:u	78	0	0
rtm_retired.aborted_memtype:u	79	0	0
rtm_retired.aborted_memtype:u	80	0	0
rtm_retired.aborted_memtype:u	81	0	0
rtm_retired.aborted_memtype:u	82	0	0
rtm_retired.aborted_memtype:u	83	0	0
rtm_retired.aborted_memtype:u	84	0	0
rtm_retired.aborted_memtype:u	85	0	0
rtm_retired.aborted_memtype:u	86	0	0
rtm_retired.aborted_memtype:u	87	0	0
rtm_retired.aborted_memtype:u	88	0	0
rtm_retired.aborted_memtype:u	89	0	0
rtm_retired.aborted_memtype:u	90	0	0
rtm_retired.aborted_memtype:u	91	0	0
rtm_retired.aborted_memtype:u	92	0	0
rtm_retired.aborted_memtype:u	93	0	0
rtm_retired.aborted_memtype:u	94	0	0
rtm_retired.aborted_memtype:u	95	0	0
rtm_retired.aborted_memtype:u	96	0	0
rtm_retired.aborted_memtype:u	97	0	0
rtm_retired.aborted_memtype:u	98	0	0
rtm_retired.aborted_memtype:u	99	0	0
rtm_retired.aborted_memtype:u	100	0	0
rtm_retired.aborted_memtype:u	101	0	0
rtm_retired.aborted_memtype:u	102	0	0
rtm_retired.aborted_memtype:u	103	0	0
rtm_retired.aborted_memtype:u	104	0	0
rtm_retired.aborted_memtype:u	105	0	0
rtm_retired.aborted_memtype:u	106	0	0
rtm_retired.aborted_memtype:u	107	0	0
rtm_retired.aborted_memtype:u	108	0	0
rtm_retired.aborted_memtype:u	109	0	0
rtm_retired.aborted_memtype:u	110	0	0
rtm_retired.aborted_memtype:u	111	0	0
rtm_retired.aborted_memtype:u	112	0	0
rtm_retired.aborted_memtype:u	113	0	0
rtm_retired.aborted_memtype:u	114	0	0
rtm_retired.aborted_memtype:u	115	0	0
rtm_retired.aborted_memtype:u	116	0	0
rtm_retired.aborted_memtype:u	117	0	0
rtm_retired.aborted_memtype:u	118	0	0
rtm_retired.aborted_memtype:u	119	0	0
rtm_retired.aborted_memtype:u	120	0	0
rtm_retired.aborted_memtype:u	121	0	0
rtm_retired.aborted_memtype:u	122	0	0
rtm_retired.aborted_memtype:u	123	0	0
rtm_retired.aborted_memtype:u	124	0	0
rtm_retired.aborted_memtype:u	125	0	0
rtm_retired.aborted_memtype:u	126	0	0
rtm_retired.aborted_memtype:u	127	0	0
rtm_retired.aborted_memtype:u	128	0	0
rtm_retired.aborted_memtype:u	129	0	0
rtm_retired.aborted_memtype:u	130	0	0
rtm_retired.aborted_memtype:u	131	0	0
rtm_retired.aborted_memtype:u	132	0	0
rtm_retired.aborted_memtype:u	133	0	0
rtm_retired.aborted_memtype:u	134	0	0
rtm_retired.aborted_memtype:u	135	0	0
rtm_retired.aborted_memtype:u	136	0	0
rtm_retired.aborted_memtype:u	137	0	0
rtm_retired.aborted_memtype:u	138	0	0
rtm_retired.aborted_memtype:u	139	0	0
rtm_retired.aborted_memtype:u	140	0	0
rtm_retired.aborted_memtype:u	141	0	0
rtm_retired.aborted_memtype:u	142	0	0
rtm_retired.aborted_memtype:u	143	0	0
rtm_retired.aborted_memtype:u	144	0	0
rtm_retired.aborted_memtype:u	145	0	0
rtm_retired.aborted_memtype:u	146	0	0
rtm_retired.aborted_memtype:u	147	0	0
rtm_retired.aborted_memtype:u	148	0	0
rtm_retired.aborted_memtype:u	149	0	0
rtm_retired.aborted_memtype:u	150	0	0
rtm_retired.aborted_memtype:u	151	0	0
rtm_retired.aborted_memtype:u	152	0	0
rtm_retired.aborted_memtype:u	153	0	0
rtm_retired.aborted_memtype:u	154	0	0
rtm_retired.aborted_memtype:u	155	0	0
rtm_retired.aborted_memtype:u	156	0	0
rtm_retired.aborted_memtype:u	157	0	0
rtm_retired.aborted_memtype:u	158	0	0
rtm_retired.aborted_memtype:u	159	0	0
rtm_retired.aborted_memtype:u	160	0	0
rtm_retired.aborted_memtype:u	161	0	0
rtm_retired.aborted_memtype:u	162	0	0
rtm_retired.aborted_memtype:u	163	0	0
rtm_retired.aborted_memtype:u	164	0	0
rtm_retired.aborted_memtype:u	165	0	0
rtm_retired.aborted_memtype:u	166	0	0
rtm_retired.aborted_memtype:u	167	0	0
rtm_retired.aborted_memtype:u	168	0	0
rtm_retired.aborted_memtype:u	169	0	0
rtm_retired.aborted_memtype:u	170	0	0
rtm_retired.aborted_memtype:u	171	0	0
rtm_retired.aborted_memtype:u	172	0	0
rtm_retired.aborted_memtype:u	173	0	0
rtm_retired.aborted_memtype:u	174	0	0
rtm_retired.aborted_memtype:u	175	0	0
rtm_retired.aborted_memtype:u	176	0	0
rtm_retired.aborted_memtype:u	177	0	0
rtm_retired.aborted_memtype:u	178	0	0
rtm_retired.aborted_memtype:u	179	0	0
rtm_retired.aborted_memtype:u	180	0	0
rtm_retired.aborted_memtype:u	181	0	0
rtm_retired.aborted_memtype:u	182	0	0
rtm_retired.aborted_memtype:u	183	0	0
rtm_retired.aborted_memtype:u	184	0	0
rtm_retired.aborted_memtype:u	185	0	0
rtm_retired.aborted_memtype:u	186	0	0
rtm_retired.aborted_memtype:u	187	0	0
rtm_retired.aborted_memtype:u	188	0	0
rtm_retired.aborted_memtype:u	189	0	0
rtm_retired.aborted_memtype:u	190	0	0
rtm_retired.aborted_memtype:u	191	0	0
rtm_retired.aborted_memtype:u	192	0	0
rtm_retired.aborted_memtype:u	193	0	0
rtm_retired.aborted_memtype:u	194	0	0
rtm_retired.aborted_memtype:u	195	0	0
rtm_retired.aborted_memtype:u	196	0	0
rtm_retired.aborted_memtype:u	197	0	0
rtm_retired.aborted_memtype:u	198	0	0
rtm_retired.aborted_memtype:u	199	0	0
rtm_retired.aborted_memtype:u	200	0	0
rtm_retired.aborted_memtype:u	201	0	0
rtm_retired.aborted_memtype:u	202	0	0
rtm_retired.aborted_memtype:u	203	0	0
rtm_retired.aborted_memtype:u	204	0	0
rtm_retired.aborted_memtype:u	205	0	0
rtm_retired.aborted_memtype:u	206	0	0
rtm_retired.aborted_memtype:u	207	0	0
rtm_retired.aborted_memtype:u	208	0	0
rtm_retired.aborted_memtype:u	209	0	0
rtm_retired.aborted_memtype:u	210	0	0
rtm_retired.aborted_memtype:u	211	0	0
rtm_retired.aborted_memtype:u	212	0	0
rtm_retired.aborted_memtype:u	213	0	0
rtm_retired.aborted_memtype:u	214	0	0
rtm_retired.aborted_memtype:u	215	0	0
rtm_retired.aborted_memtype:u	216	0	0
rtm_retired.aborted_memtype:u	217	0	0
rtm_retired.aborted_memtype:u	218	0	0
rtm_retired.aborted_memtype:u	219	0	0
rtm_retired.aborted_memtype:u	220	0	0
rtm_retired.aborted_memtype:u	221	0	0
rtm_retired.aborted_memtype:u	222	0	0
rtm_retired.aborted_memtype:u	223	0	0
rtm_retired.aborted_memtype:u	224	0	0
rtm_retired.aborted_memtype:u	225	0	0
rtm_retired.aborted_memtype:u	226	0	0
rtm_retired.aborted_memtype:u	227	0	0
rtm_retired.aborted_memtype:u	228	0	0
rtm_retired.aborted_memtype:u	229	0	0
rtm_retired.aborted_memtype:u	230	0	0
rtm_retired.aborted_memtype:u	231	0	0
rtm_retired.aborted_memtype:u	232	0	0
rtm_retired.aborted_memtype:u	233	0	0
rtm_retired.aborted_memtype:u	234	0	0
rtm_retired.aborted_memtype:u	235	0	0
rtm_retired.aborted_memtype:u	236	0	0
rtm_retired.aborted_memtype:u	237	0	0
rtm_retired.aborted_memtype:u	238	0	0
rtm_retired.aborted_memtype:u	239	0	0
rtm_retired.aborted_memtype:u	240	0	0
rtm_retired.aborted_memtype:u	241	0	0
rtm_retired.aborted_memtype:u	242	0	0
rtm_retired.aborted_memtype:u	243	0	0
rtm_retired.aborted_memtype:u	244	0	0
rtm_retired.aborted_memtype:u	245	0	0
rtm_retired.aborted_memtype:u	246	0	0
rtm_retired.aborted_memtype:u	247	0	0
rtm_retired.aborted_memtype:u	248	0	0
rtm_retired.aborted_memtype:u	249	0	0
rtm_retired.aborted_memtype:u	250	0	0
rtm_retired.aborted_memtype:u	251	0	0
rtm_retired.aborted_memtype:u	252	0	0
rtm_retired.aborted_memtype:u	253	0	0
rtm_retired.aborted_memtype:u	254	0	0
rtm_retired.aborted_memtype:u	255	0	0
rtm_retired.aborted_memtype:u	256	0	0
rtm_retired.aborted_memtype:u	257	0	0
rtm_retired.aborted_memtype:u	258	0	0
rtm_retired.aborted_memtype:u	259	0	0
rtm_retired.aborted_memtype:u	260	0	0
rtm_retired.aborted_memtype:u	261	0	0
rtm_retired.aborted_memtype:u	262	0	0
rtm_retired.aborted_memtype:u	263	0	0
rtm_retired.aborted_memtype:u	264	0	0
rtm_retired.aborted_memtype:u	265	0	0
rtm_retired.aborted_memtype:u	266	0	0
rtm_retired.aborted_memtype:u	267	0	0
rtm_retired.aborted_memtype:u	268	0	0
rtm_retired.aborted_memtype:u	269	0	0
rtm_retired.aborted_memtype:u	270	0	0
rtm_retired.aborted_memtype:u	271	0	0
rtm_retired.aborted_memtype:u	272	0	0
rtm_retired.aborted_memtype:u	273	0	0
rtm_retired.aborted_memtype:u	274	0	0
rtm_retired.aborted_memtype:u	275	0	0
rtm_retired.aborted_memtype:u	276	0	0
rtm_retired.aborted_memtype:u	277	0	0
rtm_retired.aborted_memtype:u	278	0	0
rtm_retired.aborted_memtype:u	279	0	0
rtm_retired.aborted_memtype:u	280	0	0
rtm_retired.aborted_memtype:u	281	0	0
rtm_retired.aborted_memtype:u	282	0	0
rtm_retired.aborted_memtype:u	283	0	0
rtm_retired.aborted_memtype:u	284	0	0
rtm_retired.aborted_memtype:u	285	0	0
rtm_retired.aborted_memtype:u	286	0	0
rtm_retired.aborted_memtype:u	287	0	0
rtm_retired.aborted_memtype:u	288	0	0
rtm_retired.aborted_memtype:u	289	0	0
rtm_retired.aborted_memtype:u	290	0	0
rtm_retired.aborted_memtype:u	291	0	0
rtm_retired.aborted_memtype:u	292	0	0
rtm_retired.aborted_memtype:u	293	0	0
rtm_retired.aborted_memtype:u	294	0	0
rtm_retired.aborted_memtype:u	295	0	0
rtm_retired.aborted_memtype:u	296	0	0
rtm_retired.aborted_memtype:u	297	0	0
rtm_retired.aborted_memtype:u	298	0	0
rtm_retired.aborted_memtype:u	299	0	0
rtm_retired.aborted_memtype:u	300	0	0
rtm_retired.aborted_memtype:u	301	0	0
rtm_retired.aborted_memtype:u	302	0	0
rtm_retired.aborted_memtype:u	303	0	0
rtm_retired.aborted_memtype:u	304	0	0
rtm_retired.aborted_memtype:u	305	0	0
rtm_retired.aborted_memtype:u	306	0	0
rtm_retired.aborted_memtype:u	307	0	0
rtm_retired.aborted_memtype:u	308	0	0
rtm_retired.aborted_memtype:u	309	0	0
rtm_retired.aborted_memtype:u	310	0	0
rtm_retired.aborted_memtype:u	311	0	0
rtm_retired.aborted_memtype:u	312	0	0
rtm_retired.aborted_memtype:u	313	0	0
rtm_retired.aborted_memtype:u	314	0	0
rtm_retired.aborted_memtype:u	315	0	0
rtm_retired.aborted_memtype:u	316	0	0
rtm_retired.aborted_memtype:u	317	0	0
rtm_retired.aborted_memtype:u	318	0	0
rtm_retired.aborted_memtype:u	319	0	0
rtm_retired.aborted_memtype:u	320	0	0
rtm_retired.aborted_memtype:u	321	0	0
rtm_retired.aborted_memtype:u	322	0	0
rtm_retired.aborted_memtype:u	323	0	0
rtm_retired.aborted_memtype:u	324	0	0
rtm_retired.aborted_memtype:u	325	0	0
rtm_retired.aborted_memtype:u	326	0	0
rtm_retired.aborted_memtype:u	327	0	0
rtm_retired.aborted_memtype:u	328	0	0
rtm_retired.aborted_memtype:u	329	0	0
rtm_retired.aborted_memtype:u	330	0	0
rtm_retired.aborted_memtype:u	331	0	0
rtm_retired.aborted_memtype:u	332	0	0
rtm_retired.aborted_memtype:u	333	0	0
rtm_retired.aborted_memtype:u	334	0	0
rtm_retired.aborted_memtype:u	335	0	0
rtm_retired.aborted_memtype:u	336	0	0
rtm_retired.aborted_memtype:u	337	0	0
rtm_retired.aborted_memtype:u	338	0	0
rtm_retired.aborted_memtype:u	339	0	0
rtm_retired.aborted_memtype:u	340	0	0
rtm_retired.aborted_memtype:u	341	0	0
rtm_retired.aborted_memtype:u	342	0	0
rtm_retired.aborted_memtype:u	343	0	0
rtm_retired.aborted_memtype:u	344	0	0
rtm_retired.aborted_memtype:u	345	0	0
rtm_retired.aborted_memtype:u	346	0	0
rtm_retired.aborted_memtype:u	347	0	0
rtm_retired.aborted_memtype:u	348	0	0
rtm_retired.aborted_memtype:u	349	0	0
rtm_retired.aborted_memtype:u	350	0	0
rtm_retired.aborted_memtype:u	351	0	0
rtm_retired.aborted_memtype:u	352	0	0
rtm_retired.aborted_memtype:u	353	0	0
rtm_retired.aborted_memtype:u	354	0	0
rtm_retired.aborted_memtype:u	355	0	0
rtm_retired.aborted_memtype:u	356	0	0
rtm_retired.aborted_memtype:u	357	0	0
rtm_retired.aborted_memtype:u	358	0	0
rtm_retired.aborted_memtype:u	359	0	0
rtm_retired.aborted_memtype:u	360	0	0
rtm_retired.aborted_memtype:u	361	0	0
rtm_retired.aborted_memtype:u	362	0	0
rtm_retired.aborted_memtype:u	363	0	0
rtm_retired.aborted_memtype:u	364	0	0
rtm_retired.aborted_memtype:u	365	0	0
rtm_retired.aborted_memtype:u	366	0	0
rtm_retired.aborted_memtype:u	367	0	0
rtm_retired.aborted_memtype:u	368	0	0
rtm_retired.aborted_memtype:u	369	0	0
rtm_retired.aborted_memtype:u	370	0	0
rtm_retired.aborted_memtype:u	371	0	0
rtm_retired.aborted_memtype:u	372	0	0
rtm_retired.aborted_memtype:u	373	0	0
rtm_retired.aborted_memtype:u	374	0	0
rtm_retired.aborted_memtype:u	375	0	0
rtm_retired.aborted_memtype:u	376	0	0
rtm_retired.aborted_memtype:u	377	0	0
rtm_retired.aborted_memtype:u	378	0	0
rtm_retired.aborted_memtype:u	379	0	0
rtm_retired.aborted_memtype:u	380	0	0
rtm_retired.aborted_memtype:u	381	0	0
rtm_retired.aborted_memtype:u	382	0	0
rtm_retired.aborted_memtype:u	383	0	0
rtm_retired.aborted_memtype:u	384	0	0
rtm_retired.aborted_memtype:u	385	0	0
rtm_retired.aborted_memtype:u	386	0	0
rtm_retired.aborted_memtype:u	387	0	0
rtm_retired.aborted_memtype:u	388	0	0
rtm_retired.aborted_memtype:u	389	0	0
rtm_retired.aborted_memtype:u	390	0	0
rtm_retired.aborted_memtype:u	391	0	0
rtm_retired.aborted_memtype:u	392	0	0
rtm_retired.aborted_memtype:u	393	0	0
rtm_retired.aborted_memtype:u	394	0	0
rtm_retired.aborted_memtype:u	395	0	0
rtm_retired.aborted_memtype:u	396	0	0
rtm_retired.aborted_memtype:u	397	0	0
rtm_retired.aborted_memtype:u	398	0	0
rtm_retired.aborted_memtype:u	399	0	0
rtm_retired.aborted_memtype:u	400	0	0
rtm_retired.aborted_memtype:u	401	0	0
rtm_retired.aborted_memtype:u	402	0	0
rtm_retired.aborted_memtype:u	403	0	0
rtm_retired.aborted_memtype:u	404	0	0
rtm_retired.aborted_memtype:u	405	0	0
rtm_retired.aborted_memtype:u	406	0	0
rtm_retired.aborted_memtype:u	407	0	0
rtm_retired.aborted_memtype:u	408	0	0
rtm_retired.aborted_memtype:u	409	0	0
rtm_retired.aborted_memtype:u	410	0	0
rtm_retired.aborted_memtype:u	411	0	0
rtm_retired.aborted_memtype:u	412	0	0
rtm_retired.aborted_memtype:u	413	0	0
rtm_retired.aborted_memtype:u	414	0	0
rtm_retired.aborted_memtype:u	415	0	0
rtm_retired.aborted_memtype:u	416	0	0
rtm_retired.aborted_memtype:u	417	0	0
rtm_retired.aborted_memtype:u	418	0	0
rtm_retired.aborted_memtype:u	419	0	0
rtm_retired.aborted_memtype:u	420	0	0
rtm_retired.aborted_memtype:u	421	0	0
rtm_retired.aborted_memtype:u	422	0	0
rtm_retired.aborted_memtype:u	423	0	0
rtm_retired.aborted_memtype:u	424	0	0
rtm_retired.aborted_memtype:u	425	0	0
rtm_retired.aborted_memtype:u	426	0	0
rtm_retired.aborted_memtype:u	427	0	0
rtm_retired.aborted_memtype:u	428	0	0
rtm_retired.aborted_memtype:u	429	0	0
rtm_retired.aborted_memtype:u	430	0	0
rtm_retired.aborted_memtype:u	431	0	0
rtm_retired.aborted_memtype:u	432	0	0
rtm_retired.aborted_memtype:u	433	0	0
rtm_retired.aborted_memtype:u	434	0	0
rtm_retired.aborted_memtype:u	435	0	0
rtm_retired.aborted_memtype:u	436	0	0
rtm_retired.aborted_memtype:u	437	0	0
rtm_retired.aborted_memtype:u	438	0	0
rtm_retired.aborted_memtype:u	439	0	0
rtm_retired.aborted_memtype:u	440	0	0
rtm_retired.aborted_memtype:u	441	0	0
rtm_retired.aborted_memtype:u	442	0	0
rtm_retired.aborted_memtype:u	443	0	0
rtm_retired.aborted_memtype:u	444	0	0
rtm_retired.aborted_memtype:u	445	0	0
rtm_retired.aborted_memtype:u	446	0	0
rtm_retired.aborted_memtype:u	447	0	0
rtm_retired.aborted_memtype:u	448	0	0
rtm_retired.aborted_memtype:u	449	0	0
rtm_retired.aborted_memtype:u	450	0	0
rtm_retired.aborted_memtype:u	451	0	0
rtm_retired.aborted_memtype:u	452	0	0
rtm_retired.aborted_memtype:u	453	0	0
rtm_retired.aborted_memtype:u	454	0	0
rtm_retired.aborted_memtype:u	455	0	0
rtm_retired.aborted_memtype:u	456	0	0
rtm_retired.aborted_memtype:u	457	0	0
rtm_retired.aborted_memtype:u	458	0	0
rtm_retired.aborted_memtype:u	459	0	0
rtm_retired.aborted_memtype:u	460	0	0
rtm_retired.aborted_memtype:u	461	0	0
rtm_retired.aborted_memtype:u	462	0	0
rtm_retired.aborted_memtype:u	463	0	0
rtm_retired.aborted_memtype:u	464	0	0
rtm_retired.aborted_memtype:u	465	0	0
rtm_retired.aborted_memtype:u	466	0	0
rtm_retired.aborted_memtype:u	467	0	0
rtm_retired.aborted_memtype:u	468	0	0
rtm_retired.aborted_memtype:u	469	0	0
rtm_retired.aborted_memtype:u	470	0	0
rtm_retired.aborted_memtype:u	471	0	0
rtm_retired.aborted_memtype:u	472	0	0
rtm_retired.aborted_memtype:u	473	0	0
rtm_retired.aborted_memtype:u	474	0	0
rtm_retired.aborted_memtype:u	475	0	0
rtm_retired.aborted_memtype:u	476	0	0
rtm_retired.aborted_memtype:u	477	0	0
rtm_retired.aborted_memtype:u	478	0	0
rtm_retired.aborted_memtype:u	479	0	0
rtm_retired.aborted_memtype:u	480	0	0
rtm_retired.aborted_memtype:u	481	0	0
rtm_retired.aborted_memtype:u	482	0	0
rtm_retired.aborted_memtype:u	483	0	0
rtm_retired.aborted_memtype:u	484	0	0
rtm_retired.aborted_memtype:u	485	0	0
rtm_retired.aborted_memtype:u	486	0	0
rtm_retired.aborted_memtype:u	487	0	0
rtm_retired.aborted_memtype:u	488	0	0
rtm_retired.aborted_memtype:u	489	0	0
rtm_retired.aborted_memtype:u	490	0	0
rtm_retired.aborted_memtype:u	491	0	0
rtm_retired.aborted_memtype:u	492	0	0
rtm_retired.aborted_memtype:u	493	0	0
rtm_retired.aborted_memtype:u	494	0	0
rtm_retired.aborted_memtype:u	495	0	0
rtm_retired.aborted_memtype:u	496	0	0
rtm_retired.aborted_memtype:u	497	0	0
rtm_retired.aborted_memtype:u	498	0	0
rtm_retired.aborted_memtype:u	499	0	0
rtm_retired.aborted_memtype:u	500	0	0
rtm_retired.aborted_memtype:u	501	0	0
rtm_retired.aborted_memtype:u	502	0	0
rtm_retired.aborted_memtype:u	503	0	0
rtm_retired.aborted_memtype:u	504	0	0
rtm_retired.aborted_memtype:u	505	0	0
rtm_retired.aborted_memtype:u	506	0	0
rtm_retired.aborted_memtype:u	507	0	0
rtm_retired.aborted_memtype:u	508	0	0
rtm_retired.aborted_memtype:u	509	0	0
rtm_retired.aborted_memtype:u	510	0	0
rtm_retired.aborted_memtype:u	511	0	0
rtm_retired.aborted_memtype:u	512	0	0
rtm_retired.aborted_memtype:u	513	0	0
rtm_retired.aborted_memtype:u	514	0	0
rtm_retired.aborted_memtype:u	515	0	0
rtm_retired.aborted_memtype:u	516	0	0
rtm_retired.aborted_memtype:u	517	0	0
rtm_retired.aborted_memtype:u	518	0	0
rtm_retired.aborted_memtype:u	519	0	0
rtm_retired.aborted_memtype:u	520	0	0
rtm_retired.aborted_memtype:u	521	0	0
rtm_retired.aborted_memtype:u	522	0	0
rtm_retired.aborted_memtype:u	523	0	0
rtm_retired.aborted_memtype:u	524	0	0
rtm_retired.aborted_memtype:u	525	0	0
rtm_retired.aborted_memtype:u	526	0	0
rtm_retired.aborted_memtype:u	527	0	0
rtm_retired.aborted_memtype:u	528	0	0
rtm_retired.aborted_memtype:u	529	0	0
rtm_retired.aborted_memtype:u	530	0	0
rtm_retired.aborted_memtype:u	531	0	0
rtm_retired.aborted_memtype:u	532	0	0
rtm_retired.aborted_memtype:u	533	0	0
rtm_retired.aborted_memtype:u	534	0	0
rtm_retired.aborted_memtype:u	535	0	0
rtm_retired.aborted_memtype:u	536	0	0
rtm_retired.aborted_memtype:u	537	0	0
rtm_retired.aborted_memtype:u	538	0	0
rtm_retired.aborted_memtype:u	539	0	0
rtm_retired.aborted_memtype:u	540	0	0
rtm_retired.aborted_memtype:u	541	0	0
rtm_retired.aborted_memtype:u	542	0	0
rtm_retired.aborted_memtype:u	543	0	0
rtm_retired.aborted_memtype:u	544	0	0
rtm_retired.aborted_memtype:u	545	0	0
rtm_retired.aborted_memtype:u	546	0	0
rtm_retired.aborted_memtype:u	547	0	0
rtm_retired.aborted_memtype:u	548	0	0
rtm_retired.aborted_memtype:u	549	0	0
rtm_retired.aborted_memtype:u	550	0	0
rtm_retired.aborted_memtype:u	551	0	0
rtm_retired.aborted_memtype:u	552	0	0
rtm_retired.aborted_memtype:u	553	0	0
rtm_retired.aborted_memtype:u	554	0	0
rtm_retired.aborted_memtype:u	555	0	0
rtm_retired.aborted_memtype:u	556	0	0
rtm_retired.aborted_memtype:u	557	0	0
rtm_retired.aborted_memtype:u	558	0	0
rtm_retired.aborted_memtype:u	559	0	0
rtm_retired.aborted_memtype:u	560	0	0
rtm_retired.aborted_memtype:u	561	0	0
rtm_retired.aborted_memtype:u	562	0	0
rtm_retired.aborted_memtype:u	563	0	0
rtm_retired.aborted_memtype:u	564	0	0
rtm_retired.aborted_memtype:u	565	0	0
rtm_retired.aborted_memtype:u	566	0	0
rtm_retired.aborted_memtype:u	567	0	0
rtm_retired.aborted_memtype:u	568	0	0
rtm_retired.aborted_memtype:u	569	0	0
rtm_retired.aborted_memtype:u	570	0	0
rtm_retired.aborted_memtype:u	571	0	0
rtm_retired.aborted_memtype:u	572	0	0
rtm_retired.aborted_memtype:u	573	0	0
rtm_retired.aborted_memtype:u	574	0	0
rtm_retired.aborted_memtype:u	575	0	0
rtm_retired.aborted_memtype:u	576	0	0
rtm_retired.aborted_memtype:u	577	0	0
rtm_retired.aborted_memtype:u	578	0	0
rtm_retired.aborted_memtype:u	579	0	0
rtm_retired.aborted_memtype:u	580	0	0
rtm_retired.aborted_memtype:u	581	0	0
rtm_retired.aborted_memtype:u	582	0	0
rtm_retired.aborted_memtype:u	583	0	0
rtm_retired.aborted_memtype:u	584	0	0
rtm_retired.aborted_memtype:u	585	0	0
rtm_retired.aborted_memtype:u	586	0	0
rtm_retired.aborted_memtype:u	587	0	0
rtm_retired.aborted_memtype:u	588	0	0
rtm_retired.aborted_memtype:u	589	0	0
rtm_retired.aborted_memtype:u	590	0	0
rtm_retired.aborted_memtype:u	591	0	0
rtm_retired.aborted_memtype:u	592	0	0
rtm_retired.aborted_memtype:u	593	0	0
rtm_retired.aborted_memtype:u	594	0	0
rtm_retired.aborted_memtype:u	595	0	0
rtm_retired.aborted_memtype:u	596	0	0
rtm_retired.aborted_memtype:u	597	0	0
rtm_retired.aborted_memtype:u	598	0	0
rtm_retired.aborted_memtype:u	599	0	0
rtm_retired.aborted_memtype:u	600	0	0
rtm_retired.aborted_memtype:u	601	0	0
rtm_retired.aborted_memtype:u	602	0	0
rtm_retired.aborted_memtype:u	603	0	0
rtm_retired.aborted_memtype:u	604	0	0
rtm_retired.aborted_memtype:u	605	0	0
rtm_retired.aborted_memtype:u	606	0	0
rtm_retired.aborted_memtype:u	607	0	0
rtm_retired.aborted_memtype:u	608	0	0
rtm_retired.aborted_memtype:u	609	0	0
rtm_retired.aborted_memtype:u	610	0	0
rtm_retired.aborted_memtype:u	611	0	0
rtm_retired.aborted_memtype:u	612	0	0
rtm_retired.aborted_memtype:u	613	0	0
rtm_retired.aborted_memtype:u	614	0	0
rtm_retired.aborted_memtype:u	615	0	0
rtm_retired.aborted_memtype:u	616	0	0
rtm_retired.aborted_memtype:u	617	0	0
rtm_retired.aborted_memtype:u	618	0	0
rtm_retired.aborted_memtype:u	619	0	0
rtm_retired.aborted_memtype:u	620	0	0
rtm_retired.aborted_memtype:u	621	0	0
rtm_retired.aborted_memtype:u	622	0	0
rtm_retired.aborted_memtype:u	623	0	0
rtm_retired.aborted_memtype:u	624	0	0
rtm_retired.aborted_memtype:u	625	0	0
rtm_retired.aborted_memtype:u	626	0	0
rtm_retired.aborted_memtype:u	627	0	0
rtm_retired.aborted_memtype:u	628	0	0
rtm_retired.aborted_memtype:u	629	0	0
rtm_retired.aborted_memtype:u	630	0	0
rtm_retired.aborted_memtype:u	631	0	0
rtm_retired.aborted_memtype:u	632	0	0
rtm_retired.aborted_memtype:u	633	0	0
rtm_retired.aborted_memtype:u	634	0	0
rtm_retired.aborted_memtype:u	635	0	0
rtm_retired.aborted_memtype:u	636	0	0
rtm_retired.aborted_memtype:u	637	0	0
rtm_retired.aborted_memtype:u	638	0	0
rtm_retired.aborted_memtype:u	639	0	0
rtm_retired.aborted_memtype:u	640	0	0
rtm_retired.aborted_memtype:u	641	0	0
rtm_retired.aborted_memtype:u	642	0	0
rtm_retired.aborted_memtype:u	643	0	0
rtm_retired.aborted_memtype:u	644	0	0
rtm_retired.aborted_memtype:u	645	0	0
rtm_retired.aborted_memtype:u	646	0	0
rtm_retired.aborted_memtype:u	647	0	0
rtm_retired.aborted_memtype:u	648	0	0
rtm_retired.aborted_memtype:u	649	0	0
rtm_retired.aborted_memtype:u	650	0	0
rtm_retired.aborted_memtype:u	651	0	0
rtm_retired.aborted_memtype:u	652	0	0
rtm_retired.aborted_memtype:u	653	0	0
rtm_retired.aborted_memtype:u	654	0	0
rtm_retired.aborted_memtype:u	655	0	0
rtm_retired.aborted_memtype:u	656	0	0
rtm_retired.aborted_memtype:u	657	0	0
rtm_retired.aborted_memtype:u	658	0	0
rtm_retired.aborted_memtype:u	659	0	0
rtm_retired.aborted_memtype:u	660	0	0
rtm_retired.aborted_memtype:u	661	0	0
rtm_retired.aborted_memtype:u	662	0	0
rtm_retired.aborted_memtype:u	663	0	0
rtm_retired.aborted_memtype:u	664	0	0
rtm_retired.aborted_memtype:u	665	0	0
rtm_retired.aborted_memtype:u	666	0	0
rtm_retired.aborted_memtype:u	667	0	0
rtm_retired.aborted_memtype:u	668	0	0
rtm_retired.aborted_memtype:u	669	0	0
rtm_retired.aborted_memtype:u	670	0	0
rtm_retired.aborted_memtype:u	671	0	0
rtm_retired.aborted_memtype:u	672	0	0
rtm_retired.aborted_memtype:u	673	0	0
rtm_retired.aborted_memtype:u	674	0	0
rtm_retired.aborted_memtype:u	675	0	0
rtm_retired.aborted_memtype:u	676	0	0
rtm_retired.aborted_memtype:u	677	0	0
rtm_retired.aborted_memtype:u	678	0	0
rtm_retired.aborted_memtype:u	679	0	0
rtm_retired.aborted_memtype:u	680	0	0
rtm_retired.aborted_memtype:u	681	0	0
rtm_retired.aborted_memtype:u	682	0	0
rtm_retired.aborted_memtype:u	683	0	0
rtm_retired.aborted_memtype:u	684	0	0
rtm_retired.aborted_memtype:u	685	0	0
rtm_retired.aborted_memtype:u	686	0	0
rtm_retired.aborted_memtype:u	687	0	0
rtm_retired.aborted_memtype:u	688	0	0
rtm_retired.aborted_memtype:u	689	0	0
rtm_retired.aborted_memtype:u	690	0	0
rtm_retired.aborted_memtype:u	691	0	0
rtm_retired.aborted_memtype:u	692	0	0
rtm_retired.aborted_memtype:u	693	0	0
rtm_retired.aborted_memtype:u	694	0	0
rtm_retired.aborted_memtype:u	695	0	0
rtm_retired.aborted_memtype:u	696	0	0
rtm_retired.aborted_memtype:u	697	0	0
rtm_retired.aborted_memtype:u	698	0	0
rtm_retired.aborted_memtype:u	699	0	0
rtm_retired.aborted_memtype:u	700	0	0
rtm_retired.aborted_memtype:u	701	0	0
rtm_retired.aborted_memtype:u	702	0	0
rtm_retired.aborted_memtype:u	703	0	0
rtm_retired.aborted_memtype:u	704	0	0
rtm_retired.aborted_memtype:u	705	0	0
rtm_retired.aborted_memtype:u	706	0	0
rtm_retired.aborted_memtype:u	707	0	0
rtm_retired.aborted_memtype:u	708	0	0
rtm_retired.aborted_memtype:u	709	0	0
rtm_retired.aborted_memtype:u	710	0	0
rtm_retired.aborted_memtype:u	711	0	0
rtm_retired.aborted_memtype:u	712	0	0
rtm_retired.aborted_memtype:u	713	0	0
rtm_retired.aborted_memtype:u	714	0	0
rtm_retired.aborted_memtype:u	715	0	0
rtm_retired.aborted_memtype:u	716	0	0
rtm_retired.aborted_memtype:u	717	0	0
rtm_retired.aborted_memtype:u	718	0	0
rtm_retired.aborted_memtype:u	719	0	0
rtm_retired.aborted_memtype:u	720	0	0
rtm_retired.aborted_memtype:u	721	0	0
rtm_retired.aborted_memtype:u	722	0	0
rtm_retired.aborted_memtype:u	723	0	0
rtm_retired.aborted_memtype:u	724	0	0
rtm_retired.aborted_memtype:u	725	0	0
rtm_retired.aborted_memtype:u	726	0	0
rtm_retired.aborted_memtype:u	727	0	0
rtm_retired.aborted_memtype:u	728	0	0
rtm_retired.aborted_memtype:u	729	0	0
rtm_retired.aborted_memtype:u	730	0	0
rtm_retired.aborted_memtype:u	731	0	0
rtm_retired.aborted_memtype:u	732	0	0
rtm_retired.aborted_memtype:u	733	0	0
rtm_retired.aborted_memtype:u	734	0	0
rtm_retired.aborted_memtype:u	735	0	0
rtm_retired.aborted_memtype:u	736	0	0
rtm_retired.aborted_memtype:u	737	0	0
rtm_retired.aborted_memtype:u	738	0	0
rtm_retired.aborted_memtype:u	739	0	0
rtm_retired.aborted_memtype:u	740	0	0
rtm_retired.aborted_memtype:u	741	0	0
rtm_retired.aborted_memtype:u	742	0	0
rtm_retired.aborted_memtype:u	743	0	0
rtm_retired.aborted_memtype:u	744	0	0
rtm_retired.aborted_memtype:u	745	0	0
rtm_retired.aborted_memtype:u	746	0	0
rtm_retired.aborted_memtype:u	747	0	0
rtm_retired.aborted_memtype:u	748	0	0
rtm_retired.aborted_memtype:u	749	0	0
rtm_retired.aborted_memtype:u	750	0	0
rtm_retired.aborted_memtype:u	751	0	0
rtm_retired.aborted_memtype:u	752	0	0
rtm_retired.aborted_memtype:u	753	0	0
rtm_retired.aborted_memtype:u	754	0	0
rtm_retired.aborted_memtype:u	755	0	0
rtm_retired.aborted_memtype:u	756	0	0
rtm_retired.aborted_memtype:u	757	0	0
rtm_retired.aborted_memtype:u	758	0	0
rtm_retired.aborted_memtype:u	759	0	0
rtm_retired.aborted_memtype:u	760	0	0
rtm_retired.aborted_memtype:u	761	0	0
rtm_retired.aborted_memtype:u	762	0	0
rtm_retired.aborted_memtype:u	763	0	0
rtm_retired.aborted_memtype:u	764	0	0
rtm_retired.aborted_memtype:u	765	0	0
rtm_retired.aborted_memtype:u	766	0	0
rtm_retired.aborted_memtype:u	767	0	0
rtm_retired.aborted_memtype:u	768	0	0
rtm_retired.aborted_memtype:u	769	0	0
rtm_retired.aborted_memtype:u	770	0	0
rtm_retired.aborted_memtype:u	771	0	0
rtm_retired.aborted_memtype:u	772	0	0
rtm_retired.aborted_memtype:u	773	0	0
rtm_retired.aborted_memtype:u	774	0	0
rtm_retired.aborted_memtype:u	775	0	0
rtm_retired.aborted_memtype:u	776	0	0
rtm_retired.aborted_memtype:u	777	0	0
rtm_retired.aborted_memtype:u	778	0	0
rtm_retired.aborted_memtype:u	779	0	0
rtm_retired.aborted_memtype:u	780	0	0
rtm_retired.aborted_memtype:u	781	0	0
rtm_retired.aborted_memtype:u	782	0	0
rtm_retired.aborted_memtype:u	783	0	0
rtm_retired.aborted_memtype:u	784	0	0
rtm_retired.aborted_memtype:u	785	0	0
rtm_retired.aborted_memtype:u	786	0	0
rtm_retired.aborted_memtype:u	787	0	0
rtm_retired.aborted_memtype:u	788	0	0
rtm_retired.aborted_memtype:u	789	0	0
rtm_retired.aborted_memtype:u	790	0	0
rtm_retired.aborted_memtype:u	791	0	0
rtm_retired.aborted_memtype:u	792	0	0
rtm_retired.aborted_memtype:u	793	0	0
rtm_retired.aborted_memtype:u	794	0	0
rtm_retired.aborted_memtype:u	795	0	0
rtm_retired.aborted_memtype:u	796	0	0
rtm_retired.aborted_memtype:u	797	0	0
rtm_retired.aborted_memtype:u	798	0	0
rtm_retired.aborted_memtype:u	799	0	0
rtm_retired.aborted_memtype:u	800	0	0
rtm_retired.aborted_memtype:u	801	0	0
rtm_retired.aborted_memtype:u	802	0	0
rtm_retired.aborted_memtype:u	803	0	0
rtm_retired.aborted_memtype:u	804	0	0
rtm_retired.aborted_memtype:u	805	0	0
rtm_retired.aborted_memtype:u	806	0	0
rtm_retired.aborted_memtype:u	807	0	0
rtm_retired.aborted_memtype:u	808	0	0
rtm_retired.aborted_memtype:u	809	0	0
rtm_retired.aborted_memtype:u	810	0	0
rtm_retired.aborted_memtype:u	811	0	0
rtm_retired.aborted_memtype:u	812	0	0
rtm_retired.aborted_memtype:u	813	0	0
rtm_retired.aborted_memtype:u	814	0	0
rtm_retired.aborted_memtype:u	815	0	0
rtm_retired.aborted_memtype:u	816	0	0
rtm_retired.aborted_memtype:u	817	0	0
rtm_retired.aborted_memtype:u	818	0	0
rtm_retired.aborted_memtype:u	819	0	0
rtm_retired.aborted_memtype:u	820	0	0
rtm_retired.aborted_memtype:u	821	0	0
rtm_retired.aborted_memtype:u	822	0	0
rtm_retired.aborted_memtype:u	823	0	0
rtm_retired.aborted_memtype:u	824	0	0
rtm_retired.aborted_memtype:u	825	0	0
rtm_retired.aborted_memtype:u	826	0	0
rtm_retired.aborted_memtype:u	827	0	0
rtm_retired.aborted_memtype:u	828	0	0
rtm_retired.aborted_memtype:u	829	0	0
rtm_retired.aborted_memtype:u	830	0	0
rtm_retired.aborted_memtype:u	831	0	0
rtm_retired.aborted_memtype:u	832	0	0
rtm_retired.aborted_memtype:u	833	0	0
rtm_retired.aborted_memtype:u	834	0	0
rtm_retired.aborted_memtype:u	835	0	0
rtm_retired.aborted_memtype:u	836	0	0
rtm_retired.aborted_memtype:u	837	0	0
rtm_retired.aborted_memtype:u	838	0	0
rtm_retired.aborted_memtype:u	839	0	0
rtm_retired.aborted_memtype:u	840	0	0
rtm_retired.aborted_memtype:u	841	0	0
rtm_retired.aborted_memtype:u	842	0	0
rtm_retired.aborted_memtype:u	843	0	0
rtm_retired.aborted_memtype:u	844	0	0
rtm_retired.aborted_memtype:u	845	0	0
rtm_retired.aborted_memtype:u	846	0	0
rtm_retired.aborted_memtype:u	847	0	0
rtm_retired.aborted_memtype:u	848	0	0
rtm_retired.aborted_memtype:u	849	0	0
rtm_retired.aborted_memtype:u	850	0	0
rtm_retired.aborted_memtype:u	851	0	0
rtm_retired.aborted_memtype:u	852	0	0
rtm_retired.aborted_memtype:u	853	0	0
rtm_retired.aborted_memtype:u	854	0	0
rtm_retired.aborted_memtype:u	855	0	0
rtm_retired.aborted_memtype:u	856	0	0
rtm_retired.aborted_memtype:u	857	0	0
rtm_retired.aborted_memtype:u	858	0	0
rtm_retired.aborted_memtype:u	859	0	0
rtm_retired.aborted_memtype:u	860	0	0
rtm_retired.aborted_memtype:u	861	0	0
rtm_retired.aborted_memtype:u	862	0	0
rtm_retired.aborted_memtype:u	863	0	0
rtm_retired.aborted_memtype:u	864	0	0
rtm_retired.aborted_memtype:u	865	0	0
rtm_retired.aborted_memtype:u	866	0	0
rtm_retired.aborted_memtype:u	867	0	0
rtm_retired.aborted_memtype:u	868	0	0
rtm_retired.aborted_memtype:u	869	0	0
rtm_retired.aborted_memtype:u	870	0	0
rtm_retired.aborted_memtype:u	871	0	0
rtm_retired.aborted_memtype:u	872	0	0
rtm_retired.aborted_memtype:u	873	0	0
rtm_retired.aborted_memtype:u	874	0	0
rtm_retired.aborted_memtype:u	875	0	0
rtm_retired.aborted_memtype:u	876	0	0
rtm_retired.aborted_memtype:u	877	0	0
rtm_retired.aborted_memtype:u	878	0	0
rtm_retired.aborted_memtype:u	879	0	0
rtm_retired.aborted_memtype:u	880	0	0
rtm_retired.aborted_memtype:u	881	0	0
rtm_retired.aborted_memtype:u	882	0	0
rtm_retired.aborted_memtype:u	883	0	0
rtm_retired.aborted_memtype:u	884	0	0
rtm_retired.aborted_memtype:u	885	0	0
rtm_retired.aborted_memtype:u	886	0	0
rtm_retired.aborted_memtype:u	887	0	0
rtm_retired.aborted_memtype:u	888	0	0
rtm_retired.aborted_memtype:u	889	0	0
rtm_retired.aborted_memtype:u	890	0	0
rtm_retired.aborted_memtype:u	891	0	0
rtm_retired.aborted_memtype:u	892	0	0
rtm_retired.aborted_memtype:u	893	0	0
rtm_retired.aborted_memtype:u	894	0	0
rtm_retired.aborted_memtype:u	895	0	0
rtm_retired.aborted_memtype:u	896	0	0
rtm_retired.aborted_memtype:u	897	0	0
rtm_retired.aborted_memtype:u	898	0	0
rtm_retired.aborted_memtype:u	899	0	0
rtm_retired.aborted_memtype:u	900	0	0
rtm_retired.aborted_memtype:u	901	0	0
rtm_retired.aborted_memtype:u	902	0	0
rtm_retired.aborted_memtype:u	903	0	0
rtm_retired.aborted_memtype:u	904	0	0
rtm_retired.aborted_memtype:u	905	0	0
rtm_retired.aborted_memtype:u	906	0	0
rtm_retired.aborted_memtype:u	907	0	0
rtm_retired.aborted_memtype:u	908	0	0
rtm_retired.aborted_memtype:u	909	0	0
rtm_retired.aborted_memtype:u	910	0	0
rtm_retired.aborted_memtype:u	911	0	0
rtm_retired.aborted_memtype:u	912	0	0
rtm_retired.aborted_memtype:u	913	0	0
rtm_retired.aborted_memtype:u	914	0	0
rtm_retired.aborted_memtype:u	915	0	0
rtm_retired.aborted_memtype:u	916	0	0
rtm_retired.aborted_memtype:u	917	0	0
rtm_retired.aborted_memtype:u	918	0	0
rtm_retired.aborted_memtype:u	919	0	0
rtm_retired.aborted_memtype:u	920	0	0
rtm_retired.aborted_memtype:u	921	0	0
rtm_retired.aborted_memtype:u	922	0	0
rtm_retired.aborted_memtype:u	923	0	0
rtm_retired.aborted_memtype:u	924	0	0
rtm_retired.aborted_memtype:u	925	0	0
rtm_retired.aborted_memtype:u	926	0	0
rtm_retired.aborted_memtype:u	927	0	0
rtm_retired.aborted_memtype:u	928	0	0
rtm_retired.aborted_memtype:u	929	0	0
rtm_retired.aborted_memtype:u	930	0	0
rtm_retired.aborted_memtype:u	931	0	0
rtm_retired.aborted_memtype:u	932	0	0
rtm_retired.aborted_memtype:u	933	0	0
rtm_retired.aborted_memtype:u	934	0	0
rtm_retired.aborted_memtype:u	935	0	0
rtm_retired.aborted_memtype:u	936	0	0
rtm_retired.aborted_memtype:u	937	0	0
rtm_retired.aborted_memtype:u	938	0	0
rtm_retired.aborted_memtype:u	939	0	0
rtm_retired.aborted_memtype:u	940	0	0
rtm_retired.aborted_memtype:u	941	0	0
rtm_retired.aborted_memtype:u	942	0	0
rtm_retired.aborted_memtype:u	943	0	0
rtm_retired.aborted_memtype:u	944	0	0
rtm_retired.aborted_memtype:u	945	0	0
rtm_retired.aborted_memtype:u	946	0	0
rtm_retired.aborted_memtype:u	947	0	0
rtm_retired.aborted_memtype:u	948	0	0
rtm_retired.aborted_memtype:u	949	0	0
rtm_retired.aborted_memtype:u	950	0	0
rtm_retired.aborted_memtype:u	951	0	0
rtm_retired.aborted_memtype:u	952	0	0
rtm_retired.aborted_memtype:u	953	0	0
rtm_retired.aborted_memtype:u	954	0	0
rtm_retired.aborted_memtype:u	955	0	0
rtm_retired.aborted_memtype:u	956	0	0
rtm_retired.aborted_memtype:u	957	0	0
rtm_retired.aborted_memtype:u	958	0	0
rtm_retired.aborted_memtype:u	959	0	0
rtm_retired.aborted_memtype:u	960	0	0
rtm_retired.aborted_memtype:u	961	0	0
rtm_retired.aborted_memtype:u	962	0	0
rtm_retired.aborted_memtype:u	963	0	0
rtm_retired.aborted_memtype:u	964	0	0
rtm_retired.aborted_memtype:u	965	0	0
rtm_retired.aborted_memtype:u	966	0	0
rtm_retired.aborted_memtype:u	967	0	0
rtm_retired.aborted_memtype:u	968	0	0
rtm_retired.aborted_memtype:u	969	0	0
rtm_retired.aborted_memtype:u	970	0	0
rtm_retired.aborted_memtype:u	971	0	0
rtm_retired.aborted_memtype:u	972	0	0
rtm_retired.aborted_memtype:u	973	0	0
rtm_retired.aborted_memtype:u	974	0	0
rtm_retired.aborted_memtype:u	975	0	0
rtm_retired.aborted_memtype:u	976	0	0
rtm_retired.aborted_memtype:u	977	0	0
rtm_retired.aborted_memtype:u	978	0	0
rtm_retired.aborted_memtype:u	979	0	0
rtm_retired.aborted_memtype:u	980	0	0
rtm_retired.aborted_memtype:u	981	0	0
rtm_retired.aborted_memtype:u	982	0	0
rtm_retired.aborted_memtype:u	983	0	0
rtm_retired.aborted_memtype:u	984	0	0
rtm_retired.aborted_memtype:u	985	0	0
rtm_retired.aborted_memtype:u	986	0	0
rtm_retired.aborted_memtype:u	987	0	0
rtm_retired.aborted_memtype:u	988	0	0
rtm_retired.aborted_memtype:u	989	0	0
rtm_retired.aborted_memtype:u	990	0	0
rtm_retired.aborted_memtype:u	991	0	0
rtm_retired.aborted_memtype:u	992	0	0
rtm_retired.aborted_memtype:u	993	0	0
rtm_retired.aborted_memtype:u	994	0	0
rtm_retired.aborted_memtype:u	995	0	0
rtm_retired.aborted_memtype:u	996	0	0
rtm_retired.aborted_memtype:u	997	0	0
rtm_retired.aborted_memtype:u	998	0	0
rtm_retired.aborted_memtype:u	999	0	0
rtm_retired.aborted_memtype:u	1000	0	0
core_power.lvl2_turbo_license:u	1	0	0
core_power.lvl2_turbo_license:u	2	0	0
core_power.lvl2_turbo_license:u	3	0	0
core_power.lvl2_turbo_license:u	4	0	0
core_power.lvl2_turbo_license:u	5	0	0
core_power.lvl2_turbo_license:u	6	0	0
core_power.lvl2_turbo_license:u	7	0	0
core_power.lvl2_turbo_license:u	8	0	0
core_power.lvl2_turbo_license:u	9	0	0
core_power.lvl2_turbo_license:u	10	0	0
core_power.lvl2_turbo_license:u	11	0	0
core_power.lvl2_turbo_license:u	12	0	0
core_power.lvl2_turbo_license:u	13	0	0
core_power.lvl2_turbo_license:u	14	0	0
core_power.lvl2_turbo_license:u	15	0	0
core_power.lvl2_turbo_license:u	16	0	0
core_power.lvl2_turbo_license:u	17	0	0
core_power.lvl2_turbo_license:u	18	0	0
core_power.lvl2_turbo_license:u	19	0	0
core_power.lvl2_turbo_license:u	20	0	0
core_power.lvl2_turbo_license:u	21	0	0
core_power.lvl2_turbo_license:u	22	0	0
core_power.lvl2_turbo_license:u	23	0	0
core_power.lvl2_turbo_license:u	24	0	0
core_power.lvl2_turbo_license:u	25	0	0
core_power.lvl2_turbo_license:u	26	0	0
core_power.lvl2_turbo_license:u	27	0	0
core_power.lvl2_turbo_license:u	28	0	0
core_power.lvl2_turbo_license:u	29	0	0
core_power.lvl2_turbo_license:u	30	0	0
core_power.lvl2_turbo_license:u	31	0	0
core_power.lvl2_turbo_license:u	32	0	0
core_power.lvl2_turbo_license:u	33	0	0
core_power.lvl2_turbo_license:u	34	0	0
core_power.lvl2_turbo_license:u	35	0	0
core_power.lvl2_turbo_license:u	36	0	0
core_power.lvl2_turbo_license:u	37	0	0
core_power.lvl2_turbo_license:u	38	0	0
core_power.lvl2_turbo_license:u	39	0	0
core_power.lvl2_turbo_license:u	40	0	0
core_power.lvl2_turbo_license:u	41	0	0
core_power.lvl2_turbo_license:u	42	0	0
core_power.lvl2_turbo_license:u	43	0	0
core_power.lvl2_turbo_license:u	44	0	0
core_power.lvl2_turbo_license:u	45	0	0
core_power.lvl2_turbo_license:u	46	0	0
core_power.lvl2_turbo_license:u	47	0	0
core_power.lvl2_turbo_license:u	48	0	0
core_power.lvl2_turbo_license:u	49	0	0
core_power.lvl2_turbo_license:u	50	0	0
core_power.lvl2_turbo_license:u	51	0	0
core_power.lvl2_turbo_license:u	52	0	0
core_power.lvl2_turbo_license:u	53	0	0
core_power.lvl2_turbo_license:u	54	0	0
core_power.lvl2_turbo_license:u	55	0	0
core_power.lvl2_turbo_license:u	56	0	0
core_power.lvl2_turbo_license:u	57	0	0
core_power.lvl2_turbo_license:u	58	0	0
core_power.lvl2_turbo_license:u	59	0	0
core_power.lvl2_turbo_license:u	60	0	0
core_power.lvl2_turbo_license:u	61	0	0
core_power.lvl2_turbo_license:u	62	0	0
core_power.lvl2_turbo_license:u	63	0	0
core_power.lvl2_turbo_license:u	64	0	0
core_power.lvl2_turbo_license:u	65	0	0
core_power.lvl2_turbo_license:u	66	0	0
core_power.lvl2_turbo_license:u	67	0	0
core_power.lvl2_turbo_license:u	68	0	0
core_power.lvl2_turbo_license:u	69	0	0
core_power.lvl2_turbo_license:u	70	0	0
core_power.lvl2_turbo_license:u	71	0	0
core_power.lvl2_turbo_license:u	72	0	0
core_power.lvl2_turbo_license:u	73	0	0
core_power.lvl2_turbo_license:u	74	0	0
core_power.lvl2_turbo_license:u	75	0	0
core_power.lvl2_turbo_license:u	76	0	0
core_power.lvl2_turbo_license:u	77	0	0
core_power.lvl2_turbo_license:u	78	0	0
core_power.lvl2_turbo_license:u	79	0	0
core_power.lvl2_turbo_license:u	80	0	0
core_power.lvl2_turbo_license:u	81	0	0
core_power.lvl2_turbo_license:u	82	0	0
core_power.lvl2_turbo_license:u	83	0	0
core_power.lvl2_turbo_license:u	84	0	0
core_power.lvl2_turbo_license:u	85	0	0
core_power.lvl2_turbo_license:u	86	0	0
core_power.lvl2_turbo_license:u	87	0	0
core_power.lvl2_turbo_license:u	88	0	0
core_power.lvl2_turbo_license:u	89	0	0
core_power.lvl2_turbo_license:u	90	0	0
core_power.lvl2_turbo_license:u	91	0	0
core_power.lvl2_turbo_license:u	92	0	0
core_power.lvl2_turbo_license:u	93	0	0
core_power.lvl2_turbo_license:u	94	0	0
core_power.lvl2_turbo_license:u	95	0	0
core_power.lvl2_turbo_license:u	96	0	0
core_power.lvl2_turbo_license:u	97	0	0
core_power.lvl2_turbo_license:u	98	0	0
core_power.lvl2_turbo_license:u	99	0	0
core_power.lvl2_turbo_license:u	100	0	0
core_power.lvl2_turbo_license:u	101	0	0
core_power.lvl2_turbo_license:u	102	0	0
core_power.lvl2_turbo_license:u	103	0	0
core_power.lvl2_turbo_license:u	104	0	0
core_power.lvl2_turbo_license:u	105	0	0
core_power.lvl2_turbo_license:u	106	0	0
core_power.lvl2_turbo_license:u	107	0	0
core_power.lvl2_turbo_license:u	108	0	0
core_power.lvl2_turbo_license:u	109	0	0
core_power.lvl2_turbo_license:u	110	0	0
core_power.lvl2_turbo_license:u	111	0	0
core_power.lvl2_turbo_license:u	112	0	0
core_power.lvl2_turbo_license:u	113	0	0
core_power.lvl2_turbo_license:u	114	0	0
core_power.lvl2_turbo_license:u	115	0	0
core_power.lvl2_turbo_license:u	116	0	0
core_power.lvl2_turbo_license:u	117	0	0
core_power.lvl2_turbo_license:u	118	0	0
core_power.lvl2_turbo_license:u	119	0	0
core_power.lvl2_turbo_license:u	120	0	0
core_power.lvl2_turbo_license:u	121	0	0
core_power.lvl2_turbo_license:u	122	0	0
core_power.lvl2_turbo_license:u	123	0	0
core_power.lvl2_turbo_license:u	124	0	0
core_power.lvl2_turbo_license:u	125	0	0
core_power.lvl2_turbo_license:u	126	0	0
core_power.lvl2_turbo_license:u	127	0	0
core_power.lvl2_turbo_license:u	128	0	0
core_power.lvl2_turbo_license:u	129	0	0
core_power.lvl2_turbo_license:u	130	0	0
core_power.lvl2_turbo_license:u	131	0	0
core_power.lvl2_turbo_license:u	132	0	0
core_power.lvl2_turbo_license:u	133	0	0
core_power.lvl2_turbo_license:u	134	0	0
core_power.lvl2_turbo_license:u	135	0	0
core_power.lvl2_turbo_license:u	136	0	0
core_power.lvl2_turbo_license:u	137	0	0
core_power.lvl2_turbo_license:u	138	0	0
core_power.lvl2_turbo_license:u	139	0	0
core_power.lvl2_turbo_license:u	140	0	0
core_power.lvl2_turbo_license:u	141	0	0
core_power.lvl2_turbo_license:u	142	0	0
core_power.lvl2_turbo_license:u	143	0	0
core_power.lvl2_turbo_license:u	144	0	0
core_power.lvl2_turbo_license:u	145	0	0
core_power.lvl2_turbo_license:u	146	0	0
core_power.lvl2_turbo_license:u	147	0	0
core_power.lvl2_turbo_license:u	148	0	0
core_power.lvl2_turbo_license:u	149	0	0
core_power.lvl2_turbo_license:u	150	0	0
core_power.lvl2_turbo_license:u	151	0	0
core_power.lvl2_turbo_license:u	152	0	0
core_power.lvl2_turbo_license:u	153	0	0
core_power.lvl2_turbo_license:u	154	0	0
core_power.lvl2_turbo_license:u	155	0	0
core_power.lvl2_turbo_license:u	156	0	0
core_power.lvl2_turbo_license:u	157	0	0
core_power.lvl2_turbo_license:u	158	0	0
core_power.lvl2_turbo_license:u	159	0	0
core_power.lvl2_turbo_license:u	160	0	0
core_power.lvl2_turbo_license:u	161	0	0
core_power.lvl2_turbo_license:u	162	0	0
core_power.lvl2_turbo_license:u	163	0	0
core_power.lvl2_turbo_license:u	164	0	0
core_power.lvl2_turbo_license:u	165	0	0
core_power.lvl2_turbo_license:u	166	0	0
core_power.lvl2_turbo_license:u	167	0	0
core_power.lvl2_turbo_license:u	168	0	0
core_power.lvl2_turbo_license:u	169	0	0
core_power.lvl2_turbo_license:u	170	0	0
core_power.lvl2_turbo_license:u	171	0	0
core_power.lvl2_turbo_license:u	172	0	0
core_power.lvl2_turbo_license:u	173	0	0
core_power.lvl2_turbo_license:u	174	0	0
core_power.lvl2_turbo_license:u	175	0	0
core_power.lvl2_turbo_license:u	176	0	0
core_power.lvl2_turbo_license:u	177	0	0
core_power.lvl2_turbo_license:u	178	0	0
core_power.lvl2_turbo_license:u	179	0	0
core_power.lvl2_turbo_license:u	180	0	0
core_power.lvl2_turbo_license:u	181	0	0
core_power.lvl2_turbo_license:u	182	0	0
core_power.lvl2_turbo_license:u	183	0	0
core_power.lvl2_turbo_license:u	184	0	0
core_power.lvl2_turbo_license:u	185	0	0
core_power.lvl2_turbo_license:u	186	0	0
core_power.lvl2_turbo_license:u	187	0	0
core_power.lvl2_turbo_license:u	188	0	0
core_power.lvl2_turbo_license:u	189	0	0
core_power.lvl2_turbo_license:u	190	0	0
core_power.lvl2_turbo_license:u	191	0	0
core_power.lvl2_turbo_license:u	192	0	0
core_power.lvl2_turbo_license:u	193	0	0
core_power.lvl2_turbo_license:u	194	0	0
core_power.lvl2_turbo_license:u	195	0	0
core_power.lvl2_turbo_license:u	196	0	0
core_power.lvl2_turbo_license:u	197	0	0
core_power.lvl2_turbo_license:u	198	0	0
core_power.lvl2_turbo_license:u	199	0	0
core_power.lvl2_turbo_license:u	200	0	0
core_power.lvl2_turbo_license:u	201	0	0
core_power.lvl2_turbo_license:u	202	0	0
core_power.lvl2_turbo_license:u	203	0	0
core_power.lvl2_turbo_license:u	204	0	0
core_power.lvl2_turbo_license:u	205	0	0
core_power.lvl2_turbo_license:u	206	0	0
core_power.lvl2_turbo_license:u	207	0	0
core_power.lvl2_turbo_license:u	208	0	0
core_power.lvl2_turbo_license:u	209	0	0
core_power.lvl2_turbo_license:u	210	0	0
core_power.lvl2_turbo_license:u	211	0	0
core_power.lvl2_turbo_license:u	212	0	0
core_power.lvl2_turbo_license:u	213	0	0
core_power.lvl2_turbo_license:u	214	0	0
core_power.lvl2_turbo_license:u	215	0	0
core_power.lvl2_turbo_license:u	216	0	0
core_power.lvl2_turbo_license:u	217	0	0
core_power.lvl2_turbo_license:u	218	0	0
core_power.lvl2_turbo_license:u	219	0	0
core_power.lvl2_turbo_license:u	220	0	0
core_power.lvl2_turbo_license:u	221	0	0
core_power.lvl2_turbo_license:u	222	0	0
core_power.lvl2_turbo_license:u	223	0	0
core_power.lvl2_turbo_license:u	224	0	0
core_power.lvl2_turbo_license:u	225	0	0
core_power.lvl2_turbo_license:u	226	0	0
core_power.lvl2_turbo_license:u	227	0	0
core_power.lvl2_turbo_license:u	228	0	0
core_power.lvl2_turbo_license:u	229	0	0
core_power.lvl2_turbo_license:u	230	0	0
core_power.lvl2_turbo_license:u	231	0	0
core_power.lvl2_turbo_license:u	232	0	0
core_power.lvl2_turbo_license:u	233	0	0
core_power.lvl2_turbo_license:u	234	0	0
core_power.lvl2_turbo_license:u	235	0	0
core_power.lvl2_turbo_license:u	236	0	0
core_power.lvl2_turbo_license:u	237	0	0
core_power.lvl2_turbo_license:u	238	0	0
core_power.lvl2_turbo_license:u	239	0	0
core_power.lvl2_turbo_license:u	240	0	0
core_power.lvl2_turbo_license:u	241	0	0
core_power.lvl2_turbo_license:u	242	0	0
core_power.lvl2_turbo_license:u	243	0	0
core_power.lvl2_turbo_license:u	244	0	0
core_power.lvl2_turbo_license:u	245	0	0
core_power.lvl2_turbo_license:u	246	0	0
core_power.lvl2_turbo_license:u	247	0	0
core_power.lvl2_turbo_license:u	248	0	0
core_power.lvl2_turbo_license:u	249	0	0
core_power.lvl2_turbo_license:u	250	0	0
core_power.lvl2_turbo_license:u	251	0	0
core_power.lvl2_turbo_license:u	252	0	0
core_power.lvl2_turbo_license:u	253	0	0
core_power.lvl2_turbo_license:u	254	0	0
core_power.lvl2_turbo_license:u	255	0	0
core_power.lvl2_turbo_license:u	256	0	0
core_power.lvl2_turbo_license:u	257	0	0
core_power.lvl2_turbo_license:u	258	0	0
core_power.lvl2_turbo_license:u	259	0	0
core_power.lvl2_turbo_license:u	260	0	0
core_power.lvl2_turbo_license:u	261	0	0
core_power.lvl2_turbo_license:u	262	0	0
core_power.lvl2_turbo_license:u	263	0	0
core_power.lvl2_turbo_license:u	264	0	0
core_power.lvl2_turbo_license:u	265	0	0
core_power.lvl2_turbo_license:u	266	0	0
core_power.lvl2_turbo_license:u	267	0	0
core_power.lvl2_turbo_license:u	268	0	0
core_power.lvl2_turbo_license:u	269	0	0
core_power.lvl2_turbo_license:u	270	0	0
core_power.lvl2_turbo_license:u	271	0	0
core_power.lvl2_turbo_license:u	272	0	0
core_power.lvl2_turbo_license:u	273	0	0
core_power.lvl2_turbo_license:u	274	0	0
core_power.lvl2_turbo_license:u	275	0	0
core_power.lvl2_turbo_license:u	276	0	0
core_power.lvl2_turbo_license:u	277	0	0
core_power.lvl2_turbo_license:u	278	0	0
core_power.lvl2_turbo_license:u	279	0	0
core_power.lvl2_turbo_license:u	280	0	0
core_power.lvl2_turbo_license:u	281	0	0
core_power.lvl2_turbo_license:u	282	0	0
core_power.lvl2_turbo_license:u	283	0	0
core_power.lvl2_turbo_license:u	284	0	0
core_power.lvl2_turbo_license:u	285	0	0
core_power.lvl2_turbo_license:u	286	0	0
core_power.lvl2_turbo_license:u	287	0	0
core_power.lvl2_turbo_license:u	288	0	0
core_power.lvl2_turbo_license:u	289	0	0
core_power.lvl2_turbo_license:u	290	0	0
core_power.lvl2_turbo_license:u	291	0	0
core_power.lvl2_turbo_license:u	292	0	0
core_power.lvl2_turbo_license:u	293	0	0
core_power.lvl2_turbo_license:u	294	0	0
core_power.lvl2_turbo_license:u	295	0	0
core_power.lvl2_turbo_license:u	296	0	0
core_power.lvl2_turbo_license:u	297	0	0
core_power.lvl2_turbo_license:u	298	0	0
core_power.lvl2_turbo_license:u	299	0	0
core_power.lvl2_turbo_license:u	300	0	0
core_power.lvl2_turbo_license:u	301	0	0
core_power.lvl2_turbo_license:u	302	0	0
core_power.lvl2_turbo_license:u	303	0	0
core_power.lvl2_turbo_license:u	304	0	0
core_power.lvl2_turbo_license:u	305	0	0
core_power.lvl2_turbo_license:u	306	0	0
core_power.lvl2_turbo_license:u	307	0	0
core_power.lvl2_turbo_license:u	308	0	0
core_power.lvl2_turbo_license:u	309	0	0
core_power.lvl2_turbo_license:u	310	0	0
core_power.lvl2_turbo_license:u	311	0	0
core_power.lvl2_turbo_license:u	312	0	0
core_power.lvl2_turbo_license:u	313	0	0
core_power.lvl2_turbo_license:u	314	0	0
core_power.lvl2_turbo_license:u	315	0	0
core_power.lvl2_turbo_license:u	316	0	0
core_power.lvl2_turbo_license:u	317	0	0
core_power.lvl2_turbo_license:u	318	0	0
core_power.lvl2_turbo_license:u	319	0	0
core_power.lvl2_turbo_license:u	320	0	0
core_power.lvl2_turbo_license:u	321	0	0
core_power.lvl2_turbo_license:u	322	0	0
core_power.lvl2_turbo_license:u	323	0	0
core_power.lvl2_turbo_license:u	324	0	0
core_power.lvl2_turbo_license:u	325	0	0
core_power.lvl2_turbo_license:u	326	0	0
core_power.lvl2_turbo_license:u	327	0	0
core_power.lvl2_turbo_license:u	328	0	0
core_power.lvl2_turbo_license:u	329	0	0
core_power.lvl2_turbo_license:u	330	0	0
core_power.lvl2_turbo_license:u	331	0	0
core_power.lvl2_turbo_license:u	332	0	0
core_power.lvl2_turbo_license:u	333	0	0
core_power.lvl2_turbo_license:u	334	0	0
core_power.lvl2_turbo_license:u	335	0	0
core_power.lvl2_turbo_license:u	336	0	0
core_power.lvl2_turbo_license:u	337	0	0
core_power.lvl2_turbo_license:u	338	0	0
core_power.lvl2_turbo_license:u	339	0	0
core_power.lvl2_turbo_license:u	340	0	0
core_power.lvl2_turbo_license:u	341	0	0
core_power.lvl2_turbo_license:u	342	0	0
core_power.lvl2_turbo_license:u	343	0	0
core_power.lvl2_turbo_license:u	344	0	0
core_power.lvl2_turbo_license:u	345	0	0
core_power.lvl2_turbo_license:u	346	0	0
core_power.lvl2_turbo_license:u	347	0	0
core_power.lvl2_turbo_license:u	348	0	0
core_power.lvl2_turbo_license:u	349	0	0
core_power.lvl2_turbo_license:u	350	0	0
core_power.lvl2_turbo_license:u	351	0	0
core_power.lvl2_turbo_license:u	352	0	0
core_power.lvl2_turbo_license:u	353	0	0
core_power.lvl2_turbo_license:u	354	0	0
core_power.lvl2_turbo_license:u	355	0	0
core_power.lvl2_turbo_license:u	356	0	0
core_power.lvl2_turbo_license:u	357	0	0
core_power.lvl2_turbo_license:u	358	0	0
core_power.lvl2_turbo_license:u	359	0	0
core_power.lvl2_turbo_license:u	360	0	0
core_power.lvl2_turbo_license:u	361	0	0
core_power.lvl2_turbo_license:u	362	0	0
core_power.lvl2_turbo_license:u	363	0	0
core_power.lvl2_turbo_license:u	364	0	0
core_power.lvl2_turbo_license:u	365	0	0
core_power.lvl2_turbo_license:u	366	0	0
core_power.lvl2_turbo_license:u	367	0	0
core_power.lvl2_turbo_license:u	368	0	0
core_power.lvl2_turbo_license:u	369	0	0
core_power.lvl2_turbo_license:u	370	0	0
core_power.lvl2_turbo_license:u	371	0	0
core_power.lvl2_turbo_license:u	372	0	0
core_power.lvl2_turbo_license:u	373	0	0
core_power.lvl2_turbo_license:u	374	0	0
core_power.lvl2_turbo_license:u	375	0	0
core_power.lvl2_turbo_license:u	376	0	0
core_power.lvl2_turbo_license:u	377	0	0
core_power.lvl2_turbo_license:u	378	0	0
core_power.lvl2_turbo_license:u	379	0	0
core_power.lvl2_turbo_license:u	380	0	0
core_power.lvl2_turbo_license:u	381	0	0
core_power.lvl2_turbo_license:u	382	0	0
core_power.lvl2_turbo_license:u	383	0	0
core_power.lvl2_turbo_license:u	384	0	0
core_power.lvl2_turbo_license:u	385	0	0
core_power.lvl2_turbo_license:u	386	0	0
core_power.lvl2_turbo_license:u	387	0	0
core_power.lvl2_turbo_license:u	388	0	0
core_power.lvl2_turbo_license:u	389	0	0
core_power.lvl2_turbo_license:u	390	0	0
core_power.lvl2_turbo_license:u	391	0	0
core_power.lvl2_turbo_license:u	392	0	0
core_power.lvl2_turbo_license:u	393	0	0
core_power.lvl2_turbo_license:u	394	0	0
core_power.lvl2_turbo_license:u	395	0	0
core_power.lvl2_turbo_license:u	396	0	0
core_power.lvl2_turbo_license:u	397	0	0
core_power.lvl2_turbo_license:u	398	0	0
core_power.lvl2_turbo_license:u	399	0	0
core_power.lvl2_turbo_license:u	400	0	0
core_power.lvl2_turbo_license:u	401	0	0
core_power.lvl2_turbo_license:u	402	0	0
core_power.lvl2_turbo_license:u	403	0	0
core_power.lvl2_turbo_license:u	404	0	0
core_power.lvl2_turbo_license:u	405	0	0
core_power.lvl2_turbo_license:u	406	0	0
core_power.lvl2_turbo_license:u	407	0	0
core_power.lvl2_turbo_license:u	408	0	0
core_power.lvl2_turbo_license:u	409	0	0
core_power.lvl2_turbo_license:u	410	0	0
core_power.lvl2_turbo_license:u	411	0	0
core_power.lvl2_turbo_license:u	412	0	0
core_power.lvl2_turbo_license:u	413	0	0
core_power.lvl2_turbo_license:u	414	0	0
core_power.lvl2_turbo_license:u	415	0	0
core_power.lvl2_turbo_license:u	416	0	0
core_power.lvl2_turbo_license:u	417	0	0
core_power.lvl2_turbo_license:u	418	0	0
core_power.lvl2_turbo_license:u	419	0	0
core_power.lvl2_turbo_license:u	420	0	0
core_power.lvl2_turbo_license:u	421	0	0
core_power.lvl2_turbo_license:u	422	0	0
core_power.lvl2_turbo_license:u	423	0	0
core_power.lvl2_turbo_license:u	424	0	0
core_power.lvl2_turbo_license:u	425	0	0
core_power.lvl2_turbo_license:u	426	0	0
core_power.lvl2_turbo_license:u	427	0	0
core_power.lvl2_turbo_license:u	428	0	0
core_power.lvl2_turbo_license:u	429	0	0
core_power.lvl2_turbo_license:u	430	0	0
core_power.lvl2_turbo_license:u	431	0	0
core_power.lvl2_turbo_license:u	432	0	0
core_power.lvl2_turbo_license:u	433	0	0
core_power.lvl2_turbo_license:u	434	0	0
core_power.lvl2_turbo_license:u	435	0	0
core_power.lvl2_turbo_license:u	436	0	0
core_power.lvl2_turbo_license:u	437	0	0
core_power.lvl2_turbo_license:u	438	0	0
core_power.lvl2_turbo_license:u	439	0	0
core_power.lvl2_turbo_license:u	440	0	0
core_power.lvl2_turbo_license:u	441	0	0
core_power.lvl2_turbo_license:u	442	0	0
core_power.lvl2_turbo_license:u	443	0	0
core_power.lvl2_turbo_license:u	444	0	0
core_power.lvl2_turbo_license:u	445	0	0
core_power.lvl2_turbo_license:u	446	0	0
core_power.lvl2_turbo_license:u	447	0	0
core_power.lvl2_turbo_license:u	448	0	0
core_power.lvl2_turbo_license:u	449	0	0
core_power.lvl2_turbo_license:u	450	0	0
core_power.lvl2_turbo_license:u	451	0	0
core_power.lvl2_turbo_license:u	452	0	0
core_power.lvl2_turbo_license:u	453	0	0
core_power.lvl2_turbo_license:u	454	0	0
core_power.lvl2_turbo_license:u	455	0	0
core_power.lvl2_turbo_license:u	456	0	0
core_power.lvl2_turbo_license:u	457	0	0
core_power.lvl2_turbo_license:u	458	0	0
core_power.lvl2_turbo_license:u	459	0	0
core_power.lvl2_turbo_license:u	460	0	0
core_power.lvl2_turbo_license:u	461	0	0
core_power.lvl2_turbo_license:u	462	0	0
core_power.lvl2_turbo_license:u	463	0	0
core_power.lvl2_turbo_license:u	464	0	0
core_power.lvl2_turbo_license:u	465	0	0
core_power.lvl2_turbo_license:u	466	0	0
core_power.lvl2_turbo_license:u	467	0	0
core_power.lvl2_turbo_license:u	468	0	0
core_power.lvl2_turbo_license:u	469	0	0
core_power.lvl2_turbo_license:u	470	0	0
core_power.lvl2_turbo_license:u	471	0	0
core_power.lvl2_turbo_license:u	472	0	0
core_power.lvl2_turbo_license:u	473	0	0
core_power.lvl2_turbo_license:u	474	0	0
core_power.lvl2_turbo_license:u	475	0	0
core_power.lvl2_turbo_license:u	476	0	0
core_power.lvl2_turbo_license:u	477	0	0
core_power.lvl2_turbo_license:u	478	0	0
core_power.lvl2_turbo_license:u	479	0	0
core_power.lvl2_turbo_license:u	480	0	0
core_power.lvl2_turbo_license:u	481	0	0
core_power.lvl2_turbo_license:u	482	0	0
core_power.lvl2_turbo_license:u	483	0	0
core_power.lvl2_turbo_license:u	484	0	0
core_power.lvl2_turbo_license:u	485	0	0
core_power.lvl2_turbo_license:u	486	0	0
core_power.lvl2_turbo_license:u	487	0	0
core_power.lvl2_turbo_license:u	488	0	0
core_power.lvl2_turbo_license:u	489	0	0
core_power.lvl2_turbo_license:u	490	0	0
core_power.lvl2_turbo_license:u	491	0	0
core_power.lvl2_turbo_license:u	492	0	0
core_power.lvl2_turbo_license:u	493	0	0
core_power.lvl2_turbo_license:u	494	0	0
core_power.lvl2_turbo_license:u	495	0	0
core_power.lvl2_turbo_license:u	496	0	0
core_power.lvl2_turbo_license:u	497	0	0
core_power.lvl2_turbo_license:u	498	0	0
core_power.lvl2_turbo_license:u	499	0	0
core_power.lvl2_turbo_license:u	500	0	0
core_power.lvl2_turbo_license:u	501	0	0
core_power.lvl2_turbo_license:u	502	0	0
core_power.lvl2_turbo_license:u	503	0	0
core_power.lvl2_turbo_license:u	504	0	0
core_power.lvl2_turbo_license:u	505	0	0
core_power.lvl2_turbo_license:u	506	0	0
core_power.lvl2_turbo_license:u	507	0	0
core_power.lvl2_turbo_license:u	508	0	0
core_power.lvl2_turbo_license:u	509	0	0
core_power.lvl2_turbo_license:u	510	0	0
core_power.lvl2_turbo_license:u	511	0	0
core_power.lvl2_turbo_license:u	512	0	0
core_power.lvl2_turbo_license:u	513	0	0
core_power.lvl2_turbo_license:u	514	0	0
core_power.lvl2_turbo_license:u	515	0	0
core_power.lvl2_turbo_license:u	516	0	0
core_power.lvl2_turbo_license:u	517	0	0
core_power.lvl2_turbo_license:u	518	0	0
core_power.lvl2_turbo_license:u	519	0	0
core_power.lvl2_turbo_license:u	520	0	0
core_power.lvl2_turbo_license:u	521	0	0
core_power.lvl2_turbo_license:u	522	0	0
core_power.lvl2_turbo_license:u	523	0	0
core_power.lvl2_turbo_license:u	524	0	0
core_power.lvl2_turbo_license:u	525	0	0
core_power.lvl2_turbo_license:u	526	0	0
core_power.lvl2_turbo_license:u	527	0	0
core_power.lvl2_turbo_license:u	528	0	0
core_power.lvl2_turbo_license:u	529	0	0
core_power.lvl2_turbo_license:u	530	0	0
core_power.lvl2_turbo_license:u	531	0	0
core_power.lvl2_turbo_license:u	532	0	0
core_power.lvl2_turbo_license:u	533	0	0
core_power.lvl2_turbo_license:u	534	0	0
core_power.lvl2_turbo_license:u	535	0	0
core_power.lvl2_turbo_license:u	536	0	0
core_power.lvl2_turbo_license:u	537	0	0
core_power.lvl2_turbo_license:u	538	0	0
core_power.lvl2_turbo_license:u	539	0	0
core_power.lvl2_turbo_license:u	540	0	0
core_power.lvl2_turbo_license:u	541	0	0
core_power.lvl2_turbo_license:u	542	0	0
core_power.lvl2_turbo_license:u	543	0	0
core_power.lvl2_turbo_license:u	544	0	0
core_power.lvl2_turbo_license:u	545	0	0
core_power.lvl2_turbo_license:u	546	0	0
core_power.lvl2_turbo_license:u	547	0	0
core_power.lvl2_turbo_license:u	548	0	0
core_power.lvl2_turbo_license:u	549	0	0
core_power.lvl2_turbo_license:u	550	0	0
core_power.lvl2_turbo_license:u	551	0	0
core_power.lvl2_turbo_license:u	552	0	0
core_power.lvl2_turbo_license:u	553	0	0
core_power.lvl2_turbo_license:u	554	0	0
core_power.lvl2_turbo_license:u	555	0	0
core_power.lvl2_turbo_license:u	556	0	0
core_power.lvl2_turbo_license:u	557	0	0
core_power.lvl2_turbo_license:u	558	0	0
core_power.lvl2_turbo_license:u	559	0	0
core_power.lvl2_turbo_license:u	560	0	0
core_power.lvl2_turbo_license:u	561	0	0
core_power.lvl2_turbo_license:u	562	0	0
core_power.lvl2_turbo_license:u	563	0	0
core_power.lvl2_turbo_license:u	564	0	0
core_power.lvl2_turbo_license:u	565	0	0
core_power.lvl2_turbo_license:u	566	0	0
core_power.lvl2_turbo_license:u	567	0	0
core_power.lvl2_turbo_license:u	568	0	0
core_power.lvl2_turbo_license:u	569	0	0
core_power.lvl2_turbo_license:u	570	0	0
core_power.lvl2_turbo_license:u	571	0	0
core_power.lvl2_turbo_license:u	572	0	0
core_power.lvl2_turbo_license:u	573	0	0
core_power.lvl2_turbo_license:u	574	0	0
core_power.lvl2_turbo_license:u	575	0	0
core_power.lvl2_turbo_license:u	576	0	0
core_power.lvl2_turbo_license:u	577	0	0
core_power.lvl2_turbo_license:u	578	0	0
core_power.lvl2_turbo_license:u	579	0	0
core_power.lvl2_turbo_license:u	580	0	0
core_power.lvl2_turbo_license:u	581	0	0
core_power.lvl2_turbo_license:u	582	0	0
core_power.lvl2_turbo_license:u	583	0	0
core_power.lvl2_turbo_license:u	584	0	0
core_power.lvl2_turbo_license:u	585	0	0
core_power.lvl2_turbo_license:u	586	0	0
core_power.lvl2_turbo_license:u	587	0	0
core_power.lvl2_turbo_license:u	588	0	0
core_power.lvl2_turbo_license:u	589	0	0
core_power.lvl2_turbo_license:u	590	0	0
core_power.lvl2_turbo_license:u	591	0	0
core_power.lvl2_turbo_license:u	592	0	0
core_power.lvl2_turbo_license:u	593	0	0
core_power.lvl2_turbo_license:u	594	0	0
core_power.lvl2_turbo_license:u	595	0	0
core_power.lvl2_turbo_license:u	596	0	0
core_power.lvl2_turbo_license:u	597	0	0
core_power.lvl2_turbo_license:u	598	0	0
core_power.lvl2_turbo_license:u	599	0	0
core_power.lvl2_turbo_license:u	600	0	0
core_power.lvl2_turbo_license:u	601	0	0
core_power.lvl2_turbo_license:u	602	0	0
core_power.lvl2_turbo_license:u	603	0	0
core_power.lvl2_turbo_license:u	604	0	0
core_power.lvl2_turbo_license:u	605	0	0
core_power.lvl2_turbo_license:u	606	0	0
core_power.lvl2_turbo_license:u	607	0	0
core_power.lvl2_turbo_license:u	608	0	0
core_power.lvl2_turbo_license:u	609	0	0
core_power.lvl2_turbo_license:u	610	0	0
core_power.lvl2_turbo_license:u	611	0	0
core_power.lvl2_turbo_license:u	612	0	0
core_power.lvl2_turbo_license:u	613	0	0
core_power.lvl2_turbo_license:u	614	0	0
core_power.lvl2_turbo_license:u	615	0	0
core_power.lvl2_turbo_license:u	616	0	0
core_power.lvl2_turbo_license:u	617	0	0
core_power.lvl2_turbo_license:u	618	0	0
core_power.lvl2_turbo_license:u	619	0	0
core_power.lvl2_turbo_license:u	620	0	0
core_power.lvl2_turbo_license:u	621	0	0
core_power.lvl2_turbo_license:u	622	0	0
core_power.lvl2_turbo_license:u	623	0	0
core_power.lvl2_turbo_license:u	624	0	0
core_power.lvl2_turbo_license:u	625	0	0
core_power.lvl2_turbo_license:u	626	0	0
core_power.lvl2_turbo_license:u	627	0	0
core_power.lvl2_turbo_license:u	628	0	0
core_power.lvl2_turbo_license:u	629	0	0
core_power.lvl2_turbo_license:u	630	0	0
core_power.lvl2_turbo_license:u	631	0	0
core_power.lvl2_turbo_license:u	632	0	0
core_power.lvl2_turbo_license:u	633	0	0
core_power.lvl2_turbo_license:u	634	0	0
core_power.lvl2_turbo_license:u	635	0	0
core_power.lvl2_turbo_license:u	636	0	0
core_power.lvl2_turbo_license:u	637	0	0
core_power.lvl2_turbo_license:u	638	0	0
core_power.lvl2_turbo_license:u	639	0	0
core_power.lvl2_turbo_license:u	640	0	0
core_power.lvl2_turbo_license:u	641	0	0
core_power.lvl2_turbo_license:u	642	0	0
core_power.lvl2_turbo_license:u	643	0	0
core_power.lvl2_turbo_license:u	644	0	0
core_power.lvl2_turbo_license:u	645	0	0
core_power.lvl2_turbo_license:u	646	0	0
core_power.lvl2_turbo_license:u	647	0	0
core_power.lvl2_turbo_license:u	648	0	0
core_power.lvl2_turbo_license:u	649	0	0
core_power.lvl2_turbo_license:u	650	0	0
core_power.lvl2_turbo_license:u	651	0	0
core_power.lvl2_turbo_license:u	652	0	0
core_power.lvl2_turbo_license:u	653	0	0
core_power.lvl2_turbo_license:u	654	0	0
core_power.lvl2_turbo_license:u	655	0	0
core_power.lvl2_turbo_license:u	656	0	0
core_power.lvl2_turbo_license:u	657	0	0
core_power.lvl2_turbo_license:u	658	0	0
core_power.lvl2_turbo_license:u	659	0	0
core_power.lvl2_turbo_license:u	660	0	0
core_power.lvl2_turbo_license:u	661	0	0
core_power.lvl2_turbo_license:u	662	0	0
core_power.lvl2_turbo_license:u	663	0	0
core_power.lvl2_turbo_license:u	664	0	0
core_power.lvl2_turbo_license:u	665	0	0
core_power.lvl2_turbo_license:u	666	0	0
core_power.lvl2_turbo_license:u	667	0	0
core_power.lvl2_turbo_license:u	668	0	0
core_power.lvl2_turbo_license:u	669	0	0
core_power.lvl2_turbo_license:u	670	0	0
core_power.lvl2_turbo_license:u	671	0	0
core_power.lvl2_turbo_license:u	672	0	0
core_power.lvl2_turbo_license:u	673	0	0
core_power.lvl2_turbo_license:u	674	0	0
core_power.lvl2_turbo_license:u	675	0	0
core_power.lvl2_turbo_license:u	676	0	0
core_power.lvl2_turbo_license:u	677	0	0
core_power.lvl2_turbo_license:u	678	0	0
core_power.lvl2_turbo_license:u	679	0	0
core_power.lvl2_turbo_license:u	680	0	0
core_power.lvl2_turbo_license:u	681	0	0
core_power.lvl2_turbo_license:u	682	0	0
core_power.lvl2_turbo_license:u	683	0	0
core_power.lvl2_turbo_license:u	684	0	0
core_power.lvl2_turbo_license:u	685	0	0
core_power.lvl2_turbo_license:u	686	0	0
core_power.lvl2_turbo_license:u	687	0	0
core_power.lvl2_turbo_license:u	688	0	0
core_power.lvl2_turbo_license:u	689	0	0
core_power.lvl2_turbo_license:u	690	0	0
core_power.lvl2_turbo_license:u	691	0	0
core_power.lvl2_turbo_license:u	692	0	0
core_power.lvl2_turbo_license:u	693	0	0
core_power.lvl2_turbo_license:u	694	0	0
core_power.lvl2_turbo_license:u	695	0	0
core_power.lvl2_turbo_license:u	696	0	0
core_power.lvl2_turbo_license:u	697	0	0
core_power.lvl2_turbo_license:u	698	0	0
core_power.lvl2_turbo_license:u	699	0	0
core_power.lvl2_turbo_license:u	700	0	0
core_power.lvl2_turbo_license:u	701	0	0
core_power.lvl2_turbo_license:u	702	0	0
core_power.lvl2_turbo_license:u	703	0	0
core_power.lvl2_turbo_license:u	704	0	0
core_power.lvl2_turbo_license:u	705	0	0
core_power.lvl2_turbo_license:u	706	0	0
core_power.lvl2_turbo_license:u	707	0	0
core_power.lvl2_turbo_license:u	708	0	0
core_power.lvl2_turbo_license:u	709	0	0
core_power.lvl2_turbo_license:u	710	0	0
core_power.lvl2_turbo_license:u	711	0	0
core_power.lvl2_turbo_license:u	712	0	0
core_power.lvl2_turbo_license:u	713	0	0
core_power.lvl2_turbo_license:u	714	0	0
core_power.lvl2_turbo_license:u	715	0	0
core_power.lvl2_turbo_license:u	716	0	0
core_power.lvl2_turbo_license:u	717	0	0
core_power.lvl2_turbo_license:u	718	0	0
core_power.lvl2_turbo_license:u	719	0	0
core_power.lvl2_turbo_license:u	720	0	0
core_power.lvl2_turbo_license:u	721	0	0
core_power.lvl2_turbo_license:u	722	0	0
core_power.lvl2_turbo_license:u	723	0	0
core_power.lvl2_turbo_license:u	724	0	0
core_power.lvl2_turbo_license:u	725	0	0
core_power.lvl2_turbo_license:u	726	0	0
core_power.lvl2_turbo_license:u	727	0	0
core_power.lvl2_turbo_license:u	728	0	0
core_power.lvl2_turbo_license:u	729	0	0
core_power.lvl2_turbo_license:u	730	0	0
core_power.lvl2_turbo_license:u	731	0	0
core_power.lvl2_turbo_license:u	732	0	0
core_power.lvl2_turbo_license:u	733	0	0
core_power.lvl2_turbo_license:u	734	0	0
core_power.lvl2_turbo_license:u	735	0	0
core_power.lvl2_turbo_license:u	736	0	0
core_power.lvl2_turbo_license:u	737	0	0
core_power.lvl2_turbo_license:u	738	0	0
core_power.lvl2_turbo_license:u	739	0	0
core_power.lvl2_turbo_license:u	740	0	0
core_power.lvl2_turbo_license:u	741	0	0
core_power.lvl2_turbo_license:u	742	0	0
core_power.lvl2_turbo_license:u	743	0	0
core_power.lvl2_turbo_license:u	744	0	0
core_power.lvl2_turbo_license:u	745	0	0
core_power.lvl2_turbo_license:u	746	0	0
core_power.lvl2_turbo_license:u	747	0	0
core_power.lvl2_turbo_license:u	748	0	0
core_power.lvl2_turbo_license:u	749	0	0
core_power.lvl2_turbo_license:u	750	0	0
core_power.lvl2_turbo_license:u	751	0	0
core_power.lvl2_turbo_license:u	752	0	0
core_power.lvl2_turbo_license:u	753	0	0
core_power.lvl2_turbo_license:u	754	0	0
core_power.lvl2_turbo_license:u	755	0	0
core_power.lvl2_turbo_license:u	756	0	0
core_power.lvl2_turbo_license:u	757	0	0
core_power.lvl2_turbo_license:u	758	0	0
core_power.lvl2_turbo_license:u	759	0	0
core_power.lvl2_turbo_license:u	760	0	0
core_power.lvl2_turbo_license:u	761	0	0
core_power.lvl2_turbo_license:u	762	0	0
core_power.lvl2_turbo_license:u	763	0	0
core_power.lvl2_turbo_license:u	764	0	0
core_power.lvl2_turbo_license:u	765	0	0
core_power.lvl2_turbo_license:u	766	0	0
core_power.lvl2_turbo_license:u	767	0	0
core_power.lvl2_turbo_license:u	768	0	0
core_power.lvl2_turbo_license:u	769	0	0
core_power.lvl2_turbo_license:u	770	0	0
core_power.lvl2_turbo_license:u	771	0	0
core_power.lvl2_turbo_license:u	772	0	0
core_power.lvl2_turbo_license:u	773	0	0
core_power.lvl2_turbo_license:u	774	0	0
core_power.lvl2_turbo_license:u	775	0	0
core_power.lvl2_turbo_license:u	776	0	0
core_power.lvl2_turbo_license:u	777	0	0
core_power.lvl2_turbo_license:u	778	0	0
core_power.lvl2_turbo_license:u	779	0	0
core_power.lvl2_turbo_license:u	780	0	0
core_power.lvl2_turbo_license:u	781	0	0
core_power.lvl2_turbo_license:u	782	0	0
core_power.lvl2_turbo_license:u	783	0	0
core_power.lvl2_turbo_license:u	784	0	0
core_power.lvl2_turbo_license:u	785	0	0
core_power.lvl2_turbo_license:u	786	0	0
core_power.lvl2_turbo_license:u	787	0	0
core_power.lvl2_turbo_license:u	788	0	0
core_power.lvl2_turbo_license:u	789	0	0
core_power.lvl2_turbo_license:u	790	0	0
core_power.lvl2_turbo_license:u	791	0	0
core_power.lvl2_turbo_license:u	792	0	0
core_power.lvl2_turbo_license:u	793	0	0
core_power.lvl2_turbo_license:u	794	0	0
core_power.lvl2_turbo_license:u	795	0	0
core_power.lvl2_turbo_license:u	796	0	0
core_power.lvl2_turbo_license:u	797	0	0
core_power.lvl2_turbo_license:u	798	0	0
core_power.lvl2_turbo_license:u	799	0	0
core_power.lvl2_turbo_license:u	800	0	0
core_power.lvl2_turbo_license:u	801	0	0
core_power.lvl2_turbo_license:u	802	0	0
core_power.lvl2_turbo_license:u	803	0	0
core_power.lvl2_turbo_license:u	804	0	0
core_power.lvl2_turbo_license:u	805	0	0
core_power.lvl2_turbo_license:u	806	0	0
core_power.lvl2_turbo_license:u	807	0	0
core_power.lvl2_turbo_license:u	808	0	0
core_power.lvl2_turbo_license:u	809	0	0
core_power.lvl2_turbo_license:u	810	0	0
core_power.lvl2_turbo_license:u	811	0	0
core_power.lvl2_turbo_license:u	812	0	0
core_power.lvl2_turbo_license:u	813	0	0
core_power.lvl2_turbo_license:u	814	0	0
core_power.lvl2_turbo_license:u	815	0	0
core_power.lvl2_turbo_license:u	816	0	0
core_power.lvl2_turbo_license:u	817	0	0
core_power.lvl2_turbo_license:u	818	0	0
core_power.lvl2_turbo_license:u	819	0	0
core_power.lvl2_turbo_license:u	820	0	0
core_power.lvl2_turbo_license:u	821	0	0
core_power.lvl2_turbo_license:u	822	0	0
core_power.lvl2_turbo_license:u	823	0	0
core_power.lvl2_turbo_license:u	824	0	0
core_power.lvl2_turbo_license:u	825	0	0
core_power.lvl2_turbo_license:u	826	0	0
core_power.lvl2_turbo_license:u	827	0	0
core_power.lvl2_turbo_license:u	828	0	0
core_power.lvl2_turbo_license:u	829	0	0
core_power.lvl2_turbo_license:u	830	0	0
core_power.lvl2_turbo_license:u	831	0	0
core_power.lvl2_turbo_license:u	832	0	0
core_power.lvl2_turbo_license:u	833	0	0
core_power.lvl2_turbo_license:u	834	0	0
core_power.lvl2_turbo_license:u	835	0	0
core_power.lvl2_turbo_license:u	836	0	0
core_power.lvl2_turbo_license:u	837	0	0
core_power.lvl2_turbo_license:u	838	0	0
core_power.lvl2_turbo_license:u	839	0	0
core_power.lvl2_turbo_license:u	840	0	0
core_power.lvl2_turbo_license:u	841	0	0
core_power.lvl2_turbo_license:u	842	0	0
core_power.lvl2_turbo_license:u	843	0	0
core_power.lvl2_turbo_license:u	844	0	0
core_power.lvl2_turbo_license:u	845	0	0
core_power.lvl2_turbo_license:u	846	0	0
core_power.lvl2_turbo_license:u	847	0	0
core_power.lvl2_turbo_license:u	848	0	0
core_power.lvl2_turbo_license:u	849	0	0
core_power.lvl2_turbo_license:u	850	0	0
core_power.lvl2_turbo_license:u	851	0	0
core_power.lvl2_turbo_license:u	852	0	0
core_power.lvl2_turbo_license:u	853	0	0
core_power.lvl2_turbo_license:u	854	0	0
core_power.lvl2_turbo_license:u	855	0	0
core_power.lvl2_turbo_license:u	856	0	0
core_power.lvl2_turbo_license:u	857	0	0
core_power.lvl2_turbo_license:u	858	0	0
core_power.lvl2_turbo_license:u	859	0	0
core_power.lvl2_turbo_license:u	860	0	0
core_power.lvl2_turbo_license:u	861	0	0
core_power.lvl2_turbo_license:u	862	0	0
core_power.lvl2_turbo_license:u	863	0	0
core_power.lvl2_turbo_license:u	864	0	0
core_power.lvl2_turbo_license:u	865	0	0
core_power.lvl2_turbo_license:u	866	0	0
core_power.lvl2_turbo_license:u	867	0	0
core_power.lvl2_turbo_license:u	868	0	0
core_power.lvl2_turbo_license:u	869	0	0
core_power.lvl2_turbo_license:u	870	0	0
core_power.lvl2_turbo_license:u	871	0	0
core_power.lvl2_turbo_license:u	872	0	0
core_power.lvl2_turbo_license:u	873	0	0
core_power.lvl2_turbo_license:u	874	0	0
core_power.lvl2_turbo_license:u	875	0	0
core_power.lvl2_turbo_license:u	876	0	0
core_power.lvl2_turbo_license:u	877	0	0
core_power.lvl2_turbo_license:u	878	0	0
core_power.lvl2_turbo_license:u	879	0	0
core_power.lvl2_turbo_license:u	880	0	0
core_power.lvl2_turbo_license:u	881	0	0
core_power.lvl2_turbo_license:u	882	0	0
core_power.lvl2_turbo_license:u	883	0	0
core_power.lvl2_turbo_license:u	884	0	0
core_power.lvl2_turbo_license:u	885	0	0
core_power.lvl2_turbo_license:u	886	0	0
core_power.lvl2_turbo_license:u	887	0	0
core_power.lvl2_turbo_license:u	888	0	0
core_power.lvl2_turbo_license:u	889	0	0
core_power.lvl2_turbo_license:u	890	0	0
core_power.lvl2_turbo_license:u	891	0	0
core_power.lvl2_turbo_license:u	892	0	0
core_power.lvl2_turbo_license:u	893	0	0
core_power.lvl2_turbo_license:u	894	0	0
core_power.lvl2_turbo_license:u	895	0	0
core_power.lvl2_turbo_license:u	896	0	0
core_power.lvl2_turbo_license:u	897	0	0
core_power.lvl2_turbo_license:u	898	0	0
core_power.lvl2_turbo_license:u	899	0	0
core_power.lvl2_turbo_license:u	900	0	0
core_power.lvl2_turbo_license:u	901	0	0
core_power.lvl2_turbo_license:u	902	0	0
core_power.lvl2_turbo_license:u	903	0	0
core_power.lvl2_turbo_license:u	904	0	0
core_power.lvl2_turbo_license:u	905	0	0
core_power.lvl2_turbo_license:u	906	0	0
core_power.lvl2_turbo_license:u	907	0	0
core_power.lvl2_turbo_license:u	908	0	0
core_power.lvl2_turbo_license:u	909	0	0
core_power.lvl2_turbo_license:u	910	0	0
core_power.lvl2_turbo_license:u	911	0	0
core_power.lvl2_turbo_license:u	912	0	0
core_power.lvl2_turbo_license:u	913	0	0
core_power.lvl2_turbo_license:u	914	0	0
core_power.lvl2_turbo_license:u	915	0	0
core_power.lvl2_turbo_license:u	916	0	0
core_power.lvl2_turbo_license:u	917	0	0
core_power.lvl2_turbo_license:u	918	0	0
core_power.lvl2_turbo_license:u	919	0	0
core_power.lvl2_turbo_license:u	920	0	0
core_power.lvl2_turbo_license:u	921	0	0
core_power.lvl2_turbo_license:u	922	0	0
core_power.lvl2_turbo_license:u	923	0	0
core_power.lvl2_turbo_license:u	924	0	0
core_power.lvl2_turbo_license:u	925	0	0
core_power.lvl2_turbo_license:u	926	0	0
core_power.lvl2_turbo_license:u	927	0	0
core_power.lvl2_turbo_license:u	928	0	0
core_power.lvl2_turbo_license:u	929	0	0
core_power.lvl2_turbo_license:u	930	0	0
core_power.lvl2_turbo_license:u	931	0	0
core_power.lvl2_turbo_license:u	932	0	0
core_power.lvl2_turbo_license:u	933	0	0
core_power.lvl2_turbo_license:u	934	0	0
core_power.lvl2_turbo_license:u	935	0	0
core_power.lvl2_turbo_license:u	936	0	0
core_power.lvl2_turbo_license:u	937	0	0
core_power.lvl2_turbo_license:u	938	0	0
core_power.lvl2_turbo_license:u	939	0	0
core_power.lvl2_turbo_license:u	940	0	0
core_power.lvl2_turbo_license:u	941	0	0
core_power.lvl2_turbo_license:u	942	0	0
core_power.lvl2_turbo_license:u	943	0	0
core_power.lvl2_turbo_license:u	944	0	0
core_power.lvl2_turbo_license:u	945	0	0
core_power.lvl2_turbo_license:u	946	0	0
core_power.lvl2_turbo_license:u	947	0	0
core_power.lvl2_turbo_license:u	948	0	0
core_power.lvl2_turbo_license:u	949	0	0
core_power.lvl2_turbo_license:u	950	0	0
core_power.lvl2_turbo_license:u	951	0	0
core_power.lvl2_turbo_license:u	952	0	0
core_power.lvl2_turbo_license:u	953	0	0
core_power.lvl2_turbo_license:u	954	0	0
core_power.lvl2_turbo_license:u	955	0	0
core_power.lvl2_turbo_license:u	956	0	0
core_power.lvl2_turbo_license:u	957	0	0
core_power.lvl2_turbo_license:u	958	0	0
core_power.lvl2_turbo_license:u	959	0	0
core_power.lvl2_turbo_license:u	960	0	0
core_power.lvl2_turbo_license:u	961	0	0
core_power.lvl2_turbo_license:u	962	0	0
core_power.lvl2_turbo_license:u	963	0	0
core_power.lvl2_turbo_license:u	964	0	0
core_power.lvl2_turbo_license:u	965	0	0
core_power.lvl2_turbo_license:u	966	0	0
core_power.lvl2_turbo_license:u	967	0	0
core_power.lvl2_turbo_license:u	968	0	0
core_power.lvl2_turbo_license:u	969	0	0
core_power.lvl2_turbo_license:u	970	0	0
core_power.lvl2_turbo_license:u	971	0	0
core_power.lvl2_turbo_license:u	972	0	0
core_power.lvl2_turbo_license:u	973	0	0
core_power.lvl2_turbo_license:u	974	0	0
core_power.lvl2_turbo_license:u	975	0	0
core_power.lvl2_turbo_license:u	976	0	0
core_power.lvl2_turbo_license:u	977	0	0
core_power.lvl2_turbo_license:u	978	0	0
core_power.lvl2_turbo_license:u	979	0	0
core_power.lvl2_turbo_license:u	980	0	0
core_power.lvl2_turbo_license:u	981	0	0
core_power.lvl2_turbo_license:u	982	0	0
core_power.lvl2_turbo_license:u	983	0	0
core_power.lvl2_turbo_license:u	984	0	0
core_power.lvl2_turbo_license:u	985	0	0
core_power.lvl2_turbo_license:u	986	0	0
core_power.lvl2_turbo_license:u	987	0	0
core_power.lvl2_turbo_license:u	988	0	0
core_power.lvl2_turbo_license:u	989	0	0
core_power.lvl2_turbo_license:u	990	0	0
core_power.lvl2_turbo_license:u	991	0	0
core_power.lvl2_turbo_license:u	992	0	0
core_power.lvl2_turbo_license:u	993	0	0
core_power.lvl2_turbo_license:u	994	0	0
core_power.lvl2_turbo_license:u	995	0	0
core_power.lvl2_turbo_license:u	996	0	0
core_power.lvl2_turbo_license:u	997	0	0
core_power.lvl2_turbo_license:u	998	0	0
core_power.lvl2_turbo_license:u	999	0	0
core_power.lvl2_turbo_license:u	1000	0	0
br_inst_retired.near_return:u	1	200000	0
br_inst_retired.near_return:u	2	200000	0
br_inst_retired.near_return:u	3	200000	0
br_inst_retired.near_return:u	4	200000	0
br_inst_retired.near_return:u	5	200000	0
br_inst_retired.near_return:u	6	200000	0
br_inst_retired.near_return:u	7	200000	0
br_inst_retired.near_return:u	8	200000	0
br_inst_retired.near_return:u	9	200000	0
br_inst_retired.near_return:u	10	200000	0
br_inst_retired.near_return:u	11	200000	0
br_inst_retired.near_return:u	12	200000	0
br_inst_retired.near_return:u	13	200000	0
br_inst_retired.near_return:u	14	200000	0
br_inst_retired.near_return:u	15	200000	0
br_inst_retired.near_return:u	16	200000	0
br_inst_retired.near_return:u	17	200000	0
br_inst_retired.near_return:u	18	200000	0
br_inst_retired.near_return:u	19	200000	0
br_inst_retired.near_return:u	20	200000	0
br_inst_retired.near_return:u	21	200000	0
br_inst_retired.near_return:u	22	200000	0
br_inst_retired.near_return:u	23	200000	0
br_inst_retired.near_return:u	24	200000	0
br_inst_retired.near_return:u	25	200000	0
br_inst_retired.near_return:u	26	200000	0
br_inst_retired.near_return:u	27	200000	0
br_inst_retired.near_return:u	28	200000	0
br_inst_retired.near_return:u	29	200000	0
br_inst_retired.near_return:u	30	200000	0
br_inst_retired.near_return:u	31	200000	0
br_inst_retired.near_return:u	32	200000	0
br_inst_retired.near_return:u	33	200000	0
br_inst_retired.near_return:u	34	200000	0
br_inst_retired.near_return:u	35	200000	0
br_inst_retired.near_return:u	36	200000	0
br_inst_retired.near_return:u	37	200000	0
br_inst_retired.near_return:u	38	200000	0
br_inst_retired.near_return:u	39	200000	0
br_inst_retired.near_return:u	40	200000	0
br_inst_retired.near_return:u	41	200000	0
br_inst_retired.near_return:u	42	200000	0
br_inst_retired.near_return:u	43	200000	0
br_inst_retired.near_return:u	44	200000	0
br_inst_retired.near_return:u	45	200000	0
br_inst_retired.near_return:u	46	200000	0
br_inst_retired.near_return:u	47	200000	0
br_inst_retired.near_return:u	48	200000	0
br_inst_retired.near_return:u	49	200000	0
br_inst_retired.near_return:u	50	200000	0
br_inst_retired.near_return:u	51	200000	0
br_inst_retired.near_return:u	52	200000	0
br_inst_retired.near_return:u	53	200000	0
br_inst_retired.near_return:u	54	200000	0
br_inst_retired.near_return:u	55	200000	0
br_inst_retired.near_return:u	56	200000	0
br_inst_retired.near_return:u	57	200000	0
br_inst_retired.near_return:u	58	200000	0
br_inst_retired.near_return:u	59	200000	0
br_inst_retired.near_return:u	60	200000	0
br_inst_retired.near_return:u	61	200000	0
br_inst_retired.near_return:u	62	200000	0
br_inst_retired.near_return:u	63	200000	0
br_inst_retired.near_return:u	64	200000	0
br_inst_retired.near_return:u	65	200000	0
br_inst_retired.near_return:u	66	200000	0
br_inst_retired.near_return:u	67	200000	0
br_inst_retired.near_return:u	68	200000	0
br_inst_retired.near_return:u	69	200000	0
br_inst_retired.near_return:u	70	200000	0
br_inst_retired.near_return:u	71	200000	0
br_inst_retired.near_return:u	72	200000	0
br_inst_retired.near_return:u	73	200000	0
br_inst_retired.near_return:u	74	200000	0
br_inst_retired.near_return:u	75	200000	0
br_inst_retired.near_return:u	76	200000	0
br_inst_retired.near_return:u	77	200000	0
br_inst_retired.near_return:u	78	200000	0
br_inst_retired.near_return:u	79	200000	0
br_inst_retired.near_return:u	80	200000	0
br_inst_retired.near_return:u	81	200000	0
br_inst_retired.near_return:u	82	200000	0
br_inst_retired.near_return:u	83	200000	0
br_inst_retired.near_return:u	84	200000	0
br_inst_retired.near_return:u	85	200000	0
br_inst_retired.near_return:u	86	200000	0
br_inst_retired.near_return:u	87	200000	0
br_inst_retired.near_return:u	88	200000	0
br_inst_retired.near_return:u	89	200000	0
br_inst_retired.near_return:u	90	200000	0
br_inst_retired.near_return:u	91	200000	0
br_inst_retired.near_return:u	92	200000	0
br_inst_retired.near_return:u	93	200000	0
br_inst_retired.near_return:u	94	200000	0
br_inst_retired.near_return:u	95	200000	0
br_inst_retired.near_return:u	96	200000	0
br_inst_retired.near_return:u	97	200000	0
br_inst_retired.near_return:u	98	200000	0
br_inst_retired.near_return:u	99	200000	0
br_inst_retired.near_return:u	100	200000	0
br_inst_retired.near_return:u	101	200000	0
br_inst_retired.near_return:u	102	200000	0
br_inst_retired.near_return:u	103	200000	0
br_inst_retired.near_return:u	104	200000	0
br_inst_retired.near_return:u	105	200000	0
br_inst_retired.near_return:u	106	200000	0
br_inst_retired.near_return:u	107	200000	0
br_inst_retired.near_return:u	108	200000	0
br_inst_retired.near_return:u	109	200000	0
br_inst_retired.near_return:u	110	200000	0
br_inst_retired.near_return:u	111	200000	0
br_inst_retired.near_return:u	112	200000	0
br_inst_retired.near_return:u	113	200000	0
br_inst_retired.near_return:u	114	200000	0
br_inst_retired.near_return:u	115	200000	0
br_inst_retired.near_return:u	116	200000	0
br_inst_retired.near_return:u	117	200000	0
br_inst_retired.near_return:u	118	200000	0
br_inst_retired.near_return:u	119	200000	0
br_inst_retired.near_return:u	120	200000	0
br_inst_retired.near_return:u	121	200000	0
br_inst_retired.near_return:u	122	200000	0
br_inst_retired.near_return:u	123	200000	0
br_inst_retired.near_return:u	124	200000	0
br_inst_retired.near_return:u	125	200000	0
br_inst_retired.near_return:u	126	200000	0
br_inst_retired.near_return:u	127	200000	0
br_inst_retired.near_return:u	128	200000	0
br_inst_retired.near_return:u	129	200000	0
br_inst_retired.near_return:u	130	200000	0
br_inst_retired.near_return:u	131	200000	0
br_inst_retired.near_return:u	132	200000	0
br_inst_retired.near_return:u	133	200000	0
br_inst_retired.near_return:u	134	200000	0
br_inst_retired.near_return:u	135	200000	0
br_inst_retired.near_return:u	136	200000	0
br_inst_retired.near_return:u	137	200000	0
br_inst_retired.near_return:u	138	200000	0
br_inst_retired.near_return:u	139	200000	0
br_inst_retired.near_return:u	140	200000	0
br_inst_retired.near_return:u	141	200000	0
br_inst_retired.near_return:u	142	200000	0
br_inst_retired.near_return:u	143	200000	0
br_inst_retired.near_return:u	144	200000	0
br_inst_retired.near_return:u	145	200000	0
br_inst_retired.near_return:u	146	200000	0
br_inst_retired.near_return:u	147	200000	0
br_inst_retired.near_return:u	148	200000	0
br_inst_retired.near_return:u	149	200000	0
br_inst_retired.near_return:u	150	200000	0
br_inst_retired.near_return:u	151	200000	0
br_inst_retired.near_return:u	152	200000	0
br_inst_retired.near_return:u	153	200000	0
br_inst_retired.near_return:u	154	200000	0
br_inst_retired.near_return:u	155	200000	0
br_inst_retired.near_return:u	156	200000	0
br_inst_retired.near_return:u	157	200000	0
br_inst_retired.near_return:u	158	200000	0
br_inst_retired.near_return:u	159	200000	0
br_inst_retired.near_return:u	160	200000	0
br_inst_retired.near_return:u	161	200000	0
br_inst_retired.near_return:u	162	200000	0
br_inst_retired.near_return:u	163	200000	0
br_inst_retired.near_return:u	164	200000	0
br_inst_retired.near_return:u	165	200000	0
br_inst_retired.near_return:u	166	200000	0
br_inst_retired.near_return:u	167	200000	0
br_inst_retired.near_return:u	168	200000	0
br_inst_retired.near_return:u	169	200000	0
br_inst_retired.near_return:u	170	200000	0
br_inst_retired.near_return:u	171	200000	0
br_inst_retired.near_return:u	172	200000	0
br_inst_retired.near_return:u	173	200000	0
br_inst_retired.near_return:u	174	200000	0
br_inst_retired.near_return:u	175	200000	0
br_inst_retired.near_return:u	176	200000	0
br_inst_retired.near_return:u	177	200000	0
br_inst_retired.near_return:u	178	200000	0
br_inst_retired.near_return:u	179	200000	0
br_inst_retired.near_return:u	180	200000	0
br_inst_retired.near_return:u	181	200000	0
br_inst_retired.near_return:u	182	200000	0
br_inst_retired.near_return:u	183	200000	0
br_inst_retired.near_return:u	184	200000	0
br_inst_retired.near_return:u	185	200000	0
br_inst_retired.near_return:u	186	200000	0
br_inst_retired.near_return:u	187	200000	0
br_inst_retired.near_return:u	188	200000	0
br_inst_retired.near_return:u	189	200000	0
br_inst_retired.near_return:u	190	200000	0
br_inst_retired.near_return:u	191	200000	0
br_inst_retired.near_return:u	192	200000	0
br_inst_retired.near_return:u	193	200000	0
br_inst_retired.near_return:u	194	200000	0
br_inst_retired.near_return:u	195	200000	0
br_inst_retired.near_return:u	196	200000	0
br_inst_retired.near_return:u	197	200000	0
br_inst_retired.near_return:u	198	200000	0
br_inst_retired.near_return:u	199	200000	0
br_inst_retired.near_return:u	200	200000	0
br_inst_retired.near_return:u	201	200000	0
br_inst_retired.near_return:u	202	200000	0
br_inst_retired.near_return:u	203	200000	0
br_inst_retired.near_return:u	204	200000	0
br_inst_retired.near_return:u	205	200000	0
br_inst_retired.near_return:u	206	200000	0
br_inst_retired.near_return:u	207	200000	0
br_inst_retired.near_return:u	208	200000	0
br_inst_retired.near_return:u	209	200000	0
br_inst_retired.near_return:u	210	200000	0
br_inst_retired.near_return:u	211	200000	0
br_inst_retired.near_return:u	212	200000	0
br_inst_retired.near_return:u	213	200000	0
br_inst_retired.near_return:u	214	200000	0
br_inst_retired.near_return:u	215	200000	0
br_inst_retired.near_return:u	216	200000	0
br_inst_retired.near_return:u	217	200000	0
br_inst_retired.near_return:u	218	200000	0
br_inst_retired.near_return:u	219	200000	0
br_inst_retired.near_return:u	220	200000	0
br_inst_retired.near_return:u	221	200000	0
br_inst_retired.near_return:u	222	200000	0
br_inst_retired.near_return:u	223	200000	0
br_inst_retired.near_return:u	224	200000	0
br_inst_retired.near_return:u	225	200000	0
br_inst_retired.near_return:u	226	200000	0
br_inst_retired.near_return:u	227	200000	0
br_inst_retired.near_return:u	228	200000	0
br_inst_retired.near_return:u	229	200000	0
br_inst_retired.near_return:u	230	200000	0
br_inst_retired.near_return:u	231	200000	0
br_inst_retired.near_return:u	232	200000	0
br_inst_retired.near_return:u	233	200000	0
br_inst_retired.near_return:u	234	200000	0
br_inst_retired.near_return:u	235	200000	0
br_inst_retired.near_return:u	236	200000	0
br_inst_retired.near_return:u	237	200000	0
br_inst_retired.near_return:u	238	200000	0
br_inst_retired.near_return:u	239	200000	0
br_inst_retired.near_return:u	240	200000	0
br_inst_retired.near_return:u	241	200000	0
br_inst_retired.near_return:u	242	200000	0
br_inst_retired.near_return:u	243	200000	0
br_inst_retired.near_return:u	244	200000	0
br_inst_retired.near_return:u	245	200000	0
br_inst_retired.near_return:u	246	200000	0
br_inst_retired.near_return:u	247	200000	0
br_inst_retired.near_return:u	248	200000	0
br_inst_retired.near_return:u	249	200000	0
br_inst_retired.near_return:u	250	200000	0
br_inst_retired.near_return:u	251	200000	0
br_inst_retired.near_return:u	252	200000	0
br_inst_retired.near_return:u	253	200000	0
br_inst_retired.near_return:u	254	200000	0
br_inst_retired.near_return:u	255	200000	0
br_inst_retired.near_return:u	256	200000	0
br_inst_retired.near_return:u	257	200000	0
br_inst_retired.near_return:u	258	200000	0
br_inst_retired.near_return:u	259	200000	0
br_inst_retired.near_return:u	260	200000	0
br_inst_retired.near_return:u	261	200000	0
br_inst_retired.near_return:u	262	200000	0
br_inst_retired.near_return:u	263	200000	0
br_inst_retired.near_return:u	264	200000	0
br_inst_retired.near_return:u	265	200000	0
br_inst_retired.near_return:u	266	200000	0
br_inst_retired.near_return:u	267	200000	0
br_inst_retired.near_return:u	268	200000	0
br_inst_retired.near_return:u	269	200000	0
br_inst_retired.near_return:u	270	200000	0
br_inst_retired.near_return:u	271	200000	0
br_inst_retired.near_return:u	272	200000	0
br_inst_retired.near_return:u	273	200000	0
br_inst_retired.near_return:u	274	200000	0
br_inst_retired.near_return:u	275	200000	0
br_inst_retired.near_return:u	276	200000	0
br_inst_retired.near_return:u	277	200000	0
br_inst_retired.near_return:u	278	200000	0
br_inst_retired.near_return:u	279	200000	0
br_inst_retired.near_return:u	280	200000	0
br_inst_retired.near_return:u	281	200000	0
br_inst_retired.near_return:u	282	200000	0
br_inst_retired.near_return:u	283	200000	0
br_inst_retired.near_return:u	284	200000	0
br_inst_retired.near_return:u	285	200000	0
br_inst_retired.near_return:u	286	200000	0
br_inst_retired.near_return:u	287	200000	0
br_inst_retired.near_return:u	288	200000	0
br_inst_retired.near_return:u	289	200000	0
br_inst_retired.near_return:u	290	200000	0
br_inst_retired.near_return:u	291	200000	0
br_inst_retired.near_return:u	292	200000	0
br_inst_retired.near_return:u	293	200000	0
br_inst_retired.near_return:u	294	200000	0
br_inst_retired.near_return:u	295	200000	0
br_inst_retired.near_return:u	296	200000	0
br_inst_retired.near_return:u	297	200000	0
br_inst_retired.near_return:u	298	200000	0
br_inst_retired.near_return:u	299	200000	0
br_inst_retired.near_return:u	300	200000	0
br_inst_retired.near_return:u	301	200000	0
br_inst_retired.near_return:u	302	200000	0
br_inst_retired.near_return:u	303	200000	0
br_inst_retired.near_return:u	304	200000	0
br_inst_retired.near_return:u	305	200000	0
br_inst_retired.near_return:u	306	200000	0
br_inst_retired.near_return:u	307	200000	0
br_inst_retired.near_return:u	308	200000	0
br_inst_retired.near_return:u	309	200000	0
br_inst_retired.near_return:u	310	200000	0
br_inst_retired.near_return:u	311	200000	0
br_inst_retired.near_return:u	312	200000	0
br_inst_retired.near_return:u	313	200000	0
br_inst_retired.near_return:u	314	200000	0
br_inst_retired.near_return:u	315	200000	0
br_inst_retired.near_return:u	316	200000	0
br_inst_retired.near_return:u	317	200000	0
br_inst_retired.near_return:u	318	200000	0
br_inst_retired.near_return:u	319	200000	0
br_inst_retired.near_return:u	320	200000	0
br_inst_retired.near_return:u	321	200000	0
br_inst_retired.near_return:u	322	200000	0
br_inst_retired.near_return:u	323	200000	0
br_inst_retired.near_return:u	324	200000	0
br_inst_retired.near_return:u	325	200000	0
br_inst_retired.near_return:u	326	200000	0
br_inst_retired.near_return:u	327	200000	0
br_inst_retired.near_return:u	328	200000	0
br_inst_retired.near_return:u	329	200000	0
br_inst_retired.near_return:u	330	200000	0
br_inst_retired.near_return:u	331	200000	0
br_inst_retired.near_return:u	332	200000	0
br_inst_retired.near_return:u	333	200000	0
br_inst_retired.near_return:u	334	200000	0
br_inst_retired.near_return:u	335	200000	0
br_inst_retired.near_return:u	336	200000	0
br_inst_retired.near_return:u	337	200000	0
br_inst_retired.near_return:u	338	200000	0
br_inst_retired.near_return:u	339	200000	0
br_inst_retired.near_return:u	340	200000	0
br_inst_retired.near_return:u	341	200000	0
br_inst_retired.near_return:u	342	200000	0
br_inst_retired.near_return:u	343	200000	0
br_inst_retired.near_return:u	344	200000	0
br_inst_retired.near_return:u	345	200000	0
br_inst_retired.near_return:u	346	200000	0
br_inst_retired.near_return:u	347	200000	0
br_inst_retired.near_return:u	348	200000	0
br_inst_retired.near_return:u	349	200000	0
br_inst_retired.near_return:u	350	200000	0
br_inst_retired.near_return:u	351	200000	0
br_inst_retired.near_return:u	352	200000	0
br_inst_retired.near_return:u	353	200000	0
br_inst_retired.near_return:u	354	200000	0
br_inst_retired.near_return:u	355	200000	0
br_inst_retired.near_return:u	356	200000	0
br_inst_retired.near_return:u	357	200000	0
br_inst_retired.near_return:u	358	200000	0
br_inst_retired.near_return:u	359	200000	0
br_inst_retired.near_return:u	360	200000	0
br_inst_retired.near_return:u	361	200000	0
br_inst_retired.near_return:u	362	200000	0
br_inst_retired.near_return:u	363	200000	0
br_inst_retired.near_return:u	364	200000	0
br_inst_retired.near_return:u	365	200000	0
br_inst_retired.near_return:u	366	200000	0
br_inst_retired.near_return:u	367	200000	0
br_inst_retired.near_return:u	368	200000	0
br_inst_retired.near_return:u	369	200000	0
br_inst_retired.near_return:u	370	200000	0
br_inst_retired.near_return:u	371	200000	0
br_inst_retired.near_return:u	372	200000	0
br_inst_retired.near_return:u	373	200000	0
br_inst_retired.near_return:u	374	200000	0
br_inst_retired.near_return:u	375	200000	0
br_inst_retired.near_return:u	376	200000	0
br_inst_retired.near_return:u	377	200000	0
br_inst_retired.near_return:u	378	200000	0
br_inst_retired.near_return:u	379	200000	0
br_inst_retired.near_return:u	380	200000	0
br_inst_retired.near_return:u	381	200000	0
br_inst_retired.near_return:u	382	200000	0
br_inst_retired.near_return:u	383	200000	0
br_inst_retired.near_return:u	384	200000	0
br_inst_retired.near_return:u	385	200000	0
br_inst_retired.near_return:u	386	200000	0
br_inst_retired.near_return:u	387	200000	0
br_inst_retired.near_return:u	388	200000	0
br_inst_retired.near_return:u	389	200000	0
br_inst_retired.near_return:u	390	200000	0
br_inst_retired.near_return:u	391	200000	0
br_inst_retired.near_return:u	392	200000	0
br_inst_retired.near_return:u	393	200000	0
br_inst_retired.near_return:u	394	200000	0
br_inst_retired.near_return:u	395	200000	0
br_inst_retired.near_return:u	396	200000	0
br_inst_retired.near_return:u	397	200000	0
br_inst_retired.near_return:u	398	200000	0
br_inst_retired.near_return:u	399	200000	0
br_inst_retired.near_return:u	400	200000	0
br_inst_retired.near_return:u	401	200000	0
br_inst_retired.near_return:u	402	200000	0
br_inst_retired.near_return:u	403	200000	0
br_inst_retired.near_return:u	404	200000	0
br_inst_retired.near_return:u	405	200000	0
br_inst_retired.near_return:u	406	200000	0
br_inst_retired.near_return:u	407	200000	0
br_inst_retired.near_return:u	408	200000	0
br_inst_retired.near_return:u	409	200000	0
br_inst_retired.near_return:u	410	200000	0
br_inst_retired.near_return:u	411	200000	0
br_inst_retired.near_return:u	412	200000	0
br_inst_retired.near_return:u	413	200000	0
br_inst_retired.near_return:u	414	200000	0
br_inst_retired.near_return:u	415	200000	0
br_inst_retired.near_return:u	416	200000	0
br_inst_retired.near_return:u	417	200000	0
br_inst_retired.near_return:u	418	200000	0
br_inst_retired.near_return:u	419	200000	0
br_inst_retired.near_return:u	420	200000	0
br_inst_retired.near_return:u	421	200000	0
br_inst_retired.near_return:u	422	200000	0
br_inst_retired.near_return:u	423	200000	0
br_inst_retired.near_return:u	424	200000	0
br_inst_retired.near_return:u	425	200000	0
br_inst_retired.near_return:u	426	200000	0
br_inst_retired.near_return:u	427	200000	0
br_inst_retired.near_return:u	428	200000	0
br_inst_retired.near_return:u	429	200000	0
br_inst_retired.near_return:u	430	200000	0
br_inst_retired.near_return:u	431	200000	0
br_inst_retired.near_return:u	432	200000	0
br_inst_retired.near_return:u	433	200000	0
br_inst_retired.near_return:u	434	200000	0
br_inst_retired.near_return:u	435	200000	0
br_inst_retired.near_return:u	436	200000	0
br_inst_retired.near_return:u	437	200000	0
br_inst_retired.near_return:u	438	200000	0
br_inst_retired.near_return:u	439	200000	0
br_inst_retired.near_return:u	440	200000	0
br_inst_retired.near_return:u	441	200000	0
br_inst_retired.near_return:u	442	200000	0
br_inst_retired.near_return:u	443	200000	0
br_inst_retired.near_return:u	444	200000	0
br_inst_retired.near_return:u	445	200000	0
br_inst_retired.near_return:u	446	200000	0
br_inst_retired.near_return:u	447	200000	0
br_inst_retired.near_return:u	448	200000	0
br_inst_retired.near_return:u	449	200000	0
br_inst_retired.near_return:u	450	200000	0
br_inst_retired.near_return:u	451	200000	0
br_inst_retired.near_return:u	452	200000	0
br_inst_retired.near_return:u	453	200000	0
br_inst_retired.near_return:u	454	200000	0
br_inst_retired.near_return:u	455	200000	0
br_inst_retired.near_return:u	456	200000	0
br_inst_retired.near_return:u	457	200000	0
br_inst_retired.near_return:u	458	200000	0
br_inst_retired.near_return:u	459	200000	0
br_inst_retired.near_return:u	460	200000	0
br_inst_retired.near_return:u	461	200000	0
br_inst_retired.near_return:u	462	200000	0
br_inst_retired.near_return:u	463	200000	0
br_inst_retired.near_return:u	464	200000	0
br_inst_retired.near_return:u	465	200000	0
br_inst_retired.near_return:u	466	200000	0
br_inst_retired.near_return:u	467	200000	0
br_inst_retired.near_return:u	468	200000	0
br_inst_retired.near_return:u	469	200000	0
br_inst_retired.near_return:u	470	200000	0
br_inst_retired.near_return:u	471	200000	0
br_inst_retired.near_return:u	472	200000	0
br_inst_retired.near_return:u	473	200000	0
br_inst_retired.near_return:u	474	200000	0
br_inst_retired.near_return:u	475	200000	0
br_inst_retired.near_return:u	476	200000	0
br_inst_retired.near_return:u	477	200000	0
br_inst_retired.near_return:u	478	200000	0
br_inst_retired.near_return:u	479	200000	0
br_inst_retired.near_return:u	480	200000	0
br_inst_retired.near_return:u	481	200000	0
br_inst_retired.near_return:u	482	200000	0
br_inst_retired.near_return:u	483	200000	0
br_inst_retired.near_return:u	484	200000	0
br_inst_retired.near_return:u	485	200000	0
br_inst_retired.near_return:u	486	200000	0
br_inst_retired.near_return:u	487	200000	0
br_inst_retired.near_return:u	488	200000	0
br_inst_retired.near_return:u	489	200000	0
br_inst_retired.near_return:u	490	200000	0
br_inst_retired.near_return:u	491	200000	0
br_inst_retired.near_return:u	492	200000	0
br_inst_retired.near_return:u	493	200000	0
br_inst_retired.near_return:u	494	200000	0
br_inst_retired.near_return:u	495	200000	0
br_inst_retired.near_return:u	496	200000	0
br_inst_retired.near_return:u	497	200000	0
br_inst_retired.near_return:u	498	200000	0
br_inst_retired.near_return:u	499	200000	0
br_inst_retired.near_return:u	500	200000	0
br_inst_retired.near_return:u	501	200000	0
br_inst_retired.near_return:u	502	200000	0
br_inst_retired.near_return:u	503	200000	0
br_inst_retired.near_return:u	504	200000	0
br_inst_retired.near_return:u	505	200000	0
br_inst_retired.near_return:u	506	200000	0
br_inst_retired.near_return:u	507	200000	0
br_inst_retired.near_return:u	508	200000	0
br_inst_retired.near_return:u	509	200000	0
br_inst_retired.near_return:u	510	200000	0
br_inst_retired.near_return:u	511	200000	0
br_inst_retired.near_return:u	512	200000	0
br_inst_retired.near_return:u	513	200000	0
br_inst_retired.near_return:u	514	200000	0
br_inst_retired.near_return:u	515	200000	0
br_inst_retired.near_return:u	516	200000	0
br_inst_retired.near_return:u	517	200000	0
br_inst_retired.near_return:u	518	200000	0
br_inst_retired.near_return:u	519	200000	0
br_inst_retired.near_return:u	520	200000	0
br_inst_retired.near_return:u	521	200000	0
br_inst_retired.near_return:u	522	200000	0
br_inst_retired.near_return:u	523	200000	0
br_inst_retired.near_return:u	524	200000	0
br_inst_retired.near_return:u	525	200000	0
br_inst_retired.near_return:u	526	200000	0
br_inst_retired.near_return:u	527	200000	0
br_inst_retired.near_return:u	528	200000	0
br_inst_retired.near_return:u	529	200000	0
br_inst_retired.near_return:u	530	200000	0
br_inst_retired.near_return:u	531	200000	0
br_inst_retired.near_return:u	532	200000	0
br_inst_retired.near_return:u	533	200000	0
br_inst_retired.near_return:u	534	200000	0
br_inst_retired.near_return:u	535	200000	0
br_inst_retired.near_return:u	536	200000	0
br_inst_retired.near_return:u	537	200000	0
br_inst_retired.near_return:u	538	200000	0
br_inst_retired.near_return:u	539	200000	0
br_inst_retired.near_return:u	540	200000	0
br_inst_retired.near_return:u	541	200000	0
br_inst_retired.near_return:u	542	200000	0
br_inst_retired.near_return:u	543	200000	0
br_inst_retired.near_return:u	544	200000	0
br_inst_retired.near_return:u	545	200000	0
br_inst_retired.near_return:u	546	200000	0
br_inst_retired.near_return:u	547	200000	0
br_inst_retired.near_return:u	548	200000	0
br_inst_retired.near_return:u	549	200000	0
br_inst_retired.near_return:u	550	200000	0
br_inst_retired.near_return:u	551	200000	0
br_inst_retired.near_return:u	552	200000	0
br_inst_retired.near_return:u	553	200000	0
br_inst_retired.near_return:u	554	200000	0
br_inst_retired.near_return:u	555	200000	0
br_inst_retired.near_return:u	556	200000	0
br_inst_retired.near_return:u	557	200000	0
br_inst_retired.near_return:u	558	200000	0
br_inst_retired.near_return:u	559	200000	0
br_inst_retired.near_return:u	560	200000	0
br_inst_retired.near_return:u	561	200000	0
br_inst_retired.near_return:u	562	200000	0
br_inst_retired.near_return:u	563	200000	0
br_inst_retired.near_return:u	564	200000	0
br_inst_retired.near_return:u	565	200000	0
br_inst_retired.near_return:u	566	200000	0
br_inst_retired.near_return:u	567	200000	0
br_inst_retired.near_return:u	568	200000	0
br_inst_retired.near_return:u	569	200000	0
br_inst_retired.near_return:u	570	200000	0
br_inst_retired.near_return:u	571	200000	0
br_inst_retired.near_return:u	572	200000	0
br_inst_retired.near_return:u	573	200000	0
br_inst_retired.near_return:u	574	200000	0
br_inst_retired.near_return:u	575	200000	0
br_inst_retired.near_return:u	576	200000	0
br_inst_retired.near_return:u	577	200000	0
br_inst_retired.near_return:u	578	200000	0
br_inst_retired.near_return:u	579	200000	0
br_inst_retired.near_return:u	580	200000	0
br_inst_retired.near_return:u	581	200000	0
br_inst_retired.near_return:u	582	200000	0
br_inst_retired.near_return:u	583	200000	0
br_inst_retired.near_return:u	584	200000	0
br_inst_retired.near_return:u	585	200000	0
br_inst_retired.near_return:u	586	200000	0
br_inst_retired.near_return:u	587	200000	0
br_inst_retired.near_return:u	588	200000	0
br_inst_retired.near_return:u	589	200000	0
br_inst_retired.near_return:u	590	200000	0
br_inst_retired.near_return:u	591	200000	0
br_inst_retired.near_return:u	592	200000	0
br_inst_retired.near_return:u	593	200000	0
br_inst_retired.near_return:u	594	200000	0
br_inst_retired.near_return:u	595	200000	0
br_inst_retired.near_return:u	596	200000	0
br_inst_retired.near_return:u	597	200000	0
br_inst_retired.near_return:u	598	200000	0
br_inst_retired.near_return:u	599	200000	0
br_inst_retired.near_return:u	600	200000	0
br_inst_retired.near_return:u	601	200000	0
br_inst_retired.near_return:u	602	200000	0
br_inst_retired.near_return:u	603	200000	0
br_inst_retired.near_return:u	604	200000	0
br_inst_retired.near_return:u	605	200000	0
br_inst_retired.near_return:u	606	200000	0
br_inst_retired.near_return:u	607	200000	0
br_inst_retired.near_return:u	608	200000	0
br_inst_retired.near_return:u	609	200000	0
br_inst_retired.near_return:u	610	200000	0
br_inst_retired.near_return:u	611	200000	0
br_inst_retired.near_return:u	612	200000	0
br_inst_retired.near_return:u	613	200000	0
br_inst_retired.near_return:u	614	200000	0
br_inst_retired.near_return:u	615	200000	0
br_inst_retired.near_return:u	616	200000	0
br_inst_retired.near_return:u	617	200000	0
br_inst_retired.near_return:u	618	200000	0
br_inst_retired.near_return:u	619	200000	0
br_inst_retired.near_return:u	620	200000	0
br_inst_retired.near_return:u	621	200000	0
br_inst_retired.near_return:u	622	200000	0
br_inst_retired.near_return:u	623	200000	0
br_inst_retired.near_return:u	624	200000	0
br_inst_retired.near_return:u	625	200000	0
br_inst_retired.near_return:u	626	200000	0
br_inst_retired.near_return:u	627	200000	0
br_inst_retired.near_return:u	628	200000	0
br_inst_retired.near_return:u	629	200000	0
br_inst_retired.near_return:u	630	200000	0
br_inst_retired.near_return:u	631	200000	0
br_inst_retired.near_return:u	632	200000	0
br_inst_retired.near_return:u	633	200000	0
br_inst_retired.near_return:u	634	200000	0
br_inst_retired.near_return:u	635	200000	0
br_inst_retired.near_return:u	636	200000	0
br_inst_retired.near_return:u	637	200000	0
br_inst_retired.near_return:u	638	200000	0
br_inst_retired.near_return:u	639	200000	0
br_inst_retired.near_return:u	640	200000	0
br_inst_retired.near_return:u	641	200000	0
br_inst_retired.near_return:u	642	200000	0
br_inst_retired.near_return:u	643	200000	0
br_inst_retired.near_return:u	644	200000	0
br_inst_retired.near_return:u	645	200000	0
br_inst_retired.near_return:u	646	200000	0
br_inst_retired.near_return:u	647	200000	0
br_inst_retired.near_return:u	648	200000	0
br_inst_retired.near_return:u	649	200000	0
br_inst_retired.near_return:u	650	200000	0
br_inst_retired.near_return:u	651	200000	0
br_inst_retired.near_return:u	652	200000	0
br_inst_retired.near_return:u	653	200000	0
br_inst_retired.near_return:u	654	200000	0
br_inst_retired.near_return:u	655	200000	0
br_inst_retired.near_return:u	656	200000	0
br_inst_retired.near_return:u	657	200000	0
br_inst_retired.near_return:u	658	200000	0
br_inst_retired.near_return:u	659	200000	0
br_inst_retired.near_return:u	660	200000	0
br_inst_retired.near_return:u	661	200000	0
br_inst_retired.near_return:u	662	200000	0
br_inst_retired.near_return:u	663	200000	0
br_inst_retired.near_return:u	664	200000	0
br_inst_retired.near_return:u	665	200000	0
br_inst_retired.near_return:u	666	200000	0
br_inst_retired.near_return:u	667	200000	0
br_inst_retired.near_return:u	668	200000	0
br_inst_retired.near_return:u	669	200000	0
br_inst_retired.near_return:u	670	200000	0
br_inst_retired.near_return:u	671	200000	0
br_inst_retired.near_return:u	672	200000	0
br_inst_retired.near_return:u	673	200000	0
br_inst_retired.near_return:u	674	200000	0
br_inst_retired.near_return:u	675	200000	0
br_inst_retired.near_return:u	676	200000	0
br_inst_retired.near_return:u	677	200000	0
br_inst_retired.near_return:u	678	200000	0
br_inst_retired.near_return:u	679	200000	0
br_inst_retired.near_return:u	680	200000	0
br_inst_retired.near_return:u	681	200000	0
br_inst_retired.near_return:u	682	200000	0
br_inst_retired.near_return:u	683	200000	0
br_inst_retired.near_return:u	684	200000	0
br_inst_retired.near_return:u	685	200000	0
br_inst_retired.near_return:u	686	200000	0
br_inst_retired.near_return:u	687	200000	0
br_inst_retired.near_return:u	688	200000	0
br_inst_retired.near_return:u	689	200000	0
br_inst_retired.near_return:u	690	200000	0
br_inst_retired.near_return:u	691	200000	0
br_inst_retired.near_return:u	692	200000	0
br_inst_retired.near_return:u	693	200000	0
br_inst_retired.near_return:u	694	200000	0
br_inst_retired.near_return:u	695	200000	0
br_inst_retired.near_return:u	696	200000	0
br_inst_retired.near_return:u	697	200000	0
br_inst_retired.near_return:u	698	200000	0
br_inst_retired.near_return:u	699	200000	0
br_inst_retired.near_return:u	700	200000	0
br_inst_retired.near_return:u	701	200000	0
br_inst_retired.near_return:u	702	200000	0
br_inst_retired.near_return:u	703	200000	0
br_inst_retired.near_return:u	704	200000	0
br_inst_retired.near_return:u	705	200000	0
br_inst_retired.near_return:u	706	200000	0
br_inst_retired.near_return:u	707	200000	0
br_inst_retired.near_return:u	708	200000	0
br_inst_retired.near_return:u	709	200000	0
br_inst_retired.near_return:u	710	200000	0
br_inst_retired.near_return:u	711	200000	0
br_inst_retired.near_return:u	712	200000	0
br_inst_retired.near_return:u	713	200000	0
br_inst_retired.near_return:u	714	200000	0
br_inst_retired.near_return:u	715	200000	0
br_inst_retired.near_return:u	716	200000	0
br_inst_retired.near_return:u	717	200000	0
br_inst_retired.near_return:u	718	200000	0
br_inst_retired.near_return:u	719	200000	0
br_inst_retired.near_return:u	720	200000	0
br_inst_retired.near_return:u	721	200000	0
br_inst_retired.near_return:u	722	200000	0
br_inst_retired.near_return:u	723	200000	0
br_inst_retired.near_return:u	724	200000	0
br_inst_retired.near_return:u	725	200000	0
br_inst_retired.near_return:u	726	200000	0
br_inst_retired.near_return:u	727	200000	0
br_inst_retired.near_return:u	728	200000	0
br_inst_retired.near_return:u	729	200000	0
br_inst_retired.near_return:u	730	200000	0
br_inst_retired.near_return:u	731	200000	0
br_inst_retired.near_return:u	732	200000	0
br_inst_retired.near_return:u	733	200000	0
br_inst_retired.near_return:u	734	200000	0
br_inst_retired.near_return:u	735	200000	0
br_inst_retired.near_return:u	736	200000	0
br_inst_retired.near_return:u	737	200000	0
br_inst_retired.near_return:u	738	200000	0
br_inst_retired.near_return:u	739	200000	0
br_inst_retired.near_return:u	740	200000	0
br_inst_retired.near_return:u	741	200000	0
br_inst_retired.near_return:u	742	200000	0
br_inst_retired.near_return:u	743	200000	0
br_inst_retired.near_return:u	744	200000	0
br_inst_retired.near_return:u	745	200000	0
br_inst_retired.near_return:u	746	200000	0
br_inst_retired.near_return:u	747	200000	0
br_inst_retired.near_return:u	748	200000	0
br_inst_retired.near_return:u	749	200000	0
br_inst_retired.near_return:u	750	200000	0
br_inst_retired.near_return:u	751	200000	0
br_inst_retired.near_return:u	752	200000	0
br_inst_retired.near_return:u	753	200000	0
br_inst_retired.near_return:u	754	200000	0
br_inst_retired.near_return:u	755	200000	0
br_inst_retired.near_return:u	756	200000	0
br_inst_retired.near_return:u	757	200000	0
br_inst_retired.near_return:u	758	200000	0
br_inst_retired.near_return:u	759	200000	0
br_inst_retired.near_return:u	760	200000	0
br_inst_retired.near_return:u	761	200000	0
br_inst_retired.near_return:u	762	200000	0
br_inst_retired.near_return:u	763	200000	0
br_inst_retired.near_return:u	764	200000	0
br_inst_retired.near_return:u	765	200000	0
br_inst_retired.near_return:u	766	200000	0
br_inst_retired.near_return:u	767	200000	0
br_inst_retired.near_return:u	768	200000	0
br_inst_retired.near_return:u	769	200000	0
br_inst_retired.near_return:u	770	200000	0
br_inst_retired.near_return:u	771	200000	0
br_inst_retired.near_return:u	772	200000	0
br_inst_retired.near_return:u	773	200000	0
br_inst_retired.near_return:u	774	200000	0
br_inst_retired.near_return:u	775	200000	0
br_inst_retired.near_return:u	776	200000	0
br_inst_retired.near_return:u	777	200000	0
br_inst_retired.near_return:u	778	200000	0
br_inst_retired.near_return:u	779	200000	0
br_inst_retired.near_return:u	780	200000	0
br_inst_retired.near_return:u	781	200000	0
br_inst_retired.near_return:u	782	200000	0
br_inst_retired.near_return:u	783	200000	0
br_inst_retired.near_return:u	784	200000	0
br_inst_retired.near_return:u	785	200000	0
br_inst_retired.near_return:u	786	200000	0
br_inst_retired.near_return:u	787	200000	0
br_inst_retired.near_return:u	788	200000	0
br_inst_retired.near_return:u	789	200000	0
br_inst_retired.near_return:u	790	200000	0
br_inst_retired.near_return:u	791	200000	0
br_inst_retired.near_return:u	792	200000	0
br_inst_retired.near_return:u	793	200000	0
br_inst_retired.near_return:u	794	200000	0
br_inst_retired.near_return:u	795	200000	0
br_inst_retired.near_return:u	796	200000	0
br_inst_retired.near_return:u	797	200000	0
br_inst_retired.near_return:u	798	200000	0
br_inst_retired.near_return:u	799	200000	0
br_inst_retired.near_return:u	800	200000	0
br_inst_retired.near_return:u	801	200000	0
br_inst_retired.near_return:u	802	200000	0
br_inst_retired.near_return:u	803	200000	0
br_inst_retired.near_return:u	804	200000	0
br_inst_retired.near_return:u	805	200000	0
br_inst_retired.near_return:u	806	200000	0
br_inst_retired.near_return:u	807	200000	0
br_inst_retired.near_return:u	808	200000	0
br_inst_retired.near_return:u	809	200000	0
br_inst_retired.near_return:u	810	200000	0
br_inst_retired.near_return:u	811	200000	0
br_inst_retired.near_return:u	812	200000	0
br_inst_retired.near_return:u	813	200000	0
br_inst_retired.near_return:u	814	200000	0
br_inst_retired.near_return:u	815	200000	0
br_inst_retired.near_return:u	816	200000	0
br_inst_retired.near_return:u	817	200000	0
br_inst_retired.near_return:u	818	200000	0
br_inst_retired.near_return:u	819	200000	0
br_inst_retired.near_return:u	820	200000	0
br_inst_retired.near_return:u	821	200000	0
br_inst_retired.near_return:u	822	200000	0
br_inst_retired.near_return:u	823	200000	0
br_inst_retired.near_return:u	824	200000	0
br_inst_retired.near_return:u	825	200000	0
br_inst_retired.near_return:u	826	200000	0
br_inst_retired.near_return:u	827	200000	0
br_inst_retired.near_return:u	828	200000	0
br_inst_retired.near_return:u	829	200000	0
br_inst_retired.near_return:u	830	200000	0
br_inst_retired.near_return:u	831	200000	0
br_inst_retired.near_return:u	832	200000	0
br_inst_retired.near_return:u	833	200000	0
br_inst_retired.near_return:u	834	200000	0
br_inst_retired.near_return:u	835	200000	0
br_inst_retired.near_return:u	836	200000	0
br_inst_retired.near_return:u	837	200000	0
br_inst_retired.near_return:u	838	200000	0
br_inst_retired.near_return:u	839	200000	0
br_inst_retired.near_return:u	840	200000	0
br_inst_retired.near_return:u	841	200000	0
br_inst_retired.near_return:u	842	200000	0
br_inst_retired.near_return:u	843	200000	0
br_inst_retired.near_return:u	844	200000	0
br_inst_retired.near_return:u	845	200000	0
br_inst_retired.near_return:u	846	200000	0
br_inst_retired.near_return:u	847	200000	0
br_inst_retired.near_return:u	848	200000	0
br_inst_retired.near_return:u	849	200000	0
br_inst_retired.near_return:u	850	200000	0
br_inst_retired.near_return:u	851	200000	0
br_inst_retired.near_return:u	852	200000	0
br_inst_retired.near_return:u	853	200000	0
br_inst_retired.near_return:u	854	200000	0
br_inst_retired.near_return:u	855	200000	0
br_inst_retired.near_return:u	856	200000	0
br_inst_retired.near_return:u	857	200000	0
br_inst_retired.near_return:u	858	200000	0
br_inst_retired.near_return:u	859	200000	0
br_inst_retired.near_return:u	860	200000	0
br_inst_retired.near_return:u	861	200000	0
br_inst_retired.near_return:u	862	200000	0
br_inst_retired.near_return:u	863	200000	0
br_inst_retired.near_return:u	864	200000	0
br_inst_retired.near_return:u	865	200000	0
br_inst_retired.near_return:u	866	200000	0
br_inst_retired.near_return:u	867	200000	0
br_inst_retired.near_return:u	868	200000	0
br_inst_retired.near_return:u	869	200000	0
br_inst_retired.near_return:u	870	200000	0
br_inst_retired.near_return:u	871	200000	0
br_inst_retired.near_return:u	872	200000	0
br_inst_retired.near_return:u	873	200000	0
br_inst_retired.near_return:u	874	200000	0
br_inst_retired.near_return:u	875	200000	0
br_inst_retired.near_return:u	876	200000	0
br_inst_retired.near_return:u	877	200000	0
br_inst_retired.near_return:u	878	200000	0
br_inst_retired.near_return:u	879	200000	0
br_inst_retired.near_return:u	880	200000	0
br_inst_retired.near_return:u	881	200000	0
br_inst_retired.near_return:u	882	200000	0
br_inst_retired.near_return:u	883	200000	0
br_inst_retired.near_return:u	884	200000	0
br_inst_retired.near_return:u	885	200000	0
br_inst_retired.near_return:u	886	200000	0
br_inst_retired.near_return:u	887	200000	0
br_inst_retired.near_return:u	888	200000	0
br_inst_retired.near_return:u	889	200000	0
br_inst_retired.near_return:u	890	200000	0
br_inst_retired.near_return:u	891	200000	0
br_inst_retired.near_return:u	892	200000	0
br_inst_retired.near_return:u	893	200000	0
br_inst_retired.near_return:u	894	200000	0
br_inst_retired.near_return:u	895	200000	0
br_inst_retired.near_return:u	896	200000	0
br_inst_retired.near_return:u	897	200000	0
br_inst_retired.near_return:u	898	200000	0
br_inst_retired.near_return:u	899	200000	0
br_inst_retired.near_return:u	900	200000	0
br_inst_retired.near_return:u	901	200000	0
br_inst_retired.near_return:u	902	200000	0
br_inst_retired.near_return:u	903	200000	0
br_inst_retired.near_return:u	904	200000	0
br_inst_retired.near_return:u	905	200000	0
br_inst_retired.near_return:u	906	200000	0
br_inst_retired.near_return:u	907	200000	0
br_inst_retired.near_return:u	908	200000	0
br_inst_retired.near_return:u	909	200000	0
br_inst_retired.near_return:u	910	200000	0
br_inst_retired.near_return:u	911	200000	0
br_inst_retired.near_return:u	912	200000	0
br_inst_retired.near_return:u	913	200000	0
br_inst_retired.near_return:u	914	200000	0
br_inst_retired.near_return:u	915	200000	0
br_inst_retired.near_return:u	916	200000	0
br_inst_retired.near_return:u	917	200000	0
br_inst_retired.near_return:u	918	200000	0
br_inst_retired.near_return:u	919	200000	0
br_inst_retired.near_return:u	920	200000	0
br_inst_retired.near_return:u	921	200000	0
br_inst_retired.near_return:u	922	200000	0
br_inst_retired.near_return:u	923	200000	0
br_inst_retired.near_return:u	924	200000	0
br_inst_retired.near_return:u	925	200000	0
br_inst_retired.near_return:u	926	200000	0
br_inst_retired.near_return:u	927	200000	0
br_inst_retired.near_return:u	928	200000	0
br_inst_retired.near_return:u	929	200000	0
br_inst_retired.near_return:u	930	200000	0
br_inst_retired.near_return:u	931	200000	0
br_inst_retired.near_return:u	932	200000	0
br_inst_retired.near_return:u	933	200000	0
br_inst_retired.near_return:u	934	200000	0
br_inst_retired.near_return:u	935	200000	0
br_inst_retired.near_return:u	936	200000	0
br_inst_retired.near_return:u	937	200000	0
br_inst_retired.near_return:u	938	200000	0
br_inst_retired.near_return:u	939	200000	0
br_inst_retired.near_return:u	940	200000	0
br_inst_retired.near_return:u	941	200000	0
br_inst_retired.near_return:u	942	200000	0
br_inst_retired.near_return:u	943	200000	0
br_inst_retired.near_return:u	944	200000	0
br_inst_retired.near_return:u	945	200000	0
br_inst_retired.near_return:u	946	200000	0
br_inst_retired.near_return:u	947	200000	0
br_inst_retired.near_return:u	948	200000	0
br_inst_retired.near_return:u	949	200000	0
br_inst_retired.near_return:u	950	200000	0
br_inst_retired.near_return:u	951	200000	0
br_inst_retired.near_return:u	952	200000	0
br_inst_retired.near_return:u	953	200000	0
br_inst_retired.near_return:u	954	200000	0
br_inst_retired.near_return:u	955	200000	0
br_inst_retired.near_return:u	956	200000	0
br_inst_retired.near_return:u	957	200000	0
br_inst_retired.near_return:u	958	200000	0
br_inst_retired.near_return:u	959	200000	0
br_inst_retired.near_return:u	960	200000	0
br_inst_retired.near_return:u	961	200000	0
br_inst_retired.near_return:u	962	200000	0
br_inst_retired.near_return:u	963	200000	0
br_inst_retired.near_return:u	964	200000	0
br_inst_retired.near_return:u	965	200000	0
br_inst_retired.near_return:u	966	200000	0
br_inst_retired.near_return:u	967	200000	0
br_inst_retired.near_return:u	968	200000	0
br_inst_retired.near_return:u	969	200000	0
br_inst_retired.near_return:u	970	200000	0
br_inst_retired.near_return:u	971	200000	0
br_inst_retired.near_return:u	972	200000	0
br_inst_retired.near_return:u	973	200000	0
br_inst_retired.near_return:u	974	200000	0
br_inst_retired.near_return:u	975	200000	0
br_inst_retired.near_return:u	976	200000	0
br_inst_retired.near_return:u	977	200000	0
br_inst_retired.near_return:u	978	200000	0
br_inst_retired.near_return:u	979	200000	0
br_inst_retired.near_return:u	980	200000	0
br_inst_retired.near_return:u	981	200000	0
br_inst_retired.near_return:u	982	200000	0
br_inst_retired.near_return:u	983	200000	0
br_inst_retired.near_return:u	984	200000	0
br_inst_retired.near_return:u	985	200000	0
br_inst_retired.near_return:u	986	200000	0
br_inst_retired.near_return:u	987	200000	0
br_inst_retired.near_return:u	988	200000	0
br_inst_retired.near_return:u	989	200000	0
br_inst_retired.near_return:u	990	200000	0
br_inst_retired.near_return:u	991	200000	0
br_inst_retired.near_return:u	992	200000	0
br_inst_retired.near_return:u	993	200000	0
br_inst_retired.near_return:u	994	200000	0
br_inst_retired.near_return:u	995	200000	0
br_inst_retired.near_return:u	996	200000	0
br_inst_retired.near_return:u	997	200000	0
br_inst_retired.near_return:u	998	200000	0
br_inst_retired.near_return:u	999	200000	0
br_inst_retired.near_return:u	1000	200000	0
cpu_clk_unhalted.thread_p:u	1	7630783443	0
cpu_clk_unhalted.thread_p:u	2	7628607016	0
inst_retired.nop:u	1	1580000	0
inst_retired.nop:u	2	1580000	0
inst_retired.nop:u	3	1580000	0
inst_retired.nop:u	4	1580000	0
inst_retired.nop:u	5	1580000	0
inst_retired.nop:u	6	1580000	0
inst_retired.nop:u	7	1580000	0
inst_retired.nop:u	8	1580000	0
inst_retired.nop:u	9	1580000	0
inst_retired.nop:u	10	1580000	0
inst_retired.nop:u	11	1580000	0
inst_retired.nop:u	12	1580000	0
inst_retired.nop:u	13	1580000	0
inst_retired.nop:u	14	1580000	0
inst_retired.nop:u	15	1580000	0
inst_retired.nop:u	16	1580000	0
inst_retired.nop:u	17	1580000	0
inst_retired.nop:u	18	1580000	0
inst_retired.nop:u	19	1580000	0
inst_retired.nop:u	20	1580000	0
inst_retired.nop:u	21	1580000	0
inst_retired.nop:u	22	1580000	0
inst_retired.nop:u	23	1580000	0
inst_retired.nop:u	24	1580000	0
inst_retired.nop:u	25	1580000	0
inst_retired.nop:u	26	1580000	0
inst_retired.nop:u	27	1580000	0
inst_retired.nop:u	28	1580000	0
inst_retired.nop:u	29	1580000	0
inst_retired.nop:u	30	1580000	0
inst_retired.nop:u	31	1580000	0
inst_retired.nop:u	32	1580000	0
inst_retired.nop:u	33	1580000	0
inst_retired.nop:u	34	1580000	0
inst_retired.nop:u	35	1580000	0
inst_retired.nop:u	36	1580000	0
inst_retired.nop:u	37	1580000	0
inst_retired.nop:u	38	1580000	0
inst_retired.nop:u	39	1580000	0
inst_retired.nop:u	40	1580000	0
inst_retired.nop:u	41	1580000	0
inst_retired.nop:u	42	1580000	0
inst_retired.nop:u	43	1580000	0
inst_retired.nop:u	44	1580000	0
inst_retired.nop:u	45	1580000	0
inst_retired.nop:u	46	1580000	0
inst_retired.nop:u	47	1580000	0
inst_retired.nop:u	48	1580000	0
inst_retired.nop:u	49	1580000	0
inst_retired.nop:u	50	1580000	0
inst_retired.nop:u	51	1580000	0
inst_retired.nop:u	52	1580000	0
inst_retired.nop:u	53	1580000	0
inst_retired.nop:u	54	1580000	0
inst_retired.nop:u	55	1580000	0
inst_retired.nop:u	56	1580000	0
inst_retired.nop:u	57	1580000	0
inst_retired.nop:u	58	1580000	0
inst_retired.nop:u	59	1580000	0
inst_retired.nop:u	60	1580000	0
inst_retired.nop:u	61	1580000	0
inst_retired.nop:u	62	1580000	0
inst_retired.nop:u	63	1580000	0
inst_retired.nop:u	64	1580000	0
inst_retired.nop:u	65	1580000	0
inst_retired.nop:u	66	1580000	0
inst_retired.nop:u	67	1580000	0
inst_retired.nop:u	68	1580000	0
inst_retired.nop:u	69	1580000	0
inst_retired.nop:u	70	1580000	0
inst_retired.nop:u	71	1580000	0
inst_retired.nop:u	72	1580000	0
inst_retired.nop:u	73	1580000	0
inst_retired.nop:u	74	1580000	0
inst_retired.nop:u	75	1580000	0
inst_retired.nop:u	76	1580000	0
inst_retired.nop:u	77	1580000	0
inst_retired.nop:u	78	1580000	0
inst_retired.nop:u	79	1580000	0
inst_retired.nop:u	80	1580000	0
inst_retired.nop:u	81	1580000	0
inst_retired.nop:u	82	1580000	0
inst_retired.nop:u	83	1580000	0
inst_retired.nop:u	84	1580000	0
inst_retired.nop:u	85	1580000	0
inst_retired.nop:u	86	1580000	0
inst_retired.nop:u	87	1580000	0
inst_retired.nop:u	88	1580000	0
inst_retired.nop:u	89	1580000	0
inst_retired.nop:u	90	1580000	0
inst_retired.nop:u	91	1580000	0
inst_retired.nop:u	92	1580000	0
inst_retired.nop:u	93	1580000	0
inst_retired.nop:u	94	1580000	0
inst_retired.nop:u	95	1580000	0
inst_retired.nop:u	96	1580000	0
inst_retired.nop:u	97	1580000	0
inst_retired.nop:u	98	1580000	0
inst_retired.nop:u	99	1580000	0
inst_retired.nop:u	100	1580000	0
inst_retired.nop:u	101	1580000	0
inst_retired.nop:u	102	1580000	0
inst_retired.nop:u	103	1580000	0
inst_retired.nop:u	104	1580000	0
inst_retired.nop:u	105	1580000	0
inst_retired.nop:u	106	1580000	0
inst_retired.nop:u	107	1580000	0
inst_retired.nop:u	108	1580000	0
inst_retired.nop:u	109	1580000	0
inst_retired.nop:u	110	1580000	0
inst_retired.nop:u	111	1580000	0
inst_retired.nop:u	112	1580000	0
inst_retired.nop:u	113	1580000	0
inst_retired.nop:u	114	1580000	0
inst_retired.nop:u	115	1580000	0
inst_retired.nop:u	116	1580000	0
inst_retired.nop:u	117	1580000	0
inst_retired.nop:u	118	1580000	0
inst_retired.nop:u	119	1580000	0
inst_retired.nop:u	120	1580000	0
inst_retired.nop:u	121	1580000	0
inst_retired.nop:u	122	1580000	0
inst_retired.nop:u	123	1580000	0
inst_retired.nop:u	124	1580000	0
inst_retired.nop:u	125	1580000	0
inst_retired.nop:u	126	1580000	0
inst_retired.nop:u	127	1580000	0
inst_retired.nop:u	128	1580000	0
inst_retired.nop:u	129	1580000	0
inst_retired.nop:u	130	1580000	0
inst_retired.nop:u	131	1580000	0
inst_retired.nop:u	132	1580000	0
inst_retired.nop:u	133	1580000	0
inst_retired.nop:u	134	1580000	0
inst_retired.nop:u	135	1580000	0
inst_retired.nop:u	136	1580000	0
inst_retired.nop:u	137	1580000	0
inst_retired.nop:u	138	1580000	0
inst_retired.nop:u	139	1580000	0
inst_retired.nop:u	140	1580000	0
inst_retired.nop:u	141	1580000	0
inst_retired.nop:u	142	1580000	0
inst_retired.nop:u	143	1580000	0
inst_retired.nop:u	144	1580000	0
inst_retired.nop:u	145	1580000	0
inst_retired.nop:u	146	1580000	0
inst_retired.nop:u	147	1580000	0
inst_retired.nop:u	148	1580000	0
inst_retired.nop:u	149	1580000	0
inst_retired.nop:u	150	1580000	0
inst_retired.nop:u	151	1580000	0
inst_retired.nop:u	152	1580000	0
inst_retired.nop:u	153	1580000	0
inst_retired.nop:u	154	1580000	0
inst_retired.nop:u	155	1580000	0
inst_retired.nop:u	156	1580000	0
inst_retired.nop:u	157	1580000	0
inst_retired.nop:u	158	1580000	0
inst_retired.nop:u	159	1580000	0
inst_retired.nop:u	160	1580000	0
inst_retired.nop:u	161	1580000	0
inst_retired.nop:u	162	1580000	0
inst_retired.nop:u	163	1580000	0
inst_retired.nop:u	164	1580000	0
inst_retired.nop:u	165	1580000	0
inst_retired.nop:u	166	1580000	0
inst_retired.nop:u	167	1580000	0
inst_retired.nop:u	168	1580000	0
inst_retired.nop:u	169	1580000	0
inst_retired.nop:u	170	1580000	0
inst_retired.nop:u	171	1580000	0
inst_retired.nop:u	172	1580000	0
inst_retired.nop:u	173	1580000	0
inst_retired.nop:u	174	1580000	0
inst_retired.nop:u	175	1580000	0
inst_retired.nop:u	176	1580000	0
inst_retired.nop:u	177	1580000	0
inst_retired.nop:u	178	1580000	0
inst_retired.nop:u	179	1580000	0
inst_retired.nop:u	180	1580000	0
inst_retired.nop:u	181	1580000	0
inst_retired.nop:u	182	1580000	0
inst_retired.nop:u	183	1580000	0
inst_retired.nop:u	184	1580000	0
inst_retired.nop:u	185	1580000	0
inst_retired.nop:u	186	1580000	0
inst_retired.nop:u	187	1580000	0
inst_retired.nop:u	188	1580000	0
inst_retired.nop:u	189	1580000	0
inst_retired.nop:u	190	1580000	0
inst_retired.nop:u	191	1580000	0
inst_retired.nop:u	192	1580000	0
inst_retired.nop:u	193	1580000	0
inst_retired.nop:u	194	1580000	0
inst_retired.nop:u	195	1580000	0
inst_retired.nop:u	196	1580000	0
inst_retired.nop:u	197	1580000	0
inst_retired.nop:u	198	1580000	0
inst_retired.nop:u	199	1580000	0
inst_retired.nop:u	200	1580000	0
inst_retired.nop:u	201	1580000	0
inst_retired.nop:u	202	1580000	0
inst_retired.nop:u	203	1580000	0
inst_retired.nop:u	204	1580000	0
inst_retired.nop:u	205	1580000	0
inst_retired.nop:u	206	1580000	0
inst_retired.nop:u	207	1580000	0
inst_retired.nop:u	208	1580000	0
inst_retired.nop:u	209	1580000	0
inst_retired.nop:u	210	1580000	0
inst_retired.nop:u	211	1580000	0
inst_retired.nop:u	212	1580000	0
inst_retired.nop:u	213	1580000	0
inst_retired.nop:u	214	1580000	0
inst_retired.nop:u	215	1580000	0
inst_retired.nop:u	216	1580000	0
inst_retired.nop:u	217	1580000	0
inst_retired.nop:u	218	1580000	0
inst_retired.nop:u	219	1580000	0
inst_retired.nop:u	220	1580000	0
inst_retired.nop:u	221	1580000	0
inst_retired.nop:u	222	1580000	0
inst_retired.nop:u	223	1580000	0
inst_retired.nop:u	224	1580000	0
inst_retired.nop:u	225	1580000	0
inst_retired.nop:u	226	1580000	0
inst_retired.nop:u	227	1580000	0
inst_retired.nop:u	228	1580000	0
inst_retired.nop:u	229	1580000	0
inst_retired.nop:u	230	1580000	0
inst_retired.nop:u	231	1580000	0
inst_retired.nop:u	232	1580000	0
inst_retired.nop:u	233	1580000	0
inst_retired.nop:u	234	1580000	0
inst_retired.nop:u	235	1580000	0
inst_retired.nop:u	236	1580000	0
inst_retired.nop:u	237	1580000	0
inst_retired.nop:u	238	1580000	0
inst_retired.nop:u	239	1580000	0
inst_retired.nop:u	240	1580000	0
inst_retired.nop:u	241	1580000	0
inst_retired.nop:u	242	1580000	0
inst_retired.nop:u	243	1580000	0
inst_retired.nop:u	244	1580000	0
inst_retired.nop:u	245	1580000	0
inst_retired.nop:u	246	1580000	0
inst_retired.nop:u	247	1580000	0
inst_retired.nop:u	248	1580000	0
inst_retired.nop:u	249	1580000	0
inst_retired.nop:u	250	1580000	0
inst_retired.nop:u	251	1580000	0
inst_retired.nop:u	252	1580000	0
inst_retired.nop:u	253	1580000	0
inst_retired.nop:u	254	1580000	0
inst_retired.nop:u	255	1580000	0
inst_retired.nop:u	256	1580000	0
inst_retired.nop:u	257	1580000	0
inst_retired.nop:u	258	1580000	0
inst_retired.nop:u	259	1580000	0
inst_retired.nop:u	260	1580000	0
inst_retired.nop:u	261	1580000	0
inst_retired.nop:u	262	1580000	0
inst_retired.nop:u	263	1580000	0
inst_retired.nop:u	264	1580000	0
inst_retired.nop:u	265	1580000	0
inst_retired.nop:u	266	1580000	0
inst_retired.nop:u	267	1580000	0
inst_retired.nop:u	268	1580000	0
inst_retired.nop:u	269	1580000	0
inst_retired.nop:u	270	1580000	0
inst_retired.nop:u	271	1580000	0
inst_retired.nop:u	272	1580000	0
inst_retired.nop:u	273	1580000	0
inst_retired.nop:u	274	1580000	0
inst_retired.nop:u	275	1580000	0
inst_retired.nop:u	276	1580000	0
inst_retired.nop:u	277	1580000	0
inst_retired.nop:u	278	1580000	0
inst_retired.nop:u	279	1580000	0
inst_retired.nop:u	280	1580000	0
inst_retired.nop:u	281	1580000	0
inst_retired.nop:u	282	1580000	0
inst_retired.nop:u	283	1580000	0
inst_retired.nop:u	284	1580000	0
inst_retired.nop:u	285	1580000	0
inst_retired.nop:u	286	1580000	0
inst_retired.nop:u	287	1580000	0
inst_retired.nop:u	288	1580000	0
inst_retired.nop:u	289	1580000	0
inst_retired.nop:u	290	1580000	0
inst_retired.nop:u	291	1580000	0
inst_retired.nop:u	292	1580000	0
inst_retired.nop:u	293	1580000	0
inst_retired.nop:u	294	1580000	0
inst_retired.nop:u	295	1580000	0
inst_retired.nop:u	296	1580000	0
inst_retired.nop:u	297	1580000	0
inst_retired.nop:u	298	1580000	0
inst_retired.nop:u	299	1580000	0
inst_retired.nop:u	300	1580000	0
inst_retired.nop:u	301	1580000	0
inst_retired.nop:u	302	1580000	0
inst_retired.nop:u	303	1580000	0
inst_retired.nop:u	304	1580000	0
inst_retired.nop:u	305	1580000	0
inst_retired.nop:u	306	1580000	0
inst_retired.nop:u	307	1580000	0
inst_retired.nop:u	308	1580000	0
inst_retired.nop:u	309	1580000	0
inst_retired.nop:u	310	1580000	0
inst_retired.nop:u	311	1580000	0
inst_retired.nop:u	312	1580000	0
inst_retired.nop:u	313	1580000	0
inst_retired.nop:u	314	1580000	0
inst_retired.nop:u	315	1580000	0
inst_retired.nop:u	316	1580000	0
inst_retired.nop:u	317	1580000	0
inst_retired.nop:u	318	1580000	0
inst_retired.nop:u	319	1580000	0
inst_retired.nop:u	320	1580000	0
inst_retired.nop:u	321	1580000	0
inst_retired.nop:u	322	1580000	0
inst_retired.nop:u	323	1580000	0
inst_retired.nop:u	324	1580000	0
inst_retired.nop:u	325	1580000	0
inst_retired.nop:u	326	1580000	0
inst_retired.nop:u	327	1580000	0
inst_retired.nop:u	328	1580000	0
inst_retired.nop:u	329	1580000	0
inst_retired.nop:u	330	1580000	0
inst_retired.nop:u	331	1580000	0
inst_retired.nop:u	332	1580000	0
inst_retired.nop:u	333	1580000	0
inst_retired.nop:u	334	1580000	0
inst_retired.nop:u	335	1580000	0
inst_retired.nop:u	336	1580000	0
inst_retired.nop:u	337	1580000	0
inst_retired.nop:u	338	1580000	0
inst_retired.nop:u	339	1580000	0
inst_retired.nop:u	340	1580000	0
inst_retired.nop:u	341	1580000	0
inst_retired.nop:u	342	1580000	0
inst_retired.nop:u	343	1580000	0
inst_retired.nop:u	344	1580000	0
inst_retired.nop:u	345	1580000	0
inst_retired.nop:u	346	1580000	0
inst_retired.nop:u	347	1580000	0
inst_retired.nop:u	348	1580000	0
inst_retired.nop:u	349	1580000	0
inst_retired.nop:u	350	1580000	0
inst_retired.nop:u	351	1580000	0
inst_retired.nop:u	352	1580000	0
inst_retired.nop:u	353	1580000	0
inst_retired.nop:u	354	1580000	0
inst_retired.nop:u	355	1580000	0
inst_retired.nop:u	356	1580000	0
inst_retired.nop:u	357	1580000	0
inst_retired.nop:u	358	1580000	0
inst_retired.nop:u	359	1580000	0
inst_retired.nop:u	360	1580000	0
inst_retired.nop:u	361	1580000	0
inst_retired.nop:u	362	1580000	0
inst_retired.nop:u	363	1580000	0
inst_retired.nop:u	364	1580000	0
inst_retired.nop:u	365	1580000	0
inst_retired.nop:u	366	1580000	0
inst_retired.nop:u	367	1580000	0
inst_retired.nop:u	368	1580000	0
inst_retired.nop:u	369	1580000	0
inst_retired.nop:u	370	1580000	0
inst_retired.nop:u	371	1580000	0
inst_retired.nop:u	372	1580000	0
inst_retired.nop:u	373	1580000	0
inst_retired.nop:u	374	1580000	0
inst_retired.nop:u	375	1580000	0
inst_retired.nop:u	376	1580000	0
inst_retired.nop:u	377	1580000	0
inst_retired.nop:u	378	1580000	0
inst_retired.nop:u	379	1580000	0
inst_retired.nop:u	380	1580000	0
inst_retired.nop:u	381	1580000	0
inst_retired.nop:u	382	1580000	0
inst_retired.nop:u	383	1580000	0
inst_retired.nop:u	384	1580000	0
inst_retired.nop:u	385	1580000	0
inst_retired.nop:u	386	1580000	0
inst_retired.nop:u	387	1580000	0
inst_retired.nop:u	388	1580000	0
inst_retired.nop:u	389	1580000	0
inst_retired.nop:u	390	1580000	0
inst_retired.nop:u	391	1580000	0
inst_retired.nop:u	392	1580000	0
inst_retired.nop:u	393	1580000	0
inst_retired.nop:u	394	1580000	0
inst_retired.nop:u	395	1580000	0
inst_retired.nop:u	396	1580000	0
inst_retired.nop:u	397	1580000	0
inst_retired.nop:u	398	1580000	0
inst_retired.nop:u	399	1580000	0
inst_retired.nop:u	400	1580000	0
inst_retired.nop:u	401	1580000	0
inst_retired.nop:u	402	1580000	0
inst_retired.nop:u	403	1580000	0
inst_retired.nop:u	404	1580000	0
inst_retired.nop:u	405	1580000	0
inst_retired.nop:u	406	1580000	0
inst_retired.nop:u	407	1580000	0
inst_retired.nop:u	408	1580000	0
inst_retired.nop:u	409	1580000	0
inst_retired.nop:u	410	1580000	0
inst_retired.nop:u	411	1580000	0
inst_retired.nop:u	412	1580000	0
inst_retired.nop:u	413	1580000	0
inst_retired.nop:u	414	1580000	0
inst_retired.nop:u	415	1580000	0
inst_retired.nop:u	416	1580000	0
inst_retired.nop:u	417	1580000	0
inst_retired.nop:u	418	1580000	0
inst_retired.nop:u	419	1580000	0
inst_retired.nop:u	420	1580000	0
inst_retired.nop:u	421	1580000	0
inst_retired.nop:u	422	1580000	0
inst_retired.nop:u	423	1580000	0
inst_retired.nop:u	424	1580000	0
inst_retired.nop:u	425	1580000	0
inst_retired.nop:u	426	1580000	0
inst_retired.nop:u	427	1580000	0
inst_retired.nop:u	428	1580000	0
inst_retired.nop:u	429	1580000	0
inst_retired.nop:u	430	1580000	0
inst_retired.nop:u	431	1580000	0
inst_retired.nop:u	432	1580000	0
inst_retired.nop:u	433	1580000	0
inst_retired.nop:u	434	1580000	0
inst_retired.nop:u	435	1580000	0
inst_retired.nop:u	436	1580000	0
inst_retired.nop:u	437	1580000	0
inst_retired.nop:u	438	1580000	0
inst_retired.nop:u	439	1580000	0
inst_retired.nop:u	440	1580000	0
inst_retired.nop:u	441	1580000	0
inst_retired.nop:u	442	1580000	0
inst_retired.nop:u	443	1580000	0
inst_retired.nop:u	444	1580000	0
inst_retired.nop:u	445	1580000	0
inst_retired.nop:u	446	1580000	0
inst_retired.nop:u	447	1580000	0
inst_retired.nop:u	448	1580000	0
inst_retired.nop:u	449	1580000	0
inst_retired.nop:u	450	1580000	0
inst_retired.nop:u	451	1580000	0
inst_retired.nop:u	452	1580000	0
inst_retired.nop:u	453	1580000	0
inst_retired.nop:u	454	1580000	0
inst_retired.nop:u	455	1580000	0
inst_retired.nop:u	456	1580000	0
inst_retired.nop:u	457	1580000	0
inst_retired.nop:u	458	1580000	0
inst_retired.nop:u	459	1580000	0
inst_retired.nop:u	460	1580000	0
inst_retired.nop:u	461	1580000	0
inst_retired.nop:u	462	1580000	0
inst_retired.nop:u	463	1580000	0
inst_retired.nop:u	464	1580000	0
inst_retired.nop:u	465	1580000	0
inst_retired.nop:u	466	1580000	0
inst_retired.nop:u	467	1580000	0
inst_retired.nop:u	468	1580000	0
inst_retired.nop:u	469	1580000	0
inst_retired.nop:u	470	1580000	0
inst_retired.nop:u	471	1580000	0
inst_retired.nop:u	472	1580000	0
inst_retired.nop:u	473	1580000	0
inst_retired.nop:u	474	1580000	0
inst_retired.nop:u	475	1580000	0
inst_retired.nop:u	476	1580000	0
inst_retired.nop:u	477	1580000	0
inst_retired.nop:u	478	1580000	0
inst_retired.nop:u	479	1580000	0
inst_retired.nop:u	480	1580000	0
inst_retired.nop:u	481	1580000	0
inst_retired.nop:u	482	1580000	0
inst_retired.nop:u	483	1580000	0
inst_retired.nop:u	484	1580000	0
inst_retired.nop:u	485	1580000	0
inst_retired.nop:u	486	1580000	0
inst_retired.nop:u	487	1580000	0
inst_retired.nop:u	488	1580000	0
inst_retired.nop:u	489	1580000	0
inst_retired.nop:u	490	1580000	0
inst_retired.nop:u	491	1580000	0
inst_retired.nop:u	492	1580000	0
inst_retired.nop:u	493	1580000	0
inst_retired.nop:u	494	1580000	0
inst_retired.nop:u	495	1580000	0
inst_retired.nop:u	496	1580000	0
inst_retired.nop:u	497	1580000	0
inst_retired.nop:u	498	1580000	0
inst_retired.nop:u	499	1580000	0
inst_retired.nop:u	500	1580000	0
inst_retired.nop:u	501	1580000	0
inst_retired.nop:u	502	1580000	0
inst_retired.nop:u	503	1580000	0
inst_retired.nop:u	504	1580000	0
inst_retired.nop:u	505	1580000	0
inst_retired.nop:u	506	1580000	0
inst_retired.nop:u	507	1580000	0
inst_retired.nop:u	508	1580000	0
inst_retired.nop:u	509	1580000	0
inst_retired.nop:u	510	1580000	0
inst_retired.nop:u	511	1580000	0
inst_retired.nop:u	512	1580000	0
inst_retired.nop:u	513	1580000	0
inst_retired.nop:u	514	1580000	0
inst_retired.nop:u	515	1580000	0
inst_retired.nop:u	516	1580000	0
inst_retired.nop:u	517	1580000	0
inst_retired.nop:u	518	1580000	0
inst_retired.nop:u	519	1580000	0
inst_retired.nop:u	520	1580000	0
inst_retired.nop:u	521	1580000	0
inst_retired.nop:u	522	1580000	0
inst_retired.nop:u	523	1580000	0
inst_retired.nop:u	524	1580000	0
inst_retired.nop:u	525	1580000	0
inst_retired.nop:u	526	1580000	0
inst_retired.nop:u	527	1580000	0
inst_retired.nop:u	528	1580000	0
inst_retired.nop:u	529	1580000	0
inst_retired.nop:u	530	1580000	0
inst_retired.nop:u	531	1580000	0
inst_retired.nop:u	532	1580000	0
inst_retired.nop:u	533	1580000	0
inst_retired.nop:u	534	1580000	0
inst_retired.nop:u	535	1580000	0
inst_retired.nop:u	536	1580000	0
inst_retired.nop:u	537	1580000	0
inst_retired.nop:u	538	1580000	0
inst_retired.nop:u	539	1580000	0
inst_retired.nop:u	540	1580000	0
inst_retired.nop:u	541	1580000	0
inst_retired.nop:u	542	1580000	0
inst_retired.nop:u	543	1580000	0
inst_retired.nop:u	544	1580000	0
inst_retired.nop:u	545	1580000	0
inst_retired.nop:u	546	1580000	0
inst_retired.nop:u	547	1580000	0
inst_retired.nop:u	548	1580000	0
inst_retired.nop:u	549	1580000	0
inst_retired.nop:u	550	1580000	0
inst_retired.nop:u	551	1580000	0
inst_retired.nop:u	552	1580000	0
inst_retired.nop:u	553	1580000	0
inst_retired.nop:u	554	1580000	0
inst_retired.nop:u	555	1580000	0
inst_retired.nop:u	556	1580000	0
inst_retired.nop:u	557	1580000	0
inst_retired.nop:u	558	1580000	0
inst_retired.nop:u	559	1580000	0
inst_retired.nop:u	560	1580000	0
inst_retired.nop:u	561	1580000	0
inst_retired.nop:u	562	1580000	0
inst_retired.nop:u	563	1580000	0
inst_retired.nop:u	564	1580000	0
inst_retired.nop:u	565	1580000	0
inst_retired.nop:u	566	1580000	0
inst_retired.nop:u	567	1580000	0
inst_retired.nop:u	568	1580000	0
inst_retired.nop:u	569	1580000	0
inst_retired.nop:u	570	1580000	0
inst_retired.nop:u	571	1580000	0
inst_retired.nop:u	572	1580000	0
inst_retired.nop:u	573	1580000	0
inst_retired.nop:u	574	1580000	0
inst_retired.nop:u	575	1580000	0
inst_retired.nop:u	576	1580000	0
inst_retired.nop:u	577	1580000	0
inst_retired.nop:u	578	1580000	0
inst_retired.nop:u	579	1580000	0
inst_retired.nop:u	580	1580000	0
inst_retired.nop:u	581	1580000	0
inst_retired.nop:u	582	1580000	0
inst_retired.nop:u	583	1580000	0
inst_retired.nop:u	584	1580000	0
inst_retired.nop:u	585	1580000	0
inst_retired.nop:u	586	1580000	0
inst_retired.nop:u	587	1580000	0
inst_retired.nop:u	588	1580000	0
inst_retired.nop:u	589	1580000	0
inst_retired.nop:u	590	1580000	0
inst_retired.nop:u	591	1580000	0
inst_retired.nop:u	592	1580000	0
inst_retired.nop:u	593	1580000	0
inst_retired.nop:u	594	1580000	0
inst_retired.nop:u	595	1580000	0
inst_retired.nop:u	596	1580000	0
inst_retired.nop:u	597	1580000	0
inst_retired.nop:u	598	1580000	0
inst_retired.nop:u	599	1580000	0
inst_retired.nop:u	600	1580000	0
inst_retired.nop:u	601	1580000	0
inst_retired.nop:u	602	1580000	0
inst_retired.nop:u	603	1580000	0
inst_retired.nop:u	604	1580000	0
inst_retired.nop:u	605	1580000	0
inst_retired.nop:u	606	1580000	0
inst_retired.nop:u	607	1580000	0
inst_retired.nop:u	608	1580000	0
inst_retired.nop:u	609	1580000	0
inst_retired.nop:u	610	1580000	0
inst_retired.nop:u	611	1580000	0
inst_retired.nop:u	612	1580000	0
inst_retired.nop:u	613	1580000	0
inst_retired.nop:u	614	1580000	0
inst_retired.nop:u	615	1580000	0
inst_retired.nop:u	616	1580000	0
inst_retired.nop:u	617	1580000	0
inst_retired.nop:u	618	1580000	0
inst_retired.nop:u	619	1580000	0
inst_retired.nop:u	620	1580000	0
inst_retired.nop:u	621	1580000	0
inst_retired.nop:u	622	1580000	0
inst_retired.nop:u	623	1580000	0
inst_retired.nop:u	624	1580000	0
inst_retired.nop:u	625	1580000	0
inst_retired.nop:u	626	1580000	0
inst_retired.nop:u	627	1580000	0
inst_retired.nop:u	628	1580000	0
inst_retired.nop:u	629	1580000	0
inst_retired.nop:u	630	1580000	0
inst_retired.nop:u	631	1580000	0
inst_retired.nop:u	632	1580000	0
inst_retired.nop:u	633	1580000	0
inst_retired.nop:u	634	1580000	0
inst_retired.nop:u	635	1580000	0
inst_retired.nop:u	636	1580000	0
inst_retired.nop:u	637	1580000	0
inst_retired.nop:u	638	1580000	0
inst_retired.nop:u	639	1580000	0
inst_retired.nop:u	640	1580000	0
inst_retired.nop:u	641	1580000	0
inst_retired.nop:u	642	1580000	0
inst_retired.nop:u	643	1580000	0
inst_retired.nop:u	644	1580000	0
inst_retired.nop:u	645	1580000	0
inst_retired.nop:u	646	1580000	0
inst_retired.nop:u	647	1580000	0
inst_retired.nop:u	648	1580000	0
inst_retired.nop:u	649	1580000	0
inst_retired.nop:u	650	1580000	0
inst_retired.nop:u	651	1580000	0
inst_retired.nop:u	652	1580000	0
inst_retired.nop:u	653	1580000	0
inst_retired.nop:u	654	1580000	0
inst_retired.nop:u	655	1580000	0
inst_retired.nop:u	656	1580000	0
inst_retired.nop:u	657	1580000	0
inst_retired.nop:u	658	1580000	0
inst_retired.nop:u	659	1580000	0
inst_retired.nop:u	660	1580000	0
inst_retired.nop:u	661	1580000	0
inst_retired.nop:u	662	1580000	0
inst_retired.nop:u	663	1580000	0
inst_retired.nop:u	664	1580000	0
inst_retired.nop:u	665	1580000	0
inst_retired.nop:u	666	1580000	0
inst_retired.nop:u	667	1580000	0
inst_retired.nop:u	668	1580000	0
inst_retired.nop:u	669	1580000	0
inst_retired.nop:u	670	1580000	0
inst_retired.nop:u	671	1580000	0
inst_retired.nop:u	672	1580000	0
inst_retired.nop:u	673	1580000	0
inst_retired.nop:u	674	1580000	0
inst_retired.nop:u	675	1580000	0
inst_retired.nop:u	676	1580000	0
inst_retired.nop:u	677	1580000	0
inst_retired.nop:u	678	1580000	0
inst_retired.nop:u	679	1580000	0
inst_retired.nop:u	680	1580000	0
inst_retired.nop:u	681	1580000	0
inst_retired.nop:u	682	1580000	0
inst_retired.nop:u	683	1580000	0
inst_retired.nop:u	684	1580000	0
inst_retired.nop:u	685	1580000	0
inst_retired.nop:u	686	1580000	0
inst_retired.nop:u	687	1580000	0
inst_retired.nop:u	688	1580000	0
inst_retired.nop:u	689	1580000	0
inst_retired.nop:u	690	1580000	0
inst_retired.nop:u	691	1580000	0
inst_retired.nop:u	692	1580000	0
inst_retired.nop:u	693	1580000	0
inst_retired.nop:u	694	1580000	0
inst_retired.nop:u	695	1580000	0
inst_retired.nop:u	696	1580000	0
inst_retired.nop:u	697	1580000	0
inst_retired.nop:u	698	1580000	0
inst_retired.nop:u	699	1580000	0
inst_retired.nop:u	700	1580000	0
inst_retired.nop:u	701	1580000	0
inst_retired.nop:u	702	1580000	0
inst_retired.nop:u	703	1580000	0
inst_retired.nop:u	704	1580000	0
inst_retired.nop:u	705	1580000	0
inst_retired.nop:u	706	1580000	0
inst_retired.nop:u	707	1580000	0
inst_retired.nop:u	708	1580000	0
inst_retired.nop:u	709	1580000	0
inst_retired.nop:u	710	1580000	0
inst_retired.nop:u	711	1580000	0
inst_retired.nop:u	712	1580000	0
inst_retired.nop:u	713	1580000	0
inst_retired.nop:u	714	1580000	0
inst_retired.nop:u	715	1580000	0
inst_retired.nop:u	716	1580000	0
inst_retired.nop:u	717	1580000	0
inst_retired.nop:u	718	1580000	0
inst_retired.nop:u	719	1580000	0
inst_retired.nop:u	720	1580000	0
inst_retired.nop:u	721	1580000	0
inst_retired.nop:u	722	1580000	0
inst_retired.nop:u	723	1580000	0
inst_retired.nop:u	724	1580000	0
inst_retired.nop:u	725	1580000	0
inst_retired.nop:u	726	1580000	0
inst_retired.nop:u	727	1580000	0
inst_retired.nop:u	728	1580000	0
inst_retired.nop:u	729	1580000	0
inst_retired.nop:u	730	1580000	0
inst_retired.nop:u	731	1580000	0
inst_retired.nop:u	732	1580000	0
inst_retired.nop:u	733	1580000	0
inst_retired.nop:u	734	1580000	0
inst_retired.nop:u	735	1580000	0
inst_retired.nop:u	736	1580000	0
inst_retired.nop:u	737	1580000	0
inst_retired.nop:u	738	1580000	0
inst_retired.nop:u	739	1580000	0
inst_retired.nop:u	740	1580000	0
inst_retired.nop:u	741	1580000	0
inst_retired.nop:u	742	1580000	0
inst_retired.nop:u	743	1580000	0
inst_retired.nop:u	744	1580000	0
inst_retired.nop:u	745	1580000	0
inst_retired.nop:u	746	1580000	0
inst_retired.nop:u	747	1580000	0
inst_retired.nop:u	748	1580000	0
inst_retired.nop:u	749	1580000	0
inst_retired.nop:u	750	1580000	0
inst_retired.nop:u	751	1580000	0
inst_retired.nop:u	752	1580000	0
inst_retired.nop:u	753	1580000	0
inst_retired.nop:u	754	1580000	0
inst_retired.nop:u	755	1580000	0
inst_retired.nop:u	756	1580000	0
inst_retired.nop:u	757	1580000	0
inst_retired.nop:u	758	1580000	0
inst_retired.nop:u	759	1580000	0
inst_retired.nop:u	760	1580000	0
inst_retired.nop:u	761	1580000	0
inst_retired.nop:u	762	1580000	0
inst_retired.nop:u	763	1580000	0
inst_retired.nop:u	764	1580000	0
inst_retired.nop:u	765	1580000	0
inst_retired.nop:u	766	1580000	0
inst_retired.nop:u	767	1580000	0
inst_retired.nop:u	768	1580000	0
inst_retired.nop:u	769	1580000	0
inst_retired.nop:u	770	1580000	0
inst_retired.nop:u	771	1580000	0
inst_retired.nop:u	772	1580000	0
inst_retired.nop:u	773	1580000	0
inst_retired.nop:u	774	1580000	0
inst_retired.nop:u	775	1580000	0
inst_retired.nop:u	776	1580000	0
inst_retired.nop:u	777	1580000	0
inst_retired.nop:u	778	1580000	0
inst_retired.nop:u	779	1580000	0
inst_retired.nop:u	780	1580000	0
inst_retired.nop:u	781	1580000	0
inst_retired.nop:u	782	1580000	0
inst_retired.nop:u	783	1580000	0
inst_retired.nop:u	784	1580000	0
inst_retired.nop:u	785	1580000	0
inst_retired.nop:u	786	1580000	0
inst_retired.nop:u	787	1580000	0
inst_retired.nop:u	788	1580000	0
inst_retired.nop:u	789	1580000	0
inst_retired.nop:u	790	1580000	0
inst_retired.nop:u	791	1580000	0
inst_retired.nop:u	792	1580000	0
inst_retired.nop:u	793	1580000	0
inst_retired.nop:u	794	1580000	0
inst_retired.nop:u	795	1580000	0
inst_retired.nop:u	796	1580000	0
inst_retired.nop:u	797	1580000	0
inst_retired.nop:u	798	1580000	0
inst_retired.nop:u	799	1580000	0
inst_retired.nop:u	800	1580000	0
inst_retired.nop:u	801	1580000	0
inst_retired.nop:u	802	1580000	0
inst_retired.nop:u	803	1580000	0
inst_retired.nop:u	804	1580000	0
inst_retired.nop:u	805	1580000	0
inst_retired.nop:u	806	1580000	0
inst_retired.nop:u	807	1580000	0
inst_retired.nop:u	808	1580000	0
inst_retired.nop:u	809	1580000	0
inst_retired.nop:u	810	1580000	0
inst_retired.nop:u	811	1580000	0
inst_retired.nop:u	812	1580000	0
inst_retired.nop:u	813	1580000	0
inst_retired.nop:u	814	1580000	0
inst_retired.nop:u	815	1580000	0
inst_retired.nop:u	816	1580000	0
inst_retired.nop:u	817	1580000	0
inst_retired.nop:u	818	1580000	0
inst_retired.nop:u	819	1580000	0
inst_retired.nop:u	820	1580000	0
inst_retired.nop:u	821	1580000	0
inst_retired.nop:u	822	1580000	0
inst_retired.nop:u	823	1580000	0
inst_retired.nop:u	824	1580000	0
inst_retired.nop:u	825	1580000	0
inst_retired.nop:u	826	1580000	0
inst_retired.nop:u	827	1580000	0
inst_retired.nop:u	828	1580000	0
inst_retired.nop:u	829	1580000	0
inst_retired.nop:u	830	1580000	0
inst_retired.nop:u	831	1580000	0
inst_retired.nop:u	832	1580000	0
inst_retired.nop:u	833	1580000	0
inst_retired.nop:u	834	1580000	0
inst_retired.nop:u	835	1580000	0
inst_retired.nop:u	836	1580000	0
inst_retired.nop:u	837	1580000	0
inst_retired.nop:u	838	1580000	0
inst_retired.nop:u	839	1580000	0
inst_retired.nop:u	840	1580000	0
inst_retired.nop:u	841	1580000	0
inst_retired.nop:u	842	1580000	0
inst_retired.nop:u	843	1580000	0
inst_retired.nop:u	844	1580000	0
inst_retired.nop:u	845	1580000	0
inst_retired.nop:u	846	1580000	0
inst_retired.nop:u	847	1580000	0
inst_retired.nop:u	848	1580000	0
inst_retired.nop:u	849	1580000	0
inst_retired.nop:u	850	1580000	0
inst_retired.nop:u	851	1580000	0
inst_retired.nop:u	852	1580000	0
inst_retired.nop:u	853	1580000	0
inst_retired.nop:u	854	1580000	0
inst_retired.nop:u	855	1580000	0
inst_retired.nop:u	856	1580000	0
inst_retired.nop:u	857	1580000	0
inst_retired.nop:u	858	1580000	0
inst_retired.nop:u	859	1580000	0
inst_retired.nop:u	860	1580000	0
inst_retired.nop:u	861	1580000	0
inst_retired.nop:u	862	1580000	0
inst_retired.nop:u	863	1580000	0
inst_retired.nop:u	864	1580000	0
inst_retired.nop:u	865	1580000	0
inst_retired.nop:u	866	1580000	0
inst_retired.nop:u	867	1580000	0
inst_retired.nop:u	868	1580000	0
inst_retired.nop:u	869	1580000	0
inst_retired.nop:u	870	1580000	0
inst_retired.nop:u	871	1580000	0
inst_retired.nop:u	872	1580000	0
inst_retired.nop:u	873	1580000	0
inst_retired.nop:u	874	1580000	0
inst_retired.nop:u	875	1580000	0
inst_retired.nop:u	876	1580000	0
inst_retired.nop:u	877	1580000	0
inst_retired.nop:u	878	1580000	0
inst_retired.nop:u	879	1580000	0
inst_retired.nop:u	880	1580000	0
inst_retired.nop:u	881	1580000	0
inst_retired.nop:u	882	1580000	0
inst_retired.nop:u	883	1580000	0
inst_retired.nop:u	884	1580000	0
inst_retired.nop:u	885	1580000	0
inst_retired.nop:u	886	1580000	0
inst_retired.nop:u	887	1580000	0
inst_retired.nop:u	888	1580000	0
inst_retired.nop:u	889	1580000	0
inst_retired.nop:u	890	1580000	0
inst_retired.nop:u	891	1580000	0
inst_retired.nop:u	892	1580000	0
inst_retired.nop:u	893	1580000	0
inst_retired.nop:u	894	1580000	0
inst_retired.nop:u	895	1580000	0
inst_retired.nop:u	896	1580000	0
inst_retired.nop:u	897	1580000	0
inst_retired.nop:u	898	1580000	0
inst_retired.nop:u	899	1580000	0
inst_retired.nop:u	900	1580000	0
inst_retired.nop:u	901	1580000	0
inst_retired.nop:u	902	1580000	0
inst_retired.nop:u	903	1580000	0
inst_retired.nop:u	904	1580000	0
inst_retired.nop:u	905	1580000	0
inst_retired.nop:u	906	1580000	0
inst_retired.nop:u	907	1580000	0
inst_retired.nop:u	908	1580000	0
inst_retired.nop:u	909	1580000	0
inst_retired.nop:u	910	1580000	0
inst_retired.nop:u	911	1580000	0
inst_retired.nop:u	912	1580000	0
inst_retired.nop:u	913	1580000	0
inst_retired.nop:u	914	1580000	0
inst_retired.nop:u	915	1580000	0
inst_retired.nop:u	916	1580000	0
inst_retired.nop:u	917	1580000	0
inst_retired.nop:u	918	1580000	0
inst_retired.nop:u	919	1580000	0
inst_retired.nop:u	920	1580000	0
inst_retired.nop:u	921	1580000	0
inst_retired.nop:u	922	1580000	0
inst_retired.nop:u	923	1580000	0
inst_retired.nop:u	924	1580000	0
inst_retired.nop:u	925	1580000	0
inst_retired.nop:u	926	1580000	0
inst_retired.nop:u	927	1580000	0
inst_retired.nop:u	928	1580000	0
inst_retired.nop:u	929	1580000	0
inst_retired.nop:u	930	1580000	0
inst_retired.nop:u	931	1580000	0
inst_retired.nop:u	932	1580000	0
inst_retired.nop:u	933	1580000	0
inst_retired.nop:u	934	1580000	0
inst_retired.nop:u	935	1580000	0
inst_retired.nop:u	936	1580000	0
inst_retired.nop:u	937	1580000	0
inst_retired.nop:u	938	1580000	0
inst_retired.nop:u	939	1580000	0
inst_retired.nop:u	940	1580000	0
inst_retired.nop:u	941	1580000	0
inst_retired.nop:u	942	1580000	0
inst_retired.nop:u	943	1580000	0
inst_retired.nop:u	944	1580000	0
inst_retired.nop:u	945	1580000	0
inst_retired.nop:u	946	1580000	0
inst_retired.nop:u	947	1580000	0
inst_retired.nop:u	948	1580000	0
inst_retired.nop:u	949	1580000	0
inst_retired.nop:u	950	1580000	0
inst_retired.nop:u	951	1580000	0
inst_retired.nop:u	952	1580000	0
inst_retired.nop:u	953	1580000	0
inst_retired.nop:u	954	1580000	0
inst_retired.nop:u	955	1580000	0
inst_retired.nop:u	956	1580000	0
inst_retired.nop:u	957	1580000	0
inst_retired.nop:u	958	1580000	0
inst_retired.nop:u	959	1580000	0
inst_retired.nop:u	960	1580000	0
inst_retired.nop:u	961	1580000	0
inst_retired.nop:u	962	1580000	0
inst_retired.nop:u	963	1580000	0
inst_retired.nop:u	964	1580000	0
inst_retired.nop:u	965	1580000	0
inst_retired.nop:u	966	1580000	0
inst_retired.nop:u	967	1580000	0
inst_retired.nop:u	968	1580000	0
inst_retired.nop:u	969	1580000	0
inst_retired.nop:u	970	1580000	0
inst_retired.nop:u	971	1580000	0
inst_retired.nop:u	972	1580000	0
inst_retired.nop:u	973	1580000	0
inst_retired.nop:u	974	1580000	0
inst_retired.nop:u	975	1580000	0
inst_retired.nop:u	976	1580000	0
inst_retired.nop:u	977	1580000	0
inst_retired.nop:u	978	1580000	0
inst_retired.nop:u	979	1580000	0
inst_retired.nop:u	980	1580000	0
inst_retired.nop:u	981	1580000	0
inst_retired.nop:u	982	1580000	0
inst_retired.nop:u	983	1580000	0
inst_retired.nop:u	984	1580000	0
inst_retired.nop:u	985	1580000	0
inst_retired.nop:u	986	1580000	0
inst_retired.nop:u	987	1580000	0
inst_retired.nop:u	988	1580000	0
inst_retired.nop:u	989	1580000	0
inst_retired.nop:u	990	1580000	0
inst_retired.nop:u	991	1580000	0
inst_retired.nop:u	992	1580000	0
inst_retired.nop:u	993	1580000	0
inst_retired.nop:u	994	1580000	0
inst_retired.nop:u	995	1580000	0
inst_retired.nop:u	996	1580000	0
inst_retired.nop:u	997	1580000	0
inst_retired.nop:u	998	1580000	0
inst_retired.nop:u	999	1580000	0
inst_retired.nop:u	1000	1580000	0
rob_misc_events.pause_inst:u	1	0	0
rob_misc_events.pause_inst:u	2	0	0
rob_misc_events.pause_inst:u	3	0	0
rob_misc_events.pause_inst:u	4	0	0
rob_misc_events.pause_inst:u	5	0	0
rob_misc_events.pause_inst:u	6	0	0
rob_misc_events.pause_inst:u	7	0	0
rob_misc_events.pause_inst:u	8	0	0
rob_misc_events.pause_inst:u	9	0	0
rob_misc_events.pause_inst:u	10	0	0
rob_misc_events.pause_inst:u	11	0	0
rob_misc_events.pause_inst:u	12	0	0
rob_misc_events.pause_inst:u	13	0	0
rob_misc_events.pause_inst:u	14	0	0
rob_misc_events.pause_inst:u	15	0	0
rob_misc_events.pause_inst:u	16	0	0
rob_misc_events.pause_inst:u	17	0	0
rob_misc_events.pause_inst:u	18	0	0
rob_misc_events.pause_inst:u	19	0	0
rob_misc_events.pause_inst:u	20	0	0
rob_misc_events.pause_inst:u	21	0	0
rob_misc_events.pause_inst:u	22	0	0
rob_misc_events.pause_inst:u	23	0	0
rob_misc_events.pause_inst:u	24	0	0
rob_misc_events.pause_inst:u	25	0	0
rob_misc_events.pause_inst:u	26	0	0
rob_misc_events.pause_inst:u	27	0	0
rob_misc_events.pause_inst:u	28	0	0
rob_misc_events.pause_inst:u	29	0	0
rob_misc_events.pause_inst:u	30	0	0
rob_misc_events.pause_inst:u	31	0	0
rob_misc_events.pause_inst:u	32	0	0
rob_misc_events.pause_inst:u	33	0	0
rob_misc_events.pause_inst:u	34	0	0
rob_misc_events.pause_inst:u	35	0	0
rob_misc_events.pause_inst:u	36	0	0
rob_misc_events.pause_inst:u	37	0	0
rob_misc_events.pause_inst:u	38	0	0
rob_misc_events.pause_inst:u	39	0	0
rob_misc_events.pause_inst:u	40	0	0
rob_misc_events.pause_inst:u	41	0	0
rob_misc_events.pause_inst:u	42	0	0
rob_misc_events.pause_inst:u	43	0	0
rob_misc_events.pause_inst:u	44	0	0
rob_misc_events.pause_inst:u	45	0	0
rob_misc_events.pause_inst:u	46	0	0
rob_misc_events.pause_inst:u	47	0	0
rob_misc_events.pause_inst:u	48	0	0
rob_misc_events.pause_inst:u	49	0	0
rob_misc_events.pause_inst:u	50	0	0
rob_misc_events.pause_inst:u	51	0	0
rob_misc_events.pause_inst:u	52	0	0
rob_misc_events.pause_inst:u	53	0	0
rob_misc_events.pause_inst:u	54	0	0
rob_misc_events.pause_inst:u	55	0	0
rob_misc_events.pause_inst:u	56	0	0
rob_misc_events.pause_inst:u	57	0	0
rob_misc_events.pause_inst:u	58	0	0
rob_misc_events.pause_inst:u	59	0	0
rob_misc_events.pause_inst:u	60	0	0
rob_misc_events.pause_inst:u	61	0	0
rob_misc_events.pause_inst:u	62	0	0
rob_misc_events.pause_inst:u	63	0	0
rob_misc_events.pause_inst:u	64	0	0
rob_misc_events.pause_inst:u	65	0	0
rob_misc_events.pause_inst:u	66	0	0
rob_misc_events.pause_inst:u	67	0	0
rob_misc_events.pause_inst:u	68	0	0
rob_misc_events.pause_inst:u	69	0	0
rob_misc_events.pause_inst:u	70	0	0
rob_misc_events.pause_inst:u	71	0	0
rob_misc_events.pause_inst:u	72	0	0
rob_misc_events.pause_inst:u	73	0	0
rob_misc_events.pause_inst:u	74	0	0
rob_misc_events.pause_inst:u	75	0	0
rob_misc_events.pause_inst:u	76	0	0
rob_misc_events.pause_inst:u	77	0	0
rob_misc_events.pause_inst:u	78	0	0
rob_misc_events.pause_inst:u	79	0	0
rob_misc_events.pause_inst:u	80	0	0
rob_misc_events.pause_inst:u	81	0	0
rob_misc_events.pause_inst:u	82	0	0
rob_misc_events.pause_inst:u	83	0	0
rob_misc_events.pause_inst:u	84	0	0
rob_misc_events.pause_inst:u	85	0	0
rob_misc_events.pause_inst:u	86	0	0
rob_misc_events.pause_inst:u	87	0	0
rob_misc_events.pause_inst:u	88	0	0
rob_misc_events.pause_inst:u	89	0	0
rob_misc_events.pause_inst:u	90	0	0
rob_misc_events.pause_inst:u	91	0	0
rob_misc_events.pause_inst:u	92	0	0
rob_misc_events.pause_inst:u	93	0	0
rob_misc_events.pause_inst:u	94	0	0
rob_misc_events.pause_inst:u	95	0	0
rob_misc_events.pause_inst:u	96	0	0
rob_misc_events.pause_inst:u	97	0	0
rob_misc_events.pause_inst:u	98	0	0
rob_misc_events.pause_inst:u	99	0	0
rob_misc_events.pause_inst:u	100	0	0
rob_misc_events.pause_inst:u	101	0	0
rob_misc_events.pause_inst:u	102	0	0
rob_misc_events.pause_inst:u	103	0	0
rob_misc_events.pause_inst:u	104	0	0
rob_misc_events.pause_inst:u	105	0	0
rob_misc_events.pause_inst:u	106	0	0
rob_misc_events.pause_inst:u	107	0	0
rob_misc_events.pause_inst:u	108	0	0
rob_misc_events.pause_inst:u	109	0	0
rob_misc_events.pause_inst:u	110	0	0
rob_misc_events.pause_inst:u	111	0	0
rob_misc_events.pause_inst:u	112	0	0
rob_misc_events.pause_inst:u	113	0	0
rob_misc_events.pause_inst:u	114	0	0
rob_misc_events.pause_inst:u	115	0	0
rob_misc_events.pause_inst:u	116	0	0
rob_misc_events.pause_inst:u	117	0	0
rob_misc_events.pause_inst:u	118	0	0
rob_misc_events.pause_inst:u	119	0	0
rob_misc_events.pause_inst:u	120	0	0
rob_misc_events.pause_inst:u	121	0	0
rob_misc_events.pause_inst:u	122	0	0
rob_misc_events.pause_inst:u	123	0	0
rob_misc_events.pause_inst:u	124	0	0
rob_misc_events.pause_inst:u	125	0	0
rob_misc_events.pause_inst:u	126	0	0
rob_misc_events.pause_inst:u	127	0	0
rob_misc_events.pause_inst:u	128	0	0
rob_misc_events.pause_inst:u	129	0	0
rob_misc_events.pause_inst:u	130	0	0
rob_misc_events.pause_inst:u	131	0	0
rob_misc_events.pause_inst:u	132	0	0
rob_misc_events.pause_inst:u	133	0	0
rob_misc_events.pause_inst:u	134	0	0
rob_misc_events.pause_inst:u	135	0	0
rob_misc_events.pause_inst:u	136	0	0
rob_misc_events.pause_inst:u	137	0	0
rob_misc_events.pause_inst:u	138	0	0
rob_misc_events.pause_inst:u	139	0	0
rob_misc_events.pause_inst:u	140	0	0
rob_misc_events.pause_inst:u	141	0	0
rob_misc_events.pause_inst:u	142	0	0
rob_misc_events.pause_inst:u	143	0	0
rob_misc_events.pause_inst:u	144	0	0
rob_misc_events.pause_inst:u	145	0	0
rob_misc_events.pause_inst:u	146	0	0
rob_misc_events.pause_inst:u	147	0	0
rob_misc_events.pause_inst:u	148	0	0
rob_misc_events.pause_inst:u	149	0	0
rob_misc_events.pause_inst:u	150	0	0
rob_misc_events.pause_inst:u	151	0	0
rob_misc_events.pause_inst:u	152	0	0
rob_misc_events.pause_inst:u	153	0	0
rob_misc_events.pause_inst:u	154	0	0
rob_misc_events.pause_inst:u	155	0	0
rob_misc_events.pause_inst:u	156	0	0
rob_misc_events.pause_inst:u	157	0	0
rob_misc_events.pause_inst:u	158	0	0
rob_misc_events.pause_inst:u	159	0	0
rob_misc_events.pause_inst:u	160	0	0
rob_misc_events.pause_inst:u	161	0	0
rob_misc_events.pause_inst:u	162	0	0
rob_misc_events.pause_inst:u	163	0	0
rob_misc_events.pause_inst:u	164	0	0
rob_misc_events.pause_inst:u	165	0	0
rob_misc_events.pause_inst:u	166	0	0
rob_misc_events.pause_inst:u	167	0	0
rob_misc_events.pause_inst:u	168	0	0
rob_misc_events.pause_inst:u	169	0	0
rob_misc_events.pause_inst:u	170	0	0
rob_misc_events.pause_inst:u	171	0	0
rob_misc_events.pause_inst:u	172	0	0
rob_misc_events.pause_inst:u	173	0	0
rob_misc_events.pause_inst:u	174	0	0
rob_misc_events.pause_inst:u	175	0	0
rob_misc_events.pause_inst:u	176	0	0
rob_misc_events.pause_inst:u	177	0	0
rob_misc_events.pause_inst:u	178	0	0
rob_misc_events.pause_inst:u	179	0	0
rob_misc_events.pause_inst:u	180	0	0
rob_misc_events.pause_inst:u	181	0	0
rob_misc_events.pause_inst:u	182	0	0
rob_misc_events.pause_inst:u	183	0	0
rob_misc_events.pause_inst:u	184	0	0
rob_misc_events.pause_inst:u	185	0	0
rob_misc_events.pause_inst:u	186	0	0
rob_misc_events.pause_inst:u	187	0	0
rob_misc_events.pause_inst:u	188	0	0
rob_misc_events.pause_inst:u	189	0	0
rob_misc_events.pause_inst:u	190	0	0
rob_misc_events.pause_inst:u	191	0	0
rob_misc_events.pause_inst:u	192	0	0
rob_misc_events.pause_inst:u	193	0	0
rob_misc_events.pause_inst:u	194	0	0
rob_misc_events.pause_inst:u	195	0	0
rob_misc_events.pause_inst:u	196	0	0
rob_misc_events.pause_inst:u	197	0	0
rob_misc_events.pause_inst:u	198	0	0
rob_misc_events.pause_inst:u	199	0	0
rob_misc_events.pause_inst:u	200	0	0
rob_misc_events.pause_inst:u	201	0	0
rob_misc_events.pause_inst:u	202	0	0
rob_misc_events.pause_inst:u	203	0	0
rob_misc_events.pause_inst:u	204	0	0
rob_misc_events.pause_inst:u	205	0	0
rob_misc_events.pause_inst:u	206	0	0
rob_misc_events.pause_inst:u	207	0	0
rob_misc_events.pause_inst:u	208	0	0
rob_misc_events.pause_inst:u	209	0	0
rob_misc_events.pause_inst:u	210	0	0
rob_misc_events.pause_inst:u	211	0	0
rob_misc_events.pause_inst:u	212	0	0
rob_misc_events.pause_inst:u	213	0	0
rob_misc_events.pause_inst:u	214	0	0
rob_misc_events.pause_inst:u	215	0	0
rob_misc_events.pause_inst:u	216	0	0
rob_misc_events.pause_inst:u	217	0	0
rob_misc_events.pause_inst:u	218	0	0
rob_misc_events.pause_inst:u	219	0	0
rob_misc_events.pause_inst:u	220	0	0
rob_misc_events.pause_inst:u	221	0	0
rob_misc_events.pause_inst:u	222	0	0
rob_misc_events.pause_inst:u	223	0	0
rob_misc_events.pause_inst:u	224	0	0
rob_misc_events.pause_inst:u	225	0	0
rob_misc_events.pause_inst:u	226	0	0
rob_misc_events.pause_inst:u	227	0	0
rob_misc_events.pause_inst:u	228	0	0
rob_misc_events.pause_inst:u	229	0	0
rob_misc_events.pause_inst:u	230	0	0
rob_misc_events.pause_inst:u	231	0	0
rob_misc_events.pause_inst:u	232	0	0
rob_misc_events.pause_inst:u	233	0	0
rob_misc_events.pause_inst:u	234	0	0
rob_misc_events.pause_inst:u	235	0	0
rob_misc_events.pause_inst:u	236	0	0
rob_misc_events.pause_inst:u	237	0	0
rob_misc_events.pause_inst:u	238	0	0
rob_misc_events.pause_inst:u	239	0	0
rob_misc_events.pause_inst:u	240	0	0
rob_misc_events.pause_inst:u	241	0	0
rob_misc_events.pause_inst:u	242	0	0
rob_misc_events.pause_inst:u	243	0	0
rob_misc_events.pause_inst:u	244	0	0
rob_misc_events.pause_inst:u	245	0	0
rob_misc_events.pause_inst:u	246	0	0
rob_misc_events.pause_inst:u	247	0	0
rob_misc_events.pause_inst:u	248	0	0
rob_misc_events.pause_inst:u	249	0	0
rob_misc_events.pause_inst:u	250	0	0
rob_misc_events.pause_inst:u	251	0	0
rob_misc_events.pause_inst:u	252	0	0
rob_misc_events.pause_inst:u	253	0	0
rob_misc_events.pause_inst:u	254	0	0
rob_misc_events.pause_inst:u	255	0	0
rob_misc_events.pause_inst:u	256	0	0
rob_misc_events.pause_inst:u	257	0	0
rob_misc_events.pause_inst:u	258	0	0
rob_misc_events.pause_inst:u	259	0	0
rob_misc_events.pause_inst:u	260	0	0
rob_misc_events.pause_inst:u	261	0	0
rob_misc_events.pause_inst:u	262	0	0
rob_misc_events.pause_inst:u	263	0	0
rob_misc_events.pause_inst:u	264	0	0
rob_misc_events.pause_inst:u	265	0	0
rob_misc_events.pause_inst:u	266	0	0
rob_misc_events.pause_inst:u	267	0	0
rob_misc_events.pause_inst:u	268	0	0
rob_misc_events.pause_inst:u	269	0	0
rob_misc_events.pause_inst:u	270	0	0
rob_misc_events.pause_inst:u	271	0	0
rob_misc_events.pause_inst:u	272	0	0
rob_misc_events.pause_inst:u	273	0	0
rob_misc_events.pause_inst:u	274	0	0
rob_misc_events.pause_inst:u	275	0	0
rob_misc_events.pause_inst:u	276	0	0
rob_misc_events.pause_inst:u	277	0	0
rob_misc_events.pause_inst:u	278	0	0
rob_misc_events.pause_inst:u	279	0	0
rob_misc_events.pause_inst:u	280	0	0
rob_misc_events.pause_inst:u	281	0	0
rob_misc_events.pause_inst:u	282	0	0
rob_misc_events.pause_inst:u	283	0	0
rob_misc_events.pause_inst:u	284	0	0
rob_misc_events.pause_inst:u	285	0	0
rob_misc_events.pause_inst:u	286	0	0
rob_misc_events.pause_inst:u	287	0	0
rob_misc_events.pause_inst:u	288	0	0
rob_misc_events.pause_inst:u	289	0	0
rob_misc_events.pause_inst:u	290	0	0
rob_misc_events.pause_inst:u	291	0	0
rob_misc_events.pause_inst:u	292	0	0
rob_misc_events.pause_inst:u	293	0	0
rob_misc_events.pause_inst:u	294	0	0
rob_misc_events.pause_inst:u	295	0	0
rob_misc_events.pause_inst:u	296	0	0
rob_misc_events.pause_inst:u	297	0	0
rob_misc_events.pause_inst:u	298	0	0
rob_misc_events.pause_inst:u	299	0	0
rob_misc_events.pause_inst:u	300	0	0
rob_misc_events.pause_inst:u	301	0	0
rob_misc_events.pause_inst:u	302	0	0
rob_misc_events.pause_inst:u	303	0	0
rob_misc_events.pause_inst:u	304	0	0
rob_misc_events.pause_inst:u	305	0	0
rob_misc_events.pause_inst:u	306	0	0
rob_misc_events.pause_inst:u	307	0	0
rob_misc_events.pause_inst:u	308	0	0
rob_misc_events.pause_inst:u	309	0	0
rob_misc_events.pause_inst:u	310	0	0
rob_misc_events.pause_inst:u	311	0	0
rob_misc_events.pause_inst:u	312	0	0
rob_misc_events.pause_inst:u	313	0	0
rob_misc_events.pause_inst:u	314	0	0
rob_misc_events.pause_inst:u	315	0	0
rob_misc_events.pause_inst:u	316	0	0
rob_misc_events.pause_inst:u	317	0	0
rob_misc_events.pause_inst:u	318	0	0
rob_misc_events.pause_inst:u	319	0	0
rob_misc_events.pause_inst:u	320	0	0
rob_misc_events.pause_inst:u	321	0	0
rob_misc_events.pause_inst:u	322	0	0
rob_misc_events.pause_inst:u	323	0	0
rob_misc_events.pause_inst:u	324	0	0
rob_misc_events.pause_inst:u	325	0	0
rob_misc_events.pause_inst:u	326	0	0
rob_misc_events.pause_inst:u	327	0	0
rob_misc_events.pause_inst:u	328	0	0
rob_misc_events.pause_inst:u	329	0	0
rob_misc_events.pause_inst:u	330	0	0
rob_misc_events.pause_inst:u	331	0	0
rob_misc_events.pause_inst:u	332	0	0
rob_misc_events.pause_inst:u	333	0	0
rob_misc_events.pause_inst:u	334	0	0
rob_misc_events.pause_inst:u	335	0	0
rob_misc_events.pause_inst:u	336	0	0
rob_misc_events.pause_inst:u	337	0	0
rob_misc_events.pause_inst:u	338	0	0
rob_misc_events.pause_inst:u	339	0	0
rob_misc_events.pause_inst:u	340	0	0
rob_misc_events.pause_inst:u	341	0	0
rob_misc_events.pause_inst:u	342	0	0
rob_misc_events.pause_inst:u	343	0	0
rob_misc_events.pause_inst:u	344	0	0
rob_misc_events.pause_inst:u	345	0	0
rob_misc_events.pause_inst:u	346	0	0
rob_misc_events.pause_inst:u	347	0	0
rob_misc_events.pause_inst:u	348	0	0
rob_misc_events.pause_inst:u	349	0	0
rob_misc_events.pause_inst:u	350	0	0
rob_misc_events.pause_inst:u	351	0	0
rob_misc_events.pause_inst:u	352	0	0
rob_misc_events.pause_inst:u	353	0	0
rob_misc_events.pause_inst:u	354	0	0
rob_misc_events.pause_inst:u	355	0	0
rob_misc_events.pause_inst:u	356	0	0
rob_misc_events.pause_inst:u	357	0	0
rob_misc_events.pause_inst:u	358	0	0
rob_misc_events.pause_inst:u	359	0	0
rob_misc_events.pause_inst:u	360	0	0
rob_misc_events.pause_inst:u	361	0	0
rob_misc_events.pause_inst:u	362	0	0
rob_misc_events.pause_inst:u	363	0	0
rob_misc_events.pause_inst:u	364	0	0
rob_misc_events.pause_inst:u	365	0	0
rob_misc_events.pause_inst:u	366	0	0
rob_misc_events.pause_inst:u	367	0	0
rob_misc_events.pause_inst:u	368	0	0
rob_misc_events.pause_inst:u	369	0	0
rob_misc_events.pause_inst:u	370	0	0
rob_misc_events.pause_inst:u	371	0	0
rob_misc_events.pause_inst:u	372	0	0
rob_misc_events.pause_inst:u	373	0	0
rob_misc_events.pause_inst:u	374	0	0
rob_misc_events.pause_inst:u	375	0	0
rob_misc_events.pause_inst:u	376	0	0
rob_misc_events.pause_inst:u	377	0	0
rob_misc_events.pause_inst:u	378	0	0
rob_misc_events.pause_inst:u	379	0	0
rob_misc_events.pause_inst:u	380	0	0
rob_misc_events.pause_inst:u	381	0	0
rob_misc_events.pause_inst:u	382	0	0
rob_misc_events.pause_inst:u	383	0	0
rob_misc_events.pause_inst:u	384	0	0
rob_misc_events.pause_inst:u	385	0	0
rob_misc_events.pause_inst:u	386	0	0
rob_misc_events.pause_inst:u	387	0	0
rob_misc_events.pause_inst:u	388	0	0
rob_misc_events.pause_inst:u	389	0	0
rob_misc_events.pause_inst:u	390	0	0
rob_misc_events.pause_inst:u	391	0	0
rob_misc_events.pause_inst:u	392	0	0
rob_misc_events.pause_inst:u	393	0	0
rob_misc_events.pause_inst:u	394	0	0
rob_misc_events.pause_inst:u	395	0	0
rob_misc_events.pause_inst:u	396	0	0
rob_misc_events.pause_inst:u	397	0	0
rob_misc_events.pause_inst:u	398	0	0
rob_misc_events.pause_inst:u	399	0	0
rob_misc_events.pause_inst:u	400	0	0
rob_misc_events.pause_inst:u	401	0	0
rob_misc_events.pause_inst:u	402	0	0
rob_misc_events.pause_inst:u	403	0	0
rob_misc_events.pause_inst:u	404	0	0
rob_misc_events.pause_inst:u	405	0	0
rob_misc_events.pause_inst:u	406	0	0
rob_misc_events.pause_inst:u	407	0	0
rob_misc_events.pause_inst:u	408	0	0
rob_misc_events.pause_inst:u	409	0	0
rob_misc_events.pause_inst:u	410	0	0
rob_misc_events.pause_inst:u	411	0	0
rob_misc_events.pause_inst:u	412	0	0
rob_misc_events.pause_inst:u	413	0	0
rob_misc_events.pause_inst:u	414	0	0
rob_misc_events.pause_inst:u	415	0	0
rob_misc_events.pause_inst:u	416	0	0
rob_misc_events.pause_inst:u	417	0	0
rob_misc_events.pause_inst:u	418	0	0
rob_misc_events.pause_inst:u	419	0	0
rob_misc_events.pause_inst:u	420	0	0
rob_misc_events.pause_inst:u	421	0	0
rob_misc_events.pause_inst:u	422	0	0
rob_misc_events.pause_inst:u	423	0	0
rob_misc_events.pause_inst:u	424	0	0
rob_misc_events.pause_inst:u	425	0	0
rob_misc_events.pause_inst:u	426	0	0
rob_misc_events.pause_inst:u	427	0	0
rob_misc_events.pause_inst:u	428	0	0
rob_misc_events.pause_inst:u	429	0	0
rob_misc_events.pause_inst:u	430	0	0
rob_misc_events.pause_inst:u	431	0	0
rob_misc_events.pause_inst:u	432	0	0
rob_misc_events.pause_inst:u	433	0	0
rob_misc_events.pause_inst:u	434	0	0
rob_misc_events.pause_inst:u	435	0	0
rob_misc_events.pause_inst:u	436	0	0
rob_misc_events.pause_inst:u	437	0	0
rob_misc_events.pause_inst:u	438	0	0
rob_misc_events.pause_inst:u	439	0	0
rob_misc_events.pause_inst:u	440	0	0
rob_misc_events.pause_inst:u	441	0	0
rob_misc_events.pause_inst:u	442	0	0
rob_misc_events.pause_inst:u	443	0	0
rob_misc_events.pause_inst:u	444	0	0
rob_misc_events.pause_inst:u	445	0	0
rob_misc_events.pause_inst:u	446	0	0
rob_misc_events.pause_inst:u	447	0	0
rob_misc_events.pause_inst:u	448	0	0
rob_misc_events.pause_inst:u	449	0	0
rob_misc_events.pause_inst:u	450	0	0
rob_misc_events.pause_inst:u	451	0	0
rob_misc_events.pause_inst:u	452	0	0
rob_misc_events.pause_inst:u	453	0	0
rob_misc_events.pause_inst:u	454	0	0
rob_misc_events.pause_inst:u	455	0	0
rob_misc_events.pause_inst:u	456	0	0
rob_misc_events.pause_inst:u	457	0	0
rob_misc_events.pause_inst:u	458	0	0
rob_misc_events.pause_inst:u	459	0	0
rob_misc_events.pause_inst:u	460	0	0
rob_misc_events.pause_inst:u	461	0	0
rob_misc_events.pause_inst:u	462	0	0
rob_misc_events.pause_inst:u	463	0	0
rob_misc_events.pause_inst:u	464	0	0
rob_misc_events.pause_inst:u	465	0	0
rob_misc_events.pause_inst:u	466	0	0
rob_misc_events.pause_inst:u	467	0	0
rob_misc_events.pause_inst:u	468	0	0
rob_misc_events.pause_inst:u	469	0	0
rob_misc_events.pause_inst:u	470	0	0
rob_misc_events.pause_inst:u	471	0	0
rob_misc_events.pause_inst:u	472	0	0
rob_misc_events.pause_inst:u	473	0	0
rob_misc_events.pause_inst:u	474	0	0
rob_misc_events.pause_inst:u	475	0	0
rob_misc_events.pause_inst:u	476	0	0
rob_misc_events.pause_inst:u	477	0	0
rob_misc_events.pause_inst:u	478	0	0
rob_misc_events.pause_inst:u	479	0	0
rob_misc_events.pause_inst:u	480	0	0
rob_misc_events.pause_inst:u	481	0	0
rob_misc_events.pause_inst:u	482	0	0
rob_misc_events.pause_inst:u	483	0	0
rob_misc_events.pause_inst:u	484	0	0
rob_misc_events.pause_inst:u	485	0	0
rob_misc_events.pause_inst:u	486	0	0
rob_misc_events.pause_inst:u	487	0	0
rob_misc_events.pause_inst:u	488	0	0
rob_misc_events.pause_inst:u	489	0	0
rob_misc_events.pause_inst:u	490	0	0
rob_misc_events.pause_inst:u	491	0	0
rob_misc_events.pause_inst:u	492	0	0
rob_misc_events.pause_inst:u	493	0	0
rob_misc_events.pause_inst:u	494	0	0
rob_misc_events.pause_inst:u	495	0	0
rob_misc_events.pause_inst:u	496	0	0
rob_misc_events.pause_inst:u	497	0	0
rob_misc_events.pause_inst:u	498	0	0
rob_misc_events.pause_inst:u	499	0	0
rob_misc_events.pause_inst:u	500	0	0
rob_misc_events.pause_inst:u	501	0	0
rob_misc_events.pause_inst:u	502	0	0
rob_misc_events.pause_inst:u	503	0	0
rob_misc_events.pause_inst:u	504	0	0
rob_misc_events.pause_inst:u	505	0	0
rob_misc_events.pause_inst:u	506	0	0
rob_misc_events.pause_inst:u	507	0	0
rob_misc_events.pause_inst:u	508	0	0
rob_misc_events.pause_inst:u	509	0	0
rob_misc_events.pause_inst:u	510	0	0
rob_misc_events.pause_inst:u	511	0	0
rob_misc_events.pause_inst:u	512	0	0
rob_misc_events.pause_inst:u	513	0	0
rob_misc_events.pause_inst:u	514	0	0
rob_misc_events.pause_inst:u	515	0	0
rob_misc_events.pause_inst:u	516	0	0
rob_misc_events.pause_inst:u	517	0	0
rob_misc_events.pause_inst:u	518	0	0
rob_misc_events.pause_inst:u	519	0	0
rob_misc_events.pause_inst:u	520	0	0
rob_misc_events.pause_inst:u	521	0	0
rob_misc_events.pause_inst:u	522	0	0
rob_misc_events.pause_inst:u	523	0	0
rob_misc_events.pause_inst:u	524	0	0
rob_misc_events.pause_inst:u	525	0	0
rob_misc_events.pause_inst:u	526	0	0
rob_misc_events.pause_inst:u	527	0	0
rob_misc_events.pause_inst:u	528	0	0
rob_misc_events.pause_inst:u	529	0	0
rob_misc_events.pause_inst:u	530	0	0
rob_misc_events.pause_inst:u	531	0	0
rob_misc_events.pause_inst:u	532	0	0
rob_misc_events.pause_inst:u	533	0	0
rob_misc_events.pause_inst:u	534	0	0
rob_misc_events.pause_inst:u	535	0	0
rob_misc_events.pause_inst:u	536	0	0
rob_misc_events.pause_inst:u	537	0	0
rob_misc_events.pause_inst:u	538	0	0
rob_misc_events.pause_inst:u	539	0	0
rob_misc_events.pause_inst:u	540	0	0
rob_misc_events.pause_inst:u	541	0	0
rob_misc_events.pause_inst:u	542	0	0
rob_misc_events.pause_inst:u	543	0	0
rob_misc_events.pause_inst:u	544	0	0
rob_misc_events.pause_inst:u	545	0	0
rob_misc_events.pause_inst:u	546	0	0
rob_misc_events.pause_inst:u	547	0	0
rob_misc_events.pause_inst:u	548	0	0
rob_misc_events.pause_inst:u	549	0	0
rob_misc_events.pause_inst:u	550	0	0
rob_misc_events.pause_inst:u	551	0	0
rob_misc_events.pause_inst:u	552	0	0
rob_misc_events.pause_inst:u	553	0	0
rob_misc_events.pause_inst:u	554	0	0
rob_misc_events.pause_inst:u	555	0	0
rob_misc_events.pause_inst:u	556	0	0
rob_misc_events.pause_inst:u	557	0	0
rob_misc_events.pause_inst:u	558	0	0
rob_misc_events.pause_inst:u	559	0	0
rob_misc_events.pause_inst:u	560	0	0
rob_misc_events.pause_inst:u	561	0	0
rob_misc_events.pause_inst:u	562	0	0
rob_misc_events.pause_inst:u	563	0	0
rob_misc_events.pause_inst:u	564	0	0
rob_misc_events.pause_inst:u	565	0	0
rob_misc_events.pause_inst:u	566	0	0
rob_misc_events.pause_inst:u	567	0	0
rob_misc_events.pause_inst:u	568	0	0
rob_misc_events.pause_inst:u	569	0	0
rob_misc_events.pause_inst:u	570	0	0
rob_misc_events.pause_inst:u	571	0	0
rob_misc_events.pause_inst:u	572	0	0
rob_misc_events.pause_inst:u	573	0	0
rob_misc_events.pause_inst:u	574	0	0
rob_misc_events.pause_inst:u	575	0	0
rob_misc_events.pause_inst:u	576	0	0
rob_misc_events.pause_inst:u	577	0	0
rob_misc_events.pause_inst:u	578	0	0
rob_misc_events.pause_inst:u	579	0	0
rob_misc_events.pause_inst:u	580	0	0
rob_misc_events.pause_inst:u	581	0	0
rob_misc_events.pause_inst:u	582	0	0
rob_misc_events.pause_inst:u	583	0	0
rob_misc_events.pause_inst:u	584	0	0
rob_misc_events.pause_inst:u	585	0	0
rob_misc_events.pause_inst:u	586	0	0
rob_misc_events.pause_inst:u	587	0	0
rob_misc_events.pause_inst:u	588	0	0
rob_misc_events.pause_inst:u	589	0	0
rob_misc_events.pause_inst:u	590	0	0
rob_misc_events.pause_inst:u	591	0	0
rob_misc_events.pause_inst:u	592	0	0
rob_misc_events.pause_inst:u	593	0	0
rob_misc_events.pause_inst:u	594	0	0
rob_misc_events.pause_inst:u	595	0	0
rob_misc_events.pause_inst:u	596	0	0
rob_misc_events.pause_inst:u	597	0	0
rob_misc_events.pause_inst:u	598	0	0
rob_misc_events.pause_inst:u	599	0	0
rob_misc_events.pause_inst:u	600	0	0
rob_misc_events.pause_inst:u	601	0	0
rob_misc_events.pause_inst:u	602	0	0
rob_misc_events.pause_inst:u	603	0	0
rob_misc_events.pause_inst:u	604	0	0
rob_misc_events.pause_inst:u	605	0	0
rob_misc_events.pause_inst:u	606	0	0
rob_misc_events.pause_inst:u	607	0	0
rob_misc_events.pause_inst:u	608	0	0
rob_misc_events.pause_inst:u	609	0	0
rob_misc_events.pause_inst:u	610	0	0
rob_misc_events.pause_inst:u	611	0	0
rob_misc_events.pause_inst:u	612	0	0
rob_misc_events.pause_inst:u	613	0	0
rob_misc_events.pause_inst:u	614	0	0
rob_misc_events.pause_inst:u	615	0	0
rob_misc_events.pause_inst:u	616	0	0
rob_misc_events.pause_inst:u	617	0	0
rob_misc_events.pause_inst:u	618	0	0
rob_misc_events.pause_inst:u	619	0	0
rob_misc_events.pause_inst:u	620	0	0
rob_misc_events.pause_inst:u	621	0	0
rob_misc_events.pause_inst:u	622	0	0
rob_misc_events.pause_inst:u	623	0	0
rob_misc_events.pause_inst:u	624	0	0
rob_misc_events.pause_inst:u	625	0	0
rob_misc_events.pause_inst:u	626	0	0
rob_misc_events.pause_inst:u	627	0	0
rob_misc_events.pause_inst:u	628	0	0
rob_misc_events.pause_inst:u	629	0	0
rob_misc_events.pause_inst:u	630	0	0
rob_misc_events.pause_inst:u	631	0	0
rob_misc_events.pause_inst:u	632	0	0
rob_misc_events.pause_inst:u	633	0	0
rob_misc_events.pause_inst:u	634	0	0
rob_misc_events.pause_inst:u	635	0	0
rob_misc_events.pause_inst:u	636	0	0
rob_misc_events.pause_inst:u	637	0	0
rob_misc_events.pause_inst:u	638	0	0
rob_misc_events.pause_inst:u	639	0	0
rob_misc_events.pause_inst:u	640	0	0
rob_misc_events.pause_inst:u	641	0	0
rob_misc_events.pause_inst:u	642	0	0
rob_misc_events.pause_inst:u	643	0	0
rob_misc_events.pause_inst:u	644	0	0
rob_misc_events.pause_inst:u	645	0	0
rob_misc_events.pause_inst:u	646	0	0
rob_misc_events.pause_inst:u	647	0	0
rob_misc_events.pause_inst:u	648	0	0
rob_misc_events.pause_inst:u	649	0	0
rob_misc_events.pause_inst:u	650	0	0
rob_misc_events.pause_inst:u	651	0	0
rob_misc_events.pause_inst:u	652	0	0
rob_misc_events.pause_inst:u	653	0	0
rob_misc_events.pause_inst:u	654	0	0
rob_misc_events.pause_inst:u	655	0	0
rob_misc_events.pause_inst:u	656	0	0
rob_misc_events.pause_inst:u	657	0	0
rob_misc_events.pause_inst:u	658	0	0
rob_misc_events.pause_inst:u	659	0	0
rob_misc_events.pause_inst:u	660	0	0
rob_misc_events.pause_inst:u	661	0	0
rob_misc_events.pause_inst:u	662	0	0
rob_misc_events.pause_inst:u	663	0	0
rob_misc_events.pause_inst:u	664	0	0
rob_misc_events.pause_inst:u	665	0	0
rob_misc_events.pause_inst:u	666	0	0
rob_misc_events.pause_inst:u	667	0	0
rob_misc_events.pause_inst:u	668	0	0
rob_misc_events.pause_inst:u	669	0	0
rob_misc_events.pause_inst:u	670	0	0
rob_misc_events.pause_inst:u	671	0	0
rob_misc_events.pause_inst:u	672	0	0
rob_misc_events.pause_inst:u	673	0	0
rob_misc_events.pause_inst:u	674	0	0
rob_misc_events.pause_inst:u	675	0	0
rob_misc_events.pause_inst:u	676	0	0
rob_misc_events.pause_inst:u	677	0	0
rob_misc_events.pause_inst:u	678	0	0
rob_misc_events.pause_inst:u	679	0	0
rob_misc_events.pause_inst:u	680	0	0
rob_misc_events.pause_inst:u	681	0	0
rob_misc_events.pause_inst:u	682	0	0
rob_misc_events.pause_inst:u	683	0	0
rob_misc_events.pause_inst:u	684	0	0
rob_misc_events.pause_inst:u	685	0	0
rob_misc_events.pause_inst:u	686	0	0
rob_misc_events.pause_inst:u	687	0	0
rob_misc_events.pause_inst:u	688	0	0
rob_misc_events.pause_inst:u	689	0	0
rob_misc_events.pause_inst:u	690	0	0
rob_misc_events.pause_inst:u	691	0	0
rob_misc_events.pause_inst:u	692	0	0
rob_misc_events.pause_inst:u	693	0	0
rob_misc_events.pause_inst:u	694	0	0
rob_misc_events.pause_inst:u	695	0	0
rob_misc_events.pause_inst:u	696	0	0
rob_misc_events.pause_inst:u	697	0	0
rob_misc_events.pause_inst:u	698	0	0
rob_misc_events.pause_inst:u	699	0	0
rob_misc_events.pause_inst:u	700	0	0
rob_misc_events.pause_inst:u	701	0	0
rob_misc_events.pause_inst:u	702	0	0
rob_misc_events.pause_inst:u	703	0	0
rob_misc_events.pause_inst:u	704	0	0
rob_misc_events.pause_inst:u	705	0	0
rob_misc_events.pause_inst:u	706	0	0
rob_misc_events.pause_inst:u	707	0	0
rob_misc_events.pause_inst:u	708	0	0
rob_misc_events.pause_inst:u	709	0	0
rob_misc_events.pause_inst:u	710	0	0
rob_misc_events.pause_inst:u	711	0	0
rob_misc_events.pause_inst:u	712	0	0
rob_misc_events.pause_inst:u	713	0	0
rob_misc_events.pause_inst:u	714	0	0
rob_misc_events.pause_inst:u	715	0	0
rob_misc_events.pause_inst:u	716	0	0
rob_misc_events.pause_inst:u	717	0	0
rob_misc_events.pause_inst:u	718	0	0
rob_misc_events.pause_inst:u	719	0	0
rob_misc_events.pause_inst:u	720	0	0
rob_misc_events.pause_inst:u	721	0	0
rob_misc_events.pause_inst:u	722	0	0
rob_misc_events.pause_inst:u	723	0	0
rob_misc_events.pause_inst:u	724	0	0
rob_misc_events.pause_inst:u	725	0	0
rob_misc_events.pause_inst:u	726	0	0
rob_misc_events.pause_inst:u	727	0	0
rob_misc_events.pause_inst:u	728	0	0
rob_misc_events.pause_inst:u	729	0	0
rob_misc_events.pause_inst:u	730	0	0
rob_misc_events.pause_inst:u	731	0	0
rob_misc_events.pause_inst:u	732	0	0
rob_misc_events.pause_inst:u	733	0	0
rob_misc_events.pause_inst:u	734	0	0
rob_misc_events.pause_inst:u	735	0	0
rob_misc_events.pause_inst:u	736	0	0
rob_misc_events.pause_inst:u	737	0	0
rob_misc_events.pause_inst:u	738	0	0
rob_misc_events.pause_inst:u	739	0	0
rob_misc_events.pause_inst:u	740	0	0
rob_misc_events.pause_inst:u	741	0	0
rob_misc_events.pause_inst:u	742	0	0
rob_misc_events.pause_inst:u	743	0	0
rob_misc_events.pause_inst:u	744	0	0
rob_misc_events.pause_inst:u	745	0	0
rob_misc_events.pause_inst:u	746	0	0
rob_misc_events.pause_inst:u	747	0	0
rob_misc_events.pause_inst:u	748	0	0
rob_misc_events.pause_inst:u	749	0	0
rob_misc_events.pause_inst:u	750	0	0
rob_misc_events.pause_inst:u	751	0	0
rob_misc_events.pause_inst:u	752	0	0
rob_misc_events.pause_inst:u	753	0	0
rob_misc_events.pause_inst:u	754	0	0
rob_misc_events.pause_inst:u	755	0	0
rob_misc_events.pause_inst:u	756	0	0
rob_misc_events.pause_inst:u	757	0	0
rob_misc_events.pause_inst:u	758	0	0
rob_misc_events.pause_inst:u	759	0	0
rob_misc_events.pause_inst:u	760	0	0
rob_misc_events.pause_inst:u	761	0	0
rob_misc_events.pause_inst:u	762	0	0
rob_misc_events.pause_inst:u	763	0	0
rob_misc_events.pause_inst:u	764	0	0
rob_misc_events.pause_inst:u	765	0	0
rob_misc_events.pause_inst:u	766	0	0
rob_misc_events.pause_inst:u	767	0	0
rob_misc_events.pause_inst:u	768	0	0
rob_misc_events.pause_inst:u	769	0	0
rob_misc_events.pause_inst:u	770	0	0
rob_misc_events.pause_inst:u	771	0	0
rob_misc_events.pause_inst:u	772	0	0
rob_misc_events.pause_inst:u	773	0	0
rob_misc_events.pause_inst:u	774	0	0
rob_misc_events.pause_inst:u	775	0	0
rob_misc_events.pause_inst:u	776	0	0
rob_misc_events.pause_inst:u	777	0	0
rob_misc_events.pause_inst:u	778	0	0
rob_misc_events.pause_inst:u	779	0	0
rob_misc_events.pause_inst:u	780	0	0
rob_misc_events.pause_inst:u	781	0	0
rob_misc_events.pause_inst:u	782	0	0
rob_misc_events.pause_inst:u	783	0	0
rob_misc_events.pause_inst:u	784	0	0
rob_misc_events.pause_inst:u	785	0	0
rob_misc_events.pause_inst:u	786	0	0
rob_misc_events.pause_inst:u	787	0	0
rob_misc_events.pause_inst:u	788	0	0
rob_misc_events.pause_inst:u	789	0	0
rob_misc_events.pause_inst:u	790	0	0
rob_misc_events.pause_inst:u	791	0	0
rob_misc_events.pause_inst:u	792	0	0
rob_misc_events.pause_inst:u	793	0	0
rob_misc_events.pause_inst:u	794	0	0
rob_misc_events.pause_inst:u	795	0	0
rob_misc_events.pause_inst:u	796	0	0
rob_misc_events.pause_inst:u	797	0	0
rob_misc_events.pause_inst:u	798	0	0
rob_misc_events.pause_inst:u	799	0	0
rob_misc_events.pause_inst:u	800	0	0
rob_misc_events.pause_inst:u	801	0	0
rob_misc_events.pause_inst:u	802	0	0
rob_misc_events.pause_inst:u	803	0	0
rob_misc_events.pause_inst:u	804	0	0
rob_misc_events.pause_inst:u	805	0	0
rob_misc_events.pause_inst:u	806	0	0
rob_misc_events.pause_inst:u	807	0	0
rob_misc_events.pause_inst:u	808	0	0
rob_misc_events.pause_inst:u	809	0	0
rob_misc_events.pause_inst:u	810	0	0
rob_misc_events.pause_inst:u	811	0	0
rob_misc_events.pause_inst:u	812	0	0
rob_misc_events.pause_inst:u	813	0	0
rob_misc_events.pause_inst:u	814	0	0
rob_misc_events.pause_inst:u	815	0	0
rob_misc_events.pause_inst:u	816	0	0
rob_misc_events.pause_inst:u	817	0	0
rob_misc_events.pause_inst:u	818	0	0
rob_misc_events.pause_inst:u	819	0	0
rob_misc_events.pause_inst:u	820	0	0
rob_misc_events.pause_inst:u	821	0	0
rob_misc_events.pause_inst:u	822	0	0
rob_misc_events.pause_inst:u	823	0	0
rob_misc_events.pause_inst:u	824	0	0
rob_misc_events.pause_inst:u	825	0	0
rob_misc_events.pause_inst:u	826	0	0
rob_misc_events.pause_inst:u	827	0	0
rob_misc_events.pause_inst:u	828	0	0
rob_misc_events.pause_inst:u	829	0	0
rob_misc_events.pause_inst:u	830	0	0
rob_misc_events.pause_inst:u	831	0	0
rob_misc_events.pause_inst:u	832	0	0
rob_misc_events.pause_inst:u	833	0	0
rob_misc_events.pause_inst:u	834	0	0
rob_misc_events.pause_inst:u	835	0	0
rob_misc_events.pause_inst:u	836	0	0
rob_misc_events.pause_inst:u	837	0	0
rob_misc_events.pause_inst:u	838	0	0
rob_misc_events.pause_inst:u	839	0	0
rob_misc_events.pause_inst:u	840	0	0
rob_misc_events.pause_inst:u	841	0	0
rob_misc_events.pause_inst:u	842	0	0
rob_misc_events.pause_inst:u	843	0	0
rob_misc_events.pause_inst:u	844	0	0
rob_misc_events.pause_inst:u	845	0	0
rob_misc_events.pause_inst:u	846	0	0
rob_misc_events.pause_inst:u	847	0	0
rob_misc_events.pause_inst:u	848	0	0
rob_misc_events.pause_inst:u	849	0	0
rob_misc_events.pause_inst:u	850	0	0
rob_misc_events.pause_inst:u	851	0	0
rob_misc_events.pause_inst:u	852	0	0
rob_misc_events.pause_inst:u	853	0	0
rob_misc_events.pause_inst:u	854	0	0
rob_misc_events.pause_inst:u	855	0	0
rob_misc_events.pause_inst:u	856	0	0
rob_misc_events.pause_inst:u	857	0	0
rob_misc_events.pause_inst:u	858	0	0
rob_misc_events.pause_inst:u	859	0	0
rob_misc_events.pause_inst:u	860	0	0
rob_misc_events.pause_inst:u	861	0	0
rob_misc_events.pause_inst:u	862	0	0
rob_misc_events.pause_inst:u	863	0	0
rob_misc_events.pause_inst:u	864	0	0
rob_misc_events.pause_inst:u	865	0	0
rob_misc_events.pause_inst:u	866	0	0
rob_misc_events.pause_inst:u	867	0	0
rob_misc_events.pause_inst:u	868	0	0
rob_misc_events.pause_inst:u	869	0	0
rob_misc_events.pause_inst:u	870	0	0
rob_misc_events.pause_inst:u	871	0	0
rob_misc_events.pause_inst:u	872	0	0
rob_misc_events.pause_inst:u	873	0	0
rob_misc_events.pause_inst:u	874	0	0
rob_misc_events.pause_inst:u	875	0	0
rob_misc_events.pause_inst:u	876	0	0
rob_misc_events.pause_inst:u	877	0	0
rob_misc_events.pause_inst:u	878	0	0
rob_misc_events.pause_inst:u	879	0	0
rob_misc_events.pause_inst:u	880	0	0
rob_misc_events.pause_inst:u	881	0	0
rob_misc_events.pause_inst:u	882	0	0
rob_misc_events.pause_inst:u	883	0	0
rob_misc_events.pause_inst:u	884	0	0
rob_misc_events.pause_inst:u	885	0	0
rob_misc_events.pause_inst:u	886	0	0
rob_misc_events.pause_inst:u	887	0	0
rob_misc_events.pause_inst:u	888	0	0
rob_misc_events.pause_inst:u	889	0	0
rob_misc_events.pause_inst:u	890	0	0
rob_misc_events.pause_inst:u	891	0	0
rob_misc_events.pause_inst:u	892	0	0
rob_misc_events.pause_inst:u	893	0	0
rob_misc_events.pause_inst:u	894	0	0
rob_misc_events.pause_inst:u	895	0	0
rob_misc_events.pause_inst:u	896	0	0
rob_misc_events.pause_inst:u	897	0	0
rob_misc_events.pause_inst:u	898	0	0
rob_misc_events.pause_inst:u	899	0	0
rob_misc_events.pause_inst:u	900	0	0
rob_misc_events.pause_inst:u	901	0	0
rob_misc_events.pause_inst:u	902	0	0
rob_misc_events.pause_inst:u	903	0	0
rob_misc_events.pause_inst:u	904	0	0
rob_misc_events.pause_inst:u	905	0	0
rob_misc_events.pause_inst:u	906	0	0
rob_misc_events.pause_inst:u	907	0	0
rob_misc_events.pause_inst:u	908	0	0
rob_misc_events.pause_inst:u	909	0	0
rob_misc_events.pause_inst:u	910	0	0
rob_misc_events.pause_inst:u	911	0	0
rob_misc_events.pause_inst:u	912	0	0
rob_misc_events.pause_inst:u	913	0	0
rob_misc_events.pause_inst:u	914	0	0
rob_misc_events.pause_inst:u	915	0	0
rob_misc_events.pause_inst:u	916	0	0
rob_misc_events.pause_inst:u	917	0	0
rob_misc_events.pause_inst:u	918	0	0
rob_misc_events.pause_inst:u	919	0	0
rob_misc_events.pause_inst:u	920	0	0
rob_misc_events.pause_inst:u	921	0	0
rob_misc_events.pause_inst:u	922	0	0
rob_misc_events.pause_inst:u	923	0	0
rob_misc_events.pause_inst:u	924	0	0
rob_misc_events.pause_inst:u	925	0	0
rob_misc_events.pause_inst:u	926	0	0
rob_misc_events.pause_inst:u	927	0	0
rob_misc_events.pause_inst:u	928	0	0
rob_misc_events.pause_inst:u	929	0	0
rob_misc_events.pause_inst:u	930	0	0
rob_misc_events.pause_inst:u	931	0	0
rob_misc_events.pause_inst:u	932	0	0
rob_misc_events.pause_inst:u	933	0	0
rob_misc_events.pause_inst:u	934	0	0
rob_misc_events.pause_inst:u	935	0	0
rob_misc_events.pause_inst:u	936	0	0
rob_misc_events.pause_inst:u	937	0	0
rob_misc_events.pause_inst:u	938	0	0
rob_misc_events.pause_inst:u	939	0	0
rob_misc_events.pause_inst:u	940	0	0
rob_misc_events.pause_inst:u	941	0	0
rob_misc_events.pause_inst:u	942	0	0
rob_misc_events.pause_inst:u	943	0	0
rob_misc_events.pause_inst:u	944	0	0
rob_misc_events.pause_inst:u	945	0	0
rob_misc_events.pause_inst:u	946	0	0
rob_misc_events.pause_inst:u	947	0	0
rob_misc_events.pause_inst:u	948	0	0
rob_misc_events.pause_inst:u	949	0	0
rob_misc_events.pause_inst:u	950	0	0
rob_misc_events.pause_inst:u	951	0	0
rob_misc_events.pause_inst:u	952	0	0
rob_misc_events.pause_inst:u	953	0	0
rob_misc_events.pause_inst:u	954	0	0
rob_misc_events.pause_inst:u	955	0	0
rob_misc_events.pause_inst:u	956	0	0
rob_misc_events.pause_inst:u	957	0	0
rob_misc_events.pause_inst:u	958	0	0
rob_misc_events.pause_inst:u	959	0	0
rob_misc_events.pause_inst:u	960	0	0
rob_misc_events.pause_inst:u	961	0	0
rob_misc_events.pause_inst:u	962	0	0
rob_misc_events.pause_inst:u	963	0	0
rob_misc_events.pause_inst:u	964	0	0
rob_misc_events.pause_inst:u	965	0	0
rob_misc_events.pause_inst:u	966	0	0
rob_misc_events.pause_inst:u	967	0	0
rob_misc_events.pause_inst:u	968	0	0
rob_misc_events.pause_inst:u	969	0	0
rob_misc_events.pause_inst:u	970	0	0
rob_misc_events.pause_inst:u	971	0	0
rob_misc_events.pause_inst:u	972	0	0
rob_misc_events.pause_inst:u	973	0	0
rob_misc_events.pause_inst:u	974	0	0
rob_misc_events.pause_inst:u	975	0	0
rob_misc_events.pause_inst:u	976	0	0
rob_misc_events.pause_inst:u	977	0	0
rob_misc_events.pause_inst:u	978	0	0
rob_misc_events.pause_inst:u	979	0	0
rob_misc_events.pause_inst:u	980	0	0
rob_misc_events.pause_inst:u	981	0	0
rob_misc_events.pause_inst:u	982	0	0
rob_misc_events.pause_inst:u	983	0	0
rob_misc_events.pause_inst:u	984	0	0
rob_misc_events.pause_inst:u	985	0	0
rob_misc_events.pause_inst:u	986	0	0
rob_misc_events.pause_inst:u	987	0	0
rob_misc_events.pause_inst:u	988	0	0
rob_misc_events.pause_inst:u	989	0	0
rob_misc_events.pause_inst:u	990	0	0
rob_misc_events.pause_inst:u	991	0	0
rob_misc_events.pause_inst:u	992	0	0
rob_misc_events.pause_inst:u	993	0	0
rob_misc_events.pause_inst:u	994	0	0
rob_misc_events.pause_inst:u	995	0	0
rob_misc_events.pause_inst:u	996	0	0
rob_misc_events.pause_inst:u	997	0	0
rob_misc_events.pause_inst:u	998	0	0
rob_misc_events.pause_inst:u	999	0	0
rob_misc_events.pause_inst:u	1000	0	0
uops_executed.cycles_ge_3_uops_exec:u	1	1775841874	0
uops_executed.cycles_ge_3_uops_exec:u	2	1776856634	0
dtlb_load_misses.walk_completed_4k:u	1	400032	0
dtlb_load_misses.walk_completed_4k:u	2	400027	0
L1-dcache-load-misses:u	1	2827268	0
L1-dcache-load-misses:u	2	2802628	0
