event	round	count	exit
instructions:u	1	227003199	0
instructions:u	2	227003202	0
l2_lines_out.non_silent:u	1	937	0
l2_lines_out.non_silent:u	2	874	0
l2_trans.l2_wb:u	1	849	0
l2_trans.l2_wb:u	2	1219	0
mem_load_misc_retired.uc:u	1	0	0
mem_load_misc_retired.uc:u	2	0	0
mem_load_misc_retired.uc:u	3	0	0
mem_load_misc_retired.uc:u	4	0	0
mem_load_misc_retired.uc:u	5	0	0
mem_load_misc_retired.uc:u	6	0	0
mem_load_misc_retired.uc:u	7	0	0
mem_load_misc_retired.uc:u	8	0	0
mem_load_misc_retired.uc:u	9	0	0
mem_load_misc_retired.uc:u	10	0	0
mem_load_misc_retired.uc:u	11	0	0
mem_load_misc_retired.uc:u	12	0	0
mem_load_misc_retired.uc:u	13	0	0
mem_load_misc_retired.uc:u	14	0	0
mem_load_misc_retired.uc:u	15	0	0
mem_load_misc_retired.uc:u	16	0	0
mem_load_misc_retired.uc:u	17	0	0
mem_load_misc_retired.uc:u	18	0	0
mem_load_misc_retired.uc:u	19	0	0
mem_load_misc_retired.uc:u	20	0	0
mem_load_misc_retired.uc:u	21	0	0
mem_load_misc_retired.uc:u	22	0	0
mem_load_misc_retired.uc:u	23	0	0
mem_load_misc_retired.uc:u	24	0	0
mem_load_misc_retired.uc:u	25	0	0
mem_load_misc_retired.uc:u	26	0	0
mem_load_misc_retired.uc:u	27	0	0
mem_load_misc_retired.uc:u	28	0	0
mem_load_misc_retired.uc:u	29	0	0
mem_load_misc_retired.uc:u	30	0	0
mem_load_misc_retired.uc:u	31	0	0
mem_load_misc_retired.uc:u	32	0	0
mem_load_misc_retired.uc:u	33	0	0
mem_load_misc_retired.uc:u	34	0	0
mem_load_misc_retired.uc:u	35	0	0
mem_load_misc_retired.uc:u	36	0	0
mem_load_misc_retired.uc:u	37	0	0
mem_load_misc_retired.uc:u	38	0	0
mem_load_misc_retired.uc:u	39	0	0
mem_load_misc_retired.uc:u	40	0	0
mem_load_misc_retired.uc:u	41	0	0
mem_load_misc_retired.uc:u	42	0	0
mem_load_misc_retired.uc:u	43	0	0
mem_load_misc_retired.uc:u	44	0	0
mem_load_misc_retired.uc:u	45	0	0
mem_load_misc_retired.uc:u	46	0	0
mem_load_misc_retired.uc:u	47	0	0
mem_load_misc_retired.uc:u	48	0	0
mem_load_misc_retired.uc:u	49	0	0
mem_load_misc_retired.uc:u	50	0	0
mem_load_misc_retired.uc:u	51	0	0
mem_load_misc_retired.uc:u	52	0	0
mem_load_misc_retired.uc:u	53	0	0
mem_load_misc_retired.uc:u	54	0	0
mem_load_misc_retired.uc:u	55	0	0
mem_load_misc_retired.uc:u	56	0	0
mem_load_misc_retired.uc:u	57	0	0
mem_load_misc_retired.uc:u	58	0	0
mem_load_misc_retired.uc:u	59	0	0
mem_load_misc_retired.uc:u	60	0	0
mem_load_misc_retired.uc:u	61	0	0
mem_load_misc_retired.uc:u	62	0	0
mem_load_misc_retired.uc:u	63	0	0
mem_load_misc_retired.uc:u	64	0	0
mem_load_misc_retired.uc:u	65	0	0
mem_load_misc_retired.uc:u	66	0	0
mem_load_misc_retired.uc:u	67	0	0
mem_load_misc_retired.uc:u	68	0	0
mem_load_misc_retired.uc:u	69	0	0
mem_load_misc_retired.uc:u	70	0	0
mem_load_misc_retired.uc:u	71	0	0
mem_load_misc_retired.uc:u	72	0	0
mem_load_misc_retired.uc:u	73	0	0
mem_load_misc_retired.uc:u	74	0	0
mem_load_misc_retired.uc:u	75	0	0
mem_load_misc_retired.uc:u	76	0	0
mem_load_misc_retired.uc:u	77	0	0
mem_load_misc_retired.uc:u	78	0	0
mem_load_misc_retired.uc:u	79	0	0
mem_load_misc_retired.uc:u	80	0	0
mem_load_misc_retired.uc:u	81	0	0
mem_load_misc_retired.uc:u	82	0	0
mem_load_misc_retired.uc:u	83	0	0
mem_load_misc_retired.uc:u	84	0	0
mem_load_misc_retired.uc:u	85	0	0
mem_load_misc_retired.uc:u	86	0	0
mem_load_misc_retired.uc:u	87	0	0
mem_load_misc_retired.uc:u	88	0	0
mem_load_misc_retired.uc:u	89	0	0
mem_load_misc_retired.uc:u	90	0	0
mem_load_misc_retired.uc:u	91	0	0
mem_load_misc_retired.uc:u	92	0	0
mem_load_misc_retired.uc:u	93	0	0
mem_load_misc_retired.uc:u	94	0	0
mem_load_misc_retired.uc:u	95	0	0
mem_load_misc_retired.uc:u	96	0	0
mem_load_misc_retired.uc:u	97	0	0
mem_load_misc_retired.uc:u	98	0	0
mem_load_misc_retired.uc:u	99	0	0
mem_load_misc_retired.uc:u	100	0	0
mem_load_misc_retired.uc:u	101	0	0
mem_load_misc_retired.uc:u	102	0	0
mem_load_misc_retired.uc:u	103	0	0
mem_load_misc_retired.uc:u	104	0	0
mem_load_misc_retired.uc:u	105	0	0
mem_load_misc_retired.uc:u	106	0	0
mem_load_misc_retired.uc:u	107	0	0
mem_load_misc_retired.uc:u	108	0	0
mem_load_misc_retired.uc:u	109	0	0
mem_load_misc_retired.uc:u	110	0	0
mem_load_misc_retired.uc:u	111	0	0
mem_load_misc_retired.uc:u	112	0	0
mem_load_misc_retired.uc:u	113	0	0
mem_load_misc_retired.uc:u	114	0	0
mem_load_misc_retired.uc:u	115	0	0
mem_load_misc_retired.uc:u	116	0	0
mem_load_misc_retired.uc:u	117	0	0
mem_load_misc_retired.uc:u	118	0	0
mem_load_misc_retired.uc:u	119	0	0
mem_load_misc_retired.uc:u	120	0	0
mem_load_misc_retired.uc:u	121	0	0
mem_load_misc_retired.uc:u	122	0	0
mem_load_misc_retired.uc:u	123	0	0
mem_load_misc_retired.uc:u	124	0	0
mem_load_misc_retired.uc:u	125	0	0
mem_load_misc_retired.uc:u	126	0	0
mem_load_misc_retired.uc:u	127	0	0
mem_load_misc_retired.uc:u	128	0	0
mem_load_misc_retired.uc:u	129	0	0
mem_load_misc_retired.uc:u	130	0	0
mem_load_misc_retired.uc:u	131	0	0
mem_load_misc_retired.uc:u	132	0	0
mem_load_misc_retired.uc:u	133	0	0
mem_load_misc_retired.uc:u	134	0	0
mem_load_misc_retired.uc:u	135	0	0
mem_load_misc_retired.uc:u	136	0	0
mem_load_misc_retired.uc:u	137	0	0
mem_load_misc_retired.uc:u	138	0	0
mem_load_misc_retired.uc:u	139	0	0
mem_load_misc_retired.uc:u	140	0	0
mem_load_misc_retired.uc:u	141	0	0
mem_load_misc_retired.uc:u	142	0	0
mem_load_misc_retired.uc:u	143	0	0
mem_load_misc_retired.uc:u	144	0	0
mem_load_misc_retired.uc:u	145	0	0
mem_load_misc_retired.uc:u	146	0	0
mem_load_misc_retired.uc:u	147	0	0
mem_load_misc_retired.uc:u	148	0	0
mem_load_misc_retired.uc:u	149	0	0
mem_load_misc_retired.uc:u	150	0	0
mem_load_misc_retired.uc:u	151	0	0
mem_load_misc_retired.uc:u	152	0	0
mem_load_misc_retired.uc:u	153	0	0
mem_load_misc_retired.uc:u	154	0	0
mem_load_misc_retired.uc:u	155	0	0
mem_load_misc_retired.uc:u	156	0	0
mem_load_misc_retired.uc:u	157	0	0
mem_load_misc_retired.uc:u	158	0	0
mem_load_misc_retired.uc:u	159	0	0
mem_load_misc_retired.uc:u	160	0	0
mem_load_misc_retired.uc:u	161	0	0
mem_load_misc_retired.uc:u	162	0	0
mem_load_misc_retired.uc:u	163	0	0
mem_load_misc_retired.uc:u	164	0	0
mem_load_misc_retired.uc:u	165	0	0
mem_load_misc_retired.uc:u	166	0	0
mem_load_misc_retired.uc:u	167	0	0
mem_load_misc_retired.uc:u	168	0	0
mem_load_misc_retired.uc:u	169	0	0
mem_load_misc_retired.uc:u	170	0	0
mem_load_misc_retired.uc:u	171	0	0
mem_load_misc_retired.uc:u	172	0	0
mem_load_misc_retired.uc:u	173	0	0
mem_load_misc_retired.uc:u	174	0	0
mem_load_misc_retired.uc:u	175	0	0
mem_load_misc_retired.uc:u	176	0	0
mem_load_misc_retired.uc:u	177	0	0
mem_load_misc_retired.uc:u	178	0	0
mem_load_misc_retired.uc:u	179	0	0
mem_load_misc_retired.uc:u	180	0	0
mem_load_misc_retired.uc:u	181	0	0
mem_load_misc_retired.uc:u	182	0	0
mem_load_misc_retired.uc:u	183	0	0
mem_load_misc_retired.uc:u	184	0	0
mem_load_misc_retired.uc:u	185	0	0
mem_load_misc_retired.uc:u	186	0	0
mem_load_misc_retired.uc:u	187	0	0
mem_load_misc_retired.uc:u	188	0	0
mem_load_misc_retired.uc:u	189	0	0
mem_load_misc_retired.uc:u	190	0	0
mem_load_misc_retired.uc:u	191	0	0
mem_load_misc_retired.uc:u	192	0	0
mem_load_misc_retired.uc:u	193	0	0
mem_load_misc_retired.uc:u	194	0	0
mem_load_misc_retired.uc:u	195	0	0
mem_load_misc_retired.uc:u	196	0	0
mem_load_misc_retired.uc:u	197	0	0
mem_load_misc_retired.uc:u	198	0	0
mem_load_misc_retired.uc:u	199	0	0
mem_load_misc_retired.uc:u	200	0	0
mem_load_misc_retired.uc:u	201	0	0
mem_load_misc_retired.uc:u	202	0	0
mem_load_misc_retired.uc:u	203	0	0
mem_load_misc_retired.uc:u	204	0	0
mem_load_misc_retired.uc:u	205	0	0
mem_load_misc_retired.uc:u	206	0	0
mem_load_misc_retired.uc:u	207	0	0
mem_load_misc_retired.uc:u	208	0	0
mem_load_misc_retired.uc:u	209	0	0
mem_load_misc_retired.uc:u	210	0	0
mem_load_misc_retired.uc:u	211	0	0
mem_load_misc_retired.uc:u	212	0	0
mem_load_misc_retired.uc:u	213	0	0
mem_load_misc_retired.uc:u	214	0	0
mem_load_misc_retired.uc:u	215	0	0
mem_load_misc_retired.uc:u	216	0	0
mem_load_misc_retired.uc:u	217	0	0
mem_load_misc_retired.uc:u	218	0	0
mem_load_misc_retired.uc:u	219	0	0
mem_load_misc_retired.uc:u	220	0	0
mem_load_misc_retired.uc:u	221	0	0
mem_load_misc_retired.uc:u	222	0	0
mem_load_misc_retired.uc:u	223	0	0
mem_load_misc_retired.uc:u	224	0	0
mem_load_misc_retired.uc:u	225	0	0
mem_load_misc_retired.uc:u	226	0	0
mem_load_misc_retired.uc:u	227	0	0
mem_load_misc_retired.uc:u	228	0	0
mem_load_misc_retired.uc:u	229	0	0
mem_load_misc_retired.uc:u	230	0	0
mem_load_misc_retired.uc:u	231	0	0
mem_load_misc_retired.uc:u	232	0	0
mem_load_misc_retired.uc:u	233	0	0
mem_load_misc_retired.uc:u	234	0	0
mem_load_misc_retired.uc:u	235	0	0
mem_load_misc_retired.uc:u	236	0	0
mem_load_misc_retired.uc:u	237	0	0
mem_load_misc_retired.uc:u	238	0	0
mem_load_misc_retired.uc:u	239	0	0
mem_load_misc_retired.uc:u	240	0	0
mem_load_misc_retired.uc:u	241	0	0
mem_load_misc_retired.uc:u	242	0	0
mem_load_misc_retired.uc:u	243	0	0
mem_load_misc_retired.uc:u	244	0	0
mem_load_misc_retired.uc:u	245	0	0
mem_load_misc_retired.uc:u	246	0	0
mem_load_misc_retired.uc:u	247	0	0
mem_load_misc_retired.uc:u	248	0	0
mem_load_misc_retired.uc:u	249	0	0
mem_load_misc_retired.uc:u	250	0	0
mem_load_misc_retired.uc:u	251	0	0
mem_load_misc_retired.uc:u	252	0	0
mem_load_misc_retired.uc:u	253	0	0
mem_load_misc_retired.uc:u	254	0	0
mem_load_misc_retired.uc:u	255	0	0
mem_load_misc_retired.uc:u	256	0	0
mem_load_misc_retired.uc:u	257	0	0
mem_load_misc_retired.uc:u	258	0	0
mem_load_misc_retired.uc:u	259	0	0
mem_load_misc_retired.uc:u	260	0	0
mem_load_misc_retired.uc:u	261	0	0
mem_load_misc_retired.uc:u	262	0	0
mem_load_misc_retired.uc:u	263	0	0
mem_load_misc_retired.uc:u	264	0	0
mem_load_misc_retired.uc:u	265	0	0
mem_load_misc_retired.uc:u	266	0	0
mem_load_misc_retired.uc:u	267	0	0
mem_load_misc_retired.uc:u	268	0	0
mem_load_misc_retired.uc:u	269	0	0
mem_load_misc_retired.uc:u	270	0	0
mem_load_misc_retired.uc:u	271	0	0
mem_load_misc_retired.uc:u	272	0	0
mem_load_misc_retired.uc:u	273	0	0
mem_load_misc_retired.uc:u	274	0	0
mem_load_misc_retired.uc:u	275	0	0
mem_load_misc_retired.uc:u	276	0	0
mem_load_misc_retired.uc:u	277	0	0
mem_load_misc_retired.uc:u	278	0	0
mem_load_misc_retired.uc:u	279	0	0
mem_load_misc_retired.uc:u	280	0	0
mem_load_misc_retired.uc:u	281	0	0
mem_load_misc_retired.uc:u	282	0	0
mem_load_misc_retired.uc:u	283	0	0
mem_load_misc_retired.uc:u	284	0	0
mem_load_misc_retired.uc:u	285	0	0
mem_load_misc_retired.uc:u	286	0	0
mem_load_misc_retired.uc:u	287	0	0
mem_load_misc_retired.uc:u	288	0	0
mem_load_misc_retired.uc:u	289	0	0
mem_load_misc_retired.uc:u	290	0	0
mem_load_misc_retired.uc:u	291	0	0
mem_load_misc_retired.uc:u	292	0	0
mem_load_misc_retired.uc:u	293	0	0
mem_load_misc_retired.uc:u	294	0	0
mem_load_misc_retired.uc:u	295	0	0
mem_load_misc_retired.uc:u	296	0	0
mem_load_misc_retired.uc:u	297	0	0
mem_load_misc_retired.uc:u	298	0	0
mem_load_misc_retired.uc:u	299	0	0
mem_load_misc_retired.uc:u	300	0	0
mem_load_misc_retired.uc:u	301	0	0
mem_load_misc_retired.uc:u	302	0	0
mem_load_misc_retired.uc:u	303	0	0
mem_load_misc_retired.uc:u	304	0	0
mem_load_misc_retired.uc:u	305	0	0
mem_load_misc_retired.uc:u	306	0	0
mem_load_misc_retired.uc:u	307	0	0
mem_load_misc_retired.uc:u	308	0	0
mem_load_misc_retired.uc:u	309	0	0
mem_load_misc_retired.uc:u	310	0	0
mem_load_misc_retired.uc:u	311	0	0
mem_load_misc_retired.uc:u	312	0	0
mem_load_misc_retired.uc:u	313	0	0
mem_load_misc_retired.uc:u	314	0	0
mem_load_misc_retired.uc:u	315	0	0
mem_load_misc_retired.uc:u	316	0	0
mem_load_misc_retired.uc:u	317	0	0
mem_load_misc_retired.uc:u	318	0	0
mem_load_misc_retired.uc:u	319	0	0
mem_load_misc_retired.uc:u	320	0	0
mem_load_misc_retired.uc:u	321	0	0
mem_load_misc_retired.uc:u	322	0	0
mem_load_misc_retired.uc:u	323	0	0
mem_load_misc_retired.uc:u	324	0	0
mem_load_misc_retired.uc:u	325	0	0
mem_load_misc_retired.uc:u	326	0	0
mem_load_misc_retired.uc:u	327	0	0
mem_load_misc_retired.uc:u	328	0	0
mem_load_misc_retired.uc:u	329	0	0
mem_load_misc_retired.uc:u	330	0	0
mem_load_misc_retired.uc:u	331	0	0
mem_load_misc_retired.uc:u	332	0	0
mem_load_misc_retired.uc:u	333	0	0
mem_load_misc_retired.uc:u	334	0	0
mem_load_misc_retired.uc:u	335	0	0
mem_load_misc_retired.uc:u	336	0	0
mem_load_misc_retired.uc:u	337	0	0
mem_load_misc_retired.uc:u	338	0	0
mem_load_misc_retired.uc:u	339	0	0
mem_load_misc_retired.uc:u	340	0	0
mem_load_misc_retired.uc:u	341	0	0
mem_load_misc_retired.uc:u	342	0	0
mem_load_misc_retired.uc:u	343	0	0
mem_load_misc_retired.uc:u	344	0	0
mem_load_misc_retired.uc:u	345	0	0
mem_load_misc_retired.uc:u	346	0	0
mem_load_misc_retired.uc:u	347	0	0
mem_load_misc_retired.uc:u	348	0	0
mem_load_misc_retired.uc:u	349	0	0
mem_load_misc_retired.uc:u	350	0	0
mem_load_misc_retired.uc:u	351	0	0
mem_load_misc_retired.uc:u	352	0	0
mem_load_misc_retired.uc:u	353	0	0
mem_load_misc_retired.uc:u	354	0	0
mem_load_misc_retired.uc:u	355	0	0
mem_load_misc_retired.uc:u	356	0	0
mem_load_misc_retired.uc:u	357	0	0
mem_load_misc_retired.uc:u	358	0	0
mem_load_misc_retired.uc:u	359	0	0
mem_load_misc_retired.uc:u	360	0	0
mem_load_misc_retired.uc:u	361	0	0
mem_load_misc_retired.uc:u	362	0	0
mem_load_misc_retired.uc:u	363	0	0
mem_load_misc_retired.uc:u	364	0	0
mem_load_misc_retired.uc:u	365	0	0
mem_load_misc_retired.uc:u	366	0	0
mem_load_misc_retired.uc:u	367	0	0
mem_load_misc_retired.uc:u	368	0	0
mem_load_misc_retired.uc:u	369	0	0
mem_load_misc_retired.uc:u	370	0	0
mem_load_misc_retired.uc:u	371	0	0
mem_load_misc_retired.uc:u	372	0	0
mem_load_misc_retired.uc:u	373	0	0
mem_load_misc_retired.uc:u	374	0	0
mem_load_misc_retired.uc:u	375	0	0
mem_load_misc_retired.uc:u	376	0	0
mem_load_misc_retired.uc:u	377	0	0
mem_load_misc_retired.uc:u	378	0	0
mem_load_misc_retired.uc:u	379	0	0
mem_load_misc_retired.uc:u	380	0	0
mem_load_misc_retired.uc:u	381	0	0
mem_load_misc_retired.uc:u	382	0	0
mem_load_misc_retired.uc:u	383	0	0
mem_load_misc_retired.uc:u	384	0	0
mem_load_misc_retired.uc:u	385	0	0
mem_load_misc_retired.uc:u	386	0	0
mem_load_misc_retired.uc:u	387	0	0
mem_load_misc_retired.uc:u	388	0	0
mem_load_misc_retired.uc:u	389	0	0
mem_load_misc_retired.uc:u	390	0	0
mem_load_misc_retired.uc:u	391	0	0
mem_load_misc_retired.uc:u	392	0	0
mem_load_misc_retired.uc:u	393	0	0
mem_load_misc_retired.uc:u	394	0	0
mem_load_misc_retired.uc:u	395	0	0
mem_load_misc_retired.uc:u	396	0	0
mem_load_misc_retired.uc:u	397	0	0
mem_load_misc_retired.uc:u	398	0	0
mem_load_misc_retired.uc:u	399	0	0
mem_load_misc_retired.uc:u	400	0	0
mem_load_misc_retired.uc:u	401	0	0
mem_load_misc_retired.uc:u	402	0	0
mem_load_misc_retired.uc:u	403	0	0
mem_load_misc_retired.uc:u	404	0	0
mem_load_misc_retired.uc:u	405	0	0
mem_load_misc_retired.uc:u	406	0	0
mem_load_misc_retired.uc:u	407	0	0
mem_load_misc_retired.uc:u	408	0	0
mem_load_misc_retired.uc:u	409	0	0
mem_load_misc_retired.uc:u	410	0	0
mem_load_misc_retired.uc:u	411	0	0
mem_load_misc_retired.uc:u	412	0	0
mem_load_misc_retired.uc:u	413	0	0
mem_load_misc_retired.uc:u	414	0	0
mem_load_misc_retired.uc:u	415	0	0
mem_load_misc_retired.uc:u	416	0	0
mem_load_misc_retired.uc:u	417	0	0
mem_load_misc_retired.uc:u	418	0	0
mem_load_misc_retired.uc:u	419	0	0
mem_load_misc_retired.uc:u	420	0	0
mem_load_misc_retired.uc:u	421	0	0
mem_load_misc_retired.uc:u	422	0	0
mem_load_misc_retired.uc:u	423	0	0
mem_load_misc_retired.uc:u	424	0	0
mem_load_misc_retired.uc:u	425	0	0
mem_load_misc_retired.uc:u	426	0	0
mem_load_misc_retired.uc:u	427	0	0
mem_load_misc_retired.uc:u	428	0	0
mem_load_misc_retired.uc:u	429	0	0
mem_load_misc_retired.uc:u	430	0	0
mem_load_misc_retired.uc:u	431	0	0
mem_load_misc_retired.uc:u	432	0	0
mem_load_misc_retired.uc:u	433	0	0
mem_load_misc_retired.uc:u	434	0	0
mem_load_misc_retired.uc:u	435	0	0
mem_load_misc_retired.uc:u	436	0	0
mem_load_misc_retired.uc:u	437	0	0
mem_load_misc_retired.uc:u	438	0	0
mem_load_misc_retired.uc:u	439	0	0
mem_load_misc_retired.uc:u	440	0	0
mem_load_misc_retired.uc:u	441	0	0
mem_load_misc_retired.uc:u	442	0	0
mem_load_misc_retired.uc:u	443	0	0
mem_load_misc_retired.uc:u	444	0	0
mem_load_misc_retired.uc:u	445	0	0
mem_load_misc_retired.uc:u	446	0	0
mem_load_misc_retired.uc:u	447	0	0
mem_load_misc_retired.uc:u	448	0	0
mem_load_misc_retired.uc:u	449	0	0
mem_load_misc_retired.uc:u	450	0	0
mem_load_misc_retired.uc:u	451	0	0
mem_load_misc_retired.uc:u	452	0	0
mem_load_misc_retired.uc:u	453	0	0
mem_load_misc_retired.uc:u	454	0	0
mem_load_misc_retired.uc:u	455	0	0
mem_load_misc_retired.uc:u	456	0	0
mem_load_misc_retired.uc:u	457	0	0
mem_load_misc_retired.uc:u	458	0	0
mem_load_misc_retired.uc:u	459	0	0
mem_load_misc_retired.uc:u	460	0	0
mem_load_misc_retired.uc:u	461	0	0
mem_load_misc_retired.uc:u	462	0	0
mem_load_misc_retired.uc:u	463	0	0
mem_load_misc_retired.uc:u	464	0	0
mem_load_misc_retired.uc:u	465	0	0
mem_load_misc_retired.uc:u	466	0	0
mem_load_misc_retired.uc:u	467	0	0
mem_load_misc_retired.uc:u	468	0	0
mem_load_misc_retired.uc:u	469	0	0
mem_load_misc_retired.uc:u	470	0	0
mem_load_misc_retired.uc:u	471	0	0
mem_load_misc_retired.uc:u	472	0	0
mem_load_misc_retired.uc:u	473	0	0
mem_load_misc_retired.uc:u	474	0	0
mem_load_misc_retired.uc:u	475	0	0
mem_load_misc_retired.uc:u	476	0	0
mem_load_misc_retired.uc:u	477	0	0
mem_load_misc_retired.uc:u	478	0	0
mem_load_misc_retired.uc:u	479	0	0
mem_load_misc_retired.uc:u	480	0	0
mem_load_misc_retired.uc:u	481	0	0
mem_load_misc_retired.uc:u	482	0	0
mem_load_misc_retired.uc:u	483	0	0
mem_load_misc_retired.uc:u	484	0	0
mem_load_misc_retired.uc:u	485	0	0
mem_load_misc_retired.uc:u	486	0	0
mem_load_misc_retired.uc:u	487	0	0
mem_load_misc_retired.uc:u	488	0	0
mem_load_misc_retired.uc:u	489	0	0
mem_load_misc_retired.uc:u	490	0	0
mem_load_misc_retired.uc:u	491	0	0
mem_load_misc_retired.uc:u	492	0	0
mem_load_misc_retired.uc:u	493	0	0
mem_load_misc_retired.uc:u	494	0	0
mem_load_misc_retired.uc:u	495	0	0
mem_load_misc_retired.uc:u	496	0	0
mem_load_misc_retired.uc:u	497	0	0
mem_load_misc_retired.uc:u	498	0	0
mem_load_misc_retired.uc:u	499	0	0
mem_load_misc_retired.uc:u	500	0	0
mem_load_misc_retired.uc:u	501	0	0
mem_load_misc_retired.uc:u	502	0	0
mem_load_misc_retired.uc:u	503	0	0
mem_load_misc_retired.uc:u	504	0	0
mem_load_misc_retired.uc:u	505	0	0
mem_load_misc_retired.uc:u	506	0	0
mem_load_misc_retired.uc:u	507	0	0
mem_load_misc_retired.uc:u	508	0	0
mem_load_misc_retired.uc:u	509	0	0
mem_load_misc_retired.uc:u	510	0	0
mem_load_misc_retired.uc:u	511	0	0
mem_load_misc_retired.uc:u	512	0	0
mem_load_misc_retired.uc:u	513	0	0
mem_load_misc_retired.uc:u	514	0	0
mem_load_misc_retired.uc:u	515	0	0
mem_load_misc_retired.uc:u	516	0	0
mem_load_misc_retired.uc:u	517	0	0
mem_load_misc_retired.uc:u	518	0	0
mem_load_misc_retired.uc:u	519	0	0
mem_load_misc_retired.uc:u	520	0	0
mem_load_misc_retired.uc:u	521	0	0
mem_load_misc_retired.uc:u	522	0	0
mem_load_misc_retired.uc:u	523	0	0
mem_load_misc_retired.uc:u	524	0	0
mem_load_misc_retired.uc:u	525	0	0
mem_load_misc_retired.uc:u	526	0	0
mem_load_misc_retired.uc:u	527	0	0
mem_load_misc_retired.uc:u	528	0	0
mem_load_misc_retired.uc:u	529	0	0
mem_load_misc_retired.uc:u	530	0	0
mem_load_misc_retired.uc:u	531	0	0
mem_load_misc_retired.uc:u	532	0	0
mem_load_misc_retired.uc:u	533	0	0
mem_load_misc_retired.uc:u	534	0	0
mem_load_misc_retired.uc:u	535	0	0
mem_load_misc_retired.uc:u	536	0	0
mem_load_misc_retired.uc:u	537	0	0
mem_load_misc_retired.uc:u	538	0	0
mem_load_misc_retired.uc:u	539	0	0
mem_load_misc_retired.uc:u	540	0	0
mem_load_misc_retired.uc:u	541	0	0
mem_load_misc_retired.uc:u	542	0	0
mem_load_misc_retired.uc:u	543	0	0
mem_load_misc_retired.uc:u	544	0	0
mem_load_misc_retired.uc:u	545	0	0
mem_load_misc_retired.uc:u	546	0	0
mem_load_misc_retired.uc:u	547	0	0
mem_load_misc_retired.uc:u	548	0	0
mem_load_misc_retired.uc:u	549	0	0
mem_load_misc_retired.uc:u	550	0	0
mem_load_misc_retired.uc:u	551	0	0
mem_load_misc_retired.uc:u	552	0	0
mem_load_misc_retired.uc:u	553	0	0
mem_load_misc_retired.uc:u	554	0	0
mem_load_misc_retired.uc:u	555	0	0
mem_load_misc_retired.uc:u	556	0	0
mem_load_misc_retired.uc:u	557	0	0
mem_load_misc_retired.uc:u	558	0	0
mem_load_misc_retired.uc:u	559	0	0
mem_load_misc_retired.uc:u	560	0	0
mem_load_misc_retired.uc:u	561	0	0
mem_load_misc_retired.uc:u	562	0	0
mem_load_misc_retired.uc:u	563	0	0
mem_load_misc_retired.uc:u	564	0	0
mem_load_misc_retired.uc:u	565	0	0
mem_load_misc_retired.uc:u	566	0	0
mem_load_misc_retired.uc:u	567	0	0
mem_load_misc_retired.uc:u	568	0	0
mem_load_misc_retired.uc:u	569	0	0
mem_load_misc_retired.uc:u	570	0	0
mem_load_misc_retired.uc:u	571	0	0
mem_load_misc_retired.uc:u	572	0	0
mem_load_misc_retired.uc:u	573	0	0
mem_load_misc_retired.uc:u	574	0	0
mem_load_misc_retired.uc:u	575	0	0
mem_load_misc_retired.uc:u	576	0	0
mem_load_misc_retired.uc:u	577	0	0
mem_load_misc_retired.uc:u	578	0	0
mem_load_misc_retired.uc:u	579	0	0
mem_load_misc_retired.uc:u	580	0	0
mem_load_misc_retired.uc:u	581	0	0
mem_load_misc_retired.uc:u	582	0	0
mem_load_misc_retired.uc:u	583	0	0
mem_load_misc_retired.uc:u	584	0	0
mem_load_misc_retired.uc:u	585	0	0
mem_load_misc_retired.uc:u	586	0	0
mem_load_misc_retired.uc:u	587	0	0
mem_load_misc_retired.uc:u	588	0	0
mem_load_misc_retired.uc:u	589	0	0
mem_load_misc_retired.uc:u	590	0	0
mem_load_misc_retired.uc:u	591	0	0
mem_load_misc_retired.uc:u	592	0	0
mem_load_misc_retired.uc:u	593	0	0
mem_load_misc_retired.uc:u	594	0	0
mem_load_misc_retired.uc:u	595	0	0
mem_load_misc_retired.uc:u	596	0	0
mem_load_misc_retired.uc:u	597	0	0
mem_load_misc_retired.uc:u	598	0	0
mem_load_misc_retired.uc:u	599	0	0
mem_load_misc_retired.uc:u	600	0	0
mem_load_misc_retired.uc:u	601	0	0
mem_load_misc_retired.uc:u	602	0	0
mem_load_misc_retired.uc:u	603	0	0
mem_load_misc_retired.uc:u	604	0	0
mem_load_misc_retired.uc:u	605	0	0
mem_load_misc_retired.uc:u	606	0	0
mem_load_misc_retired.uc:u	607	0	0
mem_load_misc_retired.uc:u	608	0	0
mem_load_misc_retired.uc:u	609	0	0
mem_load_misc_retired.uc:u	610	0	0
mem_load_misc_retired.uc:u	611	0	0
mem_load_misc_retired.uc:u	612	0	0
mem_load_misc_retired.uc:u	613	0	0
mem_load_misc_retired.uc:u	614	0	0
mem_load_misc_retired.uc:u	615	0	0
mem_load_misc_retired.uc:u	616	0	0
mem_load_misc_retired.uc:u	617	0	0
mem_load_misc_retired.uc:u	618	0	0
mem_load_misc_retired.uc:u	619	0	0
mem_load_misc_retired.uc:u	620	0	0
mem_load_misc_retired.uc:u	621	0	0
mem_load_misc_retired.uc:u	622	0	0
mem_load_misc_retired.uc:u	623	0	0
mem_load_misc_retired.uc:u	624	0	0
mem_load_misc_retired.uc:u	625	0	0
mem_load_misc_retired.uc:u	626	0	0
mem_load_misc_retired.uc:u	627	0	0
mem_load_misc_retired.uc:u	628	0	0
mem_load_misc_retired.uc:u	629	0	0
mem_load_misc_retired.uc:u	630	0	0
mem_load_misc_retired.uc:u	631	0	0
mem_load_misc_retired.uc:u	632	0	0
mem_load_misc_retired.uc:u	633	0	0
mem_load_misc_retired.uc:u	634	0	0
mem_load_misc_retired.uc:u	635	0	0
mem_load_misc_retired.uc:u	636	0	0
mem_load_misc_retired.uc:u	637	0	0
mem_load_misc_retired.uc:u	638	0	0
mem_load_misc_retired.uc:u	639	0	0
mem_load_misc_retired.uc:u	640	0	0
mem_load_misc_retired.uc:u	641	0	0
mem_load_misc_retired.uc:u	642	0	0
mem_load_misc_retired.uc:u	643	0	0
mem_load_misc_retired.uc:u	644	0	0
mem_load_misc_retired.uc:u	645	0	0
mem_load_misc_retired.uc:u	646	0	0
mem_load_misc_retired.uc:u	647	0	0
mem_load_misc_retired.uc:u	648	0	0
mem_load_misc_retired.uc:u	649	0	0
mem_load_misc_retired.uc:u	650	0	0
mem_load_misc_retired.uc:u	651	0	0
mem_load_misc_retired.uc:u	652	0	0
mem_load_misc_retired.uc:u	653	0	0
mem_load_misc_retired.uc:u	654	0	0
mem_load_misc_retired.uc:u	655	0	0
mem_load_misc_retired.uc:u	656	0	0
mem_load_misc_retired.uc:u	657	0	0
mem_load_misc_retired.uc:u	658	0	0
mem_load_misc_retired.uc:u	659	0	0
mem_load_misc_retired.uc:u	660	0	0
mem_load_misc_retired.uc:u	661	0	0
mem_load_misc_retired.uc:u	662	0	0
mem_load_misc_retired.uc:u	663	0	0
mem_load_misc_retired.uc:u	664	0	0
mem_load_misc_retired.uc:u	665	0	0
mem_load_misc_retired.uc:u	666	0	0
mem_load_misc_retired.uc:u	667	0	0
mem_load_misc_retired.uc:u	668	0	0
mem_load_misc_retired.uc:u	669	0	0
mem_load_misc_retired.uc:u	670	0	0
mem_load_misc_retired.uc:u	671	0	0
mem_load_misc_retired.uc:u	672	0	0
mem_load_misc_retired.uc:u	673	0	0
mem_load_misc_retired.uc:u	674	0	0
mem_load_misc_retired.uc:u	675	0	0
mem_load_misc_retired.uc:u	676	0	0
mem_load_misc_retired.uc:u	677	0	0
mem_load_misc_retired.uc:u	678	0	0
mem_load_misc_retired.uc:u	679	0	0
mem_load_misc_retired.uc:u	680	0	0
mem_load_misc_retired.uc:u	681	0	0
mem_load_misc_retired.uc:u	682	0	0
mem_load_misc_retired.uc:u	683	0	0
mem_load_misc_retired.uc:u	684	0	0
mem_load_misc_retired.uc:u	685	0	0
mem_load_misc_retired.uc:u	686	0	0
mem_load_misc_retired.uc:u	687	0	0
mem_load_misc_retired.uc:u	688	0	0
mem_load_misc_retired.uc:u	689	0	0
mem_load_misc_retired.uc:u	690	0	0
mem_load_misc_retired.uc:u	691	0	0
mem_load_misc_retired.uc:u	692	0	0
mem_load_misc_retired.uc:u	693	0	0
mem_load_misc_retired.uc:u	694	0	0
mem_load_misc_retired.uc:u	695	0	0
mem_load_misc_retired.uc:u	696	0	0
mem_load_misc_retired.uc:u	697	0	0
mem_load_misc_retired.uc:u	698	0	0
mem_load_misc_retired.uc:u	699	0	0
mem_load_misc_retired.uc:u	700	0	0
mem_load_misc_retired.uc:u	701	0	0
mem_load_misc_retired.uc:u	702	0	0
mem_load_misc_retired.uc:u	703	0	0
mem_load_misc_retired.uc:u	704	0	0
mem_load_misc_retired.uc:u	705	0	0
mem_load_misc_retired.uc:u	706	0	0
mem_load_misc_retired.uc:u	707	0	0
mem_load_misc_retired.uc:u	708	0	0
mem_load_misc_retired.uc:u	709	0	0
mem_load_misc_retired.uc:u	710	0	0
mem_load_misc_retired.uc:u	711	0	0
mem_load_misc_retired.uc:u	712	0	0
mem_load_misc_retired.uc:u	713	0	0
mem_load_misc_retired.uc:u	714	0	0
mem_load_misc_retired.uc:u	715	0	0
mem_load_misc_retired.uc:u	716	0	0
mem_load_misc_retired.uc:u	717	0	0
mem_load_misc_retired.uc:u	718	0	0
mem_load_misc_retired.uc:u	719	0	0
mem_load_misc_retired.uc:u	720	0	0
mem_load_misc_retired.uc:u	721	0	0
mem_load_misc_retired.uc:u	722	0	0
mem_load_misc_retired.uc:u	723	0	0
mem_load_misc_retired.uc:u	724	0	0
mem_load_misc_retired.uc:u	725	0	0
mem_load_misc_retired.uc:u	726	0	0
mem_load_misc_retired.uc:u	727	0	0
mem_load_misc_retired.uc:u	728	0	0
mem_load_misc_retired.uc:u	729	0	0
mem_load_misc_retired.uc:u	730	0	0
mem_load_misc_retired.uc:u	731	0	0
mem_load_misc_retired.uc:u	732	0	0
mem_load_misc_retired.uc:u	733	0	0
mem_load_misc_retired.uc:u	734	0	0
mem_load_misc_retired.uc:u	735	0	0
mem_load_misc_retired.uc:u	736	0	0
mem_load_misc_retired.uc:u	737	0	0
mem_load_misc_retired.uc:u	738	0	0
mem_load_misc_retired.uc:u	739	0	0
mem_load_misc_retired.uc:u	740	0	0
mem_load_misc_retired.uc:u	741	0	0
mem_load_misc_retired.uc:u	742	0	0
mem_load_misc_retired.uc:u	743	0	0
mem_load_misc_retired.uc:u	744	0	0
mem_load_misc_retired.uc:u	745	0	0
mem_load_misc_retired.uc:u	746	0	0
mem_load_misc_retired.uc:u	747	0	0
mem_load_misc_retired.uc:u	748	0	0
mem_load_misc_retired.uc:u	749	0	0
mem_load_misc_retired.uc:u	750	0	0
mem_load_misc_retired.uc:u	751	0	0
mem_load_misc_retired.uc:u	752	0	0
mem_load_misc_retired.uc:u	753	0	0
mem_load_misc_retired.uc:u	754	0	0
mem_load_misc_retired.uc:u	755	0	0
mem_load_misc_retired.uc:u	756	0	0
mem_load_misc_retired.uc:u	757	0	0
mem_load_misc_retired.uc:u	758	0	0
mem_load_misc_retired.uc:u	759	0	0
mem_load_misc_retired.uc:u	760	0	0
mem_load_misc_retired.uc:u	761	0	0
mem_load_misc_retired.uc:u	762	0	0
mem_load_misc_retired.uc:u	763	0	0
mem_load_misc_retired.uc:u	764	0	0
mem_load_misc_retired.uc:u	765	0	0
mem_load_misc_retired.uc:u	766	0	0
mem_load_misc_retired.uc:u	767	0	0
mem_load_misc_retired.uc:u	768	0	0
mem_load_misc_retired.uc:u	769	0	0
mem_load_misc_retired.uc:u	770	0	0
mem_load_misc_retired.uc:u	771	0	0
mem_load_misc_retired.uc:u	772	0	0
mem_load_misc_retired.uc:u	773	0	0
mem_load_misc_retired.uc:u	774	0	0
mem_load_misc_retired.uc:u	775	0	0
mem_load_misc_retired.uc:u	776	0	0
mem_load_misc_retired.uc:u	777	0	0
mem_load_misc_retired.uc:u	778	0	0
mem_load_misc_retired.uc:u	779	0	0
mem_load_misc_retired.uc:u	780	0	0
mem_load_misc_retired.uc:u	781	0	0
mem_load_misc_retired.uc:u	782	0	0
mem_load_misc_retired.uc:u	783	0	0
mem_load_misc_retired.uc:u	784	0	0
mem_load_misc_retired.uc:u	785	0	0
mem_load_misc_retired.uc:u	786	0	0
mem_load_misc_retired.uc:u	787	0	0
mem_load_misc_retired.uc:u	788	0	0
mem_load_misc_retired.uc:u	789	0	0
mem_load_misc_retired.uc:u	790	0	0
mem_load_misc_retired.uc:u	791	0	0
mem_load_misc_retired.uc:u	792	0	0
mem_load_misc_retired.uc:u	793	0	0
mem_load_misc_retired.uc:u	794	0	0
mem_load_misc_retired.uc:u	795	0	0
mem_load_misc_retired.uc:u	796	0	0
mem_load_misc_retired.uc:u	797	0	0
mem_load_misc_retired.uc:u	798	0	0
mem_load_misc_retired.uc:u	799	0	0
mem_load_misc_retired.uc:u	800	0	0
mem_load_misc_retired.uc:u	801	0	0
mem_load_misc_retired.uc:u	802	0	0
mem_load_misc_retired.uc:u	803	0	0
mem_load_misc_retired.uc:u	804	0	0
mem_load_misc_retired.uc:u	805	0	0
mem_load_misc_retired.uc:u	806	0	0
mem_load_misc_retired.uc:u	807	0	0
mem_load_misc_retired.uc:u	808	0	0
mem_load_misc_retired.uc:u	809	0	0
mem_load_misc_retired.uc:u	810	0	0
mem_load_misc_retired.uc:u	811	0	0
mem_load_misc_retired.uc:u	812	0	0
mem_load_misc_retired.uc:u	813	0	0
mem_load_misc_retired.uc:u	814	0	0
mem_load_misc_retired.uc:u	815	0	0
mem_load_misc_retired.uc:u	816	0	0
mem_load_misc_retired.uc:u	817	0	0
mem_load_misc_retired.uc:u	818	0	0
mem_load_misc_retired.uc:u	819	0	0
mem_load_misc_retired.uc:u	820	0	0
mem_load_misc_retired.uc:u	821	0	0
mem_load_misc_retired.uc:u	822	0	0
mem_load_misc_retired.uc:u	823	0	0
mem_load_misc_retired.uc:u	824	0	0
mem_load_misc_retired.uc:u	825	0	0
mem_load_misc_retired.uc:u	826	0	0
mem_load_misc_retired.uc:u	827	0	0
mem_load_misc_retired.uc:u	828	0	0
mem_load_misc_retired.uc:u	829	0	0
mem_load_misc_retired.uc:u	830	0	0
mem_load_misc_retired.uc:u	831	0	0
mem_load_misc_retired.uc:u	832	0	0
mem_load_misc_retired.uc:u	833	0	0
mem_load_misc_retired.uc:u	834	0	0
mem_load_misc_retired.uc:u	835	0	0
mem_load_misc_retired.uc:u	836	0	0
mem_load_misc_retired.uc:u	837	0	0
mem_load_misc_retired.uc:u	838	0	0
mem_load_misc_retired.uc:u	839	0	0
mem_load_misc_retired.uc:u	840	0	0
mem_load_misc_retired.uc:u	841	0	0
mem_load_misc_retired.uc:u	842	0	0
mem_load_misc_retired.uc:u	843	0	0
mem_load_misc_retired.uc:u	844	0	0
mem_load_misc_retired.uc:u	845	0	0
mem_load_misc_retired.uc:u	846	0	0
mem_load_misc_retired.uc:u	847	0	0
mem_load_misc_retired.uc:u	848	0	0
mem_load_misc_retired.uc:u	849	0	0
mem_load_misc_retired.uc:u	850	0	0
mem_load_misc_retired.uc:u	851	0	0
mem_load_misc_retired.uc:u	852	0	0
mem_load_misc_retired.uc:u	853	0	0
mem_load_misc_retired.uc:u	854	0	0
mem_load_misc_retired.uc:u	855	0	0
mem_load_misc_retired.uc:u	856	0	0
mem_load_misc_retired.uc:u	857	0	0
mem_load_misc_retired.uc:u	858	0	0
mem_load_misc_retired.uc:u	859	0	0
mem_load_misc_retired.uc:u	860	0	0
mem_load_misc_retired.uc:u	861	0	0
mem_load_misc_retired.uc:u	862	0	0
mem_load_misc_retired.uc:u	863	0	0
mem_load_misc_retired.uc:u	864	0	0
mem_load_misc_retired.uc:u	865	0	0
mem_load_misc_retired.uc:u	866	0	0
mem_load_misc_retired.uc:u	867	0	0
mem_load_misc_retired.uc:u	868	0	0
mem_load_misc_retired.uc:u	869	0	0
mem_load_misc_retired.uc:u	870	0	0
mem_load_misc_retired.uc:u	871	0	0
mem_load_misc_retired.uc:u	872	0	0
mem_load_misc_retired.uc:u	873	0	0
mem_load_misc_retired.uc:u	874	0	0
mem_load_misc_retired.uc:u	875	0	0
mem_load_misc_retired.uc:u	876	0	0
mem_load_misc_retired.uc:u	877	0	0
mem_load_misc_retired.uc:u	878	0	0
mem_load_misc_retired.uc:u	879	0	0
mem_load_misc_retired.uc:u	880	0	0
mem_load_misc_retired.uc:u	881	0	0
mem_load_misc_retired.uc:u	882	0	0
mem_load_misc_retired.uc:u	883	0	0
mem_load_misc_retired.uc:u	884	0	0
mem_load_misc_retired.uc:u	885	0	0
mem_load_misc_retired.uc:u	886	0	0
mem_load_misc_retired.uc:u	887	0	0
mem_load_misc_retired.uc:u	888	0	0
mem_load_misc_retired.uc:u	889	0	0
mem_load_misc_retired.uc:u	890	0	0
mem_load_misc_retired.uc:u	891	0	0
mem_load_misc_retired.uc:u	892	0	0
mem_load_misc_retired.uc:u	893	0	0
mem_load_misc_retired.uc:u	894	0	0
mem_load_misc_retired.uc:u	895	0	0
mem_load_misc_retired.uc:u	896	0	0
mem_load_misc_retired.uc:u	897	0	0
mem_load_misc_retired.uc:u	898	0	0
mem_load_misc_retired.uc:u	899	0	0
mem_load_misc_retired.uc:u	900	0	0
mem_load_misc_retired.uc:u	901	0	0
mem_load_misc_retired.uc:u	902	0	0
mem_load_misc_retired.uc:u	903	0	0
mem_load_misc_retired.uc:u	904	0	0
mem_load_misc_retired.uc:u	905	0	0
mem_load_misc_retired.uc:u	906	0	0
mem_load_misc_retired.uc:u	907	0	0
mem_load_misc_retired.uc:u	908	0	0
mem_load_misc_retired.uc:u	909	0	0
mem_load_misc_retired.uc:u	910	0	0
mem_load_misc_retired.uc:u	911	0	0
mem_load_misc_retired.uc:u	912	0	0
mem_load_misc_retired.uc:u	913	0	0
mem_load_misc_retired.uc:u	914	0	0
mem_load_misc_retired.uc:u	915	0	0
mem_load_misc_retired.uc:u	916	0	0
mem_load_misc_retired.uc:u	917	0	0
mem_load_misc_retired.uc:u	918	0	0
mem_load_misc_retired.uc:u	919	0	0
mem_load_misc_retired.uc:u	920	0	0
mem_load_misc_retired.uc:u	921	0	0
mem_load_misc_retired.uc:u	922	0	0
mem_load_misc_retired.uc:u	923	0	0
mem_load_misc_retired.uc:u	924	0	0
mem_load_misc_retired.uc:u	925	0	0
mem_load_misc_retired.uc:u	926	0	0
mem_load_misc_retired.uc:u	927	0	0
mem_load_misc_retired.uc:u	928	0	0
mem_load_misc_retired.uc:u	929	0	0
mem_load_misc_retired.uc:u	930	0	0
mem_load_misc_retired.uc:u	931	0	0
mem_load_misc_retired.uc:u	932	0	0
mem_load_misc_retired.uc:u	933	0	0
mem_load_misc_retired.uc:u	934	0	0
mem_load_misc_retired.uc:u	935	0	0
mem_load_misc_retired.uc:u	936	0	0
mem_load_misc_retired.uc:u	937	0	0
mem_load_misc_retired.uc:u	938	0	0
mem_load_misc_retired.uc:u	939	0	0
mem_load_misc_retired.uc:u	940	0	0
mem_load_misc_retired.uc:u	941	0	0
mem_load_misc_retired.uc:u	942	0	0
mem_load_misc_retired.uc:u	943	0	0
mem_load_misc_retired.uc:u	944	0	0
mem_load_misc_retired.uc:u	945	0	0
mem_load_misc_retired.uc:u	946	0	0
mem_load_misc_retired.uc:u	947	0	0
mem_load_misc_retired.uc:u	948	0	0
mem_load_misc_retired.uc:u	949	0	0
mem_load_misc_retired.uc:u	950	0	0
mem_load_misc_retired.uc:u	951	0	0
mem_load_misc_retired.uc:u	952	0	0
mem_load_misc_retired.uc:u	953	0	0
mem_load_misc_retired.uc:u	954	0	0
mem_load_misc_retired.uc:u	955	0	0
mem_load_misc_retired.uc:u	956	0	0
mem_load_misc_retired.uc:u	957	0	0
mem_load_misc_retired.uc:u	958	0	0
mem_load_misc_retired.uc:u	959	0	0
mem_load_misc_retired.uc:u	960	0	0
mem_load_misc_retired.uc:u	961	0	0
mem_load_misc_retired.uc:u	962	0	0
mem_load_misc_retired.uc:u	963	0	0
mem_load_misc_retired.uc:u	964	0	0
mem_load_misc_retired.uc:u	965	0	0
mem_load_misc_retired.uc:u	966	0	0
mem_load_misc_retired.uc:u	967	0	0
mem_load_misc_retired.uc:u	968	0	0
mem_load_misc_retired.uc:u	969	0	0
mem_load_misc_retired.uc:u	970	0	0
mem_load_misc_retired.uc:u	971	0	0
mem_load_misc_retired.uc:u	972	0	0
mem_load_misc_retired.uc:u	973	0	0
mem_load_misc_retired.uc:u	974	0	0
mem_load_misc_retired.uc:u	975	0	0
mem_load_misc_retired.uc:u	976	0	0
mem_load_misc_retired.uc:u	977	0	0
mem_load_misc_retired.uc:u	978	0	0
mem_load_misc_retired.uc:u	979	0	0
mem_load_misc_retired.uc:u	980	0	0
mem_load_misc_retired.uc:u	981	0	0
mem_load_misc_retired.uc:u	982	0	0
mem_load_misc_retired.uc:u	983	0	0
mem_load_misc_retired.uc:u	984	0	0
mem_load_misc_retired.uc:u	985	0	0
mem_load_misc_retired.uc:u	986	0	0
mem_load_misc_retired.uc:u	987	0	0
mem_load_misc_retired.uc:u	988	0	0
mem_load_misc_retired.uc:u	989	0	0
mem_load_misc_retired.uc:u	990	0	0
mem_load_misc_retired.uc:u	991	0	0
mem_load_misc_retired.uc:u	992	0	0
mem_load_misc_retired.uc:u	993	0	0
mem_load_misc_retired.uc:u	994	0	0
mem_load_misc_retired.uc:u	995	0	0
mem_load_misc_retired.uc:u	996	0	0
mem_load_misc_retired.uc:u	997	0	0
mem_load_misc_retired.uc:u	998	0	0
mem_load_misc_retired.uc:u	999	0	0
mem_load_misc_retired.uc:u	1000	0	0
fp_arith_inst_retired.512b_packed_single:u	1	0	0
fp_arith_inst_retired.512b_packed_single:u	2	0	0
fp_arith_inst_retired.512b_packed_single:u	3	0	0
fp_arith_inst_retired.512b_packed_single:u	4	0	0
fp_arith_inst_retired.512b_packed_single:u	5	0	0
fp_arith_inst_retired.512b_packed_single:u	6	0	0
fp_arith_inst_retired.512b_packed_single:u	7	0	0
fp_arith_inst_retired.512b_packed_single:u	8	0	0
fp_arith_inst_retired.512b_packed_single:u	9	0	0
fp_arith_inst_retired.512b_packed_single:u	10	0	0
fp_arith_inst_retired.512b_packed_single:u	11	0	0
fp_arith_inst_retired.512b_packed_single:u	12	0	0
fp_arith_inst_retired.512b_packed_single:u	13	0	0
fp_arith_inst_retired.512b_packed_single:u	14	0	0
fp_arith_inst_retired.512b_packed_single:u	15	0	0
fp_arith_inst_retired.512b_packed_single:u	16	0	0
fp_arith_inst_retired.512b_packed_single:u	17	0	0
fp_arith_inst_retired.512b_packed_single:u	18	0	0
fp_arith_inst_retired.512b_packed_single:u	19	0	0
fp_arith_inst_retired.512b_packed_single:u	20	0	0
fp_arith_inst_retired.512b_packed_single:u	21	0	0
fp_arith_inst_retired.512b_packed_single:u	22	0	0
fp_arith_inst_retired.512b_packed_single:u	23	0	0
fp_arith_inst_retired.512b_packed_single:u	24	0	0
fp_arith_inst_retired.512b_packed_single:u	25	0	0
fp_arith_inst_retired.512b_packed_single:u	26	0	0
fp_arith_inst_retired.512b_packed_single:u	27	0	0
fp_arith_inst_retired.512b_packed_single:u	28	0	0
fp_arith_inst_retired.512b_packed_single:u	29	0	0
fp_arith_inst_retired.512b_packed_single:u	30	0	0
fp_arith_inst_retired.512b_packed_single:u	31	0	0
fp_arith_inst_retired.512b_packed_single:u	32	0	0
fp_arith_inst_retired.512b_packed_single:u	33	0	0
fp_arith_inst_retired.512b_packed_single:u	34	0	0
fp_arith_inst_retired.512b_packed_single:u	35	0	0
fp_arith_inst_retired.512b_packed_single:u	36	0	0
fp_arith_inst_retired.512b_packed_single:u	37	0	0
fp_arith_inst_retired.512b_packed_single:u	38	0	0
fp_arith_inst_retired.512b_packed_single:u	39	0	0
fp_arith_inst_retired.512b_packed_single:u	40	0	0
fp_arith_inst_retired.512b_packed_single:u	41	0	0
fp_arith_inst_retired.512b_packed_single:u	42	0	0
fp_arith_inst_retired.512b_packed_single:u	43	0	0
fp_arith_inst_retired.512b_packed_single:u	44	0	0
fp_arith_inst_retired.512b_packed_single:u	45	0	0
fp_arith_inst_retired.512b_packed_single:u	46	0	0
fp_arith_inst_retired.512b_packed_single:u	47	0	0
fp_arith_inst_retired.512b_packed_single:u	48	0	0
fp_arith_inst_retired.512b_packed_single:u	49	0	0
fp_arith_inst_retired.512b_packed_single:u	50	0	0
fp_arith_inst_retired.512b_packed_single:u	51	0	0
fp_arith_inst_retired.512b_packed_single:u	52	0	0
fp_arith_inst_retired.512b_packed_single:u	53	0	0
fp_arith_inst_retired.512b_packed_single:u	54	0	0
fp_arith_inst_retired.512b_packed_single:u	55	0	0
fp_arith_inst_retired.512b_packed_single:u	56	0	0
fp_arith_inst_retired.512b_packed_single:u	57	0	0
fp_arith_inst_retired.512b_packed_single:u	58	0	0
fp_arith_inst_retired.512b_packed_single:u	59	0	0
fp_arith_inst_retired.512b_packed_single:u	60	0	0
fp_arith_inst_retired.512b_packed_single:u	61	0	0
fp_arith_inst_retired.512b_packed_single:u	62	0	0
fp_arith_inst_retired.512b_packed_single:u	63	0	0
fp_arith_inst_retired.512b_packed_single:u	64	0	0
fp_arith_inst_retired.512b_packed_single:u	65	0	0
fp_arith_inst_retired.512b_packed_single:u	66	0	0
fp_arith_inst_retired.512b_packed_single:u	67	0	0
fp_arith_inst_retired.512b_packed_single:u	68	0	0
fp_arith_inst_retired.512b_packed_single:u	69	0	0
fp_arith_inst_retired.512b_packed_single:u	70	0	0
fp_arith_inst_retired.512b_packed_single:u	71	0	0
fp_arith_inst_retired.512b_packed_single:u	72	0	0
fp_arith_inst_retired.512b_packed_single:u	73	0	0
fp_arith_inst_retired.512b_packed_single:u	74	0	0
fp_arith_inst_retired.512b_packed_single:u	75	0	0
fp_arith_inst_retired.512b_packed_single:u	76	0	0
fp_arith_inst_retired.512b_packed_single:u	77	0	0
fp_arith_inst_retired.512b_packed_single:u	78	0	0
fp_arith_inst_retired.512b_packed_single:u	79	0	0
fp_arith_inst_retired.512b_packed_single:u	80	0	0
fp_arith_inst_retired.512b_packed_single:u	81	0	0
fp_arith_inst_retired.512b_packed_single:u	82	0	0
fp_arith_inst_retired.512b_packed_single:u	83	0	0
fp_arith_inst_retired.512b_packed_single:u	84	0	0
fp_arith_inst_retired.512b_packed_single:u	85	0	0
fp_arith_inst_retired.512b_packed_single:u	86	0	0
fp_arith_inst_retired.512b_packed_single:u	87	0	0
fp_arith_inst_retired.512b_packed_single:u	88	0	0
fp_arith_inst_retired.512b_packed_single:u	89	0	0
fp_arith_inst_retired.512b_packed_single:u	90	0	0
fp_arith_inst_retired.512b_packed_single:u	91	0	0
fp_arith_inst_retired.512b_packed_single:u	92	0	0
fp_arith_inst_retired.512b_packed_single:u	93	0	0
fp_arith_inst_retired.512b_packed_single:u	94	0	0
fp_arith_inst_retired.512b_packed_single:u	95	0	0
fp_arith_inst_retired.512b_packed_single:u	96	0	0
fp_arith_inst_retired.512b_packed_single:u	97	0	0
fp_arith_inst_retired.512b_packed_single:u	98	0	0
fp_arith_inst_retired.512b_packed_single:u	99	0	0
fp_arith_inst_retired.512b_packed_single:u	100	0	0
fp_arith_inst_retired.512b_packed_single:u	101	0	0
fp_arith_inst_retired.512b_packed_single:u	102	0	0
fp_arith_inst_retired.512b_packed_single:u	103	0	0
fp_arith_inst_retired.512b_packed_single:u	104	0	0
fp_arith_inst_retired.512b_packed_single:u	105	0	0
fp_arith_inst_retired.512b_packed_single:u	106	0	0
fp_arith_inst_retired.512b_packed_single:u	107	0	0
fp_arith_inst_retired.512b_packed_single:u	108	0	0
fp_arith_inst_retired.512b_packed_single:u	109	0	0
fp_arith_inst_retired.512b_packed_single:u	110	0	0
fp_arith_inst_retired.512b_packed_single:u	111	0	0
fp_arith_inst_retired.512b_packed_single:u	112	0	0
fp_arith_inst_retired.512b_packed_single:u	113	0	0
fp_arith_inst_retired.512b_packed_single:u	114	0	0
fp_arith_inst_retired.512b_packed_single:u	115	0	0
fp_arith_inst_retired.512b_packed_single:u	116	0	0
fp_arith_inst_retired.512b_packed_single:u	117	0	0
fp_arith_inst_retired.512b_packed_single:u	118	0	0
fp_arith_inst_retired.512b_packed_single:u	119	0	0
fp_arith_inst_retired.512b_packed_single:u	120	0	0
fp_arith_inst_retired.512b_packed_single:u	121	0	0
fp_arith_inst_retired.512b_packed_single:u	122	0	0
fp_arith_inst_retired.512b_packed_single:u	123	0	0
fp_arith_inst_retired.512b_packed_single:u	124	0	0
fp_arith_inst_retired.512b_packed_single:u	125	0	0
fp_arith_inst_retired.512b_packed_single:u	126	0	0
fp_arith_inst_retired.512b_packed_single:u	127	0	0
fp_arith_inst_retired.512b_packed_single:u	128	0	0
fp_arith_inst_retired.512b_packed_single:u	129	0	0
fp_arith_inst_retired.512b_packed_single:u	130	0	0
fp_arith_inst_retired.512b_packed_single:u	131	0	0
fp_arith_inst_retired.512b_packed_single:u	132	0	0
fp_arith_inst_retired.512b_packed_single:u	133	0	0
fp_arith_inst_retired.512b_packed_single:u	134	0	0
fp_arith_inst_retired.512b_packed_single:u	135	0	0
fp_arith_inst_retired.512b_packed_single:u	136	0	0
fp_arith_inst_retired.512b_packed_single:u	137	0	0
fp_arith_inst_retired.512b_packed_single:u	138	0	0
fp_arith_inst_retired.512b_packed_single:u	139	0	0
fp_arith_inst_retired.512b_packed_single:u	140	0	0
fp_arith_inst_retired.512b_packed_single:u	141	0	0
fp_arith_inst_retired.512b_packed_single:u	142	0	0
fp_arith_inst_retired.512b_packed_single:u	143	0	0
fp_arith_inst_retired.512b_packed_single:u	144	0	0
fp_arith_inst_retired.512b_packed_single:u	145	0	0
fp_arith_inst_retired.512b_packed_single:u	146	0	0
fp_arith_inst_retired.512b_packed_single:u	147	0	0
fp_arith_inst_retired.512b_packed_single:u	148	0	0
fp_arith_inst_retired.512b_packed_single:u	149	0	0
fp_arith_inst_retired.512b_packed_single:u	150	0	0
fp_arith_inst_retired.512b_packed_single:u	151	0	0
fp_arith_inst_retired.512b_packed_single:u	152	0	0
fp_arith_inst_retired.512b_packed_single:u	153	0	0
fp_arith_inst_retired.512b_packed_single:u	154	0	0
fp_arith_inst_retired.512b_packed_single:u	155	0	0
fp_arith_inst_retired.512b_packed_single:u	156	0	0
fp_arith_inst_retired.512b_packed_single:u	157	0	0
fp_arith_inst_retired.512b_packed_single:u	158	0	0
fp_arith_inst_retired.512b_packed_single:u	159	0	0
fp_arith_inst_retired.512b_packed_single:u	160	0	0
fp_arith_inst_retired.512b_packed_single:u	161	0	0
fp_arith_inst_retired.512b_packed_single:u	162	0	0
fp_arith_inst_retired.512b_packed_single:u	163	0	0
fp_arith_inst_retired.512b_packed_single:u	164	0	0
fp_arith_inst_retired.512b_packed_single:u	165	0	0
fp_arith_inst_retired.512b_packed_single:u	166	0	0
fp_arith_inst_retired.512b_packed_single:u	167	0	0
fp_arith_inst_retired.512b_packed_single:u	168	0	0
fp_arith_inst_retired.512b_packed_single:u	169	0	0
fp_arith_inst_retired.512b_packed_single:u	170	0	0
fp_arith_inst_retired.512b_packed_single:u	171	0	0
fp_arith_inst_retired.512b_packed_single:u	172	0	0
fp_arith_inst_retired.512b_packed_single:u	173	0	0
fp_arith_inst_retired.512b_packed_single:u	174	0	0
fp_arith_inst_retired.512b_packed_single:u	175	0	0
fp_arith_inst_retired.512b_packed_single:u	176	0	0
fp_arith_inst_retired.512b_packed_single:u	177	0	0
fp_arith_inst_retired.512b_packed_single:u	178	0	0
fp_arith_inst_retired.512b_packed_single:u	179	0	0
fp_arith_inst_retired.512b_packed_single:u	180	0	0
fp_arith_inst_retired.512b_packed_single:u	181	0	0
fp_arith_inst_retired.512b_packed_single:u	182	0	0
fp_arith_inst_retired.512b_packed_single:u	183	0	0
fp_arith_inst_retired.512b_packed_single:u	184	0	0
fp_arith_inst_retired.512b_packed_single:u	185	0	0
fp_arith_inst_retired.512b_packed_single:u	186	0	0
fp_arith_inst_retired.512b_packed_single:u	187	0	0
fp_arith_inst_retired.512b_packed_single:u	188	0	0
fp_arith_inst_retired.512b_packed_single:u	189	0	0
fp_arith_inst_retired.512b_packed_single:u	190	0	0
fp_arith_inst_retired.512b_packed_single:u	191	0	0
fp_arith_inst_retired.512b_packed_single:u	192	0	0
fp_arith_inst_retired.512b_packed_single:u	193	0	0
fp_arith_inst_retired.512b_packed_single:u	194	0	0
fp_arith_inst_retired.512b_packed_single:u	195	0	0
fp_arith_inst_retired.512b_packed_single:u	196	0	0
fp_arith_inst_retired.512b_packed_single:u	197	0	0
fp_arith_inst_retired.512b_packed_single:u	198	0	0
fp_arith_inst_retired.512b_packed_single:u	199	0	0
fp_arith_inst_retired.512b_packed_single:u	200	0	0
fp_arith_inst_retired.512b_packed_single:u	201	0	0
fp_arith_inst_retired.512b_packed_single:u	202	0	0
fp_arith_inst_retired.512b_packed_single:u	203	0	0
fp_arith_inst_retired.512b_packed_single:u	204	0	0
fp_arith_inst_retired.512b_packed_single:u	205	0	0
fp_arith_inst_retired.512b_packed_single:u	206	0	0
fp_arith_inst_retired.512b_packed_single:u	207	0	0
fp_arith_inst_retired.512b_packed_single:u	208	0	0
fp_arith_inst_retired.512b_packed_single:u	209	0	0
fp_arith_inst_retired.512b_packed_single:u	210	0	0
fp_arith_inst_retired.512b_packed_single:u	211	0	0
fp_arith_inst_retired.512b_packed_single:u	212	0	0
fp_arith_inst_retired.512b_packed_single:u	213	0	0
fp_arith_inst_retired.512b_packed_single:u	214	0	0
fp_arith_inst_retired.512b_packed_single:u	215	0	0
fp_arith_inst_retired.512b_packed_single:u	216	0	0
fp_arith_inst_retired.512b_packed_single:u	217	0	0
fp_arith_inst_retired.512b_packed_single:u	218	0	0
fp_arith_inst_retired.512b_packed_single:u	219	0	0
fp_arith_inst_retired.512b_packed_single:u	220	0	0
fp_arith_inst_retired.512b_packed_single:u	221	0	0
fp_arith_inst_retired.512b_packed_single:u	222	0	0
fp_arith_inst_retired.512b_packed_single:u	223	0	0
fp_arith_inst_retired.512b_packed_single:u	224	0	0
fp_arith_inst_retired.512b_packed_single:u	225	0	0
fp_arith_inst_retired.512b_packed_single:u	226	0	0
fp_arith_inst_retired.512b_packed_single:u	227	0	0
fp_arith_inst_retired.512b_packed_single:u	228	0	0
fp_arith_inst_retired.512b_packed_single:u	229	0	0
fp_arith_inst_retired.512b_packed_single:u	230	0	0
fp_arith_inst_retired.512b_packed_single:u	231	0	0
fp_arith_inst_retired.512b_packed_single:u	232	0	0
fp_arith_inst_retired.512b_packed_single:u	233	0	0
fp_arith_inst_retired.512b_packed_single:u	234	0	0
fp_arith_inst_retired.512b_packed_single:u	235	0	0
fp_arith_inst_retired.512b_packed_single:u	236	0	0
fp_arith_inst_retired.512b_packed_single:u	237	0	0
fp_arith_inst_retired.512b_packed_single:u	238	0	0
fp_arith_inst_retired.512b_packed_single:u	239	0	0
fp_arith_inst_retired.512b_packed_single:u	240	0	0
fp_arith_inst_retired.512b_packed_single:u	241	0	0
fp_arith_inst_retired.512b_packed_single:u	242	0	0
fp_arith_inst_retired.512b_packed_single:u	243	0	0
fp_arith_inst_retired.512b_packed_single:u	244	0	0
fp_arith_inst_retired.512b_packed_single:u	245	0	0
fp_arith_inst_retired.512b_packed_single:u	246	0	0
fp_arith_inst_retired.512b_packed_single:u	247	0	0
fp_arith_inst_retired.512b_packed_single:u	248	0	0
fp_arith_inst_retired.512b_packed_single:u	249	0	0
fp_arith_inst_retired.512b_packed_single:u	250	0	0
fp_arith_inst_retired.512b_packed_single:u	251	0	0
fp_arith_inst_retired.512b_packed_single:u	252	0	0
fp_arith_inst_retired.512b_packed_single:u	253	0	0
fp_arith_inst_retired.512b_packed_single:u	254	0	0
fp_arith_inst_retired.512b_packed_single:u	255	0	0
fp_arith_inst_retired.512b_packed_single:u	256	0	0
fp_arith_inst_retired.512b_packed_single:u	257	0	0
fp_arith_inst_retired.512b_packed_single:u	258	0	0
fp_arith_inst_retired.512b_packed_single:u	259	0	0
fp_arith_inst_retired.512b_packed_single:u	260	0	0
fp_arith_inst_retired.512b_packed_single:u	261	0	0
fp_arith_inst_retired.512b_packed_single:u	262	0	0
fp_arith_inst_retired.512b_packed_single:u	263	0	0
fp_arith_inst_retired.512b_packed_single:u	264	0	0
fp_arith_inst_retired.512b_packed_single:u	265	0	0
fp_arith_inst_retired.512b_packed_single:u	266	0	0
fp_arith_inst_retired.512b_packed_single:u	267	0	0
fp_arith_inst_retired.512b_packed_single:u	268	0	0
fp_arith_inst_retired.512b_packed_single:u	269	0	0
fp_arith_inst_retired.512b_packed_single:u	270	0	0
fp_arith_inst_retired.512b_packed_single:u	271	0	0
fp_arith_inst_retired.512b_packed_single:u	272	0	0
fp_arith_inst_retired.512b_packed_single:u	273	0	0
fp_arith_inst_retired.512b_packed_single:u	274	0	0
fp_arith_inst_retired.512b_packed_single:u	275	0	0
fp_arith_inst_retired.512b_packed_single:u	276	0	0
fp_arith_inst_retired.512b_packed_single:u	277	0	0
fp_arith_inst_retired.512b_packed_single:u	278	0	0
fp_arith_inst_retired.512b_packed_single:u	279	0	0
fp_arith_inst_retired.512b_packed_single:u	280	0	0
fp_arith_inst_retired.512b_packed_single:u	281	0	0
fp_arith_inst_retired.512b_packed_single:u	282	0	0
fp_arith_inst_retired.512b_packed_single:u	283	0	0
fp_arith_inst_retired.512b_packed_single:u	284	0	0
fp_arith_inst_retired.512b_packed_single:u	285	0	0
fp_arith_inst_retired.512b_packed_single:u	286	0	0
fp_arith_inst_retired.512b_packed_single:u	287	0	0
fp_arith_inst_retired.512b_packed_single:u	288	0	0
fp_arith_inst_retired.512b_packed_single:u	289	0	0
fp_arith_inst_retired.512b_packed_single:u	290	0	0
fp_arith_inst_retired.512b_packed_single:u	291	0	0
fp_arith_inst_retired.512b_packed_single:u	292	0	0
fp_arith_inst_retired.512b_packed_single:u	293	0	0
fp_arith_inst_retired.512b_packed_single:u	294	0	0
fp_arith_inst_retired.512b_packed_single:u	295	0	0
fp_arith_inst_retired.512b_packed_single:u	296	0	0
fp_arith_inst_retired.512b_packed_single:u	297	0	0
fp_arith_inst_retired.512b_packed_single:u	298	0	0
fp_arith_inst_retired.512b_packed_single:u	299	0	0
fp_arith_inst_retired.512b_packed_single:u	300	0	0
fp_arith_inst_retired.512b_packed_single:u	301	0	0
fp_arith_inst_retired.512b_packed_single:u	302	0	0
fp_arith_inst_retired.512b_packed_single:u	303	0	0
fp_arith_inst_retired.512b_packed_single:u	304	0	0
fp_arith_inst_retired.512b_packed_single:u	305	0	0
fp_arith_inst_retired.512b_packed_single:u	306	0	0
fp_arith_inst_retired.512b_packed_single:u	307	0	0
fp_arith_inst_retired.512b_packed_single:u	308	0	0
fp_arith_inst_retired.512b_packed_single:u	309	0	0
fp_arith_inst_retired.512b_packed_single:u	310	0	0
fp_arith_inst_retired.512b_packed_single:u	311	0	0
fp_arith_inst_retired.512b_packed_single:u	312	0	0
fp_arith_inst_retired.512b_packed_single:u	313	0	0
fp_arith_inst_retired.512b_packed_single:u	314	0	0
fp_arith_inst_retired.512b_packed_single:u	315	0	0
fp_arith_inst_retired.512b_packed_single:u	316	0	0
fp_arith_inst_retired.512b_packed_single:u	317	0	0
fp_arith_inst_retired.512b_packed_single:u	318	0	0
fp_arith_inst_retired.512b_packed_single:u	319	0	0
fp_arith_inst_retired.512b_packed_single:u	320	0	0
fp_arith_inst_retired.512b_packed_single:u	321	0	0
fp_arith_inst_retired.512b_packed_single:u	322	0	0
fp_arith_inst_retired.512b_packed_single:u	323	0	0
fp_arith_inst_retired.512b_packed_single:u	324	0	0
fp_arith_inst_retired.512b_packed_single:u	325	0	0
fp_arith_inst_retired.512b_packed_single:u	326	0	0
fp_arith_inst_retired.512b_packed_single:u	327	0	0
fp_arith_inst_retired.512b_packed_single:u	328	0	0
fp_arith_inst_retired.512b_packed_single:u	329	0	0
fp_arith_inst_retired.512b_packed_single:u	330	0	0
fp_arith_inst_retired.512b_packed_single:u	331	0	0
fp_arith_inst_retired.512b_packed_single:u	332	0	0
fp_arith_inst_retired.512b_packed_single:u	333	0	0
fp_arith_inst_retired.512b_packed_single:u	334	0	0
fp_arith_inst_retired.512b_packed_single:u	335	0	0
fp_arith_inst_retired.512b_packed_single:u	336	0	0
fp_arith_inst_retired.512b_packed_single:u	337	0	0
fp_arith_inst_retired.512b_packed_single:u	338	0	0
fp_arith_inst_retired.512b_packed_single:u	339	0	0
fp_arith_inst_retired.512b_packed_single:u	340	0	0
fp_arith_inst_retired.512b_packed_single:u	341	0	0
fp_arith_inst_retired.512b_packed_single:u	342	0	0
fp_arith_inst_retired.512b_packed_single:u	343	0	0
fp_arith_inst_retired.512b_packed_single:u	344	0	0
fp_arith_inst_retired.512b_packed_single:u	345	0	0
fp_arith_inst_retired.512b_packed_single:u	346	0	0
fp_arith_inst_retired.512b_packed_single:u	347	0	0
fp_arith_inst_retired.512b_packed_single:u	348	0	0
fp_arith_inst_retired.512b_packed_single:u	349	0	0
fp_arith_inst_retired.512b_packed_single:u	350	0	0
fp_arith_inst_retired.512b_packed_single:u	351	0	0
fp_arith_inst_retired.512b_packed_single:u	352	0	0
fp_arith_inst_retired.512b_packed_single:u	353	0	0
fp_arith_inst_retired.512b_packed_single:u	354	0	0
fp_arith_inst_retired.512b_packed_single:u	355	0	0
fp_arith_inst_retired.512b_packed_single:u	356	0	0
fp_arith_inst_retired.512b_packed_single:u	357	0	0
fp_arith_inst_retired.512b_packed_single:u	358	0	0
fp_arith_inst_retired.512b_packed_single:u	359	0	0
fp_arith_inst_retired.512b_packed_single:u	360	0	0
fp_arith_inst_retired.512b_packed_single:u	361	0	0
fp_arith_inst_retired.512b_packed_single:u	362	0	0
fp_arith_inst_retired.512b_packed_single:u	363	0	0
fp_arith_inst_retired.512b_packed_single:u	364	0	0
fp_arith_inst_retired.512b_packed_single:u	365	0	0
fp_arith_inst_retired.512b_packed_single:u	366	0	0
fp_arith_inst_retired.512b_packed_single:u	367	0	0
fp_arith_inst_retired.512b_packed_single:u	368	0	0
fp_arith_inst_retired.512b_packed_single:u	369	0	0
fp_arith_inst_retired.512b_packed_single:u	370	0	0
fp_arith_inst_retired.512b_packed_single:u	371	0	0
fp_arith_inst_retired.512b_packed_single:u	372	0	0
fp_arith_inst_retired.512b_packed_single:u	373	0	0
fp_arith_inst_retired.512b_packed_single:u	374	0	0
fp_arith_inst_retired.512b_packed_single:u	375	0	0
fp_arith_inst_retired.512b_packed_single:u	376	0	0
fp_arith_inst_retired.512b_packed_single:u	377	0	0
fp_arith_inst_retired.512b_packed_single:u	378	0	0
fp_arith_inst_retired.512b_packed_single:u	379	0	0
fp_arith_inst_retired.512b_packed_single:u	380	0	0
fp_arith_inst_retired.512b_packed_single:u	381	0	0
fp_arith_inst_retired.512b_packed_single:u	382	0	0
fp_arith_inst_retired.512b_packed_single:u	383	0	0
fp_arith_inst_retired.512b_packed_single:u	384	0	0
fp_arith_inst_retired.512b_packed_single:u	385	0	0
fp_arith_inst_retired.512b_packed_single:u	386	0	0
fp_arith_inst_retired.512b_packed_single:u	387	0	0
fp_arith_inst_retired.512b_packed_single:u	388	0	0
fp_arith_inst_retired.512b_packed_single:u	389	0	0
fp_arith_inst_retired.512b_packed_single:u	390	0	0
fp_arith_inst_retired.512b_packed_single:u	391	0	0
fp_arith_inst_retired.512b_packed_single:u	392	0	0
fp_arith_inst_retired.512b_packed_single:u	393	0	0
fp_arith_inst_retired.512b_packed_single:u	394	0	0
fp_arith_inst_retired.512b_packed_single:u	395	0	0
fp_arith_inst_retired.512b_packed_single:u	396	0	0
fp_arith_inst_retired.512b_packed_single:u	397	0	0
fp_arith_inst_retired.512b_packed_single:u	398	0	0
fp_arith_inst_retired.512b_packed_single:u	399	0	0
fp_arith_inst_retired.512b_packed_single:u	400	0	0
fp_arith_inst_retired.512b_packed_single:u	401	0	0
fp_arith_inst_retired.512b_packed_single:u	402	0	0
fp_arith_inst_retired.512b_packed_single:u	403	0	0
fp_arith_inst_retired.512b_packed_single:u	404	0	0
fp_arith_inst_retired.512b_packed_single:u	405	0	0
fp_arith_inst_retired.512b_packed_single:u	406	0	0
fp_arith_inst_retired.512b_packed_single:u	407	0	0
fp_arith_inst_retired.512b_packed_single:u	408	0	0
fp_arith_inst_retired.512b_packed_single:u	409	0	0
fp_arith_inst_retired.512b_packed_single:u	410	0	0
fp_arith_inst_retired.512b_packed_single:u	411	0	0
fp_arith_inst_retired.512b_packed_single:u	412	0	0
fp_arith_inst_retired.512b_packed_single:u	413	0	0
fp_arith_inst_retired.512b_packed_single:u	414	0	0
fp_arith_inst_retired.512b_packed_single:u	415	0	0
fp_arith_inst_retired.512b_packed_single:u	416	0	0
fp_arith_inst_retired.512b_packed_single:u	417	0	0
fp_arith_inst_retired.512b_packed_single:u	418	0	0
fp_arith_inst_retired.512b_packed_single:u	419	0	0
fp_arith_inst_retired.512b_packed_single:u	420	0	0
fp_arith_inst_retired.512b_packed_single:u	421	0	0
fp_arith_inst_retired.512b_packed_single:u	422	0	0
fp_arith_inst_retired.512b_packed_single:u	423	0	0
fp_arith_inst_retired.512b_packed_single:u	424	0	0
fp_arith_inst_retired.512b_packed_single:u	425	0	0
fp_arith_inst_retired.512b_packed_single:u	426	0	0
fp_arith_inst_retired.512b_packed_single:u	427	0	0
fp_arith_inst_retired.512b_packed_single:u	428	0	0
fp_arith_inst_retired.512b_packed_single:u	429	0	0
fp_arith_inst_retired.512b_packed_single:u	430	0	0
fp_arith_inst_retired.512b_packed_single:u	431	0	0
fp_arith_inst_retired.512b_packed_single:u	432	0	0
fp_arith_inst_retired.512b_packed_single:u	433	0	0
fp_arith_inst_retired.512b_packed_single:u	434	0	0
fp_arith_inst_retired.512b_packed_single:u	435	0	0
fp_arith_inst_retired.512b_packed_single:u	436	0	0
fp_arith_inst_retired.512b_packed_single:u	437	0	0
fp_arith_inst_retired.512b_packed_single:u	438	0	0
fp_arith_inst_retired.512b_packed_single:u	439	0	0
fp_arith_inst_retired.512b_packed_single:u	440	0	0
fp_arith_inst_retired.512b_packed_single:u	441	0	0
fp_arith_inst_retired.512b_packed_single:u	442	0	0
fp_arith_inst_retired.512b_packed_single:u	443	0	0
fp_arith_inst_retired.512b_packed_single:u	444	0	0
fp_arith_inst_retired.512b_packed_single:u	445	0	0
fp_arith_inst_retired.512b_packed_single:u	446	0	0
fp_arith_inst_retired.512b_packed_single:u	447	0	0
fp_arith_inst_retired.512b_packed_single:u	448	0	0
fp_arith_inst_retired.512b_packed_single:u	449	0	0
fp_arith_inst_retired.512b_packed_single:u	450	0	0
fp_arith_inst_retired.512b_packed_single:u	451	0	0
fp_arith_inst_retired.512b_packed_single:u	452	0	0
fp_arith_inst_retired.512b_packed_single:u	453	0	0
fp_arith_inst_retired.512b_packed_single:u	454	0	0
fp_arith_inst_retired.512b_packed_single:u	455	0	0
fp_arith_inst_retired.512b_packed_single:u	456	0	0
fp_arith_inst_retired.512b_packed_single:u	457	0	0
fp_arith_inst_retired.512b_packed_single:u	458	0	0
fp_arith_inst_retired.512b_packed_single:u	459	0	0
fp_arith_inst_retired.512b_packed_single:u	460	0	0
fp_arith_inst_retired.512b_packed_single:u	461	0	0
fp_arith_inst_retired.512b_packed_single:u	462	0	0
fp_arith_inst_retired.512b_packed_single:u	463	0	0
fp_arith_inst_retired.512b_packed_single:u	464	0	0
fp_arith_inst_retired.512b_packed_single:u	465	0	0
fp_arith_inst_retired.512b_packed_single:u	466	0	0
fp_arith_inst_retired.512b_packed_single:u	467	0	0
fp_arith_inst_retired.512b_packed_single:u	468	0	0
fp_arith_inst_retired.512b_packed_single:u	469	0	0
fp_arith_inst_retired.512b_packed_single:u	470	0	0
fp_arith_inst_retired.512b_packed_single:u	471	0	0
fp_arith_inst_retired.512b_packed_single:u	472	0	0
fp_arith_inst_retired.512b_packed_single:u	473	0	0
fp_arith_inst_retired.512b_packed_single:u	474	0	0
fp_arith_inst_retired.512b_packed_single:u	475	0	0
fp_arith_inst_retired.512b_packed_single:u	476	0	0
fp_arith_inst_retired.512b_packed_single:u	477	0	0
fp_arith_inst_retired.512b_packed_single:u	478	0	0
fp_arith_inst_retired.512b_packed_single:u	479	0	0
fp_arith_inst_retired.512b_packed_single:u	480	0	0
fp_arith_inst_retired.512b_packed_single:u	481	0	0
fp_arith_inst_retired.512b_packed_single:u	482	0	0
fp_arith_inst_retired.512b_packed_single:u	483	0	0
fp_arith_inst_retired.512b_packed_single:u	484	0	0
fp_arith_inst_retired.512b_packed_single:u	485	0	0
fp_arith_inst_retired.512b_packed_single:u	486	0	0
fp_arith_inst_retired.512b_packed_single:u	487	0	0
fp_arith_inst_retired.512b_packed_single:u	488	0	0
fp_arith_inst_retired.512b_packed_single:u	489	0	0
fp_arith_inst_retired.512b_packed_single:u	490	0	0
fp_arith_inst_retired.512b_packed_single:u	491	0	0
fp_arith_inst_retired.512b_packed_single:u	492	0	0
fp_arith_inst_retired.512b_packed_single:u	493	0	0
fp_arith_inst_retired.512b_packed_single:u	494	0	0
fp_arith_inst_retired.512b_packed_single:u	495	0	0
fp_arith_inst_retired.512b_packed_single:u	496	0	0
fp_arith_inst_retired.512b_packed_single:u	497	0	0
fp_arith_inst_retired.512b_packed_single:u	498	0	0
fp_arith_inst_retired.512b_packed_single:u	499	0	0
fp_arith_inst_retired.512b_packed_single:u	500	0	0
fp_arith_inst_retired.512b_packed_single:u	501	0	0
fp_arith_inst_retired.512b_packed_single:u	502	0	0
fp_arith_inst_retired.512b_packed_single:u	503	0	0
fp_arith_inst_retired.512b_packed_single:u	504	0	0
fp_arith_inst_retired.512b_packed_single:u	505	0	0
fp_arith_inst_retired.512b_packed_single:u	506	0	0
fp_arith_inst_retired.512b_packed_single:u	507	0	0
fp_arith_inst_retired.512b_packed_single:u	508	0	0
fp_arith_inst_retired.512b_packed_single:u	509	0	0
fp_arith_inst_retired.512b_packed_single:u	510	0	0
fp_arith_inst_retired.512b_packed_single:u	511	0	0
fp_arith_inst_retired.512b_packed_single:u	512	0	0
fp_arith_inst_retired.512b_packed_single:u	513	0	0
fp_arith_inst_retired.512b_packed_single:u	514	0	0
fp_arith_inst_retired.512b_packed_single:u	515	0	0
fp_arith_inst_retired.512b_packed_single:u	516	0	0
fp_arith_inst_retired.512b_packed_single:u	517	0	0
fp_arith_inst_retired.512b_packed_single:u	518	0	0
fp_arith_inst_retired.512b_packed_single:u	519	0	0
fp_arith_inst_retired.512b_packed_single:u	520	0	0
fp_arith_inst_retired.512b_packed_single:u	521	0	0
fp_arith_inst_retired.512b_packed_single:u	522	0	0
fp_arith_inst_retired.512b_packed_single:u	523	0	0
fp_arith_inst_retired.512b_packed_single:u	524	0	0
fp_arith_inst_retired.512b_packed_single:u	525	0	0
fp_arith_inst_retired.512b_packed_single:u	526	0	0
fp_arith_inst_retired.512b_packed_single:u	527	0	0
fp_arith_inst_retired.512b_packed_single:u	528	0	0
fp_arith_inst_retired.512b_packed_single:u	529	0	0
fp_arith_inst_retired.512b_packed_single:u	530	0	0
fp_arith_inst_retired.512b_packed_single:u	531	0	0
fp_arith_inst_retired.512b_packed_single:u	532	0	0
fp_arith_inst_retired.512b_packed_single:u	533	0	0
fp_arith_inst_retired.512b_packed_single:u	534	0	0
fp_arith_inst_retired.512b_packed_single:u	535	0	0
fp_arith_inst_retired.512b_packed_single:u	536	0	0
fp_arith_inst_retired.512b_packed_single:u	537	0	0
fp_arith_inst_retired.512b_packed_single:u	538	0	0
fp_arith_inst_retired.512b_packed_single:u	539	0	0
fp_arith_inst_retired.512b_packed_single:u	540	0	0
fp_arith_inst_retired.512b_packed_single:u	541	0	0
fp_arith_inst_retired.512b_packed_single:u	542	0	0
fp_arith_inst_retired.512b_packed_single:u	543	0	0
fp_arith_inst_retired.512b_packed_single:u	544	0	0
fp_arith_inst_retired.512b_packed_single:u	545	0	0
fp_arith_inst_retired.512b_packed_single:u	546	0	0
fp_arith_inst_retired.512b_packed_single:u	547	0	0
fp_arith_inst_retired.512b_packed_single:u	548	0	0
fp_arith_inst_retired.512b_packed_single:u	549	0	0
fp_arith_inst_retired.512b_packed_single:u	550	0	0
fp_arith_inst_retired.512b_packed_single:u	551	0	0
fp_arith_inst_retired.512b_packed_single:u	552	0	0
fp_arith_inst_retired.512b_packed_single:u	553	0	0
fp_arith_inst_retired.512b_packed_single:u	554	0	0
fp_arith_inst_retired.512b_packed_single:u	555	0	0
fp_arith_inst_retired.512b_packed_single:u	556	0	0
fp_arith_inst_retired.512b_packed_single:u	557	0	0
fp_arith_inst_retired.512b_packed_single:u	558	0	0
fp_arith_inst_retired.512b_packed_single:u	559	0	0
fp_arith_inst_retired.512b_packed_single:u	560	0	0
fp_arith_inst_retired.512b_packed_single:u	561	0	0
fp_arith_inst_retired.512b_packed_single:u	562	0	0
fp_arith_inst_retired.512b_packed_single:u	563	0	0
fp_arith_inst_retired.512b_packed_single:u	564	0	0
fp_arith_inst_retired.512b_packed_single:u	565	0	0
fp_arith_inst_retired.512b_packed_single:u	566	0	0
fp_arith_inst_retired.512b_packed_single:u	567	0	0
fp_arith_inst_retired.512b_packed_single:u	568	0	0
fp_arith_inst_retired.512b_packed_single:u	569	0	0
fp_arith_inst_retired.512b_packed_single:u	570	0	0
fp_arith_inst_retired.512b_packed_single:u	571	0	0
fp_arith_inst_retired.512b_packed_single:u	572	0	0
fp_arith_inst_retired.512b_packed_single:u	573	0	0
fp_arith_inst_retired.512b_packed_single:u	574	0	0
fp_arith_inst_retired.512b_packed_single:u	575	0	0
fp_arith_inst_retired.512b_packed_single:u	576	0	0
fp_arith_inst_retired.512b_packed_single:u	577	0	0
fp_arith_inst_retired.512b_packed_single:u	578	0	0
fp_arith_inst_retired.512b_packed_single:u	579	0	0
fp_arith_inst_retired.512b_packed_single:u	580	0	0
fp_arith_inst_retired.512b_packed_single:u	581	0	0
fp_arith_inst_retired.512b_packed_single:u	582	0	0
fp_arith_inst_retired.512b_packed_single:u	583	0	0
fp_arith_inst_retired.512b_packed_single:u	584	0	0
fp_arith_inst_retired.512b_packed_single:u	585	0	0
fp_arith_inst_retired.512b_packed_single:u	586	0	0
fp_arith_inst_retired.512b_packed_single:u	587	0	0
fp_arith_inst_retired.512b_packed_single:u	588	0	0
fp_arith_inst_retired.512b_packed_single:u	589	0	0
fp_arith_inst_retired.512b_packed_single:u	590	0	0
fp_arith_inst_retired.512b_packed_single:u	591	0	0
fp_arith_inst_retired.512b_packed_single:u	592	0	0
fp_arith_inst_retired.512b_packed_single:u	593	0	0
fp_arith_inst_retired.512b_packed_single:u	594	0	0
fp_arith_inst_retired.512b_packed_single:u	595	0	0
fp_arith_inst_retired.512b_packed_single:u	596	0	0
fp_arith_inst_retired.512b_packed_single:u	597	0	0
fp_arith_inst_retired.512b_packed_single:u	598	0	0
fp_arith_inst_retired.512b_packed_single:u	599	0	0
fp_arith_inst_retired.512b_packed_single:u	600	0	0
fp_arith_inst_retired.512b_packed_single:u	601	0	0
fp_arith_inst_retired.512b_packed_single:u	602	0	0
fp_arith_inst_retired.512b_packed_single:u	603	0	0
fp_arith_inst_retired.512b_packed_single:u	604	0	0
fp_arith_inst_retired.512b_packed_single:u	605	0	0
fp_arith_inst_retired.512b_packed_single:u	606	0	0
fp_arith_inst_retired.512b_packed_single:u	607	0	0
fp_arith_inst_retired.512b_packed_single:u	608	0	0
fp_arith_inst_retired.512b_packed_single:u	609	0	0
fp_arith_inst_retired.512b_packed_single:u	610	0	0
fp_arith_inst_retired.512b_packed_single:u	611	0	0
fp_arith_inst_retired.512b_packed_single:u	612	0	0
fp_arith_inst_retired.512b_packed_single:u	613	0	0
fp_arith_inst_retired.512b_packed_single:u	614	0	0
fp_arith_inst_retired.512b_packed_single:u	615	0	0
fp_arith_inst_retired.512b_packed_single:u	616	0	0
fp_arith_inst_retired.512b_packed_single:u	617	0	0
fp_arith_inst_retired.512b_packed_single:u	618	0	0
fp_arith_inst_retired.512b_packed_single:u	619	0	0
fp_arith_inst_retired.512b_packed_single:u	620	0	0
fp_arith_inst_retired.512b_packed_single:u	621	0	0
fp_arith_inst_retired.512b_packed_single:u	622	0	0
fp_arith_inst_retired.512b_packed_single:u	623	0	0
fp_arith_inst_retired.512b_packed_single:u	624	0	0
fp_arith_inst_retired.512b_packed_single:u	625	0	0
fp_arith_inst_retired.512b_packed_single:u	626	0	0
fp_arith_inst_retired.512b_packed_single:u	627	0	0
fp_arith_inst_retired.512b_packed_single:u	628	0	0
fp_arith_inst_retired.512b_packed_single:u	629	0	0
fp_arith_inst_retired.512b_packed_single:u	630	0	0
fp_arith_inst_retired.512b_packed_single:u	631	0	0
fp_arith_inst_retired.512b_packed_single:u	632	0	0
fp_arith_inst_retired.512b_packed_single:u	633	0	0
fp_arith_inst_retired.512b_packed_single:u	634	0	0
fp_arith_inst_retired.512b_packed_single:u	635	0	0
fp_arith_inst_retired.512b_packed_single:u	636	0	0
fp_arith_inst_retired.512b_packed_single:u	637	0	0
fp_arith_inst_retired.512b_packed_single:u	638	0	0
fp_arith_inst_retired.512b_packed_single:u	639	0	0
fp_arith_inst_retired.512b_packed_single:u	640	0	0
fp_arith_inst_retired.512b_packed_single:u	641	0	0
fp_arith_inst_retired.512b_packed_single:u	642	0	0
fp_arith_inst_retired.512b_packed_single:u	643	0	0
fp_arith_inst_retired.512b_packed_single:u	644	0	0
fp_arith_inst_retired.512b_packed_single:u	645	0	0
fp_arith_inst_retired.512b_packed_single:u	646	0	0
fp_arith_inst_retired.512b_packed_single:u	647	0	0
fp_arith_inst_retired.512b_packed_single:u	648	0	0
fp_arith_inst_retired.512b_packed_single:u	649	0	0
fp_arith_inst_retired.512b_packed_single:u	650	0	0
fp_arith_inst_retired.512b_packed_single:u	651	0	0
fp_arith_inst_retired.512b_packed_single:u	652	0	0
fp_arith_inst_retired.512b_packed_single:u	653	0	0
fp_arith_inst_retired.512b_packed_single:u	654	0	0
fp_arith_inst_retired.512b_packed_single:u	655	0	0
fp_arith_inst_retired.512b_packed_single:u	656	0	0
fp_arith_inst_retired.512b_packed_single:u	657	0	0
fp_arith_inst_retired.512b_packed_single:u	658	0	0
fp_arith_inst_retired.512b_packed_single:u	659	0	0
fp_arith_inst_retired.512b_packed_single:u	660	0	0
fp_arith_inst_retired.512b_packed_single:u	661	0	0
fp_arith_inst_retired.512b_packed_single:u	662	0	0
fp_arith_inst_retired.512b_packed_single:u	663	0	0
fp_arith_inst_retired.512b_packed_single:u	664	0	0
fp_arith_inst_retired.512b_packed_single:u	665	0	0
fp_arith_inst_retired.512b_packed_single:u	666	0	0
fp_arith_inst_retired.512b_packed_single:u	667	0	0
fp_arith_inst_retired.512b_packed_single:u	668	0	0
fp_arith_inst_retired.512b_packed_single:u	669	0	0
fp_arith_inst_retired.512b_packed_single:u	670	0	0
fp_arith_inst_retired.512b_packed_single:u	671	0	0
fp_arith_inst_retired.512b_packed_single:u	672	0	0
fp_arith_inst_retired.512b_packed_single:u	673	0	0
fp_arith_inst_retired.512b_packed_single:u	674	0	0
fp_arith_inst_retired.512b_packed_single:u	675	0	0
fp_arith_inst_retired.512b_packed_single:u	676	0	0
fp_arith_inst_retired.512b_packed_single:u	677	0	0
fp_arith_inst_retired.512b_packed_single:u	678	0	0
fp_arith_inst_retired.512b_packed_single:u	679	0	0
fp_arith_inst_retired.512b_packed_single:u	680	0	0
fp_arith_inst_retired.512b_packed_single:u	681	0	0
fp_arith_inst_retired.512b_packed_single:u	682	0	0
fp_arith_inst_retired.512b_packed_single:u	683	0	0
fp_arith_inst_retired.512b_packed_single:u	684	0	0
fp_arith_inst_retired.512b_packed_single:u	685	0	0
fp_arith_inst_retired.512b_packed_single:u	686	0	0
fp_arith_inst_retired.512b_packed_single:u	687	0	0
fp_arith_inst_retired.512b_packed_single:u	688	0	0
fp_arith_inst_retired.512b_packed_single:u	689	0	0
fp_arith_inst_retired.512b_packed_single:u	690	0	0
fp_arith_inst_retired.512b_packed_single:u	691	0	0
fp_arith_inst_retired.512b_packed_single:u	692	0	0
fp_arith_inst_retired.512b_packed_single:u	693	0	0
fp_arith_inst_retired.512b_packed_single:u	694	0	0
fp_arith_inst_retired.512b_packed_single:u	695	0	0
fp_arith_inst_retired.512b_packed_single:u	696	0	0
fp_arith_inst_retired.512b_packed_single:u	697	0	0
fp_arith_inst_retired.512b_packed_single:u	698	0	0
fp_arith_inst_retired.512b_packed_single:u	699	0	0
fp_arith_inst_retired.512b_packed_single:u	700	0	0
fp_arith_inst_retired.512b_packed_single:u	701	0	0
fp_arith_inst_retired.512b_packed_single:u	702	0	0
fp_arith_inst_retired.512b_packed_single:u	703	0	0
fp_arith_inst_retired.512b_packed_single:u	704	0	0
fp_arith_inst_retired.512b_packed_single:u	705	0	0
fp_arith_inst_retired.512b_packed_single:u	706	0	0
fp_arith_inst_retired.512b_packed_single:u	707	0	0
fp_arith_inst_retired.512b_packed_single:u	708	0	0
fp_arith_inst_retired.512b_packed_single:u	709	0	0
fp_arith_inst_retired.512b_packed_single:u	710	0	0
fp_arith_inst_retired.512b_packed_single:u	711	0	0
fp_arith_inst_retired.512b_packed_single:u	712	0	0
fp_arith_inst_retired.512b_packed_single:u	713	0	0
fp_arith_inst_retired.512b_packed_single:u	714	0	0
fp_arith_inst_retired.512b_packed_single:u	715	0	0
fp_arith_inst_retired.512b_packed_single:u	716	0	0
fp_arith_inst_retired.512b_packed_single:u	717	0	0
fp_arith_inst_retired.512b_packed_single:u	718	0	0
fp_arith_inst_retired.512b_packed_single:u	719	0	0
fp_arith_inst_retired.512b_packed_single:u	720	0	0
fp_arith_inst_retired.512b_packed_single:u	721	0	0
fp_arith_inst_retired.512b_packed_single:u	722	0	0
fp_arith_inst_retired.512b_packed_single:u	723	0	0
fp_arith_inst_retired.512b_packed_single:u	724	0	0
fp_arith_inst_retired.512b_packed_single:u	725	0	0
fp_arith_inst_retired.512b_packed_single:u	726	0	0
fp_arith_inst_retired.512b_packed_single:u	727	0	0
fp_arith_inst_retired.512b_packed_single:u	728	0	0
fp_arith_inst_retired.512b_packed_single:u	729	0	0
fp_arith_inst_retired.512b_packed_single:u	730	0	0
fp_arith_inst_retired.512b_packed_single:u	731	0	0
fp_arith_inst_retired.512b_packed_single:u	732	0	0
fp_arith_inst_retired.512b_packed_single:u	733	0	0
fp_arith_inst_retired.512b_packed_single:u	734	0	0
fp_arith_inst_retired.512b_packed_single:u	735	0	0
fp_arith_inst_retired.512b_packed_single:u	736	0	0
fp_arith_inst_retired.512b_packed_single:u	737	0	0
fp_arith_inst_retired.512b_packed_single:u	738	0	0
fp_arith_inst_retired.512b_packed_single:u	739	0	0
fp_arith_inst_retired.512b_packed_single:u	740	0	0
fp_arith_inst_retired.512b_packed_single:u	741	0	0
fp_arith_inst_retired.512b_packed_single:u	742	0	0
fp_arith_inst_retired.512b_packed_single:u	743	0	0
fp_arith_inst_retired.512b_packed_single:u	744	0	0
fp_arith_inst_retired.512b_packed_single:u	745	0	0
fp_arith_inst_retired.512b_packed_single:u	746	0	0
fp_arith_inst_retired.512b_packed_single:u	747	0	0
fp_arith_inst_retired.512b_packed_single:u	748	0	0
fp_arith_inst_retired.512b_packed_single:u	749	0	0
fp_arith_inst_retired.512b_packed_single:u	750	0	0
fp_arith_inst_retired.512b_packed_single:u	751	0	0
fp_arith_inst_retired.512b_packed_single:u	752	0	0
fp_arith_inst_retired.512b_packed_single:u	753	0	0
fp_arith_inst_retired.512b_packed_single:u	754	0	0
fp_arith_inst_retired.512b_packed_single:u	755	0	0
fp_arith_inst_retired.512b_packed_single:u	756	0	0
fp_arith_inst_retired.512b_packed_single:u	757	0	0
fp_arith_inst_retired.512b_packed_single:u	758	0	0
fp_arith_inst_retired.512b_packed_single:u	759	0	0
fp_arith_inst_retired.512b_packed_single:u	760	0	0
fp_arith_inst_retired.512b_packed_single:u	761	0	0
fp_arith_inst_retired.512b_packed_single:u	762	0	0
fp_arith_inst_retired.512b_packed_single:u	763	0	0
fp_arith_inst_retired.512b_packed_single:u	764	0	0
fp_arith_inst_retired.512b_packed_single:u	765	0	0
fp_arith_inst_retired.512b_packed_single:u	766	0	0
fp_arith_inst_retired.512b_packed_single:u	767	0	0
fp_arith_inst_retired.512b_packed_single:u	768	0	0
fp_arith_inst_retired.512b_packed_single:u	769	0	0
fp_arith_inst_retired.512b_packed_single:u	770	0	0
fp_arith_inst_retired.512b_packed_single:u	771	0	0
fp_arith_inst_retired.512b_packed_single:u	772	0	0
fp_arith_inst_retired.512b_packed_single:u	773	0	0
fp_arith_inst_retired.512b_packed_single:u	774	0	0
fp_arith_inst_retired.512b_packed_single:u	775	0	0
fp_arith_inst_retired.512b_packed_single:u	776	0	0
fp_arith_inst_retired.512b_packed_single:u	777	0	0
fp_arith_inst_retired.512b_packed_single:u	778	0	0
fp_arith_inst_retired.512b_packed_single:u	779	0	0
fp_arith_inst_retired.512b_packed_single:u	780	0	0
fp_arith_inst_retired.512b_packed_single:u	781	0	0
fp_arith_inst_retired.512b_packed_single:u	782	0	0
fp_arith_inst_retired.512b_packed_single:u	783	0	0
fp_arith_inst_retired.512b_packed_single:u	784	0	0
fp_arith_inst_retired.512b_packed_single:u	785	0	0
fp_arith_inst_retired.512b_packed_single:u	786	0	0
fp_arith_inst_retired.512b_packed_single:u	787	0	0
fp_arith_inst_retired.512b_packed_single:u	788	0	0
fp_arith_inst_retired.512b_packed_single:u	789	0	0
fp_arith_inst_retired.512b_packed_single:u	790	0	0
fp_arith_inst_retired.512b_packed_single:u	791	0	0
fp_arith_inst_retired.512b_packed_single:u	792	0	0
fp_arith_inst_retired.512b_packed_single:u	793	0	0
fp_arith_inst_retired.512b_packed_single:u	794	0	0
fp_arith_inst_retired.512b_packed_single:u	795	0	0
fp_arith_inst_retired.512b_packed_single:u	796	0	0
fp_arith_inst_retired.512b_packed_single:u	797	0	0
fp_arith_inst_retired.512b_packed_single:u	798	0	0
fp_arith_inst_retired.512b_packed_single:u	799	0	0
fp_arith_inst_retired.512b_packed_single:u	800	0	0
fp_arith_inst_retired.512b_packed_single:u	801	0	0
fp_arith_inst_retired.512b_packed_single:u	802	0	0
fp_arith_inst_retired.512b_packed_single:u	803	0	0
fp_arith_inst_retired.512b_packed_single:u	804	0	0
fp_arith_inst_retired.512b_packed_single:u	805	0	0
fp_arith_inst_retired.512b_packed_single:u	806	0	0
fp_arith_inst_retired.512b_packed_single:u	807	0	0
fp_arith_inst_retired.512b_packed_single:u	808	0	0
fp_arith_inst_retired.512b_packed_single:u	809	0	0
fp_arith_inst_retired.512b_packed_single:u	810	0	0
fp_arith_inst_retired.512b_packed_single:u	811	0	0
fp_arith_inst_retired.512b_packed_single:u	812	0	0
fp_arith_inst_retired.512b_packed_single:u	813	0	0
fp_arith_inst_retired.512b_packed_single:u	814	0	0
fp_arith_inst_retired.512b_packed_single:u	815	0	0
fp_arith_inst_retired.512b_packed_single:u	816	0	0
fp_arith_inst_retired.512b_packed_single:u	817	0	0
fp_arith_inst_retired.512b_packed_single:u	818	0	0
fp_arith_inst_retired.512b_packed_single:u	819	0	0
fp_arith_inst_retired.512b_packed_single:u	820	0	0
fp_arith_inst_retired.512b_packed_single:u	821	0	0
fp_arith_inst_retired.512b_packed_single:u	822	0	0
fp_arith_inst_retired.512b_packed_single:u	823	0	0
fp_arith_inst_retired.512b_packed_single:u	824	0	0
fp_arith_inst_retired.512b_packed_single:u	825	0	0
fp_arith_inst_retired.512b_packed_single:u	826	0	0
fp_arith_inst_retired.512b_packed_single:u	827	0	0
fp_arith_inst_retired.512b_packed_single:u	828	0	0
fp_arith_inst_retired.512b_packed_single:u	829	0	0
fp_arith_inst_retired.512b_packed_single:u	830	0	0
fp_arith_inst_retired.512b_packed_single:u	831	0	0
fp_arith_inst_retired.512b_packed_single:u	832	0	0
fp_arith_inst_retired.512b_packed_single:u	833	0	0
fp_arith_inst_retired.512b_packed_single:u	834	0	0
fp_arith_inst_retired.512b_packed_single:u	835	0	0
fp_arith_inst_retired.512b_packed_single:u	836	0	0
fp_arith_inst_retired.512b_packed_single:u	837	0	0
fp_arith_inst_retired.512b_packed_single:u	838	0	0
fp_arith_inst_retired.512b_packed_single:u	839	0	0
fp_arith_inst_retired.512b_packed_single:u	840	0	0
fp_arith_inst_retired.512b_packed_single:u	841	0	0
fp_arith_inst_retired.512b_packed_single:u	842	0	0
fp_arith_inst_retired.512b_packed_single:u	843	0	0
fp_arith_inst_retired.512b_packed_single:u	844	0	0
fp_arith_inst_retired.512b_packed_single:u	845	0	0
fp_arith_inst_retired.512b_packed_single:u	846	0	0
fp_arith_inst_retired.512b_packed_single:u	847	0	0
fp_arith_inst_retired.512b_packed_single:u	848	0	0
fp_arith_inst_retired.512b_packed_single:u	849	0	0
fp_arith_inst_retired.512b_packed_single:u	850	0	0
fp_arith_inst_retired.512b_packed_single:u	851	0	0
fp_arith_inst_retired.512b_packed_single:u	852	0	0
fp_arith_inst_retired.512b_packed_single:u	853	0	0
fp_arith_inst_retired.512b_packed_single:u	854	0	0
fp_arith_inst_retired.512b_packed_single:u	855	0	0
fp_arith_inst_retired.512b_packed_single:u	856	0	0
fp_arith_inst_retired.512b_packed_single:u	857	0	0
fp_arith_inst_retired.512b_packed_single:u	858	0	0
fp_arith_inst_retired.512b_packed_single:u	859	0	0
fp_arith_inst_retired.512b_packed_single:u	860	0	0
fp_arith_inst_retired.512b_packed_single:u	861	0	0
fp_arith_inst_retired.512b_packed_single:u	862	0	0
fp_arith_inst_retired.512b_packed_single:u	863	0	0
fp_arith_inst_retired.512b_packed_single:u	864	0	0
fp_arith_inst_retired.512b_packed_single:u	865	0	0
fp_arith_inst_retired.512b_packed_single:u	866	0	0
fp_arith_inst_retired.512b_packed_single:u	867	0	0
fp_arith_inst_retired.512b_packed_single:u	868	0	0
fp_arith_inst_retired.512b_packed_single:u	869	0	0
fp_arith_inst_retired.512b_packed_single:u	870	0	0
fp_arith_inst_retired.512b_packed_single:u	871	0	0
fp_arith_inst_retired.512b_packed_single:u	872	0	0
fp_arith_inst_retired.512b_packed_single:u	873	0	0
fp_arith_inst_retired.512b_packed_single:u	874	0	0
fp_arith_inst_retired.512b_packed_single:u	875	0	0
fp_arith_inst_retired.512b_packed_single:u	876	0	0
fp_arith_inst_retired.512b_packed_single:u	877	0	0
fp_arith_inst_retired.512b_packed_single:u	878	0	0
fp_arith_inst_retired.512b_packed_single:u	879	0	0
fp_arith_inst_retired.512b_packed_single:u	880	0	0
fp_arith_inst_retired.512b_packed_single:u	881	0	0
fp_arith_inst_retired.512b_packed_single:u	882	0	0
fp_arith_inst_retired.512b_packed_single:u	883	0	0
fp_arith_inst_retired.512b_packed_single:u	884	0	0
fp_arith_inst_retired.512b_packed_single:u	885	0	0
fp_arith_inst_retired.512b_packed_single:u	886	0	0
fp_arith_inst_retired.512b_packed_single:u	887	0	0
fp_arith_inst_retired.512b_packed_single:u	888	0	0
fp_arith_inst_retired.512b_packed_single:u	889	0	0
fp_arith_inst_retired.512b_packed_single:u	890	0	0
fp_arith_inst_retired.512b_packed_single:u	891	0	0
fp_arith_inst_retired.512b_packed_single:u	892	0	0
fp_arith_inst_retired.512b_packed_single:u	893	0	0
fp_arith_inst_retired.512b_packed_single:u	894	0	0
fp_arith_inst_retired.512b_packed_single:u	895	0	0
fp_arith_inst_retired.512b_packed_single:u	896	0	0
fp_arith_inst_retired.512b_packed_single:u	897	0	0
fp_arith_inst_retired.512b_packed_single:u	898	0	0
fp_arith_inst_retired.512b_packed_single:u	899	0	0
fp_arith_inst_retired.512b_packed_single:u	900	0	0
fp_arith_inst_retired.512b_packed_single:u	901	0	0
fp_arith_inst_retired.512b_packed_single:u	902	0	0
fp_arith_inst_retired.512b_packed_single:u	903	0	0
fp_arith_inst_retired.512b_packed_single:u	904	0	0
fp_arith_inst_retired.512b_packed_single:u	905	0	0
fp_arith_inst_retired.512b_packed_single:u	906	0	0
fp_arith_inst_retired.512b_packed_single:u	907	0	0
fp_arith_inst_retired.512b_packed_single:u	908	0	0
fp_arith_inst_retired.512b_packed_single:u	909	0	0
fp_arith_inst_retired.512b_packed_single:u	910	0	0
fp_arith_inst_retired.512b_packed_single:u	911	0	0
fp_arith_inst_retired.512b_packed_single:u	912	0	0
fp_arith_inst_retired.512b_packed_single:u	913	0	0
fp_arith_inst_retired.512b_packed_single:u	914	0	0
fp_arith_inst_retired.512b_packed_single:u	915	0	0
fp_arith_inst_retired.512b_packed_single:u	916	0	0
fp_arith_inst_retired.512b_packed_single:u	917	0	0
fp_arith_inst_retired.512b_packed_single:u	918	0	0
fp_arith_inst_retired.512b_packed_single:u	919	0	0
fp_arith_inst_retired.512b_packed_single:u	920	0	0
fp_arith_inst_retired.512b_packed_single:u	921	0	0
fp_arith_inst_retired.512b_packed_single:u	922	0	0
fp_arith_inst_retired.512b_packed_single:u	923	0	0
fp_arith_inst_retired.512b_packed_single:u	924	0	0
fp_arith_inst_retired.512b_packed_single:u	925	0	0
fp_arith_inst_retired.512b_packed_single:u	926	0	0
fp_arith_inst_retired.512b_packed_single:u	927	0	0
fp_arith_inst_retired.512b_packed_single:u	928	0	0
fp_arith_inst_retired.512b_packed_single:u	929	0	0
fp_arith_inst_retired.512b_packed_single:u	930	0	0
fp_arith_inst_retired.512b_packed_single:u	931	0	0
fp_arith_inst_retired.512b_packed_single:u	932	0	0
fp_arith_inst_retired.512b_packed_single:u	933	0	0
fp_arith_inst_retired.512b_packed_single:u	934	0	0
fp_arith_inst_retired.512b_packed_single:u	935	0	0
fp_arith_inst_retired.512b_packed_single:u	936	0	0
fp_arith_inst_retired.512b_packed_single:u	937	0	0
fp_arith_inst_retired.512b_packed_single:u	938	0	0
fp_arith_inst_retired.512b_packed_single:u	939	0	0
fp_arith_inst_retired.512b_packed_single:u	940	0	0
fp_arith_inst_retired.512b_packed_single:u	941	0	0
fp_arith_inst_retired.512b_packed_single:u	942	0	0
fp_arith_inst_retired.512b_packed_single:u	943	0	0
fp_arith_inst_retired.512b_packed_single:u	944	0	0
fp_arith_inst_retired.512b_packed_single:u	945	0	0
fp_arith_inst_retired.512b_packed_single:u	946	0	0
fp_arith_inst_retired.512b_packed_single:u	947	0	0
fp_arith_inst_retired.512b_packed_single:u	948	0	0
fp_arith_inst_retired.512b_packed_single:u	949	0	0
fp_arith_inst_retired.512b_packed_single:u	950	0	0
fp_arith_inst_retired.512b_packed_single:u	951	0	0
fp_arith_inst_retired.512b_packed_single:u	952	0	0
fp_arith_inst_retired.512b_packed_single:u	953	0	0
fp_arith_inst_retired.512b_packed_single:u	954	0	0
fp_arith_inst_retired.512b_packed_single:u	955	0	0
fp_arith_inst_retired.512b_packed_single:u	956	0	0
fp_arith_inst_retired.512b_packed_single:u	957	0	0
fp_arith_inst_retired.512b_packed_single:u	958	0	0
fp_arith_inst_retired.512b_packed_single:u	959	0	0
fp_arith_inst_retired.512b_packed_single:u	960	0	0
fp_arith_inst_retired.512b_packed_single:u	961	0	0
fp_arith_inst_retired.512b_packed_single:u	962	0	0
fp_arith_inst_retired.512b_packed_single:u	963	0	0
fp_arith_inst_retired.512b_packed_single:u	964	0	0
fp_arith_inst_retired.512b_packed_single:u	965	0	0
fp_arith_inst_retired.512b_packed_single:u	966	0	0
fp_arith_inst_retired.512b_packed_single:u	967	0	0
fp_arith_inst_retired.512b_packed_single:u	968	0	0
fp_arith_inst_retired.512b_packed_single:u	969	0	0
fp_arith_inst_retired.512b_packed_single:u	970	0	0
fp_arith_inst_retired.512b_packed_single:u	971	0	0
fp_arith_inst_retired.512b_packed_single:u	972	0	0
fp_arith_inst_retired.512b_packed_single:u	973	0	0
fp_arith_inst_retired.512b_packed_single:u	974	0	0
fp_arith_inst_retired.512b_packed_single:u	975	0	0
fp_arith_inst_retired.512b_packed_single:u	976	0	0
fp_arith_inst_retired.512b_packed_single:u	977	0	0
fp_arith_inst_retired.512b_packed_single:u	978	0	0
fp_arith_inst_retired.512b_packed_single:u	979	0	0
fp_arith_inst_retired.512b_packed_single:u	980	0	0
fp_arith_inst_retired.512b_packed_single:u	981	0	0
fp_arith_inst_retired.512b_packed_single:u	982	0	0
fp_arith_inst_retired.512b_packed_single:u	983	0	0
fp_arith_inst_retired.512b_packed_single:u	984	0	0
fp_arith_inst_retired.512b_packed_single:u	985	0	0
fp_arith_inst_retired.512b_packed_single:u	986	0	0
fp_arith_inst_retired.512b_packed_single:u	987	0	0
fp_arith_inst_retired.512b_packed_single:u	988	0	0
fp_arith_inst_retired.512b_packed_single:u	989	0	0
fp_arith_inst_retired.512b_packed_single:u	990	0	0
fp_arith_inst_retired.512b_packed_single:u	991	0	0
fp_arith_inst_retired.512b_packed_single:u	992	0	0
fp_arith_inst_retired.512b_packed_single:u	993	0	0
fp_arith_inst_retired.512b_packed_single:u	994	0	0
fp_arith_inst_retired.512b_packed_single:u	995	0	0
fp_arith_inst_retired.512b_packed_single:u	996	0	0
fp_arith_inst_retired.512b_packed_single:u	997	0	0
fp_arith_inst_retired.512b_packed_single:u	998	0	0
fp_arith_inst_retired.512b_packed_single:u	999	0	0
fp_arith_inst_retired.512b_packed_single:u	1000	0	0
idq.all_mite_cycles_any_uops:u	1	5558900429	0
idq.all_mite_cycles_any_uops:u	2	5558578739	0
cycle_activity.stalls_l3_miss:u	1	70318199	0
cycle_activity.stalls_l3_miss:u	2	66588177	0
tx_exec.misc2:u	1	0	0
tx_exec.misc2:u	2	0	0
tx_exec.misc2:u	3	0	0
tx_exec.misc2:u	4	0	0
tx_exec.misc2:u	5	0	0
tx_exec.misc2:u	6	0	0
tx_exec.misc2:u	7	0	0
tx_exec.misc2:u	8	0	0
tx_exec.misc2:u	9	0	0
tx_exec.misc2:u	10	0	0
tx_exec.misc2:u	11	0	0
tx_exec.misc2:u	12	0	0
tx_exec.misc2:u	13	0	0
tx_exec.misc2:u	14	0	0
tx_exec.misc2:u	15	0	0
tx_exec.misc2:u	16	0	0
tx_exec.misc2:u	17	0	0
tx_exec.misc2:u	18	0	0
tx_exec.misc2:u	19	0	0
tx_exec.misc2:u	20	0	0
tx_exec.misc2:u	21	0	0
tx_exec.misc2:u	22	0	0
tx_exec.misc2:u	23	0	0
tx_exec.misc2:u	24	0	0
tx_exec.misc2:u	25	0	0
tx_exec.misc2:u	26	0	0
tx_exec.misc2:u	27	0	0
tx_exec.misc2:u	28	0	0
tx_exec.misc2:u	29	0	0
tx_exec.misc2:u	30	0	0
tx_exec.misc2:u	31	0	0
tx_exec.misc2:u	32	0	0
tx_exec.misc2:u	33	0	0
tx_exec.misc2:u	34	0	0
tx_exec.misc2:u	35	0	0
tx_exec.misc2:u	36	0	0
tx_exec.misc2:u	37	0	0
tx_exec.misc2:u	38	0	0
tx_exec.misc2:u	39	0	0
tx_exec.misc2:u	40	0	0
tx_exec.misc2:u	41	0	0
tx_exec.misc2:u	42	0	0
tx_exec.misc2:u	43	0	0
tx_exec.misc2:u	44	0	0
tx_exec.misc2:u	45	0	0
tx_exec.misc2:u	46	0	0
tx_exec.misc2:u	47	0	0
tx_exec.misc2:u	48	0	0
tx_exec.misc2:u	49	0	0
tx_exec.misc2:u	50	0	0
tx_exec.misc2:u	51	0	0
tx_exec.misc2:u	52	0	0
tx_exec.misc2:u	53	0	0
tx_exec.misc2:u	54	0	0
tx_exec.misc2:u	55	0	0
tx_exec.misc2:u	56	0	0
tx_exec.misc2:u	57	0	0
tx_exec.misc2:u	58	0	0
tx_exec.misc2:u	59	0	0
tx_exec.misc2:u	60	0	0
tx_exec.misc2:u	61	0	0
tx_exec.misc2:u	62	0	0
tx_exec.misc2:u	63	0	0
tx_exec.misc2:u	64	0	0
tx_exec.misc2:u	65	0	0
tx_exec.misc2:u	66	0	0
tx_exec.misc2:u	67	0	0
tx_exec.misc2:u	68	0	0
tx_exec.misc2:u	69	0	0
tx_exec.misc2:u	70	0	0
tx_exec.misc2:u	71	0	0
tx_exec.misc2:u	72	0	0
tx_exec.misc2:u	73	0	0
tx_exec.misc2:u	74	0	0
tx_exec.misc2:u	75	0	0
tx_exec.misc2:u	76	0	0
tx_exec.misc2:u	77	0	0
tx_exec.misc2:u	78	0	0
tx_exec.misc2:u	79	0	0
tx_exec.misc2:u	80	0	0
tx_exec.misc2:u	81	0	0
tx_exec.misc2:u	82	0	0
tx_exec.misc2:u	83	0	0
tx_exec.misc2:u	84	0	0
tx_exec.misc2:u	85	0	0
tx_exec.misc2:u	86	0	0
tx_exec.misc2:u	87	0	0
tx_exec.misc2:u	88	0	0
tx_exec.misc2:u	89	0	0
tx_exec.misc2:u	90	0	0
tx_exec.misc2:u	91	0	0
tx_exec.misc2:u	92	0	0
tx_exec.misc2:u	93	0	0
tx_exec.misc2:u	94	0	0
tx_exec.misc2:u	95	0	0
tx_exec.misc2:u	96	0	0
tx_exec.misc2:u	97	0	0
tx_exec.misc2:u	98	0	0
tx_exec.misc2:u	99	0	0
tx_exec.misc2:u	100	0	0
tx_exec.misc2:u	101	0	0
tx_exec.misc2:u	102	0	0
tx_exec.misc2:u	103	0	0
tx_exec.misc2:u	104	0	0
tx_exec.misc2:u	105	0	0
tx_exec.misc2:u	106	0	0
tx_exec.misc2:u	107	0	0
tx_exec.misc2:u	108	0	0
tx_exec.misc2:u	109	0	0
tx_exec.misc2:u	110	0	0
tx_exec.misc2:u	111	0	0
tx_exec.misc2:u	112	0	0
tx_exec.misc2:u	113	0	0
tx_exec.misc2:u	114	0	0
tx_exec.misc2:u	115	0	0
tx_exec.misc2:u	116	0	0
tx_exec.misc2:u	117	0	0
tx_exec.misc2:u	118	0	0
tx_exec.misc2:u	119	0	0
tx_exec.misc2:u	120	0	0
tx_exec.misc2:u	121	0	0
tx_exec.misc2:u	122	0	0
tx_exec.misc2:u	123	0	0
tx_exec.misc2:u	124	0	0
tx_exec.misc2:u	125	0	0
tx_exec.misc2:u	126	0	0
tx_exec.misc2:u	127	0	0
tx_exec.misc2:u	128	0	0
tx_exec.misc2:u	129	0	0
tx_exec.misc2:u	130	0	0
tx_exec.misc2:u	131	0	0
tx_exec.misc2:u	132	0	0
tx_exec.misc2:u	133	0	0
tx_exec.misc2:u	134	0	0
tx_exec.misc2:u	135	0	0
tx_exec.misc2:u	136	0	0
tx_exec.misc2:u	137	0	0
tx_exec.misc2:u	138	0	0
tx_exec.misc2:u	139	0	0
tx_exec.misc2:u	140	0	0
tx_exec.misc2:u	141	0	0
tx_exec.misc2:u	142	0	0
tx_exec.misc2:u	143	0	0
tx_exec.misc2:u	144	0	0
tx_exec.misc2:u	145	0	0
tx_exec.misc2:u	146	0	0
tx_exec.misc2:u	147	0	0
tx_exec.misc2:u	148	0	0
tx_exec.misc2:u	149	0	0
tx_exec.misc2:u	150	0	0
tx_exec.misc2:u	151	0	0
tx_exec.misc2:u	152	0	0
tx_exec.misc2:u	153	0	0
tx_exec.misc2:u	154	0	0
tx_exec.misc2:u	155	0	0
tx_exec.misc2:u	156	0	0
tx_exec.misc2:u	157	0	0
tx_exec.misc2:u	158	0	0
tx_exec.misc2:u	159	0	0
tx_exec.misc2:u	160	0	0
tx_exec.misc2:u	161	0	0
tx_exec.misc2:u	162	0	0
tx_exec.misc2:u	163	0	0
tx_exec.misc2:u	164	0	0
tx_exec.misc2:u	165	0	0
tx_exec.misc2:u	166	0	0
tx_exec.misc2:u	167	0	0
tx_exec.misc2:u	168	0	0
tx_exec.misc2:u	169	0	0
tx_exec.misc2:u	170	0	0
tx_exec.misc2:u	171	0	0
tx_exec.misc2:u	172	0	0
tx_exec.misc2:u	173	0	0
tx_exec.misc2:u	174	0	0
tx_exec.misc2:u	175	0	0
tx_exec.misc2:u	176	0	0
tx_exec.misc2:u	177	0	0
tx_exec.misc2:u	178	0	0
tx_exec.misc2:u	179	0	0
tx_exec.misc2:u	180	0	0
tx_exec.misc2:u	181	0	0
tx_exec.misc2:u	182	0	0
tx_exec.misc2:u	183	0	0
tx_exec.misc2:u	184	0	0
tx_exec.misc2:u	185	0	0
tx_exec.misc2:u	186	0	0
tx_exec.misc2:u	187	0	0
tx_exec.misc2:u	188	0	0
tx_exec.misc2:u	189	0	0
tx_exec.misc2:u	190	0	0
tx_exec.misc2:u	191	0	0
tx_exec.misc2:u	192	0	0
tx_exec.misc2:u	193	0	0
tx_exec.misc2:u	194	0	0
tx_exec.misc2:u	195	0	0
tx_exec.misc2:u	196	0	0
tx_exec.misc2:u	197	0	0
tx_exec.misc2:u	198	0	0
tx_exec.misc2:u	199	0	0
tx_exec.misc2:u	200	0	0
tx_exec.misc2:u	201	0	0
tx_exec.misc2:u	202	0	0
tx_exec.misc2:u	203	0	0
tx_exec.misc2:u	204	0	0
tx_exec.misc2:u	205	0	0
tx_exec.misc2:u	206	0	0
tx_exec.misc2:u	207	0	0
tx_exec.misc2:u	208	0	0
tx_exec.misc2:u	209	0	0
tx_exec.misc2:u	210	0	0
tx_exec.misc2:u	211	0	0
tx_exec.misc2:u	212	0	0
tx_exec.misc2:u	213	0	0
tx_exec.misc2:u	214	0	0
tx_exec.misc2:u	215	0	0
tx_exec.misc2:u	216	0	0
tx_exec.misc2:u	217	0	0
tx_exec.misc2:u	218	0	0
tx_exec.misc2:u	219	0	0
tx_exec.misc2:u	220	0	0
tx_exec.misc2:u	221	0	0
tx_exec.misc2:u	222	0	0
tx_exec.misc2:u	223	0	0
tx_exec.misc2:u	224	0	0
tx_exec.misc2:u	225	0	0
tx_exec.misc2:u	226	0	0
tx_exec.misc2:u	227	0	0
tx_exec.misc2:u	228	0	0
tx_exec.misc2:u	229	0	0
tx_exec.misc2:u	230	0	0
tx_exec.misc2:u	231	0	0
tx_exec.misc2:u	232	0	0
tx_exec.misc2:u	233	0	0
tx_exec.misc2:u	234	0	0
tx_exec.misc2:u	235	0	0
tx_exec.misc2:u	236	0	0
tx_exec.misc2:u	237	0	0
tx_exec.misc2:u	238	0	0
tx_exec.misc2:u	239	0	0
tx_exec.misc2:u	240	0	0
tx_exec.misc2:u	241	0	0
tx_exec.misc2:u	242	0	0
tx_exec.misc2:u	243	0	0
tx_exec.misc2:u	244	0	0
tx_exec.misc2:u	245	0	0
tx_exec.misc2:u	246	0	0
tx_exec.misc2:u	247	0	0
tx_exec.misc2:u	248	0	0
tx_exec.misc2:u	249	0	0
tx_exec.misc2:u	250	0	0
tx_exec.misc2:u	251	0	0
tx_exec.misc2:u	252	0	0
tx_exec.misc2:u	253	0	0
tx_exec.misc2:u	254	0	0
tx_exec.misc2:u	255	0	0
tx_exec.misc2:u	256	0	0
tx_exec.misc2:u	257	0	0
tx_exec.misc2:u	258	0	0
tx_exec.misc2:u	259	0	0
tx_exec.misc2:u	260	0	0
tx_exec.misc2:u	261	0	0
tx_exec.misc2:u	262	0	0
tx_exec.misc2:u	263	0	0
tx_exec.misc2:u	264	0	0
tx_exec.misc2:u	265	0	0
tx_exec.misc2:u	266	0	0
tx_exec.misc2:u	267	0	0
tx_exec.misc2:u	268	0	0
tx_exec.misc2:u	269	0	0
tx_exec.misc2:u	270	0	0
tx_exec.misc2:u	271	0	0
tx_exec.misc2:u	272	0	0
tx_exec.misc2:u	273	0	0
tx_exec.misc2:u	274	0	0
tx_exec.misc2:u	275	0	0
tx_exec.misc2:u	276	0	0
tx_exec.misc2:u	277	0	0
tx_exec.misc2:u	278	0	0
tx_exec.misc2:u	279	0	0
tx_exec.misc2:u	280	0	0
tx_exec.misc2:u	281	0	0
tx_exec.misc2:u	282	0	0
tx_exec.misc2:u	283	0	0
tx_exec.misc2:u	284	0	0
tx_exec.misc2:u	285	0	0
tx_exec.misc2:u	286	0	0
tx_exec.misc2:u	287	0	0
tx_exec.misc2:u	288	0	0
tx_exec.misc2:u	289	0	0
tx_exec.misc2:u	290	0	0
tx_exec.misc2:u	291	0	0
tx_exec.misc2:u	292	0	0
tx_exec.misc2:u	293	0	0
tx_exec.misc2:u	294	0	0
tx_exec.misc2:u	295	0	0
tx_exec.misc2:u	296	0	0
tx_exec.misc2:u	297	0	0
tx_exec.misc2:u	298	0	0
tx_exec.misc2:u	299	0	0
tx_exec.misc2:u	300	0	0
tx_exec.misc2:u	301	0	0
tx_exec.misc2:u	302	0	0
tx_exec.misc2:u	303	0	0
tx_exec.misc2:u	304	0	0
tx_exec.misc2:u	305	0	0
tx_exec.misc2:u	306	0	0
tx_exec.misc2:u	307	0	0
tx_exec.misc2:u	308	0	0
tx_exec.misc2:u	309	0	0
tx_exec.misc2:u	310	0	0
tx_exec.misc2:u	311	0	0
tx_exec.misc2:u	312	0	0
tx_exec.misc2:u	313	0	0
tx_exec.misc2:u	314	0	0
tx_exec.misc2:u	315	0	0
tx_exec.misc2:u	316	0	0
tx_exec.misc2:u	317	0	0
tx_exec.misc2:u	318	0	0
tx_exec.misc2:u	319	0	0
tx_exec.misc2:u	320	0	0
tx_exec.misc2:u	321	0	0
tx_exec.misc2:u	322	0	0
tx_exec.misc2:u	323	0	0
tx_exec.misc2:u	324	0	0
tx_exec.misc2:u	325	0	0
tx_exec.misc2:u	326	0	0
tx_exec.misc2:u	327	0	0
tx_exec.misc2:u	328	0	0
tx_exec.misc2:u	329	0	0
tx_exec.misc2:u	330	0	0
tx_exec.misc2:u	331	0	0
tx_exec.misc2:u	332	0	0
tx_exec.misc2:u	333	0	0
tx_exec.misc2:u	334	0	0
tx_exec.misc2:u	335	0	0
tx_exec.misc2:u	336	0	0
tx_exec.misc2:u	337	0	0
tx_exec.misc2:u	338	0	0
tx_exec.misc2:u	339	0	0
tx_exec.misc2:u	340	0	0
tx_exec.misc2:u	341	0	0
tx_exec.misc2:u	342	0	0
tx_exec.misc2:u	343	0	0
tx_exec.misc2:u	344	0	0
tx_exec.misc2:u	345	0	0
tx_exec.misc2:u	346	0	0
tx_exec.misc2:u	347	0	0
tx_exec.misc2:u	348	0	0
tx_exec.misc2:u	349	0	0
tx_exec.misc2:u	350	0	0
tx_exec.misc2:u	351	0	0
tx_exec.misc2:u	352	0	0
tx_exec.misc2:u	353	0	0
tx_exec.misc2:u	354	0	0
tx_exec.misc2:u	355	0	0
tx_exec.misc2:u	356	0	0
tx_exec.misc2:u	357	0	0
tx_exec.misc2:u	358	0	0
tx_exec.misc2:u	359	0	0
tx_exec.misc2:u	360	0	0
tx_exec.misc2:u	361	0	0
tx_exec.misc2:u	362	0	0
tx_exec.misc2:u	363	0	0
tx_exec.misc2:u	364	0	0
tx_exec.misc2:u	365	0	0
tx_exec.misc2:u	366	0	0
tx_exec.misc2:u	367	0	0
tx_exec.misc2:u	368	0	0
tx_exec.misc2:u	369	0	0
tx_exec.misc2:u	370	0	0
tx_exec.misc2:u	371	0	0
tx_exec.misc2:u	372	0	0
tx_exec.misc2:u	373	0	0
tx_exec.misc2:u	374	0	0
tx_exec.misc2:u	375	0	0
tx_exec.misc2:u	376	0	0
tx_exec.misc2:u	377	0	0
tx_exec.misc2:u	378	0	0
tx_exec.misc2:u	379	0	0
tx_exec.misc2:u	380	0	0
tx_exec.misc2:u	381	0	0
tx_exec.misc2:u	382	0	0
tx_exec.misc2:u	383	0	0
tx_exec.misc2:u	384	0	0
tx_exec.misc2:u	385	0	0
tx_exec.misc2:u	386	0	0
tx_exec.misc2:u	387	0	0
tx_exec.misc2:u	388	0	0
tx_exec.misc2:u	389	0	0
tx_exec.misc2:u	390	0	0
tx_exec.misc2:u	391	0	0
tx_exec.misc2:u	392	0	0
tx_exec.misc2:u	393	0	0
tx_exec.misc2:u	394	0	0
tx_exec.misc2:u	395	0	0
tx_exec.misc2:u	396	0	0
tx_exec.misc2:u	397	0	0
tx_exec.misc2:u	398	0	0
tx_exec.misc2:u	399	0	0
tx_exec.misc2:u	400	0	0
tx_exec.misc2:u	401	0	0
tx_exec.misc2:u	402	0	0
tx_exec.misc2:u	403	0	0
tx_exec.misc2:u	404	0	0
tx_exec.misc2:u	405	0	0
tx_exec.misc2:u	406	0	0
tx_exec.misc2:u	407	0	0
tx_exec.misc2:u	408	0	0
tx_exec.misc2:u	409	0	0
tx_exec.misc2:u	410	0	0
tx_exec.misc2:u	411	0	0
tx_exec.misc2:u	412	0	0
tx_exec.misc2:u	413	0	0
tx_exec.misc2:u	414	0	0
tx_exec.misc2:u	415	0	0
tx_exec.misc2:u	416	0	0
tx_exec.misc2:u	417	0	0
tx_exec.misc2:u	418	0	0
tx_exec.misc2:u	419	0	0
tx_exec.misc2:u	420	0	0
tx_exec.misc2:u	421	0	0
tx_exec.misc2:u	422	0	0
tx_exec.misc2:u	423	0	0
tx_exec.misc2:u	424	0	0
tx_exec.misc2:u	425	0	0
tx_exec.misc2:u	426	0	0
tx_exec.misc2:u	427	0	0
tx_exec.misc2:u	428	0	0
tx_exec.misc2:u	429	0	0
tx_exec.misc2:u	430	0	0
tx_exec.misc2:u	431	0	0
tx_exec.misc2:u	432	0	0
tx_exec.misc2:u	433	0	0
tx_exec.misc2:u	434	0	0
tx_exec.misc2:u	435	0	0
tx_exec.misc2:u	436	0	0
tx_exec.misc2:u	437	0	0
tx_exec.misc2:u	438	0	0
tx_exec.misc2:u	439	0	0
tx_exec.misc2:u	440	0	0
tx_exec.misc2:u	441	0	0
tx_exec.misc2:u	442	0	0
tx_exec.misc2:u	443	0	0
tx_exec.misc2:u	444	0	0
tx_exec.misc2:u	445	0	0
tx_exec.misc2:u	446	0	0
tx_exec.misc2:u	447	0	0
tx_exec.misc2:u	448	0	0
tx_exec.misc2:u	449	0	0
tx_exec.misc2:u	450	0	0
tx_exec.misc2:u	451	0	0
tx_exec.misc2:u	452	0	0
tx_exec.misc2:u	453	0	0
tx_exec.misc2:u	454	0	0
tx_exec.misc2:u	455	0	0
tx_exec.misc2:u	456	0	0
tx_exec.misc2:u	457	0	0
tx_exec.misc2:u	458	0	0
tx_exec.misc2:u	459	0	0
tx_exec.misc2:u	460	0	0
tx_exec.misc2:u	461	0	0
tx_exec.misc2:u	462	0	0
tx_exec.misc2:u	463	0	0
tx_exec.misc2:u	464	0	0
tx_exec.misc2:u	465	0	0
tx_exec.misc2:u	466	0	0
tx_exec.misc2:u	467	0	0
tx_exec.misc2:u	468	0	0
tx_exec.misc2:u	469	0	0
tx_exec.misc2:u	470	0	0
tx_exec.misc2:u	471	0	0
tx_exec.misc2:u	472	0	0
tx_exec.misc2:u	473	0	0
tx_exec.misc2:u	474	0	0
tx_exec.misc2:u	475	0	0
tx_exec.misc2:u	476	0	0
tx_exec.misc2:u	477	0	0
tx_exec.misc2:u	478	0	0
tx_exec.misc2:u	479	0	0
tx_exec.misc2:u	480	0	0
tx_exec.misc2:u	481	0	0
tx_exec.misc2:u	482	0	0
tx_exec.misc2:u	483	0	0
tx_exec.misc2:u	484	0	0
tx_exec.misc2:u	485	0	0
tx_exec.misc2:u	486	0	0
tx_exec.misc2:u	487	0	0
tx_exec.misc2:u	488	0	0
tx_exec.misc2:u	489	0	0
tx_exec.misc2:u	490	0	0
tx_exec.misc2:u	491	0	0
tx_exec.misc2:u	492	0	0
tx_exec.misc2:u	493	0	0
tx_exec.misc2:u	494	0	0
tx_exec.misc2:u	495	0	0
tx_exec.misc2:u	496	0	0
tx_exec.misc2:u	497	0	0
tx_exec.misc2:u	498	0	0
tx_exec.misc2:u	499	0	0
tx_exec.misc2:u	500	0	0
tx_exec.misc2:u	501	0	0
tx_exec.misc2:u	502	0	0
tx_exec.misc2:u	503	0	0
tx_exec.misc2:u	504	0	0
tx_exec.misc2:u	505	0	0
tx_exec.misc2:u	506	0	0
tx_exec.misc2:u	507	0	0
tx_exec.misc2:u	508	0	0
tx_exec.misc2:u	509	0	0
tx_exec.misc2:u	510	0	0
tx_exec.misc2:u	511	0	0
tx_exec.misc2:u	512	0	0
tx_exec.misc2:u	513	0	0
tx_exec.misc2:u	514	0	0
tx_exec.misc2:u	515	0	0
tx_exec.misc2:u	516	0	0
tx_exec.misc2:u	517	0	0
tx_exec.misc2:u	518	0	0
tx_exec.misc2:u	519	0	0
tx_exec.misc2:u	520	0	0
tx_exec.misc2:u	521	0	0
tx_exec.misc2:u	522	0	0
tx_exec.misc2:u	523	0	0
tx_exec.misc2:u	524	0	0
tx_exec.misc2:u	525	0	0
tx_exec.misc2:u	526	0	0
tx_exec.misc2:u	527	0	0
tx_exec.misc2:u	528	0	0
tx_exec.misc2:u	529	0	0
tx_exec.misc2:u	530	0	0
tx_exec.misc2:u	531	0	0
tx_exec.misc2:u	532	0	0
tx_exec.misc2:u	533	0	0
tx_exec.misc2:u	534	0	0
tx_exec.misc2:u	535	0	0
tx_exec.misc2:u	536	0	0
tx_exec.misc2:u	537	0	0
tx_exec.misc2:u	538	0	0
tx_exec.misc2:u	539	0	0
tx_exec.misc2:u	540	0	0
tx_exec.misc2:u	541	0	0
tx_exec.misc2:u	542	0	0
tx_exec.misc2:u	543	0	0
tx_exec.misc2:u	544	0	0
tx_exec.misc2:u	545	0	0
tx_exec.misc2:u	546	0	0
tx_exec.misc2:u	547	0	0
tx_exec.misc2:u	548	0	0
tx_exec.misc2:u	549	0	0
tx_exec.misc2:u	550	0	0
tx_exec.misc2:u	551	0	0
tx_exec.misc2:u	552	0	0
tx_exec.misc2:u	553	0	0
tx_exec.misc2:u	554	0	0
tx_exec.misc2:u	555	0	0
tx_exec.misc2:u	556	0	0
tx_exec.misc2:u	557	0	0
tx_exec.misc2:u	558	0	0
tx_exec.misc2:u	559	0	0
tx_exec.misc2:u	560	0	0
tx_exec.misc2:u	561	0	0
tx_exec.misc2:u	562	0	0
tx_exec.misc2:u	563	0	0
tx_exec.misc2:u	564	0	0
tx_exec.misc2:u	565	0	0
tx_exec.misc2:u	566	0	0
tx_exec.misc2:u	567	0	0
tx_exec.misc2:u	568	0	0
tx_exec.misc2:u	569	0	0
tx_exec.misc2:u	570	0	0
tx_exec.misc2:u	571	0	0
tx_exec.misc2:u	572	0	0
tx_exec.misc2:u	573	0	0
tx_exec.misc2:u	574	0	0
tx_exec.misc2:u	575	0	0
tx_exec.misc2:u	576	0	0
tx_exec.misc2:u	577	0	0
tx_exec.misc2:u	578	0	0
tx_exec.misc2:u	579	0	0
tx_exec.misc2:u	580	0	0
tx_exec.misc2:u	581	0	0
tx_exec.misc2:u	582	0	0
tx_exec.misc2:u	583	0	0
tx_exec.misc2:u	584	0	0
tx_exec.misc2:u	585	0	0
tx_exec.misc2:u	586	0	0
tx_exec.misc2:u	587	0	0
tx_exec.misc2:u	588	0	0
tx_exec.misc2:u	589	0	0
tx_exec.misc2:u	590	0	0
tx_exec.misc2:u	591	0	0
tx_exec.misc2:u	592	0	0
tx_exec.misc2:u	593	0	0
tx_exec.misc2:u	594	0	0
tx_exec.misc2:u	595	0	0
tx_exec.misc2:u	596	0	0
tx_exec.misc2:u	597	0	0
tx_exec.misc2:u	598	0	0
tx_exec.misc2:u	599	0	0
tx_exec.misc2:u	600	0	0
tx_exec.misc2:u	601	0	0
tx_exec.misc2:u	602	0	0
tx_exec.misc2:u	603	0	0
tx_exec.misc2:u	604	0	0
tx_exec.misc2:u	605	0	0
tx_exec.misc2:u	606	0	0
tx_exec.misc2:u	607	0	0
tx_exec.misc2:u	608	0	0
tx_exec.misc2:u	609	0	0
tx_exec.misc2:u	610	0	0
tx_exec.misc2:u	611	0	0
tx_exec.misc2:u	612	0	0
tx_exec.misc2:u	613	0	0
tx_exec.misc2:u	614	0	0
tx_exec.misc2:u	615	0	0
tx_exec.misc2:u	616	0	0
tx_exec.misc2:u	617	0	0
tx_exec.misc2:u	618	0	0
tx_exec.misc2:u	619	0	0
tx_exec.misc2:u	620	0	0
tx_exec.misc2:u	621	0	0
tx_exec.misc2:u	622	0	0
tx_exec.misc2:u	623	0	0
tx_exec.misc2:u	624	0	0
tx_exec.misc2:u	625	0	0
tx_exec.misc2:u	626	0	0
tx_exec.misc2:u	627	0	0
tx_exec.misc2:u	628	0	0
tx_exec.misc2:u	629	0	0
tx_exec.misc2:u	630	0	0
tx_exec.misc2:u	631	0	0
tx_exec.misc2:u	632	0	0
tx_exec.misc2:u	633	0	0
tx_exec.misc2:u	634	0	0
tx_exec.misc2:u	635	0	0
tx_exec.misc2:u	636	0	0
tx_exec.misc2:u	637	0	0
tx_exec.misc2:u	638	0	0
tx_exec.misc2:u	639	0	0
tx_exec.misc2:u	640	0	0
tx_exec.misc2:u	641	0	0
tx_exec.misc2:u	642	0	0
tx_exec.misc2:u	643	0	0
tx_exec.misc2:u	644	0	0
tx_exec.misc2:u	645	0	0
tx_exec.misc2:u	646	0	0
tx_exec.misc2:u	647	0	0
tx_exec.misc2:u	648	0	0
tx_exec.misc2:u	649	0	0
tx_exec.misc2:u	650	0	0
tx_exec.misc2:u	651	0	0
tx_exec.misc2:u	652	0	0
tx_exec.misc2:u	653	0	0
tx_exec.misc2:u	654	0	0
tx_exec.misc2:u	655	0	0
tx_exec.misc2:u	656	0	0
tx_exec.misc2:u	657	0	0
tx_exec.misc2:u	658	0	0
tx_exec.misc2:u	659	0	0
tx_exec.misc2:u	660	0	0
tx_exec.misc2:u	661	0	0
tx_exec.misc2:u	662	0	0
tx_exec.misc2:u	663	0	0
tx_exec.misc2:u	664	0	0
tx_exec.misc2:u	665	0	0
tx_exec.misc2:u	666	0	0
tx_exec.misc2:u	667	0	0
tx_exec.misc2:u	668	0	0
tx_exec.misc2:u	669	0	0
tx_exec.misc2:u	670	0	0
tx_exec.misc2:u	671	0	0
tx_exec.misc2:u	672	0	0
tx_exec.misc2:u	673	0	0
tx_exec.misc2:u	674	0	0
tx_exec.misc2:u	675	0	0
tx_exec.misc2:u	676	0	0
tx_exec.misc2:u	677	0	0
tx_exec.misc2:u	678	0	0
tx_exec.misc2:u	679	0	0
tx_exec.misc2:u	680	0	0
tx_exec.misc2:u	681	0	0
tx_exec.misc2:u	682	0	0
tx_exec.misc2:u	683	0	0
tx_exec.misc2:u	684	0	0
tx_exec.misc2:u	685	0	0
tx_exec.misc2:u	686	0	0
tx_exec.misc2:u	687	0	0
tx_exec.misc2:u	688	0	0
tx_exec.misc2:u	689	0	0
tx_exec.misc2:u	690	0	0
tx_exec.misc2:u	691	0	0
tx_exec.misc2:u	692	0	0
tx_exec.misc2:u	693	0	0
tx_exec.misc2:u	694	0	0
tx_exec.misc2:u	695	0	0
tx_exec.misc2:u	696	0	0
tx_exec.misc2:u	697	0	0
tx_exec.misc2:u	698	0	0
tx_exec.misc2:u	699	0	0
tx_exec.misc2:u	700	0	0
tx_exec.misc2:u	701	0	0
tx_exec.misc2:u	702	0	0
tx_exec.misc2:u	703	0	0
tx_exec.misc2:u	704	0	0
tx_exec.misc2:u	705	0	0
tx_exec.misc2:u	706	0	0
tx_exec.misc2:u	707	0	0
tx_exec.misc2:u	708	0	0
tx_exec.misc2:u	709	0	0
tx_exec.misc2:u	710	0	0
tx_exec.misc2:u	711	0	0
tx_exec.misc2:u	712	0	0
tx_exec.misc2:u	713	0	0
tx_exec.misc2:u	714	0	0
tx_exec.misc2:u	715	0	0
tx_exec.misc2:u	716	0	0
tx_exec.misc2:u	717	0	0
tx_exec.misc2:u	718	0	0
tx_exec.misc2:u	719	0	0
tx_exec.misc2:u	720	0	0
tx_exec.misc2:u	721	0	0
tx_exec.misc2:u	722	0	0
tx_exec.misc2:u	723	0	0
tx_exec.misc2:u	724	0	0
tx_exec.misc2:u	725	0	0
tx_exec.misc2:u	726	0	0
tx_exec.misc2:u	727	0	0
tx_exec.misc2:u	728	0	0
tx_exec.misc2:u	729	0	0
tx_exec.misc2:u	730	0	0
tx_exec.misc2:u	731	0	0
tx_exec.misc2:u	732	0	0
tx_exec.misc2:u	733	0	0
tx_exec.misc2:u	734	0	0
tx_exec.misc2:u	735	0	0
tx_exec.misc2:u	736	0	0
tx_exec.misc2:u	737	0	0
tx_exec.misc2:u	738	0	0
tx_exec.misc2:u	739	0	0
tx_exec.misc2:u	740	0	0
tx_exec.misc2:u	741	0	0
tx_exec.misc2:u	742	0	0
tx_exec.misc2:u	743	0	0
tx_exec.misc2:u	744	0	0
tx_exec.misc2:u	745	0	0
tx_exec.misc2:u	746	0	0
tx_exec.misc2:u	747	0	0
tx_exec.misc2:u	748	0	0
tx_exec.misc2:u	749	0	0
tx_exec.misc2:u	750	0	0
tx_exec.misc2:u	751	0	0
tx_exec.misc2:u	752	0	0
tx_exec.misc2:u	753	0	0
tx_exec.misc2:u	754	0	0
tx_exec.misc2:u	755	0	0
tx_exec.misc2:u	756	0	0
tx_exec.misc2:u	757	0	0
tx_exec.misc2:u	758	0	0
tx_exec.misc2:u	759	0	0
tx_exec.misc2:u	760	0	0
tx_exec.misc2:u	761	0	0
tx_exec.misc2:u	762	0	0
tx_exec.misc2:u	763	0	0
tx_exec.misc2:u	764	0	0
tx_exec.misc2:u	765	0	0
tx_exec.misc2:u	766	0	0
tx_exec.misc2:u	767	0	0
tx_exec.misc2:u	768	0	0
tx_exec.misc2:u	769	0	0
tx_exec.misc2:u	770	0	0
tx_exec.misc2:u	771	0	0
tx_exec.misc2:u	772	0	0
tx_exec.misc2:u	773	0	0
tx_exec.misc2:u	774	0	0
tx_exec.misc2:u	775	0	0
tx_exec.misc2:u	776	0	0
tx_exec.misc2:u	777	0	0
tx_exec.misc2:u	778	0	0
tx_exec.misc2:u	779	0	0
tx_exec.misc2:u	780	0	0
tx_exec.misc2:u	781	0	0
tx_exec.misc2:u	782	0	0
