event	round	count	exit
cache-references:u	1	604026	0
cache-references:u	2	603697	0
tx-commit:u	1	0	0
tx-commit:u	2	0	0
tx-commit:u	3	0	0
tx-commit:u	4	0	0
tx-commit:u	5	0	0
tx-commit:u	6	0	0
tx-commit:u	7	0	0
tx-commit:u	8	0	0
tx-commit:u	9	0	0
tx-commit:u	10	0	0
tx-commit:u	11	0	0
tx-commit:u	12	0	0
tx-commit:u	13	0	0
tx-commit:u	14	0	0
tx-commit:u	15	0	0
tx-commit:u	16	0	0
tx-commit:u	17	0	0
tx-commit:u	18	0	0
tx-commit:u	19	0	0
tx-commit:u	20	0	0
tx-commit:u	21	0	0
tx-commit:u	22	0	0
tx-commit:u	23	0	0
tx-commit:u	24	0	0
tx-commit:u	25	0	0
tx-commit:u	26	0	0
tx-commit:u	27	0	0
tx-commit:u	28	0	0
tx-commit:u	29	0	0
tx-commit:u	30	0	0
tx-commit:u	31	0	0
tx-commit:u	32	0	0
tx-commit:u	33	0	0
tx-commit:u	34	0	0
tx-commit:u	35	0	0
tx-commit:u	36	0	0
tx-commit:u	37	0	0
tx-commit:u	38	0	0
tx-commit:u	39	0	0
tx-commit:u	40	0	0
tx-commit:u	41	0	0
tx-commit:u	42	0	0
tx-commit:u	43	0	0
tx-commit:u	44	0	0
tx-commit:u	45	0	0
tx-commit:u	46	0	0
tx-commit:u	47	0	0
tx-commit:u	48	0	0
tx-commit:u	49	0	0
tx-commit:u	50	0	0
tx-commit:u	51	0	0
tx-commit:u	52	0	0
tx-commit:u	53	0	0
tx-commit:u	54	0	0
tx-commit:u	55	0	0
tx-commit:u	56	0	0
tx-commit:u	57	0	0
tx-commit:u	58	0	0
tx-commit:u	59	0	0
tx-commit:u	60	0	0
tx-commit:u	61	0	0
tx-commit:u	62	0	0
tx-commit:u	63	0	0
tx-commit:u	64	0	0
tx-commit:u	65	0	0
tx-commit:u	66	0	0
tx-commit:u	67	0	0
tx-commit:u	68	0	0
tx-commit:u	69	0	0
tx-commit:u	70	0	0
tx-commit:u	71	0	0
tx-commit:u	72	0	0
tx-commit:u	73	0	0
tx-commit:u	74	0	0
tx-commit:u	75	0	0
tx-commit:u	76	0	0
tx-commit:u	77	0	0
tx-commit:u	78	0	0
tx-commit:u	79	0	0
tx-commit:u	80	0	0
tx-commit:u	81	0	0
tx-commit:u	82	0	0
tx-commit:u	83	0	0
tx-commit:u	84	0	0
tx-commit:u	85	0	0
tx-commit:u	86	0	0
tx-commit:u	87	0	0
tx-commit:u	88	0	0
tx-commit:u	89	0	0
tx-commit:u	90	0	0
tx-commit:u	91	0	0
tx-commit:u	92	0	0
tx-commit:u	93	0	0
tx-commit:u	94	0	0
tx-commit:u	95	0	0
tx-commit:u	96	0	0
tx-commit:u	97	0	0
tx-commit:u	98	0	0
tx-commit:u	99	0	0
tx-commit:u	100	0	0
tx-commit:u	101	0	0
tx-commit:u	102	0	0
tx-commit:u	103	0	0
tx-commit:u	104	0	0
tx-commit:u	105	0	0
tx-commit:u	106	0	0
tx-commit:u	107	0	0
tx-commit:u	108	0	0
tx-commit:u	109	0	0
tx-commit:u	110	0	0
tx-commit:u	111	0	0
tx-commit:u	112	0	0
tx-commit:u	113	0	0
tx-commit:u	114	0	0
tx-commit:u	115	0	0
tx-commit:u	116	0	0
tx-commit:u	117	0	0
tx-commit:u	118	0	0
tx-commit:u	119	0	0
tx-commit:u	120	0	0
tx-commit:u	121	0	0
tx-commit:u	122	0	0
tx-commit:u	123	0	0
tx-commit:u	124	0	0
tx-commit:u	125	0	0
tx-commit:u	126	0	0
tx-commit:u	127	0	0
tx-commit:u	128	0	0
tx-commit:u	129	0	0
tx-commit:u	130	0	0
tx-commit:u	131	0	0
tx-commit:u	132	0	0
tx-commit:u	133	0	0
tx-commit:u	134	0	0
tx-commit:u	135	0	0
tx-commit:u	136	0	0
tx-commit:u	137	0	0
tx-commit:u	138	0	0
tx-commit:u	139	0	0
tx-commit:u	140	0	0
tx-commit:u	141	0	0
tx-commit:u	142	0	0
tx-commit:u	143	0	0
tx-commit:u	144	0	0
tx-commit:u	145	0	0
tx-commit:u	146	0	0
tx-commit:u	147	0	0
tx-commit:u	148	0	0
tx-commit:u	149	0	0
tx-commit:u	150	0	0
tx-commit:u	151	0	0
tx-commit:u	152	0	0
tx-commit:u	153	0	0
tx-commit:u	154	0	0
tx-commit:u	155	0	0
tx-commit:u	156	0	0
tx-commit:u	157	0	0
tx-commit:u	158	0	0
tx-commit:u	159	0	0
tx-commit:u	160	0	0
tx-commit:u	161	0	0
tx-commit:u	162	0	0
tx-commit:u	163	0	0
tx-commit:u	164	0	0
tx-commit:u	165	0	0
tx-commit:u	166	0	0
tx-commit:u	167	0	0
tx-commit:u	168	0	0
tx-commit:u	169	0	0
tx-commit:u	170	0	0
tx-commit:u	171	0	0
tx-commit:u	172	0	0
tx-commit:u	173	0	0
tx-commit:u	174	0	0
tx-commit:u	175	0	0
tx-commit:u	176	0	0
tx-commit:u	177	0	0
tx-commit:u	178	0	0
tx-commit:u	179	0	0
tx-commit:u	180	0	0
tx-commit:u	181	0	0
tx-commit:u	182	0	0
tx-commit:u	183	0	0
tx-commit:u	184	0	0
tx-commit:u	185	0	0
tx-commit:u	186	0	0
tx-commit:u	187	0	0
tx-commit:u	188	0	0
tx-commit:u	189	0	0
tx-commit:u	190	0	0
tx-commit:u	191	0	0
tx-commit:u	192	0	0
tx-commit:u	193	0	0
tx-commit:u	194	0	0
tx-commit:u	195	0	0
tx-commit:u	196	0	0
tx-commit:u	197	0	0
tx-commit:u	198	0	0
tx-commit:u	199	0	0
tx-commit:u	200	0	0
tx-commit:u	201	0	0
tx-commit:u	202	0	0
tx-commit:u	203	0	0
tx-commit:u	204	0	0
tx-commit:u	205	0	0
tx-commit:u	206	0	0
tx-commit:u	207	0	0
tx-commit:u	208	0	0
tx-commit:u	209	0	0
tx-commit:u	210	0	0
tx-commit:u	211	0	0
tx-commit:u	212	0	0
tx-commit:u	213	0	0
tx-commit:u	214	0	0
tx-commit:u	215	0	0
tx-commit:u	216	0	0
tx-commit:u	217	0	0
tx-commit:u	218	0	0
tx-commit:u	219	0	0
tx-commit:u	220	0	0
tx-commit:u	221	0	0
tx-commit:u	222	0	0
tx-commit:u	223	0	0
tx-commit:u	224	0	0
tx-commit:u	225	0	0
tx-commit:u	226	0	0
tx-commit:u	227	0	0
tx-commit:u	228	0	0
tx-commit:u	229	0	0
tx-commit:u	230	0	0
tx-commit:u	231	0	0
tx-commit:u	232	0	0
tx-commit:u	233	0	0
tx-commit:u	234	0	0
tx-commit:u	235	0	0
tx-commit:u	236	0	0
tx-commit:u	237	0	0
tx-commit:u	238	0	0
tx-commit:u	239	0	0
tx-commit:u	240	0	0
tx-commit:u	241	0	0
tx-commit:u	242	0	0
tx-commit:u	243	0	0
tx-commit:u	244	0	0
tx-commit:u	245	0	0
tx-commit:u	246	0	0
tx-commit:u	247	0	0
tx-commit:u	248	0	0
tx-commit:u	249	0	0
tx-commit:u	250	0	0
tx-commit:u	251	0	0
tx-commit:u	252	0	0
tx-commit:u	253	0	0
tx-commit:u	254	0	0
tx-commit:u	255	0	0
tx-commit:u	256	0	0
tx-commit:u	257	0	0
tx-commit:u	258	0	0
tx-commit:u	259	0	0
tx-commit:u	260	0	0
tx-commit:u	261	0	0
tx-commit:u	262	0	0
tx-commit:u	263	0	0
tx-commit:u	264	0	0
tx-commit:u	265	0	0
tx-commit:u	266	0	0
tx-commit:u	267	0	0
tx-commit:u	268	0	0
tx-commit:u	269	0	0
tx-commit:u	270	0	0
tx-commit:u	271	0	0
tx-commit:u	272	0	0
tx-commit:u	273	0	0
tx-commit:u	274	0	0
tx-commit:u	275	0	0
tx-commit:u	276	0	0
tx-commit:u	277	0	0
tx-commit:u	278	0	0
tx-commit:u	279	0	0
tx-commit:u	280	0	0
tx-commit:u	281	0	0
tx-commit:u	282	0	0
tx-commit:u	283	0	0
tx-commit:u	284	0	0
tx-commit:u	285	0	0
tx-commit:u	286	0	0
tx-commit:u	287	0	0
tx-commit:u	288	0	0
tx-commit:u	289	0	0
tx-commit:u	290	0	0
tx-commit:u	291	0	0
tx-commit:u	292	0	0
tx-commit:u	293	0	0
tx-commit:u	294	0	0
tx-commit:u	295	0	0
tx-commit:u	296	0	0
tx-commit:u	297	0	0
tx-commit:u	298	0	0
tx-commit:u	299	0	0
tx-commit:u	300	0	0
tx-commit:u	301	0	0
tx-commit:u	302	0	0
tx-commit:u	303	0	0
tx-commit:u	304	0	0
tx-commit:u	305	0	0
tx-commit:u	306	0	0
tx-commit:u	307	0	0
tx-commit:u	308	0	0
tx-commit:u	309	0	0
tx-commit:u	310	0	0
tx-commit:u	311	0	0
tx-commit:u	312	0	0
tx-commit:u	313	0	0
tx-commit:u	314	0	0
tx-commit:u	315	0	0
tx-commit:u	316	0	0
tx-commit:u	317	0	0
tx-commit:u	318	0	0
tx-commit:u	319	0	0
tx-commit:u	320	0	0
tx-commit:u	321	0	0
tx-commit:u	322	0	0
tx-commit:u	323	0	0
tx-commit:u	324	0	0
tx-commit:u	325	0	0
tx-commit:u	326	0	0
tx-commit:u	327	0	0
tx-commit:u	328	0	0
tx-commit:u	329	0	0
tx-commit:u	330	0	0
tx-commit:u	331	0	0
tx-commit:u	332	0	0
tx-commit:u	333	0	0
tx-commit:u	334	0	0
tx-commit:u	335	0	0
tx-commit:u	336	0	0
tx-commit:u	337	0	0
tx-commit:u	338	0	0
tx-commit:u	339	0	0
tx-commit:u	340	0	0
tx-commit:u	341	0	0
tx-commit:u	342	0	0
tx-commit:u	343	0	0
tx-commit:u	344	0	0
tx-commit:u	345	0	0
tx-commit:u	346	0	0
tx-commit:u	347	0	0
tx-commit:u	348	0	0
tx-commit:u	349	0	0
tx-commit:u	350	0	0
tx-commit:u	351	0	0
tx-commit:u	352	0	0
tx-commit:u	353	0	0
tx-commit:u	354	0	0
tx-commit:u	355	0	0
tx-commit:u	356	0	0
tx-commit:u	357	0	0
tx-commit:u	358	0	0
tx-commit:u	359	0	0
tx-commit:u	360	0	0
tx-commit:u	361	0	0
tx-commit:u	362	0	0
tx-commit:u	363	0	0
tx-commit:u	364	0	0
tx-commit:u	365	0	0
tx-commit:u	366	0	0
tx-commit:u	367	0	0
tx-commit:u	368	0	0
tx-commit:u	369	0	0
tx-commit:u	370	0	0
tx-commit:u	371	0	0
tx-commit:u	372	0	0
tx-commit:u	373	0	0
tx-commit:u	374	0	0
tx-commit:u	375	0	0
tx-commit:u	376	0	0
tx-commit:u	377	0	0
tx-commit:u	378	0	0
tx-commit:u	379	0	0
tx-commit:u	380	0	0
tx-commit:u	381	0	0
tx-commit:u	382	0	0
tx-commit:u	383	0	0
tx-commit:u	384	0	0
tx-commit:u	385	0	0
tx-commit:u	386	0	0
tx-commit:u	387	0	0
tx-commit:u	388	0	0
tx-commit:u	389	0	0
tx-commit:u	390	0	0
tx-commit:u	391	0	0
tx-commit:u	392	0	0
tx-commit:u	393	0	0
tx-commit:u	394	0	0
tx-commit:u	395	0	0
tx-commit:u	396	0	0
tx-commit:u	397	0	0
tx-commit:u	398	0	0
tx-commit:u	399	0	0
tx-commit:u	400	0	0
tx-commit:u	401	0	0
tx-commit:u	402	0	0
tx-commit:u	403	0	0
tx-commit:u	404	0	0
tx-commit:u	405	0	0
tx-commit:u	406	0	0
tx-commit:u	407	0	0
tx-commit:u	408	0	0
tx-commit:u	409	0	0
tx-commit:u	410	0	0
tx-commit:u	411	0	0
tx-commit:u	412	0	0
tx-commit:u	413	0	0
tx-commit:u	414	0	0
tx-commit:u	415	0	0
tx-commit:u	416	0	0
tx-commit:u	417	0	0
tx-commit:u	418	0	0
tx-commit:u	419	0	0
tx-commit:u	420	0	0
tx-commit:u	421	0	0
tx-commit:u	422	0	0
tx-commit:u	423	0	0
tx-commit:u	424	0	0
tx-commit:u	425	0	0
tx-commit:u	426	0	0
tx-commit:u	427	0	0
tx-commit:u	428	0	0
tx-commit:u	429	0	0
tx-commit:u	430	0	0
tx-commit:u	431	0	0
tx-commit:u	432	0	0
tx-commit:u	433	0	0
tx-commit:u	434	0	0
tx-commit:u	435	0	0
tx-commit:u	436	0	0
tx-commit:u	437	0	0
tx-commit:u	438	0	0
tx-commit:u	439	0	0
tx-commit:u	440	0	0
tx-commit:u	441	0	0
tx-commit:u	442	0	0
tx-commit:u	443	0	0
tx-commit:u	444	0	0
tx-commit:u	445	0	0
tx-commit:u	446	0	0
tx-commit:u	447	0	0
tx-commit:u	448	0	0
tx-commit:u	449	0	0
tx-commit:u	450	0	0
tx-commit:u	451	0	0
tx-commit:u	452	0	0
tx-commit:u	453	0	0
tx-commit:u	454	0	0
tx-commit:u	455	0	0
tx-commit:u	456	0	0
tx-commit:u	457	0	0
tx-commit:u	458	0	0
tx-commit:u	459	0	0
tx-commit:u	460	0	0
tx-commit:u	461	0	0
tx-commit:u	462	0	0
tx-commit:u	463	0	0
tx-commit:u	464	0	0
tx-commit:u	465	0	0
tx-commit:u	466	0	0
tx-commit:u	467	0	0
tx-commit:u	468	0	0
tx-commit:u	469	0	0
tx-commit:u	470	0	0
tx-commit:u	471	0	0
tx-commit:u	472	0	0
tx-commit:u	473	0	0
tx-commit:u	474	0	0
tx-commit:u	475	0	0
tx-commit:u	476	0	0
tx-commit:u	477	0	0
tx-commit:u	478	0	0
tx-commit:u	479	0	0
tx-commit:u	480	0	0
tx-commit:u	481	0	0
tx-commit:u	482	0	0
tx-commit:u	483	0	0
tx-commit:u	484	0	0
tx-commit:u	485	0	0
tx-commit:u	486	0	0
tx-commit:u	487	0	0
tx-commit:u	488	0	0
tx-commit:u	489	0	0
tx-commit:u	490	0	0
tx-commit:u	491	0	0
tx-commit:u	492	0	0
tx-commit:u	493	0	0
tx-commit:u	494	0	0
tx-commit:u	495	0	0
tx-commit:u	496	0	0
tx-commit:u	497	0	0
tx-commit:u	498	0	0
tx-commit:u	499	0	0
tx-commit:u	500	0	0
tx-commit:u	501	0	0
tx-commit:u	502	0	0
tx-commit:u	503	0	0
tx-commit:u	504	0	0
tx-commit:u	505	0	0
tx-commit:u	506	0	0
tx-commit:u	507	0	0
tx-commit:u	508	0	0
tx-commit:u	509	0	0
tx-commit:u	510	0	0
tx-commit:u	511	0	0
tx-commit:u	512	0	0
tx-commit:u	513	0	0
tx-commit:u	514	0	0
tx-commit:u	515	0	0
tx-commit:u	516	0	0
tx-commit:u	517	0	0
tx-commit:u	518	0	0
tx-commit:u	519	0	0
tx-commit:u	520	0	0
tx-commit:u	521	0	0
tx-commit:u	522	0	0
tx-commit:u	523	0	0
tx-commit:u	524	0	0
tx-commit:u	525	0	0
tx-commit:u	526	0	0
tx-commit:u	527	0	0
tx-commit:u	528	0	0
tx-commit:u	529	0	0
tx-commit:u	530	0	0
tx-commit:u	531	0	0
tx-commit:u	532	0	0
tx-commit:u	533	0	0
tx-commit:u	534	0	0
tx-commit:u	535	0	0
tx-commit:u	536	0	0
tx-commit:u	537	0	0
tx-commit:u	538	0	0
tx-commit:u	539	0	0
tx-commit:u	540	0	0
tx-commit:u	541	0	0
tx-commit:u	542	0	0
tx-commit:u	543	0	0
tx-commit:u	544	0	0
tx-commit:u	545	0	0
tx-commit:u	546	0	0
tx-commit:u	547	0	0
tx-commit:u	548	0	0
tx-commit:u	549	0	0
tx-commit:u	550	0	0
tx-commit:u	551	0	0
tx-commit:u	552	0	0
tx-commit:u	553	0	0
tx-commit:u	554	0	0
tx-commit:u	555	0	0
tx-commit:u	556	0	0
tx-commit:u	557	0	0
tx-commit:u	558	0	0
tx-commit:u	559	0	0
tx-commit:u	560	0	0
tx-commit:u	561	0	0
tx-commit:u	562	0	0
tx-commit:u	563	0	0
tx-commit:u	564	0	0
tx-commit:u	565	0	0
tx-commit:u	566	0	0
tx-commit:u	567	0	0
tx-commit:u	568	0	0
tx-commit:u	569	0	0
tx-commit:u	570	0	0
tx-commit:u	571	0	0
tx-commit:u	572	0	0
tx-commit:u	573	0	0
tx-commit:u	574	0	0
tx-commit:u	575	0	0
tx-commit:u	576	0	0
tx-commit:u	577	0	0
tx-commit:u	578	0	0
tx-commit:u	579	0	0
tx-commit:u	580	0	0
tx-commit:u	581	0	0
tx-commit:u	582	0	0
tx-commit:u	583	0	0
tx-commit:u	584	0	0
tx-commit:u	585	0	0
tx-commit:u	586	0	0
tx-commit:u	587	0	0
tx-commit:u	588	0	0
tx-commit:u	589	0	0
tx-commit:u	590	0	0
tx-commit:u	591	0	0
tx-commit:u	592	0	0
tx-commit:u	593	0	0
tx-commit:u	594	0	0
tx-commit:u	595	0	0
tx-commit:u	596	0	0
tx-commit:u	597	0	0
tx-commit:u	598	0	0
tx-commit:u	599	0	0
tx-commit:u	600	0	0
tx-commit:u	601	0	0
tx-commit:u	602	0	0
tx-commit:u	603	0	0
tx-commit:u	604	0	0
tx-commit:u	605	0	0
tx-commit:u	606	0	0
tx-commit:u	607	0	0
tx-commit:u	608	0	0
tx-commit:u	609	0	0
tx-commit:u	610	0	0
tx-commit:u	611	0	0
tx-commit:u	612	0	0
tx-commit:u	613	0	0
tx-commit:u	614	0	0
tx-commit:u	615	0	0
tx-commit:u	616	0	0
tx-commit:u	617	0	0
tx-commit:u	618	0	0
tx-commit:u	619	0	0
tx-commit:u	620	0	0
tx-commit:u	621	0	0
tx-commit:u	622	0	0
tx-commit:u	623	0	0
tx-commit:u	624	0	0
tx-commit:u	625	0	0
tx-commit:u	626	0	0
tx-commit:u	627	0	0
tx-commit:u	628	0	0
tx-commit:u	629	0	0
tx-commit:u	630	0	0
tx-commit:u	631	0	0
tx-commit:u	632	0	0
tx-commit:u	633	0	0
tx-commit:u	634	0	0
tx-commit:u	635	0	0
tx-commit:u	636	0	0
tx-commit:u	637	0	0
tx-commit:u	638	0	0
tx-commit:u	639	0	0
tx-commit:u	640	0	0
tx-commit:u	641	0	0
tx-commit:u	642	0	0
tx-commit:u	643	0	0
tx-commit:u	644	0	0
tx-commit:u	645	0	0
tx-commit:u	646	0	0
tx-commit:u	647	0	0
tx-commit:u	648	0	0
tx-commit:u	649	0	0
tx-commit:u	650	0	0
tx-commit:u	651	0	0
tx-commit:u	652	0	0
tx-commit:u	653	0	0
tx-commit:u	654	0	0
tx-commit:u	655	0	0
tx-commit:u	656	0	0
tx-commit:u	657	0	0
tx-commit:u	658	0	0
tx-commit:u	659	0	0
tx-commit:u	660	0	0
tx-commit:u	661	0	0
tx-commit:u	662	0	0
tx-commit:u	663	0	0
tx-commit:u	664	0	0
tx-commit:u	665	0	0
tx-commit:u	666	0	0
tx-commit:u	667	0	0
tx-commit:u	668	0	0
tx-commit:u	669	0	0
tx-commit:u	670	0	0
tx-commit:u	671	0	0
tx-commit:u	672	0	0
tx-commit:u	673	0	0
tx-commit:u	674	0	0
tx-commit:u	675	0	0
tx-commit:u	676	0	0
tx-commit:u	677	0	0
tx-commit:u	678	0	0
tx-commit:u	679	0	0
tx-commit:u	680	0	0
tx-commit:u	681	0	0
tx-commit:u	682	0	0
tx-commit:u	683	0	0
tx-commit:u	684	0	0
tx-commit:u	685	0	0
tx-commit:u	686	0	0
tx-commit:u	687	0	0
tx-commit:u	688	0	0
tx-commit:u	689	0	0
tx-commit:u	690	0	0
tx-commit:u	691	0	0
tx-commit:u	692	0	0
tx-commit:u	693	0	0
tx-commit:u	694	0	0
tx-commit:u	695	0	0
tx-commit:u	696	0	0
tx-commit:u	697	0	0
tx-commit:u	698	0	0
tx-commit:u	699	0	0
tx-commit:u	700	0	0
tx-commit:u	701	0	0
tx-commit:u	702	0	0
tx-commit:u	703	0	0
tx-commit:u	704	0	0
tx-commit:u	705	0	0
tx-commit:u	706	0	0
tx-commit:u	707	0	0
tx-commit:u	708	0	0
tx-commit:u	709	0	0
tx-commit:u	710	0	0
tx-commit:u	711	0	0
tx-commit:u	712	0	0
tx-commit:u	713	0	0
tx-commit:u	714	0	0
tx-commit:u	715	0	0
tx-commit:u	716	0	0
tx-commit:u	717	0	0
tx-commit:u	718	0	0
tx-commit:u	719	0	0
tx-commit:u	720	0	0
tx-commit:u	721	0	0
tx-commit:u	722	0	0
tx-commit:u	723	0	0
tx-commit:u	724	0	0
tx-commit:u	725	0	0
tx-commit:u	726	0	0
tx-commit:u	727	0	0
tx-commit:u	728	0	0
tx-commit:u	729	0	0
tx-commit:u	730	0	0
tx-commit:u	731	0	0
tx-commit:u	732	0	0
tx-commit:u	733	0	0
tx-commit:u	734	0	0
tx-commit:u	735	0	0
tx-commit:u	736	0	0
tx-commit:u	737	0	0
tx-commit:u	738	0	0
tx-commit:u	739	0	0
tx-commit:u	740	0	0
tx-commit:u	741	0	0
tx-commit:u	742	0	0
tx-commit:u	743	0	0
tx-commit:u	744	0	0
tx-commit:u	745	0	0
tx-commit:u	746	0	0
tx-commit:u	747	0	0
tx-commit:u	748	0	0
tx-commit:u	749	0	0
tx-commit:u	750	0	0
tx-commit:u	751	0	0
tx-commit:u	752	0	0
tx-commit:u	753	0	0
tx-commit:u	754	0	0
tx-commit:u	755	0	0
tx-commit:u	756	0	0
tx-commit:u	757	0	0
tx-commit:u	758	0	0
tx-commit:u	759	0	0
tx-commit:u	760	0	0
tx-commit:u	761	0	0
tx-commit:u	762	0	0
tx-commit:u	763	0	0
tx-commit:u	764	0	0
tx-commit:u	765	0	0
tx-commit:u	766	0	0
tx-commit:u	767	0	0
tx-commit:u	768	0	0
tx-commit:u	769	0	0
tx-commit:u	770	0	0
tx-commit:u	771	0	0
tx-commit:u	772	0	0
tx-commit:u	773	0	0
tx-commit:u	774	0	0
tx-commit:u	775	0	0
tx-commit:u	776	0	0
tx-commit:u	777	0	0
tx-commit:u	778	0	0
tx-commit:u	779	0	0
tx-commit:u	780	0	0
tx-commit:u	781	0	0
tx-commit:u	782	0	0
tx-commit:u	783	0	0
tx-commit:u	784	0	0
tx-commit:u	785	0	0
tx-commit:u	786	0	0
tx-commit:u	787	0	0
tx-commit:u	788	0	0
tx-commit:u	789	0	0
tx-commit:u	790	0	0
tx-commit:u	791	0	0
tx-commit:u	792	0	0
tx-commit:u	793	0	0
tx-commit:u	794	0	0
tx-commit:u	795	0	0
tx-commit:u	796	0	0
tx-commit:u	797	0	0
tx-commit:u	798	0	0
tx-commit:u	799	0	0
tx-commit:u	800	0	0
tx-commit:u	801	0	0
tx-commit:u	802	0	0
tx-commit:u	803	0	0
tx-commit:u	804	0	0
tx-commit:u	805	0	0
tx-commit:u	806	0	0
tx-commit:u	807	0	0
tx-commit:u	808	0	0
tx-commit:u	809	0	0
tx-commit:u	810	0	0
tx-commit:u	811	0	0
tx-commit:u	812	0	0
tx-commit:u	813	0	0
tx-commit:u	814	0	0
tx-commit:u	815	0	0
tx-commit:u	816	0	0
tx-commit:u	817	0	0
tx-commit:u	818	0	0
tx-commit:u	819	0	0
tx-commit:u	820	0	0
tx-commit:u	821	0	0
tx-commit:u	822	0	0
tx-commit:u	823	0	0
tx-commit:u	824	0	0
tx-commit:u	825	0	0
tx-commit:u	826	0	0
tx-commit:u	827	0	0
tx-commit:u	828	0	0
tx-commit:u	829	0	0
tx-commit:u	830	0	0
tx-commit:u	831	0	0
tx-commit:u	832	0	0
tx-commit:u	833	0	0
tx-commit:u	834	0	0
tx-commit:u	835	0	0
tx-commit:u	836	0	0
tx-commit:u	837	0	0
tx-commit:u	838	0	0
tx-commit:u	839	0	0
tx-commit:u	840	0	0
tx-commit:u	841	0	0
tx-commit:u	842	0	0
tx-commit:u	843	0	0
tx-commit:u	844	0	0
tx-commit:u	845	0	0
tx-commit:u	846	0	0
tx-commit:u	847	0	0
tx-commit:u	848	0	0
tx-commit:u	849	0	0
tx-commit:u	850	0	0
tx-commit:u	851	0	0
tx-commit:u	852	0	0
tx-commit:u	853	0	0
tx-commit:u	854	0	0
tx-commit:u	855	0	0
tx-commit:u	856	0	0
tx-commit:u	857	0	0
tx-commit:u	858	0	0
tx-commit:u	859	0	0
tx-commit:u	860	0	0
tx-commit:u	861	0	0
tx-commit:u	862	0	0
tx-commit:u	863	0	0
tx-commit:u	864	0	0
tx-commit:u	865	0	0
tx-commit:u	866	0	0
tx-commit:u	867	0	0
tx-commit:u	868	0	0
tx-commit:u	869	0	0
tx-commit:u	870	0	0
tx-commit:u	871	0	0
tx-commit:u	872	0	0
tx-commit:u	873	0	0
tx-commit:u	874	0	0
tx-commit:u	875	0	0
tx-commit:u	876	0	0
tx-commit:u	877	0	0
tx-commit:u	878	0	0
tx-commit:u	879	0	0
tx-commit:u	880	0	0
tx-commit:u	881	0	0
tx-commit:u	882	0	0
tx-commit:u	883	0	0
tx-commit:u	884	0	0
tx-commit:u	885	0	0
tx-commit:u	886	0	0
tx-commit:u	887	0	0
tx-commit:u	888	0	0
tx-commit:u	889	0	0
tx-commit:u	890	0	0
tx-commit:u	891	0	0
tx-commit:u	892	0	0
tx-commit:u	893	0	0
tx-commit:u	894	0	0
tx-commit:u	895	0	0
tx-commit:u	896	0	0
tx-commit:u	897	0	0
tx-commit:u	898	0	0
tx-commit:u	899	0	0
tx-commit:u	900	0	0
tx-commit:u	901	0	0
tx-commit:u	902	0	0
tx-commit:u	903	0	0
tx-commit:u	904	0	0
tx-commit:u	905	0	0
tx-commit:u	906	0	0
tx-commit:u	907	0	0
tx-commit:u	908	0	0
tx-commit:u	909	0	0
tx-commit:u	910	0	0
tx-commit:u	911	0	0
tx-commit:u	912	0	0
tx-commit:u	913	0	0
tx-commit:u	914	0	0
tx-commit:u	915	0	0
tx-commit:u	916	0	0
tx-commit:u	917	0	0
tx-commit:u	918	0	0
tx-commit:u	919	0	0
tx-commit:u	920	0	0
tx-commit:u	921	0	0
tx-commit:u	922	0	0
tx-commit:u	923	0	0
tx-commit:u	924	0	0
tx-commit:u	925	0	0
tx-commit:u	926	0	0
tx-commit:u	927	0	0
tx-commit:u	928	0	0
tx-commit:u	929	0	0
tx-commit:u	930	0	0
tx-commit:u	931	0	0
tx-commit:u	932	0	0
tx-commit:u	933	0	0
tx-commit:u	934	0	0
tx-commit:u	935	0	0
tx-commit:u	936	0	0
tx-commit:u	937	0	0
tx-commit:u	938	0	0
tx-commit:u	939	0	0
tx-commit:u	940	0	0
tx-commit:u	941	0	0
tx-commit:u	942	0	0
tx-commit:u	943	0	0
tx-commit:u	944	0	0
tx-commit:u	945	0	0
tx-commit:u	946	0	0
tx-commit:u	947	0	0
tx-commit:u	948	0	0
tx-commit:u	949	0	0
tx-commit:u	950	0	0
tx-commit:u	951	0	0
tx-commit:u	952	0	0
tx-commit:u	953	0	0
tx-commit:u	954	0	0
tx-commit:u	955	0	0
tx-commit:u	956	0	0
tx-commit:u	957	0	0
tx-commit:u	958	0	0
tx-commit:u	959	0	0
tx-commit:u	960	0	0
tx-commit:u	961	0	0
tx-commit:u	962	0	0
tx-commit:u	963	0	0
tx-commit:u	964	0	0
tx-commit:u	965	0	0
tx-commit:u	966	0	0
tx-commit:u	967	0	0
tx-commit:u	968	0	0
tx-commit:u	969	0	0
tx-commit:u	970	0	0
tx-commit:u	971	0	0
tx-commit:u	972	0	0
tx-commit:u	973	0	0
tx-commit:u	974	0	0
tx-commit:u	975	0	0
tx-commit:u	976	0	0
tx-commit:u	977	0	0
tx-commit:u	978	0	0
tx-commit:u	979	0	0
tx-commit:u	980	0	0
tx-commit:u	981	0	0
tx-commit:u	982	0	0
tx-commit:u	983	0	0
tx-commit:u	984	0	0
tx-commit:u	985	0	0
tx-commit:u	986	0	0
tx-commit:u	987	0	0
tx-commit:u	988	0	0
tx-commit:u	989	0	0
tx-commit:u	990	0	0
tx-commit:u	991	0	0
tx-commit:u	992	0	0
tx-commit:u	993	0	0
tx-commit:u	994	0	0
tx-commit:u	995	0	0
tx-commit:u	996	0	0
tx-commit:u	997	0	0
tx-commit:u	998	0	0
tx-commit:u	999	0	0
tx-commit:u	1000	0	0
l2_rqsts.code_rd_miss:u	1	430	0
l2_rqsts.code_rd_miss:u	2	493	0
mem_inst_retired.stlb_miss_stores:u	1	10001	0
mem_inst_retired.stlb_miss_stores:u	2	10001	0
mem_inst_retired.stlb_miss_stores:u	3	10001	0
mem_inst_retired.stlb_miss_stores:u	4	10002	0
sw_prefetch_access.prefetchw:u	1	0	0
sw_prefetch_access.prefetchw:u	2	0	0
sw_prefetch_access.prefetchw:u	3	0	0
sw_prefetch_access.prefetchw:u	4	0	0
sw_prefetch_access.prefetchw:u	5	0	0
sw_prefetch_access.prefetchw:u	6	0	0
sw_prefetch_access.prefetchw:u	7	0	0
sw_prefetch_access.prefetchw:u	8	0	0
sw_prefetch_access.prefetchw:u	9	0	0
sw_prefetch_access.prefetchw:u	10	0	0
sw_prefetch_access.prefetchw:u	11	0	0
sw_prefetch_access.prefetchw:u	12	0	0
sw_prefetch_access.prefetchw:u	13	0	0
sw_prefetch_access.prefetchw:u	14	0	0
sw_prefetch_access.prefetchw:u	15	0	0
sw_prefetch_access.prefetchw:u	16	0	0
sw_prefetch_access.prefetchw:u	17	0	0
sw_prefetch_access.prefetchw:u	18	0	0
sw_prefetch_access.prefetchw:u	19	0	0
sw_prefetch_access.prefetchw:u	20	0	0
sw_prefetch_access.prefetchw:u	21	0	0
sw_prefetch_access.prefetchw:u	22	0	0
sw_prefetch_access.prefetchw:u	23	0	0
sw_prefetch_access.prefetchw:u	24	0	0
sw_prefetch_access.prefetchw:u	25	0	0
sw_prefetch_access.prefetchw:u	26	0	0
sw_prefetch_access.prefetchw:u	27	0	0
sw_prefetch_access.prefetchw:u	28	0	0
sw_prefetch_access.prefetchw:u	29	0	0
sw_prefetch_access.prefetchw:u	30	0	0
sw_prefetch_access.prefetchw:u	31	0	0
sw_prefetch_access.prefetchw:u	32	0	0
sw_prefetch_access.prefetchw:u	33	0	0
sw_prefetch_access.prefetchw:u	34	0	0
sw_prefetch_access.prefetchw:u	35	0	0
sw_prefetch_access.prefetchw:u	36	0	0
sw_prefetch_access.prefetchw:u	37	0	0
sw_prefetch_access.prefetchw:u	38	0	0
sw_prefetch_access.prefetchw:u	39	0	0
sw_prefetch_access.prefetchw:u	40	0	0
sw_prefetch_access.prefetchw:u	41	0	0
sw_prefetch_access.prefetchw:u	42	0	0
sw_prefetch_access.prefetchw:u	43	0	0
sw_prefetch_access.prefetchw:u	44	0	0
sw_prefetch_access.prefetchw:u	45	0	0
sw_prefetch_access.prefetchw:u	46	0	0
sw_prefetch_access.prefetchw:u	47	0	0
sw_prefetch_access.prefetchw:u	48	0	0
sw_prefetch_access.prefetchw:u	49	0	0
sw_prefetch_access.prefetchw:u	50	0	0
sw_prefetch_access.prefetchw:u	51	0	0
sw_prefetch_access.prefetchw:u	52	0	0
sw_prefetch_access.prefetchw:u	53	0	0
sw_prefetch_access.prefetchw:u	54	0	0
sw_prefetch_access.prefetchw:u	55	0	0
sw_prefetch_access.prefetchw:u	56	0	0
sw_prefetch_access.prefetchw:u	57	0	0
sw_prefetch_access.prefetchw:u	58	0	0
sw_prefetch_access.prefetchw:u	59	0	0
sw_prefetch_access.prefetchw:u	60	0	0
sw_prefetch_access.prefetchw:u	61	0	0
sw_prefetch_access.prefetchw:u	62	0	0
sw_prefetch_access.prefetchw:u	63	0	0
sw_prefetch_access.prefetchw:u	64	0	0
sw_prefetch_access.prefetchw:u	65	0	0
sw_prefetch_access.prefetchw:u	66	0	0
sw_prefetch_access.prefetchw:u	67	0	0
sw_prefetch_access.prefetchw:u	68	0	0
sw_prefetch_access.prefetchw:u	69	0	0
sw_prefetch_access.prefetchw:u	70	0	0
sw_prefetch_access.prefetchw:u	71	0	0
sw_prefetch_access.prefetchw:u	72	0	0
sw_prefetch_access.prefetchw:u	73	0	0
sw_prefetch_access.prefetchw:u	74	0	0
sw_prefetch_access.prefetchw:u	75	0	0
sw_prefetch_access.prefetchw:u	76	0	0
sw_prefetch_access.prefetchw:u	77	0	0
sw_prefetch_access.prefetchw:u	78	0	0
sw_prefetch_access.prefetchw:u	79	0	0
sw_prefetch_access.prefetchw:u	80	0	0
sw_prefetch_access.prefetchw:u	81	0	0
sw_prefetch_access.prefetchw:u	82	0	0
sw_prefetch_access.prefetchw:u	83	0	0
sw_prefetch_access.prefetchw:u	84	0	0
sw_prefetch_access.prefetchw:u	85	0	0
sw_prefetch_access.prefetchw:u	86	0	0
sw_prefetch_access.prefetchw:u	87	0	0
sw_prefetch_access.prefetchw:u	88	0	0
sw_prefetch_access.prefetchw:u	89	0	0
sw_prefetch_access.prefetchw:u	90	0	0
sw_prefetch_access.prefetchw:u	91	0	0
sw_prefetch_access.prefetchw:u	92	0	0
sw_prefetch_access.prefetchw:u	93	0	0
sw_prefetch_access.prefetchw:u	94	0	0
sw_prefetch_access.prefetchw:u	95	0	0
sw_prefetch_access.prefetchw:u	96	0	0
sw_prefetch_access.prefetchw:u	97	0	0
sw_prefetch_access.prefetchw:u	98	0	0
sw_prefetch_access.prefetchw:u	99	0	0
sw_prefetch_access.prefetchw:u	100	0	0
sw_prefetch_access.prefetchw:u	101	0	0
sw_prefetch_access.prefetchw:u	102	0	0
sw_prefetch_access.prefetchw:u	103	0	0
sw_prefetch_access.prefetchw:u	104	0	0
sw_prefetch_access.prefetchw:u	105	0	0
sw_prefetch_access.prefetchw:u	106	0	0
sw_prefetch_access.prefetchw:u	107	0	0
sw_prefetch_access.prefetchw:u	108	0	0
sw_prefetch_access.prefetchw:u	109	0	0
sw_prefetch_access.prefetchw:u	110	0	0
sw_prefetch_access.prefetchw:u	111	0	0
sw_prefetch_access.prefetchw:u	112	0	0
sw_prefetch_access.prefetchw:u	113	0	0
sw_prefetch_access.prefetchw:u	114	0	0
sw_prefetch_access.prefetchw:u	115	0	0
sw_prefetch_access.prefetchw:u	116	0	0
sw_prefetch_access.prefetchw:u	117	0	0
sw_prefetch_access.prefetchw:u	118	0	0
sw_prefetch_access.prefetchw:u	119	0	0
sw_prefetch_access.prefetchw:u	120	0	0
sw_prefetch_access.prefetchw:u	121	0	0
sw_prefetch_access.prefetchw:u	122	0	0
sw_prefetch_access.prefetchw:u	123	0	0
sw_prefetch_access.prefetchw:u	124	0	0
sw_prefetch_access.prefetchw:u	125	0	0
sw_prefetch_access.prefetchw:u	126	0	0
sw_prefetch_access.prefetchw:u	127	0	0
sw_prefetch_access.prefetchw:u	128	0	0
sw_prefetch_access.prefetchw:u	129	0	0
sw_prefetch_access.prefetchw:u	130	0	0
sw_prefetch_access.prefetchw:u	131	0	0
sw_prefetch_access.prefetchw:u	132	0	0
sw_prefetch_access.prefetchw:u	133	0	0
sw_prefetch_access.prefetchw:u	134	0	0
sw_prefetch_access.prefetchw:u	135	0	0
sw_prefetch_access.prefetchw:u	136	0	0
sw_prefetch_access.prefetchw:u	137	0	0
sw_prefetch_access.prefetchw:u	138	0	0
sw_prefetch_access.prefetchw:u	139	0	0
sw_prefetch_access.prefetchw:u	140	0	0
sw_prefetch_access.prefetchw:u	141	0	0
sw_prefetch_access.prefetchw:u	142	0	0
sw_prefetch_access.prefetchw:u	143	0	0
sw_prefetch_access.prefetchw:u	144	0	0
sw_prefetch_access.prefetchw:u	145	0	0
sw_prefetch_access.prefetchw:u	146	0	0
sw_prefetch_access.prefetchw:u	147	0	0
sw_prefetch_access.prefetchw:u	148	0	0
sw_prefetch_access.prefetchw:u	149	0	0
sw_prefetch_access.prefetchw:u	150	0	0
sw_prefetch_access.prefetchw:u	151	0	0
sw_prefetch_access.prefetchw:u	152	0	0
sw_prefetch_access.prefetchw:u	153	0	0
sw_prefetch_access.prefetchw:u	154	0	0
sw_prefetch_access.prefetchw:u	155	0	0
sw_prefetch_access.prefetchw:u	156	0	0
sw_prefetch_access.prefetchw:u	157	0	0
sw_prefetch_access.prefetchw:u	158	0	0
sw_prefetch_access.prefetchw:u	159	0	0
sw_prefetch_access.prefetchw:u	160	0	0
sw_prefetch_access.prefetchw:u	161	0	0
sw_prefetch_access.prefetchw:u	162	0	0
sw_prefetch_access.prefetchw:u	163	0	0
sw_prefetch_access.prefetchw:u	164	0	0
sw_prefetch_access.prefetchw:u	165	0	0
sw_prefetch_access.prefetchw:u	166	0	0
sw_prefetch_access.prefetchw:u	167	0	0
sw_prefetch_access.prefetchw:u	168	0	0
sw_prefetch_access.prefetchw:u	169	0	0
sw_prefetch_access.prefetchw:u	170	0	0
sw_prefetch_access.prefetchw:u	171	0	0
sw_prefetch_access.prefetchw:u	172	0	0
sw_prefetch_access.prefetchw:u	173	0	0
sw_prefetch_access.prefetchw:u	174	0	0
sw_prefetch_access.prefetchw:u	175	0	0
sw_prefetch_access.prefetchw:u	176	0	0
sw_prefetch_access.prefetchw:u	177	0	0
sw_prefetch_access.prefetchw:u	178	0	0
sw_prefetch_access.prefetchw:u	179	0	0
sw_prefetch_access.prefetchw:u	180	0	0
sw_prefetch_access.prefetchw:u	181	0	0
sw_prefetch_access.prefetchw:u	182	0	0
sw_prefetch_access.prefetchw:u	183	0	0
sw_prefetch_access.prefetchw:u	184	0	0
sw_prefetch_access.prefetchw:u	185	0	0
sw_prefetch_access.prefetchw:u	186	0	0
sw_prefetch_access.prefetchw:u	187	0	0
sw_prefetch_access.prefetchw:u	188	0	0
sw_prefetch_access.prefetchw:u	189	0	0
sw_prefetch_access.prefetchw:u	190	0	0
sw_prefetch_access.prefetchw:u	191	0	0
sw_prefetch_access.prefetchw:u	192	0	0
sw_prefetch_access.prefetchw:u	193	0	0
sw_prefetch_access.prefetchw:u	194	0	0
sw_prefetch_access.prefetchw:u	195	0	0
sw_prefetch_access.prefetchw:u	196	0	0
sw_prefetch_access.prefetchw:u	197	0	0
sw_prefetch_access.prefetchw:u	198	0	0
sw_prefetch_access.prefetchw:u	199	0	0
sw_prefetch_access.prefetchw:u	200	0	0
sw_prefetch_access.prefetchw:u	201	0	0
sw_prefetch_access.prefetchw:u	202	0	0
sw_prefetch_access.prefetchw:u	203	0	0
sw_prefetch_access.prefetchw:u	204	0	0
sw_prefetch_access.prefetchw:u	205	0	0
sw_prefetch_access.prefetchw:u	206	0	0
sw_prefetch_access.prefetchw:u	207	0	0
sw_prefetch_access.prefetchw:u	208	0	0
sw_prefetch_access.prefetchw:u	209	0	0
sw_prefetch_access.prefetchw:u	210	0	0
sw_prefetch_access.prefetchw:u	211	0	0
sw_prefetch_access.prefetchw:u	212	0	0
sw_prefetch_access.prefetchw:u	213	0	0
sw_prefetch_access.prefetchw:u	214	0	0
sw_prefetch_access.prefetchw:u	215	0	0
sw_prefetch_access.prefetchw:u	216	0	0
sw_prefetch_access.prefetchw:u	217	0	0
sw_prefetch_access.prefetchw:u	218	0	0
sw_prefetch_access.prefetchw:u	219	0	0
sw_prefetch_access.prefetchw:u	220	0	0
sw_prefetch_access.prefetchw:u	221	0	0
sw_prefetch_access.prefetchw:u	222	0	0
sw_prefetch_access.prefetchw:u	223	0	0
sw_prefetch_access.prefetchw:u	224	0	0
sw_prefetch_access.prefetchw:u	225	0	0
sw_prefetch_access.prefetchw:u	226	0	0
sw_prefetch_access.prefetchw:u	227	0	0
sw_prefetch_access.prefetchw:u	228	0	0
sw_prefetch_access.prefetchw:u	229	0	0
sw_prefetch_access.prefetchw:u	230	0	0
sw_prefetch_access.prefetchw:u	231	0	0
sw_prefetch_access.prefetchw:u	232	0	0
sw_prefetch_access.prefetchw:u	233	0	0
sw_prefetch_access.prefetchw:u	234	0	0
sw_prefetch_access.prefetchw:u	235	0	0
sw_prefetch_access.prefetchw:u	236	0	0
sw_prefetch_access.prefetchw:u	237	0	0
sw_prefetch_access.prefetchw:u	238	0	0
sw_prefetch_access.prefetchw:u	239	0	0
sw_prefetch_access.prefetchw:u	240	0	0
sw_prefetch_access.prefetchw:u	241	0	0
sw_prefetch_access.prefetchw:u	242	0	0
sw_prefetch_access.prefetchw:u	243	0	0
sw_prefetch_access.prefetchw:u	244	0	0
sw_prefetch_access.prefetchw:u	245	0	0
sw_prefetch_access.prefetchw:u	246	0	0
sw_prefetch_access.prefetchw:u	247	0	0
sw_prefetch_access.prefetchw:u	248	0	0
sw_prefetch_access.prefetchw:u	249	0	0
sw_prefetch_access.prefetchw:u	250	0	0
sw_prefetch_access.prefetchw:u	251	0	0
sw_prefetch_access.prefetchw:u	252	0	0
sw_prefetch_access.prefetchw:u	253	0	0
sw_prefetch_access.prefetchw:u	254	0	0
sw_prefetch_access.prefetchw:u	255	0	0
sw_prefetch_access.prefetchw:u	256	0	0
sw_prefetch_access.prefetchw:u	257	0	0
sw_prefetch_access.prefetchw:u	258	0	0
sw_prefetch_access.prefetchw:u	259	0	0
sw_prefetch_access.prefetchw:u	260	0	0
sw_prefetch_access.prefetchw:u	261	0	0
sw_prefetch_access.prefetchw:u	262	0	0
sw_prefetch_access.prefetchw:u	263	0	0
sw_prefetch_access.prefetchw:u	264	0	0
sw_prefetch_access.prefetchw:u	265	0	0
sw_prefetch_access.prefetchw:u	266	0	0
sw_prefetch_access.prefetchw:u	267	0	0
sw_prefetch_access.prefetchw:u	268	0	0
sw_prefetch_access.prefetchw:u	269	0	0
sw_prefetch_access.prefetchw:u	270	0	0
sw_prefetch_access.prefetchw:u	271	0	0
sw_prefetch_access.prefetchw:u	272	0	0
sw_prefetch_access.prefetchw:u	273	0	0
sw_prefetch_access.prefetchw:u	274	0	0
sw_prefetch_access.prefetchw:u	275	0	0
sw_prefetch_access.prefetchw:u	276	0	0
sw_prefetch_access.prefetchw:u	277	0	0
sw_prefetch_access.prefetchw:u	278	0	0
sw_prefetch_access.prefetchw:u	279	0	0
sw_prefetch_access.prefetchw:u	280	0	0
sw_prefetch_access.prefetchw:u	281	0	0
sw_prefetch_access.prefetchw:u	282	0	0
sw_prefetch_access.prefetchw:u	283	0	0
sw_prefetch_access.prefetchw:u	284	0	0
sw_prefetch_access.prefetchw:u	285	0	0
sw_prefetch_access.prefetchw:u	286	0	0
sw_prefetch_access.prefetchw:u	287	0	0
sw_prefetch_access.prefetchw:u	288	0	0
sw_prefetch_access.prefetchw:u	289	0	0
sw_prefetch_access.prefetchw:u	290	0	0
sw_prefetch_access.prefetchw:u	291	0	0
sw_prefetch_access.prefetchw:u	292	0	0
sw_prefetch_access.prefetchw:u	293	0	0
sw_prefetch_access.prefetchw:u	294	0	0
sw_prefetch_access.prefetchw:u	295	0	0
sw_prefetch_access.prefetchw:u	296	0	0
sw_prefetch_access.prefetchw:u	297	0	0
sw_prefetch_access.prefetchw:u	298	0	0
sw_prefetch_access.prefetchw:u	299	0	0
sw_prefetch_access.prefetchw:u	300	0	0
sw_prefetch_access.prefetchw:u	301	0	0
sw_prefetch_access.prefetchw:u	302	0	0
sw_prefetch_access.prefetchw:u	303	0	0
sw_prefetch_access.prefetchw:u	304	0	0
sw_prefetch_access.prefetchw:u	305	0	0
sw_prefetch_access.prefetchw:u	306	0	0
sw_prefetch_access.prefetchw:u	307	0	0
sw_prefetch_access.prefetchw:u	308	0	0
sw_prefetch_access.prefetchw:u	309	0	0
sw_prefetch_access.prefetchw:u	310	0	0
sw_prefetch_access.prefetchw:u	311	0	0
sw_prefetch_access.prefetchw:u	312	0	0
sw_prefetch_access.prefetchw:u	313	0	0
sw_prefetch_access.prefetchw:u	314	0	0
sw_prefetch_access.prefetchw:u	315	0	0
sw_prefetch_access.prefetchw:u	316	0	0
sw_prefetch_access.prefetchw:u	317	0	0
sw_prefetch_access.prefetchw:u	318	0	0
sw_prefetch_access.prefetchw:u	319	0	0
sw_prefetch_access.prefetchw:u	320	0	0
sw_prefetch_access.prefetchw:u	321	0	0
sw_prefetch_access.prefetchw:u	322	0	0
sw_prefetch_access.prefetchw:u	323	0	0
sw_prefetch_access.prefetchw:u	324	0	0
sw_prefetch_access.prefetchw:u	325	0	0
sw_prefetch_access.prefetchw:u	326	0	0
sw_prefetch_access.prefetchw:u	327	0	0
sw_prefetch_access.prefetchw:u	328	0	0
sw_prefetch_access.prefetchw:u	329	0	0
sw_prefetch_access.prefetchw:u	330	0	0
sw_prefetch_access.prefetchw:u	331	0	0
sw_prefetch_access.prefetchw:u	332	0	0
sw_prefetch_access.prefetchw:u	333	0	0
sw_prefetch_access.prefetchw:u	334	0	0
sw_prefetch_access.prefetchw:u	335	0	0
sw_prefetch_access.prefetchw:u	336	0	0
sw_prefetch_access.prefetchw:u	337	0	0
sw_prefetch_access.prefetchw:u	338	0	0
sw_prefetch_access.prefetchw:u	339	0	0
sw_prefetch_access.prefetchw:u	340	0	0
sw_prefetch_access.prefetchw:u	341	0	0
sw_prefetch_access.prefetchw:u	342	0	0
sw_prefetch_access.prefetchw:u	343	0	0
sw_prefetch_access.prefetchw:u	344	0	0
sw_prefetch_access.prefetchw:u	345	0	0
sw_prefetch_access.prefetchw:u	346	0	0
sw_prefetch_access.prefetchw:u	347	0	0
sw_prefetch_access.prefetchw:u	348	0	0
sw_prefetch_access.prefetchw:u	349	0	0
sw_prefetch_access.prefetchw:u	350	0	0
sw_prefetch_access.prefetchw:u	351	0	0
sw_prefetch_access.prefetchw:u	352	0	0
sw_prefetch_access.prefetchw:u	353	0	0
sw_prefetch_access.prefetchw:u	354	0	0
sw_prefetch_access.prefetchw:u	355	0	0
sw_prefetch_access.prefetchw:u	356	0	0
sw_prefetch_access.prefetchw:u	357	0	0
sw_prefetch_access.prefetchw:u	358	0	0
sw_prefetch_access.prefetchw:u	359	0	0
sw_prefetch_access.prefetchw:u	360	0	0
sw_prefetch_access.prefetchw:u	361	0	0
sw_prefetch_access.prefetchw:u	362	0	0
sw_prefetch_access.prefetchw:u	363	0	0
sw_prefetch_access.prefetchw:u	364	0	0
sw_prefetch_access.prefetchw:u	365	0	0
sw_prefetch_access.prefetchw:u	366	0	0
sw_prefetch_access.prefetchw:u	367	0	0
sw_prefetch_access.prefetchw:u	368	0	0
sw_prefetch_access.prefetchw:u	369	0	0
sw_prefetch_access.prefetchw:u	370	0	0
sw_prefetch_access.prefetchw:u	371	0	0
sw_prefetch_access.prefetchw:u	372	0	0
sw_prefetch_access.prefetchw:u	373	0	0
sw_prefetch_access.prefetchw:u	374	0	0
sw_prefetch_access.prefetchw:u	375	0	0
sw_prefetch_access.prefetchw:u	376	0	0
sw_prefetch_access.prefetchw:u	377	0	0
sw_prefetch_access.prefetchw:u	378	0	0
sw_prefetch_access.prefetchw:u	379	0	0
sw_prefetch_access.prefetchw:u	380	0	0
sw_prefetch_access.prefetchw:u	381	0	0
sw_prefetch_access.prefetchw:u	382	0	0
sw_prefetch_access.prefetchw:u	383	0	0
sw_prefetch_access.prefetchw:u	384	0	0
sw_prefetch_access.prefetchw:u	385	0	0
sw_prefetch_access.prefetchw:u	386	0	0
sw_prefetch_access.prefetchw:u	387	0	0
sw_prefetch_access.prefetchw:u	388	0	0
sw_prefetch_access.prefetchw:u	389	0	0
sw_prefetch_access.prefetchw:u	390	0	0
sw_prefetch_access.prefetchw:u	391	0	0
sw_prefetch_access.prefetchw:u	392	0	0
sw_prefetch_access.prefetchw:u	393	0	0
sw_prefetch_access.prefetchw:u	394	0	0
sw_prefetch_access.prefetchw:u	395	0	0
sw_prefetch_access.prefetchw:u	396	0	0
sw_prefetch_access.prefetchw:u	397	0	0
sw_prefetch_access.prefetchw:u	398	0	0
sw_prefetch_access.prefetchw:u	399	0	0
sw_prefetch_access.prefetchw:u	400	0	0
sw_prefetch_access.prefetchw:u	401	0	0
sw_prefetch_access.prefetchw:u	402	0	0
sw_prefetch_access.prefetchw:u	403	0	0
sw_prefetch_access.prefetchw:u	404	0	0
sw_prefetch_access.prefetchw:u	405	0	0
sw_prefetch_access.prefetchw:u	406	0	0
sw_prefetch_access.prefetchw:u	407	0	0
sw_prefetch_access.prefetchw:u	408	0	0
sw_prefetch_access.prefetchw:u	409	0	0
sw_prefetch_access.prefetchw:u	410	0	0
sw_prefetch_access.prefetchw:u	411	0	0
sw_prefetch_access.prefetchw:u	412	0	0
sw_prefetch_access.prefetchw:u	413	0	0
sw_prefetch_access.prefetchw:u	414	0	0
sw_prefetch_access.prefetchw:u	415	0	0
sw_prefetch_access.prefetchw:u	416	0	0
sw_prefetch_access.prefetchw:u	417	0	0
sw_prefetch_access.prefetchw:u	418	0	0
sw_prefetch_access.prefetchw:u	419	0	0
sw_prefetch_access.prefetchw:u	420	0	0
sw_prefetch_access.prefetchw:u	421	0	0
sw_prefetch_access.prefetchw:u	422	0	0
sw_prefetch_access.prefetchw:u	423	0	0
sw_prefetch_access.prefetchw:u	424	0	0
sw_prefetch_access.prefetchw:u	425	0	0
sw_prefetch_access.prefetchw:u	426	0	0
sw_prefetch_access.prefetchw:u	427	0	0
sw_prefetch_access.prefetchw:u	428	0	0
sw_prefetch_access.prefetchw:u	429	0	0
sw_prefetch_access.prefetchw:u	430	0	0
sw_prefetch_access.prefetchw:u	431	0	0
sw_prefetch_access.prefetchw:u	432	0	0
sw_prefetch_access.prefetchw:u	433	0	0
sw_prefetch_access.prefetchw:u	434	0	0
sw_prefetch_access.prefetchw:u	435	0	0
sw_prefetch_access.prefetchw:u	436	0	0
sw_prefetch_access.prefetchw:u	437	0	0
sw_prefetch_access.prefetchw:u	438	0	0
sw_prefetch_access.prefetchw:u	439	0	0
sw_prefetch_access.prefetchw:u	440	0	0
sw_prefetch_access.prefetchw:u	441	0	0
sw_prefetch_access.prefetchw:u	442	0	0
sw_prefetch_access.prefetchw:u	443	0	0
sw_prefetch_access.prefetchw:u	444	0	0
sw_prefetch_access.prefetchw:u	445	0	0
sw_prefetch_access.prefetchw:u	446	0	0
sw_prefetch_access.prefetchw:u	447	0	0
sw_prefetch_access.prefetchw:u	448	0	0
sw_prefetch_access.prefetchw:u	449	0	0
sw_prefetch_access.prefetchw:u	450	0	0
sw_prefetch_access.prefetchw:u	451	0	0
sw_prefetch_access.prefetchw:u	452	0	0
sw_prefetch_access.prefetchw:u	453	0	0
sw_prefetch_access.prefetchw:u	454	0	0
sw_prefetch_access.prefetchw:u	455	0	0
sw_prefetch_access.prefetchw:u	456	0	0
sw_prefetch_access.prefetchw:u	457	0	0
sw_prefetch_access.prefetchw:u	458	0	0
sw_prefetch_access.prefetchw:u	459	0	0
sw_prefetch_access.prefetchw:u	460	0	0
sw_prefetch_access.prefetchw:u	461	0	0
sw_prefetch_access.prefetchw:u	462	0	0
sw_prefetch_access.prefetchw:u	463	0	0
sw_prefetch_access.prefetchw:u	464	0	0
sw_prefetch_access.prefetchw:u	465	0	0
sw_prefetch_access.prefetchw:u	466	0	0
sw_prefetch_access.prefetchw:u	467	0	0
sw_prefetch_access.prefetchw:u	468	0	0
sw_prefetch_access.prefetchw:u	469	0	0
sw_prefetch_access.prefetchw:u	470	0	0
sw_prefetch_access.prefetchw:u	471	0	0
sw_prefetch_access.prefetchw:u	472	0	0
sw_prefetch_access.prefetchw:u	473	0	0
sw_prefetch_access.prefetchw:u	474	0	0
sw_prefetch_access.prefetchw:u	475	0	0
sw_prefetch_access.prefetchw:u	476	0	0
sw_prefetch_access.prefetchw:u	477	0	0
sw_prefetch_access.prefetchw:u	478	0	0
sw_prefetch_access.prefetchw:u	479	0	0
sw_prefetch_access.prefetchw:u	480	0	0
sw_prefetch_access.prefetchw:u	481	0	0
sw_prefetch_access.prefetchw:u	482	0	0
sw_prefetch_access.prefetchw:u	483	0	0
sw_prefetch_access.prefetchw:u	484	0	0
sw_prefetch_access.prefetchw:u	485	0	0
sw_prefetch_access.prefetchw:u	486	0	0
sw_prefetch_access.prefetchw:u	487	0	0
sw_prefetch_access.prefetchw:u	488	0	0
sw_prefetch_access.prefetchw:u	489	0	0
sw_prefetch_access.prefetchw:u	490	0	0
sw_prefetch_access.prefetchw:u	491	0	0
sw_prefetch_access.prefetchw:u	492	0	0
sw_prefetch_access.prefetchw:u	493	0	0
sw_prefetch_access.prefetchw:u	494	0	0
sw_prefetch_access.prefetchw:u	495	0	0
sw_prefetch_access.prefetchw:u	496	0	0
sw_prefetch_access.prefetchw:u	497	0	0
sw_prefetch_access.prefetchw:u	498	0	0
sw_prefetch_access.prefetchw:u	499	0	0
sw_prefetch_access.prefetchw:u	500	0	0
sw_prefetch_access.prefetchw:u	501	0	0
sw_prefetch_access.prefetchw:u	502	0	0
sw_prefetch_access.prefetchw:u	503	0	0
sw_prefetch_access.prefetchw:u	504	0	0
sw_prefetch_access.prefetchw:u	505	0	0
sw_prefetch_access.prefetchw:u	506	0	0
sw_prefetch_access.prefetchw:u	507	0	0
sw_prefetch_access.prefetchw:u	508	0	0
sw_prefetch_access.prefetchw:u	509	0	0
sw_prefetch_access.prefetchw:u	510	0	0
sw_prefetch_access.prefetchw:u	511	0	0
sw_prefetch_access.prefetchw:u	512	0	0
sw_prefetch_access.prefetchw:u	513	0	0
sw_prefetch_access.prefetchw:u	514	0	0
sw_prefetch_access.prefetchw:u	515	0	0
sw_prefetch_access.prefetchw:u	516	0	0
sw_prefetch_access.prefetchw:u	517	0	0
sw_prefetch_access.prefetchw:u	518	0	0
sw_prefetch_access.prefetchw:u	519	0	0
sw_prefetch_access.prefetchw:u	520	0	0
sw_prefetch_access.prefetchw:u	521	0	0
sw_prefetch_access.prefetchw:u	522	0	0
sw_prefetch_access.prefetchw:u	523	0	0
sw_prefetch_access.prefetchw:u	524	0	0
sw_prefetch_access.prefetchw:u	525	0	0
sw_prefetch_access.prefetchw:u	526	0	0
sw_prefetch_access.prefetchw:u	527	0	0
sw_prefetch_access.prefetchw:u	528	0	0
sw_prefetch_access.prefetchw:u	529	0	0
sw_prefetch_access.prefetchw:u	530	0	0
sw_prefetch_access.prefetchw:u	531	0	0
sw_prefetch_access.prefetchw:u	532	0	0
sw_prefetch_access.prefetchw:u	533	0	0
sw_prefetch_access.prefetchw:u	534	0	0
sw_prefetch_access.prefetchw:u	535	0	0
sw_prefetch_access.prefetchw:u	536	0	0
sw_prefetch_access.prefetchw:u	537	0	0
sw_prefetch_access.prefetchw:u	538	0	0
sw_prefetch_access.prefetchw:u	539	0	0
sw_prefetch_access.prefetchw:u	540	0	0
sw_prefetch_access.prefetchw:u	541	0	0
sw_prefetch_access.prefetchw:u	542	0	0
sw_prefetch_access.prefetchw:u	543	0	0
sw_prefetch_access.prefetchw:u	544	0	0
sw_prefetch_access.prefetchw:u	545	0	0
sw_prefetch_access.prefetchw:u	546	0	0
sw_prefetch_access.prefetchw:u	547	0	0
sw_prefetch_access.prefetchw:u	548	0	0
sw_prefetch_access.prefetchw:u	549	0	0
sw_prefetch_access.prefetchw:u	550	0	0
sw_prefetch_access.prefetchw:u	551	0	0
sw_prefetch_access.prefetchw:u	552	0	0
sw_prefetch_access.prefetchw:u	553	0	0
sw_prefetch_access.prefetchw:u	554	0	0
sw_prefetch_access.prefetchw:u	555	0	0
sw_prefetch_access.prefetchw:u	556	0	0
sw_prefetch_access.prefetchw:u	557	0	0
sw_prefetch_access.prefetchw:u	558	0	0
sw_prefetch_access.prefetchw:u	559	0	0
sw_prefetch_access.prefetchw:u	560	0	0
sw_prefetch_access.prefetchw:u	561	0	0
sw_prefetch_access.prefetchw:u	562	0	0
sw_prefetch_access.prefetchw:u	563	0	0
sw_prefetch_access.prefetchw:u	564	0	0
sw_prefetch_access.prefetchw:u	565	0	0
sw_prefetch_access.prefetchw:u	566	0	0
sw_prefetch_access.prefetchw:u	567	0	0
sw_prefetch_access.prefetchw:u	568	0	0
sw_prefetch_access.prefetchw:u	569	0	0
sw_prefetch_access.prefetchw:u	570	0	0
sw_prefetch_access.prefetchw:u	571	0	0
sw_prefetch_access.prefetchw:u	572	0	0
sw_prefetch_access.prefetchw:u	573	0	0
sw_prefetch_access.prefetchw:u	574	0	0
sw_prefetch_access.prefetchw:u	575	0	0
sw_prefetch_access.prefetchw:u	576	0	0
sw_prefetch_access.prefetchw:u	577	0	0
sw_prefetch_access.prefetchw:u	578	0	0
sw_prefetch_access.prefetchw:u	579	0	0
sw_prefetch_access.prefetchw:u	580	0	0
sw_prefetch_access.prefetchw:u	581	0	0
sw_prefetch_access.prefetchw:u	582	0	0
sw_prefetch_access.prefetchw:u	583	0	0
sw_prefetch_access.prefetchw:u	584	0	0
sw_prefetch_access.prefetchw:u	585	0	0
sw_prefetch_access.prefetchw:u	586	0	0
sw_prefetch_access.prefetchw:u	587	0	0
sw_prefetch_access.prefetchw:u	588	0	0
sw_prefetch_access.prefetchw:u	589	0	0
sw_prefetch_access.prefetchw:u	590	0	0
sw_prefetch_access.prefetchw:u	591	0	0
sw_prefetch_access.prefetchw:u	592	0	0
sw_prefetch_access.prefetchw:u	593	0	0
sw_prefetch_access.prefetchw:u	594	0	0
sw_prefetch_access.prefetchw:u	595	0	0
sw_prefetch_access.prefetchw:u	596	0	0
sw_prefetch_access.prefetchw:u	597	0	0
sw_prefetch_access.prefetchw:u	598	0	0
sw_prefetch_access.prefetchw:u	599	0	0
sw_prefetch_access.prefetchw:u	600	0	0
sw_prefetch_access.prefetchw:u	601	0	0
sw_prefetch_access.prefetchw:u	602	0	0
sw_prefetch_access.prefetchw:u	603	0	0
sw_prefetch_access.prefetchw:u	604	0	0
sw_prefetch_access.prefetchw:u	605	0	0
sw_prefetch_access.prefetchw:u	606	0	0
sw_prefetch_access.prefetchw:u	607	0	0
sw_prefetch_access.prefetchw:u	608	0	0
sw_prefetch_access.prefetchw:u	609	0	0
sw_prefetch_access.prefetchw:u	610	0	0
sw_prefetch_access.prefetchw:u	611	0	0
sw_prefetch_access.prefetchw:u	612	0	0
sw_prefetch_access.prefetchw:u	613	0	0
sw_prefetch_access.prefetchw:u	614	0	0
sw_prefetch_access.prefetchw:u	615	0	0
sw_prefetch_access.prefetchw:u	616	0	0
sw_prefetch_access.prefetchw:u	617	0	0
sw_prefetch_access.prefetchw:u	618	0	0
sw_prefetch_access.prefetchw:u	619	0	0
sw_prefetch_access.prefetchw:u	620	0	0
sw_prefetch_access.prefetchw:u	621	0	0
sw_prefetch_access.prefetchw:u	622	0	0
sw_prefetch_access.prefetchw:u	623	0	0
sw_prefetch_access.prefetchw:u	624	0	0
sw_prefetch_access.prefetchw:u	625	0	0
sw_prefetch_access.prefetchw:u	626	0	0
sw_prefetch_access.prefetchw:u	627	0	0
sw_prefetch_access.prefetchw:u	628	0	0
sw_prefetch_access.prefetchw:u	629	0	0
sw_prefetch_access.prefetchw:u	630	0	0
sw_prefetch_access.prefetchw:u	631	0	0
sw_prefetch_access.prefetchw:u	632	0	0
sw_prefetch_access.prefetchw:u	633	0	0
sw_prefetch_access.prefetchw:u	634	0	0
sw_prefetch_access.prefetchw:u	635	0	0
sw_prefetch_access.prefetchw:u	636	0	0
sw_prefetch_access.prefetchw:u	637	0	0
sw_prefetch_access.prefetchw:u	638	0	0
sw_prefetch_access.prefetchw:u	639	0	0
sw_prefetch_access.prefetchw:u	640	0	0
sw_prefetch_access.prefetchw:u	641	0	0
sw_prefetch_access.prefetchw:u	642	0	0
sw_prefetch_access.prefetchw:u	643	0	0
sw_prefetch_access.prefetchw:u	644	0	0
sw_prefetch_access.prefetchw:u	645	0	0
sw_prefetch_access.prefetchw:u	646	0	0
sw_prefetch_access.prefetchw:u	647	0	0
sw_prefetch_access.prefetchw:u	648	0	0
sw_prefetch_access.prefetchw:u	649	0	0
sw_prefetch_access.prefetchw:u	650	0	0
sw_prefetch_access.prefetchw:u	651	0	0
sw_prefetch_access.prefetchw:u	652	0	0
sw_prefetch_access.prefetchw:u	653	0	0
sw_prefetch_access.prefetchw:u	654	0	0
sw_prefetch_access.prefetchw:u	655	0	0
sw_prefetch_access.prefetchw:u	656	0	0
sw_prefetch_access.prefetchw:u	657	0	0
sw_prefetch_access.prefetchw:u	658	0	0
sw_prefetch_access.prefetchw:u	659	0	0
sw_prefetch_access.prefetchw:u	660	0	0
sw_prefetch_access.prefetchw:u	661	0	0
sw_prefetch_access.prefetchw:u	662	0	0
sw_prefetch_access.prefetchw:u	663	0	0
sw_prefetch_access.prefetchw:u	664	0	0
sw_prefetch_access.prefetchw:u	665	0	0
sw_prefetch_access.prefetchw:u	666	0	0
sw_prefetch_access.prefetchw:u	667	0	0
sw_prefetch_access.prefetchw:u	668	0	0
sw_prefetch_access.prefetchw:u	669	0	0
sw_prefetch_access.prefetchw:u	670	0	0
sw_prefetch_access.prefetchw:u	671	0	0
sw_prefetch_access.prefetchw:u	672	0	0
sw_prefetch_access.prefetchw:u	673	0	0
sw_prefetch_access.prefetchw:u	674	0	0
sw_prefetch_access.prefetchw:u	675	0	0
sw_prefetch_access.prefetchw:u	676	0	0
sw_prefetch_access.prefetchw:u	677	0	0
sw_prefetch_access.prefetchw:u	678	0	0
sw_prefetch_access.prefetchw:u	679	0	0
sw_prefetch_access.prefetchw:u	680	0	0
sw_prefetch_access.prefetchw:u	681	0	0
sw_prefetch_access.prefetchw:u	682	0	0
sw_prefetch_access.prefetchw:u	683	0	0
sw_prefetch_access.prefetchw:u	684	0	0
sw_prefetch_access.prefetchw:u	685	0	0
sw_prefetch_access.prefetchw:u	686	0	0
sw_prefetch_access.prefetchw:u	687	0	0
sw_prefetch_access.prefetchw:u	688	0	0
sw_prefetch_access.prefetchw:u	689	0	0
sw_prefetch_access.prefetchw:u	690	0	0
sw_prefetch_access.prefetchw:u	691	0	0
sw_prefetch_access.prefetchw:u	692	0	0
sw_prefetch_access.prefetchw:u	693	0	0
sw_prefetch_access.prefetchw:u	694	0	0
sw_prefetch_access.prefetchw:u	695	0	0
sw_prefetch_access.prefetchw:u	696	0	0
sw_prefetch_access.prefetchw:u	697	0	0
sw_prefetch_access.prefetchw:u	698	0	0
sw_prefetch_access.prefetchw:u	699	0	0
sw_prefetch_access.prefetchw:u	700	0	0
sw_prefetch_access.prefetchw:u	701	0	0
sw_prefetch_access.prefetchw:u	702	0	0
sw_prefetch_access.prefetchw:u	703	0	0
sw_prefetch_access.prefetchw:u	704	0	0
sw_prefetch_access.prefetchw:u	705	0	0
sw_prefetch_access.prefetchw:u	706	0	0
sw_prefetch_access.prefetchw:u	707	0	0
sw_prefetch_access.prefetchw:u	708	0	0
sw_prefetch_access.prefetchw:u	709	0	0
sw_prefetch_access.prefetchw:u	710	0	0
sw_prefetch_access.prefetchw:u	711	0	0
sw_prefetch_access.prefetchw:u	712	0	0
sw_prefetch_access.prefetchw:u	713	0	0
sw_prefetch_access.prefetchw:u	714	0	0
sw_prefetch_access.prefetchw:u	715	0	0
sw_prefetch_access.prefetchw:u	716	0	0
sw_prefetch_access.prefetchw:u	717	0	0
sw_prefetch_access.prefetchw:u	718	0	0
sw_prefetch_access.prefetchw:u	719	0	0
sw_prefetch_access.prefetchw:u	720	0	0
sw_prefetch_access.prefetchw:u	721	0	0
sw_prefetch_access.prefetchw:u	722	0	0
sw_prefetch_access.prefetchw:u	723	0	0
sw_prefetch_access.prefetchw:u	724	0	0
sw_prefetch_access.prefetchw:u	725	0	0
sw_prefetch_access.prefetchw:u	726	0	0
sw_prefetch_access.prefetchw:u	727	0	0
sw_prefetch_access.prefetchw:u	728	0	0
sw_prefetch_access.prefetchw:u	729	0	0
sw_prefetch_access.prefetchw:u	730	0	0
sw_prefetch_access.prefetchw:u	731	0	0
sw_prefetch_access.prefetchw:u	732	0	0
sw_prefetch_access.prefetchw:u	733	0	0
sw_prefetch_access.prefetchw:u	734	0	0
sw_prefetch_access.prefetchw:u	735	0	0
sw_prefetch_access.prefetchw:u	736	0	0
sw_prefetch_access.prefetchw:u	737	0	0
sw_prefetch_access.prefetchw:u	738	0	0
sw_prefetch_access.prefetchw:u	739	0	0
sw_prefetch_access.prefetchw:u	740	0	0
sw_prefetch_access.prefetchw:u	741	0	0
sw_prefetch_access.prefetchw:u	742	0	0
sw_prefetch_access.prefetchw:u	743	0	0
sw_prefetch_access.prefetchw:u	744	0	0
sw_prefetch_access.prefetchw:u	745	0	0
sw_prefetch_access.prefetchw:u	746	0	0
sw_prefetch_access.prefetchw:u	747	0	0
sw_prefetch_access.prefetchw:u	748	0	0
sw_prefetch_access.prefetchw:u	749	0	0
sw_prefetch_access.prefetchw:u	750	0	0
sw_prefetch_access.prefetchw:u	751	0	0
sw_prefetch_access.prefetchw:u	752	0	0
sw_prefetch_access.prefetchw:u	753	0	0
sw_prefetch_access.prefetchw:u	754	0	0
sw_prefetch_access.prefetchw:u	755	0	0
sw_prefetch_access.prefetchw:u	756	0	0
sw_prefetch_access.prefetchw:u	757	0	0
sw_prefetch_access.prefetchw:u	758	0	0
sw_prefetch_access.prefetchw:u	759	0	0
sw_prefetch_access.prefetchw:u	760	0	0
sw_prefetch_access.prefetchw:u	761	0	0
sw_prefetch_access.prefetchw:u	762	0	0
sw_prefetch_access.prefetchw:u	763	0	0
sw_prefetch_access.prefetchw:u	764	0	0
sw_prefetch_access.prefetchw:u	765	0	0
sw_prefetch_access.prefetchw:u	766	0	0
sw_prefetch_access.prefetchw:u	767	0	0
sw_prefetch_access.prefetchw:u	768	0	0
sw_prefetch_access.prefetchw:u	769	0	0
sw_prefetch_access.prefetchw:u	770	0	0
sw_prefetch_access.prefetchw:u	771	0	0
sw_prefetch_access.prefetchw:u	772	0	0
sw_prefetch_access.prefetchw:u	773	0	0
sw_prefetch_access.prefetchw:u	774	0	0
sw_prefetch_access.prefetchw:u	775	0	0
sw_prefetch_access.prefetchw:u	776	0	0
sw_prefetch_access.prefetchw:u	777	0	0
sw_prefetch_access.prefetchw:u	778	0	0
sw_prefetch_access.prefetchw:u	779	0	0
sw_prefetch_access.prefetchw:u	780	0	0
sw_prefetch_access.prefetchw:u	781	0	0
sw_prefetch_access.prefetchw:u	782	0	0
sw_prefetch_access.prefetchw:u	783	0	0
sw_prefetch_access.prefetchw:u	784	0	0
sw_prefetch_access.prefetchw:u	785	0	0
sw_prefetch_access.prefetchw:u	786	0	0
sw_prefetch_access.prefetchw:u	787	0	0
sw_prefetch_access.prefetchw:u	788	0	0
sw_prefetch_access.prefetchw:u	789	0	0
sw_prefetch_access.prefetchw:u	790	0	0
sw_prefetch_access.prefetchw:u	791	0	0
sw_prefetch_access.prefetchw:u	792	0	0
sw_prefetch_access.prefetchw:u	793	0	0
sw_prefetch_access.prefetchw:u	794	0	0
sw_prefetch_access.prefetchw:u	795	0	0
sw_prefetch_access.prefetchw:u	796	0	0
sw_prefetch_access.prefetchw:u	797	0	0
sw_prefetch_access.prefetchw:u	798	0	0
sw_prefetch_access.prefetchw:u	799	0	0
sw_prefetch_access.prefetchw:u	800	0	0
sw_prefetch_access.prefetchw:u	801	0	0
sw_prefetch_access.prefetchw:u	802	0	0
sw_prefetch_access.prefetchw:u	803	0	0
sw_prefetch_access.prefetchw:u	804	0	0
sw_prefetch_access.prefetchw:u	805	0	0
sw_prefetch_access.prefetchw:u	806	0	0
sw_prefetch_access.prefetchw:u	807	0	0
sw_prefetch_access.prefetchw:u	808	0	0
sw_prefetch_access.prefetchw:u	809	0	0
sw_prefetch_access.prefetchw:u	810	0	0
sw_prefetch_access.prefetchw:u	811	0	0
sw_prefetch_access.prefetchw:u	812	0	0
sw_prefetch_access.prefetchw:u	813	0	0
sw_prefetch_access.prefetchw:u	814	0	0
sw_prefetch_access.prefetchw:u	815	0	0
sw_prefetch_access.prefetchw:u	816	0	0
sw_prefetch_access.prefetchw:u	817	0	0
sw_prefetch_access.prefetchw:u	818	0	0
sw_prefetch_access.prefetchw:u	819	0	0
sw_prefetch_access.prefetchw:u	820	0	0
sw_prefetch_access.prefetchw:u	821	0	0
sw_prefetch_access.prefetchw:u	822	0	0
sw_prefetch_access.prefetchw:u	823	0	0
sw_prefetch_access.prefetchw:u	824	0	0
sw_prefetch_access.prefetchw:u	825	0	0
sw_prefetch_access.prefetchw:u	826	0	0
sw_prefetch_access.prefetchw:u	827	0	0
sw_prefetch_access.prefetchw:u	828	0	0
sw_prefetch_access.prefetchw:u	829	0	0
sw_prefetch_access.prefetchw:u	830	0	0
sw_prefetch_access.prefetchw:u	831	0	0
sw_prefetch_access.prefetchw:u	832	0	0
sw_prefetch_access.prefetchw:u	833	0	0
sw_prefetch_access.prefetchw:u	834	0	0
sw_prefetch_access.prefetchw:u	835	0	0
sw_prefetch_access.prefetchw:u	836	0	0
sw_prefetch_access.prefetchw:u	837	0	0
sw_prefetch_access.prefetchw:u	838	0	0
sw_prefetch_access.prefetchw:u	839	0	0
sw_prefetch_access.prefetchw:u	840	0	0
sw_prefetch_access.prefetchw:u	841	0	0
sw_prefetch_access.prefetchw:u	842	0	0
sw_prefetch_access.prefetchw:u	843	0	0
sw_prefetch_access.prefetchw:u	844	0	0
sw_prefetch_access.prefetchw:u	845	0	0
sw_prefetch_access.prefetchw:u	846	0	0
sw_prefetch_access.prefetchw:u	847	0	0
sw_prefetch_access.prefetchw:u	848	0	0
sw_prefetch_access.prefetchw:u	849	0	0
sw_prefetch_access.prefetchw:u	850	0	0
sw_prefetch_access.prefetchw:u	851	0	0
sw_prefetch_access.prefetchw:u	852	0	0
sw_prefetch_access.prefetchw:u	853	0	0
sw_prefetch_access.prefetchw:u	854	0	0
sw_prefetch_access.prefetchw:u	855	0	0
sw_prefetch_access.prefetchw:u	856	0	0
sw_prefetch_access.prefetchw:u	857	0	0
sw_prefetch_access.prefetchw:u	858	0	0
sw_prefetch_access.prefetchw:u	859	0	0
sw_prefetch_access.prefetchw:u	860	0	0
sw_prefetch_access.prefetchw:u	861	0	0
sw_prefetch_access.prefetchw:u	862	0	0
sw_prefetch_access.prefetchw:u	863	0	0
sw_prefetch_access.prefetchw:u	864	0	0
sw_prefetch_access.prefetchw:u	865	0	0
sw_prefetch_access.prefetchw:u	866	0	0
sw_prefetch_access.prefetchw:u	867	0	0
sw_prefetch_access.prefetchw:u	868	0	0
sw_prefetch_access.prefetchw:u	869	0	0
sw_prefetch_access.prefetchw:u	870	0	0
sw_prefetch_access.prefetchw:u	871	0	0
sw_prefetch_access.prefetchw:u	872	0	0
sw_prefetch_access.prefetchw:u	873	0	0
sw_prefetch_access.prefetchw:u	874	0	0
sw_prefetch_access.prefetchw:u	875	0	0
sw_prefetch_access.prefetchw:u	876	0	0
sw_prefetch_access.prefetchw:u	877	0	0
sw_prefetch_access.prefetchw:u	878	0	0
sw_prefetch_access.prefetchw:u	879	0	0
sw_prefetch_access.prefetchw:u	880	0	0
sw_prefetch_access.prefetchw:u	881	0	0
sw_prefetch_access.prefetchw:u	882	0	0
sw_prefetch_access.prefetchw:u	883	0	0
sw_prefetch_access.prefetchw:u	884	0	0
sw_prefetch_access.prefetchw:u	885	0	0
sw_prefetch_access.prefetchw:u	886	0	0
sw_prefetch_access.prefetchw:u	887	0	0
sw_prefetch_access.prefetchw:u	888	0	0
sw_prefetch_access.prefetchw:u	889	0	0
sw_prefetch_access.prefetchw:u	890	0	0
sw_prefetch_access.prefetchw:u	891	0	0
sw_prefetch_access.prefetchw:u	892	0	0
sw_prefetch_access.prefetchw:u	893	0	0
sw_prefetch_access.prefetchw:u	894	0	0
sw_prefetch_access.prefetchw:u	895	0	0
sw_prefetch_access.prefetchw:u	896	0	0
sw_prefetch_access.prefetchw:u	897	0	0
sw_prefetch_access.prefetchw:u	898	0	0
sw_prefetch_access.prefetchw:u	899	0	0
sw_prefetch_access.prefetchw:u	900	0	0
sw_prefetch_access.prefetchw:u	901	0	0
sw_prefetch_access.prefetchw:u	902	0	0
sw_prefetch_access.prefetchw:u	903	0	0
sw_prefetch_access.prefetchw:u	904	0	0
sw_prefetch_access.prefetchw:u	905	0	0
sw_prefetch_access.prefetchw:u	906	0	0
sw_prefetch_access.prefetchw:u	907	0	0
sw_prefetch_access.prefetchw:u	908	0	0
sw_prefetch_access.prefetchw:u	909	0	0
sw_prefetch_access.prefetchw:u	910	0	0
sw_prefetch_access.prefetchw:u	911	0	0
sw_prefetch_access.prefetchw:u	912	0	0
sw_prefetch_access.prefetchw:u	913	0	0
sw_prefetch_access.prefetchw:u	914	0	0
sw_prefetch_access.prefetchw:u	915	0	0
sw_prefetch_access.prefetchw:u	916	0	0
sw_prefetch_access.prefetchw:u	917	0	0
sw_prefetch_access.prefetchw:u	918	0	0
sw_prefetch_access.prefetchw:u	919	0	0
sw_prefetch_access.prefetchw:u	920	0	0
sw_prefetch_access.prefetchw:u	921	0	0
sw_prefetch_access.prefetchw:u	922	0	0
sw_prefetch_access.prefetchw:u	923	0	0
sw_prefetch_access.prefetchw:u	924	0	0
sw_prefetch_access.prefetchw:u	925	0	0
sw_prefetch_access.prefetchw:u	926	0	0
sw_prefetch_access.prefetchw:u	927	0	0
sw_prefetch_access.prefetchw:u	928	0	0
sw_prefetch_access.prefetchw:u	929	0	0
sw_prefetch_access.prefetchw:u	930	0	0
sw_prefetch_access.prefetchw:u	931	0	0
sw_prefetch_access.prefetchw:u	932	0	0
sw_prefetch_access.prefetchw:u	933	0	0
sw_prefetch_access.prefetchw:u	934	0	0
sw_prefetch_access.prefetchw:u	935	0	0
sw_prefetch_access.prefetchw:u	936	0	0
sw_prefetch_access.prefetchw:u	937	0	0
sw_prefetch_access.prefetchw:u	938	0	0
sw_prefetch_access.prefetchw:u	939	0	0
sw_prefetch_access.prefetchw:u	940	0	0
sw_prefetch_access.prefetchw:u	941	0	0
sw_prefetch_access.prefetchw:u	942	0	0
sw_prefetch_access.prefetchw:u	943	0	0
sw_prefetch_access.prefetchw:u	944	0	0
sw_prefetch_access.prefetchw:u	945	0	0
sw_prefetch_access.prefetchw:u	946	0	0
sw_prefetch_access.prefetchw:u	947	0	0
sw_prefetch_access.prefetchw:u	948	0	0
sw_prefetch_access.prefetchw:u	949	0	0
sw_prefetch_access.prefetchw:u	950	0	0
sw_prefetch_access.prefetchw:u	951	0	0
sw_prefetch_access.prefetchw:u	952	0	0
sw_prefetch_access.prefetchw:u	953	0	0
sw_prefetch_access.prefetchw:u	954	0	0
sw_prefetch_access.prefetchw:u	955	0	0
sw_prefetch_access.prefetchw:u	956	0	0
sw_prefetch_access.prefetchw:u	957	0	0
sw_prefetch_access.prefetchw:u	958	0	0
sw_prefetch_access.prefetchw:u	959	0	0
sw_prefetch_access.prefetchw:u	960	0	0
sw_prefetch_access.prefetchw:u	961	0	0
sw_prefetch_access.prefetchw:u	962	0	0
sw_prefetch_access.prefetchw:u	963	0	0
sw_prefetch_access.prefetchw:u	964	0	0
sw_prefetch_access.prefetchw:u	965	0	0
sw_prefetch_access.prefetchw:u	966	0	0
sw_prefetch_access.prefetchw:u	967	0	0
sw_prefetch_access.prefetchw:u	968	0	0
sw_prefetch_access.prefetchw:u	969	0	0
sw_prefetch_access.prefetchw:u	970	0	0
sw_prefetch_access.prefetchw:u	971	0	0
sw_prefetch_access.prefetchw:u	972	0	0
sw_prefetch_access.prefetchw:u	973	0	0
sw_prefetch_access.prefetchw:u	974	0	0
sw_prefetch_access.prefetchw:u	975	0	0
sw_prefetch_access.prefetchw:u	976	0	0
sw_prefetch_access.prefetchw:u	977	0	0
sw_prefetch_access.prefetchw:u	978	0	0
sw_prefetch_access.prefetchw:u	979	0	0
sw_prefetch_access.prefetchw:u	980	0	0
sw_prefetch_access.prefetchw:u	981	0	0
sw_prefetch_access.prefetchw:u	982	0	0
sw_prefetch_access.prefetchw:u	983	0	0
sw_prefetch_access.prefetchw:u	984	0	0
sw_prefetch_access.prefetchw:u	985	0	0
sw_prefetch_access.prefetchw:u	986	0	0
sw_prefetch_access.prefetchw:u	987	0	0
sw_prefetch_access.prefetchw:u	988	0	0
sw_prefetch_access.prefetchw:u	989	0	0
sw_prefetch_access.prefetchw:u	990	0	0
sw_prefetch_access.prefetchw:u	991	0	0
sw_prefetch_access.prefetchw:u	992	0	0
sw_prefetch_access.prefetchw:u	993	0	0
sw_prefetch_access.prefetchw:u	994	0	0
sw_prefetch_access.prefetchw:u	995	0	0
sw_prefetch_access.prefetchw:u	996	0	0
sw_prefetch_access.prefetchw:u	997	0	0
sw_prefetch_access.prefetchw:u	998	0	0
sw_prefetch_access.prefetchw:u	999	0	0
sw_prefetch_access.prefetchw:u	1000	0	0
dsb2mite_switches.penalty_cycles:u	1	11511940	0
dsb2mite_switches.penalty_cycles:u	2	12311386	0
idq.ms_switches:u	1	1264474864	0
idq.ms_switches:u	2	1264984786	0
rtm_retired.aborted:u	1	0	0
rtm_retired.aborted:u	2	0	0
rtm_retired.aborted:u	3	0	0
rtm_retired.aborted:u	4	0	0
rtm_retired.aborted:u	5	0	0
rtm_retired.aborted:u	6	0	0
rtm_retired.aborted:u	7	0	0
rtm_retired.aborted:u	8	0	0
rtm_retired.aborted:u	9	0	0
rtm_retired.aborted:u	10	0	0
rtm_retired.aborted:u	11	0	0
rtm_retired.aborted:u	12	0	0
rtm_retired.aborted:u	13	0	0
rtm_retired.aborted:u	14	0	0
rtm_retired.aborted:u	15	0	0
rtm_retired.aborted:u	16	0	0
rtm_retired.aborted:u	17	0	0
rtm_retired.aborted:u	18	0	0
rtm_retired.aborted:u	19	0	0
rtm_retired.aborted:u	20	0	0
rtm_retired.aborted:u	21	0	0
rtm_retired.aborted:u	22	0	0
rtm_retired.aborted:u	23	0	0
rtm_retired.aborted:u	24	0	0
rtm_retired.aborted:u	25	0	0
rtm_retired.aborted:u	26	0	0
rtm_retired.aborted:u	27	0	0
rtm_retired.aborted:u	28	0	0
rtm_retired.aborted:u	29	0	0
rtm_retired.aborted:u	30	0	0
rtm_retired.aborted:u	31	0	0
rtm_retired.aborted:u	32	0	0
rtm_retired.aborted:u	33	0	0
rtm_retired.aborted:u	34	0	0
rtm_retired.aborted:u	35	0	0
rtm_retired.aborted:u	36	0	0
rtm_retired.aborted:u	37	0	0
rtm_retired.aborted:u	38	0	0
rtm_retired.aborted:u	39	0	0
rtm_retired.aborted:u	40	0	0
rtm_retired.aborted:u	41	0	0
rtm_retired.aborted:u	42	0	0
rtm_retired.aborted:u	43	0	0
rtm_retired.aborted:u	44	0	0
rtm_retired.aborted:u	45	0	0
rtm_retired.aborted:u	46	0	0
rtm_retired.aborted:u	47	0	0
rtm_retired.aborted:u	48	0	0
rtm_retired.aborted:u	49	0	0
rtm_retired.aborted:u	50	0	0
rtm_retired.aborted:u	51	0	0
rtm_retired.aborted:u	52	0	0
rtm_retired.aborted:u	53	0	0
rtm_retired.aborted:u	54	0	0
rtm_retired.aborted:u	55	0	0
rtm_retired.aborted:u	56	0	0
rtm_retired.aborted:u	57	0	0
rtm_retired.aborted:u	58	0	0
rtm_retired.aborted:u	59	0	0
rtm_retired.aborted:u	60	0	0
rtm_retired.aborted:u	61	0	0
rtm_retired.aborted:u	62	0	0
rtm_retired.aborted:u	63	0	0
rtm_retired.aborted:u	64	0	0
rtm_retired.aborted:u	65	0	0
rtm_retired.aborted:u	66	0	0
rtm_retired.aborted:u	67	0	0
rtm_retired.aborted:u	68	0	0
rtm_retired.aborted:u	69	0	0
rtm_retired.aborted:u	70	0	0
rtm_retired.aborted:u	71	0	0
rtm_retired.aborted:u	72	0	0
rtm_retired.aborted:u	73	0	0
rtm_retired.aborted:u	74	0	0
rtm_retired.aborted:u	75	0	0
rtm_retired.aborted:u	76	0	0
rtm_retired.aborted:u	77	0	0
rtm_retired.aborted:u	78	0	0
rtm_retired.aborted:u	79	0	0
rtm_retired.aborted:u	80	0	0
rtm_retired.aborted:u	81	0	0
rtm_retired.aborted:u	82	0	0
rtm_retired.aborted:u	83	0	0
rtm_retired.aborted:u	84	0	0
rtm_retired.aborted:u	85	0	0
rtm_retired.aborted:u	86	0	0
rtm_retired.aborted:u	87	0	0
rtm_retired.aborted:u	88	0	0
rtm_retired.aborted:u	89	0	0
rtm_retired.aborted:u	90	0	0
rtm_retired.aborted:u	91	0	0
rtm_retired.aborted:u	92	0	0
rtm_retired.aborted:u	93	0	0
rtm_retired.aborted:u	94	0	0
rtm_retired.aborted:u	95	0	0
rtm_retired.aborted:u	96	0	0
rtm_retired.aborted:u	97	0	0
rtm_retired.aborted:u	98	0	0
rtm_retired.aborted:u	99	0	0
rtm_retired.aborted:u	100	0	0
rtm_retired.aborted:u	101	0	0
rtm_retired.aborted:u	102	0	0
rtm_retired.aborted:u	103	0	0
rtm_retired.aborted:u	104	0	0
rtm_retired.aborted:u	105	0	0
rtm_retired.aborted:u	106	0	0
rtm_retired.aborted:u	107	0	0
rtm_retired.aborted:u	108	0	0
rtm_retired.aborted:u	109	0	0
rtm_retired.aborted:u	110	0	0
rtm_retired.aborted:u	111	0	0
rtm_retired.aborted:u	112	0	0
rtm_retired.aborted:u	113	0	0
rtm_retired.aborted:u	114	0	0
rtm_retired.aborted:u	115	0	0
rtm_retired.aborted:u	116	0	0
rtm_retired.aborted:u	117	0	0
rtm_retired.aborted:u	118	0	0
rtm_retired.aborted:u	119	0	0
rtm_retired.aborted:u	120	0	0
rtm_retired.aborted:u	121	0	0
rtm_retired.aborted:u	122	0	0
rtm_retired.aborted:u	123	0	0
rtm_retired.aborted:u	124	0	0
rtm_retired.aborted:u	125	0	0
rtm_retired.aborted:u	126	0	0
rtm_retired.aborted:u	127	0	0
rtm_retired.aborted:u	128	0	0
rtm_retired.aborted:u	129	0	0
rtm_retired.aborted:u	130	0	0
rtm_retired.aborted:u	131	0	0
rtm_retired.aborted:u	132	0	0
rtm_retired.aborted:u	133	0	0
rtm_retired.aborted:u	134	0	0
rtm_retired.aborted:u	135	0	0
rtm_retired.aborted:u	136	0	0
rtm_retired.aborted:u	137	0	0
rtm_retired.aborted:u	138	0	0
rtm_retired.aborted:u	139	0	0
rtm_retired.aborted:u	140	0	0
rtm_retired.aborted:u	141	0	0
rtm_retired.aborted:u	142	0	0
rtm_retired.aborted:u	143	0	0
rtm_retired.aborted:u	144	0	0
rtm_retired.aborted:u	145	0	0
rtm_retired.aborted:u	146	0	0
rtm_retired.aborted:u	147	0	0
rtm_retired.aborted:u	148	0	0
rtm_retired.aborted:u	149	0	0
rtm_retired.aborted:u	150	0	0
rtm_retired.aborted:u	151	0	0
rtm_retired.aborted:u	152	0	0
rtm_retired.aborted:u	153	0	0
rtm_retired.aborted:u	154	0	0
rtm_retired.aborted:u	155	0	0
rtm_retired.aborted:u	156	0	0
rtm_retired.aborted:u	157	0	0
rtm_retired.aborted:u	158	0	0
rtm_retired.aborted:u	159	0	0
rtm_retired.aborted:u	160	0	0
rtm_retired.aborted:u	161	0	0
rtm_retired.aborted:u	162	0	0
rtm_retired.aborted:u	163	0	0
rtm_retired.aborted:u	164	0	0
rtm_retired.aborted:u	165	0	0
rtm_retired.aborted:u	166	0	0
rtm_retired.aborted:u	167	0	0
rtm_retired.aborted:u	168	0	0
rtm_retired.aborted:u	169	0	0
rtm_retired.aborted:u	170	0	0
rtm_retired.aborted:u	171	0	0
rtm_retired.aborted:u	172	0	0
rtm_retired.aborted:u	173	0	0
rtm_retired.aborted:u	174	0	0
rtm_retired.aborted:u	175	0	0
rtm_retired.aborted:u	176	0	0
rtm_retired.aborted:u	177	0	0
rtm_retired.aborted:u	178	0	0
rtm_retired.aborted:u	179	0	0
rtm_retired.aborted:u	180	0	0
rtm_retired.aborted:u	181	0	0
rtm_retired.aborted:u	182	0	0
rtm_retired.aborted:u	183	0	0
rtm_retired.aborted:u	184	0	0
rtm_retired.aborted:u	185	0	0
rtm_retired.aborted:u	186	0	0
rtm_retired.aborted:u	187	0	0
rtm_retired.aborted:u	188	0	0
rtm_retired.aborted:u	189	0	0
rtm_retired.aborted:u	190	0	0
rtm_retired.aborted:u	191	0	0
rtm_retired.aborted:u	192	0	0
rtm_retired.aborted:u	193	0	0
rtm_retired.aborted:u	194	0	0
rtm_retired.aborted:u	195	0	0
rtm_retired.aborted:u	196	0	0
rtm_retired.aborted:u	197	0	0
rtm_retired.aborted:u	198	0	0
rtm_retired.aborted:u	199	0	0
rtm_retired.aborted:u	200	0	0
rtm_retired.aborted:u	201	0	0
rtm_retired.aborted:u	202	0	0
rtm_retired.aborted:u	203	0	0
rtm_retired.aborted:u	204	0	0
rtm_retired.aborted:u	205	0	0
rtm_retired.aborted:u	206	0	0
rtm_retired.aborted:u	207	0	0
rtm_retired.aborted:u	208	0	0
rtm_retired.aborted:u	209	0	0
rtm_retired.aborted:u	210	0	0
rtm_retired.aborted:u	211	0	0
rtm_retired.aborted:u	212	0	0
rtm_retired.aborted:u	213	0	0
rtm_retired.aborted:u	214	0	0
rtm_retired.aborted:u	215	0	0
rtm_retired.aborted:u	216	0	0
rtm_retired.aborted:u	217	0	0
rtm_retired.aborted:u	218	0	0
rtm_retired.aborted:u	219	0	0
rtm_retired.aborted:u	220	0	0
rtm_retired.aborted:u	221	0	0
rtm_retired.aborted:u	222	0	0
rtm_retired.aborted:u	223	0	0
rtm_retired.aborted:u	224	0	0
rtm_retired.aborted:u	225	0	0
rtm_retired.aborted:u	226	0	0
rtm_retired.aborted:u	227	0	0
rtm_retired.aborted:u	228	0	0
rtm_retired.aborted:u	229	0	0
rtm_retired.aborted:u	230	0	0
rtm_retired.aborted:u	231	0	0
rtm_retired.aborted:u	232	0	0
rtm_retired.aborted:u	233	0	0
rtm_retired.aborted:u	234	0	0
rtm_retired.aborted:u	235	0	0
rtm_retired.aborted:u	236	0	0
rtm_retired.aborted:u	237	0	0
rtm_retired.aborted:u	238	0	0
rtm_retired.aborted:u	239	0	0
rtm_retired.aborted:u	240	0	0
rtm_retired.aborted:u	241	0	0
rtm_retired.aborted:u	242	0	0
rtm_retired.aborted:u	243	0	0
rtm_retired.aborted:u	244	0	0
rtm_retired.aborted:u	245	0	0
rtm_retired.aborted:u	246	0	0
rtm_retired.aborted:u	247	0	0
rtm_retired.aborted:u	248	0	0
rtm_retired.aborted:u	249	0	0
rtm_retired.aborted:u	250	0	0
rtm_retired.aborted:u	251	0	0
rtm_retired.aborted:u	252	0	0
rtm_retired.aborted:u	253	0	0
rtm_retired.aborted:u	254	0	0
rtm_retired.aborted:u	255	0	0
rtm_retired.aborted:u	256	0	0
rtm_retired.aborted:u	257	0	0
rtm_retired.aborted:u	258	0	0
rtm_retired.aborted:u	259	0	0
rtm_retired.aborted:u	260	0	0
rtm_retired.aborted:u	261	0	0
rtm_retired.aborted:u	262	0	0
rtm_retired.aborted:u	263	0	0
rtm_retired.aborted:u	264	0	0
rtm_retired.aborted:u	265	0	0
rtm_retired.aborted:u	266	0	0
rtm_retired.aborted:u	267	0	0
rtm_retired.aborted:u	268	0	0
rtm_retired.aborted:u	269	0	0
rtm_retired.aborted:u	270	0	0
rtm_retired.aborted:u	271	0	0
rtm_retired.aborted:u	272	0	0
rtm_retired.aborted:u	273	0	0
rtm_retired.aborted:u	274	0	0
rtm_retired.aborted:u	275	0	0
rtm_retired.aborted:u	276	0	0
rtm_retired.aborted:u	277	0	0
rtm_retired.aborted:u	278	0	0
rtm_retired.aborted:u	279	0	0
rtm_retired.aborted:u	280	0	0
rtm_retired.aborted:u	281	0	0
rtm_retired.aborted:u	282	0	0
rtm_retired.aborted:u	283	0	0
rtm_retired.aborted:u	284	0	0
rtm_retired.aborted:u	285	0	0
rtm_retired.aborted:u	286	0	0
rtm_retired.aborted:u	287	0	0
rtm_retired.aborted:u	288	0	0
rtm_retired.aborted:u	289	0	0
rtm_retired.aborted:u	290	0	0
rtm_retired.aborted:u	291	0	0
rtm_retired.aborted:u	292	0	0
rtm_retired.aborted:u	293	0	0
rtm_retired.aborted:u	294	0	0
rtm_retired.aborted:u	295	0	0
rtm_retired.aborted:u	296	0	0
rtm_retired.aborted:u	297	0	0
rtm_retired.aborted:u	298	0	0
rtm_retired.aborted:u	299	0	0
rtm_retired.aborted:u	300	0	0
rtm_retired.aborted:u	301	0	0
rtm_retired.aborted:u	302	0	0
rtm_retired.aborted:u	303	0	0
rtm_retired.aborted:u	304	0	0
rtm_retired.aborted:u	305	0	0
rtm_retired.aborted:u	306	0	0
rtm_retired.aborted:u	307	0	0
rtm_retired.aborted:u	308	0	0
rtm_retired.aborted:u	309	0	0
rtm_retired.aborted:u	310	0	0
rtm_retired.aborted:u	311	0	0
rtm_retired.aborted:u	312	0	0
rtm_retired.aborted:u	313	0	0
rtm_retired.aborted:u	314	0	0
rtm_retired.aborted:u	315	0	0
rtm_retired.aborted:u	316	0	0
rtm_retired.aborted:u	317	0	0
rtm_retired.aborted:u	318	0	0
rtm_retired.aborted:u	319	0	0
rtm_retired.aborted:u	320	0	0
rtm_retired.aborted:u	321	0	0
rtm_retired.aborted:u	322	0	0
rtm_retired.aborted:u	323	0	0
rtm_retired.aborted:u	324	0	0
rtm_retired.aborted:u	325	0	0
rtm_retired.aborted:u	326	0	0
rtm_retired.aborted:u	327	0	0
rtm_retired.aborted:u	328	0	0
rtm_retired.aborted:u	329	0	0
rtm_retired.aborted:u	330	0	0
rtm_retired.aborted:u	331	0	0
rtm_retired.aborted:u	332	0	0
rtm_retired.aborted:u	333	0	0
rtm_retired.aborted:u	334	0	0
rtm_retired.aborted:u	335	0	0
rtm_retired.aborted:u	336	0	0
rtm_retired.aborted:u	337	0	0
rtm_retired.aborted:u	338	0	0
rtm_retired.aborted:u	339	0	0
rtm_retired.aborted:u	340	0	0
rtm_retired.aborted:u	341	0	0
rtm_retired.aborted:u	342	0	0
rtm_retired.aborted:u	343	0	0
rtm_retired.aborted:u	344	0	0
rtm_retired.aborted:u	345	0	0
rtm_retired.aborted:u	346	0	0
rtm_retired.aborted:u	347	0	0
rtm_retired.aborted:u	348	0	0
rtm_retired.aborted:u	349	0	0
rtm_retired.aborted:u	350	0	0
rtm_retired.aborted:u	351	0	0
rtm_retired.aborted:u	352	0	0
rtm_retired.aborted:u	353	0	0
rtm_retired.aborted:u	354	0	0
rtm_retired.aborted:u	355	0	0
rtm_retired.aborted:u	356	0	0
rtm_retired.aborted:u	357	0	0
rtm_retired.aborted:u	358	0	0
rtm_retired.aborted:u	359	0	0
rtm_retired.aborted:u	360	0	0
rtm_retired.aborted:u	361	0	0
rtm_retired.aborted:u	362	0	0
rtm_retired.aborted:u	363	0	0
rtm_retired.aborted:u	364	0	0
rtm_retired.aborted:u	365	0	0
rtm_retired.aborted:u	366	0	0
rtm_retired.aborted:u	367	0	0
rtm_retired.aborted:u	368	0	0
rtm_retired.aborted:u	369	0	0
rtm_retired.aborted:u	370	0	0
rtm_retired.aborted:u	371	0	0
rtm_retired.aborted:u	372	0	0
rtm_retired.aborted:u	373	0	0
rtm_retired.aborted:u	374	0	0
rtm_retired.aborted:u	375	0	0
rtm_retired.aborted:u	376	0	0
rtm_retired.aborted:u	377	0	0
rtm_retired.aborted:u	378	0	0
rtm_retired.aborted:u	379	0	0
rtm_retired.aborted:u	380	0	0
rtm_retired.aborted:u	381	0	0
rtm_retired.aborted:u	382	0	0
rtm_retired.aborted:u	383	0	0
rtm_retired.aborted:u	384	0	0
rtm_retired.aborted:u	385	0	0
rtm_retired.aborted:u	386	0	0
rtm_retired.aborted:u	387	0	0
rtm_retired.aborted:u	388	0	0
rtm_retired.aborted:u	389	0	0
rtm_retired.aborted:u	390	0	0
rtm_retired.aborted:u	391	0	0
rtm_retired.aborted:u	392	0	0
rtm_retired.aborted:u	393	0	0
rtm_retired.aborted:u	394	0	0
rtm_retired.aborted:u	395	0	0
rtm_retired.aborted:u	396	0	0
rtm_retired.aborted:u	397	0	0
rtm_retired.aborted:u	398	0	0
rtm_retired.aborted:u	399	0	0
rtm_retired.aborted:u	400	0	0
rtm_retired.aborted:u	401	0	0
rtm_retired.aborted:u	402	0	0
rtm_retired.aborted:u	403	0	0
rtm_retired.aborted:u	404	0	0
rtm_retired.aborted:u	405	0	0
rtm_retired.aborted:u	406	0	0
rtm_retired.aborted:u	407	0	0
rtm_retired.aborted:u	408	0	0
rtm_retired.aborted:u	409	0	0
rtm_retired.aborted:u	410	0	0
rtm_retired.aborted:u	411	0	0
rtm_retired.aborted:u	412	0	0
rtm_retired.aborted:u	413	0	0
rtm_retired.aborted:u	414	0	0
rtm_retired.aborted:u	415	0	0
rtm_retired.aborted:u	416	0	0
rtm_retired.aborted:u	417	0	0
rtm_retired.aborted:u	418	0	0
rtm_retired.aborted:u	419	0	0
rtm_retired.aborted:u	420	0	0
rtm_retired.aborted:u	421	0	0
rtm_retired.aborted:u	422	0	0
rtm_retired.aborted:u	423	0	0
rtm_retired.aborted:u	424	0	0
rtm_retired.aborted:u	425	0	0
rtm_retired.aborted:u	426	0	0
rtm_retired.aborted:u	427	0	0
rtm_retired.aborted:u	428	0	0
rtm_retired.aborted:u	429	0	0
rtm_retired.aborted:u	430	0	0
rtm_retired.aborted:u	431	0	0
rtm_retired.aborted:u	432	0	0
rtm_retired.aborted:u	433	0	0
rtm_retired.aborted:u	434	0	0
rtm_retired.aborted:u	435	0	0
rtm_retired.aborted:u	436	0	0
rtm_retired.aborted:u	437	0	0
rtm_retired.aborted:u	438	0	0
rtm_retired.aborted:u	439	0	0
rtm_retired.aborted:u	440	0	0
rtm_retired.aborted:u	441	0	0
rtm_retired.aborted:u	442	0	0
rtm_retired.aborted:u	443	0	0
rtm_retired.aborted:u	444	0	0
rtm_retired.aborted:u	445	0	0
rtm_retired.aborted:u	446	0	0
rtm_retired.aborted:u	447	0	0
rtm_retired.aborted:u	448	0	0
rtm_retired.aborted:u	449	0	0
rtm_retired.aborted:u	450	0	0
rtm_retired.aborted:u	451	0	0
rtm_retired.aborted:u	452	0	0
rtm_retired.aborted:u	453	0	0
rtm_retired.aborted:u	454	0	0
rtm_retired.aborted:u	455	0	0
rtm_retired.aborted:u	456	0	0
rtm_retired.aborted:u	457	0	0
rtm_retired.aborted:u	458	0	0
rtm_retired.aborted:u	459	0	0
rtm_retired.aborted:u	460	0	0
rtm_retired.aborted:u	461	0	0
rtm_retired.aborted:u	462	0	0
rtm_retired.aborted:u	463	0	0
rtm_retired.aborted:u	464	0	0
rtm_retired.aborted:u	465	0	0
rtm_retired.aborted:u	466	0	0
rtm_retired.aborted:u	467	0	0
rtm_retired.aborted:u	468	0	0
rtm_retired.aborted:u	469	0	0
rtm_retired.aborted:u	470	0	0
rtm_retired.aborted:u	471	0	0
rtm_retired.aborted:u	472	0	0
rtm_retired.aborted:u	473	0	0
rtm_retired.aborted:u	474	0	0
rtm_retired.aborted:u	475	0	0
rtm_retired.aborted:u	476	0	0
rtm_retired.aborted:u	477	0	0
rtm_retired.aborted:u	478	0	0
rtm_retired.aborted:u	479	0	0
rtm_retired.aborted:u	480	0	0
rtm_retired.aborted:u	481	0	0
rtm_retired.aborted:u	482	0	0
rtm_retired.aborted:u	483	0	0
rtm_retired.aborted:u	484	0	0
rtm_retired.aborted:u	485	0	0
rtm_retired.aborted:u	486	0	0
rtm_retired.aborted:u	487	0	0
rtm_retired.aborted:u	488	0	0
rtm_retired.aborted:u	489	0	0
rtm_retired.aborted:u	490	0	0
rtm_retired.aborted:u	491	0	0
rtm_retired.aborted:u	492	0	0
rtm_retired.aborted:u	493	0	0
rtm_retired.aborted:u	494	0	0
rtm_retired.aborted:u	495	0	0
rtm_retired.aborted:u	496	0	0
rtm_retired.aborted:u	497	0	0
rtm_retired.aborted:u	498	0	0
rtm_retired.aborted:u	499	0	0
rtm_retired.aborted:u	500	0	0
rtm_retired.aborted:u	501	0	0
rtm_retired.aborted:u	502	0	0
rtm_retired.aborted:u	503	0	0
rtm_retired.aborted:u	504	0	0
rtm_retired.aborted:u	505	0	0
rtm_retired.aborted:u	506	0	0
rtm_retired.aborted:u	507	0	0
rtm_retired.aborted:u	508	0	0
rtm_retired.aborted:u	509	0	0
rtm_retired.aborted:u	510	0	0
rtm_retired.aborted:u	511	0	0
rtm_retired.aborted:u	512	0	0
rtm_retired.aborted:u	513	0	0
rtm_retired.aborted:u	514	0	0
rtm_retired.aborted:u	515	0	0
rtm_retired.aborted:u	516	0	0
rtm_retired.aborted:u	517	0	0
rtm_retired.aborted:u	518	0	0
rtm_retired.aborted:u	519	0	0
rtm_retired.aborted:u	520	0	0
rtm_retired.aborted:u	521	0	0
rtm_retired.aborted:u	522	0	0
rtm_retired.aborted:u	523	0	0
rtm_retired.aborted:u	524	0	0
rtm_retired.aborted:u	525	0	0
rtm_retired.aborted:u	526	0	0
rtm_retired.aborted:u	527	0	0
rtm_retired.aborted:u	528	0	0
rtm_retired.aborted:u	529	0	0
rtm_retired.aborted:u	530	0	0
rtm_retired.aborted:u	531	0	0
rtm_retired.aborted:u	532	0	0
rtm_retired.aborted:u	533	0	0
rtm_retired.aborted:u	534	0	0
rtm_retired.aborted:u	535	0	0
rtm_retired.aborted:u	536	0	0
rtm_retired.aborted:u	537	0	0
rtm_retired.aborted:u	538	0	0
rtm_retired.aborted:u	539	0	0
rtm_retired.aborted:u	540	0	0
rtm_retired.aborted:u	541	0	0
rtm_retired.aborted:u	542	0	0
rtm_retired.aborted:u	543	0	0
rtm_retired.aborted:u	544	0	0
rtm_retired.aborted:u	545	0	0
rtm_retired.aborted:u	546	0	0
rtm_retired.aborted:u	547	0	0
rtm_retired.aborted:u	548	0	0
rtm_retired.aborted:u	549	0	0
rtm_retired.aborted:u	550	0	0
rtm_retired.aborted:u	551	0	0
rtm_retired.aborted:u	552	0	0
rtm_retired.aborted:u	553	0	0
rtm_retired.aborted:u	554	0	0
rtm_retired.aborted:u	555	0	0
rtm_retired.aborted:u	556	0	0
rtm_retired.aborted:u	557	0	0
rtm_retired.aborted:u	558	0	0
rtm_retired.aborted:u	559	0	0
rtm_retired.aborted:u	560	0	0
rtm_retired.aborted:u	561	0	0
rtm_retired.aborted:u	562	0	0
rtm_retired.aborted:u	563	0	0
rtm_retired.aborted:u	564	0	0
rtm_retired.aborted:u	565	0	0
rtm_retired.aborted:u	566	0	0
rtm_retired.aborted:u	567	0	0
rtm_retired.aborted:u	568	0	0
rtm_retired.aborted:u	569	0	0
rtm_retired.aborted:u	570	0	0
rtm_retired.aborted:u	571	0	0
rtm_retired.aborted:u	572	0	0
rtm_retired.aborted:u	573	0	0
rtm_retired.aborted:u	574	0	0
rtm_retired.aborted:u	575	0	0
rtm_retired.aborted:u	576	0	0
rtm_retired.aborted:u	577	0	0
rtm_retired.aborted:u	578	0	0
rtm_retired.aborted:u	579	0	0
rtm_retired.aborted:u	580	0	0
rtm_retired.aborted:u	581	0	0
rtm_retired.aborted:u	582	0	0
rtm_retired.aborted:u	583	0	0
rtm_retired.aborted:u	584	0	0
rtm_retired.aborted:u	585	0	0
rtm_retired.aborted:u	586	0	0
rtm_retired.aborted:u	587	0	0
rtm_retired.aborted:u	588	0	0
rtm_retired.aborted:u	589	0	0
rtm_retired.aborted:u	590	0	0
rtm_retired.aborted:u	591	0	0
rtm_retired.aborted:u	592	0	0
rtm_retired.aborted:u	593	0	0
rtm_retired.aborted:u	594	0	0
rtm_retired.aborted:u	595	0	0
rtm_retired.aborted:u	596	0	0
rtm_retired.aborted:u	597	0	0
rtm_retired.aborted:u	598	0	0
rtm_retired.aborted:u	599	0	0
rtm_retired.aborted:u	600	0	0
rtm_retired.aborted:u	601	0	0
rtm_retired.aborted:u	602	0	0
rtm_retired.aborted:u	603	0	0
rtm_retired.aborted:u	604	0	0
rtm_retired.aborted:u	605	0	0
rtm_retired.aborted:u	606	0	0
rtm_retired.aborted:u	607	0	0
rtm_retired.aborted:u	608	0	0
rtm_retired.aborted:u	609	0	0
rtm_retired.aborted:u	610	0	0
rtm_retired.aborted:u	611	0	0
rtm_retired.aborted:u	612	0	0
rtm_retired.aborted:u	613	0	0
rtm_retired.aborted:u	614	0	0
rtm_retired.aborted:u	615	0	0
rtm_retired.aborted:u	616	0	0
rtm_retired.aborted:u	617	0	0
rtm_retired.aborted:u	618	0	0
rtm_retired.aborted:u	619	0	0
rtm_retired.aborted:u	620	0	0
rtm_retired.aborted:u	621	0	0
rtm_retired.aborted:u	622	0	0
rtm_retired.aborted:u	623	0	0
rtm_retired.aborted:u	624	0	0
rtm_retired.aborted:u	625	0	0
rtm_retired.aborted:u	626	0	0
rtm_retired.aborted:u	627	0	0
rtm_retired.aborted:u	628	0	0
rtm_retired.aborted:u	629	0	0
rtm_retired.aborted:u	630	0	0
rtm_retired.aborted:u	631	0	0
rtm_retired.aborted:u	632	0	0
rtm_retired.aborted:u	633	0	0
rtm_retired.aborted:u	634	0	0
rtm_retired.aborted:u	635	0	0
rtm_retired.aborted:u	636	0	0
rtm_retired.aborted:u	637	0	0
rtm_retired.aborted:u	638	0	0
rtm_retired.aborted:u	639	0	0
rtm_retired.aborted:u	640	0	0
rtm_retired.aborted:u	641	0	0
rtm_retired.aborted:u	642	0	0
rtm_retired.aborted:u	643	0	0
rtm_retired.aborted:u	644	0	0
rtm_retired.aborted:u	645	0	0
rtm_retired.aborted:u	646	0	0
rtm_retired.aborted:u	647	0	0
rtm_retired.aborted:u	648	0	0
rtm_retired.aborted:u	649	0	0
rtm_retired.aborted:u	650	0	0
rtm_retired.aborted:u	651	0	0
rtm_retired.aborted:u	652	0	0
rtm_retired.aborted:u	653	0	0
rtm_retired.aborted:u	654	0	0
rtm_retired.aborted:u	655	0	0
rtm_retired.aborted:u	656	0	0
rtm_retired.aborted:u	657	0	0
rtm_retired.aborted:u	658	0	0
rtm_retired.aborted:u	659	0	0
rtm_retired.aborted:u	660	0	0
rtm_retired.aborted:u	661	0	0
rtm_retired.aborted:u	662	0	0
rtm_retired.aborted:u	663	0	0
rtm_retired.aborted:u	664	0	0
rtm_retired.aborted:u	665	0	0
rtm_retired.aborted:u	666	0	0
rtm_retired.aborted:u	667	0	0
rtm_retired.aborted:u	668	0	0
rtm_retired.aborted:u	669	0	0
rtm_retired.aborted:u	670	0	0
rtm_retired.aborted:u	671	0	0
rtm_retired.aborted:u	672	0	0
rtm_retired.aborted:u	673	0	0
rtm_retired.aborted:u	674	0	0
rtm_retired.aborted:u	675	0	0
rtm_retired.aborted:u	676	0	0
rtm_retired.aborted:u	677	0	0
rtm_retired.aborted:u	678	0	0
rtm_retired.aborted:u	679	0	0
rtm_retired.aborted:u	680	0	0
rtm_retired.aborted:u	681	0	0
rtm_retired.aborted:u	682	0	0
rtm_retired.aborted:u	683	0	0
rtm_retired.aborted:u	684	0	0
rtm_retired.aborted:u	685	0	0
rtm_retired.aborted:u	686	0	0
rtm_retired.aborted:u	687	0	0
rtm_retired.aborted:u	688	0	0
rtm_retired.aborted:u	689	0	0
rtm_retired.aborted:u	690	0	0
rtm_retired.aborted:u	691	0	0
rtm_retired.aborted:u	692	0	0
rtm_retired.aborted:u	693	0	0
rtm_retired.aborted:u	694	0	0
rtm_retired.aborted:u	695	0	0
rtm_retired.aborted:u	696	0	0
rtm_retired.aborted:u	697	0	0
rtm_retired.aborted:u	698	0	0
rtm_retired.aborted:u	699	0	0
rtm_retired.aborted:u	700	0	0
rtm_retired.aborted:u	701	0	0
rtm_retired.aborted:u	702	0	0
rtm_retired.aborted:u	703	0	0
rtm_retired.aborted:u	704	0	0
rtm_retired.aborted:u	705	0	0
rtm_retired.aborted:u	706	0	0
rtm_retired.aborted:u	707	0	0
rtm_retired.aborted:u	708	0	0
rtm_retired.aborted:u	709	0	0
rtm_retired.aborted:u	710	0	0
rtm_retired.aborted:u	711	0	0
rtm_retired.aborted:u	712	0	0
rtm_retired.aborted:u	713	0	0
rtm_retired.aborted:u	714	0	0
rtm_retired.aborted:u	715	0	0
rtm_retired.aborted:u	716	0	0
rtm_retired.aborted:u	717	0	0
rtm_retired.aborted:u	718	0	0
rtm_retired.aborted:u	719	0	0
rtm_retired.aborted:u	720	0	0
rtm_retired.aborted:u	721	0	0
rtm_retired.aborted:u	722	0	0
rtm_retired.aborted:u	723	0	0
rtm_retired.aborted:u	724	0	0
rtm_retired.aborted:u	725	0	0
rtm_retired.aborted:u	726	0	0
rtm_retired.aborted:u	727	0	0
rtm_retired.aborted:u	728	0	0
rtm_retired.aborted:u	729	0	0
rtm_retired.aborted:u	730	0	0
rtm_retired.aborted:u	731	0	0
rtm_retired.aborted:u	732	0	0
rtm_retired.aborted:u	733	0	0
rtm_retired.aborted:u	734	0	0
rtm_retired.aborted:u	735	0	0
rtm_retired.aborted:u	736	0	0
rtm_retired.aborted:u	737	0	0
rtm_retired.aborted:u	738	0	0
rtm_retired.aborted:u	739	0	0
rtm_retired.aborted:u	740	0	0
rtm_retired.aborted:u	741	0	0
rtm_retired.aborted:u	742	0	0
rtm_retired.aborted:u	743	0	0
rtm_retired.aborted:u	744	0	0
rtm_retired.aborted:u	745	0	0
rtm_retired.aborted:u	746	0	0
rtm_retired.aborted:u	747	0	0
rtm_retired.aborted:u	748	0	0
rtm_retired.aborted:u	749	0	0
rtm_retired.aborted:u	750	0	0
rtm_retired.aborted:u	751	0	0
rtm_retired.aborted:u	752	0	0
rtm_retired.aborted:u	753	0	0
rtm_retired.aborted:u	754	0	0
rtm_retired.aborted:u	755	0	0
rtm_retired.aborted:u	756	0	0
rtm_retired.aborted:u	757	0	0
rtm_retired.aborted:u	758	0	0
rtm_retired.aborted:u	759	0	0
rtm_retired.aborted:u	760	0	0
rtm_retired.aborted:u	761	0	0
rtm_retired.aborted:u	762	0	0
rtm_retired.aborted:u	763	0	0
rtm_retired.aborted:u	764	0	0
rtm_retired.aborted:u	765	0	0
rtm_retired.aborted:u	766	0	0
rtm_retired.aborted:u	767	0	0
rtm_retired.aborted:u	768	0	0
rtm_retired.aborted:u	769	0	0
rtm_retired.aborted:u	770	0	0
rtm_retired.aborted:u	771	0	0
rtm_retired.aborted:u	772	0	0
rtm_retired.aborted:u	773	0	0
rtm_retired.aborted:u	774	0	0
rtm_retired.aborted:u	775	0	0
rtm_retired.aborted:u	776	0	0
rtm_retired.aborted:u	777	0	0
rtm_retired.aborted:u	778	0	0
rtm_retired.aborted:u	779	0	0
rtm_retired.aborted:u	780	0	0
rtm_retired.aborted:u	781	0	0
rtm_retired.aborted:u	782	0	0
rtm_retired.aborted:u	783	0	0
rtm_retired.aborted:u	784	0	0
rtm_retired.aborted:u	785	0	0
rtm_retired.aborted:u	786	0	0
rtm_retired.aborted:u	787	0	0
rtm_retired.aborted:u	788	0	0
rtm_retired.aborted:u	789	0	0
rtm_retired.aborted:u	790	0	0
rtm_retired.aborted:u	791	0	0
rtm_retired.aborted:u	792	0	0
rtm_retired.aborted:u	793	0	0
rtm_retired.aborted:u	794	0	0
rtm_retired.aborted:u	795	0	0
rtm_retired.aborted:u	796	0	0
rtm_retired.aborted:u	797	0	0
rtm_retired.aborted:u	798	0	0
rtm_retired.aborted:u	799	0	0
rtm_retired.aborted:u	800	0	0
rtm_retired.aborted:u	801	0	0
rtm_retired.aborted:u	802	0	0
rtm_retired.aborted:u	803	0	0
rtm_retired.aborted:u	804	0	0
rtm_retired.aborted:u	805	0	0
rtm_retired.aborted:u	806	0	0
rtm_retired.aborted:u	807	0	0
rtm_retired.aborted:u	808	0	0
rtm_retired.aborted:u	809	0	0
rtm_retired.aborted:u	810	0	0
rtm_retired.aborted:u	811	0	0
rtm_retired.aborted:u	812	0	0
rtm_retired.aborted:u	813	0	0
rtm_retired.aborted:u	814	0	0
rtm_retired.aborted:u	815	0	0
rtm_retired.aborted:u	816	0	0
rtm_retired.aborted:u	817	0	0
rtm_retired.aborted:u	818	0	0
rtm_retired.aborted:u	819	0	0
rtm_retired.aborted:u	820	0	0
rtm_retired.aborted:u	821	0	0
rtm_retired.aborted:u	822	0	0
rtm_retired.aborted:u	823	0	0
rtm_retired.aborted:u	824	0	0
rtm_retired.aborted:u	825	0	0
rtm_retired.aborted:u	826	0	0
rtm_retired.aborted:u	827	0	0
rtm_retired.aborted:u	828	0	0
rtm_retired.aborted:u	829	0	0
rtm_retired.aborted:u	830	0	0
rtm_retired.aborted:u	831	0	0
rtm_retired.aborted:u	832	0	0
rtm_retired.aborted:u	833	0	0
rtm_retired.aborted:u	834	0	0
rtm_retired.aborted:u	835	0	0
rtm_retired.aborted:u	836	0	0
rtm_retired.aborted:u	837	0	0
rtm_retired.aborted:u	838	0	0
rtm_retired.aborted:u	839	0	0
rtm_retired.aborted:u	840	0	0
rtm_retired.aborted:u	841	0	0
rtm_retired.aborted:u	842	0	0
rtm_retired.aborted:u	843	0	0
rtm_retired.aborted:u	844	0	0
rtm_retired.aborted:u	845	0	0
rtm_retired.aborted:u	846	0	0
rtm_retired.aborted:u	847	0	0
rtm_retired.aborted:u	848	0	0
rtm_retired.aborted:u	849	0	0
rtm_retired.aborted:u	850	0	0
rtm_retired.aborted:u	851	0	0
rtm_retired.aborted:u	852	0	0
rtm_retired.aborted:u	853	0	0
rtm_retired.aborted:u	854	0	0
rtm_retired.aborted:u	855	0	0
rtm_retired.aborted:u	856	0	0
rtm_retired.aborted:u	857	0	0
rtm_retired.aborted:u	858	0	0
rtm_retired.aborted:u	859	0	0
rtm_retired.aborted:u	860	0	0
rtm_retired.aborted:u	861	0	0
rtm_retired.aborted:u	862	0	0
rtm_retired.aborted:u	863	0	0
rtm_retired.aborted:u	864	0	0
rtm_retired.aborted:u	865	0	0
rtm_retired.aborted:u	866	0	0
rtm_retired.aborted:u	867	0	0
rtm_retired.aborted:u	868	0	0
rtm_retired.aborted:u	869	0	0
rtm_retired.aborted:u	870	0	0
rtm_retired.aborted:u	871	0	0
rtm_retired.aborted:u	872	0	0
rtm_retired.aborted:u	873	0	0
rtm_retired.aborted:u	874	0	0
rtm_retired.aborted:u	875	0	0
rtm_retired.aborted:u	876	0	0
rtm_retired.aborted:u	877	0	0
rtm_retired.aborted:u	878	0	0
rtm_retired.aborted:u	879	0	0
rtm_retired.aborted:u	880	0	0
rtm_retired.aborted:u	881	0	0
rtm_retired.aborted:u	882	0	0
rtm_retired.aborted:u	883	0	0
rtm_retired.aborted:u	884	0	0
rtm_retired.aborted:u	885	0	0
rtm_retired.aborted:u	886	0	0
rtm_retired.aborted:u	887	0	0
rtm_retired.aborted:u	888	0	0
rtm_retired.aborted:u	889	0	0
rtm_retired.aborted:u	890	0	0
rtm_retired.aborted:u	891	0	0
rtm_retired.aborted:u	892	0	0
rtm_retired.aborted:u	893	0	0
rtm_retired.aborted:u	894	0	0
rtm_retired.aborted:u	895	0	0
rtm_retired.aborted:u	896	0	0
rtm_retired.aborted:u	897	0	0
rtm_retired.aborted:u	898	0	0
rtm_retired.aborted:u	899	0	0
rtm_retired.aborted:u	900	0	0
rtm_retired.aborted:u	901	0	0
rtm_retired.aborted:u	902	0	0
rtm_retired.aborted:u	903	0	0
rtm_retired.aborted:u	904	0	0
rtm_retired.aborted:u	905	0	0
rtm_retired.aborted:u	906	0	0
rtm_retired.aborted:u	907	0	0
rtm_retired.aborted:u	908	0	0
rtm_retired.aborted:u	909	0	0
rtm_retired.aborted:u	910	0	0
rtm_retired.aborted:u	911	0	0
rtm_retired.aborted:u	912	0	0
rtm_retired.aborted:u	913	0	0
rtm_retired.aborted:u	914	0	0
rtm_retired.aborted:u	915	0	0
rtm_retired.aborted:u	916	0	0
rtm_retired.aborted:u	917	0	0
rtm_retired.aborted:u	918	0	0
rtm_retired.aborted:u	919	0	0
rtm_retired.aborted:u	920	0	0
rtm_retired.aborted:u	921	0	0
rtm_retired.aborted:u	922	0	0
rtm_retired.aborted:u	923	0	0
rtm_retired.aborted:u	924	0	0
rtm_retired.aborted:u	925	0	0
rtm_retired.aborted:u	926	0	0
rtm_retired.aborted:u	927	0	0
rtm_retired.aborted:u	928	0	0
rtm_retired.aborted:u	929	0	0
rtm_retired.aborted:u	930	0	0
rtm_retired.aborted:u	931	0	0
rtm_retired.aborted:u	932	0	0
rtm_retired.aborted:u	933	0	0
rtm_retired.aborted:u	934	0	0
rtm_retired.aborted:u	935	0	0
rtm_retired.aborted:u	936	0	0
rtm_retired.aborted:u	937	0	0
rtm_retired.aborted:u	938	0	0
rtm_retired.aborted:u	939	0	0
rtm_retired.aborted:u	940	0	0
rtm_retired.aborted:u	941	0	0
rtm_retired.aborted:u	942	0	0
rtm_retired.aborted:u	943	0	0
rtm_retired.aborted:u	944	0	0
rtm_retired.aborted:u	945	0	0
rtm_retired.aborted:u	946	0	0
rtm_retired.aborted:u	947	0	0
rtm_retired.aborted:u	948	0	0
rtm_retired.aborted:u	949	0	0
rtm_retired.aborted:u	950	0	0
rtm_retired.aborted:u	951	0	0
rtm_retired.aborted:u	952	0	0
rtm_retired.aborted:u	953	0	0
rtm_retired.aborted:u	954	0	0
rtm_retired.aborted:u	955	0	0
rtm_retired.aborted:u	956	0	0
rtm_retired.aborted:u	957	0	0
rtm_retired.aborted:u	958	0	0
rtm_retired.aborted:u	959	0	0
rtm_retired.aborted:u	960	0	0
rtm_retired.aborted:u	961	0	0
rtm_retired.aborted:u	962	0	0
rtm_retired.aborted:u	963	0	0
rtm_retired.aborted:u	964	0	0
rtm_retired.aborted:u	965	0	0
rtm_retired.aborted:u	966	0	0
rtm_retired.aborted:u	967	0	0
rtm_retired.aborted:u	968	0	0
rtm_retired.aborted:u	969	0	0
rtm_retired.aborted:u	970	0	0
rtm_retired.aborted:u	971	0	0
rtm_retired.aborted:u	972	0	0
rtm_retired.aborted:u	973	0	0
rtm_retired.aborted:u	974	0	0
rtm_retired.aborted:u	975	0	0
rtm_retired.aborted:u	976	0	0
rtm_retired.aborted:u	977	0	0
rtm_retired.aborted:u	978	0	0
rtm_retired.aborted:u	979	0	0
rtm_retired.aborted:u	980	0	0
rtm_retired.aborted:u	981	0	0
rtm_retired.aborted:u	982	0	0
rtm_retired.aborted:u	983	0	0
rtm_retired.aborted:u	984	0	0
rtm_retired.aborted:u	985	0	0
rtm_retired.aborted:u	986	0	0
rtm_retired.aborted:u	987	0	0
rtm_retired.aborted:u	988	0	0
rtm_retired.aborted:u	989	0	0
rtm_retired.aborted:u	990	0	0
rtm_retired.aborted:u	991	0	0
rtm_retired.aborted:u	992	0	0
rtm_retired.aborted:u	993	0	0
rtm_retired.aborted:u	994	0	0
rtm_retired.aborted:u	995	0	0
rtm_retired.aborted:u	996	0	0
rtm_retired.aborted:u	997	0	0
rtm_retired.aborted:u	998	0	0
rtm_retired.aborted:u	999	0	0
rtm_retired.aborted:u	1000	0	0
tx_mem.hle_elision_buffer_full:u	1	0	0
tx_mem.hle_elision_buffer_full:u	2	0	0
tx_mem.hle_elision_buffer_full:u	3	0	0
tx_mem.hle_elision_buffer_full:u	4	0	0
tx_mem.hle_elision_buffer_full:u	5	0	0
tx_mem.hle_elision_buffer_full:u	6	0	0
tx_mem.hle_elision_buffer_full:u	7	0	0
tx_mem.hle_elision_buffer_full:u	8	0	0
tx_mem.hle_elision_buffer_full:u	9	0	0
tx_mem.hle_elision_buffer_full:u	10	0	0
tx_mem.hle_elision_buffer_full:u	11	0	0
tx_mem.hle_elision_buffer_full:u	12	0	0
tx_mem.hle_elision_buffer_full:u	13	0	0
tx_mem.hle_elision_buffer_full:u	14	0	0
tx_mem.hle_elision_buffer_full:u	15	0	0
tx_mem.hle_elision_buffer_full:u	16	0	0
tx_mem.hle_elision_buffer_full:u	17	0	0
tx_mem.hle_elision_buffer_full:u	18	0	0
tx_mem.hle_elision_buffer_full:u	19	0	0
tx_mem.hle_elision_buffer_full:u	20	0	0
tx_mem.hle_elision_buffer_full:u	21	0	0
tx_mem.hle_elision_buffer_full:u	22	0	0
tx_mem.hle_elision_buffer_full:u	23	0	0
tx_mem.hle_elision_buffer_full:u	24	0	0
tx_mem.hle_elision_buffer_full:u	25	0	0
tx_mem.hle_elision_buffer_full:u	26	0	0
tx_mem.hle_elision_buffer_full:u	27	0	0
tx_mem.hle_elision_buffer_full:u	28	0	0
tx_mem.hle_elision_buffer_full:u	29	0	0
tx_mem.hle_elision_buffer_full:u	30	0	0
tx_mem.hle_elision_buffer_full:u	31	0	0
tx_mem.hle_elision_buffer_full:u	32	0	0
tx_mem.hle_elision_buffer_full:u	33	0	0
tx_mem.hle_elision_buffer_full:u	34	0	0
tx_mem.hle_elision_buffer_full:u	35	0	0
tx_mem.hle_elision_buffer_full:u	36	0	0
tx_mem.hle_elision_buffer_full:u	37	0	0
tx_mem.hle_elision_buffer_full:u	38	0	0
tx_mem.hle_elision_buffer_full:u	39	0	0
tx_mem.hle_elision_buffer_full:u	40	0	0
tx_mem.hle_elision_buffer_full:u	41	0	0
tx_mem.hle_elision_buffer_full:u	42	0	0
tx_mem.hle_elision_buffer_full:u	43	0	0
tx_mem.hle_elision_buffer_full:u	44	0	0
tx_mem.hle_elision_buffer_full:u	45	0	0
tx_mem.hle_elision_buffer_full:u	46	0	0
tx_mem.hle_elision_buffer_full:u	47	0	0
tx_mem.hle_elision_buffer_full:u	48	0	0
tx_mem.hle_elision_buffer_full:u	49	0	0
tx_mem.hle_elision_buffer_full:u	50	0	0
tx_mem.hle_elision_buffer_full:u	51	0	0
tx_mem.hle_elision_buffer_full:u	52	0	0
tx_mem.hle_elision_buffer_full:u	53	0	0
tx_mem.hle_elision_buffer_full:u	54	0	0
tx_mem.hle_elision_buffer_full:u	55	0	0
tx_mem.hle_elision_buffer_full:u	56	0	0
tx_mem.hle_elision_buffer_full:u	57	0	0
tx_mem.hle_elision_buffer_full:u	58	0	0
tx_mem.hle_elision_buffer_full:u	59	0	0
tx_mem.hle_elision_buffer_full:u	60	0	0
tx_mem.hle_elision_buffer_full:u	61	0	0
tx_mem.hle_elision_buffer_full:u	62	0	0
tx_mem.hle_elision_buffer_full:u	63	0	0
tx_mem.hle_elision_buffer_full:u	64	0	0
tx_mem.hle_elision_buffer_full:u	65	0	0
tx_mem.hle_elision_buffer_full:u	66	0	0
tx_mem.hle_elision_buffer_full:u	67	0	0
tx_mem.hle_elision_buffer_full:u	68	0	0
tx_mem.hle_elision_buffer_full:u	69	0	0
tx_mem.hle_elision_buffer_full:u	70	0	0
tx_mem.hle_elision_buffer_full:u	71	0	0
tx_mem.hle_elision_buffer_full:u	72	0	0
tx_mem.hle_elision_buffer_full:u	73	0	0
tx_mem.hle_elision_buffer_full:u	74	0	0
tx_mem.hle_elision_buffer_full:u	75	0	0
tx_mem.hle_elision_buffer_full:u	76	0	0
tx_mem.hle_elision_buffer_full:u	77	0	0
tx_mem.hle_elision_buffer_full:u	78	0	0
tx_mem.hle_elision_buffer_full:u	79	0	0
tx_mem.hle_elision_buffer_full:u	80	0	0
tx_mem.hle_elision_buffer_full:u	81	0	0
tx_mem.hle_elision_buffer_full:u	82	0	0
tx_mem.hle_elision_buffer_full:u	83	0	0
tx_mem.hle_elision_buffer_full:u	84	0	0
tx_mem.hle_elision_buffer_full:u	85	0	0
tx_mem.hle_elision_buffer_full:u	86	0	0
tx_mem.hle_elision_buffer_full:u	87	0	0
tx_mem.hle_elision_buffer_full:u	88	0	0
tx_mem.hle_elision_buffer_full:u	89	0	0
tx_mem.hle_elision_buffer_full:u	90	0	0
tx_mem.hle_elision_buffer_full:u	91	0	0
tx_mem.hle_elision_buffer_full:u	92	0	0
tx_mem.hle_elision_buffer_full:u	93	0	0
tx_mem.hle_elision_buffer_full:u	94	0	0
tx_mem.hle_elision_buffer_full:u	95	0	0
tx_mem.hle_elision_buffer_full:u	96	0	0
tx_mem.hle_elision_buffer_full:u	97	0	0
tx_mem.hle_elision_buffer_full:u	98	0	0
tx_mem.hle_elision_buffer_full:u	99	0	0
tx_mem.hle_elision_buffer_full:u	100	0	0
tx_mem.hle_elision_buffer_full:u	101	0	0
tx_mem.hle_elision_buffer_full:u	102	0	0
tx_mem.hle_elision_buffer_full:u	103	0	0
tx_mem.hle_elision_buffer_full:u	104	0	0
tx_mem.hle_elision_buffer_full:u	105	0	0
tx_mem.hle_elision_buffer_full:u	106	0	0
tx_mem.hle_elision_buffer_full:u	107	0	0
tx_mem.hle_elision_buffer_full:u	108	0	0
tx_mem.hle_elision_buffer_full:u	109	0	0
tx_mem.hle_elision_buffer_full:u	110	0	0
tx_mem.hle_elision_buffer_full:u	111	0	0
tx_mem.hle_elision_buffer_full:u	112	0	0
tx_mem.hle_elision_buffer_full:u	113	0	0
tx_mem.hle_elision_buffer_full:u	114	0	0
tx_mem.hle_elision_buffer_full:u	115	0	0
tx_mem.hle_elision_buffer_full:u	116	0	0
tx_mem.hle_elision_buffer_full:u	117	0	0
tx_mem.hle_elision_buffer_full:u	118	0	0
tx_mem.hle_elision_buffer_full:u	119	0	0
tx_mem.hle_elision_buffer_full:u	120	0	0
tx_mem.hle_elision_buffer_full:u	121	0	0
tx_mem.hle_elision_buffer_full:u	122	0	0
tx_mem.hle_elision_buffer_full:u	123	0	0
tx_mem.hle_elision_buffer_full:u	124	0	0
tx_mem.hle_elision_buffer_full:u	125	0	0
tx_mem.hle_elision_buffer_full:u	126	0	0
tx_mem.hle_elision_buffer_full:u	127	0	0
tx_mem.hle_elision_buffer_full:u	128	0	0
tx_mem.hle_elision_buffer_full:u	129	0	0
tx_mem.hle_elision_buffer_full:u	130	0	0
tx_mem.hle_elision_buffer_full:u	131	0	0
tx_mem.hle_elision_buffer_full:u	132	0	0
tx_mem.hle_elision_buffer_full:u	133	0	0
tx_mem.hle_elision_buffer_full:u	134	0	0
tx_mem.hle_elision_buffer_full:u	135	0	0
tx_mem.hle_elision_buffer_full:u	136	0	0
tx_mem.hle_elision_buffer_full:u	137	0	0
tx_mem.hle_elision_buffer_full:u	138	0	0
tx_mem.hle_elision_buffer_full:u	139	0	0
tx_mem.hle_elision_buffer_full:u	140	0	0
tx_mem.hle_elision_buffer_full:u	141	0	0
tx_mem.hle_elision_buffer_full:u	142	0	0
tx_mem.hle_elision_buffer_full:u	143	0	0
tx_mem.hle_elision_buffer_full:u	144	0	0
tx_mem.hle_elision_buffer_full:u	145	0	0
tx_mem.hle_elision_buffer_full:u	146	0	0
tx_mem.hle_elision_buffer_full:u	147	0	0
tx_mem.hle_elision_buffer_full:u	148	0	0
tx_mem.hle_elision_buffer_full:u	149	0	0
tx_mem.hle_elision_buffer_full:u	150	0	0
tx_mem.hle_elision_buffer_full:u	151	0	0
tx_mem.hle_elision_buffer_full:u	152	0	0
tx_mem.hle_elision_buffer_full:u	153	0	0
tx_mem.hle_elision_buffer_full:u	154	0	0
tx_mem.hle_elision_buffer_full:u	155	0	0
tx_mem.hle_elision_buffer_full:u	156	0	0
tx_mem.hle_elision_buffer_full:u	157	0	0
tx_mem.hle_elision_buffer_full:u	158	0	0
tx_mem.hle_elision_buffer_full:u	159	0	0
tx_mem.hle_elision_buffer_full:u	160	0	0
tx_mem.hle_elision_buffer_full:u	161	0	0
tx_mem.hle_elision_buffer_full:u	162	0	0
tx_mem.hle_elision_buffer_full:u	163	0	0
tx_mem.hle_elision_buffer_full:u	164	0	0
tx_mem.hle_elision_buffer_full:u	165	0	0
tx_mem.hle_elision_buffer_full:u	166	0	0
tx_mem.hle_elision_buffer_full:u	167	0	0
tx_mem.hle_elision_buffer_full:u	168	0	0
tx_mem.hle_elision_buffer_full:u	169	0	0
tx_mem.hle_elision_buffer_full:u	170	0	0
tx_mem.hle_elision_buffer_full:u	171	0	0
tx_mem.hle_elision_buffer_full:u	172	0	0
tx_mem.hle_elision_buffer_full:u	173	0	0
tx_mem.hle_elision_buffer_full:u	174	0	0
tx_mem.hle_elision_buffer_full:u	175	0	0
tx_mem.hle_elision_buffer_full:u	176	0	0
tx_mem.hle_elision_buffer_full:u	177	0	0
tx_mem.hle_elision_buffer_full:u	178	0	0
tx_mem.hle_elision_buffer_full:u	179	0	0
tx_mem.hle_elision_buffer_full:u	180	0	0
tx_mem.hle_elision_buffer_full:u	181	0	0
tx_mem.hle_elision_buffer_full:u	182	0	0
tx_mem.hle_elision_buffer_full:u	183	0	0
tx_mem.hle_elision_buffer_full:u	184	0	0
tx_mem.hle_elision_buffer_full:u	185	0	0
tx_mem.hle_elision_buffer_full:u	186	0	0
tx_mem.hle_elision_buffer_full:u	187	0	0
tx_mem.hle_elision_buffer_full:u	188	0	0
tx_mem.hle_elision_buffer_full:u	189	0	0
tx_mem.hle_elision_buffer_full:u	190	0	0
tx_mem.hle_elision_buffer_full:u	191	0	0
tx_mem.hle_elision_buffer_full:u	192	0	0
tx_mem.hle_elision_buffer_full:u	193	0	0
tx_mem.hle_elision_buffer_full:u	194	0	0
tx_mem.hle_elision_buffer_full:u	195	0	0
tx_mem.hle_elision_buffer_full:u	196	0	0
tx_mem.hle_elision_buffer_full:u	197	0	0
tx_mem.hle_elision_buffer_full:u	198	0	0
tx_mem.hle_elision_buffer_full:u	199	0	0
tx_mem.hle_elision_buffer_full:u	200	0	0
tx_mem.hle_elision_buffer_full:u	201	0	0
tx_mem.hle_elision_buffer_full:u	202	0	0
tx_mem.hle_elision_buffer_full:u	203	0	0
tx_mem.hle_elision_buffer_full:u	204	0	0
tx_mem.hle_elision_buffer_full:u	205	0	0
tx_mem.hle_elision_buffer_full:u	206	0	0
tx_mem.hle_elision_buffer_full:u	207	0	0
tx_mem.hle_elision_buffer_full:u	208	0	0
tx_mem.hle_elision_buffer_full:u	209	0	0
tx_mem.hle_elision_buffer_full:u	210	0	0
tx_mem.hle_elision_buffer_full:u	211	0	0
tx_mem.hle_elision_buffer_full:u	212	0	0
tx_mem.hle_elision_buffer_full:u	213	0	0
tx_mem.hle_elision_buffer_full:u	214	0	0
tx_mem.hle_elision_buffer_full:u	215	0	0
tx_mem.hle_elision_buffer_full:u	216	0	0
tx_mem.hle_elision_buffer_full:u	217	0	0
tx_mem.hle_elision_buffer_full:u	218	0	0
tx_mem.hle_elision_buffer_full:u	219	0	0
tx_mem.hle_elision_buffer_full:u	220	0	0
tx_mem.hle_elision_buffer_full:u	221	0	0
tx_mem.hle_elision_buffer_full:u	222	0	0
tx_mem.hle_elision_buffer_full:u	223	0	0
tx_mem.hle_elision_buffer_full:u	224	0	0
tx_mem.hle_elision_buffer_full:u	225	0	0
tx_mem.hle_elision_buffer_full:u	226	0	0
tx_mem.hle_elision_buffer_full:u	227	0	0
tx_mem.hle_elision_buffer_full:u	228	0	0
tx_mem.hle_elision_buffer_full:u	229	0	0
tx_mem.hle_elision_buffer_full:u	230	0	0
tx_mem.hle_elision_buffer_full:u	231	0	0
tx_mem.hle_elision_buffer_full:u	232	0	0
tx_mem.hle_elision_buffer_full:u	233	0	0
tx_mem.hle_elision_buffer_full:u	234	0	0
tx_mem.hle_elision_buffer_full:u	235	0	0
tx_mem.hle_elision_buffer_full:u	236	0	0
tx_mem.hle_elision_buffer_full:u	237	0	0
tx_mem.hle_elision_buffer_full:u	238	0	0
tx_mem.hle_elision_buffer_full:u	239	0	0
tx_mem.hle_elision_buffer_full:u	240	0	0
tx_mem.hle_elision_buffer_full:u	241	0	0
tx_mem.hle_elision_buffer_full:u	242	0	0
tx_mem.hle_elision_buffer_full:u	243	0	0
tx_mem.hle_elision_buffer_full:u	244	0	0
tx_mem.hle_elision_buffer_full:u	245	0	0
tx_mem.hle_elision_buffer_full:u	246	0	0
tx_mem.hle_elision_buffer_full:u	247	0	0
tx_mem.hle_elision_buffer_full:u	248	0	0
tx_mem.hle_elision_buffer_full:u	249	0	0
tx_mem.hle_elision_buffer_full:u	250	0	0
tx_mem.hle_elision_buffer_full:u	251	0	0
tx_mem.hle_elision_buffer_full:u	252	0	0
tx_mem.hle_elision_buffer_full:u	253	0	0
tx_mem.hle_elision_buffer_full:u	254	0	0
tx_mem.hle_elision_buffer_full:u	255	0	0
tx_mem.hle_elision_buffer_full:u	256	0	0
tx_mem.hle_elision_buffer_full:u	257	0	0
tx_mem.hle_elision_buffer_full:u	258	0	0
tx_mem.hle_elision_buffer_full:u	259	0	0
tx_mem.hle_elision_buffer_full:u	260	0	0
tx_mem.hle_elision_buffer_full:u	261	0	0
tx_mem.hle_elision_buffer_full:u	262	0	0
tx_mem.hle_elision_buffer_full:u	263	0	0
tx_mem.hle_elision_buffer_full:u	264	0	0
tx_mem.hle_elision_buffer_full:u	265	0	0
tx_mem.hle_elision_buffer_full:u	266	0	0
tx_mem.hle_elision_buffer_full:u	267	0	0
tx_mem.hle_elision_buffer_full:u	268	0	0
tx_mem.hle_elision_buffer_full:u	269	0	0
tx_mem.hle_elision_buffer_full:u	270	0	0
tx_mem.hle_elision_buffer_full:u	271	0	0
tx_mem.hle_elision_buffer_full:u	272	0	0
tx_mem.hle_elision_buffer_full:u	273	0	0
tx_mem.hle_elision_buffer_full:u	274	0	0
tx_mem.hle_elision_buffer_full:u	275	0	0
tx_mem.hle_elision_buffer_full:u	276	0	0
tx_mem.hle_elision_buffer_full:u	277	0	0
tx_mem.hle_elision_buffer_full:u	278	0	0
tx_mem.hle_elision_buffer_full:u	279	0	0
tx_mem.hle_elision_buffer_full:u	280	0	0
tx_mem.hle_elision_buffer_full:u	281	0	0
tx_mem.hle_elision_buffer_full:u	282	0	0
tx_mem.hle_elision_buffer_full:u	283	0	0
tx_mem.hle_elision_buffer_full:u	284	0	0
tx_mem.hle_elision_buffer_full:u	285	0	0
tx_mem.hle_elision_buffer_full:u	286	0	0
tx_mem.hle_elision_buffer_full:u	287	0	0
tx_mem.hle_elision_buffer_full:u	288	0	0
tx_mem.hle_elision_buffer_full:u	289	0	0
tx_mem.hle_elision_buffer_full:u	290	0	0
tx_mem.hle_elision_buffer_full:u	291	0	0
tx_mem.hle_elision_buffer_full:u	292	0	0
tx_mem.hle_elision_buffer_full:u	293	0	0
tx_mem.hle_elision_buffer_full:u	294	0	0
tx_mem.hle_elision_buffer_full:u	295	0	0
tx_mem.hle_elision_buffer_full:u	296	0	0
tx_mem.hle_elision_buffer_full:u	297	0	0
tx_mem.hle_elision_buffer_full:u	298	0	0
tx_mem.hle_elision_buffer_full:u	299	0	0
tx_mem.hle_elision_buffer_full:u	300	0	0
tx_mem.hle_elision_buffer_full:u	301	0	0
tx_mem.hle_elision_buffer_full:u	302	0	0
tx_mem.hle_elision_buffer_full:u	303	0	0
tx_mem.hle_elision_buffer_full:u	304	0	0
tx_mem.hle_elision_buffer_full:u	305	0	0
tx_mem.hle_elision_buffer_full:u	306	0	0
tx_mem.hle_elision_buffer_full:u	307	0	0
tx_mem.hle_elision_buffer_full:u	308	0	0
tx_mem.hle_elision_buffer_full:u	309	0	0
tx_mem.hle_elision_buffer_full:u	310	0	0
tx_mem.hle_elision_buffer_full:u	311	0	0
tx_mem.hle_elision_buffer_full:u	312	0	0
tx_mem.hle_elision_buffer_full:u	313	0	0
tx_mem.hle_elision_buffer_full:u	314	0	0
tx_mem.hle_elision_buffer_full:u	315	0	0
tx_mem.hle_elision_buffer_full:u	316	0	0
tx_mem.hle_elision_buffer_full:u	317	0	0
tx_mem.hle_elision_buffer_full:u	318	0	0
tx_mem.hle_elision_buffer_full:u	319	0	0
tx_mem.hle_elision_buffer_full:u	320	0	0
tx_mem.hle_elision_buffer_full:u	321	0	0
tx_mem.hle_elision_buffer_full:u	322	0	0
tx_mem.hle_elision_buffer_full:u	323	0	0
tx_mem.hle_elision_buffer_full:u	324	0	0
tx_mem.hle_elision_buffer_full:u	325	0	0
tx_mem.hle_elision_buffer_full:u	326	0	0
tx_mem.hle_elision_buffer_full:u	327	0	0
tx_mem.hle_elision_buffer_full:u	328	0	0
tx_mem.hle_elision_buffer_full:u	329	0	0
tx_mem.hle_elision_buffer_full:u	330	0	0
tx_mem.hle_elision_buffer_full:u	331	0	0
tx_mem.hle_elision_buffer_full:u	332	0	0
tx_mem.hle_elision_buffer_full:u	333	0	0
tx_mem.hle_elision_buffer_full:u	334	0	0
tx_mem.hle_elision_buffer_full:u	335	0	0
tx_mem.hle_elision_buffer_full:u	336	0	0
tx_mem.hle_elision_buffer_full:u	337	0	0
tx_mem.hle_elision_buffer_full:u	338	0	0
tx_mem.hle_elision_buffer_full:u	339	0	0
tx_mem.hle_elision_buffer_full:u	340	0	0
tx_mem.hle_elision_buffer_full:u	341	0	0
tx_mem.hle_elision_buffer_full:u	342	0	0
tx_mem.hle_elision_buffer_full:u	343	0	0
tx_mem.hle_elision_buffer_full:u	344	0	0
tx_mem.hle_elision_buffer_full:u	345	0	0
tx_mem.hle_elision_buffer_full:u	346	0	0
tx_mem.hle_elision_buffer_full:u	347	0	0
tx_mem.hle_elision_buffer_full:u	348	0	0
tx_mem.hle_elision_buffer_full:u	349	0	0
tx_mem.hle_elision_buffer_full:u	350	0	0
tx_mem.hle_elision_buffer_full:u	351	0	0
tx_mem.hle_elision_buffer_full:u	352	0	0
tx_mem.hle_elision_buffer_full:u	353	0	0
tx_mem.hle_elision_buffer_full:u	354	0	0
tx_mem.hle_elision_buffer_full:u	355	0	0
tx_mem.hle_elision_buffer_full:u	356	0	0
tx_mem.hle_elision_buffer_full:u	357	0	0
tx_mem.hle_elision_buffer_full:u	358	0	0
tx_mem.hle_elision_buffer_full:u	359	0	0
tx_mem.hle_elision_buffer_full:u	360	0	0
tx_mem.hle_elision_buffer_full:u	361	0	0
tx_mem.hle_elision_buffer_full:u	362	0	0
tx_mem.hle_elision_buffer_full:u	363	0	0
tx_mem.hle_elision_buffer_full:u	364	0	0
tx_mem.hle_elision_buffer_full:u	365	0	0
tx_mem.hle_elision_buffer_full:u	366	0	0
tx_mem.hle_elision_buffer_full:u	367	0	0
tx_mem.hle_elision_buffer_full:u	368	0	0
tx_mem.hle_elision_buffer_full:u	369	0	0
tx_mem.hle_elision_buffer_full:u	370	0	0
tx_mem.hle_elision_buffer_full:u	371	0	0
tx_mem.hle_elision_buffer_full:u	372	0	0
tx_mem.hle_elision_buffer_full:u	373	0	0
tx_mem.hle_elision_buffer_full:u	374	0	0
tx_mem.hle_elision_buffer_full:u	375	0	0
tx_mem.hle_elision_buffer_full:u	376	0	0
tx_mem.hle_elision_buffer_full:u	377	0	0
tx_mem.hle_elision_buffer_full:u	378	0	0
tx_mem.hle_elision_buffer_full:u	379	0	0
tx_mem.hle_elision_buffer_full:u	380	0	0
tx_mem.hle_elision_buffer_full:u	381	0	0
tx_mem.hle_elision_buffer_full:u	382	0	0
tx_mem.hle_elision_buffer_full:u	383	0	0
tx_mem.hle_elision_buffer_full:u	384	0	0
tx_mem.hle_elision_buffer_full:u	385	0	0
tx_mem.hle_elision_buffer_full:u	386	0	0
tx_mem.hle_elision_buffer_full:u	387	0	0
tx_mem.hle_elision_buffer_full:u	388	0	0
tx_mem.hle_elision_buffer_full:u	389	0	0
tx_mem.hle_elision_buffer_full:u	390	0	0
tx_mem.hle_elision_buffer_full:u	391	0	0
tx_mem.hle_elision_buffer_full:u	392	0	0
tx_mem.hle_elision_buffer_full:u	393	0	0
tx_mem.hle_elision_buffer_full:u	394	0	0
tx_mem.hle_elision_buffer_full:u	395	0	0
tx_mem.hle_elision_buffer_full:u	396	0	0
tx_mem.hle_elision_buffer_full:u	397	0	0
tx_mem.hle_elision_buffer_full:u	398	0	0
tx_mem.hle_elision_buffer_full:u	399	0	0
tx_mem.hle_elision_buffer_full:u	400	0	0
tx_mem.hle_elision_buffer_full:u	401	0	0
tx_mem.hle_elision_buffer_full:u	402	0	0
tx_mem.hle_elision_buffer_full:u	403	0	0
tx_mem.hle_elision_buffer_full:u	404	0	0
tx_mem.hle_elision_buffer_full:u	405	0	0
tx_mem.hle_elision_buffer_full:u	406	0	0
tx_mem.hle_elision_buffer_full:u	407	0	0
tx_mem.hle_elision_buffer_full:u	408	0	0
tx_mem.hle_elision_buffer_full:u	409	0	0
tx_mem.hle_elision_buffer_full:u	410	0	0
tx_mem.hle_elision_buffer_full:u	411	0	0
tx_mem.hle_elision_buffer_full:u	412	0	0
tx_mem.hle_elision_buffer_full:u	413	0	0
tx_mem.hle_elision_buffer_full:u	414	0	0
tx_mem.hle_elision_buffer_full:u	415	0	0
tx_mem.hle_elision_buffer_full:u	416	0	0
tx_mem.hle_elision_buffer_full:u	417	0	0
tx_mem.hle_elision_buffer_full:u	418	0	0
tx_mem.hle_elision_buffer_full:u	419	0	0
tx_mem.hle_elision_buffer_full:u	420	0	0
tx_mem.hle_elision_buffer_full:u	421	0	0
tx_mem.hle_elision_buffer_full:u	422	0	0
tx_mem.hle_elision_buffer_full:u	423	0	0
tx_mem.hle_elision_buffer_full:u	424	0	0
tx_mem.hle_elision_buffer_full:u	425	0	0
tx_mem.hle_elision_buffer_full:u	426	0	0
tx_mem.hle_elision_buffer_full:u	427	0	0
tx_mem.hle_elision_buffer_full:u	428	0	0
tx_mem.hle_elision_buffer_full:u	429	0	0
tx_mem.hle_elision_buffer_full:u	430	0	0
tx_mem.hle_elision_buffer_full:u	431	0	0
tx_mem.hle_elision_buffer_full:u	432	0	0
tx_mem.hle_elision_buffer_full:u	433	0	0
tx_mem.hle_elision_buffer_full:u	434	0	0
tx_mem.hle_elision_buffer_full:u	435	0	0
tx_mem.hle_elision_buffer_full:u	436	0	0
tx_mem.hle_elision_buffer_full:u	437	0	0
tx_mem.hle_elision_buffer_full:u	438	0	0
tx_mem.hle_elision_buffer_full:u	439	0	0
tx_mem.hle_elision_buffer_full:u	440	0	0
tx_mem.hle_elision_buffer_full:u	441	0	0
tx_mem.hle_elision_buffer_full:u	442	0	0
tx_mem.hle_elision_buffer_full:u	443	0	0
tx_mem.hle_elision_buffer_full:u	444	0	0
tx_mem.hle_elision_buffer_full:u	445	0	0
tx_mem.hle_elision_buffer_full:u	446	0	0
tx_mem.hle_elision_buffer_full:u	447	0	0
tx_mem.hle_elision_buffer_full:u	448	0	0
tx_mem.hle_elision_buffer_full:u	449	0	0
tx_mem.hle_elision_buffer_full:u	450	0	0
tx_mem.hle_elision_buffer_full:u	451	0	0
tx_mem.hle_elision_buffer_full:u	452	0	0
tx_mem.hle_elision_buffer_full:u	453	0	0
tx_mem.hle_elision_buffer_full:u	454	0	0
tx_mem.hle_elision_buffer_full:u	455	0	0
tx_mem.hle_elision_buffer_full:u	456	0	0
tx_mem.hle_elision_buffer_full:u	457	0	0
tx_mem.hle_elision_buffer_full:u	458	0	0
tx_mem.hle_elision_buffer_full:u	459	0	0
tx_mem.hle_elision_buffer_full:u	460	0	0
tx_mem.hle_elision_buffer_full:u	461	0	0
tx_mem.hle_elision_buffer_full:u	462	0	0
tx_mem.hle_elision_buffer_full:u	463	0	0
tx_mem.hle_elision_buffer_full:u	464	0	0
tx_mem.hle_elision_buffer_full:u	465	0	0
tx_mem.hle_elision_buffer_full:u	466	0	0
tx_mem.hle_elision_buffer_full:u	467	0	0
tx_mem.hle_elision_buffer_full:u	468	0	0
tx_mem.hle_elision_buffer_full:u	469	0	0
tx_mem.hle_elision_buffer_full:u	470	0	0
tx_mem.hle_elision_buffer_full:u	471	0	0
tx_mem.hle_elision_buffer_full:u	472	0	0
tx_mem.hle_elision_buffer_full:u	473	0	0
tx_mem.hle_elision_buffer_full:u	474	0	0
tx_mem.hle_elision_buffer_full:u	475	0	0
tx_mem.hle_elision_buffer_full:u	476	0	0
tx_mem.hle_elision_buffer_full:u	477	0	0
tx_mem.hle_elision_buffer_full:u	478	0	0
tx_mem.hle_elision_buffer_full:u	479	0	0
tx_mem.hle_elision_buffer_full:u	480	0	0
tx_mem.hle_elision_buffer_full:u	481	0	0
tx_mem.hle_elision_buffer_full:u	482	0	0
tx_mem.hle_elision_buffer_full:u	483	0	0
tx_mem.hle_elision_buffer_full:u	484	0	0
tx_mem.hle_elision_buffer_full:u	485	0	0
tx_mem.hle_elision_buffer_full:u	486	0	0
tx_mem.hle_elision_buffer_full:u	487	0	0
tx_mem.hle_elision_buffer_full:u	488	0	0
tx_mem.hle_elision_buffer_full:u	489	0	0
tx_mem.hle_elision_buffer_full:u	490	0	0
tx_mem.hle_elision_buffer_full:u	491	0	0
tx_mem.hle_elision_buffer_full:u	492	0	0
tx_mem.hle_elision_buffer_full:u	493	0	0
tx_mem.hle_elision_buffer_full:u	494	0	0
tx_mem.hle_elision_buffer_full:u	495	0	0
tx_mem.hle_elision_buffer_full:u	496	0	0
tx_mem.hle_elision_buffer_full:u	497	0	0
tx_mem.hle_elision_buffer_full:u	498	0	0
tx_mem.hle_elision_buffer_full:u	499	0	0
tx_mem.hle_elision_buffer_full:u	500	0	0
tx_mem.hle_elision_buffer_full:u	501	0	0
tx_mem.hle_elision_buffer_full:u	502	0	0
tx_mem.hle_elision_buffer_full:u	503	0	0
tx_mem.hle_elision_buffer_full:u	504	0	0
tx_mem.hle_elision_buffer_full:u	505	0	0
tx_mem.hle_elision_buffer_full:u	506	0	0
tx_mem.hle_elision_buffer_full:u	507	0	0
tx_mem.hle_elision_buffer_full:u	508	0	0
tx_mem.hle_elision_buffer_full:u	509	0	0
tx_mem.hle_elision_buffer_full:u	510	0	0
tx_mem.hle_elision_buffer_full:u	511	0	0
tx_mem.hle_elision_buffer_full:u	512	0	0
tx_mem.hle_elision_buffer_full:u	513	0	0
tx_mem.hle_elision_buffer_full:u	514	0	0
tx_mem.hle_elision_buffer_full:u	515	0	0
tx_mem.hle_elision_buffer_full:u	516	0	0
tx_mem.hle_elision_buffer_full:u	517	0	0
tx_mem.hle_elision_buffer_full:u	518	0	0
tx_mem.hle_elision_buffer_full:u	519	0	0
tx_mem.hle_elision_buffer_full:u	520	0	0
tx_mem.hle_elision_buffer_full:u	521	0	0
tx_mem.hle_elision_buffer_full:u	522	0	0
tx_mem.hle_elision_buffer_full:u	523	0	0
tx_mem.hle_elision_buffer_full:u	524	0	0
tx_mem.hle_elision_buffer_full:u	525	0	0
tx_mem.hle_elision_buffer_full:u	526	0	0
tx_mem.hle_elision_buffer_full:u	527	0	0
tx_mem.hle_elision_buffer_full:u	528	0	0
tx_mem.hle_elision_buffer_full:u	529	0	0
tx_mem.hle_elision_buffer_full:u	530	0	0
tx_mem.hle_elision_buffer_full:u	531	0	0
tx_mem.hle_elision_buffer_full:u	532	0	0
tx_mem.hle_elision_buffer_full:u	533	0	0
tx_mem.hle_elision_buffer_full:u	534	0	0
tx_mem.hle_elision_buffer_full:u	535	0	0
tx_mem.hle_elision_buffer_full:u	536	0	0
tx_mem.hle_elision_buffer_full:u	537	0	0
tx_mem.hle_elision_buffer_full:u	538	0	0
tx_mem.hle_elision_buffer_full:u	539	0	0
tx_mem.hle_elision_buffer_full:u	540	0	0
tx_mem.hle_elision_buffer_full:u	541	0	0
tx_mem.hle_elision_buffer_full:u	542	0	0
tx_mem.hle_elision_buffer_full:u	543	0	0
tx_mem.hle_elision_buffer_full:u	544	0	0
tx_mem.hle_elision_buffer_full:u	545	0	0
tx_mem.hle_elision_buffer_full:u	546	0	0
tx_mem.hle_elision_buffer_full:u	547	0	0
tx_mem.hle_elision_buffer_full:u	548	0	0
tx_mem.hle_elision_buffer_full:u	549	0	0
tx_mem.hle_elision_buffer_full:u	550	0	0
tx_mem.hle_elision_buffer_full:u	551	0	0
tx_mem.hle_elision_buffer_full:u	552	0	0
tx_mem.hle_elision_buffer_full:u	553	0	0
tx_mem.hle_elision_buffer_full:u	554	0	0
tx_mem.hle_elision_buffer_full:u	555	0	0
tx_mem.hle_elision_buffer_full:u	556	0	0
tx_mem.hle_elision_buffer_full:u	557	0	0
tx_mem.hle_elision_buffer_full:u	558	0	0
tx_mem.hle_elision_buffer_full:u	559	0	0
tx_mem.hle_elision_buffer_full:u	560	0	0
tx_mem.hle_elision_buffer_full:u	561	0	0
tx_mem.hle_elision_buffer_full:u	562	0	0
tx_mem.hle_elision_buffer_full:u	563	0	0
tx_mem.hle_elision_buffer_full:u	564	0	0
tx_mem.hle_elision_buffer_full:u	565	0	0
tx_mem.hle_elision_buffer_full:u	566	0	0
tx_mem.hle_elision_buffer_full:u	567	0	0
tx_mem.hle_elision_buffer_full:u	568	0	0
tx_mem.hle_elision_buffer_full:u	569	0	0
tx_mem.hle_elision_buffer_full:u	570	0	0
tx_mem.hle_elision_buffer_full:u	571	0	0
tx_mem.hle_elision_buffer_full:u	572	0	0
tx_mem.hle_elision_buffer_full:u	573	0	0
tx_mem.hle_elision_buffer_full:u	574	0	0
tx_mem.hle_elision_buffer_full:u	575	0	0
tx_mem.hle_elision_buffer_full:u	576	0	0
tx_mem.hle_elision_buffer_full:u	577	0	0
tx_mem.hle_elision_buffer_full:u	578	0	0
tx_mem.hle_elision_buffer_full:u	579	0	0
tx_mem.hle_elision_buffer_full:u	580	0	0
tx_mem.hle_elision_buffer_full:u	581	0	0
tx_mem.hle_elision_buffer_full:u	582	0	0
tx_mem.hle_elision_buffer_full:u	583	0	0
tx_mem.hle_elision_buffer_full:u	584	0	0
tx_mem.hle_elision_buffer_full:u	585	0	0
tx_mem.hle_elision_buffer_full:u	586	0	0
tx_mem.hle_elision_buffer_full:u	587	0	0
tx_mem.hle_elision_buffer_full:u	588	0	0
tx_mem.hle_elision_buffer_full:u	589	0	0
tx_mem.hle_elision_buffer_full:u	590	0	0
tx_mem.hle_elision_buffer_full:u	591	0	0
tx_mem.hle_elision_buffer_full:u	592	0	0
tx_mem.hle_elision_buffer_full:u	593	0	0
tx_mem.hle_elision_buffer_full:u	594	0	0
tx_mem.hle_elision_buffer_full:u	595	0	0
tx_mem.hle_elision_buffer_full:u	596	0	0
tx_mem.hle_elision_buffer_full:u	597	0	0
tx_mem.hle_elision_buffer_full:u	598	0	0
tx_mem.hle_elision_buffer_full:u	599	0	0
tx_mem.hle_elision_buffer_full:u	600	0	0
tx_mem.hle_elision_buffer_full:u	601	0	0
tx_mem.hle_elision_buffer_full:u	602	0	0
tx_mem.hle_elision_buffer_full:u	603	0	0
tx_mem.hle_elision_buffer_full:u	604	0	0
tx_mem.hle_elision_buffer_full:u	605	0	0
tx_mem.hle_elision_buffer_full:u	606	0	0
tx_mem.hle_elision_buffer_full:u	607	0	0
tx_mem.hle_elision_buffer_full:u	608	0	0
tx_mem.hle_elision_buffer_full:u	609	0	0
tx_mem.hle_elision_buffer_full:u	610	0	0
tx_mem.hle_elision_buffer_full:u	611	0	0
tx_mem.hle_elision_buffer_full:u	612	0	0
tx_mem.hle_elision_buffer_full:u	613	0	0
tx_mem.hle_elision_buffer_full:u	614	0	0
tx_mem.hle_elision_buffer_full:u	615	0	0
tx_mem.hle_elision_buffer_full:u	616	0	0
tx_mem.hle_elision_buffer_full:u	617	0	0
tx_mem.hle_elision_buffer_full:u	618	0	0
tx_mem.hle_elision_buffer_full:u	619	0	0
tx_mem.hle_elision_buffer_full:u	620	0	0
tx_mem.hle_elision_buffer_full:u	621	0	0
tx_mem.hle_elision_buffer_full:u	622	0	0
tx_mem.hle_elision_buffer_full:u	623	0	0
tx_mem.hle_elision_buffer_full:u	624	0	0
tx_mem.hle_elision_buffer_full:u	625	0	0
tx_mem.hle_elision_buffer_full:u	626	0	0
tx_mem.hle_elision_buffer_full:u	627	0	0
tx_mem.hle_elision_buffer_full:u	628	0	0
tx_mem.hle_elision_buffer_full:u	629	0	0
tx_mem.hle_elision_buffer_full:u	630	0	0
tx_mem.hle_elision_buffer_full:u	631	0	0
tx_mem.hle_elision_buffer_full:u	632	0	0
tx_mem.hle_elision_buffer_full:u	633	0	0
tx_mem.hle_elision_buffer_full:u	634	0	0
tx_mem.hle_elision_buffer_full:u	635	0	0
tx_mem.hle_elision_buffer_full:u	636	0	0
tx_mem.hle_elision_buffer_full:u	637	0	0
tx_mem.hle_elision_buffer_full:u	638	0	0
tx_mem.hle_elision_buffer_full:u	639	0	0
tx_mem.hle_elision_buffer_full:u	640	0	0
tx_mem.hle_elision_buffer_full:u	641	0	0
tx_mem.hle_elision_buffer_full:u	642	0	0
tx_mem.hle_elision_buffer_full:u	643	0	0
tx_mem.hle_elision_buffer_full:u	644	0	0
tx_mem.hle_elision_buffer_full:u	645	0	0
tx_mem.hle_elision_buffer_full:u	646	0	0
tx_mem.hle_elision_buffer_full:u	647	0	0
tx_mem.hle_elision_buffer_full:u	648	0	0
tx_mem.hle_elision_buffer_full:u	649	0	0
tx_mem.hle_elision_buffer_full:u	650	0	0
tx_mem.hle_elision_buffer_full:u	651	0	0
tx_mem.hle_elision_buffer_full:u	652	0	0
tx_mem.hle_elision_buffer_full:u	653	0	0
tx_mem.hle_elision_buffer_full:u	654	0	0
tx_mem.hle_elision_buffer_full:u	655	0	0
tx_mem.hle_elision_buffer_full:u	656	0	0
tx_mem.hle_elision_buffer_full:u	657	0	0
tx_mem.hle_elision_buffer_full:u	658	0	0
tx_mem.hle_elision_buffer_full:u	659	0	0
tx_mem.hle_elision_buffer_full:u	660	0	0
tx_mem.hle_elision_buffer_full:u	661	0	0
tx_mem.hle_elision_buffer_full:u	662	0	0
tx_mem.hle_elision_buffer_full:u	663	0	0
tx_mem.hle_elision_buffer_full:u	664	0	0
tx_mem.hle_elision_buffer_full:u	665	0	0
tx_mem.hle_elision_buffer_full:u	666	0	0
tx_mem.hle_elision_buffer_full:u	667	0	0
tx_mem.hle_elision_buffer_full:u	668	0	0
tx_mem.hle_elision_buffer_full:u	669	0	0
tx_mem.hle_elision_buffer_full:u	670	0	0
tx_mem.hle_elision_buffer_full:u	671	0	0
tx_mem.hle_elision_buffer_full:u	672	0	0
tx_mem.hle_elision_buffer_full:u	673	0	0
tx_mem.hle_elision_buffer_full:u	674	0	0
tx_mem.hle_elision_buffer_full:u	675	0	0
tx_mem.hle_elision_buffer_full:u	676	0	0
tx_mem.hle_elision_buffer_full:u	677	0	0
tx_mem.hle_elision_buffer_full:u	678	0	0
tx_mem.hle_elision_buffer_full:u	679	0	0
tx_mem.hle_elision_buffer_full:u	680	0	0
tx_mem.hle_elision_buffer_full:u	681	0	0
tx_mem.hle_elision_buffer_full:u	682	0	0
tx_mem.hle_elision_buffer_full:u	683	0	0
tx_mem.hle_elision_buffer_full:u	684	0	0
tx_mem.hle_elision_buffer_full:u	685	0	0
tx_mem.hle_elision_buffer_full:u	686	0	0
tx_mem.hle_elision_buffer_full:u	687	0	0
tx_mem.hle_elision_buffer_full:u	688	0	0
tx_mem.hle_elision_buffer_full:u	689	0	0
tx_mem.hle_elision_buffer_full:u	690	0	0
tx_mem.hle_elision_buffer_full:u	691	0	0
tx_mem.hle_elision_buffer_full:u	692	0	0
tx_mem.hle_elision_buffer_full:u	693	0	0
tx_mem.hle_elision_buffer_full:u	694	0	0
tx_mem.hle_elision_buffer_full:u	695	0	0
tx_mem.hle_elision_buffer_full:u	696	0	0
tx_mem.hle_elision_buffer_full:u	697	0	0
tx_mem.hle_elision_buffer_full:u	698	0	0
tx_mem.hle_elision_buffer_full:u	699	0	0
tx_mem.hle_elision_buffer_full:u	700	0	0
tx_mem.hle_elision_buffer_full:u	701	0	0
tx_mem.hle_elision_buffer_full:u	702	0	0
tx_mem.hle_elision_buffer_full:u	703	0	0
tx_mem.hle_elision_buffer_full:u	704	0	0
tx_mem.hle_elision_buffer_full:u	705	0	0
tx_mem.hle_elision_buffer_full:u	706	0	0
tx_mem.hle_elision_buffer_full:u	707	0	0
tx_mem.hle_elision_buffer_full:u	708	0	0
tx_mem.hle_elision_buffer_full:u	709	0	0
tx_mem.hle_elision_buffer_full:u	710	0	0
tx_mem.hle_elision_buffer_full:u	711	0	0
tx_mem.hle_elision_buffer_full:u	712	0	0
tx_mem.hle_elision_buffer_full:u	713	0	0
tx_mem.hle_elision_buffer_full:u	714	0	0
tx_mem.hle_elision_buffer_full:u	715	0	0
tx_mem.hle_elision_buffer_full:u	716	0	0
tx_mem.hle_elision_buffer_full:u	717	0	0
tx_mem.hle_elision_buffer_full:u	718	0	0
tx_mem.hle_elision_buffer_full:u	719	0	0
tx_mem.hle_elision_buffer_full:u	720	0	0
tx_mem.hle_elision_buffer_full:u	721	0	0
tx_mem.hle_elision_buffer_full:u	722	0	0
tx_mem.hle_elision_buffer_full:u	723	0	0
tx_mem.hle_elision_buffer_full:u	724	0	0
tx_mem.hle_elision_buffer_full:u	725	0	0
tx_mem.hle_elision_buffer_full:u	726	0	0
tx_mem.hle_elision_buffer_full:u	727	0	0
tx_mem.hle_elision_buffer_full:u	728	0	0
tx_mem.hle_elision_buffer_full:u	729	0	0
tx_mem.hle_elision_buffer_full:u	730	0	0
tx_mem.hle_elision_buffer_full:u	731	0	0
tx_mem.hle_elision_buffer_full:u	732	0	0
tx_mem.hle_elision_buffer_full:u	733	0	0
tx_mem.hle_elision_buffer_full:u	734	0	0
tx_mem.hle_elision_buffer_full:u	735	0	0
tx_mem.hle_elision_buffer_full:u	736	0	0
tx_mem.hle_elision_buffer_full:u	737	0	0
tx_mem.hle_elision_buffer_full:u	738	0	0
tx_mem.hle_elision_buffer_full:u	739	0	0
tx_mem.hle_elision_buffer_full:u	740	0	0
tx_mem.hle_elision_buffer_full:u	741	0	0
tx_mem.hle_elision_buffer_full:u	742	0	0
tx_mem.hle_elision_buffer_full:u	743	0	0
tx_mem.hle_elision_buffer_full:u	744	0	0
tx_mem.hle_elision_buffer_full:u	745	0	0
tx_mem.hle_elision_buffer_full:u	746	0	0
tx_mem.hle_elision_buffer_full:u	747	0	0
tx_mem.hle_elision_buffer_full:u	748	0	0
tx_mem.hle_elision_buffer_full:u	749	0	0
tx_mem.hle_elision_buffer_full:u	750	0	0
tx_mem.hle_elision_buffer_full:u	751	0	0
tx_mem.hle_elision_buffer_full:u	752	0	0
tx_mem.hle_elision_buffer_full:u	753	0	0
tx_mem.hle_elision_buffer_full:u	754	0	0
tx_mem.hle_elision_buffer_full:u	755	0	0
tx_mem.hle_elision_buffer_full:u	756	0	0
tx_mem.hle_elision_buffer_full:u	757	0	0
tx_mem.hle_elision_buffer_full:u	758	0	0
tx_mem.hle_elision_buffer_full:u	759	0	0
tx_mem.hle_elision_buffer_full:u	760	0	0
tx_mem.hle_elision_buffer_full:u	761	0	0
tx_mem.hle_elision_buffer_full:u	762	0	0
tx_mem.hle_elision_buffer_full:u	763	0	0
tx_mem.hle_elision_buffer_full:u	764	0	0
tx_mem.hle_elision_buffer_full:u	765	0	0
tx_mem.hle_elision_buffer_full:u	766	0	0
tx_mem.hle_elision_buffer_full:u	767	0	0
tx_mem.hle_elision_buffer_full:u	768	0	0
tx_mem.hle_elision_buffer_full:u	769	0	0
tx_mem.hle_elision_buffer_full:u	770	0	0
tx_mem.hle_elision_buffer_full:u	771	0	0
tx_mem.hle_elision_buffer_full:u	772	0	0
tx_mem.hle_elision_buffer_full:u	773	0	0
tx_mem.hle_elision_buffer_full:u	774	0	0
tx_mem.hle_elision_buffer_full:u	775	0	0
tx_mem.hle_elision_buffer_full:u	776	0	0
tx_mem.hle_elision_buffer_full:u	777	0	0
tx_mem.hle_elision_buffer_full:u	778	0	0
tx_mem.hle_elision_buffer_full:u	779	0	0
tx_mem.hle_elision_buffer_full:u	780	0	0
tx_mem.hle_elision_buffer_full:u	781	0	0
tx_mem.hle_elision_buffer_full:u	782	0	0
tx_mem.hle_elision_buffer_full:u	783	0	0
tx_mem.hle_elision_buffer_full:u	784	0	0
tx_mem.hle_elision_buffer_full:u	785	0	0
tx_mem.hle_elision_buffer_full:u	786	0	0
tx_mem.hle_elision_buffer_full:u	787	0	0
tx_mem.hle_elision_buffer_full:u	788	0	0
tx_mem.hle_elision_buffer_full:u	789	0	0
tx_mem.hle_elision_buffer_full:u	790	0	0
tx_mem.hle_elision_buffer_full:u	791	0	0
tx_mem.hle_elision_buffer_full:u	792	0	0
tx_mem.hle_elision_buffer_full:u	793	0	0
tx_mem.hle_elision_buffer_full:u	794	0	0
tx_mem.hle_elision_buffer_full:u	795	0	0
tx_mem.hle_elision_buffer_full:u	796	0	0
tx_mem.hle_elision_buffer_full:u	797	0	0
tx_mem.hle_elision_buffer_full:u	798	0	0
tx_mem.hle_elision_buffer_full:u	799	0	0
tx_mem.hle_elision_buffer_full:u	800	0	0
tx_mem.hle_elision_buffer_full:u	801	0	0
tx_mem.hle_elision_buffer_full:u	802	0	0
tx_mem.hle_elision_buffer_full:u	803	0	0
tx_mem.hle_elision_buffer_full:u	804	0	0
tx_mem.hle_elision_buffer_full:u	805	0	0
tx_mem.hle_elision_buffer_full:u	806	0	0
tx_mem.hle_elision_buffer_full:u	807	0	0
tx_mem.hle_elision_buffer_full:u	808	0	0
tx_mem.hle_elision_buffer_full:u	809	0	0
tx_mem.hle_elision_buffer_full:u	810	0	0
tx_mem.hle_elision_buffer_full:u	811	0	0
tx_mem.hle_elision_buffer_full:u	812	0	0
tx_mem.hle_elision_buffer_full:u	813	0	0
tx_mem.hle_elision_buffer_full:u	814	0	0
tx_mem.hle_elision_buffer_full:u	815	0	0
tx_mem.hle_elision_buffer_full:u	816	0	0
tx_mem.hle_elision_buffer_full:u	817	0	0
tx_mem.hle_elision_buffer_full:u	818	0	0
tx_mem.hle_elision_buffer_full:u	819	0	0
tx_mem.hle_elision_buffer_full:u	820	0	0
tx_mem.hle_elision_buffer_full:u	821	0	0
tx_mem.hle_elision_buffer_full:u	822	0	0
tx_mem.hle_elision_buffer_full:u	823	0	0
tx_mem.hle_elision_buffer_full:u	824	0	0
tx_mem.hle_elision_buffer_full:u	825	0	0
tx_mem.hle_elision_buffer_full:u	826	0	0
tx_mem.hle_elision_buffer_full:u	827	0	0
tx_mem.hle_elision_buffer_full:u	828	0	0
tx_mem.hle_elision_buffer_full:u	829	0	0
tx_mem.hle_elision_buffer_full:u	830	0	0
tx_mem.hle_elision_buffer_full:u	831	0	0
tx_mem.hle_elision_buffer_full:u	832	0	0
tx_mem.hle_elision_buffer_full:u	833	0	0
tx_mem.hle_elision_buffer_full:u	834	0	0
tx_mem.hle_elision_buffer_full:u	835	0	0
tx_mem.hle_elision_buffer_full:u	836	0	0
tx_mem.hle_elision_buffer_full:u	837	0	0
tx_mem.hle_elision_buffer_full:u	838	0	0
tx_mem.hle_elision_buffer_full:u	839	0	0
tx_mem.hle_elision_buffer_full:u	840	0	0
tx_mem.hle_elision_buffer_full:u	841	0	0
tx_mem.hle_elision_buffer_full:u	842	0	0
tx_mem.hle_elision_buffer_full:u	843	0	0
tx_mem.hle_elision_buffer_full:u	844	0	0
tx_mem.hle_elision_buffer_full:u	845	0	0
tx_mem.hle_elision_buffer_full:u	846	0	0
tx_mem.hle_elision_buffer_full:u	847	0	0
tx_mem.hle_elision_buffer_full:u	848	0	0
tx_mem.hle_elision_buffer_full:u	849	0	0
tx_mem.hle_elision_buffer_full:u	850	0	0
tx_mem.hle_elision_buffer_full:u	851	0	0
tx_mem.hle_elision_buffer_full:u	852	0	0
tx_mem.hle_elision_buffer_full:u	853	0	0
tx_mem.hle_elision_buffer_full:u	854	0	0
tx_mem.hle_elision_buffer_full:u	855	0	0
tx_mem.hle_elision_buffer_full:u	856	0	0
tx_mem.hle_elision_buffer_full:u	857	0	0
tx_mem.hle_elision_buffer_full:u	858	0	0
tx_mem.hle_elision_buffer_full:u	859	0	0
tx_mem.hle_elision_buffer_full:u	860	0	0
tx_mem.hle_elision_buffer_full:u	861	0	0
tx_mem.hle_elision_buffer_full:u	862	0	0
tx_mem.hle_elision_buffer_full:u	863	0	0
tx_mem.hle_elision_buffer_full:u	864	0	0
tx_mem.hle_elision_buffer_full:u	865	0	0
tx_mem.hle_elision_buffer_full:u	866	0	0
tx_mem.hle_elision_buffer_full:u	867	0	0
tx_mem.hle_elision_buffer_full:u	868	0	0
tx_mem.hle_elision_buffer_full:u	869	0	0
tx_mem.hle_elision_buffer_full:u	870	0	0
tx_mem.hle_elision_buffer_full:u	871	0	0
tx_mem.hle_elision_buffer_full:u	872	0	0
tx_mem.hle_elision_buffer_full:u	873	0	0
tx_mem.hle_elision_buffer_full:u	874	0	0
tx_mem.hle_elision_buffer_full:u	875	0	0
tx_mem.hle_elision_buffer_full:u	876	0	0
tx_mem.hle_elision_buffer_full:u	877	0	0
tx_mem.hle_elision_buffer_full:u	878	0	0
tx_mem.hle_elision_buffer_full:u	879	0	0
tx_mem.hle_elision_buffer_full:u	880	0	0
tx_mem.hle_elision_buffer_full:u	881	0	0
tx_mem.hle_elision_buffer_full:u	882	0	0
tx_mem.hle_elision_buffer_full:u	883	0	0
tx_mem.hle_elision_buffer_full:u	884	0	0
tx_mem.hle_elision_buffer_full:u	885	0	0
tx_mem.hle_elision_buffer_full:u	886	0	0
tx_mem.hle_elision_buffer_full:u	887	0	0
tx_mem.hle_elision_buffer_full:u	888	0	0
tx_mem.hle_elision_buffer_full:u	889	0	0
tx_mem.hle_elision_buffer_full:u	890	0	0
tx_mem.hle_elision_buffer_full:u	891	0	0
tx_mem.hle_elision_buffer_full:u	892	0	0
tx_mem.hle_elision_buffer_full:u	893	0	0
tx_mem.hle_elision_buffer_full:u	894	0	0
tx_mem.hle_elision_buffer_full:u	895	0	0
tx_mem.hle_elision_buffer_full:u	896	0	0
tx_mem.hle_elision_buffer_full:u	897	0	0
tx_mem.hle_elision_buffer_full:u	898	0	0
tx_mem.hle_elision_buffer_full:u	899	0	0
tx_mem.hle_elision_buffer_full:u	900	0	0
tx_mem.hle_elision_buffer_full:u	901	0	0
tx_mem.hle_elision_buffer_full:u	902	0	0
tx_mem.hle_elision_buffer_full:u	903	0	0
tx_mem.hle_elision_buffer_full:u	904	0	0
tx_mem.hle_elision_buffer_full:u	905	0	0
tx_mem.hle_elision_buffer_full:u	906	0	0
tx_mem.hle_elision_buffer_full:u	907	0	0
tx_mem.hle_elision_buffer_full:u	908	0	0
tx_mem.hle_elision_buffer_full:u	909	0	0
tx_mem.hle_elision_buffer_full:u	910	0	0
tx_mem.hle_elision_buffer_full:u	911	0	0
tx_mem.hle_elision_buffer_full:u	912	0	0
tx_mem.hle_elision_buffer_full:u	913	0	0
tx_mem.hle_elision_buffer_full:u	914	0	0
tx_mem.hle_elision_buffer_full:u	915	0	0
tx_mem.hle_elision_buffer_full:u	916	0	0
tx_mem.hle_elision_buffer_full:u	917	0	0
tx_mem.hle_elision_buffer_full:u	918	0	0
tx_mem.hle_elision_buffer_full:u	919	0	0
tx_mem.hle_elision_buffer_full:u	920	0	0
tx_mem.hle_elision_buffer_full:u	921	0	0
tx_mem.hle_elision_buffer_full:u	922	0	0
tx_mem.hle_elision_buffer_full:u	923	0	0
tx_mem.hle_elision_buffer_full:u	924	0	0
tx_mem.hle_elision_buffer_full:u	925	0	0
tx_mem.hle_elision_buffer_full:u	926	0	0
tx_mem.hle_elision_buffer_full:u	927	0	0
tx_mem.hle_elision_buffer_full:u	928	0	0
tx_mem.hle_elision_buffer_full:u	929	0	0
tx_mem.hle_elision_buffer_full:u	930	0	0
tx_mem.hle_elision_buffer_full:u	931	0	0
tx_mem.hle_elision_buffer_full:u	932	0	0
tx_mem.hle_elision_buffer_full:u	933	0	0
tx_mem.hle_elision_buffer_full:u	934	0	0
tx_mem.hle_elision_buffer_full:u	935	0	0
tx_mem.hle_elision_buffer_full:u	936	0	0
tx_mem.hle_elision_buffer_full:u	937	0	0
tx_mem.hle_elision_buffer_full:u	938	0	0
tx_mem.hle_elision_buffer_full:u	939	0	0
tx_mem.hle_elision_buffer_full:u	940	0	0
tx_mem.hle_elision_buffer_full:u	941	0	0
tx_mem.hle_elision_buffer_full:u	942	0	0
tx_mem.hle_elision_buffer_full:u	943	0	0
tx_mem.hle_elision_buffer_full:u	944	0	0
tx_mem.hle_elision_buffer_full:u	945	0	0
tx_mem.hle_elision_buffer_full:u	946	0	0
tx_mem.hle_elision_buffer_full:u	947	0	0
tx_mem.hle_elision_buffer_full:u	948	0	0
tx_mem.hle_elision_buffer_full:u	949	0	0
tx_mem.hle_elision_buffer_full:u	950	0	0
tx_mem.hle_elision_buffer_full:u	951	0	0
tx_mem.hle_elision_buffer_full:u	952	0	0
tx_mem.hle_elision_buffer_full:u	953	0	0
tx_mem.hle_elision_buffer_full:u	954	0	0
tx_mem.hle_elision_buffer_full:u	955	0	0
tx_mem.hle_elision_buffer_full:u	956	0	0
tx_mem.hle_elision_buffer_full:u	957	0	0
tx_mem.hle_elision_buffer_full:u	958	0	0
tx_mem.hle_elision_buffer_full:u	959	0	0
tx_mem.hle_elision_buffer_full:u	960	0	0
tx_mem.hle_elision_buffer_full:u	961	0	0
tx_mem.hle_elision_buffer_full:u	962	0	0
tx_mem.hle_elision_buffer_full:u	963	0	0
tx_mem.hle_elision_buffer_full:u	964	0	0
tx_mem.hle_elision_buffer_full:u	965	0	0
tx_mem.hle_elision_buffer_full:u	966	0	0
tx_mem.hle_elision_buffer_full:u	967	0	0
tx_mem.hle_elision_buffer_full:u	968	0	0
tx_mem.hle_elision_buffer_full:u	969	0	0
tx_mem.hle_elision_buffer_full:u	970	0	0
tx_mem.hle_elision_buffer_full:u	971	0	0
tx_mem.hle_elision_buffer_full:u	972	0	0
tx_mem.hle_elision_buffer_full:u	973	0	0
tx_mem.hle_elision_buffer_full:u	974	0	0
tx_mem.hle_elision_buffer_full:u	975	0	0
tx_mem.hle_elision_buffer_full:u	976	0	0
tx_mem.hle_elision_buffer_full:u	977	0	0
tx_mem.hle_elision_buffer_full:u	978	0	0
tx_mem.hle_elision_buffer_full:u	979	0	0
tx_mem.hle_elision_buffer_full:u	980	0	0
tx_mem.hle_elision_buffer_full:u	981	0	0
tx_mem.hle_elision_buffer_full:u	982	0	0
tx_mem.hle_elision_buffer_full:u	983	0	0
tx_mem.hle_elision_buffer_full:u	984	0	0
tx_mem.hle_elision_buffer_full:u	985	0	0
tx_mem.hle_elision_buffer_full:u	986	0	0
tx_mem.hle_elision_buffer_full:u	987	0	0
tx_mem.hle_elision_buffer_full:u	988	0	0
tx_mem.hle_elision_buffer_full:u	989	0	0
tx_mem.hle_elision_buffer_full:u	990	0	0
tx_mem.hle_elision_buffer_full:u	991	0	0
tx_mem.hle_elision_buffer_full:u	992	0	0
tx_mem.hle_elision_buffer_full:u	993	0	0
tx_mem.hle_elision_buffer_full:u	994	0	0
tx_mem.hle_elision_buffer_full:u	995	0	0
tx_mem.hle_elision_buffer_full:u	996	0	0
tx_mem.hle_elision_buffer_full:u	997	0	0
tx_mem.hle_elision_buffer_full:u	998	0	0
tx_mem.hle_elision_buffer_full:u	999	0	0
tx_mem.hle_elision_buffer_full:u	1000	0	0
br_inst_retired.conditional:u	1	8220000	0
br_inst_retired.conditional:u	2	8220000	0
br_inst_retired.conditional:u	3	8220000	0
br_inst_retired.conditional:u	4	8220000	0
br_inst_retired.conditional:u	5	8220000	0
br_inst_retired.conditional:u	6	8220000	0
br_inst_retired.conditional:u	7	8220000	0
br_inst_retired.conditional:u	8	8220000	0
br_inst_retired.conditional:u	9	8220000	0
br_inst_retired.conditional:u	10	8220000	0
br_inst_retired.conditional:u	11	8220000	0
br_inst_retired.conditional:u	12	8220000	0
br_inst_retired.conditional:u	13	8220000	0
br_inst_retired.conditional:u	14	8220000	0
br_inst_retired.conditional:u	15	8220000	0
br_inst_retired.conditional:u	16	8220000	0
br_inst_retired.conditional:u	17	8220000	0
br_inst_retired.conditional:u	18	8220000	0
br_inst_retired.conditional:u	19	8220000	0
br_inst_retired.conditional:u	20	8220000	0
br_inst_retired.conditional:u	21	8220000	0
br_inst_retired.conditional:u	22	8220000	0
br_inst_retired.conditional:u	23	8220000	0
br_inst_retired.conditional:u	24	8220000	0
br_inst_retired.conditional:u	25	8220000	0
br_inst_retired.conditional:u	26	8220000	0
br_inst_retired.conditional:u	27	8220000	0
br_inst_retired.conditional:u	28	8220000	0
br_inst_retired.conditional:u	29	8220000	0
br_inst_retired.conditional:u	30	8220000	0
br_inst_retired.conditional:u	31	8220000	0
br_inst_retired.conditional:u	32	8220000	0
br_inst_retired.conditional:u	33	8220000	0
br_inst_retired.conditional:u	34	8220000	0
br_inst_retired.conditional:u	35	8220000	0
br_inst_retired.conditional:u	36	8220000	0
br_inst_retired.conditional:u	37	8220000	0
br_inst_retired.conditional:u	38	8220000	0
br_inst_retired.conditional:u	39	8220000	0
br_inst_retired.conditional:u	40	8220000	0
br_inst_retired.conditional:u	41	8220000	0
br_inst_retired.conditional:u	42	8220000	0
br_inst_retired.conditional:u	43	8220000	0
br_inst_retired.conditional:u	44	8220000	0
br_inst_retired.conditional:u	45	8220000	0
br_inst_retired.conditional:u	46	8220000	0
br_inst_retired.conditional:u	47	8220000	0
br_inst_retired.conditional:u	48	8220000	0
br_inst_retired.conditional:u	49	8220000	0
br_inst_retired.conditional:u	50	8220000	0
br_inst_retired.conditional:u	51	8220000	0
br_inst_retired.conditional:u	52	8220000	0
br_inst_retired.conditional:u	53	8220000	0
br_inst_retired.conditional:u	54	8220000	0
br_inst_retired.conditional:u	55	8220000	0
br_inst_retired.conditional:u	56	8220000	0
br_inst_retired.conditional:u	57	8220000	0
br_inst_retired.conditional:u	58	8220000	0
br_inst_retired.conditional:u	59	8220000	0
br_inst_retired.conditional:u	60	8220000	0
br_inst_retired.conditional:u	61	8220000	0
br_inst_retired.conditional:u	62	8220000	0
br_inst_retired.conditional:u	63	8220000	0
br_inst_retired.conditional:u	64	8220000	0
br_inst_retired.conditional:u	65	8220000	0
br_inst_retired.conditional:u	66	8220000	0
br_inst_retired.conditional:u	67	8220000	0
br_inst_retired.conditional:u	68	8220000	0
br_inst_retired.conditional:u	69	8220000	0
br_inst_retired.conditional:u	70	8220000	0
br_inst_retired.conditional:u	71	8220000	0
br_inst_retired.conditional:u	72	8220000	0
br_inst_retired.conditional:u	73	8220000	0
br_inst_retired.conditional:u	74	8220000	0
br_inst_retired.conditional:u	75	8220000	0
br_inst_retired.conditional:u	76	8220000	0
br_inst_retired.conditional:u	77	8220000	0
br_inst_retired.conditional:u	78	8220000	0
br_inst_retired.conditional:u	79	8220000	0
br_inst_retired.conditional:u	80	8220000	0
br_inst_retired.conditional:u	81	8220000	0
br_inst_retired.conditional:u	82	8220000	0
br_inst_retired.conditional:u	83	8220000	0
br_inst_retired.conditional:u	84	8220000	0
br_inst_retired.conditional:u	85	8220000	0
br_inst_retired.conditional:u	86	8220000	0
br_inst_retired.conditional:u	87	8220000	0
br_inst_retired.conditional:u	88	8220000	0
br_inst_retired.conditional:u	89	8220000	0
br_inst_retired.conditional:u	90	8220000	0
br_inst_retired.conditional:u	91	8220000	0
br_inst_retired.conditional:u	92	8220000	0
br_inst_retired.conditional:u	93	8220000	0
br_inst_retired.conditional:u	94	8220000	0
br_inst_retired.conditional:u	95	8220000	0
br_inst_retired.conditional:u	96	8220000	0
br_inst_retired.conditional:u	97	8220000	0
br_inst_retired.conditional:u	98	8220000	0
br_inst_retired.conditional:u	99	8220000	0
br_inst_retired.conditional:u	100	8220000	0
br_inst_retired.conditional:u	101	8220000	0
br_inst_retired.conditional:u	102	8220000	0
br_inst_retired.conditional:u	103	8220000	0
br_inst_retired.conditional:u	104	8220000	0
br_inst_retired.conditional:u	105	8220000	0
br_inst_retired.conditional:u	106	8220000	0
br_inst_retired.conditional:u	107	8220000	0
br_inst_retired.conditional:u	108	8220000	0
br_inst_retired.conditional:u	109	8220000	0
br_inst_retired.conditional:u	110	8220000	0
br_inst_retired.conditional:u	111	8220000	0
br_inst_retired.conditional:u	112	8220000	0
br_inst_retired.conditional:u	113	8220000	0
br_inst_retired.conditional:u	114	8220000	0
br_inst_retired.conditional:u	115	8220000	0
br_inst_retired.conditional:u	116	8220000	0
br_inst_retired.conditional:u	117	8220000	0
br_inst_retired.conditional:u	118	8220000	0
br_inst_retired.conditional:u	119	8220000	0
br_inst_retired.conditional:u	120	8220000	0
br_inst_retired.conditional:u	121	8220000	0
br_inst_retired.conditional:u	122	8220000	0
br_inst_retired.conditional:u	123	8220000	0
br_inst_retired.conditional:u	124	8220000	0
br_inst_retired.conditional:u	125	8220000	0
br_inst_retired.conditional:u	126	8220000	0
br_inst_retired.conditional:u	127	8220000	0
br_inst_retired.conditional:u	128	8220000	0
br_inst_retired.conditional:u	129	8220000	0
br_inst_retired.conditional:u	130	8220000	0
br_inst_retired.conditional:u	131	8220000	0
br_inst_retired.conditional:u	132	8220000	0
br_inst_retired.conditional:u	133	8220000	0
br_inst_retired.conditional:u	134	8220000	0
br_inst_retired.conditional:u	135	8220000	0
br_inst_retired.conditional:u	136	8220000	0
br_inst_retired.conditional:u	137	8220000	0
br_inst_retired.conditional:u	138	8220000	0
br_inst_retired.conditional:u	139	8220000	0
br_inst_retired.conditional:u	140	8220000	0
br_inst_retired.conditional:u	141	8220000	0
br_inst_retired.conditional:u	142	8220000	0
br_inst_retired.conditional:u	143	8220000	0
br_inst_retired.conditional:u	144	8220000	0
br_inst_retired.conditional:u	145	8220000	0
br_inst_retired.conditional:u	146	8220000	0
br_inst_retired.conditional:u	147	8220000	0
br_inst_retired.conditional:u	148	8220000	0
br_inst_retired.conditional:u	149	8220000	0
br_inst_retired.conditional:u	150	8220000	0
br_inst_retired.conditional:u	151	8220000	0
br_inst_retired.conditional:u	152	8220000	0
br_inst_retired.conditional:u	153	8220000	0
br_inst_retired.conditional:u	154	8220000	0
br_inst_retired.conditional:u	155	8220000	0
br_inst_retired.conditional:u	156	8220000	0
br_inst_retired.conditional:u	157	8220000	0
br_inst_retired.conditional:u	158	8220000	0
br_inst_retired.conditional:u	159	8220000	0
br_inst_retired.conditional:u	160	8220000	0
br_inst_retired.conditional:u	161	8220000	0
br_inst_retired.conditional:u	162	8220000	0
br_inst_retired.conditional:u	163	8220000	0
br_inst_retired.conditional:u	164	8220000	0
br_inst_retired.conditional:u	165	8220000	0
br_inst_retired.conditional:u	166	8220000	0
br_inst_retired.conditional:u	167	8220000	0
br_inst_retired.conditional:u	168	8220000	0
br_inst_retired.conditional:u	169	8220000	0
br_inst_retired.conditional:u	170	8220000	0
br_inst_retired.conditional:u	171	8220000	0
br_inst_retired.conditional:u	172	8220000	0
br_inst_retired.conditional:u	173	8220000	0
br_inst_retired.conditional:u	174	8220000	0
br_inst_retired.conditional:u	175	8220000	0
br_inst_retired.conditional:u	176	8220000	0
br_inst_retired.conditional:u	177	8220000	0
br_inst_retired.conditional:u	178	8220000	0
br_inst_retired.conditional:u	179	8220000	0
br_inst_retired.conditional:u	180	8220000	0
br_inst_retired.conditional:u	181	8220000	0
br_inst_retired.conditional:u	182	8220000	0
br_inst_retired.conditional:u	183	8220000	0
br_inst_retired.conditional:u	184	8220000	0
br_inst_retired.conditional:u	185	8220000	0
br_inst_retired.conditional:u	186	8220000	0
br_inst_retired.conditional:u	187	8220000	0
br_inst_retired.conditional:u	188	8220000	0
br_inst_retired.conditional:u	189	8220000	0
br_inst_retired.conditional:u	190	8220000	0
br_inst_retired.conditional:u	191	8220000	0
br_inst_retired.conditional:u	192	8220000	0
br_inst_retired.conditional:u	193	8220000	0
br_inst_retired.conditional:u	194	8220000	0
br_inst_retired.conditional:u	195	8220000	0
br_inst_retired.conditional:u	196	8220000	0
br_inst_retired.conditional:u	197	8220000	0
br_inst_retired.conditional:u	198	8220000	0
br_inst_retired.conditional:u	199	8220000	0
br_inst_retired.conditional:u	200	8220000	0
br_inst_retired.conditional:u	201	8220000	0
br_inst_retired.conditional:u	202	8220000	0
br_inst_retired.conditional:u	203	8220000	0
br_inst_retired.conditional:u	204	8220000	0
br_inst_retired.conditional:u	205	8220000	0
br_inst_retired.conditional:u	206	8220000	0
br_inst_retired.conditional:u	207	8220000	0
br_inst_retired.conditional:u	208	8220000	0
br_inst_retired.conditional:u	209	8220000	0
br_inst_retired.conditional:u	210	8220000	0
br_inst_retired.conditional:u	211	8220000	0
br_inst_retired.conditional:u	212	8220000	0
br_inst_retired.conditional:u	213	8220000	0
br_inst_retired.conditional:u	214	8220000	0
br_inst_retired.conditional:u	215	8220000	0
br_inst_retired.conditional:u	216	8220000	0
br_inst_retired.conditional:u	217	8220000	0
br_inst_retired.conditional:u	218	8220000	0
br_inst_retired.conditional:u	219	8220000	0
br_inst_retired.conditional:u	220	8220000	0
br_inst_retired.conditional:u	221	8220000	0
br_inst_retired.conditional:u	222	8220000	0
br_inst_retired.conditional:u	223	8220000	0
br_inst_retired.conditional:u	224	8220000	0
br_inst_retired.conditional:u	225	8220000	0
br_inst_retired.conditional:u	226	8220000	0
br_inst_retired.conditional:u	227	8220000	0
br_inst_retired.conditional:u	228	8220000	0
br_inst_retired.conditional:u	229	8220000	0
br_inst_retired.conditional:u	230	8220000	0
br_inst_retired.conditional:u	231	8220000	0
br_inst_retired.conditional:u	232	8220000	0
br_inst_retired.conditional:u	233	8220000	0
br_inst_retired.conditional:u	234	8220000	0
br_inst_retired.conditional:u	235	8220000	0
br_inst_retired.conditional:u	236	8220000	0
br_inst_retired.conditional:u	237	8220000	0
br_inst_retired.conditional:u	238	8220000	0
br_inst_retired.conditional:u	239	8220000	0
br_inst_retired.conditional:u	240	8220000	0
br_inst_retired.conditional:u	241	8220000	0
br_inst_retired.conditional:u	242	8220000	0
br_inst_retired.conditional:u	243	8220000	0
br_inst_retired.conditional:u	244	8220000	0
br_inst_retired.conditional:u	245	8220000	0
br_inst_retired.conditional:u	246	8220000	0
br_inst_retired.conditional:u	247	8220000	0
br_inst_retired.conditional:u	248	8220000	0
br_inst_retired.conditional:u	249	8220000	0
br_inst_retired.conditional:u	250	8220000	0
br_inst_retired.conditional:u	251	8220000	0
br_inst_retired.conditional:u	252	8220000	0
br_inst_retired.conditional:u	253	8220000	0
br_inst_retired.conditional:u	254	8220000	0
br_inst_retired.conditional:u	255	8220000	0
br_inst_retired.conditional:u	256	8220000	0
br_inst_retired.conditional:u	257	8220000	0
br_inst_retired.conditional:u	258	8220000	0
br_inst_retired.conditional:u	259	8220000	0
br_inst_retired.conditional:u	260	8220000	0
br_inst_retired.conditional:u	261	8220000	0
br_inst_retired.conditional:u	262	8220000	0
br_inst_retired.conditional:u	263	8220000	0
br_inst_retired.conditional:u	264	8220000	0
br_inst_retired.conditional:u	265	8220000	0
br_inst_retired.conditional:u	266	8220000	0
br_inst_retired.conditional:u	267	8220000	0
br_inst_retired.conditional:u	268	8220000	0
br_inst_retired.conditional:u	269	8220000	0
br_inst_retired.conditional:u	270	8220000	0
br_inst_retired.conditional:u	271	8220000	0
br_inst_retired.conditional:u	272	8220000	0
br_inst_retired.conditional:u	273	8220000	0
br_inst_retired.conditional:u	274	8220000	0
br_inst_retired.conditional:u	275	8220000	0
br_inst_retired.conditional:u	276	8220000	0
br_inst_retired.conditional:u	277	8220000	0
br_inst_retired.conditional:u	278	8220000	0
br_inst_retired.conditional:u	279	8220000	0
br_inst_retired.conditional:u	280	8220000	0
br_inst_retired.conditional:u	281	8220000	0
br_inst_retired.conditional:u	282	8220000	0
br_inst_retired.conditional:u	283	8220000	0
br_inst_retired.conditional:u	284	8220000	0
br_inst_retired.conditional:u	285	8220000	0
br_inst_retired.conditional:u	286	8220000	0
br_inst_retired.conditional:u	287	8220000	0
br_inst_retired.conditional:u	288	8220000	0
br_inst_retired.conditional:u	289	8220000	0
br_inst_retired.conditional:u	290	8220000	0
br_inst_retired.conditional:u	291	8220000	0
br_inst_retired.conditional:u	292	8220000	0
br_inst_retired.conditional:u	293	8220000	0
br_inst_retired.conditional:u	294	8220000	0
br_inst_retired.conditional:u	295	8220000	0
br_inst_retired.conditional:u	296	8220000	0
br_inst_retired.conditional:u	297	8220000	0
br_inst_retired.conditional:u	298	8220000	0
br_inst_retired.conditional:u	299	8220000	0
br_inst_retired.conditional:u	300	8220000	0
br_inst_retired.conditional:u	301	8220000	0
br_inst_retired.conditional:u	302	8220000	0
br_inst_retired.conditional:u	303	8220000	0
br_inst_retired.conditional:u	304	8220000	0
br_inst_retired.conditional:u	305	8220000	0
br_inst_retired.conditional:u	306	8220000	0
br_inst_retired.conditional:u	307	8220000	0
br_inst_retired.conditional:u	308	8220000	0
br_inst_retired.conditional:u	309	8220000	0
br_inst_retired.conditional:u	310	8220000	0
br_inst_retired.conditional:u	311	8220000	0
br_inst_retired.conditional:u	312	8220000	0
br_inst_retired.conditional:u	313	8220000	0
br_inst_retired.conditional:u	314	8220000	0
br_inst_retired.conditional:u	315	8220000	0
br_inst_retired.conditional:u	316	8220000	0
br_inst_retired.conditional:u	317	8220000	0
br_inst_retired.conditional:u	318	8220000	0
br_inst_retired.conditional:u	319	8220000	0
br_inst_retired.conditional:u	320	8220000	0
br_inst_retired.conditional:u	321	8220000	0
br_inst_retired.conditional:u	322	8220000	0
br_inst_retired.conditional:u	323	8220000	0
br_inst_retired.conditional:u	324	8220000	0
br_inst_retired.conditional:u	325	8220000	0
br_inst_retired.conditional:u	326	8220000	0
br_inst_retired.conditional:u	327	8220000	0
br_inst_retired.conditional:u	328	8220000	0
br_inst_retired.conditional:u	329	8220000	0
br_inst_retired.conditional:u	330	8220000	0
br_inst_retired.conditional:u	331	8220000	0
br_inst_retired.conditional:u	332	8220000	0
br_inst_retired.conditional:u	333	8220000	0
br_inst_retired.conditional:u	334	8220000	0
br_inst_retired.conditional:u	335	8220000	0
br_inst_retired.conditional:u	336	8220000	0
br_inst_retired.conditional:u	337	8220000	0
br_inst_retired.conditional:u	338	8220000	0
br_inst_retired.conditional:u	339	8220000	0
br_inst_retired.conditional:u	340	8220000	0
br_inst_retired.conditional:u	341	8220000	0
br_inst_retired.conditional:u	342	8220000	0
br_inst_retired.conditional:u	343	8220000	0
br_inst_retired.conditional:u	344	8220000	0
br_inst_retired.conditional:u	345	8220000	0
br_inst_retired.conditional:u	346	8220000	0
br_inst_retired.conditional:u	347	8220000	0
br_inst_retired.conditional:u	348	8220000	0
br_inst_retired.conditional:u	349	8220000	0
br_inst_retired.conditional:u	350	8220000	0
br_inst_retired.conditional:u	351	8220000	0
br_inst_retired.conditional:u	352	8220000	0
br_inst_retired.conditional:u	353	8220000	0
br_inst_retired.conditional:u	354	8220000	0
br_inst_retired.conditional:u	355	8220000	0
br_inst_retired.conditional:u	356	8220000	0
br_inst_retired.conditional:u	357	8220000	0
br_inst_retired.conditional:u	358	8220000	0
br_inst_retired.conditional:u	359	8220000	0
br_inst_retired.conditional:u	360	8220000	0
br_inst_retired.conditional:u	361	8220000	0
br_inst_retired.conditional:u	362	8220000	0
br_inst_retired.conditional:u	363	8220000	0
br_inst_retired.conditional:u	364	8220000	0
br_inst_retired.conditional:u	365	8220000	0
br_inst_retired.conditional:u	366	8220000	0
br_inst_retired.conditional:u	367	8220000	0
br_inst_retired.conditional:u	368	8220000	0
br_inst_retired.conditional:u	369	8220000	0
br_inst_retired.conditional:u	370	8220000	0
br_inst_retired.conditional:u	371	8220000	0
br_inst_retired.conditional:u	372	8220000	0
br_inst_retired.conditional:u	373	8220000	0
br_inst_retired.conditional:u	374	8220000	0
br_inst_retired.conditional:u	375	8220000	0
br_inst_retired.conditional:u	376	8220000	0
br_inst_retired.conditional:u	377	8220000	0
br_inst_retired.conditional:u	378	8220000	0
br_inst_retired.conditional:u	379	8220000	0
br_inst_retired.conditional:u	380	8220000	0
br_inst_retired.conditional:u	381	8220000	0
br_inst_retired.conditional:u	382	8220000	0
br_inst_retired.conditional:u	383	8220000	0
br_inst_retired.conditional:u	384	8220000	0
br_inst_retired.conditional:u	385	8220000	0
br_inst_retired.conditional:u	386	8220000	0
br_inst_retired.conditional:u	387	8220000	0
br_inst_retired.conditional:u	388	8220000	0
br_inst_retired.conditional:u	389	8220000	0
br_inst_retired.conditional:u	390	8220000	0
br_inst_retired.conditional:u	391	8220000	0
br_inst_retired.conditional:u	392	8220000	0
br_inst_retired.conditional:u	393	8220000	0
br_inst_retired.conditional:u	394	8220000	0
br_inst_retired.conditional:u	395	8220000	0
br_inst_retired.conditional:u	396	8220000	0
br_inst_retired.conditional:u	397	8220000	0
br_inst_retired.conditional:u	398	8220000	0
br_inst_retired.conditional:u	399	8220000	0
br_inst_retired.conditional:u	400	8220000	0
br_inst_retired.conditional:u	401	8220000	0
br_inst_retired.conditional:u	402	8220000	0
br_inst_retired.conditional:u	403	8220000	0
br_inst_retired.conditional:u	404	8220000	0
br_inst_retired.conditional:u	405	8220000	0
br_inst_retired.conditional:u	406	8220000	0
br_inst_retired.conditional:u	407	8220000	0
br_inst_retired.conditional:u	408	8220000	0
br_inst_retired.conditional:u	409	8220000	0
br_inst_retired.conditional:u	410	8220000	0
br_inst_retired.conditional:u	411	8220000	0
br_inst_retired.conditional:u	412	8220000	0
br_inst_retired.conditional:u	413	8220000	0
br_inst_retired.conditional:u	414	8220000	0
br_inst_retired.conditional:u	415	8220000	0
br_inst_retired.conditional:u	416	8220000	0
br_inst_retired.conditional:u	417	8220000	0
br_inst_retired.conditional:u	418	8220000	0
br_inst_retired.conditional:u	419	8220000	0
br_inst_retired.conditional:u	420	8220000	0
br_inst_retired.conditional:u	421	8220000	0
br_inst_retired.conditional:u	422	8220000	0
br_inst_retired.conditional:u	423	8220000	0
br_inst_retired.conditional:u	424	8220000	0
br_inst_retired.conditional:u	425	8220000	0
br_inst_retired.conditional:u	426	8220000	0
br_inst_retired.conditional:u	427	8220000	0
br_inst_retired.conditional:u	428	8220000	0
br_inst_retired.conditional:u	429	8220000	0
br_inst_retired.conditional:u	430	8220000	0
br_inst_retired.conditional:u	431	8220000	0
br_inst_retired.conditional:u	432	8220000	0
br_inst_retired.conditional:u	433	8220000	0
br_inst_retired.conditional:u	434	8220000	0
br_inst_retired.conditional:u	435	8220000	0
br_inst_retired.conditional:u	436	8220000	0
br_inst_retired.conditional:u	437	8220000	0
br_inst_retired.conditional:u	438	8220000	0
br_inst_retired.conditional:u	439	8220000	0
br_inst_retired.conditional:u	440	8220000	0
br_inst_retired.conditional:u	441	8220000	0
br_inst_retired.conditional:u	442	8220000	0
br_inst_retired.conditional:u	443	8220000	0
br_inst_retired.conditional:u	444	8220000	0
br_inst_retired.conditional:u	445	8220000	0
br_inst_retired.conditional:u	446	8220000	0
br_inst_retired.conditional:u	447	8220000	0
br_inst_retired.conditional:u	448	8220000	0
br_inst_retired.conditional:u	449	8220000	0
br_inst_retired.conditional:u	450	8220000	0
br_inst_retired.conditional:u	451	8220000	0
br_inst_retired.conditional:u	452	8220000	0
br_inst_retired.conditional:u	453	8220000	0
br_inst_retired.conditional:u	454	8220000	0
br_inst_retired.conditional:u	455	8220000	0
br_inst_retired.conditional:u	456	8220000	0
br_inst_retired.conditional:u	457	8220000	0
br_inst_retired.conditional:u	458	8220000	0
br_inst_retired.conditional:u	459	8220000	0
br_inst_retired.conditional:u	460	8220000	0
br_inst_retired.conditional:u	461	8220000	0
br_inst_retired.conditional:u	462	8220000	0
br_inst_retired.conditional:u	463	8220000	0
br_inst_retired.conditional:u	464	8220000	0
br_inst_retired.conditional:u	465	8220000	0
br_inst_retired.conditional:u	466	8220000	0
br_inst_retired.conditional:u	467	8220000	0
br_inst_retired.conditional:u	468	8220000	0
br_inst_retired.conditional:u	469	8220000	0
br_inst_retired.conditional:u	470	8220000	0
br_inst_retired.conditional:u	471	8220000	0
br_inst_retired.conditional:u	472	8220000	0
br_inst_retired.conditional:u	473	8220000	0
br_inst_retired.conditional:u	474	8220000	0
br_inst_retired.conditional:u	475	8220000	0
br_inst_retired.conditional:u	476	8220000	0
br_inst_retired.conditional:u	477	8220000	0
br_inst_retired.conditional:u	478	8220000	0
br_inst_retired.conditional:u	479	8220000	0
br_inst_retired.conditional:u	480	8220000	0
br_inst_retired.conditional:u	481	8220000	0
br_inst_retired.conditional:u	482	8220000	0
br_inst_retired.conditional:u	483	8220000	0
br_inst_retired.conditional:u	484	8220000	0
br_inst_retired.conditional:u	485	8220000	0
br_inst_retired.conditional:u	486	8220000	0
br_inst_retired.conditional:u	487	8220000	0
br_inst_retired.conditional:u	488	8220000	0
br_inst_retired.conditional:u	489	8220000	0
br_inst_retired.conditional:u	490	8220000	0
br_inst_retired.conditional:u	491	8220000	0
br_inst_retired.conditional:u	492	8220000	0
br_inst_retired.conditional:u	493	8220000	0
br_inst_retired.conditional:u	494	8220000	0
br_inst_retired.conditional:u	495	8220000	0
br_inst_retired.conditional:u	496	8220000	0
br_inst_retired.conditional:u	497	8220000	0
br_inst_retired.conditional:u	498	8220000	0
br_inst_retired.conditional:u	499	8220000	0
br_inst_retired.conditional:u	500	8220000	0
br_inst_retired.conditional:u	501	8220000	0
br_inst_retired.conditional:u	502	8220000	0
br_inst_retired.conditional:u	503	8220000	0
br_inst_retired.conditional:u	504	8220000	0
br_inst_retired.conditional:u	505	8220000	0
br_inst_retired.conditional:u	506	8220000	0
br_inst_retired.conditional:u	507	8220000	0
br_inst_retired.conditional:u	508	8220000	0
br_inst_retired.conditional:u	509	8220000	0
br_inst_retired.conditional:u	510	8220000	0
br_inst_retired.conditional:u	511	8220000	0
br_inst_retired.conditional:u	512	8220000	0
br_inst_retired.conditional:u	513	8220000	0
br_inst_retired.conditional:u	514	8220000	0
br_inst_retired.conditional:u	515	8220000	0
br_inst_retired.conditional:u	516	8220000	0
br_inst_retired.conditional:u	517	8220000	0
br_inst_retired.conditional:u	518	8220000	0
br_inst_retired.conditional:u	519	8220000	0
br_inst_retired.conditional:u	520	8220000	0
br_inst_retired.conditional:u	521	8220000	0
br_inst_retired.conditional:u	522	8220000	0
br_inst_retired.conditional:u	523	8220000	0
br_inst_retired.conditional:u	524	8220000	0
br_inst_retired.conditional:u	525	8220000	0
br_inst_retired.conditional:u	526	8220000	0
br_inst_retired.conditional:u	527	8220000	0
br_inst_retired.conditional:u	528	8220000	0
br_inst_retired.conditional:u	529	8220000	0
br_inst_retired.conditional:u	530	8220000	0
br_inst_retired.conditional:u	531	8220000	0
br_inst_retired.conditional:u	532	8220000	0
br_inst_retired.conditional:u	533	8220000	0
br_inst_retired.conditional:u	534	8220000	0
br_inst_retired.conditional:u	535	8220000	0
br_inst_retired.conditional:u	536	8220000	0
br_inst_retired.conditional:u	537	8220000	0
br_inst_retired.conditional:u	538	8220000	0
br_inst_retired.conditional:u	539	8220000	0
br_inst_retired.conditional:u	540	8220000	0
br_inst_retired.conditional:u	541	8220000	0
br_inst_retired.conditional:u	542	8220000	0
br_inst_retired.conditional:u	543	8220000	0
br_inst_retired.conditional:u	544	8220000	0
br_inst_retired.conditional:u	545	8220000	0
br_inst_retired.conditional:u	546	8220000	0
br_inst_retired.conditional:u	547	8220000	0
br_inst_retired.conditional:u	548	8220000	0
br_inst_retired.conditional:u	549	8220000	0
br_inst_retired.conditional:u	550	8220000	0
br_inst_retired.conditional:u	551	8220000	0
br_inst_retired.conditional:u	552	8220000	0
br_inst_retired.conditional:u	553	8220000	0
br_inst_retired.conditional:u	554	8220000	0
br_inst_retired.conditional:u	555	8220000	0
br_inst_retired.conditional:u	556	8220000	0
br_inst_retired.conditional:u	557	8220000	0
br_inst_retired.conditional:u	558	8220000	0
br_inst_retired.conditional:u	559	8220000	0
br_inst_retired.conditional:u	560	8220000	0
br_inst_retired.conditional:u	561	8220000	0
br_inst_retired.conditional:u	562	8220000	0
br_inst_retired.conditional:u	563	8220000	0
br_inst_retired.conditional:u	564	8220000	0
br_inst_retired.conditional:u	565	8220000	0
br_inst_retired.conditional:u	566	8220000	0
br_inst_retired.conditional:u	567	8220000	0
br_inst_retired.conditional:u	568	8220000	0
br_inst_retired.conditional:u	569	8220000	0
br_inst_retired.conditional:u	570	8220000	0
br_inst_retired.conditional:u	571	8220000	0
br_inst_retired.conditional:u	572	8220000	0
br_inst_retired.conditional:u	573	8220000	0
br_inst_retired.conditional:u	574	8220000	0
br_inst_retired.conditional:u	575	8220000	0
br_inst_retired.conditional:u	576	8220000	0
br_inst_retired.conditional:u	577	8220000	0
br_inst_retired.conditional:u	578	8220000	0
br_inst_retired.conditional:u	579	8220000	0
br_inst_retired.conditional:u	580	8220000	0
br_inst_retired.conditional:u	581	8220000	0
br_inst_retired.conditional:u	582	8220000	0
br_inst_retired.conditional:u	583	8220000	0
br_inst_retired.conditional:u	584	8220000	0
br_inst_retired.conditional:u	585	8220000	0
br_inst_retired.conditional:u	586	8220000	0
br_inst_retired.conditional:u	587	8220000	0
br_inst_retired.conditional:u	588	8220000	0
br_inst_retired.conditional:u	589	8220000	0
br_inst_retired.conditional:u	590	8220000	0
br_inst_retired.conditional:u	591	8220000	0
br_inst_retired.conditional:u	592	8220000	0
br_inst_retired.conditional:u	593	8220000	0
br_inst_retired.conditional:u	594	8220000	0
br_inst_retired.conditional:u	595	8220000	0
br_inst_retired.conditional:u	596	8220000	0
br_inst_retired.conditional:u	597	8220000	0
br_inst_retired.conditional:u	598	8220000	0
br_inst_retired.conditional:u	599	8220000	0
br_inst_retired.conditional:u	600	8220000	0
br_inst_retired.conditional:u	601	8220000	0
br_inst_retired.conditional:u	602	8220000	0
br_inst_retired.conditional:u	603	8220000	0
br_inst_retired.conditional:u	604	8220000	0
br_inst_retired.conditional:u	605	8220000	0
br_inst_retired.conditional:u	606	8220000	0
br_inst_retired.conditional:u	607	8220000	0
br_inst_retired.conditional:u	608	8220000	0
br_inst_retired.conditional:u	609	8220000	0
br_inst_retired.conditional:u	610	8220000	0
br_inst_retired.conditional:u	611	8220000	0
br_inst_retired.conditional:u	612	8220000	0
br_inst_retired.conditional:u	613	8220000	0
br_inst_retired.conditional:u	614	8220000	0
br_inst_retired.conditional:u	615	8220000	0
br_inst_retired.conditional:u	616	8220000	0
br_inst_retired.conditional:u	617	8220000	0
br_inst_retired.conditional:u	618	8220000	0
br_inst_retired.conditional:u	619	8220000	0
br_inst_retired.conditional:u	620	8220000	0
br_inst_retired.conditional:u	621	8220000	0
br_inst_retired.conditional:u	622	8220000	0
br_inst_retired.conditional:u	623	8220000	0
br_inst_retired.conditional:u	624	8220000	0
br_inst_retired.conditional:u	625	8220000	0
br_inst_retired.conditional:u	626	8220000	0
br_inst_retired.conditional:u	627	8220000	0
br_inst_retired.conditional:u	628	8220000	0
br_inst_retired.conditional:u	629	8220000	0
br_inst_retired.conditional:u	630	8220000	0
br_inst_retired.conditional:u	631	8220000	0
br_inst_retired.conditional:u	632	8220000	0
br_inst_retired.conditional:u	633	8220000	0
br_inst_retired.conditional:u	634	8220000	0
br_inst_retired.conditional:u	635	8220000	0
br_inst_retired.conditional:u	636	8220000	0
br_inst_retired.conditional:u	637	8220000	0
br_inst_retired.conditional:u	638	8220000	0
br_inst_retired.conditional:u	639	8220000	0
br_inst_retired.conditional:u	640	8220000	0
br_inst_retired.conditional:u	641	8220000	0
br_inst_retired.conditional:u	642	8220000	0
br_inst_retired.conditional:u	643	8220000	0
br_inst_retired.conditional:u	644	8220000	0
br_inst_retired.conditional:u	645	8220000	0
br_inst_retired.conditional:u	646	8220000	0
br_inst_retired.conditional:u	647	8220000	0
br_inst_retired.conditional:u	648	8220000	0
br_inst_retired.conditional:u	649	8220000	0
br_inst_retired.conditional:u	650	8220000	0
br_inst_retired.conditional:u	651	8220000	0
br_inst_retired.conditional:u	652	8220000	0
br_inst_retired.conditional:u	653	8220000	0
br_inst_retired.conditional:u	654	8220000	0
br_inst_retired.conditional:u	655	8220000	0
br_inst_retired.conditional:u	656	8220000	0
br_inst_retired.conditional:u	657	8220000	0
br_inst_retired.conditional:u	658	8220000	0
br_inst_retired.conditional:u	659	8220000	0
br_inst_retired.conditional:u	660	8220000	0
br_inst_retired.conditional:u	661	8220000	0
br_inst_retired.conditional:u	662	8220000	0
br_inst_retired.conditional:u	663	8220000	0
br_inst_retired.conditional:u	664	8220000	0
br_inst_retired.conditional:u	665	8220000	0
br_inst_retired.conditional:u	666	8220000	0
br_inst_retired.conditional:u	667	8220000	0
br_inst_retired.conditional:u	668	8220000	0
br_inst_retired.conditional:u	669	8220000	0
br_inst_retired.conditional:u	670	8220000	0
br_inst_retired.conditional:u	671	8220000	0
br_inst_retired.conditional:u	672	8220000	0
br_inst_retired.conditional:u	673	8220000	0
br_inst_retired.conditional:u	674	8220000	0
br_inst_retired.conditional:u	675	8220000	0
br_inst_retired.conditional:u	676	8220000	0
br_inst_retired.conditional:u	677	8220000	0
br_inst_retired.conditional:u	678	8220000	0
br_inst_retired.conditional:u	679	8220000	0
br_inst_retired.conditional:u	680	8220000	0
br_inst_retired.conditional:u	681	8220000	0
br_inst_retired.conditional:u	682	8220000	0
br_inst_retired.conditional:u	683	8220000	0
br_inst_retired.conditional:u	684	8220000	0
br_inst_retired.conditional:u	685	8220000	0
br_inst_retired.conditional:u	686	8220000	0
br_inst_retired.conditional:u	687	8220000	0
br_inst_retired.conditional:u	688	8220000	0
br_inst_retired.conditional:u	689	8220000	0
br_inst_retired.conditional:u	690	8220000	0
br_inst_retired.conditional:u	691	8220000	0
br_inst_retired.conditional:u	692	8220000	0
br_inst_retired.conditional:u	693	8220000	0
br_inst_retired.conditional:u	694	8220000	0
br_inst_retired.conditional:u	695	8220000	0
br_inst_retired.conditional:u	696	8220000	0
br_inst_retired.conditional:u	697	8220000	0
br_inst_retired.conditional:u	698	8220000	0
br_inst_retired.conditional:u	699	8220000	0
br_inst_retired.conditional:u	700	8220000	0
br_inst_retired.conditional:u	701	8220000	0
br_inst_retired.conditional:u	702	8220000	0
br_inst_retired.conditional:u	703	8220000	0
br_inst_retired.conditional:u	704	8220000	0
br_inst_retired.conditional:u	705	8220000	0
br_inst_retired.conditional:u	706	8220000	0
br_inst_retired.conditional:u	707	8220000	0
br_inst_retired.conditional:u	708	8220000	0
br_inst_retired.conditional:u	709	8220000	0
br_inst_retired.conditional:u	710	8220000	0
br_inst_retired.conditional:u	711	8220000	0
br_inst_retired.conditional:u	712	8220000	0
br_inst_retired.conditional:u	713	8220000	0
br_inst_retired.conditional:u	714	8220000	0
br_inst_retired.conditional:u	715	8220000	0
br_inst_retired.conditional:u	716	8220000	0
br_inst_retired.conditional:u	717	8220000	0
br_inst_retired.conditional:u	718	8220000	0
br_inst_retired.conditional:u	719	8220000	0
br_inst_retired.conditional:u	720	8220000	0
br_inst_retired.conditional:u	721	8220000	0
br_inst_retired.conditional:u	722	8220000	0
br_inst_retired.conditional:u	723	8220000	0
br_inst_retired.conditional:u	724	8220000	0
br_inst_retired.conditional:u	725	8220000	0
br_inst_retired.conditional:u	726	8220000	0
br_inst_retired.conditional:u	727	8220000	0
br_inst_retired.conditional:u	728	8220000	0
br_inst_retired.conditional:u	729	8220000	0
br_inst_retired.conditional:u	730	8220000	0
br_inst_retired.conditional:u	731	8220000	0
br_inst_retired.conditional:u	732	8220000	0
br_inst_retired.conditional:u	733	8220000	0
br_inst_retired.conditional:u	734	8220000	0
br_inst_retired.conditional:u	735	8220000	0
br_inst_retired.conditional:u	736	8220000	0
br_inst_retired.conditional:u	737	8220000	0
br_inst_retired.conditional:u	738	8220000	0
br_inst_retired.conditional:u	739	8220000	0
br_inst_retired.conditional:u	740	8220000	0
br_inst_retired.conditional:u	741	8220000	0
br_inst_retired.conditional:u	742	8220000	0
br_inst_retired.conditional:u	743	8220000	0
br_inst_retired.conditional:u	744	8220000	0
br_inst_retired.conditional:u	745	8220000	0
br_inst_retired.conditional:u	746	8220000	0
br_inst_retired.conditional:u	747	8220000	0
br_inst_retired.conditional:u	748	8220000	0
br_inst_retired.conditional:u	749	8220000	0
br_inst_retired.conditional:u	750	8220000	0
br_inst_retired.conditional:u	751	8220000	0
br_inst_retired.conditional:u	752	8220000	0
br_inst_retired.conditional:u	753	8220000	0
br_inst_retired.conditional:u	754	8220000	0
br_inst_retired.conditional:u	755	8220000	0
br_inst_retired.conditional:u	756	8220000	0
br_inst_retired.conditional:u	757	8220000	0
br_inst_retired.conditional:u	758	8220000	0
br_inst_retired.conditional:u	759	8220000	0
br_inst_retired.conditional:u	760	8220000	0
br_inst_retired.conditional:u	761	8220000	0
br_inst_retired.conditional:u	762	8220000	0
br_inst_retired.conditional:u	763	8220000	0
br_inst_retired.conditional:u	764	8220000	0
br_inst_retired.conditional:u	765	8220000	0
br_inst_retired.conditional:u	766	8220000	0
br_inst_retired.conditional:u	767	8220000	0
br_inst_retired.conditional:u	768	8220000	0
br_inst_retired.conditional:u	769	8220000	0
br_inst_retired.conditional:u	770	8220000	0
br_inst_retired.conditional:u	771	8220000	0
br_inst_retired.conditional:u	772	8220000	0
br_inst_retired.conditional:u	773	8220000	0
br_inst_retired.conditional:u	774	8220000	0
br_inst_retired.conditional:u	775	8220000	0
br_inst_retired.conditional:u	776	8220000	0
br_inst_retired.conditional:u	777	8220000	0
br_inst_retired.conditional:u	778	8220000	0
br_inst_retired.conditional:u	779	8220000	0
br_inst_retired.conditional:u	780	8220000	0
br_inst_retired.conditional:u	781	8220000	0
br_inst_retired.conditional:u	782	8220000	0
br_inst_retired.conditional:u	783	8220000	0
br_inst_retired.conditional:u	784	8220000	0
br_inst_retired.conditional:u	785	8220000	0
br_inst_retired.conditional:u	786	8220000	0
br_inst_retired.conditional:u	787	8220000	0
br_inst_retired.conditional:u	788	8220000	0
br_inst_retired.conditional:u	789	8220000	0
br_inst_retired.conditional:u	790	8220000	0
br_inst_retired.conditional:u	791	8220000	0
br_inst_retired.conditional:u	792	8220000	0
br_inst_retired.conditional:u	793	8220000	0
br_inst_retired.conditional:u	794	8220000	0
br_inst_retired.conditional:u	795	8220000	0
br_inst_retired.conditional:u	796	8220000	0
br_inst_retired.conditional:u	797	8220000	0
br_inst_retired.conditional:u	798	8220000	0
br_inst_retired.conditional:u	799	8220000	0
br_inst_retired.conditional:u	800	8220000	0
br_inst_retired.conditional:u	801	8220000	0
br_inst_retired.conditional:u	802	8220000	0
br_inst_retired.conditional:u	803	8220000	0
br_inst_retired.conditional:u	804	8220000	0
br_inst_retired.conditional:u	805	8220000	0
br_inst_retired.conditional:u	806	8220000	0
br_inst_retired.conditional:u	807	8220000	0
br_inst_retired.conditional:u	808	8220000	0
br_inst_retired.conditional:u	809	8220000	0
br_inst_retired.conditional:u	810	8220000	0
br_inst_retired.conditional:u	811	8220000	0
br_inst_retired.conditional:u	812	8220000	0
br_inst_retired.conditional:u	813	8220000	0
br_inst_retired.conditional:u	814	8220000	0
br_inst_retired.conditional:u	815	8220000	0
br_inst_retired.conditional:u	816	8220000	0
br_inst_retired.conditional:u	817	8220000	0
br_inst_retired.conditional:u	818	8220000	0
br_inst_retired.conditional:u	819	8220000	0
br_inst_retired.conditional:u	820	8220000	0
br_inst_retired.conditional:u	821	8220000	0
br_inst_retired.conditional:u	822	8220000	0
br_inst_retired.conditional:u	823	8220000	0
br_inst_retired.conditional:u	824	8220000	0
br_inst_retired.conditional:u	825	8220000	0
br_inst_retired.conditional:u	826	8220000	0
br_inst_retired.conditional:u	827	8220000	0
br_inst_retired.conditional:u	828	8220000	0
br_inst_retired.conditional:u	829	8220000	0
br_inst_retired.conditional:u	830	8220000	0
br_inst_retired.conditional:u	831	8220000	0
br_inst_retired.conditional:u	832	8220000	0
br_inst_retired.conditional:u	833	8220000	0
br_inst_retired.conditional:u	834	8220000	0
br_inst_retired.conditional:u	835	8220000	0
br_inst_retired.conditional:u	836	8220000	0
br_inst_retired.conditional:u	837	8220000	0
br_inst_retired.conditional:u	838	8220000	0
br_inst_retired.conditional:u	839	8220000	0
br_inst_retired.conditional:u	840	8220000	0
br_inst_retired.conditional:u	841	8220000	0
br_inst_retired.conditional:u	842	8220000	0
br_inst_retired.conditional:u	843	8220000	0
br_inst_retired.conditional:u	844	8220000	0
br_inst_retired.conditional:u	845	8220000	0
br_inst_retired.conditional:u	846	8220000	0
br_inst_retired.conditional:u	847	8220000	0
br_inst_retired.conditional:u	848	8220000	0
br_inst_retired.conditional:u	849	8220000	0
br_inst_retired.conditional:u	850	8220000	0
br_inst_retired.conditional:u	851	8220000	0
br_inst_retired.conditional:u	852	8220000	0
br_inst_retired.conditional:u	853	8220000	0
br_inst_retired.conditional:u	854	8220000	0
br_inst_retired.conditional:u	855	8220000	0
br_inst_retired.conditional:u	856	8220000	0
br_inst_retired.conditional:u	857	8220000	0
br_inst_retired.conditional:u	858	8220000	0
br_inst_retired.conditional:u	859	8220000	0
br_inst_retired.conditional:u	860	8220000	0
br_inst_retired.conditional:u	861	8220000	0
br_inst_retired.conditional:u	862	8220000	0
br_inst_retired.conditional:u	863	8220000	0
br_inst_retired.conditional:u	864	8220000	0
br_inst_retired.conditional:u	865	8220000	0
br_inst_retired.conditional:u	866	8220000	0
br_inst_retired.conditional:u	867	8220000	0
br_inst_retired.conditional:u	868	8220000	0
br_inst_retired.conditional:u	869	8220000	0
br_inst_retired.conditional:u	870	8220000	0
br_inst_retired.conditional:u	871	8220000	0
br_inst_retired.conditional:u	872	8220000	0
br_inst_retired.conditional:u	873	8220000	0
br_inst_retired.conditional:u	874	8220000	0
br_inst_retired.conditional:u	875	8220000	0
br_inst_retired.conditional:u	876	8220000	0
br_inst_retired.conditional:u	877	8220000	0
br_inst_retired.conditional:u	878	8220000	0
br_inst_retired.conditional:u	879	8220000	0
br_inst_retired.conditional:u	880	8220000	0
br_inst_retired.conditional:u	881	8220000	0
br_inst_retired.conditional:u	882	8220000	0
br_inst_retired.conditional:u	883	8220000	0
br_inst_retired.conditional:u	884	8220000	0
br_inst_retired.conditional:u	885	8220000	0
br_inst_retired.conditional:u	886	8220000	0
br_inst_retired.conditional:u	887	8220000	0
br_inst_retired.conditional:u	888	8220000	0
br_inst_retired.conditional:u	889	8220000	0
br_inst_retired.conditional:u	890	8220000	0
br_inst_retired.conditional:u	891	8220000	0
br_inst_retired.conditional:u	892	8220000	0
br_inst_retired.conditional:u	893	8220000	0
br_inst_retired.conditional:u	894	8220000	0
br_inst_retired.conditional:u	895	8220000	0
br_inst_retired.conditional:u	896	8220000	0
br_inst_retired.conditional:u	897	8220000	0
br_inst_retired.conditional:u	898	8220000	0
br_inst_retired.conditional:u	899	8220000	0
br_inst_retired.conditional:u	900	8220000	0
br_inst_retired.conditional:u	901	8220000	0
br_inst_retired.conditional:u	902	8220000	0
br_inst_retired.conditional:u	903	8220000	0
br_inst_retired.conditional:u	904	8220000	0
br_inst_retired.conditional:u	905	8220000	0
br_inst_retired.conditional:u	906	8220000	0
br_inst_retired.conditional:u	907	8220000	0
br_inst_retired.conditional:u	908	8220000	0
br_inst_retired.conditional:u	909	8220000	0
br_inst_retired.conditional:u	910	8220000	0
br_inst_retired.conditional:u	911	8220000	0
br_inst_retired.conditional:u	912	8220000	0
br_inst_retired.conditional:u	913	8220000	0
br_inst_retired.conditional:u	914	8220000	0
br_inst_retired.conditional:u	915	8220000	0
br_inst_retired.conditional:u	916	8220000	0
br_inst_retired.conditional:u	917	8220000	0
br_inst_retired.conditional:u	918	8220000	0
br_inst_retired.conditional:u	919	8220000	0
br_inst_retired.conditional:u	920	8220000	0
br_inst_retired.conditional:u	921	8220000	0
br_inst_retired.conditional:u	922	8220000	0
br_inst_retired.conditional:u	923	8220000	0
br_inst_retired.conditional:u	924	8220000	0
br_inst_retired.conditional:u	925	8220000	0
br_inst_retired.conditional:u	926	8220000	0
br_inst_retired.conditional:u	927	8220000	0
br_inst_retired.conditional:u	928	8220000	0
br_inst_retired.conditional:u	929	8220000	0
br_inst_retired.conditional:u	930	8220000	0
br_inst_retired.conditional:u	931	8220000	0
br_inst_retired.conditional:u	932	8220000	0
br_inst_retired.conditional:u	933	8220000	0
br_inst_retired.conditional:u	934	8220000	0
br_inst_retired.conditional:u	935	8220000	0
br_inst_retired.conditional:u	936	8220000	0
br_inst_retired.conditional:u	937	8220000	0
br_inst_retired.conditional:u	938	8220000	0
br_inst_retired.conditional:u	939	8220000	0
br_inst_retired.conditional:u	940	8220000	0
br_inst_retired.conditional:u	941	8220000	0
br_inst_retired.conditional:u	942	8220000	0
br_inst_retired.conditional:u	943	8220000	0
br_inst_retired.conditional:u	944	8220000	0
br_inst_retired.conditional:u	945	8220000	0
br_inst_retired.conditional:u	946	8220000	0
br_inst_retired.conditional:u	947	8220000	0
br_inst_retired.conditional:u	948	8220000	0
br_inst_retired.conditional:u	949	8220000	0
br_inst_retired.conditional:u	950	8220000	0
br_inst_retired.conditional:u	951	8220000	0
br_inst_retired.conditional:u	952	8220000	0
br_inst_retired.conditional:u	953	8220000	0
br_inst_retired.conditional:u	954	8220000	0
br_inst_retired.conditional:u	955	8220000	0
br_inst_retired.conditional:u	956	8220000	0
br_inst_retired.conditional:u	957	8220000	0
br_inst_retired.conditional:u	958	8220000	0
br_inst_retired.conditional:u	959	8220000	0
br_inst_retired.conditional:u	960	8220000	0
br_inst_retired.conditional:u	961	8220000	0
br_inst_retired.conditional:u	962	8220000	0
br_inst_retired.conditional:u	963	8220000	0
br_inst_retired.conditional:u	964	8220000	0
br_inst_retired.conditional:u	965	8220000	0
br_inst_retired.conditional:u	966	8220000	0
br_inst_retired.conditional:u	967	8220000	0
br_inst_retired.conditional:u	968	8220000	0
br_inst_retired.conditional:u	969	8220000	0
br_inst_retired.conditional:u	970	8220000	0
br_inst_retired.conditional:u	971	8220000	0
br_inst_retired.conditional:u	972	8220000	0
br_inst_retired.conditional:u	973	8220000	0
br_inst_retired.conditional:u	974	8220000	0
br_inst_retired.conditional:u	975	8220000	0
br_inst_retired.conditional:u	976	8220000	0
br_inst_retired.conditional:u	977	8220000	0
br_inst_retired.conditional:u	978	8220000	0
br_inst_retired.conditional:u	979	8220000	0
br_inst_retired.conditional:u	980	8220000	0
br_inst_retired.conditional:u	981	8220000	0
br_inst_retired.conditional:u	982	8220000	0
br_inst_retired.conditional:u	983	8220000	0
br_inst_retired.conditional:u	984	8220000	0
br_inst_retired.conditional:u	985	8220000	0
br_inst_retired.conditional:u	986	8220000	0
br_inst_retired.conditional:u	987	8220000	0
br_inst_retired.conditional:u	988	8220000	0
br_inst_retired.conditional:u	989	8220000	0
br_inst_retired.conditional:u	990	8220000	0
br_inst_retired.conditional:u	991	8220000	0
br_inst_retired.conditional:u	992	8220000	0
br_inst_retired.conditional:u	993	8220000	0
br_inst_retired.conditional:u	994	8220000	0
br_inst_retired.conditional:u	995	8220000	0
br_inst_retired.conditional:u	996	8220000	0
br_inst_retired.conditional:u	997	8220000	0
br_inst_retired.conditional:u	998	8220000	0
br_inst_retired.conditional:u	999	8220000	0
br_inst_retired.conditional:u	1000	8220000	0
cpu_clk_unhalted.ref_xclk_any:u	1	76515149	0
cpu_clk_unhalted.ref_xclk_any:u	2	76336842	0
inst_decoded.decoders:u	1	85194676	0
inst_decoded.decoders:u	2	85115872	0
partial_rat_stalls.scoreboard:u	1	261450070	0
partial_rat_stalls.scoreboard:u	2	255201147	0
uops_executed.core_cycles_none:u	1	1265173159	0
uops_executed.core_cycles_none:u	2	1267501509	0
dtlb_load_misses.walk_completed:u	1	400034	0
dtlb_load_misses.walk_completed:u	2	400034	0
dtlb_load_misses.walk_completed:u	3	400034	0
dtlb_load_misses.walk_completed:u	4	400032	0
itlb_misses.walk_completed_4k:u	1	5	0
itlb_misses.walk_completed_4k:u	2	7	0
